Time(Sec),Tr1 [C],T1 [C],RH1 [%],w1 [g/kg],CMHsa [m3/Hr],T2 [C],RH2 [%],w2 [g/kg],T3 [C],RH3 [%],T4 [C],RH4 [%],w4 [g/kg],Tr2 [C],RHr2 [%],wr2 [g/kg],CMHoa [m3/Hr],Qcoil [kW],Qiec [kW],ECompPower [kW],Freq
,"Wet channel outlet air
 enters to condenser","Supply Air to Room 
 after Evaporator","Supply Air to Room   
after Evaporator","Supply Air to Room  
after Evaporator","Supply Air to Room  
after Evaporator","Mixture of 
T3 and T4  (if mixed)","Mixture of 
T3 and T4  (if mixed)","Mixture of 
T3 and T4  (if mixed)","IEC Dry channel 
outlet & enters MVC 
Evaporator ","IEC Dry channel 
outlet & enters MVC 
Evaporator ","Room Exhaust Air 
Enters to IEC 
Wet channel","Room Exhaust Air 
Enters to IEC 
Wet channel","Room Exhaust Air 
Enters to IEC 
Wet channel","Outdoor air 
enters dry 
channel of IEC","Outdoor air 
enters dry 
channel of IEC","Outdoor air 
enters dry 
channel of IEC","Outdoor air 
enters dry 
channel of IEC",,,,
0.0,24.77,13.51,93.71,8.66,381.45,23.25,93.88,16.88,23.24,93.88,26.13,66.06,14.05,37.86,41.75,17.34,381.45,3.79,2.13,1.63,5.41
1.0,24.9,13.13,92.06,8.66,375.59,23.24,93.88,16.88,23.24,93.88,26.13,66.06,14.05,37.86,41.75,17.34,375.59,3.9,2.03,1.61,5.19
2.0,24.85,13.13,92.02,8.65,376.88,23.22,93.89,16.86,23.22,93.89,26.1,66.14,14.05,37.81,41.74,17.28,376.88,3.91,2.03,1.59,5.16
3.0,24.85,13.13,92.02,8.65,376.13,23.22,93.89,16.86,23.22,93.89,26.1,66.14,14.05,37.81,41.74,17.28,376.13,3.9,2.02,1.62,5.15
4.0,24.85,13.13,92.02,8.65,374.23,23.22,93.89,16.86,23.22,93.89,26.1,66.14,14.05,37.81,41.74,17.28,374.23,3.88,2.01,1.62,5.13
5.0,24.85,13.14,92.08,8.66,374.34,23.24,93.86,16.88,23.24,93.86,26.09,66.29,14.07,37.88,41.63,17.3,374.34,3.89,2.02,1.61,5.12
6.0,24.85,13.14,92.08,8.66,375.63,23.24,93.86,16.88,23.24,93.86,26.09,66.29,14.07,37.88,41.63,17.3,375.63,3.9,2.02,1.6,5.1
7.0,24.85,13.14,92.08,8.66,374.28,23.24,93.86,16.88,23.24,93.86,26.09,66.29,14.07,37.88,41.63,17.3,374.28,3.89,2.02,1.62,5.08
8.0,24.83,13.12,92.05,8.65,369.02,23.24,93.88,16.88,23.24,93.88,26.16,65.84,14.03,37.88,41.58,17.29,369.02,3.84,1.99,1.62,5.06
9.0,24.83,13.12,92.05,8.65,365.47,23.24,93.88,16.88,23.24,93.88,26.16,65.84,14.03,37.88,41.58,17.29,365.47,3.8,1.97,1.62,5.04
10.0,24.83,13.12,92.05,8.65,363.87,23.24,93.88,16.88,23.24,93.88,26.16,65.84,14.03,37.88,41.58,17.29,363.87,3.78,1.96,1.61,5.02
11.0,24.83,13.13,91.92,8.64,362.49,23.23,93.88,16.87,23.23,93.88,26.24,65.33,13.99,37.88,41.57,17.28,362.49,3.77,1.95,1.63,5.01
12.0,24.83,13.13,91.92,8.64,364.79,23.23,93.88,16.87,23.23,93.88,26.24,65.33,13.99,37.88,41.57,17.28,364.79,3.79,1.96,1.63,4.99
13.0,24.83,13.13,91.92,8.64,365.53,23.23,93.88,16.87,23.23,93.88,26.24,65.33,13.99,37.88,41.57,17.28,365.53,3.8,1.97,1.64,4.98
14.0,24.82,13.12,92.19,8.66,367.11,23.23,93.87,16.87,23.23,93.87,26.34,64.93,13.98,37.88,41.55,17.27,367.11,3.81,1.97,1.61,4.95
15.0,24.82,13.12,92.19,8.66,367.15,23.23,93.87,16.87,23.23,93.87,26.34,64.93,13.98,37.88,41.55,17.27,367.15,3.81,1.97,1.62,4.93
16.0,24.82,13.12,92.19,8.66,369.41,23.23,93.87,16.87,23.23,93.87,26.34,64.93,13.98,37.88,41.55,17.27,369.41,3.83,1.99,1.62,4.92
17.0,24.8,13.13,91.99,8.65,370.3,23.23,93.87,16.86,23.23,93.87,26.42,64.65,13.99,37.87,41.54,17.26,370.3,3.85,1.99,1.63,4.9
18.0,24.8,13.13,91.99,8.65,373.27,23.23,93.87,16.86,23.23,93.87,26.42,64.65,13.99,37.87,41.54,17.26,373.27,3.88,2.0,1.63,4.88
19.0,24.8,13.13,91.99,8.65,372.25,23.23,93.87,16.86,23.23,93.87,26.42,64.65,13.99,37.87,41.54,17.26,372.25,3.87,2.0,1.64,4.87
20.0,24.79,13.13,92.02,8.65,369.63,23.23,93.86,16.86,23.23,93.86,26.44,64.64,14.01,37.87,41.5,17.24,369.63,3.84,1.98,1.64,4.85
21.0,24.79,13.13,92.02,8.65,367.86,23.23,93.86,16.86,23.23,93.86,26.44,64.64,14.01,37.87,41.5,17.24,367.86,3.82,1.97,1.64,4.83
22.0,24.79,13.13,92.02,8.65,364.02,23.23,93.86,16.86,23.23,93.86,26.44,64.64,14.01,37.87,41.5,17.24,364.02,3.78,1.95,1.62,4.81
23.0,24.78,13.13,91.96,8.65,363.16,23.22,93.86,16.85,23.22,93.86,26.42,64.69,14,37.86,41.43,17.21,363.16,3.77,1.94,1.62,4.8
24.0,24.78,13.13,91.96,8.65,361.1,23.22,93.86,16.85,23.22,93.86,26.42,64.69,14,37.86,41.43,17.21,361.1,3.74,1.93,1.63,4.78
25.0,24.78,13.13,91.96,8.65,358.89,23.22,93.86,16.85,23.22,93.86,26.42,64.69,14,37.86,41.43,17.21,358.89,3.72,1.91,1.61,4.76
26.0,24.79,13.14,91.88,8.64,363.38,23.22,93.87,16.85,23.22,93.87,26.41,64.68,13.99,37.87,41.38,17.18,363.38,3.77,1.93,1.61,4.75
27.0,24.79,13.14,91.88,8.64,368.66,23.22,93.87,16.85,23.22,93.87,26.41,64.68,13.99,37.87,41.38,17.18,368.66,3.82,1.96,1.63,4.73
28.0,24.79,13.14,91.88,8.64,371.65,23.22,93.87,16.85,23.22,93.87,26.41,64.68,13.99,37.87,41.38,17.18,371.65,3.85,1.98,1.64,4.72
29.0,24.79,13.14,91.96,8.65,369.8,23.22,93.87,16.85,23.22,93.87,26.36,64.86,13.98,37.87,41.33,17.17,369.8,3.83,1.96,1.62,4.7
30.0,24.79,13.14,91.96,8.65,368.62,23.22,93.87,16.85,23.22,93.87,26.36,64.86,13.98,37.87,41.33,17.17,368.62,3.82,1.96,1.62,4.68
31.0,24.79,13.14,91.96,8.65,369.84,23.22,93.87,16.85,23.22,93.87,26.36,64.86,13.98,37.87,41.33,17.17,369.84,3.83,1.96,1.62,4.67
32.0,24.81,13.14,91.99,8.66,372.99,23.21,93.89,16.85,23.21,93.89,26.31,64.9,13.95,37.88,41.27,17.15,372.99,3.86,1.98,1.64,4.65
33.0,24.81,13.14,91.99,8.66,373.63,23.21,93.89,16.85,23.21,93.89,26.31,64.9,13.95,37.88,41.27,17.15,373.63,3.87,1.98,1.63,4.63
34.0,24.81,13.14,91.99,8.66,374.21,23.21,93.89,16.85,23.21,93.89,26.31,64.9,13.95,37.88,41.27,17.15,374.21,3.87,1.98,1.63,4.62
35.0,24.83,13.15,91.97,8.66,374.34,23.21,93.87,16.84,23.21,93.87,26.26,64.89,13.91,37.89,41.2,17.13,374.34,3.87,1.98,1.64,4.6
36.0,24.83,13.15,91.97,8.66,372.64,23.21,93.87,16.84,23.21,93.87,26.26,64.89,13.91,37.89,41.2,17.13,372.64,3.85,1.97,1.62,4.58
37.0,24.83,13.15,91.97,8.66,374.52,23.21,93.87,16.84,23.21,93.87,26.26,64.89,13.91,37.89,41.2,17.13,374.52,3.87,1.98,1.62,4.57
38.0,24.83,13.14,92,8.66,375.62,23.2,93.87,16.84,23.2,93.87,26.23,64.74,13.85,37.88,41.16,17.1,375.62,3.88,1.98,1.62,4.55
39.0,24.83,13.14,92,8.66,374.62,23.2,93.87,16.84,23.2,93.87,26.23,64.74,13.85,37.88,41.16,17.1,374.62,3.87,1.97,1.62,4.53
40.0,24.83,13.14,92,8.66,373.55,23.2,93.87,16.84,23.2,93.87,26.23,64.74,13.85,37.88,41.16,17.1,373.55,3.86,1.97,1.63,4.51
41.0,24.84,13.15,92.08,8.67,372.87,23.2,93.85,16.84,23.2,93.85,26.19,64.69,13.81,37.88,41.08,17.07,372.87,3.85,1.96,1.63,4.5
42.0,24.84,13.15,92.08,8.67,372,23.2,93.85,16.84,23.2,93.85,26.19,64.69,13.81,37.88,41.08,17.07,372,3.84,1.95,1.63,4.48
43.0,24.84,13.15,92.08,8.67,372.05,23.2,93.85,16.84,23.2,93.85,26.19,64.69,13.81,37.88,41.08,17.07,372.05,3.84,1.95,1.6,4.46
44.0,24.82,13.15,92.1,8.67,372.18,23.2,93.84,16.83,23.2,93.84,26.15,64.75,13.79,37.88,41,17.04,372.18,3.84,1.94,1.64,4.44
45.0,24.82,13.15,92.1,8.67,372.41,23.2,93.84,16.83,23.2,93.84,26.15,64.75,13.79,37.88,41,17.04,372.41,3.84,1.94,1.66,4.43
46.0,24.82,13.15,92.1,8.67,371.97,23.2,93.84,16.83,23.2,93.84,26.15,64.75,13.79,37.88,41,17.04,371.97,3.84,1.94,1.66,4.41
47.0,24.78,13.15,91.96,8.66,372.07,23.19,93.86,16.83,23.19,93.86,26.15,64.59,13.75,37.87,40.93,17,372.07,3.84,1.93,1.66,4.39
48.0,24.78,13.15,91.96,8.66,372.96,23.19,93.86,16.83,23.19,93.86,26.15,64.59,13.75,37.87,40.93,17,372.96,3.85,1.94,1.65,4.38
49.0,24.78,13.15,91.96,8.66,371.3,23.19,93.86,16.83,23.19,93.86,26.15,64.59,13.75,37.87,40.93,17,371.3,3.83,1.93,1.63,4.36
50.0,24.76,13.14,92.17,8.67,371.61,23.18,93.88,16.82,23.18,93.88,26.2,64.23,13.71,37.87,40.87,16.97,371.61,3.83,1.92,1.63,4.33
51.0,24.76,13.14,92.17,8.67,371.97,23.18,93.88,16.82,23.18,93.88,26.2,64.23,13.71,37.87,40.87,16.97,371.97,3.83,1.92,1.62,4.32
52.0,24.76,13.14,92.17,8.67,372.71,23.18,93.88,16.82,23.18,93.88,26.2,64.23,13.71,37.87,40.87,16.97,372.71,3.84,1.93,1.61,4.3
53.0,24.76,13.14,92.11,8.66,373.23,23.18,93.88,16.81,23.18,93.88,26.29,63.83,13.7,37.87,40.84,16.96,373.23,3.85,1.93,1.6,4.28
54.0,24.76,13.14,92.11,8.66,373.45,23.18,93.88,16.81,23.18,93.88,26.29,63.83,13.7,37.87,40.84,16.96,373.45,3.85,1.93,1.6,4.27
55.0,24.76,13.14,92.11,8.66,373.61,23.18,93.88,16.81,23.18,93.88,26.29,63.83,13.7,37.87,40.84,16.96,373.61,3.85,1.93,1.59,4.25
56.0,24.74,13.13,92.25,8.67,380.24,23.17,93.87,16.81,23.17,93.87,26.31,63.95,13.74,37.88,40.82,16.96,380.24,3.92,1.97,1.58,4.22
57.0,24.74,13.13,92.25,8.67,382.57,23.17,93.87,16.81,23.17,93.87,26.31,63.95,13.74,37.88,40.82,16.96,382.57,3.94,1.98,1.57,4.21
58.0,24.74,13.13,92.25,8.67,382.79,23.17,93.87,16.81,23.17,93.87,26.31,63.95,13.74,37.88,40.82,16.96,382.79,3.94,1.98,1.57,4.19
59.0,24.76,13.13,92.15,8.67,381.58,23.17,93.88,16.8,23.17,93.88,26.29,64.22,13.79,37.88,40.8,16.95,381.58,3.93,1.98,1.58,4.18
60.0,24.76,13.13,92.15,8.67,379.99,23.17,93.88,16.8,23.17,93.88,26.29,64.22,13.79,37.88,40.8,16.95,379.99,3.91,1.97,1.6,4.16
61.0,24.76,13.13,92.15,8.67,379.56,23.17,93.88,16.8,23.17,93.88,26.29,64.22,13.79,37.88,40.8,16.95,379.56,3.91,1.96,1.57,4.14
62.0,24.8,13.12,92.23,8.67,373.24,23.17,93.84,16.79,23.17,93.84,26.27,64.37,13.8,37.88,40.76,16.94,373.24,3.84,1.93,1.57,4.12
63.0,24.8,13.12,92.23,8.67,371.23,23.17,93.84,16.79,23.17,93.84,26.27,64.37,13.8,37.88,40.76,16.94,371.23,3.82,1.92,1.57,4.1
64.0,24.8,13.12,92.23,8.67,370.71,23.17,93.84,16.79,23.17,93.84,26.27,64.37,13.8,37.88,40.76,16.94,370.71,3.81,1.92,1.56,4.08
65.0,24.8,13.12,92.45,8.69,367.94,23.17,93.79,16.79,23.17,93.79,26.29,64.2,13.78,37.88,40.73,16.92,367.94,3.78,1.9,1.53,4.06
66.0,24.8,13.12,92.45,8.69,365.01,23.17,93.79,16.79,23.17,93.79,26.29,64.2,13.78,37.88,40.73,16.92,365.01,3.75,1.89,1.53,4.05
67.0,24.8,13.12,92.45,8.69,367.08,23.17,93.79,16.79,23.17,93.79,26.29,64.2,13.78,37.88,40.73,16.92,367.08,3.77,1.9,1.51,4.03
68.0,24.77,13.12,92.49,8.69,368.61,23.17,93.76,16.78,23.17,93.76,26.32,64.09,13.78,37.88,40.72,16.92,368.61,3.78,1.9,1.51,4.01
69.0,24.77,13.12,92.49,8.69,368.88,23.17,93.76,16.78,23.17,93.76,26.32,64.09,13.78,37.88,40.72,16.92,368.88,3.79,1.91,1.51,3.99
70.0,24.77,13.12,92.49,8.69,368.57,23.17,93.76,16.78,23.17,93.76,26.32,64.09,13.78,37.88,40.72,16.92,368.57,3.78,1.9,1.51,3.97
71.0,24.74,13.12,92.38,8.68,368.31,23.16,93.76,16.77,23.16,93.76,26.31,64.28,13.82,37.87,40.71,16.9,368.31,3.78,1.9,1.45,3.96
72.0,24.74,13.12,92.38,8.68,368.71,23.16,93.76,16.77,23.16,93.76,26.31,64.28,13.82,37.87,40.71,16.9,368.71,3.78,1.9,1.45,3.94
73.0,24.74,13.12,92.38,8.68,369.12,23.16,93.76,16.77,23.16,93.76,26.31,64.28,13.82,37.87,40.71,16.9,369.12,3.79,1.9,1.46,3.92
74.0,24.74,13.12,92.38,8.68,370.2,23.16,93.75,16.77,23.16,93.75,26.28,64.61,13.87,37.87,40.69,16.89,370.2,3.8,1.91,1.46,3.9
75.0,24.74,13.12,92.38,8.68,371.81,23.16,93.75,16.77,23.16,93.75,26.28,64.61,13.87,37.87,40.69,16.89,371.81,3.81,1.92,1.46,3.89
76.0,24.74,13.12,92.38,8.68,374.68,23.16,93.75,16.77,23.16,93.75,26.28,64.61,13.87,37.87,40.69,16.89,374.68,3.84,1.93,1.44,3.87
77.0,24.75,13.14,92.09,8.66,374.98,23.16,93.73,16.76,23.16,93.73,26.24,64.87,13.89,37.87,40.68,16.89,374.98,3.85,1.93,1.42,3.87
78.0,24.75,13.14,92.09,8.66,374.52,23.16,93.73,16.76,23.16,93.73,26.24,64.87,13.89,37.87,40.68,16.89,374.52,3.84,1.93,1.42,3.85
79.0,24.75,13.14,92.09,8.66,372.88,23.16,93.73,16.76,23.16,93.73,26.24,64.87,13.89,37.87,40.68,16.89,372.88,3.82,1.92,1.44,3.83
80.0,24.77,13.15,91.98,8.66,372.81,23.16,93.7,16.76,23.16,93.7,26.28,64.61,13.86,37.87,40.69,16.9,372.81,3.82,1.93,1.44,3.82
81.0,24.77,13.15,91.98,8.66,373.72,23.16,93.7,16.76,23.16,93.7,26.28,64.61,13.86,37.87,40.69,16.9,373.72,3.83,1.93,1.38,3.8
82.0,24.77,13.15,91.98,8.66,371.77,23.16,93.7,16.76,23.16,93.7,26.28,64.61,13.86,37.87,40.69,16.9,371.77,3.81,1.92,1.49,3.78
83.0,24.78,13.18,91.83,8.66,371.32,23.15,93.73,16.76,23.15,93.73,26.32,64.42,13.85,37.87,40.74,16.92,371.32,3.8,1.93,1.29,3.78
84.0,24.78,13.18,91.83,8.66,366.92,23.15,93.73,16.76,23.15,93.73,26.32,64.42,13.85,37.87,40.74,16.92,366.92,3.76,1.9,1.29,3.77
85.0,24.78,13.18,91.83,8.66,367.87,23.15,93.73,16.76,23.15,93.73,26.32,64.42,13.85,37.87,40.74,16.92,367.87,3.77,1.91,1.32,3.75
86.0,24.78,13.2,91.65,8.65,373.05,23.15,93.7,16.75,23.15,93.7,26.32,64.74,13.93,37.87,40.81,16.95,373.05,3.82,1.95,1.32,3.74
87.0,24.78,13.2,91.65,8.65,373.69,23.15,93.7,16.75,23.15,93.7,26.32,64.74,13.93,37.87,40.81,16.95,373.69,3.82,1.95,1.24,3.73
88.0,24.78,13.2,91.65,8.65,374.69,23.15,93.7,16.75,23.15,93.7,26.32,64.74,13.93,37.87,40.81,16.95,374.69,3.83,1.96,1.27,3.71
89.0,24.79,13.23,91.46,8.66,373.77,23.14,93.68,16.74,23.14,93.68,26.28,65.33,14.02,37.86,40.91,16.98,373.77,3.81,1.97,1.27,3.71
90.0,24.79,13.23,91.46,8.66,371.98,23.14,93.68,16.74,23.14,93.68,26.28,65.33,14.02,37.86,40.91,16.98,371.98,3.8,1.96,1.25,3.7
91.0,24.79,13.23,91.46,8.66,375.21,23.14,93.68,16.74,23.14,93.68,26.28,65.33,14.02,37.86,40.91,16.98,375.21,3.83,1.97,1.31,3.68
92.0,24.81,13.25,91.59,8.68,376.45,23.14,93.63,16.73,23.14,93.63,26.21,65.74,14.05,37.85,41,17.01,376.45,3.83,1.99,1.31,3.67
93.0,24.81,13.25,91.59,8.68,375.55,23.14,93.63,16.73,23.14,93.63,26.21,65.74,14.05,37.85,41,17.01,375.55,3.82,1.99,1.32,3.66
94.0,24.81,13.25,91.59,8.68,375.24,23.14,93.63,16.73,23.14,93.63,26.21,65.74,14.05,37.85,41,17.01,375.24,3.82,1.98,1.32,3.64
95.0,24.83,13.27,91.51,8.68,376.75,23.15,93.57,16.73,23.15,93.57,26.16,65.9,14.04,37.87,41.07,17.06,376.75,3.83,2.01,1.18,3.63
96.0,24.83,13.27,91.51,8.68,377.46,23.15,93.57,16.73,23.15,93.57,26.16,65.9,14.04,37.87,41.07,17.06,377.46,3.84,2.01,1.38,3.62
97.0,24.83,13.27,91.51,8.68,377.23,23.15,93.57,16.73,23.15,93.57,26.16,65.9,14.04,37.87,41.07,17.06,377.23,3.84,2.01,1.28,3.6
98.0,24.82,13.29,91.54,8.69,376.65,23.16,93.52,16.72,23.16,93.52,26.12,65.88,14,37.86,41.17,17.09,376.65,3.82,2.02,1.28,3.59
99.0,24.82,13.29,91.54,8.69,375.24,23.16,93.52,16.72,23.16,93.52,26.12,65.88,14,37.86,41.17,17.09,375.24,3.81,2.01,1.26,3.58
100.0,24.82,13.29,91.54,8.69,372.95,23.16,93.52,16.72,23.16,93.52,26.12,65.88,14,37.86,41.17,17.09,372.95,3.78,2.0,1.29,3.56
101.0,24.83,13.3,91.49,8.7,372.22,23.16,93.5,16.72,23.16,93.5,26.08,65.77,13.95,37.85,41.29,17.13,372.22,3.78,2.0,1.29,3.56
102.0,24.83,13.3,91.49,8.7,372.28,23.16,93.5,16.72,23.16,93.5,26.08,65.77,13.95,37.85,41.29,17.13,372.28,3.77,2.01,1.29,3.54
103.0,24.83,13.3,91.49,8.7,372.6,23.16,93.5,16.72,23.16,93.5,26.08,65.77,13.95,37.85,41.29,17.13,372.6,3.78,2.01,1.24,3.53
104.0,24.82,13.35,91.35,8.71,368.44,23.16,93.49,16.73,23.16,93.49,26.08,65.69,13.93,37.86,41.41,17.19,368.44,3.73,2.0,1.2,3.54
105.0,24.82,13.35,91.35,8.71,367.14,23.16,93.49,16.73,23.16,93.49,26.08,65.69,13.93,37.86,41.41,17.19,367.14,3.71,2.0,1.2,3.52
106.0,24.8,13.34,91.76,8.75,366.13,23.16,93.5,16.73,23.16,93.5,26.09,65.54,13.91,37.84,41.54,17.23,366.13,3.7,1.99,1.18,3.5
107.0,24.8,13.34,91.76,8.75,365.54,23.16,93.5,16.73,23.16,93.5,26.09,65.54,13.91,37.84,41.54,17.23,365.54,3.69,2.0,1.2,3.49
108.0,24.8,13.34,91.76,8.75,365.36,23.16,93.5,16.73,23.16,93.5,26.09,65.54,13.91,37.84,41.54,17.23,365.36,3.68,2.0,1.2,3.47
109.0,24.8,13.34,91.76,8.75,365.11,23.16,93.5,16.73,23.16,93.5,26.09,65.54,13.91,37.84,41.54,17.23,365.11,3.68,2.0,1.17,3.46
110.0,24.8,13.39,91.57,8.76,367.14,23.17,93.42,16.72,23.17,93.42,26.11,65.4,13.9,37.85,41.64,17.28,367.14,3.7,2.03,1.17,3.47
111.0,24.8,13.39,91.57,8.76,365.82,23.17,93.42,16.72,23.17,93.42,26.11,65.4,13.9,37.85,41.64,17.28,365.82,3.68,2.02,1.19,3.45
112.0,24.8,13.39,91.57,8.76,364.03,23.17,93.42,16.72,23.17,93.42,26.11,65.4,13.9,37.85,41.64,17.28,364.03,3.66,2.01,1.19,3.44
113.0,24.79,13.4,91.62,8.77,363.57,23.18,93.36,16.72,23.18,93.36,26.14,65.33,13.9,37.84,41.75,17.32,363.57,3.65,2.02,1.16,3.43
114.0,24.79,13.4,91.62,8.77,362.92,23.18,93.36,16.72,23.18,93.36,26.14,65.33,13.9,37.84,41.75,17.32,362.92,3.65,2.01,1.16,3.41
115.0,24.79,13.4,91.62,8.77,362.4,23.18,93.36,16.72,23.18,93.36,26.14,65.33,13.9,37.84,41.75,17.32,362.4,3.64,2.01,1.2,3.4
116.0,24.77,13.42,91.47,8.77,365.22,23.18,93.33,16.72,23.18,93.33,26.15,65.36,13.92,37.84,41.78,17.33,365.22,3.67,2.03,1.2,3.4
117.0,24.77,13.42,91.47,8.77,367.55,23.18,93.33,16.72,23.18,93.33,26.15,65.36,13.92,37.84,41.78,17.33,367.55,3.69,2.04,1.14,3.38
118.0,24.77,13.42,91.47,8.77,373.08,23.18,93.33,16.72,23.18,93.33,26.15,65.36,13.92,37.84,41.78,17.33,373.08,3.75,2.07,1.13,3.37
119.0,24.76,13.47,91.51,8.8,375.88,23.19,93.31,16.72,23.19,93.31,26.13,65.66,13.97,37.85,41.81,17.35,375.88,3.76,2.09,1.13,3.38
120.0,24.76,13.47,91.51,8.8,377.95,23.19,93.31,16.72,23.19,93.31,26.13,65.66,13.97,37.85,41.81,17.35,377.95,3.78,2.1,1.12,3.36
121.0,24.76,13.47,91.51,8.8,375.69,23.19,93.31,16.72,23.19,93.31,26.13,65.66,13.97,37.85,41.81,17.35,375.69,3.76,2.09,1.12,3.35
122.0,24.74,13.49,91.63,8.82,373.66,23.19,93.34,16.73,23.19,93.34,26.12,65.86,14,37.84,41.86,17.37,373.66,3.73,2.08,1.15,3.35
123.0,24.74,13.49,91.63,8.82,373.46,23.19,93.34,16.73,23.19,93.34,26.12,65.86,14,37.84,41.86,17.37,373.46,3.73,2.08,1.09,3.33
124.0,24.72,13.54,91.42,8.83,373.89,23.2,93.34,16.73,23.2,93.34,26.14,65.78,14,37.84,41.96,17.41,373.89,3.73,2.09,1.09,3.32
125.0,24.72,13.54,91.42,8.83,376.38,23.2,93.34,16.73,23.2,93.34,26.14,65.78,14,37.84,41.96,17.41,376.38,3.75,2.11,1.09,3.33
126.0,24.72,13.54,91.42,8.83,373.9,23.2,93.34,16.73,23.2,93.34,26.14,65.78,14,37.84,41.96,17.41,373.9,3.73,2.1,1.09,3.32
127.0,24.72,13.54,91.42,8.83,373.74,23.2,93.34,16.73,23.2,93.34,26.14,65.78,14,37.84,41.96,17.41,373.74,3.73,2.1,1.1,3.3
128.0,24.76,13.57,91.38,8.84,373.3,23.2,93.37,16.75,23.2,93.37,26.14,65.81,14.01,37.85,42.02,17.45,373.3,3.72,2.1,1.1,3.31
129.0,24.76,13.57,91.38,8.84,371.95,23.2,93.37,16.75,23.2,93.37,26.14,65.81,14.01,37.85,42.02,17.45,371.95,3.71,2.09,1.09,3.29
130.0,24.77,13.62,91.48,8.88,368.03,23.21,93.35,16.75,23.21,93.35,26.12,65.88,14,37.85,42.1,17.48,368.03,3.67,2.07,1.09,3.28
131.0,24.77,13.62,91.48,8.88,366.44,23.21,93.35,16.75,23.21,93.35,26.12,65.88,14,37.85,42.1,17.48,366.44,3.63,2.07,1.1,3.3
132.0,24.77,13.62,91.48,8.88,363.45,23.21,93.35,16.75,23.21,93.35,26.12,65.88,14,37.85,42.1,17.48,363.45,3.6,2.06,1.1,3.28
133.0,24.77,13.62,91.48,8.88,362.01,23.21,93.35,16.75,23.21,93.35,26.12,65.88,14,37.85,42.1,17.48,362.01,3.59,2.05,1.1,3.27
134.0,24.8,13.63,91.52,8.9,361.91,23.21,93.36,16.75,23.21,93.36,26.12,65.72,13.98,37.86,42.14,17.51,361.91,3.59,2.05,1.1,3.27
135.0,24.8,13.63,91.52,8.9,363.86,23.21,93.36,16.75,23.21,93.36,26.12,65.72,13.98,37.86,42.14,17.51,363.86,3.6,2.06,1.09,3.25
136.0,24.79,13.69,91.25,8.9,366.41,23.22,93.38,16.76,23.22,93.38,26.17,65.42,13.95,37.87,42.17,17.53,366.41,3.63,2.08,1.09,3.24
137.0,24.79,13.69,91.25,8.9,367.32,23.22,93.38,16.76,23.22,93.38,26.17,65.42,13.95,37.87,42.17,17.53,367.32,3.63,2.09,1.07,3.26
138.0,24.79,13.69,91.25,8.9,368.62,23.22,93.38,16.76,23.22,93.38,26.17,65.42,13.95,37.87,42.17,17.53,368.62,3.65,2.1,1.06,3.24
139.0,24.79,13.69,91.25,8.9,368.73,23.22,93.38,16.76,23.22,93.38,26.17,65.42,13.95,37.87,42.17,17.53,368.73,3.65,2.1,1.06,3.23
140.0,24.8,13.71,91.57,8.95,369.42,23.22,93.39,16.77,23.22,93.39,26.21,65.2,13.94,37.88,42.2,17.55,369.42,3.64,2.11,1.04,3.24
141.0,24.8,13.71,91.57,8.95,369.64,23.22,93.39,16.77,23.22,93.39,26.21,65.2,13.94,37.88,42.2,17.55,369.64,3.64,2.11,1.04,3.22
142.0,24.81,13.78,91.38,8.97,370.4,23.23,93.38,16.77,23.23,93.38,26.22,65.2,13.94,37.89,42.22,17.56,370.4,3.65,2.11,1.05,3.21
143.0,24.81,13.78,91.38,8.97,372.06,23.23,93.38,16.77,23.23,93.38,26.22,65.2,13.94,37.89,42.22,17.56,372.06,3.65,2.12,1.05,3.24
144.0,24.81,13.78,91.38,8.97,372.04,23.23,93.38,16.77,23.23,93.38,26.22,65.2,13.94,37.89,42.22,17.56,372.04,3.65,2.12,1.04,3.22
145.0,24.81,13.78,91.38,8.97,370.42,23.23,93.38,16.77,23.23,93.38,26.22,65.2,13.94,37.89,42.22,17.56,370.42,3.64,2.12,1.04,3.21
146.0,24.8,13.84,91.08,8.97,367.07,23.23,93.4,16.78,23.23,93.4,26.2,65.2,13.92,37.89,42.22,17.57,367.07,3.6,2.1,1.06,3.24
147.0,24.8,13.84,91.08,8.97,368.17,23.23,93.4,16.78,23.23,93.4,26.2,65.2,13.92,37.89,42.22,17.57,368.17,3.61,2.1,1.04,3.22
148.0,24.8,13.88,91.22,9.01,369.01,23.24,93.39,16.79,23.24,93.39,26.18,65.09,13.88,37.89,42.25,17.58,369.01,3.62,2.11,1.04,3.21
149.0,24.8,13.88,91.22,9.01,369.25,23.24,93.39,16.79,23.24,93.39,26.18,65.09,13.88,37.89,42.25,17.58,369.25,3.6,2.11,1.05,3.23
150.0,24.8,13.88,91.22,9.01,372.27,23.24,93.39,16.79,23.24,93.39,26.18,65.09,13.88,37.89,42.25,17.58,372.27,3.63,2.13,1.05,3.22
151.0,24.8,13.88,91.22,9.01,370.6,23.24,93.39,16.79,23.24,93.39,26.18,65.09,13.88,37.89,42.25,17.58,370.6,3.62,2.12,1.04,3.21
152.0,24.8,13.94,91.11,9.03,369.56,23.24,93.37,16.79,23.24,93.37,26.16,64.98,13.84,37.88,42.25,17.57,369.56,3.59,2.1,1.04,3.23
153.0,24.8,13.94,91.11,9.03,371.71,23.24,93.37,16.79,23.24,93.37,26.16,64.98,13.84,37.88,42.25,17.57,371.71,3.62,2.12,1.04,3.22
154.0,24.81,13.99,91.1,9.07,371.64,23.25,93.38,16.8,23.25,93.38,26.14,64.87,13.81,37.88,42.25,17.57,371.64,3.62,2.12,1.04,3.21
155.0,24.81,13.99,91.1,9.07,371.47,23.25,93.38,16.8,23.25,93.38,26.14,64.87,13.81,37.88,42.25,17.57,371.47,3.6,2.11,1.04,3.23
156.0,24.81,13.99,91.1,9.07,372.59,23.25,93.38,16.8,23.25,93.38,26.14,64.87,13.81,37.88,42.25,17.57,372.59,3.61,2.12,1.04,3.22
157.0,24.81,13.99,91.1,9.07,373.51,23.25,93.38,16.8,23.25,93.38,26.14,64.87,13.81,37.88,42.25,17.57,373.51,3.62,2.13,1.05,3.21
158.0,24.84,14.02,91.45,9.12,373.83,23.25,93.42,16.81,23.25,93.42,26.12,64.85,13.78,37.88,42.25,17.57,373.83,3.61,2.12,1.04,3.22
159.0,24.84,14.02,91.45,9.12,373.57,23.25,93.42,16.81,23.25,93.42,26.12,64.85,13.78,37.88,42.25,17.57,373.57,3.6,2.12,1.04,3.21
160.0,24.86,14.09,91.27,9.14,374.99,23.26,93.42,16.81,23.26,93.42,26.1,64.82,13.76,37.88,42.26,17.57,374.99,3.62,2.13,1.04,3.2
161.0,24.86,14.09,91.27,9.14,375.02,23.26,93.42,16.81,23.26,93.42,26.1,64.82,13.76,37.88,42.26,17.57,375.02,3.6,2.13,1.04,3.23
162.0,24.86,14.09,91.27,9.14,376.2,23.26,93.42,16.81,23.26,93.42,26.1,64.82,13.76,37.88,42.26,17.57,376.2,3.61,2.13,1.05,3.22
163.0,24.86,14.09,91.27,9.14,376.25,23.26,93.42,16.81,23.26,93.42,26.1,64.82,13.76,37.88,42.26,17.57,376.25,3.61,2.13,1.05,3.21
164.0,24.83,14.12,91.52,9.19,374.29,23.26,93.44,16.82,23.26,93.44,26.06,64.86,13.73,37.87,42.27,17.57,374.29,3.58,2.12,1.05,3.22
165.0,24.83,14.12,91.52,9.19,371.98,23.26,93.44,16.82,23.26,93.44,26.06,64.86,13.73,37.87,42.27,17.57,371.98,3.56,2.11,1.04,3.21
166.0,24.81,14.16,91.58,9.22,373.07,23.25,93.5,16.82,23.25,93.5,26.04,64.73,13.69,37.86,42.26,17.55,373.07,3.57,2.11,1.04,3.21
167.0,24.81,14.16,91.58,9.22,372.38,23.25,93.5,16.82,23.25,93.5,26.04,64.73,13.69,37.86,42.26,17.55,372.38,3.55,2.1,1.04,3.22
168.0,24.81,14.16,91.58,9.22,370.23,23.25,93.5,16.82,23.25,93.5,26.04,64.73,13.69,37.86,42.26,17.55,370.23,3.53,2.09,1.04,3.21
169.0,24.81,14.16,91.58,9.22,370.82,23.25,93.5,16.82,23.25,93.5,26.04,64.73,13.69,37.86,42.26,17.55,370.82,3.53,2.09,1.04,3.2
170.0,24.79,14.21,91.86,9.27,371.93,23.24,93.58,16.83,23.24,93.58,26.02,64.74,13.67,37.84,42.25,17.53,371.93,3.52,2.09,1.04,3.22
171.0,24.79,14.21,91.86,9.27,375.11,23.24,93.58,16.83,23.24,93.58,26.02,64.74,13.67,37.84,42.25,17.53,375.11,3.55,2.11,1.04,3.21
172.0,24.78,14.24,91.92,9.3,379.88,23.25,93.61,16.84,23.25,93.61,26,64.74,13.66,37.86,42.21,17.53,379.88,3.6,2.13,1.05,3.21
173.0,24.78,14.24,91.92,9.3,380.79,23.25,93.61,16.84,23.25,93.61,26,64.74,13.66,37.86,42.21,17.53,380.79,3.6,2.14,1.05,3.22
174.0,24.78,14.24,91.92,9.3,378.99,23.25,93.61,16.84,23.25,93.61,26,64.74,13.66,37.86,42.21,17.53,378.99,3.58,2.13,1.04,3.21
175.0,24.78,14.24,91.92,9.3,377.79,23.25,93.61,16.84,23.25,93.61,26,64.74,13.66,37.86,42.21,17.53,377.79,3.57,2.12,1.04,3.77
176.0,24.78,14.27,92.19,9.35,377.52,23.25,93.65,16.84,23.25,93.65,25.96,64.76,13.63,37.85,42.19,17.51,377.52,3.55,2.11,1.04,3.79
177.0,24.78,14.27,92.19,9.35,376.86,23.25,93.65,16.84,23.25,93.65,25.96,64.76,13.63,37.85,42.19,17.51,376.86,3.54,2.11,1.43,3.8
178.0,24.79,14.28,92.54,9.39,378.82,23.25,93.68,16.85,23.25,93.68,25.93,64.74,13.6,37.84,42.14,17.49,378.82,3.56,2.12,1.43,3.8
179.0,24.79,14.28,92.54,9.39,380.97,23.25,93.68,16.85,23.25,93.68,25.93,64.74,13.6,37.84,42.14,17.49,380.97,3.57,2.12,1.32,3.81
180.0,24.79,14.28,92.54,9.39,379.84,23.25,93.68,16.85,23.25,93.68,25.93,64.74,13.6,37.84,42.14,17.49,379.84,3.55,2.11,1.32,3.81
181.0,24.79,14.28,92.54,9.39,378.12,23.25,93.68,16.85,23.25,93.68,25.93,64.74,13.6,37.84,42.14,17.49,378.12,3.54,2.1,1.41,3.81
182.0,24.78,14.29,92.74,9.42,380.83,23.24,93.71,16.84,23.24,93.71,25.9,64.7,13.57,37.83,42.08,17.45,380.83,3.55,2.11,1.32,3.82
183.0,24.78,14.29,92.74,9.42,381.38,23.24,93.71,16.84,23.24,93.71,25.9,64.7,13.57,37.83,42.08,17.45,381.38,3.56,2.11,1.32,3.82
184.0,24.77,14.32,92.88,9.44,381.35,23.24,93.71,16.84,23.24,93.71,25.92,64.38,13.51,37.83,42.02,17.43,381.35,3.56,2.11,1.43,3.83
185.0,24.77,14.32,92.88,9.44,381.44,23.24,93.71,16.84,23.24,93.71,25.92,64.38,13.51,37.83,42.02,17.43,381.44,3.55,2.1,1.31,3.84
186.0,24.77,14.32,92.88,9.44,377.99,23.24,93.71,16.84,23.24,93.71,25.92,64.38,13.51,37.83,42.02,17.43,377.99,3.51,2.08,1.31,3.85
187.0,24.77,14.32,92.88,9.44,374.28,23.24,93.71,16.84,23.24,93.71,25.92,64.38,13.51,37.83,42.02,17.43,374.28,3.48,2.06,1.33,3.85
188.0,24.77,14.3,93.29,9.48,369.09,23.24,93.71,16.84,23.24,93.71,25.93,64.28,13.5,37.83,41.98,17.41,369.09,3.42,2.03,1.33,3.84
189.0,24.77,14.3,93.29,9.48,367.19,23.24,93.71,16.84,23.24,93.71,25.93,64.28,13.5,37.83,41.98,17.41,367.19,3.41,2.02,1.33,3.84
190.0,24.78,14.28,94.01,9.54,362.78,23.24,93.71,16.84,23.24,93.71,25.91,64.44,13.52,37.83,41.97,17.4,362.78,3.37,1.99,1.36,3.68
191.0,24.78,14.28,94.01,9.54,361.49,23.24,93.71,16.84,23.24,93.71,25.91,64.44,13.52,37.83,41.97,17.4,361.49,3.34,1.98,1.35,3.67
192.0,24.78,14.28,94.01,9.54,364.35,23.24,93.71,16.84,23.24,93.71,25.91,64.44,13.52,37.83,41.97,17.4,364.35,3.36,2.0,1.35,3.66
193.0,24.78,14.28,94.01,9.54,367.5,23.24,93.71,16.84,23.24,93.71,25.91,64.44,13.52,37.83,41.97,17.4,367.5,3.39,2.02,1.32,3.66
194.0,24.78,14.25,94.1,9.53,370.61,23.23,93.7,16.84,23.23,93.7,25.9,64.47,13.52,37.83,41.97,17.4,370.61,3.43,2.04,1.27,3.65
195.0,24.78,14.25,94.1,9.53,372.22,23.23,93.7,16.84,23.23,93.7,25.9,64.47,13.52,37.83,41.97,17.4,372.22,3.44,2.04,1.27,3.65
196.0,24.8,14.22,94.64,9.57,374.45,23.23,93.72,16.84,23.23,93.72,25.9,64.49,13.52,37.84,41.94,17.4,374.45,3.46,2.06,1.29,3.65
197.0,24.8,14.22,94.64,9.57,377.86,23.23,93.72,16.84,23.23,93.72,25.9,64.49,13.52,37.84,41.94,17.4,377.86,3.48,2.08,1.29,3.63
198.0,24.8,14.22,94.64,9.57,379,23.23,93.72,16.84,23.23,93.72,25.9,64.49,13.52,37.84,41.94,17.4,379,3.49,2.08,1.27,3.63
199.0,24.8,14.22,94.64,9.57,378.98,23.23,93.72,16.84,23.23,93.72,25.9,64.49,13.52,37.84,41.94,17.4,378.98,3.49,2.08,1.28,3.63
200.0,24.79,14.17,95.1,9.58,378.69,23.23,93.74,16.84,23.23,93.74,25.93,64.36,13.52,37.84,41.95,17.4,378.69,3.49,2.08,1.28,3.6
201.0,24.79,14.17,95.1,9.58,377.97,23.23,93.74,16.84,23.23,93.74,25.93,64.36,13.52,37.84,41.95,17.4,377.97,3.49,2.08,1.3,3.6
202.0,24.77,14.16,95.25,9.59,375.4,23.23,93.74,16.84,23.23,93.74,25.95,64.27,13.52,37.84,41.97,17.41,375.4,3.46,2.06,1.17,3.6
203.0,24.77,14.16,95.25,9.59,373.99,23.23,93.74,16.84,23.23,93.74,25.95,64.27,13.52,37.84,41.97,17.41,373.99,3.45,2.06,1.17,3.59
204.0,24.77,14.16,95.25,9.59,374.46,23.23,93.74,16.84,23.23,93.74,25.95,64.27,13.52,37.84,41.97,17.41,374.46,3.46,2.06,1.28,3.59
205.0,24.77,14.16,95.25,9.59,373.23,23.23,93.74,16.84,23.23,93.74,25.95,64.27,13.52,37.84,41.97,17.41,373.23,3.44,2.05,1.28,3.59
206.0,24.75,14.12,95.31,9.57,372.8,23.23,93.73,16.84,23.23,93.73,25.95,64.26,13.52,37.84,41.95,17.4,372.8,3.45,2.05,1.18,3.56
207.0,24.75,14.12,95.31,9.57,374.37,23.23,93.73,16.84,23.23,93.73,25.95,64.26,13.52,37.84,41.95,17.4,374.37,3.46,2.06,1.18,3.56
208.0,24.74,14.1,95.19,9.55,374.1,23.23,93.72,16.84,23.23,93.72,25.94,64.28,13.51,37.84,41.91,17.38,374.1,3.46,2.06,1.23,3.56
209.0,24.74,14.1,95.19,9.55,372.73,23.23,93.72,16.84,23.23,93.72,25.94,64.28,13.51,37.84,41.91,17.38,372.73,3.46,2.04,1.22,3.55
210.0,24.74,14.1,95.19,9.55,369.61,23.23,93.72,16.84,23.23,93.72,25.94,64.28,13.51,37.84,41.91,17.38,369.61,3.43,2.03,1.22,3.55
211.0,24.74,14.1,95.19,9.55,370.48,23.23,93.72,16.84,23.23,93.72,25.94,64.28,13.51,37.84,41.91,17.38,370.48,3.44,2.03,1.24,3.55
212.0,24.73,14.1,95.13,9.54,371.9,23.24,93.7,16.84,23.24,93.7,25.94,64.23,13.5,37.84,41.85,17.36,371.9,3.46,2.03,1.24,3.54
213.0,24.73,14.1,95.13,9.54,376.49,23.24,93.7,16.84,23.24,93.7,25.94,64.23,13.5,37.84,41.85,17.36,376.49,3.5,2.05,1.22,3.54
214.0,24.74,14.11,94.73,9.51,383.41,23.24,93.67,16.84,23.24,93.67,25.93,64.22,13.49,37.83,41.79,17.33,383.41,3.56,2.09,1.2,3.54
215.0,24.74,14.11,94.73,9.51,383.89,23.24,93.67,16.84,23.24,93.67,25.93,64.22,13.49,37.83,41.79,17.33,383.89,3.57,2.09,1.2,3.54
216.0,24.74,14.11,94.73,9.51,378.01,23.24,93.67,16.84,23.24,93.67,25.93,64.22,13.49,37.83,41.79,17.33,378.01,3.52,2.05,1.21,3.54
217.0,24.74,14.11,94.73,9.51,375.04,23.24,93.67,16.84,23.24,93.67,25.93,64.22,13.49,37.83,41.79,17.33,375.04,3.49,2.04,1.21,3.54
218.0,24.76,14.1,94.62,9.49,374.4,23.24,93.65,16.83,23.24,93.65,25.92,64.22,13.48,37.84,41.75,17.31,374.4,3.49,2.03,1.19,3.53
219.0,24.76,14.1,94.62,9.49,372.61,23.24,93.65,16.83,23.24,93.65,25.92,64.22,13.48,37.84,41.75,17.31,372.61,3.47,2.02,1.22,3.53
220.0,24.76,14.12,94.48,9.49,369.44,23.24,93.66,16.84,23.24,93.66,25.91,64.26,13.48,37.84,41.74,17.31,369.44,3.44,2.0,1.22,3.53
221.0,24.76,14.12,94.48,9.49,368.76,23.24,93.66,16.84,23.24,93.66,25.91,64.26,13.48,37.84,41.74,17.31,368.76,3.44,2.0,1.2,3.54
222.0,24.76,14.12,94.48,9.49,373.21,23.24,93.66,16.84,23.24,93.66,25.91,64.26,13.48,37.84,41.74,17.31,373.21,3.48,2.02,1.23,3.54
223.0,24.76,14.12,94.48,9.49,374.83,23.24,93.66,16.84,23.24,93.66,25.91,64.26,13.48,37.84,41.74,17.31,374.83,3.49,2.03,1.23,3.54
224.0,24.76,14.13,94.32,9.48,375.28,23.24,93.69,16.84,23.24,93.69,25.93,64.2,13.48,37.85,41.74,17.32,375.28,3.5,2.04,1.19,3.54
225.0,24.76,14.13,94.32,9.48,373.42,23.24,93.69,16.84,23.24,93.69,25.93,64.2,13.48,37.85,41.74,17.32,373.42,3.48,2.03,1.19,3.54
226.0,24.75,14.15,94.21,9.48,372.06,23.24,93.7,16.84,23.24,93.7,25.98,63.91,13.46,37.84,41.77,17.33,372.06,3.47,2.02,1.18,3.54
227.0,24.75,14.15,94.21,9.48,373.73,23.24,93.7,16.84,23.24,93.7,25.98,63.91,13.46,37.84,41.77,17.33,373.73,3.49,2.03,1.18,3.54
228.0,24.75,14.15,94.21,9.48,373.88,23.24,93.7,16.84,23.24,93.7,25.98,63.91,13.46,37.84,41.77,17.33,373.88,3.49,2.03,1.21,3.54
229.0,24.75,14.15,94.21,9.48,369.58,23.24,93.7,16.84,23.24,93.7,25.98,63.91,13.46,37.84,41.77,17.33,369.58,3.45,2.01,1.21,3.54
230.0,24.76,14.14,94.16,9.47,365.51,23.24,93.69,16.84,23.24,93.69,26.06,63.58,13.46,37.83,41.79,17.33,365.51,3.41,1.99,1.22,3.53
231.0,24.76,14.14,94.16,9.47,365.22,23.24,93.69,16.84,23.24,93.69,26.06,63.58,13.46,37.83,41.79,17.33,365.22,3.41,1.99,1.19,3.53
232.0,24.76,14.16,94.12,9.47,367.11,23.24,93.7,16.84,23.24,93.7,26.15,63.58,13.53,37.84,41.81,17.35,367.11,3.43,2.0,1.19,3.53
233.0,24.76,14.16,94.12,9.47,368.35,23.24,93.7,16.84,23.24,93.7,26.15,63.58,13.53,37.84,41.81,17.35,368.35,3.44,2.01,1.19,3.54
234.0,24.76,14.16,94.12,9.47,368.76,23.24,93.7,16.84,23.24,93.7,26.15,63.58,13.53,37.84,41.81,17.35,368.76,3.44,2.01,1.22,3.54
235.0,24.76,14.16,94.12,9.47,368.96,23.24,93.7,16.84,23.24,93.7,26.15,63.58,13.53,37.84,41.81,17.35,368.96,3.44,2.01,1.22,3.54
236.0,24.78,14.16,94.14,9.48,372.67,23.24,93.71,16.85,23.24,93.71,26.19,63.91,13.63,37.86,41.82,17.37,372.67,3.48,2.04,1.22,3.54
237.0,24.78,14.16,94.14,9.48,373.59,23.24,93.71,16.85,23.24,93.71,26.19,63.91,13.63,37.86,41.82,17.37,373.59,3.48,2.04,1.22,3.54
238.0,24.77,14.15,94.01,9.45,373.54,23.23,93.74,16.84,23.23,93.74,26.22,64.18,13.72,37.83,41.85,17.35,373.54,3.48,2.04,1.2,3.54
239.0,24.77,14.15,94.01,9.45,371.41,23.23,93.74,16.84,23.23,93.74,26.22,64.18,13.72,37.83,41.85,17.35,371.41,3.47,2.02,1.2,3.52
240.0,24.77,14.15,94.01,9.45,364.63,23.23,93.74,16.84,23.23,93.74,26.22,64.18,13.72,37.83,41.85,17.35,364.63,3.41,1.99,1.2,3.52
241.0,24.77,14.15,94.01,9.45,363.37,23.23,93.74,16.84,23.23,93.74,26.22,64.18,13.72,37.83,41.85,17.35,363.37,3.39,1.98,1.21,3.52
242.0,24.76,14.13,94.37,9.48,362.42,23.25,93.72,16.85,23.25,93.72,26.23,64.42,13.78,37.86,41.88,17.39,362.42,3.38,1.99,1.21,3.51
243.0,24.76,14.13,94.37,9.48,361.83,23.25,93.72,16.85,23.25,93.72,26.23,64.42,13.78,37.86,41.88,17.39,361.83,3.38,1.98,1.19,3.51
244.0,24.75,14.15,94.14,9.47,366.18,23.23,93.73,16.84,23.23,93.73,26.23,64.63,13.82,37.83,41.91,17.37,366.18,3.42,2.01,1.2,3.51
245.0,24.75,14.15,94.14,9.47,368.62,23.23,93.73,16.84,23.23,93.73,26.23,64.63,13.82,37.83,41.91,17.37,368.62,3.44,2.01,1.2,3.52
246.0,24.75,14.15,94.14,9.47,369.99,23.23,93.73,16.84,23.23,93.73,26.23,64.63,13.82,37.83,41.91,17.37,369.99,3.45,2.02,1.19,3.52
247.0,24.75,14.15,94.14,9.47,370.19,23.23,93.73,16.84,23.23,93.73,26.23,64.63,13.82,37.83,41.91,17.37,370.19,3.45,2.02,1.19,3.52
248.0,24.75,14.14,94.11,9.46,373.05,23.24,93.73,16.85,23.24,93.73,26.22,64.8,13.85,37.84,41.88,17.37,373.05,3.49,2.04,1.2,3.51
249.0,24.75,14.14,94.11,9.46,374.91,23.24,93.73,16.85,23.24,93.73,26.22,64.8,13.85,37.84,41.88,17.37,374.91,3.5,2.05,1.2,3.51
250.0,24.74,14.11,94.24,9.46,378.53,23.24,93.76,16.86,23.24,93.76,26.18,64.95,13.86,37.84,41.81,17.35,378.53,3.54,2.07,1.2,3.47
251.0,24.74,14.11,94.24,9.46,380.29,23.24,93.76,16.86,23.24,93.76,26.18,64.95,13.86,37.84,41.81,17.35,380.29,3.56,2.07,1.2,3.49
252.0,24.74,14.11,94.24,9.46,377.89,23.24,93.76,16.86,23.24,93.76,26.18,64.95,13.86,37.84,41.81,17.35,377.89,3.54,2.05,1.19,3.49
253.0,24.74,14.11,94.24,9.46,372.65,23.24,93.76,16.86,23.24,93.76,26.18,64.95,13.86,37.84,41.81,17.35,372.65,3.49,2.03,1.15,3.48
254.0,24.73,14.12,94.11,9.45,370.79,23.24,93.77,16.85,23.24,93.77,26.18,64.83,13.83,37.84,41.73,17.31,370.79,3.47,2.0,1.15,3.49
255.0,24.73,14.12,94.11,9.45,370.78,23.24,93.77,16.85,23.24,93.77,26.18,64.83,13.83,37.84,41.73,17.31,370.78,3.47,2.0,1.18,3.49
256.0,24.73,14.12,94.11,9.45,371.32,23.24,93.77,16.85,23.24,93.77,26.18,64.83,13.83,37.84,41.73,17.31,371.32,3.48,2.01,1.18,3.48
257.0,24.72,14.11,94.06,9.44,371.49,23.23,93.76,16.85,23.23,93.76,26.17,64.77,13.81,37.84,41.69,17.29,371.49,3.48,2.01,1.2,3.48
258.0,24.72,14.11,94.06,9.44,369.57,23.23,93.76,16.85,23.23,93.76,26.17,64.77,13.81,37.84,41.69,17.29,369.57,3.46,1.99,1.17,3.48
259.0,24.72,14.11,94.06,9.44,368.72,23.23,93.76,16.85,23.23,93.76,26.17,64.77,13.81,37.84,41.69,17.29,368.72,3.46,1.99,1.17,3.48
260.0,24.72,14.1,94.35,9.46,368.52,23.23,93.78,16.85,23.23,93.78,26.14,64.77,13.78,37.83,41.69,17.28,368.52,3.45,1.98,1.19,3.46
261.0,24.72,14.1,94.35,9.46,370.41,23.23,93.78,16.85,23.23,93.78,26.14,64.77,13.78,37.83,41.69,17.28,370.41,3.47,1.99,1.19,3.46
262.0,24.72,14.1,94.35,9.46,372.23,23.23,93.78,16.85,23.23,93.78,26.14,64.77,13.78,37.83,41.69,17.28,372.23,3.48,2.0,1.18,3.46
263.0,24.72,14.09,94.25,9.44,373.41,23.22,93.8,16.85,23.22,93.8,26.14,64.6,13.74,37.81,41.7,17.27,373.41,3.5,2.01,1.18,3.45
264.0,24.72,14.09,94.25,9.44,374.23,23.22,93.8,16.85,23.22,93.8,26.14,64.6,13.74,37.81,41.7,17.27,374.23,3.51,2.01,1.18,3.45
265.0,24.72,14.09,94.25,9.44,374.89,23.22,93.8,16.85,23.22,93.8,26.14,64.6,13.74,37.81,41.7,17.27,374.89,3.51,2.01,1.18,3.45
266.0,24.72,14.08,94.4,9.46,373.91,23.22,93.82,16.85,23.22,93.82,26.13,64.6,13.73,37.81,41.68,17.26,373.91,3.5,2.0,1.2,3.44
267.0,24.72,14.08,94.4,9.46,372.1,23.22,93.82,16.85,23.22,93.82,26.13,64.6,13.73,37.81,41.68,17.26,372.1,3.48,1.99,1.17,3.44
268.0,24.72,14.08,94.4,9.46,374.05,23.22,93.82,16.85,23.22,93.82,26.13,64.6,13.73,37.81,41.68,17.26,374.05,3.5,2.01,1.17,3.44
269.0,24.71,14.08,94.28,9.44,374.84,23.23,93.8,16.85,23.23,93.8,26.1,64.71,13.74,37.82,41.64,17.25,374.84,3.51,2.01,1.15,3.44
270.0,24.71,14.08,94.28,9.44,375.2,23.23,93.8,16.85,23.23,93.8,26.1,64.71,13.74,37.82,41.64,17.25,375.2,3.52,2.01,1.15,3.44
271.0,24.72,14.07,94.31,9.44,376.61,23.23,93.82,16.85,23.23,93.82,26.07,64.79,13.73,37.82,41.63,17.25,376.61,3.53,2.02,1.17,3.43
272.0,24.72,14.07,94.31,9.44,375.02,23.23,93.82,16.85,23.23,93.82,26.07,64.79,13.73,37.82,41.63,17.25,375.02,3.52,2.01,1.15,3.43
273.0,24.72,14.07,94.31,9.44,372.6,23.23,93.82,16.85,23.23,93.82,26.07,64.79,13.73,37.82,41.63,17.25,372.6,3.5,2.0,1.15,3.42
274.0,24.72,14.07,94.31,9.44,371.94,23.23,93.82,16.85,23.23,93.82,26.07,64.79,13.73,37.82,41.63,17.25,371.94,3.49,1.99,1.16,3.42
275.0,24.73,14.08,94.19,9.43,369.47,23.23,93.83,16.86,23.23,93.83,26.04,64.81,13.71,37.83,41.61,17.25,369.47,3.47,1.98,1.16,3.42
276.0,24.73,14.08,94.19,9.43,369.26,23.23,93.83,16.86,23.23,93.83,26.04,64.81,13.71,37.83,41.61,17.25,369.26,3.47,1.98,1.14,3.42
277.0,24.74,14.06,94.11,9.41,368.28,23.22,93.84,16.85,23.22,93.84,26.01,64.8,13.68,37.82,41.62,17.24,368.28,3.46,1.97,1.15,3.42
278.0,24.74,14.06,94.11,9.41,367.54,23.22,93.84,16.85,23.22,93.84,26.01,64.8,13.68,37.82,41.62,17.24,367.54,3.46,1.96,1.15,3.41
279.0,24.74,14.06,94.11,9.41,367.04,23.22,93.84,16.85,23.22,93.84,26.01,64.8,13.68,37.82,41.62,17.24,367.04,3.46,1.96,1.15,3.4
280.0,24.74,14.06,94.11,9.41,366.81,23.22,93.84,16.85,23.22,93.84,26.01,64.8,13.68,37.82,41.62,17.24,366.81,3.45,1.96,1.15,3.4
281.0,24.73,14.04,94.09,9.4,366.44,23.21,93.82,16.84,23.21,93.82,25.99,64.77,13.66,37.79,41.63,17.22,366.44,3.45,1.96,1.15,3.39
282.0,24.73,14.04,94.09,9.4,365.93,23.21,93.82,16.84,23.21,93.82,25.99,64.77,13.66,37.79,41.63,17.22,365.93,3.45,1.95,1.15,3.39
283.0,24.76,14.06,94.05,9.41,362.92,23.22,93.81,16.85,23.22,93.81,25.98,64.83,13.66,37.82,41.6,17.23,362.92,3.42,1.94,1.14,3.38
284.0,24.76,14.06,94.05,9.41,362.42,23.22,93.81,16.85,23.22,93.81,25.98,64.83,13.66,37.82,41.6,17.23,362.42,3.41,1.94,1.14,3.4
285.0,24.76,14.06,94.05,9.41,364.15,23.22,93.81,16.85,23.22,93.81,25.98,64.83,13.66,37.82,41.6,17.23,364.15,3.43,1.94,1.15,3.39
286.0,24.76,14.06,94.05,9.41,364.47,23.22,93.81,16.85,23.22,93.81,25.98,64.83,13.66,37.82,41.6,17.23,364.47,3.43,1.95,1.15,3.39
287.0,24.77,14.06,93.9,9.39,364.29,23.22,93.81,16.84,23.22,93.81,25.99,64.88,13.68,37.81,41.57,17.22,364.29,3.43,1.94,1.15,3.39
288.0,24.77,14.06,93.9,9.39,363.94,23.22,93.81,16.84,23.22,93.81,25.99,64.88,13.68,37.81,41.57,17.22,363.94,3.43,1.94,1.1,3.39
289.0,24.76,14.05,93.95,9.39,364.1,23.2,93.82,16.83,23.2,93.82,25.99,65.21,13.75,37.8,41.58,17.2,364.1,3.43,1.94,1.1,3.36
290.0,24.76,14.05,93.95,9.39,364.38,23.2,93.82,16.83,23.2,93.82,25.99,65.21,13.75,37.8,41.58,17.2,364.38,3.43,1.94,1.16,3.37
291.0,24.76,14.05,93.95,9.39,367.06,23.2,93.82,16.83,23.2,93.82,25.99,65.21,13.75,37.8,41.58,17.2,367.06,3.45,1.96,1.16,3.37
292.0,24.76,14.05,93.95,9.39,366.06,23.2,93.82,16.83,23.2,93.82,25.99,65.21,13.75,37.8,41.58,17.2,366.06,3.45,1.95,1.13,3.37
293.0,24.76,14.03,94.02,9.38,364.2,23.21,93.78,16.83,23.21,93.78,26.02,65.53,13.85,37.82,41.59,17.23,364.2,3.43,1.95,1.14,3.36
294.0,24.76,14.03,94.02,9.38,363.56,23.21,93.78,16.83,23.21,93.78,26.02,65.53,13.85,37.82,41.59,17.23,363.56,3.43,1.95,1.14,3.35
295.0,24.76,14.05,93.8,9.37,361.6,23.22,93.77,16.84,23.22,93.77,26.04,65.81,13.92,37.82,41.59,17.24,361.6,3.41,1.94,1.1,3.35
296.0,24.76,14.05,93.8,9.37,360.97,23.22,93.77,16.84,23.22,93.77,26.04,65.81,13.92,37.82,41.59,17.24,360.97,3.4,1.93,1.1,3.36
297.0,24.76,14.05,93.8,9.37,361.74,23.22,93.77,16.84,23.22,93.77,26.04,65.81,13.92,37.82,41.59,17.24,361.74,3.41,1.94,1.1,3.36
298.0,24.76,14.05,93.8,9.37,362.84,23.22,93.77,16.84,23.22,93.77,26.04,65.81,13.92,37.82,41.59,17.24,362.84,3.42,1.94,1.1,3.35
299.0,24.76,14.04,93.82,9.37,365.63,23.22,93.73,16.83,23.22,93.73,26.03,66.03,13.97,37.81,41.59,17.22,365.63,3.45,1.96,1.1,3.35
300.0,24.76,14.04,93.82,9.37,364.26,23.22,93.73,16.83,23.22,93.73,26.03,66.03,13.97,37.81,41.59,17.22,364.26,3.43,1.95,1.1,3.35
301.0,24.76,14.05,93.54,9.35,362.2,23.22,93.72,16.83,23.22,93.72,26.01,66.22,13.99,37.82,41.56,17.22,362.2,3.41,1.94,1.1,3.34
302.0,24.76,14.05,93.54,9.35,361.8,23.22,93.72,16.83,23.22,93.72,26.01,66.22,13.99,37.82,41.56,17.22,361.8,3.42,1.93,1.1,3.34
303.0,24.76,14.05,93.54,9.35,359.68,23.22,93.72,16.83,23.22,93.72,26.01,66.22,13.99,37.82,41.56,17.22,359.68,3.4,1.92,1.07,3.34
304.0,24.76,14.05,93.54,9.35,358.87,23.22,93.72,16.83,23.22,93.72,26.01,66.22,13.99,37.82,41.56,17.22,358.87,3.39,1.92,1.07,3.34
305.0,24.78,14.04,93.61,9.35,359.7,23.22,93.69,16.82,23.22,93.69,26.02,66.17,13.98,37.82,41.53,17.2,359.7,3.4,1.92,1.08,3.33
306.0,24.78,14.04,93.61,9.35,362.52,23.22,93.69,16.82,23.22,93.69,26.02,66.17,13.98,37.82,41.53,17.2,362.52,3.42,1.94,1.15,3.33
307.0,24.76,14.03,93.72,9.36,368.72,23.21,93.68,16.81,23.21,93.68,26.04,66,13.96,37.8,41.53,17.19,368.72,3.48,1.97,1.15,3.33
308.0,24.76,14.03,93.72,9.36,370.24,23.21,93.68,16.81,23.21,93.68,26.04,66,13.96,37.8,41.53,17.19,370.24,3.49,1.97,1.06,3.32
309.0,24.76,14.03,93.72,9.36,371.43,23.21,93.68,16.81,23.21,93.68,26.04,66,13.96,37.8,41.53,17.19,371.43,3.5,1.98,1.06,3.32
310.0,24.76,14.03,93.72,9.36,371.59,23.21,93.68,16.81,23.21,93.68,26.04,66,13.96,37.8,41.53,17.19,371.59,3.51,1.98,1.11,3.32
311.0,24.76,14.05,93.21,9.32,370.52,23.22,93.7,16.82,23.22,93.7,26.09,65.61,13.92,37.81,41.53,17.2,370.52,3.51,1.98,1.12,3.32
312.0,24.76,14.05,93.21,9.32,367.21,23.22,93.7,16.82,23.22,93.7,26.09,65.61,13.92,37.81,41.53,17.2,367.21,3.48,1.96,1.12,3.32
313.0,24.77,14.07,93.1,9.32,364.41,23.2,93.73,16.81,23.2,93.73,26.16,65.17,13.88,37.78,41.56,17.19,364.41,3.45,1.94,1.08,3.34
314.0,24.77,14.07,93.1,9.32,363.72,23.2,93.73,16.81,23.2,93.73,26.16,65.17,13.88,37.78,41.56,17.19,363.72,3.44,1.94,1.08,3.33
315.0,24.77,14.07,93.1,9.32,362.68,23.2,93.73,16.81,23.2,93.73,26.16,65.17,13.88,37.78,41.56,17.19,362.68,3.43,1.93,1.11,3.33
316.0,24.77,14.07,93.1,9.32,362.34,23.2,93.73,16.81,23.2,93.73,26.16,65.17,13.88,37.78,41.56,17.19,362.34,3.42,1.93,1.11,3.32
317.0,24.78,14.1,93.03,9.33,359.72,23.21,93.71,16.81,23.21,93.71,26.18,65.17,13.9,37.8,41.57,17.21,359.72,3.39,1.92,1.07,3.34
318.0,24.78,14.1,93.03,9.33,360.31,23.21,93.71,16.81,23.21,93.71,26.18,65.17,13.9,37.8,41.57,17.21,360.31,3.4,1.93,1.07,3.34
319.0,24.77,14.1,92.94,9.32,364.47,23.2,93.73,16.81,23.2,93.73,26.15,65.28,13.9,37.79,41.58,17.2,364.47,3.44,1.95,1.16,3.33
320.0,24.77,14.1,92.94,9.32,365.87,23.2,93.73,16.81,23.2,93.73,26.15,65.28,13.9,37.79,41.58,17.2,365.87,3.45,1.96,1.16,3.33
321.0,24.77,14.1,92.94,9.32,370.03,23.2,93.73,16.81,23.2,93.73,26.15,65.28,13.9,37.79,41.58,17.2,370.03,3.49,1.98,1.13,3.33
322.0,24.77,14.1,92.94,9.32,371.45,23.2,93.73,16.81,23.2,93.73,26.15,65.28,13.9,37.79,41.58,17.2,371.45,3.5,1.99,1.13,3.33
323.0,24.75,14.11,93.13,9.34,371.09,23.21,93.69,16.81,23.21,93.69,26.13,65.43,13.91,37.82,41.58,17.22,371.09,3.49,1.99,1.12,3.33
324.0,24.75,14.11,93.13,9.34,370.66,23.21,93.69,16.81,23.21,93.69,26.13,65.43,13.91,37.82,41.58,17.22,370.66,3.49,1.99,1.12,3.33
325.0,24.75,14.13,92.97,9.34,370.9,23.21,93.68,16.81,23.21,93.68,26.12,65.37,13.89,37.82,41.53,17.21,370.9,3.49,1.99,1.09,3.36
326.0,24.75,14.13,92.97,9.34,373.06,23.21,93.68,16.81,23.21,93.68,26.12,65.37,13.89,37.82,41.53,17.21,373.06,3.51,2.0,1.09,3.34
327.0,24.75,14.13,92.97,9.34,375.02,23.21,93.68,16.81,23.21,93.68,26.12,65.37,13.89,37.82,41.53,17.21,375.02,3.53,2.01,1.09,3.34
328.0,24.75,14.13,92.97,9.34,375.08,23.21,93.68,16.81,23.21,93.68,26.12,65.37,13.89,37.82,41.53,17.21,375.08,3.53,2.01,1.14,3.34
329.0,24.74,14.13,93.06,9.35,371.31,23.2,93.69,16.8,23.2,93.69,26.22,64.77,13.85,37.81,41.52,17.19,371.31,3.49,1.99,1.14,3.33
330.0,24.74,14.13,93.06,9.35,371.83,23.2,93.69,16.8,23.2,93.69,26.22,64.77,13.85,37.81,41.52,17.19,371.83,3.49,1.99,1.14,3.33
331.0,24.74,14.16,93.07,9.37,370.71,23.21,93.69,16.81,23.21,93.69,26.33,64.54,13.89,37.83,41.53,17.22,370.71,3.48,1.98,1.11,3.33
332.0,24.74,14.16,93.07,9.37,369.7,23.21,93.69,16.81,23.21,93.69,26.33,64.54,13.89,37.83,41.53,17.22,369.7,3.47,1.99,1.11,3.35
333.0,24.74,14.16,93.07,9.37,368.78,23.21,93.69,16.81,23.21,93.69,26.33,64.54,13.89,37.83,41.53,17.22,368.78,3.46,1.98,1.13,3.35
334.0,24.74,14.16,93.07,9.37,368.78,23.21,93.69,16.81,23.21,93.69,26.33,64.54,13.89,37.83,41.53,17.22,368.78,3.46,1.98,1.13,3.35
335.0,24.73,14.16,93.01,9.36,368.92,23.2,93.72,16.81,23.2,93.72,26.36,64.65,13.94,37.83,41.58,17.23,368.92,3.46,1.99,1.11,3.34
336.0,24.73,14.16,93.01,9.36,368.93,23.2,93.72,16.81,23.2,93.72,26.36,64.65,13.94,37.83,41.58,17.23,368.93,3.46,1.99,1.11,3.34
337.0,24.74,14.19,92.86,9.37,366.35,23.21,93.68,16.81,23.21,93.68,26.34,64.97,14,37.84,41.62,17.26,366.35,3.43,1.97,1.04,3.38
338.0,24.74,14.19,92.86,9.37,365.48,23.21,93.68,16.81,23.21,93.68,26.34,64.97,14,37.84,41.62,17.26,365.48,3.42,1.98,1.04,3.36
339.0,24.74,14.19,92.86,9.37,364.67,23.21,93.68,16.81,23.21,93.68,26.34,64.97,14,37.84,41.62,17.26,364.67,3.42,1.98,1.13,3.36
340.0,24.74,14.19,92.86,9.37,362.7,23.21,93.68,16.81,23.21,93.68,26.34,64.97,14,37.84,41.62,17.26,362.7,3.4,1.96,1.13,3.36
341.0,24.76,14.18,93.06,9.38,363.53,23.21,93.64,16.8,23.21,93.64,26.33,65.16,14.03,37.84,41.67,17.29,363.53,3.4,1.98,1.06,3.35
342.0,24.76,14.18,93.06,9.38,366.48,23.21,93.64,16.8,23.21,93.64,26.33,65.16,14.03,37.84,41.67,17.29,366.48,3.43,1.99,1.06,3.35
343.0,24.77,14.17,93.29,9.39,368.72,23.2,93.59,16.79,23.2,93.59,26.37,65.09,14.05,37.82,41.76,17.3,368.72,3.45,2.01,1.1,3.35
344.0,24.77,14.17,93.29,9.39,367.96,23.2,93.59,16.79,23.2,93.59,26.37,65.09,14.05,37.82,41.76,17.3,367.96,3.43,2.01,1.1,3.34
345.0,24.77,14.17,93.29,9.39,369.07,23.2,93.59,16.79,23.2,93.59,26.37,65.09,14.05,37.82,41.76,17.3,369.07,3.44,2.02,1.1,3.34
346.0,24.77,14.17,93.29,9.39,372.91,23.2,93.59,16.79,23.2,93.59,26.37,65.09,14.05,37.82,41.76,17.3,372.91,3.48,2.04,1.08,3.33
347.0,24.79,14.2,93.23,9.41,372.16,23.22,93.53,16.8,23.22,93.53,26.39,65.35,14.12,37.84,41.8,17.34,372.16,3.47,2.04,1.08,3.35
348.0,24.79,14.2,93.23,9.41,371.98,23.22,93.53,16.8,23.22,93.53,26.39,65.35,14.12,37.84,41.8,17.34,371.98,3.47,2.04,1.07,3.35
349.0,24.77,14.19,93.33,9.41,374.3,23.22,93.51,16.79,23.22,93.51,26.38,65.55,14.15,37.81,41.83,17.32,374.3,3.49,2.05,1.05,3.34
350.0,24.77,14.19,93.33,9.41,373.18,23.22,93.51,16.79,23.22,93.51,26.38,65.55,14.15,37.81,41.83,17.32,373.18,3.47,2.04,1.05,3.34
351.0,24.77,14.19,93.33,9.41,368.22,23.22,93.51,16.79,23.22,93.51,26.38,65.55,14.15,37.81,41.83,17.32,368.22,3.43,2.01,1.11,3.34
352.0,24.77,14.19,93.33,9.41,367.48,23.22,93.51,16.79,23.22,93.51,26.38,65.55,14.15,37.81,41.83,17.32,367.48,3.42,2.01,1.11,3.34
353.0,24.8,14.21,93.31,9.42,368.77,23.24,93.49,16.8,23.24,93.49,26.35,65.66,14.15,37.84,41.87,17.37,368.77,3.44,2.03,1.04,3.35
354.0,24.8,14.21,93.31,9.42,368.88,23.24,93.49,16.8,23.24,93.49,26.35,65.66,14.15,37.84,41.87,17.37,368.88,3.44,2.03,1.04,3.35
355.0,24.8,14.21,93.31,9.42,369.31,23.24,93.49,16.8,23.24,93.49,26.35,65.66,14.15,37.84,41.87,17.37,369.31,3.44,2.03,1.1,3.35
356.0,24.81,14.21,93.41,9.43,368.8,23.24,93.48,16.81,23.24,93.48,26.31,65.76,14.14,37.85,41.9,17.39,368.8,3.44,2.03,1.1,3.35
357.0,24.81,14.21,93.41,9.43,363.72,23.24,93.48,16.81,23.24,93.48,26.31,65.76,14.14,37.85,41.9,17.39,363.72,3.39,2.01,1.09,3.35
358.0,24.81,14.21,93.41,9.43,364.25,23.24,93.48,16.81,23.24,93.48,26.31,65.76,14.14,37.85,41.9,17.39,364.25,3.39,2.01,1.09,3.35
359.0,24.8,14.21,93.39,9.43,364.18,23.24,93.46,16.8,23.24,93.46,26.26,65.83,14.11,37.84,41.95,17.4,364.18,3.39,2.01,1.07,3.35
360.0,24.8,14.21,93.39,9.43,364.68,23.24,93.46,16.8,23.24,93.46,26.26,65.83,14.11,37.84,41.95,17.4,364.68,3.4,2.02,1.07,3.35
361.0,24.8,14.21,93.39,9.43,366.49,23.24,93.46,16.8,23.24,93.46,26.26,65.83,14.11,37.84,41.95,17.4,366.49,3.41,2.03,1.11,3.34
362.0,24.79,14.2,93.58,9.44,368.19,23.23,93.5,16.8,23.23,93.5,26.2,65.86,14.07,37.83,41.98,17.41,368.19,3.42,2.04,1.12,3.34
363.0,24.79,14.2,93.58,9.44,369.93,23.23,93.5,16.8,23.23,93.5,26.2,65.86,14.07,37.83,41.98,17.41,369.93,3.44,2.05,1.12,3.34
364.0,24.81,14.22,93.41,9.44,373.05,23.24,93.52,16.81,23.24,93.52,26.16,65.76,14.01,37.85,41.97,17.42,373.05,3.47,2.06,1.06,3.36
365.0,24.81,14.22,93.41,9.44,373.55,23.24,93.52,16.81,23.24,93.52,26.16,65.76,14.01,37.85,41.97,17.42,373.55,3.48,2.07,1.06,3.35
366.0,24.81,14.22,93.41,9.44,373.66,23.24,93.52,16.81,23.24,93.52,26.16,65.76,14.01,37.85,41.97,17.42,373.66,3.48,2.07,1.13,3.34
367.0,24.81,14.22,93.41,9.44,370.22,23.24,93.52,16.81,23.24,93.52,26.16,65.76,14.01,37.85,41.97,17.42,370.22,3.45,2.05,1.13,3.34
368.0,24.8,14.24,93.25,9.43,367.16,23.23,93.54,16.81,23.23,93.54,26.12,65.57,13.94,37.83,41.97,17.4,367.16,3.42,2.03,1.07,3.35
369.0,24.8,14.24,93.25,9.43,366.74,23.23,93.54,16.81,23.23,93.54,26.12,65.57,13.94,37.83,41.97,17.4,366.74,3.41,2.02,1.07,3.35
370.0,24.79,14.22,93.55,9.45,368.96,23.24,93.51,16.81,23.24,93.51,26.1,65.44,13.89,37.84,41.94,17.4,368.96,3.43,2.04,1.07,3.33
371.0,24.79,14.22,93.55,9.45,369.58,23.24,93.51,16.81,23.24,93.51,26.1,65.44,13.89,37.84,41.94,17.4,369.58,3.44,2.04,1.11,3.34
372.0,24.79,14.22,93.55,9.45,366.96,23.24,93.51,16.81,23.24,93.51,26.1,65.44,13.89,37.84,41.94,17.4,366.96,3.41,2.03,1.11,3.34
373.0,24.79,14.22,93.55,9.45,365.91,23.24,93.51,16.81,23.24,93.51,26.1,65.44,13.89,37.84,41.94,17.4,365.91,3.4,2.02,1.14,3.34
374.0,24.79,14.23,93.34,9.44,365.91,23.24,93.51,16.81,23.24,93.51,26.07,65.42,13.86,37.84,41.91,17.38,365.91,3.4,2.01,1.14,3.35
375.0,24.79,14.23,93.34,9.44,366.42,23.24,93.51,16.81,23.24,93.51,26.07,65.42,13.86,37.84,41.91,17.38,366.42,3.41,2.02,1.09,3.35
376.0,24.78,14.26,93.16,9.44,365.44,23.24,93.53,16.82,23.24,93.53,26.02,65.5,13.84,37.84,41.89,17.38,365.44,3.4,2.01,1.09,3.36
377.0,24.78,14.26,93.16,9.44,364.23,23.24,93.53,16.82,23.24,93.53,26.02,65.5,13.84,37.84,41.89,17.38,364.23,3.39,2.0,1.14,3.36
378.0,24.78,14.26,93.16,9.44,362.32,23.24,93.53,16.82,23.24,93.53,26.02,65.5,13.84,37.84,41.89,17.38,362.32,3.37,1.99,1.08,3.36
379.0,24.78,14.26,93.16,9.44,362.95,23.24,93.53,16.82,23.24,93.53,26.02,65.5,13.84,37.84,41.89,17.38,362.95,3.38,1.99,1.08,3.36
380.0,24.79,14.27,93.17,9.44,363.65,23.24,93.56,16.82,23.24,93.56,25.99,65.57,13.83,37.84,41.91,17.39,363.65,3.38,2.0,1.11,3.36
381.0,24.79,14.27,93.17,9.44,363.32,23.24,93.56,16.82,23.24,93.56,25.99,65.57,13.83,37.84,41.91,17.39,363.32,3.38,2.0,1.11,3.36
382.0,24.78,14.26,93.54,9.48,362.48,23.24,93.61,16.82,23.24,93.61,25.96,65.68,13.83,37.84,41.92,17.39,362.48,3.37,1.99,1.1,3.36
383.0,24.78,14.26,93.54,9.48,364.23,23.24,93.61,16.82,23.24,93.61,25.96,65.68,13.83,37.84,41.92,17.39,364.23,3.38,2.01,1.1,3.36
384.0,24.78,14.26,93.54,9.48,367.19,23.24,93.61,16.82,23.24,93.61,25.96,65.68,13.83,37.84,41.92,17.39,367.19,3.4,2.02,1.11,3.36
385.0,24.78,14.26,93.54,9.48,367.27,23.24,93.61,16.82,23.24,93.61,25.96,65.68,13.83,37.84,41.92,17.39,367.27,3.4,2.02,1.11,3.36
386.0,24.81,14.25,93.54,9.47,363.19,23.23,93.6,16.82,23.23,93.6,25.93,65.93,13.85,37.84,41.95,17.4,363.19,3.37,2.0,1.1,3.35
387.0,24.81,14.25,93.54,9.47,360.86,23.23,93.6,16.82,23.23,93.6,25.93,65.93,13.85,37.84,41.95,17.4,360.86,3.35,1.99,1.1,3.35
388.0,24.84,14.26,93.61,9.48,364.08,23.24,93.58,16.82,23.24,93.58,25.91,66.14,13.89,37.86,42,17.44,364.08,3.38,2.01,1.09,3.36
389.0,24.84,14.26,93.61,9.48,365.24,23.24,93.58,16.82,23.24,93.58,25.91,66.14,13.89,37.86,42,17.44,365.24,3.38,2.03,1.11,3.36
390.0,24.84,14.26,93.61,9.48,369.39,23.24,93.58,16.82,23.24,93.58,25.91,66.14,13.89,37.86,42,17.44,369.39,3.42,2.05,1.11,3.35
391.0,24.84,14.26,93.61,9.48,372.64,23.24,93.58,16.82,23.24,93.58,25.91,66.14,13.89,37.86,42,17.44,372.64,3.45,2.07,1.1,3.35
392.0,24.86,14.26,93.53,9.48,373.76,23.24,93.59,16.82,23.24,93.59,25.92,66.25,13.92,37.85,42.06,17.47,373.76,3.46,2.08,1.1,3.36
393.0,24.86,14.26,93.53,9.48,373.19,23.24,93.59,16.82,23.24,93.59,25.92,66.25,13.92,37.85,42.06,17.47,373.19,3.46,2.08,1.08,3.36
394.0,24.86,14.22,94.02,9.5,370.64,23.23,93.58,16.81,23.23,93.58,25.93,66.19,13.91,37.84,42.11,17.47,370.64,3.43,2.07,1.08,3.31
395.0,24.86,14.22,94.02,9.5,373.08,23.23,93.58,16.81,23.23,93.58,25.93,66.19,13.91,37.84,42.11,17.47,373.08,3.45,2.08,1.1,3.33
396.0,24.86,14.22,94.02,9.5,374.49,23.23,93.58,16.81,23.23,93.58,25.93,66.19,13.91,37.84,42.11,17.47,374.49,3.46,2.09,1.1,3.33
397.0,24.86,14.22,94.02,9.5,374.6,23.23,93.58,16.81,23.23,93.58,25.93,66.19,13.91,37.84,42.11,17.47,374.6,3.46,2.09,1.1,3.33
398.0,24.85,14.23,93.73,9.48,375,23.24,93.54,16.82,23.24,93.54,25.98,66.07,13.93,37.86,42.14,17.5,375,3.48,2.1,1.11,3.33
399.0,24.85,14.23,93.73,9.48,375.54,23.24,93.54,16.82,23.24,93.54,25.98,66.07,13.93,37.86,42.14,17.5,375.54,3.48,2.11,1.11,3.33
400.0,24.84,14.24,93.71,9.48,375.47,23.25,93.54,16.82,23.25,93.54,26.03,65.97,13.95,37.86,42.16,17.51,375.47,3.48,2.11,1.14,3.34
401.0,24.84,14.24,93.71,9.48,375.34,23.25,93.54,16.82,23.25,93.54,26.03,65.97,13.95,37.86,42.16,17.51,375.34,3.48,2.11,1.14,3.34
402.0,24.84,14.24,93.71,9.48,373.45,23.25,93.54,16.82,23.25,93.54,26.03,65.97,13.95,37.86,42.16,17.51,373.45,3.47,2.09,1.08,3.34
403.0,24.84,14.24,93.71,9.48,372.1,23.25,93.54,16.82,23.25,93.54,26.03,65.97,13.95,37.86,42.16,17.51,372.1,3.45,2.09,1.08,3.34
404.0,24.8,14.24,93.79,9.49,370.53,23.24,93.53,16.82,23.24,93.53,26.05,66.02,13.98,37.84,42.18,17.5,370.53,3.43,2.08,1.12,3.34
405.0,24.8,14.24,93.79,9.49,370.06,23.24,93.53,16.82,23.24,93.53,26.05,66.02,13.98,37.84,42.18,17.5,370.06,3.43,2.07,1.12,3.34
406.0,24.83,14.24,93.69,9.48,366,23.25,93.55,16.83,23.25,93.55,26.05,66.11,14,37.85,42.17,17.51,366,3.39,2.05,1.07,3.33
407.0,24.83,14.24,93.69,9.48,362.87,23.25,93.55,16.83,23.25,93.55,26.05,66.11,14,37.85,42.17,17.51,362.87,3.37,2.03,1.07,3.33
408.0,24.83,14.24,93.69,9.48,363.43,23.25,93.55,16.83,23.25,93.55,26.05,66.11,14,37.85,42.17,17.51,363.43,3.37,2.03,1.09,3.33
409.0,24.83,14.24,93.69,9.48,364.43,23.25,93.55,16.83,23.25,93.55,26.05,66.11,14,37.85,42.17,17.51,364.43,3.38,2.04,1.11,3.33
410.0,24.83,14.27,93.56,9.48,365.3,23.26,93.54,16.83,23.26,93.54,26.03,66.14,13.99,37.85,42.17,17.51,365.3,3.39,2.04,1.11,3.35
411.0,24.83,14.27,93.56,9.48,364.34,23.26,93.54,16.83,23.26,93.54,26.03,66.14,13.99,37.85,42.17,17.51,364.34,3.38,2.04,1.06,3.35
412.0,24.82,14.26,93.46,9.47,363.69,23.26,93.56,16.84,23.26,93.56,26.14,65.43,13.92,37.84,42.15,17.49,363.69,3.37,2.03,1.06,3.35
413.0,24.82,14.26,93.46,9.47,363.36,23.26,93.56,16.84,23.26,93.56,26.14,65.43,13.92,37.84,42.15,17.49,363.36,3.38,2.02,1.12,3.35
414.0,24.82,14.26,93.46,9.47,364.4,23.26,93.56,16.84,23.26,93.56,26.14,65.43,13.92,37.84,42.15,17.49,364.4,3.39,2.03,1.16,3.35
415.0,24.82,14.26,93.46,9.47,365.76,23.26,93.56,16.84,23.26,93.56,26.14,65.43,13.92,37.84,42.15,17.49,365.76,3.4,2.04,1.16,3.35
416.0,24.82,14.27,93.54,9.49,367.09,23.25,93.59,16.84,23.25,93.59,26.24,64.85,13.88,37.82,42.17,17.48,367.09,3.41,2.04,1.17,3.35
417.0,24.82,14.27,93.54,9.49,366.58,23.25,93.59,16.84,23.25,93.59,26.24,64.85,13.88,37.82,42.17,17.48,366.58,3.4,2.03,1.17,3.35
418.0,24.84,14.27,93.47,9.48,363.19,23.26,93.63,16.85,23.26,93.63,26.3,64.78,13.91,37.82,42.2,17.49,363.19,3.37,2.01,1.12,3.35
419.0,24.84,14.27,93.47,9.48,362.17,23.26,93.63,16.85,23.26,93.63,26.3,64.78,13.91,37.82,42.2,17.49,362.17,3.37,2.01,1.12,3.35
420.0,24.84,14.27,93.47,9.48,363.37,23.26,93.63,16.85,23.26,93.63,26.3,64.78,13.91,37.82,42.2,17.49,363.37,3.38,2.02,1.15,3.35
421.0,24.84,14.27,93.47,9.48,366.91,23.26,93.63,16.85,23.26,93.63,26.3,64.78,13.91,37.82,42.2,17.49,366.91,3.41,2.03,1.15,3.35
422.0,24.87,14.29,93.48,9.49,368.67,23.25,93.68,16.85,23.25,93.68,26.28,65.11,13.97,37.8,42.22,17.48,368.67,3.42,2.04,1.14,3.36
423.0,24.87,14.29,93.48,9.49,366.5,23.25,93.68,16.85,23.25,93.68,26.28,65.11,13.97,37.8,42.22,17.48,366.5,3.4,2.03,1.14,3.36
424.0,24.88,14.33,92.99,9.46,364.32,23.25,93.69,16.86,23.25,93.69,26.24,65.34,13.99,37.81,42.26,17.51,364.32,3.38,2.02,1.1,3.38
425.0,24.88,14.33,92.99,9.46,364.88,23.25,93.69,16.86,23.25,93.69,26.24,65.34,13.99,37.81,42.26,17.51,364.88,3.39,2.03,1.1,3.38
426.0,24.88,14.33,92.99,9.46,367.78,23.25,93.69,16.86,23.25,93.69,26.24,65.34,13.99,37.81,42.26,17.51,367.78,3.42,2.04,1.11,3.38
427.0,24.88,14.33,92.99,9.46,370,23.25,93.69,16.86,23.25,93.69,26.24,65.34,13.99,37.81,42.26,17.51,370,3.44,2.06,1.13,3.38
428.0,24.9,14.33,93.24,9.49,374.66,23.24,93.73,16.86,23.24,93.73,26.22,65.32,13.96,37.8,42.3,17.51,374.66,3.47,2.08,1.13,3.38
429.0,24.9,14.33,93.24,9.49,375,23.24,93.73,16.86,23.24,93.73,26.22,65.32,13.96,37.8,42.3,17.51,375,3.48,2.09,1.12,3.38
430.0,24.91,14.33,93.25,9.49,375,23.26,93.73,16.87,23.26,93.73,26.2,65.37,13.96,37.83,42.32,17.55,375,3.48,2.09,1.12,3.39
431.0,24.91,14.33,93.25,9.49,375.01,23.26,93.73,16.87,23.26,93.73,26.2,65.37,13.96,37.83,42.32,17.55,375.01,3.48,2.1,1.16,3.38
432.0,24.91,14.33,93.25,9.49,374.29,23.26,93.73,16.87,23.26,93.73,26.2,65.37,13.96,37.83,42.32,17.55,374.29,3.47,2.09,1.12,3.38
433.0,24.91,14.33,93.25,9.49,373.33,23.26,93.73,16.87,23.26,93.73,26.2,65.37,13.96,37.83,42.32,17.55,373.33,3.47,2.09,1.12,3.38
434.0,24.9,14.36,93.15,9.5,372.44,23.26,93.75,16.87,23.26,93.75,26.23,65.02,13.91,37.82,42.39,17.57,372.44,3.45,2.09,1.15,3.4
435.0,24.9,14.36,93.15,9.5,372.08,23.26,93.75,16.87,23.26,93.75,26.23,65.02,13.91,37.82,42.39,17.57,372.08,3.45,2.08,1.15,3.4
436.0,24.9,14.35,93.47,9.53,371.92,23.26,93.75,16.88,23.26,93.75,26.27,64.72,13.88,37.82,42.45,17.6,371.92,3.45,2.08,1.13,3.4
437.0,24.9,14.35,93.47,9.53,372.05,23.26,93.75,16.88,23.26,93.75,26.27,64.72,13.88,37.82,42.45,17.6,372.05,3.44,2.09,1.13,3.4
438.0,24.9,14.35,93.47,9.53,371.18,23.26,93.75,16.88,23.26,93.75,26.27,64.72,13.88,37.82,42.45,17.6,371.18,3.44,2.09,1.12,3.4
439.0,24.9,14.35,93.47,9.53,370.44,23.26,93.75,16.88,23.26,93.75,26.27,64.72,13.88,37.82,42.45,17.6,370.44,3.43,2.08,1.12,3.4
440.0,24.88,14.36,93.55,9.54,370.36,23.27,93.73,16.88,23.27,93.73,26.27,64.63,13.86,37.82,42.5,17.62,370.36,3.42,2.09,1.14,3.4
441.0,24.88,14.36,93.55,9.54,369.38,23.27,93.73,16.88,23.27,93.73,26.27,64.63,13.86,37.82,42.5,17.62,369.38,3.41,2.08,1.14,3.4
442.0,24.86,14.35,93.53,9.54,372.75,23.27,93.68,16.87,23.27,93.68,26.33,64.21,13.81,37.81,42.53,17.63,372.75,3.44,2.1,1.13,3.4
443.0,24.86,14.35,93.53,9.54,372.86,23.27,93.68,16.87,23.27,93.68,26.33,64.21,13.81,37.81,42.53,17.63,372.86,3.45,2.1,1.15,3.4
444.0,24.86,14.35,93.53,9.54,373.51,23.27,93.68,16.87,23.27,93.68,26.33,64.21,13.81,37.81,42.53,17.63,373.51,3.45,2.11,1.15,3.4
445.0,24.86,14.35,93.53,9.54,374.07,23.27,93.68,16.87,23.27,93.68,26.33,64.21,13.81,37.81,42.53,17.63,374.07,3.46,2.11,1.13,3.4
446.0,24.86,14.35,93.86,9.57,374.8,23.28,93.67,16.88,23.28,93.67,26.4,64.03,13.83,37.83,42.53,17.64,374.8,3.46,2.11,1.13,3.4
447.0,24.86,14.35,93.86,9.57,375.31,23.28,93.67,16.88,23.28,93.67,26.4,64.03,13.83,37.83,42.53,17.64,375.31,3.46,2.12,1.12,3.4
448.0,24.85,14.34,93.98,9.57,377.15,23.29,93.7,16.89,23.29,93.7,26.46,64,13.88,37.83,42.54,17.65,377.15,3.48,2.13,1.1,3.4
449.0,24.85,14.34,93.98,9.57,379.25,23.29,93.7,16.89,23.29,93.7,26.46,64,13.88,37.83,42.54,17.65,379.25,3.5,2.14,1.1,3.4
450.0,24.85,14.34,93.98,9.57,381,23.29,93.7,16.89,23.29,93.7,26.46,64,13.88,37.83,42.54,17.65,381,3.52,2.15,1.12,3.4
451.0,24.85,14.34,93.98,9.57,381.13,23.29,93.7,16.89,23.29,93.7,26.46,64,13.88,37.83,42.54,17.65,381.13,3.52,2.15,1.12,3.4
452.0,24.85,14.32,94.09,9.57,381.12,23.29,93.69,16.9,23.29,93.69,26.52,64.08,13.94,37.84,42.53,17.65,381.12,3.53,2.15,1.14,3.39
453.0,24.85,14.32,94.09,9.57,380.87,23.29,93.69,16.9,23.29,93.69,26.52,64.08,13.94,37.84,42.53,17.65,380.87,3.52,2.15,1.14,3.39
454.0,24.83,14.32,93.99,9.56,378.09,23.29,93.69,16.9,23.29,93.69,26.57,64.19,14.01,37.85,42.52,17.65,378.09,3.5,2.14,1.13,3.39
455.0,24.83,14.32,93.99,9.56,376.06,23.29,93.69,16.9,23.29,93.69,26.57,64.19,14.01,37.85,42.52,17.65,376.06,3.48,2.12,1.13,3.39
456.0,24.83,14.32,93.99,9.56,370.31,23.29,93.69,16.9,23.29,93.69,26.57,64.19,14.01,37.85,42.52,17.65,370.31,3.43,2.09,1.13,3.39
457.0,24.83,14.32,93.99,9.56,368.76,23.29,93.69,16.9,23.29,93.69,26.57,64.19,14.01,37.85,42.52,17.65,368.76,3.41,2.08,1.13,3.39
458.0,24.82,14.31,93.92,9.55,368.27,23.3,93.7,16.91,23.3,93.7,26.57,64.49,14.08,37.86,42.48,17.65,368.27,3.42,2.08,1.15,3.38
459.0,24.82,14.31,93.92,9.55,368.91,23.3,93.7,16.91,23.3,93.7,26.57,64.49,14.08,37.86,42.48,17.65,368.91,3.42,2.08,1.11,3.38
460.0,24.81,14.28,94.17,9.56,369.31,23.29,93.71,16.9,23.29,93.71,26.53,64.95,14.15,37.85,42.46,17.64,369.31,3.43,2.08,1.11,3.37
461.0,24.81,14.28,94.17,9.56,369.35,23.29,93.71,16.9,23.29,93.71,26.53,64.95,14.15,37.85,42.46,17.64,369.35,3.43,2.08,1.14,3.37
462.0,24.81,14.28,94.17,9.56,367.12,23.29,93.71,16.9,23.29,93.71,26.53,64.95,14.15,37.85,42.46,17.64,367.12,3.41,2.07,1.14,3.37
463.0,24.81,14.28,94.17,9.56,367.15,23.29,93.71,16.9,23.29,93.71,26.53,64.95,14.15,37.85,42.46,17.64,367.15,3.41,2.07,1.13,3.37
464.0,24.81,14.27,94.08,9.54,368.96,23.29,93.76,16.9,23.29,93.76,26.45,65.4,14.18,37.84,42.45,17.62,368.96,3.43,2.07,1.11,3.36
465.0,24.81,14.27,94.08,9.54,370.37,23.29,93.76,16.9,23.29,93.76,26.45,65.4,14.18,37.84,42.45,17.62,370.37,3.44,2.08,1.11,3.36
466.0,24.82,14.27,94.19,9.55,368.63,23.3,93.77,16.92,23.3,93.77,26.38,65.66,14.18,37.86,42.43,17.62,368.63,3.43,2.07,1.09,3.36
467.0,24.82,14.27,94.19,9.55,368.75,23.3,93.77,16.92,23.3,93.77,26.38,65.66,14.18,37.86,42.43,17.62,368.75,3.43,2.07,1.09,3.36
468.0,24.82,14.27,94.19,9.55,368.11,23.3,93.77,16.92,23.3,93.77,26.38,65.66,14.18,37.86,42.43,17.62,368.11,3.43,2.06,1.11,3.36
469.0,24.82,14.27,94.19,9.55,367.58,23.3,93.77,16.92,23.3,93.77,26.38,65.66,14.18,37.86,42.43,17.62,367.58,3.42,2.06,1.11,3.36
470.0,24.83,14.29,93.9,9.53,366.72,23.3,93.79,16.92,23.3,93.79,26.36,65.53,14.13,37.86,42.39,17.61,366.72,3.42,2.05,1.12,3.37
471.0,24.83,14.29,93.9,9.53,364.91,23.3,93.79,16.92,23.3,93.79,26.36,65.53,14.13,37.86,42.39,17.61,364.91,3.4,2.04,1.12,3.37
472.0,24.81,14.27,93.97,9.53,362.59,23.3,93.83,16.93,23.3,93.83,26.37,65.22,14.07,37.87,42.36,17.6,362.59,3.38,2.03,1.09,3.36
473.0,24.81,14.27,93.97,9.53,362.51,23.3,93.83,16.93,23.3,93.83,26.37,65.22,14.07,37.87,42.36,17.6,362.51,3.38,2.02,1.09,3.36
474.0,24.81,14.27,93.97,9.53,366.23,23.3,93.83,16.93,23.3,93.83,26.37,65.22,14.07,37.87,42.36,17.6,366.23,3.42,2.05,1.09,3.36
475.0,24.81,14.27,93.97,9.53,368.07,23.3,93.83,16.93,23.3,93.83,26.37,65.22,14.07,37.87,42.36,17.6,368.07,3.43,2.06,1.1,3.36
476.0,24.8,14.27,94.04,9.54,372.01,23.3,93.85,16.93,23.3,93.85,26.39,65.03,14.05,37.87,42.34,17.6,372.01,3.47,2.07,1.1,3.36
477.0,24.8,14.27,94.04,9.54,372.75,23.3,93.85,16.93,23.3,93.85,26.39,65.03,14.05,37.87,42.34,17.6,372.75,3.48,2.08,1.1,3.36
478.0,24.8,14.27,94.04,9.54,369.88,23.3,93.85,16.93,23.3,93.85,26.39,65.03,14.05,37.87,42.34,17.6,369.88,3.45,2.06,1.1,3.36
479.0,24.82,14.3,93.52,9.5,366.26,23.3,93.83,16.93,23.3,93.83,26.38,65.07,14.05,37.87,42.34,17.6,366.26,3.42,2.04,1.14,3.37
480.0,24.82,14.3,93.52,9.5,365.46,23.3,93.83,16.93,23.3,93.83,26.38,65.07,14.05,37.87,42.34,17.6,365.46,3.42,2.04,1.14,3.37
481.0,24.82,14.3,93.52,9.5,367.08,23.3,93.83,16.93,23.3,93.83,26.38,65.07,14.05,37.87,42.34,17.6,367.08,3.43,2.05,1.12,3.37
482.0,24.86,14.29,93.86,9.53,366.49,23.3,93.82,16.93,23.3,93.82,26.36,65.1,14.04,37.88,42.34,17.61,366.49,3.42,2.05,1.16,3.37
483.0,24.86,14.29,93.86,9.53,362.66,23.3,93.82,16.93,23.3,93.82,26.36,65.1,14.04,37.88,42.34,17.61,362.66,3.38,2.03,1.16,3.37
484.0,24.86,14.29,93.86,9.53,359.52,23.3,93.82,16.93,23.3,93.82,26.36,65.1,14.04,37.88,42.34,17.61,359.52,3.35,2.01,1.13,3.37
485.0,24.89,14.3,93.59,9.51,361.53,23.31,93.76,16.93,23.31,93.76,26.35,65.1,14.03,37.88,42.38,17.63,361.53,3.37,2.02,1.13,3.37
486.0,24.89,14.3,93.59,9.51,362.86,23.31,93.76,16.93,23.31,93.76,26.35,65.1,14.03,37.88,42.38,17.63,362.86,3.39,2.03,1.13,3.37
487.0,24.89,14.3,93.59,9.51,362.75,23.31,93.76,16.93,23.31,93.76,26.35,65.1,14.03,37.88,42.38,17.63,362.75,3.39,2.03,1.13,3.37
488.0,24.91,14.3,93.49,9.5,360.69,23.31,93.73,16.93,23.31,93.73,26.32,65.2,14.03,37.88,42.45,17.65,360.69,3.37,2.03,1.14,3.37
489.0,24.91,14.3,93.49,9.5,359.77,23.31,93.73,16.93,23.31,93.73,26.32,65.2,14.03,37.88,42.45,17.65,359.77,3.36,2.02,1.14,3.37
490.0,24.91,14.3,93.49,9.5,356.13,23.31,93.73,16.93,23.31,93.73,26.32,65.2,14.03,37.88,42.45,17.65,356.13,3.33,2.0,1.1,3.37
491.0,24.92,14.3,93.65,9.51,356.78,23.32,93.71,16.93,23.32,93.71,26.28,65.38,14.03,37.87,42.51,17.67,356.78,3.34,2.01,1.1,3.37
492.0,24.92,14.3,93.65,9.51,365.06,23.32,93.71,16.93,23.32,93.71,26.28,65.38,14.03,37.87,42.51,17.67,365.06,3.41,2.06,1.16,3.37
493.0,24.92,14.3,93.65,9.51,365.37,23.32,93.71,16.93,23.32,93.71,26.28,65.38,14.03,37.87,42.51,17.67,365.37,3.41,2.06,1.14,3.37
494.0,24.91,14.33,93.2,9.49,366.04,23.32,93.69,16.93,23.32,93.69,26.25,65.54,14.04,37.87,42.57,17.7,366.04,3.42,2.07,1.14,3.39
495.0,24.91,14.33,93.2,9.49,366.73,23.32,93.69,16.93,23.32,93.69,26.25,65.54,14.04,37.87,42.57,17.7,366.73,3.43,2.07,1.13,3.39
496.0,24.92,14.32,93.48,9.51,369.66,23.33,93.69,16.94,23.33,93.69,26.23,65.62,14.04,37.86,42.61,17.71,369.66,3.46,2.09,1.13,3.38
497.0,24.92,14.32,93.48,9.51,370.34,23.33,93.69,16.94,23.33,93.69,26.23,65.62,14.04,37.86,42.61,17.71,370.34,3.46,2.09,1.15,3.38
498.0,24.92,14.32,93.48,9.51,368.29,23.33,93.69,16.94,23.33,93.69,26.23,65.62,14.04,37.86,42.61,17.71,368.29,3.44,2.08,1.13,3.38
499.0,24.92,14.32,93.48,9.51,367.38,23.33,93.69,16.94,23.33,93.69,26.23,65.62,14.04,37.86,42.61,17.71,367.38,3.43,2.08,1.13,3.38
500.0,24.93,14.32,93.37,9.5,367.4,23.33,93.66,16.93,23.33,93.66,26.29,65.24,14.01,37.86,42.62,17.71,367.4,3.44,2.08,1.17,3.39
501.0,24.93,14.32,93.37,9.5,367.25,23.33,93.66,16.93,23.33,93.66,26.29,65.24,14.01,37.86,42.62,17.71,367.25,3.44,2.08,1.17,3.39
502.0,24.91,14.32,93.59,9.52,367.98,23.34,93.67,16.94,23.34,93.67,26.41,64.68,13.99,37.87,42.6,17.71,367.98,3.44,2.08,1.14,3.38
503.0,24.91,14.32,93.59,9.52,369.9,23.34,93.67,16.94,23.34,93.67,26.41,64.68,13.99,37.87,42.6,17.71,369.9,3.46,2.09,1.14,3.38
504.0,24.91,14.32,93.59,9.52,372.41,23.34,93.67,16.94,23.34,93.67,26.41,64.68,13.99,37.87,42.6,17.71,372.41,3.48,2.11,1.15,3.38
505.0,24.91,14.32,93.59,9.52,372.96,23.34,93.67,16.94,23.34,93.67,26.41,64.68,13.99,37.87,42.6,17.71,372.96,3.49,2.11,1.15,3.38
506.0,24.87,14.36,93.48,9.53,370.82,23.34,93.69,16.95,23.34,93.69,26.46,64.65,14.02,37.88,42.59,17.72,370.82,3.46,2.1,1.17,3.41
507.0,24.87,14.36,93.48,9.53,370.16,23.34,93.69,16.95,23.34,93.69,26.46,64.65,14.02,37.88,42.59,17.72,370.16,3.45,2.09,1.17,3.41
508.0,24.85,14.36,93.36,9.52,369.96,23.34,93.7,16.95,23.34,93.7,26.47,64.77,14.06,37.89,42.55,17.71,369.96,3.45,2.09,1.15,3.41
509.0,24.85,14.36,93.36,9.52,370.42,23.34,93.7,16.95,23.34,93.7,26.47,64.77,14.06,37.89,42.55,17.71,370.42,3.46,2.09,1.16,3.41
510.0,24.85,14.36,93.36,9.52,373.02,23.34,93.7,16.95,23.34,93.7,26.47,64.77,14.06,37.89,42.55,17.71,373.02,3.48,2.11,1.16,3.41
511.0,24.85,14.36,93.36,9.52,373.58,23.34,93.7,16.95,23.34,93.7,26.47,64.77,14.06,37.89,42.55,17.71,373.58,3.49,2.11,1.17,3.41
512.0,24.85,14.35,93.71,9.55,373.92,23.34,93.71,16.95,23.34,93.71,26.44,65.02,14.09,37.9,42.49,17.69,373.92,3.49,2.11,1.17,3.41
513.0,24.85,14.35,93.71,9.55,373.62,23.34,93.71,16.95,23.34,93.71,26.44,65.02,14.09,37.9,42.49,17.69,373.62,3.48,2.1,1.17,3.41
514.0,24.86,14.34,93.68,9.54,373.02,23.34,93.74,16.96,23.34,93.74,26.47,64.8,14.06,37.9,42.44,17.67,373.02,3.48,2.1,1.16,3.4
515.0,24.86,14.34,93.68,9.54,373.64,23.34,93.74,16.96,23.34,93.74,26.47,64.8,14.06,37.9,42.44,17.67,373.64,3.49,2.1,1.16,3.4
516.0,24.86,14.34,93.68,9.54,376.9,23.34,93.74,16.96,23.34,93.74,26.47,64.8,14.06,37.9,42.44,17.67,376.9,3.52,2.12,1.16,3.4
517.0,24.86,14.34,93.68,9.54,378.45,23.34,93.74,16.96,23.34,93.74,26.47,64.8,14.06,37.9,42.44,17.67,378.45,3.53,2.12,1.16,3.4
518.0,24.87,14.33,93.79,9.54,379.87,23.34,93.74,16.96,23.34,93.74,26.56,64.24,14.02,37.9,42.4,17.65,379.87,3.55,2.13,1.16,3.39
519.0,24.87,14.33,93.79,9.54,379.8,23.34,93.74,16.96,23.34,93.74,26.56,64.24,14.02,37.9,42.4,17.65,379.8,3.55,2.13,1.16,3.39
520.0,24.89,14.32,93.93,9.56,378.05,23.34,93.75,16.96,23.34,93.75,26.56,64.35,14.04,37.9,42.37,17.64,378.05,3.53,2.12,1.18,3.39
521.0,24.89,14.32,93.93,9.56,377.2,23.34,93.75,16.96,23.34,93.75,26.56,64.35,14.04,37.9,42.37,17.64,377.2,3.52,2.11,1.18,3.39
522.0,24.89,14.32,93.93,9.56,375.74,23.34,93.75,16.96,23.34,93.75,26.56,64.35,14.04,37.9,42.37,17.64,375.74,3.51,2.1,1.18,3.39
523.0,24.89,14.32,93.93,9.56,374.85,23.34,93.75,16.96,23.34,93.75,26.56,64.35,14.04,37.9,42.37,17.64,374.85,3.5,2.09,1.18,3.39
524.0,24.9,14.33,93.84,9.55,374.38,23.34,93.77,16.97,23.34,93.77,26.55,64.67,14.1,37.9,42.36,17.64,374.38,3.5,2.09,1.11,3.4
525.0,24.9,14.33,93.84,9.55,375.22,23.34,93.77,16.97,23.34,93.77,26.55,64.67,14.1,37.9,42.36,17.64,375.22,3.5,2.09,1.16,3.4
526.0,24.91,14.33,93.62,9.53,375.68,23.34,93.78,16.97,23.34,93.78,26.53,64.88,14.14,37.9,42.35,17.64,375.68,3.51,2.09,1.16,3.4
527.0,24.91,14.33,93.62,9.53,375.71,23.34,93.78,16.97,23.34,93.78,26.53,64.88,14.14,37.9,42.35,17.64,375.71,3.52,2.09,1.15,3.4
528.0,24.91,14.33,93.62,9.53,377.04,23.34,93.78,16.97,23.34,93.78,26.53,64.88,14.14,37.9,42.35,17.64,377.04,3.53,2.1,1.15,3.4
529.0,24.91,14.33,93.62,9.53,376.87,23.34,93.78,16.97,23.34,93.78,26.53,64.88,14.14,37.9,42.35,17.64,376.87,3.53,2.1,1.16,3.4
530.0,24.92,14.33,93.57,9.52,375,23.34,93.81,16.97,23.34,93.81,26.47,65.2,14.15,37.9,42.33,17.62,375,3.51,2.09,1.15,3.4
531.0,24.92,14.33,93.57,9.52,372.5,23.34,93.81,16.97,23.34,93.81,26.47,65.2,14.15,37.9,42.33,17.62,372.5,3.49,2.07,1.15,3.4
532.0,24.91,14.33,93.61,9.53,368.89,23.34,93.81,16.97,23.34,93.81,26.39,65.46,14.14,37.9,42.29,17.61,368.89,3.46,2.05,1.16,3.4
533.0,24.91,14.33,93.61,9.53,367.5,23.34,93.81,16.97,23.34,93.81,26.39,65.46,14.14,37.9,42.29,17.61,367.5,3.44,2.04,1.16,3.4
534.0,24.91,14.33,93.61,9.53,364.92,23.34,93.81,16.97,23.34,93.81,26.39,65.46,14.14,37.9,42.29,17.61,364.92,3.42,2.02,1.16,3.4
535.0,24.91,14.33,93.61,9.53,365.37,23.34,93.81,16.97,23.34,93.81,26.39,65.46,14.14,37.9,42.29,17.61,365.37,3.42,2.03,1.16,3.4
536.0,24.9,14.32,93.83,9.55,368.03,23.34,93.82,16.97,23.34,93.82,26.34,65.53,14.11,37.89,42.25,17.58,368.03,3.44,2.03,1.12,3.4
537.0,24.9,14.32,93.83,9.55,369.96,23.34,93.82,16.97,23.34,93.82,26.34,65.53,14.11,37.89,42.25,17.58,369.96,3.46,2.04,1.12,3.4
538.0,24.89,14.32,93.74,9.54,372.01,23.34,93.83,16.98,23.34,93.83,26.28,65.67,14.1,37.89,42.24,17.57,372.01,3.48,2.05,1.15,3.4
539.0,24.89,14.32,93.74,9.54,372.27,23.34,93.83,16.98,23.34,93.83,26.28,65.67,14.1,37.89,42.24,17.57,372.27,3.49,2.05,1.13,3.4
540.0,24.89,14.32,93.74,9.54,371.89,23.34,93.83,16.98,23.34,93.83,26.28,65.67,14.1,37.89,42.24,17.57,371.89,3.48,2.05,1.13,3.4
541.0,24.89,14.32,93.74,9.54,372.26,23.34,93.83,16.98,23.34,93.83,26.28,65.67,14.1,37.89,42.24,17.57,372.26,3.49,2.05,1.14,3.4
542.0,24.88,14.32,93.9,9.55,373.83,23.35,93.83,16.99,23.35,93.83,26.25,65.85,14.11,37.9,42.25,17.59,373.83,3.5,2.06,1.14,3.4
543.0,24.88,14.32,93.9,9.55,374.03,23.35,93.83,16.99,23.35,93.83,26.25,65.85,14.11,37.9,42.25,17.59,374.03,3.5,2.06,1.15,3.4
544.0,24.89,14.31,94.05,9.56,374.25,23.34,93.87,16.99,23.34,93.87,26.2,66.13,14.12,37.89,42.28,17.59,374.25,3.5,2.06,1.14,3.39
545.0,24.89,14.31,94.05,9.56,373.65,23.34,93.87,16.99,23.34,93.87,26.2,66.13,14.12,37.89,42.28,17.59,373.65,3.5,2.06,1.14,3.39
546.0,24.89,14.31,94.05,9.56,371.8,23.34,93.87,16.99,23.34,93.87,26.2,66.13,14.12,37.89,42.28,17.59,371.8,3.48,2.05,1.16,3.39
547.0,24.89,14.31,94.05,9.56,372.1,23.34,93.87,16.99,23.34,93.87,26.2,66.13,14.12,37.89,42.28,17.59,372.1,3.48,2.05,1.16,3.39
548.0,24.91,14.3,93.98,9.55,369.41,23.34,93.91,16.99,23.34,93.91,26.15,66.33,14.13,37.89,42.31,17.61,369.41,3.47,2.04,1.14,3.38
549.0,24.91,14.3,93.98,9.55,368.72,23.34,93.91,16.99,23.34,93.91,26.15,66.33,14.13,37.89,42.31,17.61,368.72,3.46,2.04,1.14,3.38
550.0,24.91,14.31,93.83,9.54,372.24,23.34,93.93,17,23.34,93.93,26.14,66.38,14.13,37.89,42.34,17.62,372.24,3.49,2.06,1.15,3.39
551.0,24.91,14.31,93.83,9.54,372.61,23.34,93.93,17,23.34,93.93,26.14,66.38,14.13,37.89,42.34,17.62,372.61,3.5,2.06,1.15,3.39
552.0,24.91,14.31,93.83,9.54,371.85,23.34,93.93,17,23.34,93.93,26.14,66.38,14.13,37.89,42.34,17.62,371.85,3.49,2.06,1.14,3.39
553.0,24.91,14.31,93.83,9.54,368.76,23.34,93.93,17,23.34,93.93,26.14,66.38,14.13,37.89,42.34,17.62,368.76,3.46,2.04,1.14,3.39
554.0,24.89,14.28,93.94,9.53,366.5,23.34,93.94,16.99,23.34,93.94,26.1,66.53,14.13,37.88,42.37,17.62,366.5,3.44,2.03,1.12,3.38
555.0,24.89,14.28,93.94,9.53,366.27,23.34,93.94,16.99,23.34,93.94,26.1,66.53,14.13,37.88,42.37,17.62,366.27,3.44,2.03,1.16,3.38
556.0,24.86,14.29,93.92,9.54,369.98,23.34,93.96,17,23.34,93.96,26.07,66.58,14.12,37.89,42.4,17.64,369.98,3.48,2.05,1.16,3.38
557.0,24.86,14.29,93.92,9.54,373.39,23.34,93.96,17,23.34,93.96,26.07,66.58,14.12,37.89,42.4,17.64,373.39,3.51,2.07,1.12,3.38
558.0,24.86,14.29,93.92,9.54,375.85,23.34,93.96,17,23.34,93.96,26.07,66.58,14.12,37.89,42.4,17.64,375.85,3.53,2.09,1.12,3.38
559.0,24.86,14.29,93.92,9.54,374.79,23.34,93.96,17,23.34,93.96,26.07,66.58,14.12,37.89,42.4,17.64,374.79,3.52,2.08,1.16,3.38
560.0,24.83,14.27,94.12,9.54,374.28,23.34,93.98,17,23.34,93.98,26.03,66.57,14.08,37.89,42.41,17.65,374.28,3.52,2.08,1.16,3.37
561.0,24.83,14.27,94.12,9.54,374.21,23.34,93.98,17,23.34,93.98,26.03,66.57,14.08,37.89,42.41,17.65,374.21,3.52,2.08,1.16,3.37
562.0,24.82,14.27,93.93,9.52,373.8,23.34,93.98,17,23.34,93.98,25.99,66.45,14.02,37.89,42.41,17.65,373.8,3.52,2.08,1.12,3.37
563.0,24.82,14.27,93.93,9.52,374.14,23.34,93.98,17,23.34,93.98,25.99,66.45,14.02,37.89,42.41,17.65,374.14,3.52,2.08,1.12,3.37
564.0,24.82,14.27,93.93,9.52,375.87,23.34,93.98,17,23.34,93.98,25.99,66.45,14.02,37.89,42.41,17.65,375.87,3.54,2.09,1.12,3.37
565.0,24.82,14.27,93.93,9.52,375.33,23.34,93.98,17,23.34,93.98,25.99,66.45,14.02,37.89,42.41,17.65,375.33,3.54,2.08,1.12,3.36
566.0,24.81,14.26,93.8,9.51,371.36,23.34,93.96,17,23.34,93.96,26.12,65.39,13.9,37.88,42.43,17.65,371.36,3.5,2.06,1.15,3.36
567.0,24.81,14.26,93.8,9.51,370.18,23.34,93.96,17,23.34,93.96,26.12,65.39,13.9,37.88,42.43,17.65,370.18,3.49,2.06,1.15,3.36
568.0,24.8,14.26,93.71,9.49,369.4,23.34,93.95,16.99,23.34,93.95,26.24,64.68,13.85,37.87,42.47,17.66,369.4,3.48,2.05,1.11,3.36
569.0,24.8,14.26,93.71,9.49,368.45,23.34,93.95,16.99,23.34,93.95,26.24,64.68,13.85,37.87,42.47,17.66,368.45,3.48,2.05,1.11,3.36
570.0,24.8,14.26,93.71,9.49,365.46,23.34,93.95,16.99,23.34,93.95,26.24,64.68,13.85,37.87,42.47,17.66,365.46,3.45,2.03,1.11,3.36
571.0,24.8,14.26,93.71,9.49,365.41,23.34,93.95,16.99,23.34,93.95,26.24,64.68,13.85,37.87,42.47,17.66,365.41,3.45,2.03,1.11,3.36
572.0,24.82,14.24,94.06,9.52,365.45,23.35,93.95,17,23.35,93.95,26.26,64.79,13.88,37.89,42.54,17.7,365.45,3.45,2.04,1.12,3.35
573.0,24.82,14.24,94.06,9.52,365.44,23.35,93.95,17,23.35,93.95,26.26,64.79,13.88,37.89,42.54,17.7,365.44,3.45,2.04,1.16,3.35
574.0,24.83,14.23,93.97,9.5,365.36,23.35,93.93,17,23.35,93.93,26.22,65.03,13.9,37.88,42.61,17.73,365.36,3.45,2.04,1.16,3.34
575.0,24.83,14.23,93.97,9.5,362.52,23.35,93.93,17,23.35,93.93,26.22,65.03,13.9,37.88,42.61,17.73,362.52,3.43,2.04,1.19,3.34
576.0,24.83,14.23,93.97,9.5,359.75,23.35,93.93,17,23.35,93.93,26.22,65.03,13.9,37.88,42.61,17.73,359.75,3.4,2.02,1.19,3.34
577.0,24.83,14.23,93.97,9.5,358.4,23.35,93.93,17,23.35,93.93,26.22,65.03,13.9,37.88,42.61,17.73,358.4,3.39,2.01,1.09,3.34
578.0,24.83,14.24,93.82,9.49,355.99,23.35,93.91,17,23.35,93.91,26.16,65.28,13.91,37.88,42.63,17.73,355.99,3.36,2.0,1.13,3.35
579.0,24.83,14.24,93.82,9.49,355.68,23.35,93.91,17,23.35,93.91,26.16,65.28,13.91,37.88,42.63,17.73,355.68,3.36,2.0,1.13,3.34
580.0,24.85,14.25,93.71,9.49,355.43,23.35,93.92,17,23.35,93.92,26.1,65.44,13.9,37.87,42.66,17.74,355.43,3.36,2.0,1.12,3.35
581.0,24.85,14.25,93.71,9.49,357.53,23.35,93.92,17,23.35,93.92,26.1,65.44,13.9,37.87,42.66,17.74,357.53,3.38,2.01,1.12,3.35
582.0,24.85,14.25,93.71,9.49,359.61,23.35,93.92,17,23.35,93.92,26.1,65.44,13.9,37.87,42.66,17.74,359.61,3.4,2.02,1.11,3.35
583.0,24.85,14.25,93.71,9.49,362.7,23.35,93.92,17,23.35,93.92,26.1,65.44,13.9,37.87,42.66,17.74,362.7,3.43,2.04,1.11,3.35
584.0,24.84,14.25,93.65,9.48,367.93,23.36,93.89,17,23.36,93.89,26.07,65.4,13.86,37.87,42.67,17.74,367.93,3.48,2.07,1.07,3.35
585.0,24.84,14.25,93.65,9.48,367.15,23.36,93.89,17,23.36,93.89,26.07,65.4,13.86,37.87,42.67,17.74,367.15,3.47,2.06,1.07,3.35
586.0,24.83,14.29,93.21,9.46,363.42,23.36,93.93,17.01,23.36,93.93,26.06,65.17,13.8,37.87,42.65,17.73,363.42,3.44,2.04,1.13,3.37
587.0,24.83,14.29,93.21,9.46,361.72,23.36,93.93,17.01,23.36,93.93,26.06,65.17,13.8,37.87,42.65,17.73,361.72,3.43,2.03,1.13,3.37
588.0,24.83,14.29,93.21,9.46,361.39,23.36,93.93,17.01,23.36,93.93,26.06,65.17,13.8,37.87,42.65,17.73,361.39,3.42,2.03,1.15,3.37
589.0,24.83,14.29,93.21,9.46,358.74,23.36,93.93,17.01,23.36,93.93,26.06,65.17,13.8,37.87,42.65,17.73,358.74,3.4,2.01,1.15,3.37
590.0,24.82,14.3,93.16,9.46,357.99,23.36,93.93,17.02,23.36,93.93,26.11,64.8,13.76,37.88,42.63,17.73,357.99,3.39,2.0,1.16,3.37
591.0,24.82,14.3,93.16,9.46,359.24,23.36,93.93,17.02,23.36,93.93,26.11,64.8,13.76,37.88,42.63,17.73,359.24,3.4,2.01,1.15,3.37
592.0,24.82,14.33,93.09,9.47,361.47,23.36,93.95,17.02,23.36,93.95,26.12,64.7,13.75,37.88,42.6,17.72,361.47,3.43,2.02,1.15,3.39
593.0,24.82,14.33,93.09,9.47,365.14,23.36,93.95,17.02,23.36,93.95,26.12,64.7,13.75,37.88,42.6,17.72,365.14,3.45,2.04,1.18,3.39
594.0,24.82,14.33,93.09,9.47,364.08,23.36,93.95,17.02,23.36,93.95,26.12,64.7,13.75,37.88,42.6,17.72,364.08,3.44,2.04,1.18,3.39
595.0,24.82,14.33,93.09,9.47,360.57,23.36,93.95,17.02,23.36,93.95,26.12,64.7,13.75,37.88,42.6,17.72,360.57,3.41,2.02,1.15,3.39
596.0,24.84,14.32,93.1,9.47,358.56,23.36,93.97,17.02,23.36,93.97,26.1,64.81,13.75,37.88,42.6,17.72,358.56,3.39,2.0,1.12,3.39
597.0,24.84,14.32,93.1,9.47,358.3,23.36,93.97,17.02,23.36,93.97,26.1,64.81,13.75,37.88,42.6,17.72,358.3,3.39,2.0,1.12,3.39
598.0,24.84,14.32,93.1,9.47,359.82,23.36,93.97,17.02,23.36,93.97,26.1,64.81,13.75,37.88,42.6,17.72,359.82,3.41,2.01,1.14,3.39
599.0,24.86,14.34,93.13,9.49,365.36,23.36,93.99,17.02,23.36,93.99,26.05,64.99,13.76,37.88,42.61,17.72,365.36,3.45,2.04,1.14,3.4
600.0,24.86,14.34,93.13,9.49,366.88,23.36,93.99,17.02,23.36,93.99,26.05,64.99,13.76,37.88,42.61,17.72,366.88,3.47,2.05,1.17,3.4
601.0,24.88,14.35,93.13,9.49,368.11,23.36,93.99,17.03,23.36,93.99,26.04,64.9,13.73,37.88,42.63,17.73,368.11,3.48,2.06,1.17,3.41
602.0,24.88,14.35,93.13,9.49,368.06,23.36,93.99,17.03,23.36,93.99,26.04,64.9,13.73,37.88,42.63,17.73,368.06,3.48,2.06,1.14,3.41
603.0,24.88,14.35,93.13,9.49,368.57,23.36,93.99,17.03,23.36,93.99,26.04,64.9,13.73,37.88,42.63,17.73,368.57,3.48,2.06,1.14,3.41
604.0,24.88,14.35,93.13,9.49,368.41,23.36,93.99,17.03,23.36,93.99,26.04,64.9,13.73,37.88,42.63,17.73,368.41,3.48,2.06,1.14,3.41
605.0,24.86,14.34,93.35,9.51,365.51,23.37,93.98,17.03,23.37,93.98,26.04,64.79,13.71,37.88,42.65,17.74,365.51,3.45,2.05,1.14,3.4
606.0,24.86,14.34,93.35,9.51,367.48,23.37,93.98,17.03,23.37,93.98,26.04,64.79,13.71,37.88,42.65,17.74,367.48,3.47,2.06,1.14,3.4
607.0,24.87,14.37,93.13,9.51,367.51,23.37,93.97,17.03,23.37,93.97,26.03,64.78,13.7,37.88,42.71,17.76,367.51,3.47,2.06,1.15,3.42
608.0,24.87,14.37,93.13,9.51,366.17,23.37,93.97,17.03,23.37,93.97,26.03,64.78,13.7,37.88,42.71,17.76,366.17,3.45,2.05,1.15,3.42
609.0,24.87,14.37,93.13,9.51,364.56,23.37,93.97,17.03,23.37,93.97,26.03,64.78,13.7,37.88,42.71,17.76,364.56,3.44,2.05,1.14,3.42
610.0,24.87,14.37,93.13,9.51,362.36,23.37,93.97,17.03,23.37,93.97,26.03,64.78,13.7,37.88,42.71,17.76,362.36,3.42,2.03,1.14,3.42
611.0,24.87,14.35,93.46,9.53,359.03,23.37,93.97,17.03,23.37,93.97,26.02,64.79,13.68,37.88,42.73,17.77,359.03,3.38,2.02,1.17,3.41
612.0,24.87,14.35,93.46,9.53,358.65,23.37,93.97,17.03,23.37,93.97,26.02,64.79,13.68,37.88,42.73,17.77,358.65,3.38,2.01,1.17,3.41
613.0,24.87,14.35,93.65,9.54,355.84,23.37,94.01,17.04,23.37,94.01,26,64.84,13.68,37.88,42.71,17.77,355.84,3.35,2.0,1.16,3.41
614.0,24.87,14.35,93.65,9.54,356.82,23.37,94.01,17.04,23.37,94.01,26,64.84,13.68,37.88,42.71,17.77,356.82,3.36,2.0,1.16,3.41
615.0,24.87,14.35,93.65,9.54,360.67,23.37,94.01,17.04,23.37,94.01,26,64.84,13.68,37.88,42.71,17.77,360.67,3.4,2.02,1.16,3.41
616.0,24.87,14.35,93.65,9.54,362.33,23.37,94.01,17.04,23.37,94.01,26,64.84,13.68,37.88,42.71,17.77,362.33,3.41,2.03,1.17,3.41
617.0,24.85,14.36,93.45,9.53,363.92,23.37,94.05,17.05,23.37,94.05,26.01,64.92,13.7,37.88,42.69,17.75,363.92,3.43,2.04,1.17,3.42
618.0,24.85,14.36,93.45,9.53,362.94,23.37,94.05,17.05,23.37,94.05,26.01,64.92,13.7,37.88,42.69,17.75,362.94,3.42,2.03,1.17,3.42
619.0,24.85,14.34,93.72,9.55,362.55,23.37,94.06,17.05,23.37,94.06,26.02,64.94,13.72,37.87,42.64,17.73,362.55,3.42,2.03,1.15,3.41
620.0,24.85,14.34,93.72,9.55,363.05,23.37,94.06,17.05,23.37,94.06,26.02,64.94,13.72,37.87,42.64,17.73,363.05,3.42,2.02,1.15,3.41
621.0,24.85,14.34,93.72,9.55,364.08,23.37,94.06,17.05,23.37,94.06,26.02,64.94,13.72,37.87,42.64,17.73,364.08,3.43,2.03,1.15,3.41
622.0,24.85,14.34,93.72,9.55,365.53,23.37,94.06,17.05,23.37,94.06,26.02,64.94,13.72,37.87,42.64,17.73,365.53,3.44,2.04,1.15,3.41
623.0,24.84,14.33,93.91,9.56,362.95,23.37,94.07,17.05,23.37,94.07,26.02,65.04,13.74,37.88,42.59,17.71,362.95,3.42,2.01,1.17,3.4
624.0,24.84,14.33,93.91,9.56,361.84,23.37,94.07,17.05,23.37,94.07,26.02,65.04,13.74,37.88,42.59,17.71,361.84,3.41,2.01,1.17,3.4
625.0,24.85,14.34,93.79,9.55,359.73,23.37,94.06,17.05,23.37,94.06,26,65.15,13.75,37.88,42.52,17.68,359.73,3.39,2.0,1.12,3.41
626.0,24.85,14.34,93.79,9.55,359.41,23.37,94.06,17.05,23.37,94.06,26,65.15,13.75,37.88,42.52,17.68,359.41,3.38,1.99,1.12,3.41
627.0,24.85,14.34,93.79,9.55,363.18,23.37,94.06,17.05,23.37,94.06,26,65.15,13.75,37.88,42.52,17.68,363.18,3.42,2.01,1.13,3.41
628.0,24.85,14.34,93.79,9.55,363.61,23.37,94.06,17.05,23.37,94.06,26,65.15,13.75,37.88,42.52,17.68,363.61,3.42,2.01,1.13,3.41
629.0,24.85,14.35,93.64,9.54,363.23,23.37,94.06,17.05,23.37,94.06,25.98,65.16,13.73,37.87,42.43,17.64,363.23,3.42,1.99,1.18,3.42
630.0,24.85,14.35,93.64,9.54,362.75,23.37,94.06,17.05,23.37,94.06,25.98,65.16,13.73,37.87,42.43,17.64,362.75,3.42,1.99,1.16,3.42
631.0,24.84,14.34,93.82,9.56,361.52,23.37,94.08,17.05,23.37,94.08,26,64.88,13.69,37.88,42.33,17.6,361.52,3.41,1.99,1.16,3.41
632.0,24.84,14.34,93.82,9.56,361.38,23.37,94.08,17.05,23.37,94.08,26,64.88,13.69,37.88,42.33,17.6,361.38,3.4,1.97,1.16,3.41
633.0,24.84,14.34,93.82,9.56,363.76,23.37,94.08,17.05,23.37,94.08,26,64.88,13.69,37.88,42.33,17.6,363.76,3.43,1.98,1.16,3.41
634.0,24.84,14.34,93.82,9.56,366.68,23.37,94.08,17.05,23.37,94.08,26,64.88,13.69,37.88,42.33,17.6,366.68,3.45,2.0,1.16,3.41
635.0,24.81,14.32,94.02,9.57,369.6,23.37,94.06,17.05,23.37,94.06,26.05,64.67,13.69,37.88,42.19,17.55,369.6,3.48,2.0,1.12,3.4
636.0,24.81,14.32,94.02,9.57,370.35,23.37,94.06,17.05,23.37,94.06,26.05,64.67,13.69,37.88,42.19,17.55,370.35,3.49,2.0,1.12,3.4
637.0,24.81,14.3,94.14,9.56,368.41,23.37,94.09,17.05,23.37,94.09,26.1,64.61,13.71,37.89,42.08,17.5,368.41,3.47,1.99,1.16,3.39
638.0,24.81,14.3,94.14,9.56,367.29,23.37,94.09,17.05,23.37,94.09,26.1,64.61,13.71,37.89,42.08,17.5,367.29,3.46,1.97,1.16,3.39
639.0,24.81,14.3,94.14,9.56,365.89,23.37,94.09,17.05,23.37,94.09,26.1,64.61,13.71,37.89,42.08,17.5,365.89,3.45,1.97,1.13,3.39
640.0,24.81,14.3,94.14,9.56,363.41,23.37,94.09,17.05,23.37,94.09,26.1,64.61,13.71,37.89,42.08,17.5,363.41,3.42,1.95,1.13,3.39
641.0,24.8,14.3,94.08,9.56,363.19,23.37,94.12,17.06,23.37,94.12,26.13,64.67,13.75,37.89,42.03,17.49,363.19,3.43,1.95,1.12,3.39
642.0,24.8,14.3,94.08,9.56,362.61,23.37,94.12,17.06,23.37,94.12,26.13,64.67,13.75,37.89,42.03,17.49,362.61,3.42,1.94,1.12,3.39
643.0,24.82,14.29,94.02,9.55,361.59,23.37,94.1,17.05,23.37,94.1,26.12,64.8,13.77,37.89,42.01,17.48,361.59,3.41,1.94,1.14,3.39
644.0,24.82,14.29,94.02,9.55,360.84,23.37,94.1,17.05,23.37,94.1,26.12,64.8,13.77,37.89,42.01,17.48,360.84,3.41,1.93,1.14,3.39
645.0,24.82,14.29,94.02,9.55,360.7,23.37,94.1,17.05,23.37,94.1,26.12,64.8,13.77,37.89,42.01,17.48,360.7,3.41,1.93,1.14,3.39
646.0,24.82,14.29,94.02,9.55,365.81,23.37,94.1,17.05,23.37,94.1,26.12,64.8,13.77,37.89,42.01,17.48,365.81,3.45,1.96,1.14,3.39
647.0,24.84,14.29,93.94,9.54,369.18,23.36,94.14,17.05,23.36,94.14,26.1,64.93,13.79,37.88,42.02,17.48,369.18,3.49,1.98,1.14,3.38
648.0,24.84,14.29,93.94,9.54,369.11,23.36,94.14,17.05,23.36,94.14,26.1,64.93,13.79,37.88,42.02,17.48,369.11,3.49,1.98,1.11,3.38
649.0,24.86,14.28,93.95,9.53,366.86,23.35,94.15,17.05,23.35,94.15,26.11,64.95,13.79,37.89,42.06,17.5,366.86,3.47,1.97,1.12,3.38
650.0,24.86,14.28,93.95,9.53,367.04,23.35,94.15,17.05,23.35,94.15,26.11,64.95,13.79,37.89,42.06,17.5,367.04,3.47,1.97,1.12,3.38
651.0,24.86,14.28,93.95,9.53,370.73,23.35,94.15,17.05,23.35,94.15,26.11,64.95,13.79,37.89,42.06,17.5,370.73,3.5,1.99,1.12,3.38
652.0,24.86,14.28,93.95,9.53,378.26,23.35,94.15,17.05,23.35,94.15,26.11,64.95,13.79,37.89,42.06,17.5,378.26,3.57,2.03,1.12,3.38
653.0,24.88,14.3,93.91,9.54,379.15,23.35,94.14,17.05,23.35,94.14,26.17,64.73,13.8,37.88,42.14,17.53,379.15,3.58,2.05,1.16,3.39
654.0,24.88,14.3,93.91,9.54,373.73,23.35,94.14,17.05,23.35,94.14,26.17,64.73,13.8,37.88,42.14,17.53,373.73,3.52,2.02,1.16,3.39
655.0,24.88,14.3,93.91,9.54,371.52,23.35,94.14,17.05,23.35,94.14,26.17,64.73,13.8,37.88,42.14,17.53,371.52,3.5,2.01,1.13,3.39
656.0,24.9,14.31,93.59,9.51,369.1,23.36,94.09,17.04,23.36,94.09,26.22,64.67,13.83,37.88,42.2,17.55,369.1,3.49,2.0,1.09,3.4
657.0,24.9,14.31,93.59,9.51,368.68,23.36,94.09,17.04,23.36,94.09,26.22,64.67,13.83,37.88,42.2,17.55,368.68,3.49,2.0,1.09,3.4
658.0,24.9,14.3,93.76,9.53,369.23,23.36,94.05,17.04,23.36,94.05,26.24,64.86,13.89,37.87,42.28,17.57,369.23,3.49,2.0,1.14,3.39
659.0,24.9,14.3,93.76,9.53,371.25,23.36,94.05,17.04,23.36,94.05,26.24,64.86,13.89,37.87,42.28,17.57,371.25,3.51,2.02,1.14,3.39
660.0,24.9,14.3,93.76,9.53,372.55,23.36,94.05,17.04,23.36,94.05,26.24,64.86,13.89,37.87,42.28,17.57,372.55,3.52,2.03,1.13,3.39
661.0,24.9,14.3,93.76,9.53,373.66,23.36,94.05,17.04,23.36,94.05,26.24,64.86,13.89,37.87,42.28,17.57,373.66,3.53,2.03,1.13,3.39
662.0,24.9,14.33,93.35,9.5,373.71,23.37,94,17.03,23.37,94,26.22,65.11,13.92,37.85,42.31,17.57,373.71,3.53,2.03,1.14,3.41
663.0,24.9,14.33,93.35,9.5,373.72,23.37,94,17.03,23.37,94,26.22,65.11,13.92,37.85,42.31,17.57,373.72,3.53,2.03,1.14,3.41
664.0,24.9,14.33,93.46,9.52,373.23,23.37,93.98,17.04,23.37,93.98,26.2,65.27,13.94,37.86,42.31,17.57,373.23,3.53,2.03,1.14,3.41
665.0,24.9,14.33,93.46,9.52,374.45,23.37,93.98,17.04,23.37,93.98,26.2,65.27,13.94,37.86,42.31,17.57,374.45,3.54,2.03,1.14,3.41
666.0,24.9,14.33,93.46,9.52,375.08,23.37,93.98,17.04,23.37,93.98,26.2,65.27,13.94,37.86,42.31,17.57,375.08,3.54,2.04,1.11,3.41
667.0,24.9,14.33,93.46,9.52,372.92,23.37,93.98,17.04,23.37,93.98,26.2,65.27,13.94,37.86,42.31,17.57,372.92,3.52,2.03,1.13,3.41
668.0,24.9,14.32,93.67,9.53,371.39,23.37,93.95,17.03,23.37,93.95,26.26,64.83,13.89,37.86,42.28,17.56,371.39,3.5,2.01,1.13,3.4
669.0,24.9,14.32,93.67,9.53,371.2,23.37,93.95,17.03,23.37,93.95,26.26,64.83,13.89,37.86,42.28,17.56,371.2,3.5,2.01,1.15,3.41
670.0,24.89,14.32,93.66,9.53,370.38,23.38,93.94,17.04,23.38,93.94,26.42,64.01,13.85,37.85,42.29,17.56,370.38,3.49,2.01,1.15,3.41
671.0,24.89,14.32,93.66,9.53,366.94,23.38,93.94,17.04,23.38,93.94,26.42,64.01,13.85,37.85,42.29,17.56,366.94,3.46,1.99,1.13,3.41
672.0,24.89,14.32,93.66,9.53,361.42,23.38,93.94,17.04,23.38,93.94,26.42,64.01,13.85,37.85,42.29,17.56,361.42,3.41,1.96,1.12,3.41
673.0,24.89,14.32,93.66,9.53,360.2,23.38,93.94,17.04,23.38,93.94,26.42,64.01,13.85,37.85,42.29,17.56,360.2,3.4,1.95,1.12,3.41
674.0,24.89,14.33,93.46,9.51,360.66,23.39,93.93,17.04,23.39,93.93,26.57,63.56,13.87,37.86,42.27,17.56,360.66,3.41,1.95,1.17,3.41
675.0,24.89,14.33,93.46,9.51,361.44,23.39,93.93,17.04,23.39,93.93,26.57,63.56,13.87,37.86,42.27,17.56,361.44,3.42,1.96,1.17,3.41
676.0,24.89,14.34,93.46,9.52,361.41,23.38,93.95,17.04,23.38,93.95,26.61,63.54,13.91,37.85,42.23,17.53,361.41,3.42,1.96,1.13,3.42
677.0,24.89,14.34,93.46,9.52,360.79,23.38,93.95,17.04,23.38,93.95,26.61,63.54,13.91,37.85,42.23,17.53,360.79,3.41,1.94,1.13,3.42
678.0,24.89,14.34,93.46,9.52,361.16,23.38,93.95,17.04,23.38,93.95,26.61,63.54,13.91,37.85,42.23,17.53,361.16,3.41,1.95,1.16,3.42
679.0,24.89,14.34,93.46,9.52,361.76,23.38,93.95,17.04,23.38,93.95,26.61,63.54,13.91,37.85,42.23,17.53,361.76,3.42,1.95,1.16,3.42
680.0,24.9,14.35,93.24,9.5,361.86,23.38,93.97,17.04,23.38,93.97,26.58,63.88,13.95,37.84,42.16,17.49,361.86,3.42,1.94,1.15,3.42
681.0,24.9,14.35,93.24,9.5,364.2,23.38,93.97,17.04,23.38,93.97,26.58,63.88,13.95,37.84,42.16,17.49,364.2,3.45,1.95,1.15,3.42
682.0,24.91,14.35,93.33,9.51,364.61,23.38,93.98,17.05,23.38,93.98,26.5,64.28,13.98,37.84,42.05,17.44,364.61,3.45,1.95,1.15,3.43
683.0,24.91,14.35,93.33,9.51,364.06,23.38,93.98,17.05,23.38,93.98,26.5,64.28,13.98,37.84,42.05,17.44,364.06,3.44,1.93,1.13,3.43
684.0,24.91,14.35,93.33,9.51,364.15,23.38,93.98,17.05,23.38,93.98,26.5,64.28,13.98,37.84,42.05,17.44,364.15,3.44,1.93,1.13,3.43
685.0,24.91,14.35,93.33,9.51,362.5,23.38,93.98,17.05,23.38,93.98,26.5,64.28,13.98,37.84,42.05,17.44,362.5,3.42,1.92,1.15,3.43
686.0,24.92,14.35,93.32,9.51,365.25,23.38,93.98,17.04,23.38,93.98,26.45,64.55,14,37.83,41.98,17.4,365.25,3.45,1.92,1.15,3.43
687.0,24.92,14.35,93.32,9.51,368.6,23.38,93.98,17.04,23.38,93.98,26.45,64.55,14,37.83,41.98,17.4,368.6,3.48,1.94,1.15,3.43
688.0,24.93,14.35,93.31,9.51,369.13,23.38,94.01,17.05,23.38,94.01,26.45,64.72,14.03,37.83,41.91,17.37,369.13,3.49,1.94,1.14,3.43
689.0,24.93,14.35,93.31,9.51,369.64,23.38,94.01,17.05,23.38,94.01,26.45,64.72,14.03,37.83,41.91,17.37,369.64,3.49,1.94,1.14,3.43
690.0,24.93,14.35,93.31,9.51,371.06,23.38,94.01,17.05,23.38,94.01,26.45,64.72,14.03,37.83,41.91,17.37,371.06,3.51,1.94,1.15,3.43
691.0,24.93,14.35,93.31,9.51,372.57,23.38,94.01,17.05,23.38,94.01,26.45,64.72,14.03,37.83,41.91,17.37,372.57,3.52,1.95,1.15,3.43
692.0,24.96,14.35,93.48,9.53,371.81,23.38,94.02,17.05,23.38,94.02,26.45,64.87,14.06,37.82,41.85,17.34,371.81,3.51,1.94,1.15,3.43
693.0,24.96,14.35,93.48,9.53,370.63,23.38,94.02,17.05,23.38,94.02,26.45,64.87,14.06,37.82,41.85,17.34,370.63,3.5,1.93,1.15,3.43
694.0,24.99,14.38,93.41,9.54,370.16,23.38,94.03,17.05,23.38,94.03,26.43,65.18,14.12,37.84,41.8,17.34,370.16,3.49,1.93,1.16,3.45
695.0,24.99,14.38,93.41,9.54,370.5,23.38,94.03,17.05,23.38,94.03,26.43,65.18,14.12,37.84,41.8,17.34,370.5,3.49,1.93,1.16,3.45
696.0,24.99,14.38,93.41,9.54,370.34,23.38,94.03,17.05,23.38,94.03,26.43,65.18,14.12,37.84,41.8,17.34,370.34,3.49,1.93,1.13,3.45
697.0,24.99,14.38,93.41,9.54,373.21,23.38,94.03,17.05,23.38,94.03,26.43,65.18,14.12,37.84,41.8,17.34,373.21,3.52,1.94,1.18,3.45
698.0,24.99,14.39,93.21,9.52,376.22,23.38,94.04,17.05,23.38,94.04,26.43,65.39,14.16,37.84,41.77,17.33,376.22,3.55,1.96,1.18,3.45
699.0,24.99,14.39,93.21,9.52,378.09,23.38,94.04,17.05,23.38,94.04,26.43,65.39,14.16,37.84,41.77,17.33,378.09,3.57,1.97,1.16,3.45
700.0,24.96,14.36,93.48,9.53,378.98,23.37,94.06,17.05,23.37,94.06,26.45,65.65,14.24,37.85,41.77,17.33,378.98,3.58,1.97,1.16,3.44
701.0,24.96,14.36,93.48,9.53,377.12,23.37,94.06,17.05,23.37,94.06,26.45,65.65,14.24,37.85,41.77,17.33,377.12,3.56,1.96,1.15,3.44
702.0,24.96,14.36,93.48,9.53,376.75,23.37,94.06,17.05,23.37,94.06,26.45,65.65,14.24,37.85,41.77,17.33,376.75,3.55,1.96,1.15,3.44
703.0,24.96,14.36,93.48,9.53,376.7,23.37,94.06,17.05,23.37,94.06,26.45,65.65,14.24,37.85,41.77,17.33,376.7,3.55,1.96,1.15,3.44
704.0,24.93,14.33,93.88,9.56,376.19,23.37,94.06,17.05,23.37,94.06,26.43,66.18,14.34,37.85,41.75,17.32,376.19,3.54,1.96,1.14,3.43
705.0,24.93,14.33,93.88,9.56,373.65,23.37,94.06,17.05,23.37,94.06,26.43,66.18,14.34,37.85,41.75,17.32,373.65,3.52,1.95,1.14,3.43
706.0,24.92,14.34,93.85,9.56,372.59,23.38,94.03,17.05,23.38,94.03,26.41,66.46,14.38,37.86,41.72,17.32,372.59,3.51,1.94,1.15,3.43
707.0,24.92,14.34,93.85,9.56,371.62,23.38,94.03,17.05,23.38,94.03,26.41,66.46,14.38,37.86,41.72,17.32,371.62,3.5,1.94,1.15,3.43
708.0,24.92,14.34,93.85,9.56,371.37,23.38,94.03,17.05,23.38,94.03,26.41,66.46,14.38,37.86,41.72,17.32,371.37,3.5,1.93,1.15,3.43
709.0,24.92,14.34,93.85,9.56,372.21,23.38,94.03,17.05,23.38,94.03,26.41,66.46,14.38,37.86,41.72,17.32,372.21,3.5,1.94,1.15,3.43
710.0,24.92,14.34,93.83,9.56,375.45,23.37,93.99,17.04,23.37,93.99,26.39,66.63,14.4,37.85,41.72,17.32,375.45,3.53,1.96,1.16,3.43
711.0,24.92,14.34,93.83,9.56,378.07,23.37,93.99,17.04,23.37,93.99,26.39,66.63,14.4,37.85,41.72,17.32,378.07,3.56,1.97,1.17,3.44
712.0,24.95,14.33,93.9,9.56,378.28,23.38,93.97,17.04,23.38,93.97,26.38,66.75,14.42,37.86,41.7,17.32,378.28,3.56,1.97,1.17,3.43
713.0,24.95,14.33,93.9,9.56,378.42,23.38,93.97,17.04,23.38,93.97,26.38,66.75,14.42,37.86,41.7,17.32,378.42,3.56,1.97,1.15,3.43
714.0,24.95,14.33,93.9,9.56,378.62,23.38,93.97,17.04,23.38,93.97,26.38,66.75,14.42,37.86,41.7,17.32,378.62,3.56,1.97,1.15,3.43
715.0,24.95,14.33,93.9,9.56,377.05,23.38,93.97,17.04,23.38,93.97,26.38,66.75,14.42,37.86,41.7,17.32,377.05,3.55,1.97,1.16,3.43
716.0,24.96,14.35,93.77,9.56,375.8,23.38,93.94,17.04,23.38,93.94,26.43,66.45,14.39,37.86,41.74,17.33,375.8,3.53,1.96,1.17,3.44
717.0,24.96,14.35,93.77,9.56,371.27,23.38,93.94,17.04,23.38,93.94,26.43,66.45,14.39,37.86,41.74,17.33,371.27,3.49,1.94,1.17,3.44
718.0,24.95,14.35,93.71,9.55,369.52,23.39,93.9,17.04,23.39,93.9,26.42,66.48,14.4,37.86,41.78,17.35,369.52,3.47,1.93,1.16,3.44
719.0,24.95,14.35,93.71,9.55,368.79,23.39,93.9,17.04,23.39,93.9,26.42,66.48,14.4,37.86,41.78,17.35,368.79,3.47,1.93,1.16,3.44
720.0,24.95,14.35,93.71,9.55,369.23,23.39,93.9,17.04,23.39,93.9,26.42,66.48,14.4,37.86,41.78,17.35,369.23,3.48,1.94,1.13,3.44
721.0,24.95,14.35,93.71,9.55,371.81,23.39,93.9,17.04,23.39,93.9,26.42,66.48,14.4,37.86,41.78,17.35,371.81,3.5,1.95,1.13,3.44
722.0,24.94,14.37,93.55,9.54,373.64,23.39,93.89,17.04,23.39,93.89,26.37,66.66,14.39,37.85,41.82,17.36,373.64,3.52,1.96,1.16,3.45
723.0,24.94,14.37,93.55,9.54,375.24,23.39,93.89,17.04,23.39,93.89,26.37,66.66,14.39,37.85,41.82,17.36,375.24,3.53,1.97,1.16,3.45
724.0,24.94,14.38,93.34,9.53,375.91,23.39,93.88,17.03,23.39,93.88,26.36,66.38,14.32,37.83,41.84,17.34,375.91,3.54,1.97,1.16,3.46
725.0,24.94,14.38,93.34,9.53,377.51,23.39,93.88,17.03,23.39,93.88,26.36,66.38,14.32,37.83,41.84,17.34,377.51,3.55,1.97,1.15,3.46
726.0,24.94,14.38,93.34,9.53,375.01,23.39,93.88,17.03,23.39,93.88,26.36,66.38,14.32,37.83,41.84,17.34,375.01,3.53,1.96,1.15,3.46
727.0,24.93,14.4,93.43,9.55,370.41,23.39,93.87,17.04,23.39,93.87,26.34,66.22,14.27,37.84,41.8,17.34,370.41,3.49,1.94,1.2,3.47
728.0,24.93,14.4,93.43,9.55,370.1,23.39,93.87,17.04,23.39,93.87,26.34,66.22,14.27,37.84,41.8,17.34,370.1,3.48,1.93,1.2,3.47
729.0,24.93,14.4,93.43,9.55,365.09,23.39,93.87,17.04,23.39,93.87,26.34,66.22,14.27,37.84,41.8,17.34,365.09,3.43,1.91,1.19,3.48
730.0,24.93,14.4,93.43,9.55,364.19,23.39,93.87,17.04,23.39,93.87,26.34,66.22,14.27,37.84,41.8,17.34,364.19,3.42,1.9,1.21,3.48
731.0,24.91,14.4,93.37,9.55,364.49,23.38,93.87,17.03,23.38,93.87,26.31,66.06,14.2,37.82,41.78,17.31,364.49,3.42,1.9,1.21,3.48
732.0,24.91,14.4,93.37,9.55,366.45,23.38,93.87,17.03,23.38,93.87,26.31,66.06,14.2,37.82,41.78,17.31,366.45,3.44,1.91,1.19,3.48
733.0,24.91,14.4,93.37,9.55,368.32,23.38,93.87,17.03,23.38,93.87,26.31,66.06,14.2,37.82,41.78,17.31,368.32,3.46,1.92,1.19,3.48
734.0,24.93,14.42,93.41,9.56,368.81,23.39,93.87,17.04,23.39,93.87,26.34,65.61,14.13,37.85,41.76,17.33,368.81,3.46,1.93,1.19,3.49
735.0,24.93,14.42,93.41,9.56,369.86,23.39,93.87,17.04,23.39,93.87,26.34,65.61,14.13,37.85,41.76,17.33,369.86,3.47,1.93,1.19,3.49
736.0,24.92,14.43,93.28,9.56,367.12,23.39,93.87,17.04,23.39,93.87,26.38,65.23,14.08,37.85,41.78,17.34,367.12,3.45,1.92,1.26,3.5
737.0,24.92,14.43,93.28,9.56,363.95,23.39,93.87,17.04,23.39,93.87,26.38,65.23,14.08,37.85,41.78,17.34,363.95,3.42,1.9,1.21,3.5
738.0,24.92,14.43,93.28,9.56,363.64,23.39,93.87,17.04,23.39,93.87,26.38,65.23,14.08,37.85,41.78,17.34,363.64,3.41,1.9,1.21,3.5
739.0,24.92,14.43,93.28,9.56,365.34,23.39,93.87,17.04,23.39,93.87,26.38,65.23,14.08,37.85,41.78,17.34,365.34,3.43,1.91,1.21,3.5
740.0,24.92,14.44,93.24,9.56,365.26,23.39,93.86,17.04,23.39,93.86,26.44,64.89,14.06,37.85,41.8,17.35,365.26,3.42,1.91,1.21,3.51
741.0,24.92,14.44,93.24,9.56,365.99,23.39,93.86,17.04,23.39,93.86,26.44,64.89,14.06,37.85,41.8,17.35,365.99,3.43,1.92,1.2,3.51
742.0,24.92,14.44,93.27,9.56,367.95,23.39,93.85,17.03,23.39,93.85,26.44,65.11,14.11,37.85,41.83,17.36,367.95,3.45,1.93,1.2,3.52
743.0,24.92,14.44,93.27,9.56,367.91,23.39,93.85,17.03,23.39,93.85,26.44,65.11,14.11,37.85,41.83,17.36,367.91,3.45,1.93,1.2,3.52
744.0,24.92,14.44,93.27,9.56,365.11,23.39,93.85,17.03,23.39,93.85,26.44,65.11,14.11,37.85,41.83,17.36,365.11,3.42,1.92,1.17,3.52
745.0,24.92,14.44,93.27,9.56,364.23,23.39,93.85,17.03,23.39,93.85,26.44,65.11,14.11,37.85,41.83,17.36,364.23,3.41,1.91,1.17,3.52
746.0,24.94,14.43,93.54,9.58,362.18,23.4,93.82,17.03,23.4,93.82,26.44,65.26,14.14,37.85,41.84,17.36,362.18,3.39,1.9,1.21,3.51
747.0,24.94,14.43,93.54,9.58,359.4,23.4,93.82,17.03,23.4,93.82,26.44,65.26,14.14,37.85,41.84,17.36,359.4,3.36,1.89,1.21,3.52
748.0,24.96,14.45,93.32,9.57,359.29,23.4,93.79,17.03,23.4,93.79,26.43,65.43,14.17,37.85,41.82,17.36,359.29,3.36,1.89,1.19,3.53
749.0,24.96,14.45,93.32,9.57,362.34,23.4,93.79,17.03,23.4,93.79,26.43,65.43,14.17,37.85,41.82,17.36,362.34,3.39,1.9,1.21,3.53
750.0,24.96,14.45,93.32,9.57,363.44,23.4,93.79,17.03,23.4,93.79,26.43,65.43,14.17,37.85,41.82,17.36,363.44,3.4,1.91,1.21,3.53
751.0,24.96,14.45,93.32,9.57,361.34,23.4,93.79,17.03,23.4,93.79,26.43,65.43,14.17,37.85,41.82,17.36,361.34,3.38,1.9,1.2,3.53
752.0,24.95,14.44,93.32,9.57,361.77,23.4,93.79,17.03,23.4,93.79,26.46,65.37,14.18,37.85,41.8,17.35,361.77,3.39,1.9,1.21,3.53
753.0,24.95,14.44,93.32,9.57,364.25,23.4,93.79,17.03,23.4,93.79,26.46,65.37,14.18,37.85,41.8,17.35,364.25,3.41,1.91,1.21,3.53
754.0,24.95,14.43,93.63,9.59,364.53,23.4,93.78,17.03,23.4,93.78,26.51,65.16,14.18,37.86,41.76,17.34,364.53,3.41,1.91,1.18,3.52
755.0,24.95,14.43,93.63,9.59,362.36,23.4,93.78,17.03,23.4,93.78,26.51,65.16,14.18,37.86,41.76,17.34,362.36,3.39,1.9,1.18,3.52
756.0,24.95,14.43,93.63,9.59,362.8,23.4,93.78,17.03,23.4,93.78,26.51,65.16,14.18,37.86,41.76,17.34,362.8,3.39,1.9,1.23,3.53
757.0,24.95,14.43,93.63,9.59,365.43,23.4,93.78,17.03,23.4,93.78,26.51,65.16,14.18,37.86,41.76,17.34,365.43,3.42,1.91,1.23,3.53
758.0,24.91,14.43,93.71,9.6,367.14,23.4,93.77,17.02,23.4,93.77,26.54,65.08,14.18,37.86,41.72,17.33,367.14,3.43,1.92,1.19,3.53
759.0,24.91,14.43,93.71,9.6,372.2,23.4,93.77,17.02,23.4,93.77,26.54,65.08,14.18,37.86,41.72,17.33,372.2,3.47,1.95,1.19,3.53
760.0,24.91,14.41,94.02,9.62,372.85,23.4,93.77,17.03,23.4,93.77,26.5,65.28,14.2,37.87,41.68,17.32,372.85,3.48,1.95,1.21,3.52
761.0,24.91,14.41,94.02,9.62,373.29,23.4,93.77,17.03,23.4,93.77,26.5,65.28,14.2,37.87,41.68,17.32,373.29,3.48,1.95,1.2,3.52
762.0,24.91,14.41,94.02,9.62,373.09,23.4,93.77,17.03,23.4,93.77,26.5,65.28,14.2,37.87,41.68,17.32,373.09,3.48,1.95,1.2,3.52
763.0,24.91,14.41,94.02,9.62,372.01,23.4,93.77,17.03,23.4,93.77,26.5,65.28,14.2,37.87,41.68,17.32,372.01,3.47,1.94,1.21,3.52
764.0,24.92,14.41,93.77,9.6,372.01,23.39,93.74,17.02,23.39,93.74,26.42,65.55,14.19,37.87,41.64,17.3,372.01,3.47,1.94,1.19,3.52
765.0,24.92,14.41,93.77,9.6,374.55,23.39,93.74,17.02,23.39,93.74,26.42,65.55,14.19,37.87,41.64,17.3,374.55,3.5,1.95,1.19,3.53
766.0,24.95,14.4,93.83,9.6,376.27,23.4,93.74,17.02,23.4,93.74,26.33,65.85,14.18,37.88,41.59,17.29,376.27,3.51,1.96,1.21,3.52
767.0,24.95,14.4,93.83,9.6,376.59,23.4,93.74,17.02,23.4,93.74,26.33,65.85,14.18,37.88,41.59,17.29,376.59,3.52,1.96,1.21,3.52
768.0,24.95,14.4,93.83,9.6,377.27,23.4,93.74,17.02,23.4,93.74,26.33,65.85,14.18,37.88,41.59,17.29,377.27,3.52,1.97,1.18,3.52
769.0,24.96,14.37,94.29,9.62,377.84,23.4,93.74,17.02,23.4,93.74,26.25,66.13,14.17,37.89,41.6,17.3,377.84,3.53,1.97,1.24,3.52
770.0,24.96,14.37,94.29,9.62,375.17,23.4,93.74,17.02,23.4,93.74,26.25,66.13,14.17,37.89,41.6,17.3,375.17,3.5,1.96,1.24,3.51
771.0,24.96,14.37,94.29,9.62,367.97,23.4,93.74,17.02,23.4,93.74,26.25,66.13,14.17,37.89,41.6,17.3,367.97,3.43,1.92,1.2,3.51
772.0,24.96,14.37,94.29,9.62,365.01,23.4,93.74,17.02,23.4,93.74,26.25,66.13,14.17,37.89,41.6,17.3,365.01,3.41,1.91,1.2,3.51
773.0,24.97,14.37,94.25,9.62,364.35,23.4,93.75,17.02,23.4,93.75,26.18,66.4,14.17,37.9,41.65,17.33,364.35,3.4,1.91,1.24,3.51
774.0,24.97,14.37,94.25,9.62,365.87,23.4,93.75,17.02,23.4,93.75,26.18,66.4,14.17,37.9,41.65,17.33,365.87,3.42,1.92,1.24,3.51
775.0,24.97,14.35,94.05,9.59,369.16,23.39,93.76,17.02,23.39,93.76,26.25,65.86,14.11,37.9,41.75,17.37,369.16,3.45,1.94,1.22,3.5
776.0,24.97,14.35,94.05,9.59,369.75,23.39,93.76,17.02,23.39,93.76,26.25,65.86,14.11,37.9,41.75,17.37,369.75,3.46,1.95,1.19,3.5
777.0,24.97,14.35,94.05,9.59,370.42,23.39,93.76,17.02,23.39,93.76,26.25,65.86,14.11,37.9,41.75,17.37,370.42,3.47,1.96,1.19,3.5
778.0,24.97,14.35,94.05,9.59,372.56,23.39,93.76,17.02,23.39,93.76,26.25,65.86,14.11,37.9,41.75,17.37,372.56,3.49,1.97,1.18,3.5
779.0,24.97,14.35,94.01,9.58,372.24,23.39,93.75,17.01,23.39,93.75,26.28,65.7,14.1,37.88,41.85,17.4,372.24,3.49,1.98,1.18,3.5
780.0,24.97,14.35,94.01,9.58,368.88,23.39,93.75,17.01,23.39,93.75,26.28,65.7,14.1,37.88,41.85,17.4,368.88,3.45,1.96,1.15,3.5
781.0,24.98,14.33,94.07,9.58,362.7,23.4,93.72,17.01,23.4,93.72,26.28,65.68,14.1,37.88,41.9,17.42,362.7,3.4,1.92,1.22,3.49
782.0,24.98,14.33,94.07,9.58,359.87,23.4,93.72,17.01,23.4,93.72,26.28,65.68,14.1,37.88,41.9,17.42,359.87,3.37,1.92,1.22,3.49
783.0,24.98,14.33,94.07,9.58,358.97,23.4,93.72,17.01,23.4,93.72,26.28,65.68,14.1,37.88,41.9,17.42,358.97,3.37,1.91,1.19,3.49
784.0,24.98,14.33,94.07,9.58,359.13,23.4,93.72,17.01,23.4,93.72,26.28,65.68,14.1,37.88,41.9,17.42,359.13,3.37,1.91,1.19,3.49
785.0,24.98,14.33,94.1,9.58,360.49,23.4,93.69,17.02,23.4,93.69,26.36,65.28,14.07,37.89,41.92,17.44,360.49,3.38,1.92,1.22,3.49
786.0,24.98,14.33,94.1,9.58,362.44,23.4,93.69,17.02,23.4,93.69,26.36,65.28,14.07,37.89,41.92,17.44,362.44,3.4,1.93,1.22,3.49
787.0,24.98,14.29,94.28,9.57,362.09,23.41,93.67,17.02,23.41,93.67,26.38,65.27,14.09,37.89,41.91,17.43,362.09,3.4,1.93,1.19,3.47
788.0,24.98,14.29,94.28,9.57,358.72,23.41,93.67,17.02,23.41,93.67,26.38,65.27,14.09,37.89,41.91,17.43,358.72,3.37,1.91,1.19,3.47
789.0,24.98,14.29,94.28,9.57,358.06,23.41,93.67,17.02,23.41,93.67,26.38,65.27,14.09,37.89,41.91,17.43,358.06,3.37,1.91,1.18,3.47
790.0,24.98,14.29,94.28,9.57,356.93,23.41,93.67,17.02,23.41,93.67,26.38,65.27,14.09,37.89,41.91,17.43,356.93,3.36,1.9,1.15,3.47
791.0,24.96,14.29,94.04,9.55,358.94,23.41,93.67,17.02,23.41,93.67,26.39,65.29,14.1,37.89,41.85,17.41,358.94,3.38,1.91,1.15,3.47
792.0,24.96,14.29,94.04,9.55,365.43,23.41,93.67,17.02,23.41,93.67,26.39,65.29,14.1,37.89,41.85,17.41,365.43,3.45,1.94,1.22,3.47
793.0,24.93,14.26,94.49,9.58,367.74,23.41,93.66,17.02,23.41,93.66,26.39,65.25,14.09,37.88,41.78,17.38,367.74,3.47,1.95,1.14,3.45
794.0,24.93,14.26,94.49,9.58,369.31,23.41,93.66,17.02,23.41,93.66,26.39,65.25,14.09,37.88,41.78,17.38,369.31,3.48,1.95,1.14,3.45
795.0,24.93,14.26,94.49,9.58,370.21,23.41,93.66,17.02,23.41,93.66,26.39,65.25,14.09,37.88,41.78,17.38,370.21,3.48,1.95,1.18,3.45
796.0,24.93,14.26,94.49,9.58,371.4,23.41,93.66,17.02,23.41,93.66,26.39,65.25,14.09,37.88,41.78,17.38,371.4,3.5,1.96,1.18,3.45
797.0,24.94,14.26,94.32,9.56,371.46,23.41,93.67,17.02,23.41,93.67,26.45,64.95,14.08,37.89,41.68,17.34,371.46,3.5,1.95,1.18,3.45
798.0,24.94,14.26,94.32,9.56,373.22,23.41,93.67,17.02,23.41,93.67,26.45,64.95,14.08,37.89,41.68,17.34,373.22,3.52,1.96,1.18,3.45
799.0,24.93,14.25,94.21,9.54,373.86,23.4,93.69,17.02,23.4,93.69,26.5,64.85,14.1,37.88,41.58,17.28,373.86,3.53,1.96,1.18,3.45
800.0,24.93,14.25,94.21,9.54,376.29,23.4,93.69,17.02,23.4,93.69,26.5,64.85,14.1,37.88,41.58,17.28,376.29,3.55,1.96,1.18,3.44
801.0,24.93,14.25,94.21,9.54,377.08,23.4,93.69,17.02,23.4,93.69,26.5,64.85,14.1,37.88,41.58,17.28,377.08,3.56,1.96,1.16,3.44
802.0,24.93,14.25,94.21,9.54,374.44,23.4,93.69,17.02,23.4,93.69,26.5,64.85,14.1,37.88,41.58,17.28,374.44,3.54,1.95,1.15,3.44
803.0,24.92,14.24,94.08,9.52,372.4,23.4,93.72,17.02,23.4,93.72,26.48,65.16,14.15,37.88,41.46,17.24,372.4,3.53,1.92,1.15,3.43
804.0,24.92,14.24,94.08,9.52,370.61,23.4,93.72,17.02,23.4,93.72,26.48,65.16,14.15,37.88,41.46,17.24,370.61,3.51,1.91,1.2,3.43
805.0,24.9,14.25,93.73,9.49,368.94,23.39,93.75,17.02,23.39,93.75,26.51,64.98,14.14,37.88,41.35,17.19,368.94,3.49,1.9,1.2,3.44
806.0,24.9,14.25,93.73,9.49,367.05,23.39,93.75,17.02,23.39,93.75,26.51,64.98,14.14,37.88,41.35,17.19,367.05,3.48,1.88,1.14,3.44
807.0,24.9,14.25,93.73,9.49,366.93,23.39,93.75,17.02,23.39,93.75,26.51,64.98,14.14,37.88,41.35,17.19,366.93,3.48,1.88,1.15,3.44
808.0,24.9,14.25,93.73,9.49,368.26,23.39,93.75,17.02,23.39,93.75,26.51,64.98,14.14,37.88,41.35,17.19,368.26,3.49,1.89,1.15,3.44
809.0,24.87,14.23,93.96,9.5,369.35,23.39,93.78,17.01,23.39,93.78,26.56,64.74,14.13,37.88,41.24,17.14,369.35,3.5,1.88,1.15,3.43
810.0,24.87,14.23,93.96,9.5,369.8,23.39,93.78,17.01,23.39,93.78,26.56,64.74,14.13,37.88,41.24,17.14,369.8,3.5,1.88,1.15,3.43
811.0,24.87,14.27,93.34,9.46,368.63,23.38,93.82,17.02,23.38,93.82,26.59,64.75,14.16,37.88,41.16,17.11,368.63,3.49,1.88,1.16,3.45
812.0,24.87,14.27,93.34,9.46,370.41,23.38,93.82,17.02,23.38,93.82,26.59,64.75,14.16,37.88,41.16,17.11,370.41,3.52,1.87,1.15,3.45
813.0,24.87,14.27,93.34,9.46,372.05,23.38,93.82,17.02,23.38,93.82,26.59,64.75,14.16,37.88,41.16,17.11,372.05,3.53,1.88,1.15,3.45
814.0,24.86,14.26,93.65,9.49,373.76,23.37,93.85,17.02,23.37,93.85,26.56,65,14.18,37.88,41.05,17.06,373.76,3.55,1.89,1.18,3.45
815.0,24.86,14.26,93.65,9.49,373.11,23.37,93.85,17.02,23.37,93.85,26.56,65,14.18,37.88,41.05,17.06,373.11,3.53,1.87,1.18,3.44
816.0,24.86,14.26,93.65,9.49,372.21,23.37,93.85,17.02,23.37,93.85,26.56,65,14.18,37.88,41.05,17.06,372.21,3.53,1.87,1.17,3.44
817.0,24.86,14.26,93.65,9.49,371.74,23.37,93.85,17.02,23.37,93.85,26.56,65,14.18,37.88,41.05,17.06,371.74,3.52,1.87,1.17,3.44
818.0,24.85,14.3,93.19,9.46,369.37,23.37,93.87,17.02,23.37,93.87,26.5,65.17,14.17,37.89,40.96,17.03,369.37,3.5,1.85,1.2,3.46
819.0,24.85,14.3,93.19,9.46,368.75,23.37,93.87,17.02,23.37,93.87,26.5,65.17,14.17,37.89,40.96,17.03,368.75,3.5,1.85,1.2,3.46
820.0,24.85,14.29,93.16,9.46,368.32,23.37,93.87,17.01,23.37,93.87,26.47,65.21,14.16,37.9,40.89,17.01,368.32,3.49,1.84,1.15,3.46
821.0,24.85,14.29,93.16,9.46,368.56,23.37,93.87,17.01,23.37,93.87,26.47,65.21,14.16,37.9,40.89,17.01,368.56,3.49,1.84,1.19,3.46
822.0,24.85,14.29,93.16,9.46,369.35,23.37,93.87,17.01,23.37,93.87,26.47,65.21,14.16,37.9,40.89,17.01,369.35,3.5,1.84,1.19,3.46
823.0,24.85,14.29,93.16,9.46,371.39,23.37,93.87,17.01,23.37,93.87,26.47,65.21,14.16,37.9,40.89,17.01,371.39,3.52,1.85,1.19,3.46
824.0,24.87,14.29,93.43,9.48,370.03,23.36,93.9,17.01,23.36,93.9,26.45,65.27,14.15,37.9,40.83,16.99,370.03,3.5,1.84,1.19,3.46
825.0,24.87,14.29,93.43,9.48,370.07,23.36,93.9,17.01,23.36,93.9,26.45,65.27,14.15,37.9,40.83,16.99,370.07,3.5,1.84,1.19,3.46
826.0,24.84,14.29,93.44,9.48,370.41,23.36,93.89,17,23.36,93.89,26.43,65.38,14.16,37.91,40.79,16.98,370.41,3.5,1.84,1.14,3.46
827.0,24.84,14.29,93.44,9.48,371.36,23.36,93.89,17,23.36,93.89,26.43,65.38,14.16,37.91,40.79,16.98,371.36,3.51,1.85,1.14,3.46
828.0,24.84,14.29,93.44,9.48,373.22,23.36,93.89,17,23.36,93.89,26.43,65.38,14.16,37.91,40.79,16.98,373.22,3.53,1.86,1.15,3.46
829.0,24.84,14.29,93.44,9.48,373.78,23.36,93.89,17,23.36,93.89,26.43,65.38,14.16,37.91,40.79,16.98,373.78,3.53,1.86,1.15,3.46
830.0,24.83,14.28,93.59,9.49,373.69,23.35,93.88,17,23.35,93.88,26.46,65.18,14.14,37.92,40.77,16.97,373.69,3.53,1.86,1.22,3.45
831.0,24.83,14.28,93.59,9.49,373.69,23.35,93.88,17,23.35,93.88,26.46,65.18,14.14,37.92,40.77,16.97,373.69,3.53,1.86,1.22,3.45
832.0,24.84,14.26,93.63,9.49,373.84,23.35,93.87,16.99,23.35,93.87,26.43,65.35,14.15,37.92,40.77,16.98,373.84,3.53,1.86,1.17,3.44
833.0,24.84,14.26,93.63,9.49,374.97,23.35,93.87,16.99,23.35,93.87,26.43,65.35,14.15,37.92,40.77,16.98,374.97,3.54,1.87,1.17,3.44
834.0,24.84,14.26,93.63,9.49,376.29,23.35,93.87,16.99,23.35,93.87,26.43,65.35,14.15,37.92,40.77,16.98,376.29,3.55,1.88,1.17,3.44
835.0,24.84,14.26,93.73,9.5,376.51,23.34,93.83,16.98,23.34,93.83,26.38,65.51,14.15,37.92,40.8,16.98,376.51,3.55,1.88,1.15,3.44
836.0,24.84,14.26,93.73,9.5,377.26,23.34,93.83,16.98,23.34,93.83,26.38,65.51,14.15,37.92,40.8,16.98,377.26,3.55,1.89,1.15,3.44
837.0,24.84,14.26,93.73,9.5,375.11,23.34,93.83,16.98,23.34,93.83,26.38,65.51,14.15,37.92,40.8,16.98,375.11,3.53,1.88,1.18,3.44
838.0,24.84,14.26,93.5,9.48,373.19,23.34,93.82,16.97,23.34,93.82,26.34,65.67,14.14,37.91,40.85,17,373.19,3.51,1.87,1.18,3.44
839.0,24.84,14.26,93.5,9.48,373.05,23.34,93.82,16.97,23.34,93.82,26.34,65.67,14.14,37.91,40.85,17,373.05,3.52,1.88,1.15,3.44
840.0,24.84,14.26,93.5,9.48,373.51,23.34,93.82,16.97,23.34,93.82,26.34,65.67,14.14,37.91,40.85,17,373.51,3.52,1.88,1.15,3.44
841.0,24.86,14.28,93.27,9.46,373.01,23.34,93.8,16.97,23.34,93.8,26.31,65.68,14.12,37.91,40.92,17.04,373.01,3.52,1.88,1.15,3.44
842.0,24.86,14.28,93.27,9.46,369.24,23.34,93.8,16.97,23.34,93.8,26.31,65.68,14.12,37.91,40.92,17.04,369.24,3.48,1.87,1.18,3.45
843.0,24.86,14.28,93.27,9.46,363.83,23.34,93.8,16.97,23.34,93.8,26.31,65.68,14.12,37.91,40.92,17.04,363.83,3.43,1.84,1.18,3.45
844.0,24.87,14.25,93.59,9.48,362.35,23.34,93.75,16.96,23.34,93.75,26.31,65.55,14.1,37.92,41.02,17.08,362.35,3.42,1.84,1.14,3.43
845.0,24.87,14.25,93.59,9.48,361.31,23.34,93.75,16.96,23.34,93.75,26.31,65.55,14.1,37.92,41.02,17.08,361.31,3.4,1.85,1.14,3.43
846.0,24.87,14.25,93.59,9.48,361.24,23.34,93.75,16.96,23.34,93.75,26.31,65.55,14.1,37.92,41.02,17.08,361.24,3.4,1.85,1.14,3.43
847.0,24.87,14.25,93.59,9.48,367.15,23.34,93.75,16.96,23.34,93.75,26.31,65.55,14.1,37.92,41.02,17.08,367.15,3.46,1.88,1.14,3.43
848.0,24.88,14.25,93.58,9.48,367.09,23.34,93.7,16.95,23.34,93.7,26.32,65.42,14.07,37.92,41.14,17.14,367.09,3.46,1.9,1.13,3.43
849.0,24.88,14.25,93.58,9.48,366.69,23.34,93.7,16.95,23.34,93.7,26.32,65.42,14.07,37.92,41.14,17.14,366.69,3.45,1.9,1.16,3.43
850.0,24.9,14.24,93.61,9.47,366.85,23.34,93.64,16.94,23.34,93.64,26.34,65.21,14.05,37.92,41.29,17.2,366.85,3.45,1.9,1.16,3.42
851.0,24.9,14.24,93.61,9.47,364.66,23.34,93.64,16.94,23.34,93.64,26.34,65.21,14.05,37.92,41.29,17.2,364.66,3.43,1.91,1.14,3.42
852.0,24.9,14.24,93.61,9.47,361.67,23.34,93.64,16.94,23.34,93.64,26.34,65.21,14.05,37.92,41.29,17.2,361.67,3.4,1.89,1.14,3.42
853.0,24.9,14.23,93.86,9.49,359.92,23.34,93.58,16.93,23.34,93.58,26.38,64.88,14.01,37.92,41.41,17.24,359.92,3.39,1.88,1.16,3.42
854.0,24.9,14.23,93.86,9.49,362.41,23.34,93.58,16.93,23.34,93.58,26.38,64.88,14.01,37.92,41.41,17.24,362.41,3.41,1.91,1.15,3.41
855.0,24.9,14.23,93.86,9.49,367.83,23.34,93.58,16.93,23.34,93.58,26.38,64.88,14.01,37.92,41.41,17.24,367.83,3.46,1.94,1.15,3.41
856.0,24.89,14.25,93.6,9.48,367.5,23.35,93.54,16.93,23.35,93.54,26.47,64.42,13.98,37.92,41.49,17.28,367.5,3.45,1.94,1.15,3.42
857.0,24.89,14.25,93.6,9.48,362.75,23.35,93.54,16.93,23.35,93.54,26.47,64.42,13.98,37.92,41.49,17.28,362.75,3.41,1.93,1.15,3.42
858.0,24.89,14.25,93.6,9.48,362.27,23.35,93.54,16.93,23.35,93.54,26.47,64.42,13.98,37.92,41.49,17.28,362.27,3.41,1.92,1.15,3.42
859.0,24.88,14.23,93.49,9.46,359.04,23.35,93.49,16.92,23.35,93.49,26.51,64.22,13.97,37.92,41.53,17.3,359.04,3.38,1.91,1.15,3.42
860.0,24.88,14.23,93.49,9.46,357.78,23.35,93.49,16.92,23.35,93.49,26.51,64.22,13.97,37.92,41.53,17.3,357.78,3.37,1.91,1.15,3.41
861.0,24.88,14.23,93.49,9.46,357.97,23.35,93.49,16.92,23.35,93.49,26.51,64.22,13.97,37.92,41.53,17.3,357.97,3.37,1.91,1.15,3.41
862.0,24.85,14.25,93.38,9.46,359.61,23.35,93.46,16.92,23.35,93.46,26.63,63.58,13.93,37.92,41.52,17.29,359.61,3.39,1.92,1.15,3.42
863.0,24.85,14.25,93.38,9.46,361.15,23.35,93.46,16.92,23.35,93.46,26.63,63.58,13.93,37.92,41.52,17.29,361.15,3.4,1.92,1.15,3.42
864.0,24.85,14.25,93.38,9.46,363.27,23.35,93.46,16.92,23.35,93.46,26.63,63.58,13.93,37.92,41.52,17.29,363.27,3.42,1.93,1.13,3.42
865.0,24.85,14.25,93.24,9.44,370.4,23.35,93.43,16.92,23.35,93.43,26.76,63.18,13.94,37.91,41.49,17.28,370.4,3.49,1.97,1.15,3.42
866.0,24.85,14.25,93.24,9.44,370.21,23.35,93.43,16.92,23.35,93.43,26.76,63.18,13.94,37.91,41.49,17.28,370.21,3.49,1.97,1.15,3.42
867.0,24.85,14.25,93.24,9.44,368.61,23.35,93.43,16.92,23.35,93.43,26.76,63.18,13.94,37.91,41.49,17.28,368.61,3.47,1.96,1.16,3.42
868.0,24.85,14.27,93.1,9.44,366.33,23.36,93.41,16.92,23.36,93.41,26.8,63.51,14.06,37.92,41.42,17.25,366.33,3.45,1.94,1.15,3.43
869.0,24.85,14.27,93.1,9.44,364.79,23.36,93.41,16.92,23.36,93.41,26.8,63.51,14.06,37.92,41.42,17.25,364.79,3.44,1.93,1.15,3.43
870.0,24.85,14.27,93.1,9.44,365.23,23.36,93.41,16.92,23.36,93.41,26.8,63.51,14.06,37.92,41.42,17.25,365.23,3.44,1.93,1.14,3.43
871.0,24.87,14.26,93.25,9.45,370.55,23.36,93.39,16.92,23.36,93.39,26.75,64.18,14.17,37.92,41.38,17.24,370.55,3.49,1.96,1.14,3.43
872.0,24.87,14.26,93.25,9.45,374.01,23.36,93.39,16.92,23.36,93.39,26.75,64.18,14.17,37.92,41.38,17.24,374.01,3.52,1.97,1.14,3.42
873.0,24.87,14.26,93.25,9.45,377.65,23.36,93.39,16.92,23.36,93.39,26.75,64.18,14.17,37.92,41.38,17.24,377.65,3.56,1.99,1.15,3.42
874.0,24.9,14.28,93.02,9.44,378.29,23.37,93.38,16.92,23.37,93.38,26.68,64.76,14.23,37.92,41.35,17.22,378.29,3.56,2.0,1.15,3.43
875.0,24.9,14.28,93.02,9.44,375.61,23.37,93.38,16.92,23.37,93.38,26.68,64.76,14.23,37.92,41.35,17.22,375.61,3.54,1.98,1.15,3.43
876.0,24.9,14.28,93.02,9.44,372.77,23.37,93.38,16.92,23.37,93.38,26.68,64.76,14.23,37.92,41.35,17.22,372.77,3.51,1.96,1.15,3.43
877.0,24.92,14.32,92.94,9.45,368.8,23.36,93.37,16.91,23.36,93.37,26.6,65.01,14.22,37.91,41.31,17.2,368.8,3.47,1.94,1.14,3.48
878.0,24.92,14.32,92.94,9.45,368.12,23.36,93.37,16.91,23.36,93.37,26.6,65.01,14.22,37.91,41.31,17.2,368.12,3.46,1.93,1.14,3.46
879.0,24.92,14.32,92.94,9.45,368.72,23.36,93.37,16.91,23.36,93.37,26.6,65.01,14.22,37.91,41.31,17.2,368.72,3.46,1.93,1.16,3.46
880.0,24.92,14.32,92.94,9.45,368.51,23.36,93.37,16.91,23.36,93.37,26.6,65.01,14.22,37.91,41.31,17.2,368.51,3.46,1.93,1.16,3.46
881.0,24.94,14.33,92.91,9.46,365.13,23.36,93.38,16.92,23.36,93.38,26.61,64.72,14.17,37.91,41.27,17.18,365.13,3.43,1.91,1.18,3.46
882.0,24.94,14.33,92.91,9.46,364.27,23.36,93.38,16.92,23.36,93.38,26.61,64.72,14.17,37.91,41.27,17.18,364.27,3.42,1.9,1.18,3.46
883.0,24.91,14.36,92.85,9.47,362.79,23.36,93.43,16.92,23.36,93.43,26.62,64.49,14.12,37.91,41.22,17.15,362.79,3.41,1.9,1.17,3.46
884.0,24.91,14.36,92.85,9.47,362.38,23.36,93.43,16.92,23.36,93.43,26.62,64.49,14.12,37.91,41.22,17.15,362.38,3.39,1.88,1.19,3.48
885.0,24.91,14.36,92.85,9.47,365.78,23.36,93.43,16.92,23.36,93.43,26.62,64.49,14.12,37.91,41.22,17.15,365.78,3.42,1.9,1.19,3.48
886.0,24.91,14.36,92.85,9.47,367.7,23.36,93.43,16.92,23.36,93.43,26.62,64.49,14.12,37.91,41.22,17.15,367.7,3.44,1.91,1.18,3.48
887.0,24.9,14.38,92.92,9.49,368.76,23.35,93.46,16.92,23.35,93.46,26.59,64.53,14.11,37.9,41.18,17.13,368.76,3.44,1.91,1.19,3.49
888.0,24.9,14.38,92.92,9.49,368.77,23.35,93.46,16.92,23.35,93.46,26.59,64.53,14.11,37.9,41.18,17.13,368.77,3.45,1.91,1.19,3.49
889.0,24.89,14.4,92.7,9.48,370.74,23.35,93.48,16.92,23.35,93.48,26.59,64.4,14.08,37.9,41.1,17.1,370.74,3.46,1.92,1.2,3.52
890.0,24.89,14.4,92.7,9.48,372.82,23.35,93.48,16.92,23.35,93.48,26.59,64.4,14.08,37.9,41.1,17.1,372.82,3.48,1.92,1.2,3.51
891.0,24.89,14.4,92.7,9.48,371.19,23.35,93.48,16.92,23.35,93.48,26.59,64.4,14.08,37.9,41.1,17.1,371.19,3.47,1.91,1.23,3.51
892.0,24.89,14.4,92.7,9.48,368.67,23.35,93.48,16.92,23.35,93.48,26.59,64.4,14.08,37.9,41.1,17.1,368.67,3.44,1.9,1.23,3.51
893.0,24.88,14.43,92.57,9.48,370.94,23.34,93.49,16.92,23.34,93.49,26.64,64.11,14.05,37.9,41.06,17.08,370.94,3.46,1.91,1.23,3.52
894.0,24.88,14.43,92.57,9.48,372.78,23.34,93.49,16.92,23.34,93.49,26.64,64.11,14.05,37.9,41.06,17.08,372.78,3.48,1.92,1.23,3.53
895.0,24.86,14.46,92.53,9.49,374.13,23.34,93.52,16.92,23.34,93.52,26.72,63.9,14.08,37.9,41.05,17.08,374.13,3.49,1.92,1.21,3.54
896.0,24.86,14.46,92.53,9.49,372.41,23.34,93.52,16.92,23.34,93.52,26.72,63.9,14.08,37.9,41.05,17.08,372.41,3.46,1.91,1.2,3.54
897.0,24.86,14.46,92.53,9.49,367.1,23.34,93.52,16.92,23.34,93.52,26.72,63.9,14.08,37.9,41.05,17.08,367.1,3.42,1.89,1.2,3.55
898.0,24.86,14.46,92.53,9.49,365.37,23.34,93.52,16.92,23.34,93.52,26.72,63.9,14.08,37.9,41.05,17.08,365.37,3.4,1.88,1.23,3.55
899.0,24.87,14.47,92.5,9.5,363.39,23.34,93.53,16.92,23.34,93.53,26.73,64.12,14.14,37.9,41.04,17.07,363.39,3.38,1.87,1.23,3.56
900.0,24.87,14.47,92.5,9.5,363.15,23.34,93.53,16.92,23.34,93.53,26.73,64.12,14.14,37.9,41.04,17.07,363.15,3.37,1.87,1.23,3.56
901.0,24.9,14.47,92.82,9.54,361.6,23.33,93.52,16.91,23.33,93.52,26.69,64.51,14.19,37.89,41.03,17.06,361.6,3.36,1.86,1.24,3.56
902.0,24.9,14.47,92.82,9.54,359.67,23.33,93.52,16.91,23.33,93.52,26.69,64.51,14.19,37.89,41.03,17.06,359.67,3.33,1.85,1.24,3.56
903.0,24.9,14.47,92.82,9.54,362.36,23.33,93.52,16.91,23.33,93.52,26.69,64.51,14.19,37.89,41.03,17.06,362.36,3.35,1.86,1.23,3.57
904.0,24.91,14.49,92.81,9.55,365.61,23.34,93.53,16.91,23.34,93.53,26.64,64.82,14.21,37.9,41,17.05,365.61,3.38,1.88,1.23,3.57
905.0,24.91,14.49,92.81,9.55,368.41,23.34,93.53,16.91,23.34,93.53,26.64,64.82,14.21,37.9,41,17.05,368.41,3.4,1.89,1.22,3.58
906.0,24.91,14.49,92.81,9.55,370.36,23.34,93.53,16.91,23.34,93.53,26.64,64.82,14.21,37.9,41,17.05,370.36,3.42,1.9,1.22,3.58
907.0,24.89,14.47,93.38,9.6,370.2,23.33,93.53,16.91,23.33,93.53,26.56,65.02,14.19,37.9,40.92,17.02,370.2,3.42,1.9,1.28,3.57
908.0,24.89,14.47,93.38,9.6,367.03,23.33,93.53,16.91,23.33,93.53,26.56,65.02,14.19,37.9,40.92,17.02,367.03,3.38,1.87,1.21,3.57
909.0,24.89,14.47,93.38,9.6,365.81,23.33,93.53,16.91,23.33,93.53,26.56,65.02,14.19,37.9,40.92,17.02,365.81,3.37,1.87,1.21,3.58
910.0,24.88,14.47,93.53,9.61,363.02,23.33,93.55,16.91,23.33,93.55,26.49,65.16,14.16,37.91,40.78,16.97,363.02,3.34,1.85,1.17,3.58
911.0,24.88,14.47,93.53,9.61,362.4,23.33,93.55,16.91,23.33,93.55,26.49,65.16,14.16,37.91,40.78,16.97,362.4,3.33,1.83,1.1,3.58
912.0,24.88,14.47,93.53,9.61,366.6,23.33,93.55,16.91,23.33,93.55,26.49,65.16,14.16,37.91,40.78,16.97,366.6,3.37,1.85,1.1,3.58
913.0,24.88,14.45,93.87,9.63,369.41,23.32,93.57,16.91,23.32,93.57,26.44,65.06,14.1,37.9,40.67,16.91,369.41,3.4,1.87,1.25,3.57
914.0,24.88,14.45,93.87,9.63,372.16,23.32,93.57,16.91,23.32,93.57,26.44,65.06,14.1,37.9,40.67,16.91,372.16,3.41,1.87,1.35,3.57
915.0,24.88,14.45,93.87,9.63,373.47,23.32,93.57,16.91,23.32,93.57,26.44,65.06,14.1,37.9,40.67,16.91,373.47,3.43,1.87,1.35,3.57
916.0,24.85,14.41,94.13,9.63,375.54,23.31,93.6,16.9,23.31,93.6,26.47,64.63,14.03,37.89,40.57,16.86,375.54,3.45,1.88,1.27,3.57
917.0,24.85,14.41,94.13,9.63,375.07,23.31,93.6,16.9,23.31,93.6,26.47,64.63,14.03,37.89,40.57,16.86,375.07,3.44,1.87,1.27,3.55
918.0,24.85,14.41,94.13,9.63,373.27,23.31,93.6,16.9,23.31,93.6,26.47,64.63,14.03,37.89,40.57,16.86,373.27,3.43,1.86,1.21,3.55
919.0,24.85,14.41,94.13,9.63,373.17,23.31,93.6,16.9,23.31,93.6,26.47,64.63,14.03,37.89,40.57,16.86,373.17,3.42,1.86,1.21,3.55
920.0,24.83,14.42,93.94,9.62,373.46,23.31,93.59,16.89,23.31,93.59,26.56,64.16,14,37.89,40.51,16.84,373.46,3.43,1.85,1.22,3.56
921.0,24.83,14.42,93.94,9.62,371.58,23.31,93.59,16.89,23.31,93.59,26.56,64.16,14,37.89,40.51,16.84,371.58,3.41,1.84,1.26,3.56
922.0,24.81,14.4,94.18,9.63,363.6,23.3,93.57,16.89,23.3,93.57,26.58,64.15,14.01,37.88,40.47,16.81,363.6,3.34,1.8,1.26,3.56
923.0,24.81,14.4,94.18,9.63,362,23.3,93.57,16.89,23.3,93.57,26.58,64.15,14.01,37.88,40.47,16.81,362,3.32,1.79,1.25,3.55
924.0,24.81,14.4,94.18,9.63,364.55,23.3,93.57,16.89,23.3,93.57,26.58,64.15,14.01,37.88,40.47,16.81,364.55,3.34,1.8,1.25,3.55
925.0,24.82,14.34,94.56,9.63,367.91,23.3,93.57,16.88,23.3,93.57,26.58,64.27,14.04,37.88,40.4,16.78,367.91,3.37,1.82,1.25,3.52
926.0,24.82,14.34,94.56,9.63,373.01,23.3,93.57,16.88,23.3,93.57,26.58,64.27,14.04,37.88,40.4,16.78,373.01,3.42,1.84,1.25,3.52
927.0,24.82,14.34,94.56,9.63,372.44,23.3,93.57,16.88,23.3,93.57,26.58,64.27,14.04,37.88,40.4,16.78,372.44,3.42,1.83,1.25,3.52
928.0,24.82,14.34,94.28,9.6,371.85,23.29,93.56,16.87,23.29,93.56,26.52,64.53,14.05,37.88,40.3,16.74,371.85,3.41,1.83,1.22,3.52
929.0,24.82,14.34,94.28,9.6,371.99,23.29,93.56,16.87,23.29,93.56,26.52,64.53,14.05,37.88,40.3,16.74,371.99,3.42,1.82,1.22,3.52
930.0,24.82,14.34,94.28,9.6,372.19,23.29,93.56,16.87,23.29,93.56,26.52,64.53,14.05,37.88,40.3,16.74,372.19,3.43,1.82,1.21,3.52
931.0,24.82,14.3,94.45,9.6,371.97,23.28,93.56,16.87,23.28,93.56,26.43,64.83,14.04,37.88,40.22,16.7,371.97,3.42,1.82,1.2,3.5
932.0,24.82,14.3,94.45,9.6,368.87,23.28,93.56,16.87,23.28,93.56,26.43,64.83,14.04,37.88,40.22,16.7,368.87,3.4,1.8,1.2,3.5
933.0,24.82,14.3,94.45,9.6,368.32,23.28,93.56,16.87,23.28,93.56,26.43,64.83,14.04,37.88,40.22,16.7,368.32,3.39,1.79,1.23,3.5
934.0,24.84,14.28,94.86,9.62,368.7,23.28,93.54,16.86,23.28,93.54,26.35,65.05,14.02,37.88,40.17,16.68,368.7,3.39,1.8,1.23,3.5
935.0,24.84,14.28,94.86,9.62,369.32,23.28,93.54,16.86,23.28,93.54,26.35,65.05,14.02,37.88,40.17,16.68,369.32,3.39,1.8,1.17,3.49
936.0,24.84,14.28,94.86,9.62,367.34,23.28,93.54,16.86,23.28,93.54,26.35,65.05,14.02,37.88,40.17,16.68,367.34,3.38,1.79,1.17,3.49
937.0,24.84,14.24,94.73,9.59,368.35,23.27,93.52,16.84,23.27,93.52,26.37,64.64,13.95,37.86,40.18,16.67,368.35,3.38,1.79,1.18,3.47
938.0,24.84,14.24,94.73,9.59,369.65,23.27,93.52,16.84,23.27,93.52,26.37,64.64,13.95,37.86,40.18,16.67,369.65,3.41,1.8,1.14,3.46
939.0,24.84,14.24,94.73,9.59,369.4,23.27,93.52,16.84,23.27,93.52,26.37,64.64,13.95,37.86,40.18,16.67,369.4,3.4,1.8,1.14,3.46
940.0,24.83,14.23,94.71,9.58,367.02,23.27,93.47,16.84,23.27,93.47,26.5,63.94,13.9,37.87,40.19,16.68,367.02,3.38,1.78,1.17,3.46
941.0,24.83,14.23,94.71,9.58,367.73,23.27,93.47,16.84,23.27,93.47,26.5,63.94,13.9,37.87,40.19,16.68,367.73,3.39,1.8,1.17,3.46
942.0,24.83,14.23,94.71,9.58,369.12,23.27,93.47,16.84,23.27,93.47,26.5,63.94,13.9,37.87,40.19,16.68,369.12,3.4,1.8,1.17,3.46
943.0,24.86,14.22,94.6,9.56,369.15,23.27,93.43,16.83,23.27,93.43,26.52,64.08,13.95,37.89,40.18,16.69,369.15,3.4,1.8,1.2,3.45
944.0,24.86,14.22,94.6,9.56,368.85,23.27,93.43,16.83,23.27,93.43,26.52,64.08,13.95,37.89,40.18,16.69,368.85,3.4,1.81,1.2,3.45
945.0,24.86,14.22,94.6,9.56,369.05,23.27,93.43,16.83,23.27,93.43,26.52,64.08,13.95,37.89,40.18,16.69,369.05,3.41,1.81,1.2,3.45
946.0,24.88,14.2,94.4,9.53,371.18,23.28,93.34,16.82,23.28,93.34,26.58,63.86,13.95,37.89,40.23,16.71,371.18,3.43,1.82,1.2,3.45
947.0,24.88,14.2,94.4,9.53,372.09,23.28,93.34,16.82,23.28,93.34,26.58,63.86,13.95,37.89,40.23,16.71,372.09,3.44,1.83,1.15,3.44
948.0,24.88,14.2,94.4,9.53,371.71,23.28,93.34,16.82,23.28,93.34,26.58,63.86,13.95,37.89,40.23,16.71,371.71,3.44,1.83,1.16,3.44
949.0,24.88,14.2,94.2,9.51,370.18,23.28,93.29,16.81,23.28,93.29,26.58,63.94,13.97,37.88,40.29,16.73,370.18,3.43,1.82,1.16,3.43
950.0,24.88,14.2,94.2,9.51,366.35,23.28,93.29,16.81,23.28,93.29,26.58,63.94,13.97,37.88,40.29,16.73,366.35,3.39,1.82,1.15,3.43
951.0,24.88,14.2,94.2,9.51,365.46,23.28,93.29,16.81,23.28,93.29,26.58,63.94,13.97,37.88,40.29,16.73,365.46,3.39,1.81,1.15,3.43
952.0,24.89,14.18,94.33,9.51,362.71,23.28,93.23,16.8,23.28,93.23,26.56,64.21,14.01,37.89,40.35,16.77,362.71,3.36,1.8,1.16,3.41
953.0,24.89,14.18,94.33,9.51,360.63,23.28,93.23,16.8,23.28,93.23,26.56,64.21,14.01,37.89,40.35,16.77,360.63,3.34,1.8,1.16,3.42
954.0,24.89,14.18,94.33,9.51,359.07,23.28,93.23,16.8,23.28,93.23,26.56,64.21,14.01,37.89,40.35,16.77,359.07,3.33,1.79,1.15,3.42
955.0,24.89,14.2,93.98,9.49,361.46,23.28,93.18,16.79,23.28,93.18,26.54,64.44,14.04,37.88,40.43,16.8,361.46,3.35,1.8,1.15,3.43
956.0,24.89,14.2,93.98,9.49,361.06,23.28,93.18,16.79,23.28,93.18,26.54,64.44,14.04,37.88,40.43,16.8,361.06,3.35,1.81,1.15,3.43
957.0,24.89,14.2,93.98,9.49,360.67,23.28,93.18,16.79,23.28,93.18,26.54,64.44,14.04,37.88,40.43,16.8,360.67,3.34,1.81,1.15,3.43
958.0,24.91,14.18,93.98,9.48,357.5,23.28,93.11,16.78,23.28,93.11,26.62,64.11,14.04,37.88,40.5,16.83,357.5,3.31,1.8,1.15,3.41
959.0,24.91,14.18,93.98,9.48,357.14,23.28,93.11,16.78,23.28,93.11,26.62,64.11,14.04,37.88,40.5,16.83,357.14,3.31,1.81,1.15,3.42
960.0,24.91,14.18,93.98,9.48,358.96,23.28,93.11,16.78,23.28,93.11,26.62,64.11,14.04,37.88,40.5,16.83,358.96,3.33,1.81,1.15,3.42
961.0,24.91,14.18,93.98,9.48,361.57,23.28,93.11,16.78,23.28,93.11,26.62,64.11,14.04,37.88,40.5,16.83,361.57,3.35,1.83,1.18,3.41
962.0,24.93,14.18,93.82,9.46,363.86,23.29,93.07,16.78,23.29,93.07,26.64,64.25,14.09,37.88,40.56,16.85,363.86,3.38,1.85,1.15,3.41
963.0,24.93,14.18,93.82,9.46,363.76,23.29,93.07,16.78,23.29,93.07,26.64,64.25,14.09,37.88,40.56,16.85,363.76,3.38,1.85,1.15,3.41
964.0,24.94,14.21,93.5,9.44,363.86,23.29,93.02,16.77,23.29,93.02,26.66,64.43,14.14,37.87,40.63,16.87,363.86,3.38,1.85,1.13,3.42
965.0,24.94,14.21,93.5,9.44,363.47,23.29,93.02,16.77,23.29,93.02,26.66,64.43,14.14,37.87,40.63,16.87,363.47,3.38,1.85,1.13,3.42
966.0,24.94,14.21,93.5,9.44,362.37,23.29,93.02,16.77,23.29,93.02,26.66,64.43,14.14,37.87,40.63,16.87,362.37,3.37,1.85,1.15,3.42
967.0,24.94,14.21,93.5,9.44,359.54,23.29,93.02,16.77,23.29,93.02,26.66,64.43,14.14,37.87,40.63,16.87,359.54,3.34,1.83,1.15,3.42
968.0,24.92,14.21,93.49,9.44,357.64,23.3,92.95,16.76,23.3,92.95,26.67,64.6,14.19,37.86,40.69,16.89,357.64,3.32,1.83,1.16,3.42
969.0,24.92,14.21,93.49,9.44,359.41,23.3,92.95,16.76,23.3,92.95,26.67,64.6,14.19,37.86,40.69,16.89,359.41,3.34,1.84,1.16,3.42
970.0,24.92,14.21,93.42,9.43,360.32,23.3,92.91,16.76,23.3,92.91,26.63,65,14.24,37.86,40.73,16.9,360.32,3.35,1.84,1.13,3.42
971.0,24.92,14.21,93.42,9.43,361.84,23.3,92.91,16.76,23.3,92.91,26.63,65,14.24,37.86,40.73,16.9,361.84,3.36,1.85,1.13,3.42
972.0,24.92,14.21,93.42,9.43,363.21,23.3,92.91,16.76,23.3,92.91,26.63,65,14.24,37.86,40.73,16.9,363.21,3.38,1.86,1.15,3.42
973.0,24.92,14.21,93.42,9.43,363.85,23.3,92.91,16.76,23.3,92.91,26.63,65,14.24,37.86,40.73,16.9,363.85,3.38,1.86,1.14,3.42
974.0,24.92,14.23,93.25,9.43,363.85,23.3,92.89,16.76,23.3,92.89,26.62,64.99,14.23,37.86,40.74,16.91,363.85,3.38,1.86,1.14,3.43
975.0,24.92,14.23,93.25,9.43,363.98,23.3,92.89,16.76,23.3,92.89,26.62,64.99,14.23,37.86,40.74,16.91,363.98,3.38,1.87,1.14,3.43
976.0,24.92,14.22,93.37,9.44,364.08,23.31,92.88,16.76,23.31,92.88,26.69,64.5,14.19,37.86,40.74,16.91,364.08,3.38,1.87,1.14,3.42
977.0,24.92,14.22,93.37,9.44,364.46,23.31,92.88,16.76,23.31,92.88,26.69,64.5,14.19,37.86,40.74,16.91,364.46,3.39,1.87,1.17,3.42
978.0,24.92,14.22,93.37,9.44,362.83,23.31,92.88,16.76,23.31,92.88,26.69,64.5,14.19,37.86,40.74,16.91,362.83,3.37,1.86,1.16,3.42
979.0,24.92,14.23,93.28,9.44,360.74,23.31,92.87,16.76,23.31,92.87,26.74,64.52,14.23,37.86,40.76,16.92,360.74,3.35,1.85,1.16,3.42
980.0,24.92,14.23,93.28,9.44,360.78,23.31,92.87,16.76,23.31,92.87,26.74,64.52,14.23,37.86,40.76,16.92,360.78,3.35,1.85,1.12,3.43
981.0,24.92,14.23,93.28,9.44,361.12,23.31,92.87,16.76,23.31,92.87,26.74,64.52,14.23,37.86,40.76,16.92,361.12,3.35,1.85,1.12,3.43
982.0,24.91,14.26,93.2,9.44,365.43,23.31,92.87,16.76,23.31,92.87,26.74,64.87,14.31,37.86,40.78,16.92,365.43,3.39,1.88,1.16,3.44
983.0,24.91,14.26,93.2,9.44,369.39,23.31,92.87,16.76,23.31,92.87,26.74,64.87,14.31,37.86,40.78,16.92,369.39,3.43,1.9,1.14,3.44
984.0,24.91,14.26,93.2,9.44,371.98,23.31,92.87,16.76,23.31,92.87,26.74,64.87,14.31,37.86,40.78,16.92,371.98,3.45,1.91,1.14,3.44
985.0,24.9,14.26,92.98,9.42,371.22,23.31,92.88,16.76,23.31,92.88,26.69,65.35,14.38,37.86,40.8,16.93,371.22,3.44,1.91,1.18,3.44
986.0,24.9,14.26,92.98,9.42,373.22,23.31,92.88,16.76,23.31,92.88,26.69,65.35,14.38,37.86,40.8,16.93,373.22,3.47,1.92,1.18,3.44
987.0,24.9,14.26,92.98,9.42,378,23.31,92.88,16.76,23.31,92.88,26.69,65.35,14.38,37.86,40.8,16.93,378,3.51,1.94,1.17,3.44
988.0,24.91,14.26,93,9.42,377.48,23.31,92.88,16.77,23.31,92.88,26.62,65.71,14.4,37.85,40.84,16.95,377.48,3.51,1.94,1.17,3.44
989.0,24.91,14.26,93,9.42,372.68,23.31,92.88,16.77,23.31,92.88,26.62,65.71,14.4,37.85,40.84,16.95,372.68,3.46,1.92,1.16,3.44
990.0,24.91,14.26,93,9.42,370.55,23.31,92.88,16.77,23.31,92.88,26.62,65.71,14.4,37.85,40.84,16.95,370.55,3.44,1.91,1.16,3.44
991.0,24.92,14.28,92.9,9.43,369.37,23.31,92.9,16.77,23.31,92.9,26.55,65.85,14.37,37.86,40.92,16.99,369.37,3.43,1.9,1.17,3.47
992.0,24.92,14.28,92.9,9.43,369.19,23.31,92.9,16.77,23.31,92.9,26.55,65.85,14.37,37.86,40.92,16.99,369.19,3.43,1.91,1.17,3.45
993.0,24.92,14.28,92.9,9.43,370.86,23.31,92.9,16.77,23.31,92.9,26.55,65.85,14.37,37.86,40.92,16.99,370.86,3.44,1.92,1.15,3.45
994.0,24.93,14.29,93.04,9.44,369.14,23.3,92.89,16.76,23.3,92.89,26.48,65.83,14.3,37.86,41.01,17.02,369.14,3.43,1.91,1.16,3.45
995.0,24.93,14.29,93.04,9.44,365.45,23.3,92.89,16.76,23.3,92.89,26.48,65.83,14.3,37.86,41.01,17.02,365.45,3.38,1.91,1.16,3.45
996.0,24.93,14.29,93.04,9.44,364.66,23.3,92.89,16.76,23.3,92.89,26.48,65.83,14.3,37.86,41.01,17.02,364.66,3.38,1.91,1.21,3.45
997.0,24.94,14.28,93.27,9.46,364,23.31,92.84,16.76,23.31,92.84,26.46,65.5,14.21,37.88,41.05,17.06,364,3.37,1.9,1.18,3.45
998.0,24.94,14.28,93.27,9.46,364.04,23.31,92.84,16.76,23.31,92.84,26.46,65.5,14.21,37.88,41.05,17.06,364.04,3.37,1.91,1.18,3.44
999.0,24.94,14.28,93.27,9.46,368.44,23.31,92.84,16.76,23.31,92.84,26.46,65.5,14.21,37.88,41.05,17.06,368.44,3.41,1.94,1.14,3.44
1000.0,24.91,14.3,92.95,9.44,369.6,23.32,92.81,16.76,23.32,92.81,26.46,64.97,14.1,37.88,41.1,17.08,369.6,3.42,1.94,1.14,3.45
1001.0,24.91,14.3,92.95,9.44,375.1,23.32,92.81,16.76,23.32,92.81,26.46,64.97,14.1,37.88,41.1,17.08,375.1,3.47,1.98,1.16,3.45
1002.0,24.91,14.3,92.95,9.44,373.64,23.32,92.81,16.76,23.32,92.81,26.46,64.97,14.1,37.88,41.1,17.08,373.64,3.46,1.97,1.16,3.45
1003.0,24.91,14.29,93.18,9.46,370.65,23.32,92.78,16.76,23.32,92.78,26.48,64.61,14.03,37.87,41.14,17.09,370.65,3.43,1.95,1.22,3.45
1004.0,24.91,14.29,93.18,9.46,370.37,23.32,92.78,16.76,23.32,92.78,26.48,64.61,14.03,37.87,41.14,17.09,370.37,3.43,1.96,1.22,3.45
1005.0,24.91,14.29,93.18,9.46,370.22,23.32,92.78,16.76,23.32,92.78,26.48,64.61,14.03,37.87,41.14,17.09,370.22,3.42,1.95,1.18,3.45
1006.0,24.91,14.28,93.3,9.46,370.58,23.32,92.78,16.76,23.32,92.78,26.59,63.98,13.99,37.86,41.15,17.09,370.58,3.43,1.96,1.18,3.44
1007.0,24.91,14.28,93.3,9.46,371.4,23.32,92.78,16.76,23.32,92.78,26.59,63.98,13.99,37.86,41.15,17.09,371.4,3.44,1.96,1.18,3.44
1008.0,24.91,14.28,93.3,9.46,371.37,23.32,92.78,16.76,23.32,92.78,26.59,63.98,13.99,37.86,41.15,17.09,371.37,3.44,1.96,1.17,3.44
1009.0,24.9,14.28,93.35,9.47,371.49,23.33,92.77,16.76,23.33,92.77,26.69,63.64,13.99,37.87,41.12,17.07,371.49,3.44,1.96,1.17,3.44
1010.0,24.9,14.28,93.35,9.47,369.07,23.33,92.77,16.76,23.33,92.77,26.69,63.64,13.99,37.87,41.12,17.07,369.07,3.41,1.94,1.15,3.45
1011.0,24.9,14.28,93.35,9.47,370.93,23.33,92.77,16.76,23.33,92.77,26.69,63.64,13.99,37.87,41.12,17.07,370.93,3.43,1.95,1.17,3.45
1012.0,24.9,14.3,93.28,9.47,375.05,23.33,92.79,16.77,23.33,92.79,26.75,63.8,14.08,37.87,41.1,17.06,375.05,3.47,1.97,1.17,3.45
1013.0,24.9,14.3,93.28,9.47,377.26,23.33,92.79,16.77,23.33,92.79,26.75,63.8,14.08,37.87,41.1,17.06,377.26,3.49,1.98,1.19,3.45
1014.0,24.9,14.3,93.28,9.47,373.57,23.33,92.79,16.77,23.33,92.79,26.75,63.8,14.08,37.87,41.1,17.06,373.57,3.45,1.96,1.19,3.45
1015.0,24.89,14.29,93.35,9.48,365.61,23.33,92.81,16.77,23.33,92.81,26.74,64.21,14.16,37.86,41.05,17.04,365.61,3.38,1.92,1.17,3.45
1016.0,24.89,14.29,93.35,9.48,364.69,23.33,92.81,16.77,23.33,92.81,26.74,64.21,14.16,37.86,41.05,17.04,364.69,3.37,1.9,1.17,3.45
1017.0,24.89,14.29,93.35,9.48,364.18,23.33,92.81,16.77,23.33,92.81,26.74,64.21,14.16,37.86,41.05,17.04,364.18,3.37,1.9,1.12,3.45
1018.0,24.89,14.29,93.46,9.49,367.92,23.33,92.82,16.77,23.33,92.82,26.78,64.14,14.19,37.85,41.01,17.01,367.92,3.4,1.92,1.12,3.45
1019.0,24.89,14.29,93.46,9.49,376.56,23.33,92.82,16.77,23.33,92.82,26.78,64.14,14.19,37.85,41.01,17.01,376.56,3.48,1.96,1.15,3.45
1020.0,24.89,14.29,93.46,9.49,378.35,23.33,92.82,16.77,23.33,92.82,26.78,64.14,14.19,37.85,41.01,17.01,378.35,3.5,1.97,1.18,3.45
1021.0,24.92,14.3,93.23,9.47,379.82,23.32,92.85,16.77,23.32,92.85,26.79,64.18,14.2,37.84,40.97,16.99,379.82,3.51,1.97,1.18,3.45
1022.0,24.92,14.3,93.23,9.47,381.42,23.32,92.85,16.77,23.32,92.85,26.79,64.18,14.2,37.84,40.97,16.99,381.42,3.53,1.97,1.17,3.45
1023.0,24.92,14.3,93.23,9.47,382.83,23.32,92.85,16.77,23.32,92.85,26.79,64.18,14.2,37.84,40.97,16.99,382.83,3.54,1.98,1.17,3.45
1024.0,24.92,14.3,93.23,9.47,381.45,23.32,92.85,16.77,23.32,92.85,26.79,64.18,14.2,37.84,40.97,16.99,381.45,3.53,1.97,1.19,3.45
1025.0,24.95,14.31,93.39,9.49,375.39,23.32,92.85,16.77,23.32,92.85,26.77,64.23,14.19,37.85,40.93,16.97,375.39,3.46,1.94,1.19,3.46
1026.0,24.95,14.31,93.39,9.49,374.18,23.32,92.85,16.77,23.32,92.85,26.77,64.23,14.19,37.85,40.93,16.97,374.18,3.45,1.93,1.19,3.46
1027.0,24.93,14.32,93.27,9.49,370.63,23.32,92.85,16.77,23.32,92.85,26.7,64.54,14.2,37.84,40.86,16.94,370.63,3.42,1.91,1.14,3.47
1028.0,24.93,14.32,93.27,9.49,369.25,23.32,92.85,16.77,23.32,92.85,26.7,64.54,14.2,37.84,40.86,16.94,369.25,3.41,1.9,1.14,3.47
1029.0,24.93,14.32,93.27,9.49,366.51,23.32,92.85,16.77,23.32,92.85,26.7,64.54,14.2,37.84,40.86,16.94,366.51,3.38,1.88,1.18,3.47
1030.0,24.93,14.36,93.03,9.48,364.51,23.32,92.89,16.78,23.32,92.89,26.62,64.94,14.23,37.85,40.8,16.92,364.51,3.36,1.87,1.18,3.49
1031.0,24.93,14.36,93.03,9.48,364.08,23.32,92.89,16.78,23.32,92.89,26.62,64.94,14.23,37.85,40.8,16.92,364.08,3.36,1.86,1.21,3.49
1032.0,24.93,14.36,93.03,9.48,363.99,23.32,92.89,16.78,23.32,92.89,26.62,64.94,14.23,37.85,40.8,16.92,363.99,3.36,1.86,1.21,3.49
1033.0,24.95,14.37,92.79,9.47,362.17,23.31,92.92,16.78,23.31,92.92,26.58,65.07,14.22,37.84,40.78,16.91,362.17,3.34,1.85,1.21,3.51
1034.0,24.95,14.37,92.79,9.47,360.75,23.31,92.92,16.78,23.31,92.92,26.58,65.07,14.22,37.84,40.78,16.91,360.75,3.33,1.84,1.22,3.5
1035.0,24.95,14.37,92.79,9.47,360.57,23.31,92.92,16.78,23.31,92.92,26.58,65.07,14.22,37.84,40.78,16.91,360.57,3.33,1.84,1.22,3.5
1036.0,24.96,14.37,92.97,9.49,362.93,23.31,92.94,16.78,23.31,92.94,26.55,65.09,14.19,37.85,40.76,16.91,362.93,3.35,1.85,1.22,3.5
1037.0,24.96,14.37,92.97,9.49,366.55,23.31,92.94,16.78,23.31,92.94,26.55,65.09,14.19,37.85,40.76,16.91,366.55,3.38,1.87,1.17,3.5
1038.0,24.96,14.37,92.97,9.49,367.7,23.31,92.94,16.78,23.31,92.94,26.55,65.09,14.19,37.85,40.76,16.91,367.7,3.39,1.88,1.17,3.5
1039.0,24.94,14.38,93.22,9.52,367.01,23.31,92.92,16.77,23.31,92.92,26.5,65.34,14.21,37.85,40.76,16.91,367.01,3.38,1.87,1.18,3.51
1040.0,24.94,14.38,93.22,9.52,365.12,23.31,92.92,16.77,23.31,92.92,26.5,65.34,14.21,37.85,40.76,16.91,365.12,3.35,1.87,1.18,3.51
1041.0,24.94,14.38,93.22,9.52,362.04,23.31,92.92,16.77,23.31,92.92,26.5,65.34,14.21,37.85,40.76,16.91,362.04,3.32,1.85,1.19,3.51
1042.0,24.92,14.38,93.38,9.54,364.7,23.31,92.9,16.77,23.31,92.9,26.44,65.6,14.22,37.86,40.76,16.92,364.7,3.35,1.86,1.19,3.51
1043.0,24.92,14.38,93.38,9.54,367.04,23.31,92.9,16.77,23.31,92.9,26.44,65.6,14.22,37.86,40.76,16.92,367.04,3.36,1.88,1.17,3.51
1044.0,24.92,14.38,93.38,9.54,367.43,23.31,92.9,16.77,23.31,92.9,26.44,65.6,14.22,37.86,40.76,16.92,367.43,3.37,1.88,1.22,3.51
1045.0,24.91,14.38,93.39,9.54,369.57,23.31,92.88,16.76,23.31,92.88,26.41,65.71,14.21,37.87,40.76,16.93,369.57,3.38,1.89,1.22,3.51
1046.0,24.91,14.38,93.39,9.54,370.67,23.31,92.88,16.76,23.31,92.88,26.41,65.71,14.21,37.87,40.76,16.93,370.67,3.39,1.91,1.19,3.51
1047.0,24.91,14.38,93.39,9.54,370.03,23.31,92.88,16.76,23.31,92.88,26.41,65.71,14.21,37.87,40.76,16.93,370.03,3.39,1.9,1.19,3.51
1048.0,24.92,14.36,93.54,9.54,369.37,23.31,92.85,16.76,23.31,92.85,26.45,65.38,14.18,37.88,40.79,16.94,369.37,3.38,1.9,1.22,3.5
1049.0,24.92,14.36,93.54,9.54,368.98,23.31,92.85,16.76,23.31,92.85,26.45,65.38,14.18,37.88,40.79,16.94,368.98,3.38,1.9,1.22,3.5
1050.0,24.92,14.36,93.54,9.54,367.76,23.31,92.85,16.76,23.31,92.85,26.45,65.38,14.18,37.88,40.79,16.94,367.76,3.37,1.9,1.22,3.5
1051.0,24.91,14.35,93.7,9.55,370.78,23.31,92.79,16.75,23.31,92.79,26.54,64.95,14.16,37.88,40.83,16.97,370.78,3.39,1.91,1.18,3.5
1052.0,24.91,14.35,93.7,9.55,371.55,23.31,92.79,16.75,23.31,92.79,26.54,64.95,14.16,37.88,40.83,16.97,371.55,3.4,1.93,1.18,3.5
1053.0,24.91,14.35,93.7,9.55,372.57,23.31,92.79,16.75,23.31,92.79,26.54,64.95,14.16,37.88,40.83,16.97,372.57,3.41,1.93,1.21,3.5
1054.0,24.91,14.35,93.7,9.55,372.79,23.31,92.79,16.75,23.31,92.79,26.54,64.95,14.16,37.88,40.83,16.97,372.79,3.41,1.93,1.21,3.5
1055.0,24.9,14.31,94.04,9.56,372.58,23.32,92.74,16.75,23.32,92.74,26.57,65.04,14.21,37.89,40.89,16.99,372.58,3.41,1.94,1.19,3.48
1056.0,24.9,14.31,94.04,9.56,370.81,23.32,92.74,16.75,23.32,92.74,26.57,65.04,14.21,37.89,40.89,16.99,370.81,3.39,1.93,1.19,3.48
1057.0,24.9,14.31,93.93,9.55,368.61,23.33,92.69,16.75,23.33,92.69,26.57,65.22,14.25,37.89,40.95,17.02,368.61,3.37,1.92,1.21,3.48
1058.0,24.9,14.31,93.93,9.55,368.08,23.33,92.69,16.75,23.33,92.69,26.57,65.22,14.25,37.89,40.95,17.02,368.08,3.37,1.93,1.15,3.48
1059.0,24.9,14.31,93.93,9.55,367.1,23.33,92.69,16.75,23.33,92.69,26.57,65.22,14.25,37.89,40.95,17.02,367.1,3.36,1.92,1.15,3.48
1060.0,24.9,14.31,93.93,9.55,367.14,23.33,92.69,16.75,23.33,92.69,26.57,65.22,14.25,37.89,40.95,17.02,367.14,3.36,1.92,1.23,3.48
1061.0,24.91,14.29,94.06,9.55,368.59,23.33,92.67,16.75,23.33,92.67,26.55,65.42,14.27,37.89,41.01,17.05,368.59,3.38,1.94,1.18,3.47
1062.0,24.91,14.29,94.06,9.55,369.93,23.33,92.67,16.75,23.33,92.67,26.55,65.42,14.27,37.89,41.01,17.05,369.93,3.39,1.95,1.18,3.47
1063.0,24.92,14.27,94.09,9.54,368.95,23.33,92.64,16.74,23.33,92.64,26.52,65.62,14.29,37.89,41.09,17.08,368.95,3.38,1.94,1.22,3.46
1064.0,24.92,14.27,94.09,9.54,368.67,23.33,92.64,16.74,23.33,92.64,26.52,65.62,14.29,37.89,41.09,17.08,368.67,3.38,1.95,1.22,3.46
1065.0,24.92,14.27,94.09,9.54,367.85,23.33,92.64,16.74,23.33,92.64,26.52,65.62,14.29,37.89,41.09,17.08,367.85,3.37,1.95,1.15,3.46
1066.0,24.94,14.25,94.19,9.54,365.71,23.33,92.61,16.74,23.33,92.61,26.49,65.81,14.3,37.89,41.17,17.12,365.71,3.36,1.94,1.18,3.43
1067.0,24.94,14.25,94.19,9.54,365.52,23.33,92.61,16.74,23.33,92.61,26.49,65.81,14.3,37.89,41.17,17.12,365.52,3.36,1.94,1.18,3.44
1068.0,24.94,14.25,94.19,9.54,365.83,23.33,92.61,16.74,23.33,92.61,26.49,65.81,14.3,37.89,41.17,17.12,365.83,3.36,1.95,1.15,3.44
1069.0,24.97,14.24,94.11,9.53,365.76,23.34,92.57,16.74,23.34,92.57,26.47,65.93,14.32,37.89,41.24,17.15,365.76,3.36,1.95,1.15,3.44
1070.0,24.97,14.24,94.11,9.53,364.17,23.34,92.57,16.74,23.34,92.57,26.47,65.93,14.32,37.89,41.24,17.15,364.17,3.35,1.95,1.16,3.44
1071.0,24.97,14.24,94.11,9.53,364.2,23.34,92.57,16.74,23.34,92.57,26.47,65.93,14.32,37.89,41.24,17.15,364.2,3.35,1.95,1.16,3.44
1072.0,24.98,14.21,94.25,9.52,363.02,23.35,92.54,16.74,23.35,92.54,26.43,66.15,14.33,37.89,41.33,17.19,363.02,3.34,1.94,1.15,3.42
1073.0,24.98,14.21,94.25,9.52,362.42,23.35,92.54,16.74,23.35,92.54,26.43,66.15,14.33,37.89,41.33,17.19,362.42,3.34,1.95,1.15,3.42
1074.0,24.98,14.21,94.25,9.52,362.39,23.35,92.54,16.74,23.35,92.54,26.43,66.15,14.33,37.89,41.33,17.19,362.39,3.34,1.95,1.16,3.42
1075.0,24.98,14.21,94.25,9.52,363.1,23.35,92.54,16.74,23.35,92.54,26.43,66.15,14.33,37.89,41.33,17.19,363.1,3.35,1.95,1.16,3.42
1076.0,25,14.21,94.24,9.52,365.91,23.35,92.54,16.75,23.35,92.54,26.38,66.34,14.33,37.9,41.43,17.24,365.91,3.38,1.98,1.14,3.41
1077.0,25,14.21,94.24,9.52,369.72,23.35,92.54,16.75,23.35,92.54,26.38,66.34,14.33,37.9,41.43,17.24,369.72,3.41,2.0,1.15,3.41
1078.0,24.99,14.18,94.14,9.49,372.61,23.35,92.52,16.75,23.35,92.52,26.36,66.23,14.29,37.9,41.54,17.28,372.61,3.44,2.02,1.15,3.4
1079.0,24.99,14.18,94.14,9.49,372.79,23.35,92.52,16.75,23.35,92.52,26.36,66.23,14.29,37.9,41.54,17.28,372.79,3.45,2.03,1.14,3.4
1080.0,24.99,14.18,94.14,9.49,373.48,23.35,92.52,16.75,23.35,92.52,26.36,66.23,14.29,37.9,41.54,17.28,373.48,3.46,2.04,1.14,3.39
1081.0,24.99,14.18,94.14,9.49,373.42,23.35,92.52,16.75,23.35,92.52,26.36,66.23,14.29,37.9,41.54,17.28,373.42,3.46,2.04,1.13,3.39
1082.0,24.97,14.19,94.14,9.49,371.29,23.36,92.49,16.75,23.36,92.49,26.44,65.55,14.21,37.9,41.62,17.32,371.29,3.44,2.04,1.13,3.39
1083.0,24.97,14.19,94.14,9.49,369.73,23.36,92.49,16.75,23.36,92.49,26.44,65.55,14.21,37.9,41.62,17.32,369.73,3.42,2.03,1.13,3.39
1084.0,24.96,14.17,93.93,9.46,368.34,23.37,92.48,16.75,23.37,92.48,26.51,65.06,14.15,37.9,41.65,17.33,368.34,3.41,2.02,1.13,3.39
1085.0,24.96,14.17,93.93,9.46,370.8,23.37,92.48,16.75,23.37,92.48,26.51,65.06,14.15,37.9,41.65,17.33,370.8,3.45,2.04,1.13,3.38
1086.0,24.96,14.17,93.93,9.46,370.18,23.37,92.48,16.75,23.37,92.48,26.51,65.06,14.15,37.9,41.65,17.33,370.18,3.44,2.03,1.14,3.38
1087.0,24.96,14.17,93.75,9.44,373.24,23.37,92.47,16.76,23.37,92.47,26.5,65,14.13,37.91,41.62,17.33,373.24,3.47,2.05,1.14,3.38
1088.0,24.96,14.17,93.75,9.44,373.7,23.37,92.47,16.76,23.37,92.47,26.5,65,14.13,37.91,41.62,17.33,373.7,3.48,2.05,1.13,3.38
1089.0,24.96,14.17,93.75,9.44,372.82,23.37,92.47,16.76,23.37,92.47,26.5,65,14.13,37.91,41.62,17.33,372.82,3.47,2.04,1.13,3.38
1090.0,24.98,14.19,93.49,9.43,372.08,23.38,92.49,16.76,23.38,92.49,26.45,65.18,14.13,37.91,41.58,17.31,372.08,3.47,2.04,1.13,3.39
1091.0,24.98,14.19,93.49,9.43,368.77,23.38,92.49,16.76,23.38,92.49,26.45,65.18,14.13,37.91,41.58,17.31,368.77,3.44,2.01,1.14,3.39
1092.0,24.98,14.19,93.49,9.43,368.28,23.38,92.49,16.76,23.38,92.49,26.45,65.18,14.13,37.91,41.58,17.31,368.28,3.44,2.01,1.14,3.39
1093.0,24.98,14.2,93.35,9.42,367.15,23.38,92.49,16.77,23.38,92.49,26.45,65.1,14.11,37.91,41.56,17.3,367.15,3.43,2.0,1.12,3.39
1094.0,24.98,14.2,93.35,9.42,368,23.38,92.49,16.77,23.38,92.49,26.45,65.1,14.11,37.91,41.56,17.3,368,3.44,2.0,1.12,3.39
1095.0,24.98,14.2,93.35,9.42,375.01,23.38,92.49,16.77,23.38,92.49,26.45,65.1,14.11,37.91,41.56,17.3,375.01,3.5,2.04,1.13,3.39
1096.0,24.99,14.2,93.31,9.42,378.58,23.38,92.54,16.78,23.38,92.54,26.51,65.03,14.15,37.91,41.59,17.31,378.58,3.54,2.06,1.13,3.39
1097.0,24.99,14.2,93.31,9.42,378,23.38,92.54,16.78,23.38,92.54,26.51,65.03,14.15,37.91,41.59,17.31,378,3.53,2.06,1.15,3.39
1098.0,24.99,14.2,93.31,9.42,374.67,23.38,92.54,16.78,23.38,92.54,26.51,65.03,14.15,37.91,41.59,17.31,374.67,3.5,2.04,1.15,3.39
1099.0,24.99,14.22,93.05,9.4,369.49,23.38,92.57,16.78,23.38,92.57,26.52,65.36,14.23,37.91,41.64,17.33,369.49,3.46,2.01,1.16,3.4
1100.0,24.99,14.22,93.05,9.4,368.24,23.38,92.57,16.78,23.38,92.57,26.52,65.36,14.23,37.91,41.64,17.33,368.24,3.45,2.01,1.12,3.4
1101.0,24.99,14.22,93.05,9.4,367.23,23.38,92.57,16.78,23.38,92.57,26.52,65.36,14.23,37.91,41.64,17.33,367.23,3.44,2.0,1.12,3.4
1102.0,25,14.25,92.94,9.41,366.91,23.38,92.59,16.79,23.38,92.59,26.47,65.72,14.27,37.91,41.65,17.34,366.91,3.43,2.0,1.11,3.41
1103.0,25,14.25,92.94,9.41,365.94,23.38,92.59,16.79,23.38,92.59,26.47,65.72,14.27,37.91,41.65,17.34,365.94,3.42,2.0,1.11,3.41
1104.0,25,14.25,92.94,9.41,365.74,23.38,92.59,16.79,23.38,92.59,26.47,65.72,14.27,37.91,41.65,17.34,365.74,3.42,2.0,1.12,3.41
1105.0,25,14.26,92.91,9.41,364.06,23.39,92.62,16.8,23.39,92.62,26.41,66,14.28,37.91,41.63,17.34,364.06,3.41,1.99,1.13,3.42
1106.0,25,14.26,92.91,9.41,363.68,23.39,92.62,16.8,23.39,92.62,26.41,66,14.28,37.91,41.63,17.34,363.68,3.4,1.98,1.13,3.41
1107.0,25,14.26,92.91,9.41,363.46,23.39,92.62,16.8,23.39,92.62,26.41,66,14.28,37.91,41.63,17.34,363.46,3.4,1.98,1.12,3.41
1108.0,24.99,14.29,92.62,9.4,365.25,23.38,92.69,16.81,23.38,92.69,26.36,66,14.24,37.92,41.63,17.34,365.25,3.42,1.99,1.12,3.43
1109.0,24.99,14.29,92.62,9.4,366.94,23.38,92.69,16.81,23.38,92.69,26.36,66,14.24,37.92,41.63,17.34,366.94,3.43,2.0,1.14,3.43
1110.0,24.99,14.29,92.62,9.4,366.99,23.38,92.69,16.81,23.38,92.69,26.36,66,14.24,37.92,41.63,17.34,366.99,3.43,2.0,1.14,3.43
1111.0,25,14.31,92.72,9.43,371.6,23.38,92.72,16.81,23.38,92.72,26.34,65.87,14.19,37.92,41.66,17.36,371.6,3.48,2.02,1.17,3.44
1112.0,25,14.31,92.72,9.43,373.07,23.38,92.72,16.81,23.38,92.72,26.34,65.87,14.19,37.92,41.66,17.36,373.07,3.48,2.04,1.17,3.44
1113.0,25,14.31,92.72,9.43,375.03,23.38,92.72,16.81,23.38,92.72,26.34,65.87,14.19,37.92,41.66,17.36,375.03,3.5,2.05,1.17,3.44
1114.0,25.01,14.32,92.82,9.44,376.64,23.38,92.76,16.82,23.38,92.76,26.36,65.57,14.14,37.92,41.74,17.39,376.64,3.52,2.06,1.17,3.45
1115.0,25.01,14.32,92.82,9.44,370.39,23.38,92.76,16.82,23.38,92.76,26.36,65.57,14.14,37.92,41.74,17.39,370.39,3.46,2.03,1.14,3.45
1116.0,25.01,14.32,92.82,9.44,369.85,23.38,92.76,16.82,23.38,92.76,26.36,65.57,14.14,37.92,41.74,17.39,369.85,3.45,2.03,1.15,3.45
1117.0,25.03,14.34,92.79,9.45,369.56,23.38,92.77,16.82,23.38,92.77,26.36,65.4,14.1,37.92,41.79,17.42,369.56,3.45,2.03,1.15,3.46
1118.0,25.03,14.34,92.79,9.45,369.75,23.38,92.77,16.82,23.38,92.77,26.36,65.4,14.1,37.92,41.79,17.42,369.75,3.44,2.04,1.13,3.46
1119.0,25.03,14.34,92.79,9.45,368.6,23.38,92.77,16.82,23.38,92.77,26.36,65.4,14.1,37.92,41.79,17.42,368.6,3.43,2.03,1.16,3.46
1120.0,25.01,14.36,92.54,9.44,367.46,23.38,92.78,16.82,23.38,92.78,26.38,65.12,14.06,37.92,41.81,17.42,367.46,3.42,2.02,1.16,3.47
1121.0,25.01,14.36,92.54,9.44,369.72,23.38,92.78,16.82,23.38,92.78,26.38,65.12,14.06,37.92,41.81,17.42,369.72,3.44,2.04,1.14,3.47
1122.0,25.01,14.36,92.54,9.44,371.62,23.38,92.78,16.82,23.38,92.78,26.38,65.12,14.06,37.92,41.81,17.42,371.62,3.46,2.05,1.14,3.47
1123.0,24.98,14.38,92.74,9.47,373.44,23.39,92.77,16.83,23.39,92.77,26.44,64.7,14.02,37.92,41.78,17.41,373.44,3.48,2.06,1.17,3.48
1124.0,24.98,14.38,92.74,9.47,373.65,23.39,92.77,16.83,23.39,92.77,26.44,64.7,14.02,37.92,41.78,17.41,373.65,3.47,2.05,1.17,3.48
1125.0,24.98,14.38,92.74,9.47,371.98,23.39,92.77,16.83,23.39,92.77,26.44,64.7,14.02,37.92,41.78,17.41,371.98,3.46,2.04,1.17,3.48
1126.0,24.98,14.38,92.74,9.47,370.03,23.39,92.77,16.83,23.39,92.77,26.44,64.7,14.02,37.92,41.78,17.41,370.03,3.44,2.03,1.17,3.48
1127.0,24.96,14.36,92.96,9.48,367.54,23.39,92.77,16.83,23.39,92.77,26.49,64.4,13.99,37.92,41.72,17.38,367.54,3.42,2.01,1.19,3.48
1128.0,24.96,14.36,92.96,9.48,367.29,23.39,92.77,16.83,23.39,92.77,26.49,64.4,13.99,37.92,41.72,17.38,367.29,3.41,2.01,1.19,3.48
1129.0,24.94,14.36,93.2,9.51,369.32,23.39,92.78,16.83,23.39,92.78,26.54,64.24,14,37.92,41.66,17.36,369.32,3.43,2.02,1.19,3.48
1130.0,24.94,14.36,93.2,9.51,372.09,23.39,92.78,16.83,23.39,92.78,26.54,64.24,14,37.92,41.66,17.36,372.09,3.45,2.02,1.2,3.48
1131.0,24.94,14.36,93.2,9.51,372.2,23.39,92.78,16.83,23.39,92.78,26.54,64.24,14,37.92,41.66,17.36,372.2,3.45,2.02,1.2,3.48
1132.0,24.94,14.36,93.2,9.51,375.09,23.39,92.78,16.83,23.39,92.78,26.54,64.24,14,37.92,41.66,17.36,375.09,3.48,2.04,1.19,3.48
1133.0,24.9,14.36,93.24,9.51,374.69,23.39,92.79,16.84,23.39,92.79,26.6,64.2,14.04,37.92,41.59,17.32,374.69,3.48,2.03,1.19,3.48
1134.0,24.9,14.36,93.24,9.51,375.46,23.39,92.79,16.84,23.39,92.79,26.6,64.2,14.04,37.92,41.59,17.32,375.46,3.48,2.03,1.19,3.48
1135.0,24.9,14.35,93.5,9.53,376.05,23.39,92.87,16.85,23.39,92.87,26.63,64.33,14.1,37.91,41.52,17.29,376.05,3.49,2.03,1.22,3.47
1136.0,24.9,14.35,93.5,9.53,377.06,23.39,92.87,16.85,23.39,92.87,26.63,64.33,14.1,37.91,41.52,17.29,377.06,3.5,2.02,1.22,3.47
1137.0,24.9,14.35,93.5,9.53,377.44,23.39,92.87,16.85,23.39,92.87,26.63,64.33,14.1,37.91,41.52,17.29,377.44,3.5,2.03,1.19,3.47
1138.0,24.91,14.36,93.51,9.54,373.19,23.38,92.91,16.85,23.38,92.91,26.64,64.46,14.13,37.91,41.46,17.26,373.19,3.46,2.0,1.17,3.49
1139.0,24.91,14.36,93.51,9.54,370.7,23.38,92.91,16.85,23.38,92.91,26.64,64.46,14.13,37.91,41.46,17.26,370.7,3.43,1.98,1.17,3.48
1140.0,24.91,14.36,93.51,9.54,369.94,23.38,92.91,16.85,23.38,92.91,26.64,64.46,14.13,37.91,41.46,17.26,369.94,3.43,1.97,1.18,3.48
1141.0,24.92,14.34,93.71,9.54,369.59,23.38,92.98,16.86,23.38,92.98,26.61,64.61,14.14,37.9,41.41,17.23,369.59,3.42,1.97,1.18,3.47
1142.0,24.92,14.34,93.71,9.54,369.51,23.38,92.98,16.86,23.38,92.98,26.61,64.61,14.14,37.9,41.41,17.23,369.51,3.42,1.96,1.15,3.47
1143.0,24.92,14.34,93.71,9.54,369.79,23.38,92.98,16.86,23.38,92.98,26.61,64.61,14.14,37.9,41.41,17.23,369.79,3.43,1.96,1.15,3.47
1144.0,24.91,14.37,93.44,9.53,373.74,23.37,93.03,16.86,23.37,93.03,26.54,64.79,14.12,37.9,41.35,17.2,373.74,3.46,1.98,1.19,3.51
1145.0,24.91,14.37,93.44,9.53,373.83,23.37,93.03,16.86,23.37,93.03,26.54,64.79,14.12,37.9,41.35,17.2,373.83,3.46,1.97,1.19,3.49
1146.0,24.91,14.37,93.44,9.53,375.06,23.37,93.03,16.86,23.37,93.03,26.54,64.79,14.12,37.9,41.35,17.2,375.06,3.47,1.98,1.19,3.49
1147.0,24.89,14.35,93.72,9.55,375.21,23.37,93.04,16.86,23.37,93.04,26.48,64.82,14.07,37.88,41.29,17.16,375.21,3.48,1.98,1.25,3.48
1148.0,24.89,14.35,93.72,9.55,374.86,23.37,93.04,16.86,23.37,93.04,26.48,64.82,14.07,37.88,41.29,17.16,374.86,3.47,1.97,1.25,3.48
1149.0,24.89,14.35,93.72,9.55,374.62,23.37,93.04,16.86,23.37,93.04,26.48,64.82,14.07,37.88,41.29,17.16,374.62,3.46,1.97,1.22,3.48
1150.0,24.87,14.37,93.62,9.55,372.64,23.37,93.05,16.86,23.37,93.05,26.54,64.39,14.04,37.88,41.23,17.14,372.64,3.45,1.96,1.2,3.49
1151.0,24.87,14.37,93.62,9.55,370.38,23.37,93.05,16.86,23.37,93.05,26.54,64.39,14.04,37.88,41.23,17.14,370.38,3.43,1.93,1.2,3.49
1152.0,24.87,14.37,93.62,9.55,368.52,23.37,93.05,16.86,23.37,93.05,26.54,64.39,14.04,37.88,41.23,17.14,368.52,3.41,1.92,1.21,3.49
1153.0,24.87,14.37,93.62,9.55,368.1,23.37,93.05,16.86,23.37,93.05,26.54,64.39,14.04,37.88,41.23,17.14,368.1,3.4,1.92,1.21,3.49
1154.0,24.86,14.37,93.32,9.53,367.19,23.36,93.07,16.86,23.36,93.07,26.6,64.29,14.06,37.87,41.18,17.1,367.19,3.4,1.91,1.16,3.5
1155.0,24.86,14.37,93.32,9.53,366.53,23.36,93.07,16.86,23.36,93.07,26.6,64.29,14.06,37.87,41.18,17.1,366.53,3.39,1.9,1.16,3.5
1156.0,24.86,14.4,93.2,9.53,363.91,23.36,93.07,16.86,23.36,93.07,26.6,64.54,14.12,37.87,41.12,17.08,363.91,3.37,1.89,1.19,3.51
1157.0,24.86,14.4,93.2,9.53,362.87,23.36,93.07,16.86,23.36,93.07,26.6,64.54,14.12,37.87,41.12,17.08,362.87,3.36,1.88,1.19,3.52
1158.0,24.86,14.4,93.2,9.53,362.67,23.36,93.07,16.86,23.36,93.07,26.6,64.54,14.12,37.87,41.12,17.08,362.67,3.35,1.88,1.16,3.52
1159.0,24.86,14.4,93.2,9.53,364.54,23.36,93.07,16.86,23.36,93.07,26.6,64.54,14.12,37.87,41.12,17.08,364.54,3.37,1.89,1.19,3.52
1160.0,24.85,14.41,93.12,9.53,365.54,23.36,93.06,16.85,23.36,93.06,26.56,64.79,14.14,37.86,41.05,17.04,365.54,3.38,1.88,1.19,3.52
1161.0,24.85,14.41,93.12,9.53,370.92,23.36,93.06,16.85,23.36,93.06,26.56,64.79,14.14,37.86,41.05,17.04,370.92,3.43,1.91,1.21,3.52
1162.0,24.83,14.41,93.36,9.55,373.37,23.36,93.05,16.85,23.36,93.05,26.59,64.61,14.12,37.87,40.96,17.01,373.37,3.45,1.92,1.21,3.52
1163.0,24.83,14.41,93.36,9.55,374.97,23.36,93.05,16.85,23.36,93.05,26.59,64.61,14.12,37.87,40.96,17.01,374.97,3.46,1.92,1.22,3.52
1164.0,24.83,14.41,93.36,9.55,375.28,23.36,93.05,16.85,23.36,93.05,26.59,64.61,14.12,37.87,40.96,17.01,375.28,3.46,1.92,1.23,3.53
1165.0,24.82,14.42,93.25,9.55,375.82,23.35,93.04,16.84,23.35,93.04,26.65,64.3,14.11,37.86,40.89,16.98,375.82,3.47,1.92,1.23,3.54
1166.0,24.82,14.42,93.25,9.55,376.23,23.35,93.04,16.84,23.35,93.04,26.65,64.3,14.11,37.86,40.89,16.98,376.23,3.47,1.92,1.22,3.53
1167.0,24.82,14.42,93.25,9.55,374.04,23.35,93.04,16.84,23.35,93.04,26.65,64.3,14.11,37.86,40.89,16.98,374.04,3.45,1.91,1.22,3.53
1168.0,24.82,14.42,93.52,9.57,373.26,23.36,93.03,16.84,23.36,93.03,26.66,64.55,14.18,37.87,40.86,16.97,373.26,3.44,1.9,1.22,3.53
1169.0,24.82,14.42,93.52,9.57,372.18,23.36,93.03,16.84,23.36,93.03,26.66,64.55,14.18,37.87,40.86,16.97,372.18,3.42,1.9,1.21,3.54
1170.0,24.82,14.42,93.52,9.57,371.95,23.36,93.03,16.84,23.36,93.03,26.66,64.55,14.18,37.87,40.86,16.97,371.95,3.42,1.89,1.21,3.54
1171.0,24.84,14.42,93.55,9.58,369.03,23.36,93.04,16.85,23.36,93.04,26.68,64.73,14.23,37.88,40.81,16.96,369.03,3.39,1.88,1.2,3.54
1172.0,24.84,14.42,93.55,9.58,367.94,23.36,93.04,16.85,23.36,93.04,26.68,64.73,14.23,37.88,40.81,16.96,367.94,3.38,1.87,1.2,3.54
1173.0,24.84,14.42,93.55,9.58,371.61,23.36,93.04,16.85,23.36,93.04,26.68,64.73,14.23,37.88,40.81,16.96,371.61,3.42,1.89,1.18,3.54
1174.0,24.88,14.39,93.79,9.59,372.43,23.36,93,16.84,23.36,93,26.68,64.91,14.27,37.89,40.77,16.94,372.43,3.42,1.89,1.18,3.53
1175.0,24.88,14.39,93.79,9.59,372.32,23.36,93,16.84,23.36,93,26.68,64.91,14.27,37.89,40.77,16.94,372.32,3.42,1.89,1.22,3.53
1176.0,24.88,14.39,93.79,9.59,370.42,23.36,93,16.84,23.36,93,26.68,64.91,14.27,37.89,40.77,16.94,370.42,3.4,1.88,1.2,3.53
1177.0,24.89,14.37,93.97,9.59,367.37,23.35,93,16.84,23.35,93,26.68,65.1,14.31,37.88,40.74,16.93,367.37,3.38,1.87,1.2,3.52
1178.0,24.89,14.37,93.97,9.59,367.15,23.35,93,16.84,23.35,93,26.68,65.1,14.31,37.88,40.74,16.93,367.15,3.37,1.86,1.22,3.52
1179.0,24.89,14.37,93.97,9.59,367.46,23.35,93,16.84,23.35,93,26.68,65.1,14.31,37.88,40.74,16.93,367.46,3.38,1.86,1.22,3.52
1180.0,24.88,14.37,93.78,9.57,369.1,23.35,92.96,16.83,23.35,92.96,26.79,64.56,14.28,37.88,40.67,16.9,369.1,3.39,1.87,1.22,3.52
1181.0,24.88,14.37,93.78,9.57,370.64,23.35,92.96,16.83,23.35,92.96,26.79,64.56,14.28,37.88,40.67,16.9,370.64,3.41,1.87,1.23,3.52
1182.0,24.88,14.37,93.78,9.57,370.85,23.35,92.96,16.83,23.35,92.96,26.79,64.56,14.28,37.88,40.67,16.9,370.85,3.41,1.87,1.23,3.52
1183.0,24.89,14.36,93.83,9.57,376.59,23.35,92.95,16.82,23.35,92.95,26.83,64.58,14.32,37.89,40.59,16.87,376.59,3.46,1.9,1.23,3.51
1184.0,24.89,14.36,93.83,9.57,378.45,23.35,92.95,16.82,23.35,92.95,26.83,64.58,14.32,37.89,40.59,16.87,378.45,3.48,1.9,1.23,3.51
1185.0,24.89,14.36,93.83,9.57,375.87,23.35,92.95,16.82,23.35,92.95,26.83,64.58,14.32,37.89,40.59,16.87,375.87,3.46,1.89,1.18,3.52
1186.0,24.89,14.36,93.83,9.57,373.99,23.35,92.95,16.82,23.35,92.95,26.83,64.58,14.32,37.89,40.59,16.87,373.99,3.44,1.88,1.18,3.52
1187.0,24.89,14.34,93.96,9.57,370.15,23.35,92.93,16.82,23.35,92.93,26.82,64.89,14.38,37.89,40.5,16.83,370.15,3.41,1.85,1.18,3.51
1188.0,24.89,14.34,93.96,9.57,368.45,23.35,92.93,16.82,23.35,92.93,26.82,64.89,14.38,37.89,40.5,16.83,368.45,3.39,1.85,1.17,3.51
1189.0,24.88,14.33,94.12,9.58,366.1,23.34,92.95,16.81,23.34,92.95,26.78,65.55,14.5,37.89,40.41,16.79,366.1,3.37,1.83,1.17,3.5
1190.0,24.88,14.33,94.12,9.58,363.86,23.34,92.95,16.81,23.34,92.95,26.78,65.55,14.5,37.89,40.41,16.79,363.86,3.34,1.81,1.19,3.5
1191.0,24.88,14.33,94.12,9.58,363.83,23.34,92.95,16.81,23.34,92.95,26.78,65.55,14.5,37.89,40.41,16.79,363.83,3.34,1.81,1.2,3.5
1192.0,24.88,14.33,94.12,9.58,364.09,23.34,92.95,16.81,23.34,92.95,26.78,65.55,14.5,37.89,40.41,16.79,364.09,3.35,1.81,1.2,3.5
1193.0,24.86,14.32,94.08,9.57,367.13,23.34,92.94,16.81,23.34,92.94,26.73,66.04,14.57,37.9,40.31,16.76,367.13,3.37,1.82,1.16,3.5
1194.0,24.86,14.32,94.08,9.57,369.39,23.34,92.94,16.81,23.34,92.94,26.73,66.04,14.57,37.9,40.31,16.76,369.39,3.4,1.83,1.16,3.5
1195.0,24.87,14.29,94.21,9.56,371.43,23.33,92.93,16.8,23.33,92.93,26.67,66.33,14.58,37.89,40.22,16.72,371.43,3.41,1.84,1.23,3.48
1196.0,24.87,14.29,94.21,9.56,371.75,23.33,92.93,16.8,23.33,92.93,26.67,66.33,14.58,37.89,40.22,16.72,371.75,3.42,1.83,1.23,3.48
1197.0,24.87,14.29,94.21,9.56,373.66,23.33,92.93,16.8,23.33,92.93,26.67,66.33,14.58,37.89,40.22,16.72,373.66,3.44,1.84,1.19,3.48
1198.0,24.87,14.29,94.21,9.56,371.17,23.33,92.93,16.8,23.33,92.93,26.67,66.33,14.58,37.89,40.22,16.72,371.17,3.42,1.83,1.19,3.48
1199.0,24.86,14.28,94.24,9.56,370.75,23.33,92.91,16.79,23.33,92.91,26.67,66.03,14.51,37.89,40.12,16.67,370.75,3.41,1.82,1.21,3.48
1200.0,24.86,14.28,94.24,9.56,370.42,23.33,92.91,16.79,23.33,92.91,26.67,66.03,14.51,37.89,40.12,16.67,370.42,3.41,1.82,1.21,3.47
1201.0,24.82,14.26,94.25,9.55,370.47,23.32,92.89,16.78,23.32,92.89,26.73,65.72,14.49,37.89,40.04,16.64,370.47,3.41,1.82,1.21,3.46
1202.0,24.82,14.26,94.25,9.55,369.99,23.32,92.89,16.78,23.32,92.89,26.73,65.72,14.49,37.89,40.04,16.64,369.99,3.4,1.81,1.19,3.46
1203.0,24.82,14.26,94.25,9.55,369.98,23.32,92.89,16.78,23.32,92.89,26.73,65.72,14.49,37.89,40.04,16.64,369.98,3.4,1.81,1.15,3.46
1204.0,24.8,14.23,94.33,9.54,367.93,23.32,92.87,16.77,23.32,92.87,26.75,65.95,14.56,37.89,39.99,16.62,367.93,3.38,1.8,1.15,3.43
1205.0,24.8,14.23,94.33,9.54,366.39,23.32,92.87,16.77,23.32,92.87,26.75,65.95,14.56,37.89,39.99,16.62,366.39,3.38,1.79,1.2,3.45
1206.0,24.8,14.23,94.33,9.54,363.56,23.32,92.87,16.77,23.32,92.87,26.75,65.95,14.56,37.89,39.99,16.62,363.56,3.35,1.77,1.2,3.44
1207.0,24.8,14.22,94.41,9.54,363.03,23.32,92.81,16.76,23.32,92.81,26.72,66.43,14.65,37.89,39.98,16.61,363.03,3.34,1.77,1.16,3.44
1208.0,24.8,14.22,94.41,9.54,363.21,23.32,92.81,16.76,23.32,92.81,26.72,66.43,14.65,37.89,39.98,16.61,363.21,3.34,1.77,1.16,3.44
1209.0,24.8,14.22,94.41,9.54,365.53,23.32,92.81,16.76,23.32,92.81,26.72,66.43,14.65,37.89,39.98,16.61,365.53,3.36,1.78,1.18,3.44
1210.0,24.82,14.2,94.46,9.53,368.72,23.31,92.76,16.75,23.31,92.76,26.7,66.71,14.69,37.89,39.99,16.61,368.72,3.39,1.8,1.14,3.42
1211.0,24.82,14.2,94.46,9.53,370.93,23.31,92.76,16.75,23.31,92.76,26.7,66.71,14.69,37.89,39.99,16.61,370.93,3.42,1.81,1.14,3.42
1212.0,24.82,14.2,94.46,9.53,371.92,23.31,92.76,16.75,23.31,92.76,26.7,66.71,14.69,37.89,39.99,16.61,371.92,3.42,1.82,1.14,3.42
1213.0,24.84,14.19,94.23,9.51,371.4,23.31,92.73,16.74,23.31,92.73,26.7,66.7,14.69,37.89,40.02,16.63,371.4,3.42,1.82,1.14,3.42
1214.0,24.84,14.19,94.23,9.51,369.04,23.31,92.73,16.74,23.31,92.73,26.7,66.7,14.69,37.89,40.02,16.63,369.04,3.4,1.81,1.13,3.42
1215.0,24.84,14.19,94.23,9.51,367.03,23.31,92.73,16.74,23.31,92.73,26.7,66.7,14.69,37.89,40.02,16.63,367.03,3.38,1.8,1.13,3.42
1216.0,24.86,14.19,94.11,9.49,366.06,23.31,92.71,16.73,23.31,92.71,26.66,66.96,14.72,37.89,40.05,16.63,366.06,3.38,1.8,1.13,3.41
1217.0,24.86,14.19,94.11,9.49,365.86,23.31,92.71,16.73,23.31,92.71,26.66,66.96,14.72,37.89,40.05,16.63,365.86,3.38,1.8,1.13,3.41
1218.0,24.86,14.19,94.11,9.49,370.4,23.31,92.71,16.73,23.31,92.71,26.66,66.96,14.72,37.89,40.05,16.63,370.4,3.42,1.82,1.13,3.41
1219.0,24.86,14.19,94.11,9.49,371.14,23.31,92.71,16.73,23.31,92.71,26.66,66.96,14.72,37.89,40.05,16.63,371.14,3.43,1.83,1.13,3.41
1220.0,24.89,14.15,94.16,9.48,369.57,23.31,92.63,16.72,23.31,92.63,26.63,67.06,14.71,37.89,40.06,16.64,369.57,3.42,1.83,1.13,3.39
1221.0,24.89,14.15,94.16,9.48,368.76,23.31,92.63,16.72,23.31,92.63,26.63,67.06,14.71,37.89,40.06,16.64,368.76,3.41,1.82,1.12,3.39
1222.0,24.88,14.16,94.08,9.47,368.82,23.31,92.58,16.71,23.31,92.58,26.66,66.72,14.66,37.89,40.06,16.65,368.82,3.41,1.82,1.12,3.39
1223.0,24.88,14.16,94.08,9.47,367.46,23.31,92.58,16.71,23.31,92.58,26.66,66.72,14.66,37.89,40.06,16.65,367.46,3.39,1.82,1.12,3.39
1224.0,24.88,14.16,94.08,9.47,366.14,23.31,92.58,16.71,23.31,92.58,26.66,66.72,14.66,37.89,40.06,16.65,366.14,3.38,1.81,1.12,3.39
1225.0,24.87,14.17,93.82,9.45,373.66,23.31,92.53,16.7,23.31,92.53,26.65,66.85,14.67,37.89,40.06,16.65,373.66,3.45,1.85,1.14,3.39
1226.0,24.87,14.17,93.82,9.45,374.94,23.31,92.53,16.7,23.31,92.53,26.65,66.85,14.67,37.89,40.06,16.65,374.94,3.46,1.86,1.14,3.39
1227.0,24.87,14.17,93.82,9.45,374.1,23.31,92.53,16.7,23.31,92.53,26.65,66.85,14.67,37.89,40.06,16.65,374.1,3.46,1.86,1.14,3.39
1228.0,24.87,14.18,93.55,9.43,369.11,23.3,92.49,16.69,23.3,92.49,26.59,67.03,14.67,37.88,40.06,16.64,369.11,3.41,1.83,1.13,3.39
1229.0,24.87,14.18,93.55,9.43,366.17,23.3,92.49,16.69,23.3,92.49,26.59,67.03,14.67,37.88,40.06,16.64,366.17,3.39,1.82,1.13,3.39
1230.0,24.87,14.18,93.55,9.43,366.12,23.3,92.49,16.69,23.3,92.49,26.59,67.03,14.67,37.88,40.06,16.64,366.12,3.39,1.82,1.11,3.39
1231.0,24.87,14.18,93.56,9.43,365.53,23.31,92.45,16.68,23.31,92.45,26.62,66.72,14.62,37.88,40.03,16.62,365.53,3.38,1.81,1.14,3.39
1232.0,24.87,14.18,93.56,9.43,366.46,23.31,92.45,16.68,23.31,92.45,26.62,66.72,14.62,37.88,40.03,16.62,366.46,3.39,1.82,1.14,3.39
1233.0,24.87,14.18,93.56,9.43,368.59,23.31,92.45,16.68,23.31,92.45,26.62,66.72,14.62,37.88,40.03,16.62,368.59,3.41,1.83,1.12,3.39
1234.0,24.87,14.16,93.76,9.44,365.72,23.3,92.46,16.68,23.3,92.46,26.58,66.83,14.61,37.88,40.01,16.62,365.72,3.38,1.81,1.12,3.37
1235.0,24.87,14.16,93.76,9.44,362.62,23.3,92.46,16.68,23.3,92.46,26.58,66.83,14.61,37.88,40.01,16.62,362.62,3.35,1.8,1.15,3.37
1236.0,24.87,14.16,93.76,9.44,361.45,23.3,92.46,16.68,23.3,92.46,26.58,66.83,14.61,37.88,40.01,16.62,361.45,3.34,1.79,1.15,3.37
1237.0,24.86,14.18,93.45,9.42,361.12,23.3,92.44,16.67,23.3,92.44,26.51,67,14.59,37.89,40,16.62,361.12,3.34,1.79,1.16,3.38
1238.0,24.86,14.18,93.45,9.42,362.03,23.3,92.44,16.67,23.3,92.44,26.51,67,14.59,37.89,40,16.62,362.03,3.34,1.8,1.16,3.38
1239.0,24.86,14.18,93.45,9.42,364.3,23.3,92.44,16.67,23.3,92.44,26.51,67,14.59,37.89,40,16.62,364.3,3.37,1.81,1.13,3.38
1240.0,24.86,14.18,93.5,9.43,366.47,23.3,92.43,16.67,23.3,92.43,26.44,67,14.53,37.89,40,16.62,366.47,3.39,1.82,1.13,3.38
1241.0,24.86,14.18,93.5,9.43,372.31,23.3,92.43,16.67,23.3,92.43,26.44,67,14.53,37.89,40,16.62,372.31,3.44,1.85,1.16,3.38
1242.0,24.86,14.18,93.5,9.43,374.07,23.3,92.43,16.67,23.3,92.43,26.44,67,14.53,37.89,40,16.62,374.07,3.45,1.86,1.12,3.38
1243.0,24.85,14.21,93.08,9.4,372.73,23.29,92.39,16.66,23.29,92.39,26.4,66.71,14.43,37.9,40.02,16.63,372.73,3.44,1.85,1.12,3.39
1244.0,24.85,14.21,93.08,9.4,372.08,23.29,92.39,16.66,23.29,92.39,26.4,66.71,14.43,37.9,40.02,16.63,372.08,3.44,1.86,1.14,3.39
1245.0,24.85,14.21,93.08,9.4,370.78,23.29,92.39,16.66,23.29,92.39,26.4,66.71,14.43,37.9,40.02,16.63,370.78,3.42,1.85,1.14,3.39
1246.0,24.85,14.21,93.08,9.4,368.43,23.29,92.39,16.66,23.29,92.39,26.4,66.71,14.43,37.9,40.02,16.63,368.43,3.4,1.84,1.16,3.39
1247.0,24.82,14.22,93.07,9.41,365.77,23.29,92.38,16.65,23.29,92.38,26.47,65.89,14.3,37.9,40.04,16.65,365.77,3.37,1.83,1.16,3.4
1248.0,24.82,14.22,93.07,9.41,367.54,23.29,92.38,16.65,23.29,92.38,26.47,65.89,14.3,37.9,40.04,16.65,367.54,3.39,1.84,1.16,3.4
1249.0,24.82,14.24,93,9.41,368.84,23.29,92.38,16.65,23.29,92.38,26.49,65.57,14.25,37.91,40.09,16.68,368.84,3.4,1.85,1.12,3.41
1250.0,24.82,14.24,93,9.41,368.86,23.29,92.38,16.65,23.29,92.38,26.49,65.57,14.25,37.91,40.09,16.68,368.86,3.39,1.86,1.12,3.41
1251.0,24.82,14.24,93,9.41,369.77,23.29,92.38,16.65,23.29,92.38,26.49,65.57,14.25,37.91,40.09,16.68,369.77,3.4,1.87,1.11,3.4
1252.0,24.82,14.24,93,9.41,373.19,23.29,92.38,16.65,23.29,92.38,26.49,65.57,14.25,37.91,40.09,16.68,373.19,3.43,1.88,1.11,3.4
1253.0,24.8,14.26,93.04,9.43,373.45,23.29,92.33,16.64,23.29,92.33,26.47,65.7,14.26,37.91,40.16,16.71,373.45,3.43,1.9,1.15,3.41
1254.0,24.8,14.26,93.04,9.43,369.21,23.29,92.33,16.64,23.29,92.33,26.47,65.7,14.26,37.91,40.16,16.71,369.21,3.39,1.88,1.17,3.41
1255.0,24.78,14.28,92.99,9.43,367.23,23.29,92.29,16.63,23.29,92.29,26.45,65.75,14.26,37.91,40.2,16.73,367.23,3.37,1.87,1.17,3.42
1256.0,24.78,14.28,92.99,9.43,364.99,23.29,92.29,16.63,23.29,92.29,26.45,65.75,14.26,37.91,40.2,16.73,364.99,3.34,1.86,1.14,3.42
1257.0,24.78,14.28,92.99,9.43,364.2,23.29,92.29,16.63,23.29,92.29,26.45,65.75,14.26,37.91,40.2,16.73,364.2,3.34,1.86,1.14,3.42
1258.0,24.78,14.29,93,9.44,364.34,23.29,92.24,16.63,23.29,92.24,26.46,65.56,14.22,37.92,40.2,16.73,364.34,3.34,1.86,1.17,3.43
1259.0,24.78,14.29,93,9.44,367.06,23.29,92.24,16.63,23.29,92.24,26.46,65.56,14.22,37.92,40.2,16.73,367.06,3.36,1.88,1.17,3.43
1260.0,24.78,14.29,93,9.44,376.27,23.29,92.24,16.63,23.29,92.24,26.46,65.56,14.22,37.92,40.2,16.73,376.27,3.44,1.92,1.16,3.43
1261.0,24.78,14.31,93.01,9.46,379.2,23.29,92.22,16.62,23.29,92.22,26.44,65.5,14.2,37.92,40.18,16.72,379.2,3.47,1.94,1.16,3.44
1262.0,24.78,14.31,93.01,9.46,379.25,23.29,92.22,16.62,23.29,92.22,26.44,65.5,14.2,37.92,40.18,16.72,379.25,3.46,1.94,1.18,3.44
1263.0,24.78,14.31,93.01,9.46,379.06,23.29,92.22,16.62,23.29,92.22,26.44,65.5,14.2,37.92,40.18,16.72,379.06,3.46,1.94,1.18,3.44
1264.0,24.81,14.32,92.89,9.45,374.7,23.29,92.23,16.62,23.29,92.23,26.44,65.29,14.15,37.92,40.14,16.7,374.7,3.42,1.91,1.14,3.45
1265.0,24.81,14.32,92.89,9.45,373.5,23.29,92.23,16.62,23.29,92.23,26.44,65.29,14.15,37.92,40.14,16.7,373.5,3.41,1.9,1.15,3.45
1266.0,24.81,14.32,92.89,9.45,376.68,23.29,92.23,16.62,23.29,92.23,26.44,65.29,14.15,37.92,40.14,16.7,376.68,3.44,1.92,1.15,3.45
1267.0,24.82,14.34,92.82,9.45,377.28,23.29,92.22,16.62,23.29,92.22,26.39,65.33,14.11,37.92,40.1,16.69,377.28,3.44,1.92,1.16,3.46
1268.0,24.82,14.34,92.82,9.45,375.19,23.29,92.22,16.62,23.29,92.22,26.39,65.33,14.11,37.92,40.1,16.69,375.19,3.42,1.91,1.16,3.46
1269.0,24.82,14.34,92.82,9.45,374.93,23.29,92.22,16.62,23.29,92.22,26.39,65.33,14.11,37.92,40.1,16.69,374.93,3.41,1.91,1.21,3.46
1270.0,24.82,14.31,93.17,9.47,374.24,23.29,92.2,16.61,23.29,92.2,26.33,65.49,14.1,37.92,40.07,16.68,374.24,3.41,1.9,1.18,3.44
1271.0,24.82,14.31,93.17,9.47,375.04,23.29,92.2,16.61,23.29,92.2,26.33,65.49,14.1,37.92,40.07,16.68,375.04,3.41,1.91,1.18,3.44
1272.0,24.82,14.31,93.17,9.47,378.87,23.29,92.2,16.61,23.29,92.2,26.33,65.49,14.1,37.92,40.07,16.68,378.87,3.45,1.92,1.2,3.44
1273.0,24.82,14.31,93.17,9.47,377.82,23.29,92.2,16.61,23.29,92.2,26.33,65.49,14.1,37.92,40.07,16.68,377.82,3.44,1.92,1.2,3.44
1274.0,24.82,14.34,93.09,9.48,373.24,23.28,92.19,16.61,23.28,92.19,26.33,65.36,14.07,37.91,40.07,16.67,373.24,3.39,1.89,1.16,3.46
1275.0,24.82,14.34,93.09,9.48,372.24,23.28,92.19,16.61,23.28,92.19,26.33,65.36,14.07,37.91,40.07,16.67,372.24,3.38,1.89,1.16,3.46
1276.0,24.84,14.35,93.24,9.5,371.44,23.28,92.17,16.6,23.28,92.17,26.41,64.93,14.04,37.91,40.07,16.67,371.44,3.37,1.88,1.14,3.47
1277.0,24.84,14.35,93.24,9.5,371.14,23.28,92.17,16.6,23.28,92.17,26.41,64.93,14.04,37.91,40.07,16.67,371.14,3.36,1.88,1.14,3.47
1278.0,24.84,14.35,93.24,9.5,370.38,23.28,92.17,16.6,23.28,92.17,26.41,64.93,14.04,37.91,40.07,16.67,370.38,3.35,1.88,1.18,3.47
1279.0,24.84,14.35,93.24,9.5,370.64,23.28,92.17,16.6,23.28,92.17,26.41,64.93,14.04,37.91,40.07,16.67,370.64,3.35,1.88,1.21,3.47
1280.0,24.83,14.34,93.42,9.51,375.01,23.28,92.15,16.6,23.28,92.15,26.44,64.83,14.05,37.92,40.05,16.66,375.01,3.39,1.9,1.21,3.46
1281.0,24.83,14.34,93.42,9.51,375.24,23.28,92.15,16.6,23.28,92.15,26.44,64.83,14.05,37.92,40.05,16.66,375.24,3.39,1.91,1.2,3.46
1282.0,24.83,14.34,93.41,9.51,371.86,23.28,92.12,16.6,23.28,92.12,26.46,64.74,14.04,37.91,40.02,16.65,371.86,3.36,1.89,1.19,3.46
1283.0,24.83,14.34,93.41,9.51,370.47,23.28,92.12,16.6,23.28,92.12,26.46,64.74,14.04,37.91,40.02,16.65,370.47,3.35,1.88,1.19,3.46
1284.0,24.83,14.34,93.41,9.51,369.4,23.28,92.12,16.6,23.28,92.12,26.46,64.74,14.04,37.91,40.02,16.65,369.4,3.34,1.87,1.2,3.46
1285.0,24.83,14.34,93.41,9.51,369.01,23.28,92.12,16.6,23.28,92.12,26.46,64.74,14.04,37.91,40.02,16.65,369.01,3.33,1.87,1.2,3.46
1286.0,24.83,14.34,93.55,9.53,368.83,23.28,92.1,16.59,23.28,92.1,26.49,64.58,14.03,37.91,39.99,16.63,368.83,3.33,1.86,1.2,3.46
1287.0,24.83,14.34,93.55,9.53,369.13,23.28,92.1,16.59,23.28,92.1,26.49,64.58,14.03,37.91,39.99,16.63,369.13,3.33,1.87,1.2,3.46
1288.0,24.82,14.3,93.84,9.53,368.96,23.28,92.08,16.59,23.28,92.08,26.47,64.76,14.05,37.91,39.96,16.62,368.96,3.33,1.87,1.18,3.44
1289.0,24.82,14.3,93.84,9.53,365.75,23.28,92.08,16.59,23.28,92.08,26.47,64.76,14.05,37.91,39.96,16.62,365.75,3.3,1.85,1.18,3.44
1290.0,24.82,14.3,93.84,9.53,364.8,23.28,92.08,16.59,23.28,92.08,26.47,64.76,14.05,37.91,39.96,16.62,364.8,3.29,1.84,1.18,3.44
1291.0,24.79,14.28,93.99,9.54,364.8,23.28,92.08,16.58,23.28,92.08,26.46,64.86,14.07,37.91,39.94,16.61,364.8,3.29,1.84,1.15,3.42
1292.0,24.79,14.28,93.99,9.54,364.82,23.28,92.08,16.58,23.28,92.08,26.46,64.86,14.07,37.91,39.94,16.61,364.82,3.29,1.84,1.15,3.43
1293.0,24.79,14.28,93.99,9.54,363.69,23.28,92.08,16.58,23.28,92.08,26.46,64.86,14.07,37.91,39.94,16.61,363.69,3.28,1.83,1.18,3.43
1294.0,24.76,14.29,93.84,9.53,364.46,23.28,92.07,16.58,23.28,92.07,26.44,64.96,14.08,37.9,39.93,16.6,364.46,3.29,1.84,1.18,3.44
1295.0,24.76,14.29,93.84,9.53,367.62,23.28,92.07,16.58,23.28,92.07,26.44,64.96,14.08,37.9,39.93,16.6,367.62,3.32,1.85,1.14,3.44
1296.0,24.76,14.29,93.84,9.53,368.16,23.28,92.07,16.58,23.28,92.07,26.44,64.96,14.08,37.9,39.93,16.6,368.16,3.32,1.86,1.14,3.44
1297.0,24.78,14.29,93.95,9.54,366.83,23.27,92.06,16.57,23.27,92.06,26.41,65.07,14.07,37.9,39.94,16.6,366.83,3.31,1.85,1.17,3.43
1298.0,24.78,14.29,93.95,9.54,368.25,23.27,92.06,16.57,23.27,92.06,26.41,65.07,14.07,37.9,39.94,16.6,368.25,3.32,1.86,1.15,3.43
1299.0,24.78,14.29,93.95,9.54,373.97,23.27,92.06,16.57,23.27,92.06,26.41,65.07,14.07,37.9,39.94,16.6,373.97,3.37,1.89,1.15,3.43
1300.0,24.8,14.27,93.91,9.52,375.26,23.27,92.02,16.57,23.27,92.02,26.39,65.06,14.05,37.91,39.96,16.62,375.26,3.38,1.9,1.15,3.42
1301.0,24.8,14.27,93.91,9.52,376.21,23.27,92.02,16.57,23.27,92.02,26.39,65.06,14.05,37.91,39.96,16.62,376.21,3.4,1.91,1.15,3.42
1302.0,24.8,14.27,93.91,9.52,374.75,23.27,92.02,16.57,23.27,92.02,26.39,65.06,14.05,37.91,39.96,16.62,374.75,3.38,1.9,1.17,3.42
1303.0,24.81,14.26,93.95,9.52,371.83,23.27,91.98,16.56,23.27,91.98,26.41,64.81,14.02,37.91,39.97,16.63,371.83,3.36,1.88,1.16,3.42
1304.0,24.81,14.26,93.95,9.52,370.23,23.27,91.98,16.56,23.27,91.98,26.41,64.81,14.02,37.91,39.97,16.63,370.23,3.34,1.88,1.16,3.42
1305.0,24.81,14.26,93.95,9.52,366.1,23.27,91.98,16.56,23.27,91.98,26.41,64.81,14.02,37.91,39.97,16.63,366.1,3.3,1.86,1.14,3.42
1306.0,24.81,14.25,93.94,9.51,363.54,23.27,91.91,16.55,23.27,91.91,26.42,64.79,14.02,37.92,39.99,16.64,363.54,3.28,1.85,1.14,3.41
1307.0,24.81,14.25,93.94,9.51,356.7,23.27,91.91,16.55,23.27,91.91,26.42,64.79,14.02,37.92,39.99,16.64,356.7,3.22,1.82,1.12,3.41
1308.0,24.81,14.25,93.94,9.51,356.61,23.27,91.91,16.55,23.27,91.91,26.42,64.79,14.02,37.92,39.99,16.64,356.61,3.22,1.82,1.12,3.41
1309.0,24.79,14.23,94.22,9.53,357.25,23.28,91.87,16.54,23.28,91.87,26.47,64.71,14.04,37.92,39.99,16.64,357.25,3.22,1.82,1.13,3.4
1310.0,24.79,14.23,94.22,9.53,359.09,23.28,91.87,16.54,23.28,91.87,26.47,64.71,14.04,37.92,39.99,16.64,359.09,3.24,1.83,1.13,3.4
1311.0,24.79,14.23,94.22,9.53,365.83,23.28,91.87,16.54,23.28,91.87,26.47,64.71,14.04,37.92,39.99,16.64,365.83,3.3,1.87,1.12,3.4
1312.0,24.79,14.21,94.23,9.52,368.01,23.28,91.8,16.54,23.28,91.8,26.48,64.89,14.1,37.92,39.99,16.64,368.01,3.32,1.88,1.12,3.39
1313.0,24.79,14.21,94.23,9.52,369.48,23.28,91.8,16.54,23.28,91.8,26.48,64.89,14.1,37.92,39.99,16.64,369.48,3.33,1.89,1.14,3.39
1314.0,24.79,14.21,94.23,9.52,367.79,23.28,91.8,16.54,23.28,91.8,26.48,64.89,14.1,37.92,39.99,16.64,367.79,3.32,1.88,1.1,3.39
1315.0,24.78,14.19,94.23,9.51,365.5,23.28,91.75,16.53,23.28,91.75,26.44,65.4,14.17,37.91,40.03,16.65,365.5,3.3,1.87,1.1,3.37
1316.0,24.78,14.19,94.23,9.51,363.95,23.28,91.75,16.53,23.28,91.75,26.44,65.4,14.17,37.91,40.03,16.65,363.95,3.29,1.87,1.13,3.37
1317.0,24.78,14.19,94.23,9.51,365.16,23.28,91.75,16.53,23.28,91.75,26.44,65.4,14.17,37.91,40.03,16.65,365.16,3.3,1.87,1.13,3.37
1318.0,24.78,14.18,94.32,9.51,367.03,23.29,91.69,16.52,23.29,91.69,26.38,65.83,14.22,37.91,40.08,16.67,367.03,3.32,1.88,1.15,3.36
1319.0,24.78,14.18,94.32,9.51,370.85,23.29,91.69,16.52,23.29,91.69,26.38,65.83,14.22,37.91,40.08,16.67,370.85,3.35,1.91,1.14,3.36
1320.0,24.78,14.18,94.32,9.51,371.18,23.29,91.69,16.52,23.29,91.69,26.38,65.83,14.22,37.91,40.08,16.67,371.18,3.35,1.91,1.14,3.36
1321.0,24.78,14.15,94.16,9.47,376.17,23.29,91.63,16.51,23.29,91.63,26.33,66.11,14.23,37.9,40.13,16.69,376.17,3.4,1.94,1.11,3.34
1322.0,24.78,14.15,94.16,9.47,373.93,23.29,91.63,16.51,23.29,91.63,26.33,66.11,14.23,37.9,40.13,16.69,373.93,3.39,1.93,1.11,3.34
1323.0,24.78,14.15,94.16,9.47,371.73,23.29,91.63,16.51,23.29,91.63,26.33,66.11,14.23,37.9,40.13,16.69,371.73,3.37,1.92,1.1,3.34
1324.0,24.78,14.15,94.17,9.47,370.61,23.29,91.63,16.51,23.29,91.63,26.28,66.25,14.22,37.91,40.19,16.72,370.61,3.36,1.91,1.1,3.34
1325.0,24.78,14.15,94.17,9.47,367.77,23.29,91.63,16.51,23.29,91.63,26.28,66.25,14.22,37.91,40.19,16.72,367.77,3.34,1.91,1.06,3.33
1326.0,24.78,14.15,94.17,9.47,367.32,23.29,91.63,16.51,23.29,91.63,26.28,66.25,14.22,37.91,40.19,16.72,367.32,3.33,1.91,1.06,3.33
1327.0,24.78,14.14,93.96,9.45,371.59,23.29,91.6,16.51,23.29,91.6,26.24,66.26,14.19,37.91,40.26,16.74,371.59,3.37,1.93,1.11,3.33
1328.0,24.78,14.14,93.96,9.45,372.92,23.29,91.6,16.51,23.29,91.6,26.24,66.26,14.19,37.91,40.26,16.74,372.92,3.39,1.95,1.11,3.33
1329.0,24.78,14.14,93.96,9.45,375.68,23.29,91.6,16.51,23.29,91.6,26.24,66.26,14.19,37.91,40.26,16.74,375.68,3.41,1.96,1.08,3.33
1330.0,24.78,14.14,93.9,9.44,376.41,23.29,91.58,16.5,23.29,91.58,26.22,66.28,14.18,37.91,40.31,16.77,376.41,3.42,1.96,1.11,3.32
1331.0,24.78,14.14,93.9,9.44,373.2,23.29,91.58,16.5,23.29,91.58,26.22,66.28,14.18,37.91,40.31,16.77,373.2,3.39,1.96,1.11,3.32
1332.0,24.78,14.14,93.9,9.44,369.25,23.29,91.58,16.5,23.29,91.58,26.22,66.28,14.18,37.91,40.31,16.77,369.25,3.36,1.94,1.14,3.32
1333.0,24.78,14.14,93.62,9.41,362.79,23.29,91.59,16.5,23.29,91.59,26.2,66.29,14.16,37.91,40.34,16.78,362.79,3.3,1.9,1.14,3.32
1334.0,24.78,14.14,93.62,9.41,360.98,23.29,91.59,16.5,23.29,91.59,26.2,66.29,14.16,37.91,40.34,16.78,360.98,3.29,1.9,1.07,3.32
1335.0,24.78,14.14,93.62,9.41,359.18,23.29,91.59,16.5,23.29,91.59,26.2,66.29,14.16,37.91,40.34,16.78,359.18,3.27,1.89,1.07,3.32
1336.0,24.78,14.14,93.62,9.41,360.57,23.29,91.59,16.5,23.29,91.59,26.2,66.29,14.16,37.91,40.34,16.78,360.57,3.29,1.9,1.1,3.32
1337.0,24.79,14.15,93.46,9.4,363.24,23.29,91.59,16.5,23.29,91.59,26.2,66.2,14.14,37.91,40.4,16.81,363.24,3.31,1.92,1.1,3.32
1338.0,24.79,14.15,93.46,9.4,369.67,23.29,91.59,16.5,23.29,91.59,26.2,66.2,14.14,37.91,40.4,16.81,369.67,3.37,1.95,1.09,3.32
1339.0,24.81,14.18,93.11,9.38,372.71,23.28,91.63,16.5,23.28,91.63,26.22,66.02,14.12,37.91,40.47,16.84,372.71,3.4,1.97,1.1,3.33
1340.0,24.81,14.18,93.11,9.38,374.99,23.28,91.63,16.5,23.28,91.63,26.22,66.02,14.12,37.91,40.47,16.84,374.99,3.42,1.99,1.1,3.33
1341.0,24.81,14.18,93.11,9.38,375.01,23.28,91.63,16.5,23.28,91.63,26.22,66.02,14.12,37.91,40.47,16.84,375.01,3.42,1.99,1.1,3.33
1342.0,24.81,14.18,93.11,9.38,372.87,23.28,91.63,16.5,23.28,91.63,26.22,66.02,14.12,37.91,40.47,16.84,372.87,3.4,1.98,1.1,3.33
1343.0,24.81,14.19,93.16,9.39,369.12,23.28,91.61,16.5,23.28,91.61,26.22,65.91,14.1,37.9,40.51,16.85,369.12,3.36,1.96,1.12,3.33
1344.0,24.81,14.19,93.16,9.39,368.57,23.28,91.61,16.5,23.28,91.61,26.22,65.91,14.1,37.9,40.51,16.85,368.57,3.36,1.96,1.12,3.33
1345.0,24.8,14.21,93.02,9.39,368.76,23.29,91.59,16.51,23.29,91.59,26.2,65.89,14.08,37.91,40.55,16.87,368.76,3.36,1.96,1.13,3.34
1346.0,24.8,14.21,93.02,9.39,369.58,23.29,91.59,16.51,23.29,91.59,26.2,65.89,14.08,37.91,40.55,16.87,369.58,3.37,1.97,1.13,3.34
1347.0,24.8,14.21,93.02,9.39,369.77,23.29,91.59,16.51,23.29,91.59,26.2,65.89,14.08,37.91,40.55,16.87,369.77,3.37,1.97,1.13,3.34
1348.0,24.81,14.2,93.09,9.39,365.92,23.29,91.59,16.51,23.29,91.59,26.18,65.86,14.06,37.9,40.59,16.88,365.92,3.33,1.95,1.11,3.33
1349.0,24.81,14.2,93.09,9.39,364.26,23.29,91.59,16.51,23.29,91.59,26.18,65.86,14.06,37.9,40.59,16.88,364.26,3.32,1.94,1.11,3.33
1350.0,24.81,14.2,93.09,9.39,363.78,23.29,91.59,16.51,23.29,91.59,26.18,65.86,14.06,37.9,40.59,16.88,363.78,3.32,1.94,1.1,3.33
1351.0,24.81,14.19,92.99,9.38,363.92,23.29,91.62,16.51,23.29,91.62,26.18,65.71,14.02,37.89,40.61,16.88,363.92,3.32,1.94,1.1,3.33
1352.0,24.81,14.19,92.99,9.38,365.84,23.29,91.62,16.51,23.29,91.62,26.18,65.71,14.02,37.89,40.61,16.88,365.84,3.34,1.95,1.07,3.33
1353.0,24.81,14.19,92.99,9.38,368.13,23.29,91.62,16.51,23.29,91.62,26.18,65.71,14.02,37.89,40.61,16.88,368.13,3.36,1.96,1.07,3.33
1354.0,24.82,14.22,92.92,9.39,371.26,23.29,91.62,16.51,23.29,91.62,26.2,65.57,14,37.89,40.63,16.89,371.26,3.39,1.98,1.08,3.34
1355.0,24.82,14.22,92.92,9.39,369.76,23.29,91.62,16.51,23.29,91.62,26.2,65.57,14,37.89,40.63,16.89,369.76,3.37,1.97,1.08,3.34
1356.0,24.82,14.22,92.92,9.39,364.22,23.29,91.62,16.51,23.29,91.62,26.2,65.57,14,37.89,40.63,16.89,364.22,3.32,1.94,1.09,3.34
1357.0,24.83,14.22,92.89,9.38,360.1,23.29,91.63,16.51,23.29,91.63,26.27,65.2,13.98,37.89,40.65,16.9,360.1,3.28,1.92,1.09,3.34
1358.0,24.83,14.22,92.89,9.38,356.35,23.29,91.63,16.51,23.29,91.63,26.27,65.2,13.98,37.89,40.65,16.9,356.35,3.25,1.9,1.08,3.34
1359.0,24.83,14.22,92.89,9.38,355.77,23.29,91.63,16.51,23.29,91.63,26.27,65.2,13.98,37.89,40.65,16.9,355.77,3.24,1.9,1.06,3.33
1360.0,24.83,14.2,93.07,9.39,358.34,23.29,91.63,16.52,23.29,91.63,26.29,65.19,14,37.89,40.69,16.91,358.34,3.27,1.91,1.06,3.32
1361.0,24.83,14.2,93.07,9.39,359.8,23.29,91.63,16.52,23.29,91.63,26.29,65.19,14,37.89,40.69,16.91,359.8,3.28,1.92,1.09,3.32
1362.0,24.83,14.2,93.07,9.39,362.82,23.29,91.63,16.52,23.29,91.63,26.29,65.19,14,37.89,40.69,16.91,362.82,3.31,1.94,1.09,3.32
1363.0,24.83,14.23,92.82,9.39,363.76,23.29,91.64,16.52,23.29,91.64,26.35,64.82,13.97,37.89,40.73,16.93,363.76,3.32,1.95,1.08,3.34
1364.0,24.83,14.23,92.82,9.39,364.12,23.29,91.64,16.52,23.29,91.64,26.35,64.82,13.97,37.89,40.73,16.93,364.12,3.32,1.95,1.08,3.34
1365.0,24.83,14.23,92.82,9.39,364.11,23.29,91.64,16.52,23.29,91.64,26.35,64.82,13.97,37.89,40.73,16.93,364.11,3.32,1.95,1.09,3.34
1366.0,24.84,14.24,93.12,9.42,364.2,23.3,91.64,16.52,23.3,91.64,26.41,64.52,13.95,37.9,40.78,16.96,364.2,3.32,1.95,1.06,3.34
1367.0,24.84,14.24,93.12,9.42,365.26,23.3,91.64,16.52,23.3,91.64,26.41,64.52,13.95,37.9,40.78,16.96,365.26,3.32,1.97,1.06,3.34
1368.0,24.84,14.24,93.12,9.42,371.16,23.3,91.64,16.52,23.3,91.64,26.41,64.52,13.95,37.9,40.78,16.96,371.16,3.37,2.0,1.14,3.34
1369.0,24.84,14.27,92.92,9.42,373.29,23.3,91.64,16.53,23.3,91.64,26.42,64.58,13.98,37.89,40.85,16.99,373.29,3.39,2.01,1.14,3.36
1370.0,24.84,14.27,92.92,9.42,373.66,23.3,91.64,16.53,23.3,91.64,26.42,64.58,13.98,37.89,40.85,16.99,373.66,3.4,2.02,1.1,3.36
1371.0,24.84,14.27,92.92,9.42,368.91,23.3,91.64,16.53,23.3,91.64,26.42,64.58,13.98,37.89,40.85,16.99,368.91,3.35,1.99,1.1,3.36
1372.0,24.85,14.26,93.1,9.43,367.2,23.3,91.64,16.53,23.3,91.64,26.4,64.82,14.01,37.9,40.9,17.01,367.2,3.34,1.98,1.06,3.35
1373.0,24.85,14.26,93.1,9.43,365.48,23.3,91.64,16.53,23.3,91.64,26.4,64.82,14.01,37.9,40.9,17.01,365.48,3.32,1.98,1.06,3.35
1374.0,24.85,14.26,93.1,9.43,367.13,23.3,91.64,16.53,23.3,91.64,26.4,64.82,14.01,37.9,40.9,17.01,367.13,3.33,1.99,1.04,3.35
1375.0,24.85,14.27,93.11,9.44,369.52,23.31,91.63,16.53,23.31,91.63,26.37,64.96,14.01,37.9,40.93,17.02,369.52,3.36,2.0,1.07,3.36
1376.0,24.85,14.27,93.11,9.44,370.03,23.31,91.63,16.53,23.31,91.63,26.37,64.96,14.01,37.9,40.93,17.02,370.03,3.36,2.01,1.07,3.35
1377.0,24.85,14.27,93.11,9.44,366.41,23.31,91.63,16.53,23.31,91.63,26.37,64.96,14.01,37.9,40.93,17.02,366.41,3.33,1.99,1.05,3.35
1378.0,24.84,14.29,93.1,9.45,365.36,23.31,91.66,16.54,23.31,91.66,26.35,64.87,13.98,37.9,40.93,17.03,365.36,3.32,1.98,1.05,3.36
1379.0,24.84,14.29,93.1,9.45,368.06,23.31,91.66,16.54,23.31,91.66,26.35,64.87,13.98,37.9,40.93,17.03,368.06,3.34,2.0,1.05,3.36
1380.0,24.84,14.29,93.1,9.45,366.97,23.31,91.66,16.54,23.31,91.66,26.35,64.87,13.98,37.9,40.93,17.03,366.97,3.33,1.99,1.05,3.36
1381.0,24.85,14.31,92.88,9.44,362.11,23.31,91.65,16.54,23.31,91.65,26.43,64.31,13.92,37.91,40.94,17.04,362.11,3.28,1.97,1.06,3.37
1382.0,24.85,14.31,92.88,9.44,360.78,23.31,91.65,16.54,23.31,91.65,26.43,64.31,13.92,37.91,40.94,17.04,360.78,3.27,1.96,1.06,3.38
1383.0,24.85,14.31,92.88,9.44,358.93,23.31,91.65,16.54,23.31,91.65,26.43,64.31,13.92,37.91,40.94,17.04,358.93,3.26,1.95,1.07,3.38
1384.0,24.82,14.29,93.05,9.45,358.61,23.31,91.66,16.54,23.31,91.66,26.6,63.49,13.88,37.91,40.96,17.05,358.61,3.25,1.95,1.07,3.37
1385.0,24.82,14.29,93.05,9.45,360.47,23.31,91.66,16.54,23.31,91.66,26.6,63.49,13.88,37.91,40.96,17.05,360.47,3.27,1.96,1.1,3.37
1386.0,24.82,14.29,93.05,9.45,361.42,23.31,91.66,16.54,23.31,91.66,26.6,63.49,13.88,37.91,40.96,17.05,361.42,3.28,1.97,1.1,3.37
1387.0,24.8,14.31,93.03,9.46,363.9,23.32,91.67,16.55,23.32,91.67,26.67,63.49,13.94,37.91,40.97,17.05,363.9,3.3,1.98,1.1,3.38
1388.0,24.8,14.31,93.03,9.46,366.62,23.32,91.67,16.55,23.32,91.67,26.67,63.49,13.94,37.91,40.97,17.05,366.62,3.32,1.99,1.08,3.38
1389.0,24.8,14.31,93.03,9.46,370.38,23.32,91.67,16.55,23.32,91.67,26.67,63.49,13.94,37.91,40.97,17.05,370.38,3.36,2.01,1.08,3.38
1390.0,24.78,14.32,93.01,9.46,370.25,23.32,91.67,16.56,23.32,91.67,26.73,63.71,14.04,37.92,40.97,17.06,370.25,3.36,2.01,1.13,3.38
1391.0,24.78,14.32,93.01,9.46,372.72,23.32,91.67,16.56,23.32,91.67,26.73,63.71,14.04,37.92,40.97,17.06,372.72,3.38,2.03,1.13,3.39
1392.0,24.78,14.32,93.01,9.46,373.58,23.32,91.67,16.56,23.32,91.67,26.73,63.71,14.04,37.92,40.97,17.06,373.58,3.39,2.03,1.12,3.39
1393.0,24.78,14.35,92.91,9.47,373.82,23.32,91.71,16.56,23.32,91.71,26.74,64.09,14.14,37.91,40.96,17.05,373.82,3.39,2.03,1.06,3.4
1394.0,24.78,14.35,92.91,9.47,369.67,23.32,91.71,16.56,23.32,91.71,26.74,64.09,14.14,37.91,40.96,17.05,369.67,3.35,2.01,1.06,3.4
1395.0,24.78,14.35,92.91,9.47,362.16,23.32,91.71,16.56,23.32,91.71,26.74,64.09,14.14,37.91,40.96,17.05,362.16,3.28,1.97,1.1,3.4
1396.0,24.77,14.34,93.28,9.5,363.11,23.32,91.73,16.57,23.32,91.73,26.84,63.81,14.16,37.91,40.9,17.02,363.11,3.29,1.97,1.1,3.39
1397.0,24.77,14.34,93.28,9.5,367.07,23.32,91.73,16.57,23.32,91.73,26.84,63.81,14.16,37.91,40.9,17.02,367.07,3.32,1.98,1.04,3.39
1398.0,24.77,14.34,93.28,9.5,367.52,23.32,91.73,16.57,23.32,91.73,26.84,63.81,14.16,37.91,40.9,17.02,367.52,3.32,1.98,1.04,3.39
1399.0,24.78,14.34,93.44,9.52,369.38,23.33,91.77,16.58,23.33,91.77,26.88,63.89,14.21,37.92,40.81,17,369.38,3.34,1.99,1.08,3.4
1400.0,24.78,14.34,93.44,9.52,370.19,23.33,91.77,16.58,23.33,91.77,26.88,63.89,14.21,37.92,40.81,17,370.19,3.35,1.99,1.08,3.4
1401.0,24.78,14.34,93.44,9.52,367.75,23.33,91.77,16.58,23.33,91.77,26.88,63.89,14.21,37.92,40.81,17,367.75,3.32,1.97,1.11,3.4
1402.0,24.79,14.39,92.9,9.49,367.1,23.33,91.79,16.58,23.33,91.79,26.85,64.2,14.25,37.93,40.68,16.94,367.1,3.32,1.97,1.11,3.43
1403.0,24.79,14.39,92.9,9.49,370.02,23.33,91.79,16.58,23.33,91.79,26.85,64.2,14.25,37.93,40.68,16.94,370.02,3.35,1.97,1.08,3.43
1404.0,24.79,14.39,92.9,9.49,370.82,23.33,91.79,16.58,23.33,91.79,26.85,64.2,14.25,37.93,40.68,16.94,370.82,3.35,1.97,1.09,3.43
1405.0,24.78,14.39,93.19,9.52,371.02,23.33,91.84,16.59,23.33,91.84,26.81,64.46,14.28,37.92,40.55,16.88,371.02,3.35,1.97,1.09,3.43
1406.0,24.78,14.39,93.19,9.52,371.34,23.33,91.84,16.59,23.33,91.84,26.81,64.46,14.28,37.92,40.55,16.88,371.34,3.35,1.95,1.13,3.43
1407.0,24.78,14.39,93.19,9.52,372.1,23.33,91.84,16.59,23.33,91.84,26.81,64.46,14.28,37.92,40.55,16.88,372.1,3.36,1.96,1.13,3.43
1408.0,24.79,14.41,92.92,9.51,371.55,23.32,91.87,16.59,23.32,91.87,26.75,64.72,14.29,37.92,40.41,16.82,371.55,3.35,1.95,1.1,3.45
1409.0,24.79,14.41,92.92,9.51,369.02,23.32,91.87,16.59,23.32,91.87,26.75,64.72,14.29,37.92,40.41,16.82,369.02,3.33,1.92,1.1,3.45
1410.0,24.79,14.41,92.92,9.51,366.56,23.32,91.87,16.59,23.32,91.87,26.75,64.72,14.29,37.92,40.41,16.82,366.56,3.31,1.91,1.1,3.45
1411.0,24.8,14.42,93.06,9.53,361.54,23.32,91.9,16.6,23.32,91.9,26.68,64.94,14.27,37.91,40.31,16.77,361.54,3.26,1.88,1.14,3.45
1412.0,24.8,14.42,93.06,9.53,360.27,23.32,91.9,16.6,23.32,91.9,26.68,64.94,14.27,37.91,40.31,16.77,360.27,3.24,1.86,1.14,3.45
1413.0,24.8,14.42,93.06,9.53,358.46,23.32,91.9,16.6,23.32,91.9,26.68,64.94,14.27,37.91,40.31,16.77,358.46,3.23,1.85,1.16,3.46
1414.0,24.8,14.42,93.04,9.53,356.13,23.32,91.9,16.59,23.32,91.9,26.64,64.93,14.24,37.91,40.2,16.73,356.13,3.21,1.83,1.16,3.46
1415.0,24.8,14.42,93.04,9.53,356.72,23.32,91.9,16.59,23.32,91.9,26.64,64.93,14.24,37.91,40.2,16.73,356.72,3.21,1.83,1.12,3.46
1416.0,24.8,14.42,93.04,9.53,357.23,23.32,91.9,16.59,23.32,91.9,26.64,64.93,14.24,37.91,40.2,16.73,357.23,3.22,1.83,1.12,3.46
1417.0,24.77,14.45,92.89,9.53,355.79,23.31,91.91,16.59,23.31,91.91,26.65,64.81,14.22,37.91,40.09,16.68,355.79,3.2,1.82,1.15,3.47
1418.0,24.77,14.45,92.89,9.53,358.24,23.31,91.91,16.59,23.31,91.91,26.65,64.81,14.22,37.91,40.09,16.68,358.24,3.22,1.82,1.12,3.48
1419.0,24.77,14.45,92.89,9.53,360.08,23.31,91.91,16.59,23.31,91.91,26.65,64.81,14.22,37.91,40.09,16.68,360.08,3.24,1.83,1.12,3.48
1420.0,24.77,14.44,93.12,9.55,366.37,23.31,91.91,16.58,23.31,91.91,26.65,64.67,14.19,37.91,39.96,16.62,366.37,3.29,1.86,1.15,3.48
1421.0,24.77,14.44,93.12,9.55,368.2,23.31,91.91,16.58,23.31,91.91,26.65,64.67,14.19,37.91,39.96,16.62,368.2,3.3,1.86,1.15,3.48
1422.0,24.77,14.44,93.12,9.55,370.27,23.31,91.91,16.58,23.31,91.91,26.65,64.67,14.19,37.91,39.96,16.62,370.27,3.32,1.87,1.18,3.48
1423.0,24.78,14.46,93.21,9.57,370.39,23.3,91.92,16.58,23.3,91.92,26.63,64.61,14.16,37.92,39.84,16.57,370.39,3.32,1.87,1.15,3.49
1424.0,24.78,14.46,93.21,9.57,372.95,23.3,91.92,16.58,23.3,91.92,26.63,64.61,14.16,37.92,39.84,16.57,372.95,3.34,1.87,1.15,3.49
1425.0,24.78,14.46,93.21,9.57,373.3,23.3,91.92,16.58,23.3,91.92,26.63,64.61,14.16,37.92,39.84,16.57,373.3,3.34,1.87,1.21,3.49
1426.0,24.78,14.46,93.3,9.58,373.64,23.3,91.92,16.57,23.3,91.92,26.65,64.38,14.12,37.91,39.74,16.53,373.64,3.34,1.87,1.19,3.5
1427.0,24.78,14.46,93.3,9.58,373.96,23.3,91.92,16.57,23.3,91.92,26.65,64.38,14.12,37.91,39.74,16.53,373.96,3.34,1.86,1.19,3.5
1428.0,24.78,14.46,93.3,9.58,373.37,23.3,91.92,16.57,23.3,91.92,26.65,64.38,14.12,37.91,39.74,16.53,373.37,3.33,1.86,1.17,3.5
1429.0,24.74,14.47,93.42,9.59,372.97,23.28,91.93,16.56,23.28,91.93,26.65,64.39,14.13,37.89,39.71,16.5,372.97,3.33,1.86,1.17,3.5
1430.0,24.74,14.47,93.42,9.59,372.95,23.28,91.93,16.56,23.28,91.93,26.65,64.39,14.13,37.89,39.71,16.5,372.95,3.32,1.85,1.17,3.5
1431.0,24.74,14.47,93.42,9.59,372.47,23.28,91.93,16.56,23.28,91.93,26.65,64.39,14.13,37.89,39.71,16.5,372.47,3.31,1.85,1.17,3.5
1432.0,24.73,14.43,93.68,9.6,369.84,23.28,91.91,16.56,23.28,91.91,26.64,64.51,14.15,37.9,39.68,16.49,369.84,3.29,1.84,1.21,3.49
1433.0,24.73,14.43,93.68,9.6,368.82,23.28,91.91,16.56,23.28,91.91,26.64,64.51,14.15,37.9,39.68,16.49,368.82,3.28,1.83,1.21,3.49
1434.0,24.73,14.43,93.68,9.6,365.4,23.28,91.91,16.56,23.28,91.91,26.64,64.51,14.15,37.9,39.68,16.49,365.4,3.25,1.81,1.15,3.49
1435.0,24.73,14.43,93.72,9.6,365.95,23.28,91.88,16.55,23.28,91.88,26.64,64.45,14.13,37.9,39.65,16.48,365.95,3.26,1.82,1.18,3.49
1436.0,24.73,14.43,93.72,9.6,370,23.28,91.88,16.55,23.28,91.88,26.64,64.45,14.13,37.9,39.65,16.48,370,3.29,1.84,1.18,3.49
1437.0,24.73,14.43,93.72,9.6,373.37,23.28,91.88,16.55,23.28,91.88,26.64,64.45,14.13,37.9,39.65,16.48,373.37,3.32,1.85,1.16,3.49
1438.0,24.75,14.42,93.81,9.61,375.86,23.27,91.84,16.53,23.27,91.84,26.64,64.36,14.11,37.9,39.65,16.48,375.86,3.34,1.87,1.16,3.49
1439.0,24.75,14.42,93.81,9.61,374.5,23.27,91.84,16.53,23.27,91.84,26.64,64.36,14.11,37.9,39.65,16.48,374.5,3.32,1.87,1.16,3.49
1440.0,24.75,14.42,93.81,9.61,369.46,23.27,91.84,16.53,23.27,91.84,26.64,64.36,14.11,37.9,39.65,16.48,369.46,3.28,1.84,1.13,3.49
1441.0,24.77,14.39,94.27,9.63,371.83,23.26,91.81,16.52,23.26,91.81,26.61,64.45,14.1,37.91,39.66,16.49,371.83,3.29,1.86,1.13,3.47
1442.0,24.77,14.39,94.27,9.63,372.39,23.26,91.81,16.52,23.26,91.81,26.61,64.45,14.1,37.91,39.66,16.49,372.39,3.29,1.86,1.13,3.47
1443.0,24.77,14.39,94.27,9.63,373.26,23.26,91.81,16.52,23.26,91.81,26.61,64.45,14.1,37.91,39.66,16.49,373.26,3.3,1.87,1.13,3.47
1444.0,24.79,14.34,94.57,9.63,371.4,23.26,91.77,16.51,23.26,91.77,26.55,64.56,14.08,37.9,39.65,16.48,371.4,3.29,1.86,1.17,3.45
1445.0,24.79,14.34,94.57,9.63,369.12,23.26,91.77,16.51,23.26,91.77,26.55,64.56,14.08,37.9,39.65,16.48,369.12,3.27,1.85,1.17,3.45
1446.0,24.79,14.34,94.57,9.63,369.32,23.26,91.77,16.51,23.26,91.77,26.55,64.56,14.08,37.9,39.65,16.48,369.32,3.27,1.85,1.13,3.45
1447.0,24.79,14.34,94.57,9.63,370.18,23.26,91.77,16.51,23.26,91.77,26.55,64.56,14.08,37.9,39.65,16.48,370.18,3.28,1.85,1.13,3.45
1448.0,24.82,14.32,94.49,9.61,370.39,23.25,91.73,16.5,23.25,91.73,26.53,64.46,14.04,37.91,39.62,16.47,370.39,3.28,1.86,1.15,3.44
1449.0,24.82,14.32,94.49,9.61,371.05,23.25,91.73,16.5,23.25,91.73,26.53,64.46,14.04,37.91,39.62,16.47,371.05,3.29,1.86,1.14,3.44
1450.0,24.84,14.29,94.48,9.59,370.82,23.25,91.7,16.49,23.25,91.7,26.57,63.98,13.96,37.91,39.6,16.46,370.82,3.29,1.86,1.14,3.42
1451.0,24.84,14.29,94.48,9.59,366.94,23.25,91.7,16.49,23.25,91.7,26.57,63.98,13.96,37.91,39.6,16.46,366.94,3.26,1.84,1.06,3.42
1452.0,24.84,14.29,94.48,9.59,365.83,23.25,91.7,16.49,23.25,91.7,26.57,63.98,13.96,37.91,39.6,16.46,365.83,3.25,1.83,1.06,3.42
1453.0,24.82,14.27,94.63,9.6,363.08,23.25,91.64,16.48,23.25,91.64,26.64,63.42,13.9,37.9,39.56,16.44,363.08,3.23,1.82,1.13,3.42
1454.0,24.82,14.27,94.63,9.6,362.15,23.25,91.64,16.48,23.25,91.64,26.64,63.42,13.9,37.9,39.56,16.44,362.15,3.21,1.81,1.09,3.41
1455.0,24.82,14.27,94.63,9.6,362.44,23.25,91.64,16.48,23.25,91.64,26.64,63.42,13.9,37.9,39.56,16.44,362.44,3.22,1.81,1.09,3.41
1456.0,24.8,14.24,94.69,9.59,363.89,23.25,91.61,16.47,23.25,91.61,26.7,63.01,13.86,37.9,39.48,16.41,363.89,3.23,1.82,1.14,3.39
1457.0,24.8,14.24,94.69,9.59,365.76,23.25,91.61,16.47,23.25,91.61,26.7,63.01,13.86,37.9,39.48,16.41,365.76,3.25,1.82,1.14,3.39
1458.0,24.8,14.24,94.69,9.59,367.23,23.25,91.61,16.47,23.25,91.61,26.7,63.01,13.86,37.9,39.48,16.41,367.23,3.26,1.83,1.12,3.39
1459.0,24.77,14.23,94.54,9.56,371.45,23.24,91.59,16.46,23.24,91.59,26.69,62.99,13.85,37.89,39.43,16.38,371.45,3.3,1.85,1.14,3.38
1460.0,24.77,14.23,94.54,9.56,372.42,23.24,91.59,16.46,23.24,91.59,26.69,62.99,13.85,37.89,39.43,16.38,372.42,3.32,1.85,1.14,3.38
1461.0,24.77,14.23,94.54,9.56,370.19,23.24,91.59,16.46,23.24,91.59,26.69,62.99,13.85,37.89,39.43,16.38,370.19,3.3,1.84,1.12,3.38
1462.0,24.76,14.21,94.62,9.56,366.35,23.24,91.58,16.45,23.24,91.58,26.69,63.05,13.86,37.89,39.38,16.35,366.35,3.26,1.82,1.12,3.37
1463.0,24.76,14.21,94.62,9.56,366.6,23.24,91.58,16.45,23.24,91.58,26.69,63.05,13.86,37.89,39.38,16.35,366.6,3.26,1.81,1.12,3.37
1464.0,24.76,14.21,94.62,9.56,367.13,23.24,91.58,16.45,23.24,91.58,26.69,63.05,13.86,37.89,39.38,16.35,367.13,3.27,1.82,1.12,3.37
1465.0,24.76,14.19,94.48,9.53,368.03,23.23,91.54,16.44,23.23,91.54,26.7,63.11,13.88,37.89,39.34,16.33,368.03,3.28,1.82,1.08,3.36
1466.0,24.76,14.19,94.48,9.53,364.77,23.23,91.54,16.44,23.23,91.54,26.7,63.11,13.88,37.89,39.34,16.33,364.77,3.25,1.8,1.08,3.36
1467.0,24.76,14.19,94.48,9.53,363.25,23.23,91.54,16.44,23.23,91.54,26.7,63.11,13.88,37.89,39.34,16.33,363.25,3.24,1.8,1.1,3.35
1468.0,24.76,14.16,94.48,9.51,362.92,23.23,91.49,16.43,23.23,91.49,26.74,63.14,13.92,37.88,39.33,16.32,362.92,3.24,1.79,1.1,3.34
1469.0,24.76,14.16,94.48,9.51,366.26,23.23,91.49,16.43,23.23,91.49,26.74,63.14,13.92,37.88,39.33,16.32,366.26,3.27,1.81,1.09,3.34
1470.0,24.76,14.16,94.48,9.51,370.6,23.23,91.49,16.43,23.23,91.49,26.74,63.14,13.92,37.88,39.33,16.32,370.6,3.31,1.83,1.09,3.34
1471.0,24.76,14.16,94.22,9.49,371.76,23.23,91.44,16.42,23.23,91.44,26.79,63.04,13.94,37.87,39.27,16.29,371.76,3.32,1.84,1.08,3.34
1472.0,24.76,14.16,94.22,9.49,372.04,23.23,91.44,16.42,23.23,91.44,26.79,63.04,13.94,37.87,39.27,16.29,372.04,3.33,1.83,1.08,3.34
1473.0,24.76,14.16,94.22,9.49,371.36,23.23,91.44,16.42,23.23,91.44,26.79,63.04,13.94,37.87,39.27,16.29,371.36,3.32,1.83,1.08,3.33
1474.0,24.76,14.13,94.25,9.47,368.82,23.23,91.4,16.41,23.23,91.4,26.76,63.38,13.99,37.87,39.14,16.23,368.82,3.3,1.81,1.07,3.32
1475.0,24.76,14.13,94.25,9.47,368.2,23.23,91.4,16.41,23.23,91.4,26.76,63.38,13.99,37.87,39.14,16.23,368.2,3.3,1.8,1.07,3.31
1476.0,24.76,14.13,94.25,9.47,370.34,23.23,91.4,16.41,23.23,91.4,26.76,63.38,13.99,37.87,39.14,16.23,370.34,3.32,1.81,1.1,3.31
1477.0,24.76,14.13,94.04,9.45,370.53,23.22,91.38,16.4,23.22,91.38,26.72,63.64,14.02,37.87,38.99,16.17,370.53,3.32,1.81,1.1,3.31
1478.0,24.76,14.13,94.04,9.45,368.95,23.22,91.38,16.4,23.22,91.38,26.72,63.64,14.02,37.87,38.99,16.17,368.95,3.31,1.78,1.09,3.31
1479.0,24.76,14.13,94.04,9.45,368.68,23.22,91.38,16.4,23.22,91.38,26.72,63.64,14.02,37.87,38.99,16.17,368.68,3.31,1.78,1.09,3.31
1480.0,24.77,14.15,93.72,9.43,365.76,23.21,91.35,16.38,23.21,91.35,26.71,63.57,14,37.86,38.88,16.12,365.76,3.28,1.76,1.09,3.31
1481.0,24.77,14.15,93.72,9.43,364.49,23.21,91.35,16.38,23.21,91.35,26.71,63.57,14,37.86,38.88,16.12,364.49,3.27,1.75,1.08,3.31
1482.0,24.77,14.15,93.72,9.43,362.82,23.21,91.35,16.38,23.21,91.35,26.71,63.57,14,37.86,38.88,16.12,362.82,3.25,1.74,1.08,3.31
1483.0,24.8,14.15,93.71,9.43,366.1,23.21,91.3,16.37,23.21,91.3,26.68,63.55,13.96,37.86,38.84,16.1,366.1,3.28,1.76,1.1,3.31
1484.0,24.8,14.15,93.71,9.43,369.55,23.21,91.3,16.37,23.21,91.3,26.68,63.55,13.96,37.86,38.84,16.1,369.55,3.31,1.77,1.1,3.31
1485.0,24.8,14.15,93.71,9.43,370.79,23.21,91.3,16.37,23.21,91.3,26.68,63.55,13.96,37.86,38.84,16.1,370.79,3.32,1.78,1.09,3.31
1486.0,24.82,14.16,93.52,9.41,372,23.2,91.22,16.35,23.2,91.22,26.61,63.66,13.93,37.86,38.87,16.11,372,3.33,1.79,1.05,3.32
1487.0,24.82,14.16,93.52,9.41,371.87,23.2,91.22,16.35,23.2,91.22,26.61,63.66,13.93,37.86,38.87,16.11,371.87,3.33,1.79,1.05,3.31
1488.0,24.82,14.16,93.52,9.41,369.81,23.2,91.22,16.35,23.2,91.22,26.61,63.66,13.93,37.86,38.87,16.11,369.81,3.31,1.78,1.07,3.31
1489.0,24.84,14.17,93.43,9.41,370.05,23.2,91.11,16.33,23.2,91.11,26.53,63.79,13.89,37.86,38.95,16.14,370.05,3.31,1.79,1.07,3.31
1490.0,24.84,14.17,93.43,9.41,373.28,23.2,91.11,16.33,23.2,91.11,26.53,63.79,13.89,37.86,38.95,16.14,373.28,3.33,1.82,1.04,3.31
1491.0,24.84,14.17,93.43,9.41,372.86,23.2,91.11,16.33,23.2,91.11,26.53,63.79,13.89,37.86,38.95,16.14,372.86,3.33,1.82,1.04,3.31
1492.0,24.83,14.18,93.35,9.41,369.18,23.2,91.02,16.31,23.2,91.02,26.47,63.77,13.84,37.87,39.04,16.19,369.18,3.3,1.8,1.08,3.31
1493.0,24.83,14.18,93.35,9.41,369.23,23.2,91.02,16.31,23.2,91.02,26.47,63.77,13.84,37.87,39.04,16.19,369.23,3.29,1.82,1.08,3.31
1494.0,24.83,14.18,93.35,9.41,366.93,23.2,91.02,16.31,23.2,91.02,26.47,63.77,13.84,37.87,39.04,16.19,366.93,3.27,1.81,1.09,3.31
1495.0,24.82,14.18,93.23,9.39,368.06,23.21,90.91,16.3,23.21,90.91,26.47,63.63,13.81,37.87,39.15,16.23,368.06,3.28,1.83,1.09,3.31
1496.0,24.82,14.18,93.23,9.39,368.78,23.21,90.91,16.3,23.21,90.91,26.47,63.63,13.81,37.87,39.15,16.23,368.78,3.29,1.83,1.09,3.31
1497.0,24.82,14.18,93.23,9.39,369.22,23.21,90.91,16.3,23.21,90.91,26.47,63.63,13.81,37.87,39.15,16.23,369.22,3.29,1.84,1.09,3.31
1498.0,24.81,14.19,93.34,9.41,369.39,23.21,90.82,16.28,23.21,90.82,26.45,63.68,13.8,37.86,39.22,16.26,369.39,3.29,1.84,1.08,3.31
1499.0,24.81,14.19,93.34,9.41,370.78,23.21,90.82,16.28,23.21,90.82,26.45,63.68,13.8,37.86,39.22,16.26,370.78,3.29,1.86,1.08,3.31
1500.0,24.81,14.19,93.34,9.41,371.15,23.21,90.82,16.28,23.21,90.82,26.45,63.68,13.8,37.86,39.22,16.26,371.15,3.3,1.86,1.06,3.31
1501.0,24.8,14.17,93.56,9.43,365.52,23.21,90.78,16.27,23.21,90.78,26.41,63.81,13.79,37.86,39.27,16.28,365.52,3.24,1.84,1.06,3.3
1502.0,24.8,14.17,93.56,9.43,365.22,23.21,90.78,16.27,23.21,90.78,26.41,63.81,13.79,37.86,39.27,16.28,365.22,3.24,1.84,1.08,3.3
1503.0,24.8,14.17,93.56,9.43,366.8,23.21,90.78,16.27,23.21,90.78,26.41,63.81,13.79,37.86,39.27,16.28,366.8,3.25,1.85,1.08,3.3
1504.0,24.79,14.17,93.29,9.4,366.94,23.2,90.77,16.27,23.2,90.77,26.36,63.9,13.77,37.86,39.3,16.29,366.94,3.25,1.85,1.08,3.3
1505.0,24.79,14.17,93.29,9.4,369.82,23.2,90.77,16.27,23.2,90.77,26.36,63.9,13.77,37.86,39.3,16.29,369.82,3.28,1.87,1.07,3.3
1506.0,24.79,14.17,93.29,9.4,371.51,23.2,90.77,16.27,23.2,90.77,26.36,63.9,13.77,37.86,39.3,16.29,371.51,3.3,1.88,1.07,3.3
1507.0,24.77,14.16,93.52,9.42,373.2,23.2,90.74,16.26,23.2,90.74,26.3,63.98,13.74,37.86,39.32,16.3,373.2,3.31,1.88,1.08,3.3
1508.0,24.77,14.16,93.52,9.42,370.76,23.2,90.74,16.26,23.2,90.74,26.3,63.98,13.74,37.86,39.32,16.3,370.76,3.29,1.88,1.08,3.29
1509.0,24.77,14.16,93.52,9.42,367.99,23.2,90.74,16.26,23.2,90.74,26.3,63.98,13.74,37.86,39.32,16.3,367.99,3.26,1.86,1.06,3.29
1510.0,24.75,14.14,93.56,9.4,364.63,23.2,90.72,16.25,23.2,90.72,26.33,63.58,13.68,37.86,39.31,16.3,364.63,3.23,1.85,1.06,3.27
1511.0,24.75,14.14,93.56,9.4,367.08,23.2,90.72,16.25,23.2,90.72,26.33,63.58,13.68,37.86,39.31,16.3,367.08,3.26,1.86,1.07,3.27
1512.0,24.75,14.14,93.56,9.4,367.41,23.2,90.72,16.25,23.2,90.72,26.33,63.58,13.68,37.86,39.31,16.3,367.41,3.26,1.86,1.07,3.27
1513.0,24.75,14.15,93.38,9.4,367.72,23.2,90.71,16.25,23.2,90.71,26.36,63.36,13.66,37.86,39.29,16.29,367.72,3.26,1.86,1.06,3.28
1514.0,24.75,14.15,93.38,9.4,367.87,23.2,90.71,16.25,23.2,90.71,26.36,63.36,13.66,37.86,39.29,16.29,367.87,3.26,1.86,1.07,3.27
1515.0,24.75,14.15,93.38,9.4,368.43,23.2,90.71,16.25,23.2,90.71,26.36,63.36,13.66,37.86,39.29,16.29,368.43,3.27,1.87,1.07,3.27
1516.0,24.74,14.14,93.65,9.41,368.39,23.19,90.7,16.24,23.19,90.7,26.35,63.48,13.68,37.86,39.28,16.29,368.39,3.27,1.87,1.07,3.26
1517.0,24.74,14.14,93.65,9.41,370.42,23.19,90.7,16.24,23.19,90.7,26.35,63.48,13.68,37.86,39.28,16.29,370.42,3.28,1.88,1.07,3.26
1518.0,24.74,14.14,93.65,9.41,371.91,23.19,90.7,16.24,23.19,90.7,26.35,63.48,13.68,37.86,39.28,16.29,371.91,3.3,1.88,1.05,3.26
1519.0,24.75,14.13,93.45,9.39,372.39,23.19,90.66,16.24,23.19,90.66,26.32,63.67,13.69,37.86,39.28,16.28,372.39,3.3,1.89,1.05,3.25
1520.0,24.75,14.13,93.45,9.39,368.97,23.19,90.66,16.24,23.19,90.66,26.32,63.67,13.69,37.86,39.28,16.28,368.97,3.27,1.87,1.04,3.25
1521.0,24.75,14.13,93.45,9.39,368.03,23.19,90.66,16.24,23.19,90.66,26.32,63.67,13.69,37.86,39.28,16.28,368.03,3.27,1.87,1.04,3.25
1522.0,24.76,14.14,93.37,9.38,372.06,23.19,90.63,16.23,23.19,90.63,26.29,63.77,13.69,37.85,39.31,16.29,372.06,3.3,1.89,1.03,3.25
1523.0,24.76,14.14,93.37,9.38,374.17,23.19,90.63,16.23,23.19,90.63,26.29,63.77,13.69,37.85,39.31,16.29,374.17,3.32,1.9,1.06,3.25
1524.0,24.76,14.14,93.37,9.38,375.21,23.19,90.63,16.23,23.19,90.63,26.29,63.77,13.69,37.85,39.31,16.29,375.21,3.33,1.91,1.06,3.25
1525.0,24.78,14.13,93.5,9.4,376.83,23.19,90.62,16.22,23.19,90.62,26.26,63.86,13.68,37.85,39.37,16.31,376.83,3.34,1.92,1.06,3.25
1526.0,24.78,14.13,93.5,9.4,381.28,23.19,90.62,16.22,23.19,90.62,26.26,63.86,13.68,37.85,39.37,16.31,381.28,3.38,1.95,1.06,3.24
1527.0,24.78,14.13,93.5,9.4,380.17,23.19,90.62,16.22,23.19,90.62,26.26,63.86,13.68,37.85,39.37,16.31,380.17,3.37,1.94,1.04,3.24
1528.0,24.79,14.13,93.32,9.37,379.29,23.18,90.6,16.22,23.18,90.6,26.21,63.99,13.67,37.85,39.42,16.33,379.29,3.36,1.94,1.04,3.24
1529.0,24.79,14.13,93.32,9.37,378.74,23.18,90.6,16.22,23.18,90.6,26.21,63.99,13.67,37.85,39.42,16.33,378.74,3.36,1.94,1.05,3.24
1530.0,24.79,14.13,93.32,9.37,377.57,23.18,90.6,16.22,23.18,90.6,26.21,63.99,13.67,37.85,39.42,16.33,377.57,3.35,1.94,1.05,3.24
1531.0,24.76,14.13,93.25,9.37,375.83,23.18,90.57,16.21,23.18,90.57,26.17,64.1,13.66,37.85,39.47,16.36,375.83,3.33,1.93,1.05,3.24
1532.0,24.76,14.13,93.25,9.37,376.94,23.18,90.57,16.21,23.18,90.57,26.17,64.1,13.66,37.85,39.47,16.36,376.94,3.34,1.94,1.05,3.23
1533.0,24.76,14.13,93.25,9.37,379.54,23.18,90.57,16.21,23.18,90.57,26.17,64.1,13.66,37.85,39.47,16.36,379.54,3.37,1.96,1.03,3.23
1534.0,24.73,14.13,93.46,9.39,380.84,23.18,90.53,16.21,23.18,90.53,26.13,64.17,13.64,37.86,39.5,16.38,380.84,3.38,1.96,1.03,3.23
1535.0,24.73,14.13,93.46,9.39,379.78,23.18,90.53,16.21,23.18,90.53,26.13,64.17,13.64,37.86,39.5,16.38,379.78,3.36,1.97,1.04,3.23
1536.0,24.73,14.13,93.46,9.39,377.64,23.18,90.53,16.21,23.18,90.53,26.13,64.17,13.64,37.86,39.5,16.38,377.64,3.34,1.96,1.03,3.22
1537.0,24.75,14.14,93.26,9.37,376.97,23.18,90.53,16.2,23.18,90.53,26.11,64.2,13.63,37.87,39.54,16.4,376.97,3.34,1.95,1.03,3.23
1538.0,24.75,14.14,93.26,9.37,376.04,23.18,90.53,16.2,23.18,90.53,26.11,64.2,13.63,37.87,39.54,16.4,376.04,3.33,1.96,1.05,3.23
1539.0,24.75,14.14,93.26,9.37,375.66,23.18,90.53,16.2,23.18,90.53,26.11,64.2,13.63,37.87,39.54,16.4,375.66,3.33,1.96,1.05,3.23
1540.0,24.76,14.15,93.01,9.36,372,23.19,90.51,16.2,23.19,90.51,26.07,64.26,13.61,37.87,39.58,16.42,372,3.29,1.94,1.03,3.23
1541.0,24.76,14.15,93.01,9.36,370.64,23.19,90.51,16.2,23.19,90.51,26.07,64.26,13.61,37.87,39.58,16.42,370.64,3.29,1.94,1.03,3.23
1542.0,24.76,14.15,93.01,9.36,369.63,23.19,90.51,16.2,23.19,90.51,26.07,64.26,13.61,37.87,39.58,16.42,369.63,3.28,1.93,1.03,3.23
1543.0,24.78,14.15,93.2,9.38,371.41,23.19,90.49,16.2,23.19,90.49,26.05,64.24,13.59,37.87,39.63,16.44,371.41,3.29,1.94,1.03,3.23
1544.0,24.78,14.15,93.2,9.38,373.36,23.19,90.49,16.2,23.19,90.49,26.05,64.24,13.59,37.87,39.63,16.44,373.36,3.3,1.96,1.03,3.23
1545.0,24.78,14.15,93.2,9.38,376.67,23.19,90.49,16.2,23.19,90.49,26.05,64.24,13.59,37.87,39.63,16.44,376.67,3.33,1.98,1.03,3.23
1546.0,24.79,14.17,92.97,9.36,377.06,23.19,90.48,16.2,23.19,90.48,26.05,64.17,13.58,37.86,39.67,16.45,377.06,3.34,1.98,1.05,3.24
1547.0,24.79,14.17,92.97,9.36,376.78,23.19,90.48,16.2,23.19,90.48,26.05,64.17,13.58,37.86,39.67,16.45,376.78,3.33,1.98,1.05,3.23
1548.0,24.79,14.17,92.97,9.36,376.68,23.19,90.48,16.2,23.19,90.48,26.05,64.17,13.58,37.86,39.67,16.45,376.68,3.33,1.98,1.04,3.23
1549.0,24.79,14.18,93,9.37,371.31,23.19,90.45,16.2,23.19,90.45,26.05,64.25,13.59,37.87,39.7,16.47,371.31,3.28,1.96,1.04,3.24
1550.0,24.79,14.18,93,9.37,369.91,23.19,90.45,16.2,23.19,90.45,26.05,64.25,13.59,37.87,39.7,16.47,369.91,3.27,1.95,1.03,3.24
1551.0,24.79,14.18,93,9.37,374.24,23.19,90.45,16.2,23.19,90.45,26.05,64.25,13.59,37.87,39.7,16.47,374.24,3.31,1.97,1.04,3.24
1552.0,24.78,14.18,92.99,9.37,375.71,23.19,90.47,16.2,23.19,90.47,26.05,64.32,13.61,37.87,39.72,16.48,375.71,3.32,1.98,1.04,3.23
1553.0,24.78,14.18,92.99,9.37,376.47,23.19,90.47,16.2,23.19,90.47,26.05,64.32,13.61,37.87,39.72,16.48,376.47,3.33,1.99,1.04,3.23
1554.0,24.78,14.18,92.99,9.37,376.62,23.19,90.47,16.2,23.19,90.47,26.05,64.32,13.61,37.87,39.72,16.48,376.62,3.33,1.99,1.03,3.23
1555.0,24.77,14.18,93.1,9.38,373.42,23.19,90.49,16.2,23.19,90.49,26.11,63.99,13.59,37.87,39.74,16.49,373.42,3.3,1.97,1.03,3.23
1556.0,24.77,14.18,93.1,9.38,372.46,23.19,90.49,16.2,23.19,90.49,26.11,63.99,13.59,37.87,39.74,16.49,372.46,3.29,1.97,1.04,3.23
1557.0,24.77,14.18,93.1,9.38,373.44,23.19,90.49,16.2,23.19,90.49,26.11,63.99,13.59,37.87,39.74,16.49,373.44,3.3,1.97,1.04,3.23
1558.0,24.76,14.18,93.16,9.39,372.3,23.19,90.49,16.21,23.19,90.49,26.16,63.83,13.59,37.87,39.76,16.5,372.3,3.29,1.97,1.03,3.23
1559.0,24.76,14.18,93.16,9.39,371.46,23.19,90.49,16.21,23.19,90.49,26.16,63.83,13.59,37.87,39.76,16.5,371.46,3.28,1.96,1.03,3.23
1560.0,24.76,14.18,93.16,9.39,370.28,23.19,90.49,16.21,23.19,90.49,26.16,63.83,13.59,37.87,39.76,16.5,370.28,3.27,1.96,1.03,3.23
1561.0,24.76,14.19,93.15,9.39,367.97,23.19,90.53,16.21,23.19,90.53,26.21,63.79,13.62,37.86,39.8,16.51,367.97,3.25,1.95,1.04,3.22
1562.0,24.76,14.19,93.15,9.39,367.64,23.19,90.53,16.21,23.19,90.53,26.21,63.79,13.62,37.86,39.8,16.51,367.64,3.25,1.95,1.04,3.23
1563.0,24.76,14.19,93.15,9.39,367.79,23.19,90.53,16.21,23.19,90.53,26.21,63.79,13.62,37.86,39.8,16.51,367.79,3.25,1.95,1.04,3.23
1564.0,24.76,14.18,93.33,9.4,367.24,23.19,90.55,16.21,23.19,90.55,26.27,63.66,13.65,37.86,39.83,16.52,367.24,3.24,1.94,1.04,3.22
1565.0,24.76,14.18,93.33,9.4,367.08,23.19,90.55,16.21,23.19,90.55,26.27,63.66,13.65,37.86,39.83,16.52,367.08,3.24,1.94,1.04,3.22
1566.0,24.76,14.18,93.33,9.4,367.41,23.19,90.55,16.21,23.19,90.55,26.27,63.66,13.65,37.86,39.83,16.52,367.41,3.24,1.95,1.04,3.22
1567.0,24.77,14.2,93.05,9.39,366.73,23.2,90.54,16.22,23.2,90.54,26.35,63.52,13.68,37.86,39.87,16.54,366.73,3.24,1.94,1.04,3.23
1568.0,24.77,14.2,93.05,9.39,366.12,23.2,90.54,16.22,23.2,90.54,26.35,63.52,13.68,37.86,39.87,16.54,366.12,3.24,1.94,1.04,3.23
1569.0,24.77,14.2,93.05,9.39,364.18,23.2,90.54,16.22,23.2,90.54,26.35,63.52,13.68,37.86,39.87,16.54,364.18,3.22,1.93,1.02,3.22
1570.0,24.76,14.21,92.87,9.38,367.43,23.19,90.55,16.22,23.19,90.55,26.42,63.41,13.72,37.86,39.89,16.54,367.43,3.25,1.95,1.02,3.23
1571.0,24.76,14.21,92.87,9.38,368.33,23.19,90.55,16.22,23.19,90.55,26.42,63.41,13.72,37.86,39.89,16.54,368.33,3.26,1.95,1.02,3.23
1572.0,24.76,14.21,92.87,9.38,370.22,23.19,90.55,16.22,23.19,90.55,26.42,63.41,13.72,37.86,39.89,16.54,370.22,3.27,1.96,1.02,3.23
1573.0,24.77,14.23,92.96,9.4,370.5,23.2,90.56,16.22,23.2,90.56,26.44,63.61,13.77,37.86,39.9,16.55,370.5,3.28,1.97,1.03,3.24
1574.0,24.77,14.23,92.96,9.4,371.39,23.2,90.56,16.22,23.2,90.56,26.44,63.61,13.77,37.86,39.9,16.55,371.39,3.28,1.97,1.02,3.24
1575.0,24.77,14.23,92.96,9.4,369.63,23.2,90.56,16.22,23.2,90.56,26.44,63.61,13.77,37.86,39.9,16.55,369.63,3.26,1.96,1.02,3.24
1576.0,24.77,14.26,92.7,9.39,361.46,23.2,90.6,16.23,23.2,90.6,26.47,63.66,13.81,37.85,39.9,16.54,361.46,3.19,1.91,1.02,3.26
1577.0,24.77,14.26,92.7,9.39,360.84,23.2,90.6,16.23,23.2,90.6,26.47,63.66,13.81,37.85,39.9,16.54,360.84,3.18,1.91,1.04,3.26
1578.0,24.77,14.26,92.7,9.39,362.52,23.2,90.6,16.23,23.2,90.6,26.47,63.66,13.81,37.85,39.9,16.54,362.52,3.2,1.92,1.05,3.26
1579.0,24.76,14.29,92.63,9.4,365.42,23.2,90.62,16.23,23.2,90.62,26.54,63.48,13.83,37.85,39.88,16.53,365.42,3.22,1.93,1.05,3.27
1580.0,24.76,14.29,92.63,9.4,369.24,23.2,90.62,16.23,23.2,90.62,26.54,63.48,13.83,37.85,39.88,16.53,369.24,3.25,1.95,1.04,3.27
1581.0,24.76,14.29,92.63,9.4,369.33,23.2,90.62,16.23,23.2,90.62,26.54,63.48,13.83,37.85,39.88,16.53,369.33,3.25,1.95,1.04,3.27
1582.0,24.75,14.3,92.89,9.44,370.78,23.2,90.64,16.24,23.2,90.64,26.53,63.69,13.87,37.85,39.83,16.51,370.78,3.25,1.95,1.05,3.28
1583.0,24.75,14.3,92.89,9.44,371.38,23.2,90.64,16.24,23.2,90.64,26.53,63.69,13.87,37.85,39.83,16.51,371.38,3.26,1.96,1.05,3.28
1584.0,24.75,14.3,92.89,9.44,371.55,23.2,90.64,16.24,23.2,90.64,26.53,63.69,13.87,37.85,39.83,16.51,371.55,3.26,1.96,1.06,3.28
1585.0,24.73,14.32,92.72,9.43,371.71,23.19,90.67,16.24,23.19,90.67,26.55,63.65,13.87,37.85,39.81,16.51,371.71,3.26,1.96,1.06,3.28
1586.0,24.73,14.32,92.72,9.43,370.57,23.19,90.67,16.24,23.19,90.67,26.55,63.65,13.87,37.85,39.81,16.51,370.57,3.25,1.95,1.04,3.29
1587.0,24.73,14.32,92.72,9.43,370.77,23.19,90.67,16.24,23.19,90.67,26.55,63.65,13.87,37.85,39.81,16.51,370.77,3.26,1.95,1.06,3.29
1588.0,24.71,14.33,92.9,9.46,370.63,23.19,90.69,16.24,23.19,90.69,26.51,63.96,13.91,37.86,39.78,16.49,370.63,3.25,1.95,1.06,3.31
1589.0,24.71,14.33,92.9,9.46,370.56,23.19,90.69,16.24,23.19,90.69,26.51,63.96,13.91,37.86,39.78,16.49,370.56,3.24,1.95,1.06,3.3
1590.0,24.71,14.33,92.9,9.46,370.45,23.19,90.69,16.24,23.19,90.69,26.51,63.96,13.91,37.86,39.78,16.49,370.45,3.24,1.94,1.06,3.3
1591.0,24.7,14.35,92.83,9.46,370.43,23.19,90.7,16.25,23.19,90.7,26.48,64.08,13.91,37.87,39.75,16.49,370.43,3.24,1.94,1.05,3.31
1592.0,24.7,14.35,92.83,9.46,370.44,23.19,90.7,16.25,23.19,90.7,26.48,64.08,13.91,37.87,39.75,16.49,370.44,3.24,1.94,1.05,3.31
1593.0,24.7,14.35,92.83,9.46,370.7,23.19,90.7,16.25,23.19,90.7,26.48,64.08,13.91,37.87,39.75,16.49,370.7,3.24,1.94,1.08,3.31
1594.0,24.69,14.33,93.21,9.49,368.97,23.19,90.72,16.24,23.19,90.72,26.43,64.21,13.9,37.85,39.73,16.47,368.97,3.23,1.93,1.08,3.3
1595.0,24.69,14.33,93.21,9.49,371.87,23.19,90.72,16.24,23.19,90.72,26.43,64.21,13.9,37.85,39.73,16.47,371.87,3.25,1.94,1.07,3.3
1596.0,24.69,14.33,93.21,9.49,372.09,23.19,90.72,16.24,23.19,90.72,26.43,64.21,13.9,37.85,39.73,16.47,372.09,3.25,1.94,1.07,3.3
1597.0,24.67,14.34,93.13,9.49,372.12,23.19,90.7,16.24,23.19,90.7,26.39,64.23,13.87,37.85,39.73,16.47,372.12,3.25,1.95,1.07,3.3
1598.0,24.67,14.34,93.13,9.49,371.88,23.19,90.7,16.24,23.19,90.7,26.39,64.23,13.87,37.85,39.73,16.47,371.88,3.24,1.94,1.04,3.3
1599.0,24.67,14.34,93.13,9.49,369.79,23.19,90.7,16.24,23.19,90.7,26.39,64.23,13.87,37.85,39.73,16.47,369.79,3.23,1.93,1.04,3.3
1600.0,24.67,14.35,93.18,9.5,368.2,23.19,90.69,16.24,23.19,90.69,26.36,64.18,13.84,37.85,39.79,16.49,368.2,3.21,1.92,1.03,3.31
1601.0,24.67,14.35,93.18,9.5,363.26,23.19,90.69,16.24,23.19,90.69,26.36,64.18,13.84,37.85,39.79,16.49,363.26,3.17,1.9,1.03,3.31
1602.0,24.67,14.35,93.18,9.5,364.44,23.19,90.69,16.24,23.19,90.69,26.36,64.18,13.84,37.85,39.79,16.49,364.44,3.18,1.91,1.07,3.31
1603.0,24.66,14.33,93.49,9.51,368.04,23.19,90.68,16.24,23.19,90.68,26.32,64.3,13.83,37.84,39.88,16.53,368.04,3.21,1.94,1.07,3.3
1604.0,24.66,14.33,93.49,9.51,366.54,23.19,90.68,16.24,23.19,90.68,26.32,64.3,13.83,37.84,39.88,16.53,366.54,3.19,1.93,1.09,3.3
1605.0,24.66,14.33,93.49,9.51,362.46,23.19,90.68,16.24,23.19,90.68,26.32,64.3,13.83,37.84,39.88,16.53,362.46,3.16,1.91,1.06,3.3
1606.0,24.64,14.33,93.61,9.53,363.64,23.2,90.68,16.24,23.2,90.68,26.32,64.18,13.8,37.85,39.96,16.56,363.64,3.17,1.92,1.06,3.3
1607.0,24.64,14.33,93.61,9.53,362.59,23.2,90.68,16.24,23.2,90.68,26.32,64.18,13.8,37.85,39.96,16.56,362.59,3.15,1.92,1.06,3.3
1608.0,24.64,14.33,93.61,9.53,361.4,23.2,90.68,16.24,23.2,90.68,26.32,64.18,13.8,37.85,39.96,16.56,361.4,3.14,1.92,1.06,3.3
1609.0,24.64,14.33,93.63,9.53,360.41,23.2,90.65,16.24,23.2,90.65,26.36,63.95,13.78,37.85,40.03,16.6,360.41,3.13,1.91,1.05,3.3
1610.0,24.64,14.33,93.63,9.53,360.01,23.2,90.65,16.24,23.2,90.65,26.36,63.95,13.78,37.85,40.03,16.6,360.01,3.13,1.92,1.05,3.3
1611.0,24.64,14.33,93.63,9.53,359.33,23.2,90.65,16.24,23.2,90.65,26.36,63.95,13.78,37.85,40.03,16.6,359.33,3.12,1.92,1.03,3.3
1612.0,24.66,14.31,93.87,9.54,360.09,23.2,90.63,16.24,23.2,90.63,26.42,63.51,13.74,37.84,40.09,16.62,360.09,3.13,1.92,1.03,3.29
1613.0,24.66,14.31,93.87,9.54,363.31,23.2,90.63,16.24,23.2,90.63,26.42,63.51,13.74,37.84,40.09,16.62,363.31,3.16,1.94,1.06,3.29
1614.0,24.66,14.31,93.87,9.54,362.23,23.2,90.63,16.24,23.2,90.63,26.42,63.51,13.74,37.84,40.09,16.62,362.23,3.15,1.94,1.06,3.29
1615.0,24.67,14.3,93.89,9.54,365.57,23.2,90.63,16.24,23.2,90.63,26.56,62.79,13.7,37.83,40.14,16.62,365.57,3.18,1.96,1.09,3.28
1616.0,24.67,14.3,93.89,9.54,371.84,23.2,90.63,16.24,23.2,90.63,26.56,62.79,13.7,37.83,40.14,16.62,371.84,3.23,1.99,1.09,3.28
1617.0,24.67,14.3,93.89,9.54,374.9,23.2,90.63,16.24,23.2,90.63,26.56,62.79,13.7,37.83,40.14,16.62,374.9,3.26,2.01,1.06,3.28
1618.0,24.67,14.27,94.08,9.54,377.04,23.21,90.62,16.24,23.21,90.62,26.69,62.51,13.74,37.84,40.16,16.64,377.04,3.28,2.02,1.06,3.27
1619.0,24.67,14.27,94.08,9.54,376.45,23.21,90.62,16.24,23.21,90.62,26.69,62.51,13.74,37.84,40.16,16.64,376.45,3.28,2.02,1.09,3.27
1620.0,24.67,14.27,94.08,9.54,371.48,23.21,90.62,16.24,23.21,90.62,26.69,62.51,13.74,37.84,40.16,16.64,371.48,3.24,1.99,1.09,3.27
1621.0,24.69,14.26,94.12,9.53,370.21,23.2,90.62,16.24,23.2,90.62,26.68,63.03,13.85,37.82,40.19,16.64,370.21,3.22,1.99,1.06,3.26
1622.0,24.69,14.26,94.12,9.53,368.84,23.2,90.62,16.24,23.2,90.62,26.68,63.03,13.85,37.82,40.19,16.64,368.84,3.22,1.97,1.06,3.26
1623.0,24.69,14.26,94.12,9.53,368.72,23.2,90.62,16.24,23.2,90.62,26.68,63.03,13.85,37.82,40.19,16.64,368.72,3.21,1.97,1.06,3.26
1624.0,24.7,14.25,94.07,9.53,371.08,23.22,90.62,16.25,23.22,90.62,26.62,63.74,13.95,37.84,40.17,16.65,371.08,3.24,1.99,1.06,3.25
1625.0,24.7,14.25,94.07,9.53,371.29,23.22,90.62,16.25,23.22,90.62,26.62,63.74,13.95,37.84,40.17,16.65,371.29,3.25,1.99,1.06,3.25
1626.0,24.7,14.25,94.07,9.53,370.86,23.22,90.62,16.25,23.22,90.62,26.62,63.74,13.95,37.84,40.17,16.65,370.86,3.24,1.99,1.04,3.25
1627.0,24.69,14.24,93.97,9.51,369.16,23.22,90.66,16.26,23.22,90.66,26.51,64.43,14.01,37.84,40.18,16.65,369.16,3.23,1.98,1.04,3.25
1628.0,24.69,14.24,93.97,9.51,366.15,23.22,90.66,16.26,23.22,90.66,26.51,64.43,14.01,37.84,40.18,16.65,366.15,3.21,1.96,1.02,3.25
1629.0,24.69,14.24,93.97,9.51,366.12,23.22,90.66,16.26,23.22,90.66,26.51,64.43,14.01,37.84,40.18,16.65,366.12,3.21,1.96,1.02,3.25
1630.0,24.7,14.24,93.84,9.5,364.68,23.21,90.68,16.26,23.21,90.68,26.39,64.98,14.04,37.84,40.18,16.65,364.68,3.2,1.95,1.04,3.25
1631.0,24.7,14.24,93.84,9.5,364.43,23.21,90.68,16.26,23.21,90.68,26.39,64.98,14.04,37.84,40.18,16.65,364.43,3.2,1.95,1.04,3.25
1632.0,24.7,14.24,93.84,9.5,364.22,23.21,90.68,16.26,23.21,90.68,26.39,64.98,14.04,37.84,40.18,16.65,364.22,3.2,1.95,1.04,3.25
1633.0,24.69,14.24,93.78,9.49,373.41,23.21,90.75,16.27,23.21,90.75,26.3,65.33,14.03,37.85,40.19,16.66,373.41,3.28,2.0,1.04,3.25
1634.0,24.69,14.24,93.78,9.49,377.26,23.21,90.75,16.27,23.21,90.75,26.3,65.33,14.03,37.85,40.19,16.66,377.26,3.32,2.02,1.03,3.24
1635.0,24.69,14.24,93.78,9.49,376.88,23.21,90.75,16.27,23.21,90.75,26.3,65.33,14.03,37.85,40.19,16.66,376.88,3.31,2.02,1.03,3.24
1636.0,24.65,14.26,93.73,9.49,374.18,23.21,90.76,16.28,23.21,90.76,26.2,65.56,14.01,37.84,40.21,16.66,374.18,3.29,2.0,1.04,3.25
1637.0,24.65,14.26,93.73,9.49,372.04,23.21,90.76,16.28,23.21,90.76,26.2,65.56,14.01,37.84,40.21,16.66,372.04,3.27,1.99,1.04,3.25
1638.0,24.65,14.26,93.73,9.49,370.48,23.21,90.76,16.28,23.21,90.76,26.2,65.56,14.01,37.84,40.21,16.66,370.48,3.25,1.98,1.04,3.25
1639.0,24.67,14.24,93.76,9.49,366.79,23.22,90.76,16.28,23.22,90.76,26.12,65.66,13.96,37.85,40.22,16.67,366.79,3.23,1.96,1.05,3.24
1640.0,24.67,14.24,93.76,9.49,369.14,23.22,90.76,16.28,23.22,90.76,26.12,65.66,13.96,37.85,40.22,16.67,369.14,3.25,1.98,1.05,3.24
1641.0,24.67,14.24,93.76,9.49,373.5,23.22,90.76,16.28,23.22,90.76,26.12,65.66,13.96,37.85,40.22,16.67,373.5,3.29,2.0,1.02,3.24
1642.0,24.68,14.24,93.75,9.49,372.13,23.22,90.78,16.29,23.22,90.78,26.14,65.29,13.89,37.84,40.26,16.69,372.13,3.27,1.99,1.02,3.24
1643.0,24.68,14.24,93.75,9.49,368.74,23.22,90.78,16.29,23.22,90.78,26.14,65.29,13.89,37.84,40.26,16.69,368.74,3.25,1.98,1.04,3.24
1644.0,24.68,14.24,93.75,9.49,367.17,23.22,90.78,16.29,23.22,90.78,26.14,65.29,13.89,37.84,40.26,16.69,367.17,3.23,1.97,1.04,3.24
1645.0,24.68,14.25,93.48,9.47,364.89,23.22,90.81,16.29,23.22,90.81,26.18,64.98,13.86,37.84,40.32,16.71,364.89,3.22,1.96,1.04,3.24
1646.0,24.68,14.25,93.48,9.47,364.94,23.22,90.81,16.29,23.22,90.81,26.18,64.98,13.86,37.84,40.32,16.71,364.94,3.22,1.96,1.04,3.24
1647.0,24.68,14.25,93.48,9.47,365.13,23.22,90.81,16.29,23.22,90.81,26.18,64.98,13.86,37.84,40.32,16.71,365.13,3.22,1.96,1.05,3.24
1648.0,24.67,14.25,93.54,9.47,364.46,23.22,90.81,16.29,23.22,90.81,26.22,64.7,13.83,37.84,40.37,16.73,364.46,3.22,1.96,1.05,3.24
1649.0,24.67,14.25,93.54,9.47,363.33,23.22,90.81,16.29,23.22,90.81,26.22,64.7,13.83,37.84,40.37,16.73,363.33,3.21,1.96,1.04,3.24
1650.0,24.67,14.25,93.54,9.47,362.76,23.22,90.81,16.29,23.22,90.81,26.22,64.7,13.83,37.84,40.37,16.73,362.76,3.2,1.95,1.04,3.24
1651.0,24.68,14.26,93.37,9.46,361.2,23.23,90.84,16.3,23.23,90.84,26.28,64.46,13.83,37.85,40.39,16.75,361.2,3.19,1.95,1.04,3.25
1652.0,24.68,14.26,93.37,9.46,360.13,23.23,90.84,16.3,23.23,90.84,26.28,64.46,13.83,37.85,40.39,16.75,360.13,3.18,1.94,1.04,3.25
1653.0,24.68,14.26,93.37,9.46,364.07,23.23,90.84,16.3,23.23,90.84,26.28,64.46,13.83,37.85,40.39,16.75,364.07,3.22,1.97,1.04,3.25
1654.0,24.68,14.27,93.36,9.46,365.26,23.23,90.85,16.31,23.23,90.85,26.3,64.4,13.84,37.86,40.42,16.77,365.26,3.23,1.97,1.04,3.25
1655.0,24.68,14.27,93.36,9.46,364.66,23.23,90.85,16.31,23.23,90.85,26.3,64.4,13.84,37.86,40.42,16.77,364.66,3.22,1.97,1.04,3.25
1656.0,24.68,14.27,93.36,9.46,364.61,23.23,90.85,16.31,23.23,90.85,26.3,64.4,13.84,37.86,40.42,16.77,364.61,3.22,1.97,1.04,3.25
1657.0,24.68,14.27,93.37,9.47,368.56,23.23,90.87,16.32,23.23,90.87,26.32,64.37,13.85,37.86,40.44,16.78,368.56,3.26,1.99,1.04,3.25
1658.0,24.68,14.27,93.37,9.47,369.45,23.23,90.87,16.32,23.23,90.87,26.32,64.37,13.85,37.86,40.44,16.78,369.45,3.27,2.0,1.05,3.25
1659.0,24.68,14.27,93.37,9.47,370.51,23.23,90.87,16.32,23.23,90.87,26.32,64.37,13.85,37.86,40.44,16.78,370.51,3.28,2.01,1.05,3.25
1660.0,24.66,14.28,93.19,9.46,368.13,23.24,90.88,16.32,23.24,90.88,26.32,64.36,13.84,37.87,40.44,16.79,368.13,3.26,1.99,1.04,3.26
1661.0,24.66,14.28,93.19,9.46,368.48,23.24,90.88,16.32,23.24,90.88,26.32,64.36,13.84,37.87,40.44,16.79,368.48,3.26,2.0,1.03,3.26
1662.0,24.66,14.28,93.19,9.46,368.49,23.24,90.88,16.32,23.24,90.88,26.32,64.36,13.84,37.87,40.44,16.79,368.49,3.26,2.0,1.03,3.26
1663.0,24.67,14.3,93.25,9.47,368.67,23.24,90.9,16.33,23.24,90.9,26.33,64.24,13.82,37.87,40.44,16.79,368.67,3.27,2.0,1.04,3.26
1664.0,24.67,14.3,93.25,9.47,368.83,23.24,90.9,16.33,23.24,90.9,26.33,64.24,13.82,37.87,40.44,16.79,368.83,3.26,2.0,1.04,3.26
1665.0,24.67,14.3,93.25,9.47,368.61,23.24,90.9,16.33,23.24,90.9,26.33,64.24,13.82,37.87,40.44,16.79,368.61,3.26,2.0,1.04,3.26
1666.0,24.7,14.29,93.22,9.46,369.59,23.24,90.92,16.34,23.24,90.92,26.31,64.29,13.82,37.88,40.45,16.8,369.59,3.27,2.0,1.04,3.26
1667.0,24.7,14.29,93.22,9.46,369.75,23.24,90.92,16.34,23.24,90.92,26.31,64.29,13.82,37.88,40.45,16.8,369.75,3.28,2.0,1.05,3.26
1668.0,24.7,14.29,93.22,9.46,369,23.24,90.92,16.34,23.24,90.92,26.31,64.29,13.82,37.88,40.45,16.8,369,3.27,2.0,1.05,3.26
1669.0,24.71,14.29,93.37,9.48,367.17,23.24,90.95,16.34,23.24,90.95,26.27,64.35,13.8,37.87,40.46,16.8,367.17,3.25,1.99,1.04,3.26
1670.0,24.71,14.29,93.37,9.48,366.62,23.24,90.95,16.34,23.24,90.95,26.27,64.35,13.8,37.87,40.46,16.8,366.62,3.24,1.98,1.04,3.26
1671.0,24.71,14.29,93.37,9.48,367.32,23.24,90.95,16.34,23.24,90.95,26.27,64.35,13.8,37.87,40.46,16.8,367.32,3.25,1.99,1.05,3.26
1672.0,24.7,14.3,93.27,9.48,370.29,23.24,90.98,16.35,23.24,90.98,26.28,64.14,13.76,37.87,40.48,16.81,370.29,3.28,2.0,1.04,3.27
1673.0,24.7,14.3,93.27,9.48,370.87,23.24,90.98,16.35,23.24,90.98,26.28,64.14,13.76,37.87,40.48,16.81,370.87,3.28,2.01,1.04,3.27
1674.0,24.7,14.3,93.27,9.48,371.95,23.24,90.98,16.35,23.24,90.98,26.28,64.14,13.76,37.87,40.48,16.81,371.95,3.29,2.01,1.04,3.27
1675.0,24.69,14.31,93.31,9.48,371.95,23.24,90.99,16.35,23.24,90.99,26.29,63.92,13.72,37.87,40.51,16.82,371.95,3.29,2.01,1.04,3.27
1676.0,24.69,14.31,93.31,9.48,368.7,23.24,90.99,16.35,23.24,90.99,26.29,63.92,13.72,37.87,40.51,16.82,368.7,3.26,2.0,1.05,3.27
1677.0,24.69,14.31,93.31,9.48,369.9,23.24,90.99,16.35,23.24,90.99,26.29,63.92,13.72,37.87,40.51,16.82,369.9,3.27,2.01,1.05,3.27
1678.0,24.68,14.3,93.4,9.49,372.49,23.24,91.02,16.35,23.24,91.02,26.26,64.05,13.72,37.87,40.57,16.84,372.49,3.3,2.02,1.05,3.27
1679.0,24.68,14.3,93.4,9.49,372.59,23.24,91.02,16.35,23.24,91.02,26.26,64.05,13.72,37.87,40.57,16.84,372.59,3.3,2.02,1.05,3.27
1680.0,24.68,14.3,93.4,9.49,370.03,23.24,91.02,16.35,23.24,91.02,26.26,64.05,13.72,37.87,40.57,16.84,370.03,3.27,2.01,1.04,3.27
1681.0,24.67,14.28,93.69,9.5,368.99,23.25,91.02,16.36,23.25,91.02,26.25,64,13.71,37.87,40.6,16.86,368.99,3.26,2.01,1.04,3.25
1682.0,24.67,14.28,93.69,9.5,371.69,23.25,91.02,16.36,23.25,91.02,26.25,64,13.71,37.87,40.6,16.86,371.69,3.29,2.02,1.06,3.25
1683.0,24.67,14.28,93.69,9.5,372.03,23.25,91.02,16.36,23.25,91.02,26.25,64,13.71,37.87,40.6,16.86,372.03,3.29,2.02,1.06,3.25
1684.0,24.66,14.29,93.63,9.51,369.74,23.25,91.03,16.36,23.25,91.03,26.2,64.16,13.7,37.86,40.63,16.86,369.74,3.27,2.01,1.03,3.26
1685.0,24.66,14.29,93.63,9.51,367.07,23.25,91.03,16.36,23.25,91.03,26.2,64.16,13.7,37.86,40.63,16.86,367.07,3.25,2.0,1.03,3.26
1686.0,24.66,14.29,93.63,9.51,363.16,23.25,91.03,16.36,23.25,91.03,26.2,64.16,13.7,37.86,40.63,16.86,363.16,3.21,1.98,1.04,3.26
1687.0,24.64,14.29,93.51,9.49,361.63,23.25,91.05,16.37,23.25,91.05,26.14,64.38,13.69,37.86,40.64,16.86,361.63,3.2,1.97,1.04,3.26
1688.0,24.64,14.29,93.51,9.49,358.71,23.25,91.05,16.37,23.25,91.05,26.14,64.38,13.69,37.86,40.64,16.86,358.71,3.18,1.95,1.06,3.26
1689.0,24.64,14.29,93.51,9.49,360.43,23.25,91.05,16.37,23.25,91.05,26.14,64.38,13.69,37.86,40.64,16.86,360.43,3.2,1.96,1.06,3.26
1690.0,24.64,14.27,93.69,9.5,364.54,23.25,91.05,16.37,23.25,91.05,26.13,64.23,13.65,37.85,40.62,16.85,364.54,3.23,1.98,1.05,3.26
1691.0,24.64,14.27,93.69,9.5,367.76,23.25,91.05,16.37,23.25,91.05,26.13,64.23,13.65,37.85,40.62,16.85,367.76,3.26,1.99,1.04,3.25
1692.0,24.64,14.27,93.69,9.5,369.02,23.25,91.05,16.37,23.25,91.05,26.13,64.23,13.65,37.85,40.62,16.85,369.02,3.27,2.0,1.04,3.25
1693.0,24.62,14.27,93.66,9.5,366.79,23.25,91.1,16.38,23.25,91.1,26.28,63.35,13.59,37.86,40.59,16.84,366.79,3.25,1.99,1.03,3.25
1694.0,24.62,14.27,93.66,9.5,365.51,23.25,91.1,16.38,23.25,91.1,26.28,63.35,13.59,37.86,40.59,16.84,365.51,3.24,1.98,1.03,3.25
1695.0,24.62,14.27,93.66,9.5,365.77,23.25,91.1,16.38,23.25,91.1,26.28,63.35,13.59,37.86,40.59,16.84,365.77,3.25,1.98,1.04,3.25
1696.0,24.62,14.27,93.76,9.51,367.36,23.25,91.13,16.38,23.25,91.13,26.44,62.66,13.56,37.86,40.54,16.82,367.36,3.26,1.98,1.04,3.25
1697.0,24.62,14.27,93.76,9.51,365.96,23.25,91.13,16.38,23.25,91.13,26.44,62.66,13.56,37.86,40.54,16.82,365.96,3.25,1.97,1.03,3.25
1698.0,24.62,14.27,93.76,9.51,364.56,23.25,91.13,16.38,23.25,91.13,26.44,62.66,13.56,37.86,40.54,16.82,364.56,3.23,1.96,1.03,3.25
1699.0,24.6,14.28,93.61,9.5,363.94,23.25,91.16,16.38,23.25,91.16,26.6,62.03,13.56,37.86,40.45,16.78,363.94,3.23,1.96,1.03,3.25
1700.0,24.6,14.28,93.61,9.5,363.1,23.25,91.16,16.38,23.25,91.16,26.6,62.03,13.56,37.86,40.45,16.78,363.1,3.22,1.94,1.03,3.25
1701.0,24.6,14.28,93.61,9.5,364.06,23.25,91.16,16.38,23.25,91.16,26.6,62.03,13.56,37.86,40.45,16.78,364.06,3.23,1.95,1.03,3.25
1702.0,24.59,14.26,93.67,9.49,365.75,23.24,91.21,16.39,23.24,91.21,26.71,61.85,13.61,37.86,40.31,16.72,365.75,3.25,1.96,1.04,3.24
1703.0,24.59,14.26,93.67,9.49,367.14,23.24,91.21,16.39,23.24,91.21,26.71,61.85,13.61,37.86,40.31,16.72,367.14,3.27,1.95,1.04,3.24
1704.0,24.59,14.26,93.67,9.49,368.4,23.24,91.21,16.39,23.24,91.21,26.71,61.85,13.61,37.86,40.31,16.72,368.4,3.28,1.95,1.05,3.24
1705.0,24.59,14.25,93.82,9.5,368.35,23.24,91.23,16.39,23.24,91.23,26.71,62.15,13.68,37.86,40.16,16.66,368.35,3.28,1.95,1.05,3.23
1706.0,24.59,14.25,93.82,9.5,368.31,23.24,91.23,16.39,23.24,91.23,26.71,62.15,13.68,37.86,40.16,16.66,368.31,3.27,1.93,1.03,3.23
1707.0,24.59,14.25,93.82,9.5,368.17,23.24,91.23,16.39,23.24,91.23,26.71,62.15,13.68,37.86,40.16,16.66,368.17,3.27,1.93,1.03,3.23
1708.0,24.59,14.26,93.73,9.5,367.92,23.23,91.29,16.39,23.23,91.29,26.68,62.54,13.74,37.85,40.03,16.6,367.92,3.27,1.91,1.02,3.24
1709.0,24.59,14.26,93.73,9.5,367.65,23.23,91.29,16.39,23.23,91.29,26.68,62.54,13.74,37.85,40.03,16.6,367.65,3.27,1.91,1.02,3.23
1710.0,24.59,14.26,93.73,9.5,368.02,23.23,91.29,16.39,23.23,91.29,26.68,62.54,13.74,37.85,40.03,16.6,368.02,3.27,1.91,1.02,3.23
1711.0,24.6,14.27,93.48,9.48,368.19,23.23,91.31,16.39,23.23,91.31,26.62,62.97,13.78,37.86,39.93,16.56,368.19,3.27,1.91,1.02,3.24
1712.0,24.6,14.27,93.48,9.48,370.13,23.23,91.31,16.39,23.23,91.31,26.62,62.97,13.78,37.86,39.93,16.56,370.13,3.29,1.91,1.03,3.24
1713.0,24.6,14.27,93.48,9.48,370.9,23.23,91.31,16.39,23.23,91.31,26.62,62.97,13.78,37.86,39.93,16.56,370.9,3.3,1.91,1.03,3.24
1714.0,24.62,14.27,93.45,9.48,371.16,23.22,91.33,16.39,23.22,91.33,26.54,63.36,13.8,37.86,39.88,16.54,371.16,3.3,1.91,1.04,3.24
1715.0,24.62,14.27,93.45,9.48,371.92,23.22,91.33,16.39,23.22,91.33,26.54,63.36,13.8,37.86,39.88,16.54,371.92,3.31,1.91,1.04,3.24
1716.0,24.62,14.27,93.45,9.48,373.63,23.22,91.33,16.39,23.22,91.33,26.54,63.36,13.8,37.86,39.88,16.54,373.63,3.32,1.92,1.04,3.24
1717.0,24.64,14.3,93.22,9.47,373.43,23.22,91.34,16.39,23.22,91.34,26.44,63.8,13.82,37.86,39.85,16.53,373.43,3.32,1.92,1.04,3.26
1718.0,24.64,14.3,93.22,9.47,366.53,23.22,91.34,16.39,23.22,91.34,26.44,63.8,13.82,37.86,39.85,16.53,366.53,3.26,1.89,1.04,3.26
1719.0,24.64,14.3,93.22,9.47,364.1,23.22,91.34,16.39,23.22,91.34,26.44,63.8,13.82,37.86,39.85,16.53,364.1,3.24,1.87,1.04,3.26
1720.0,24.65,14.28,93.45,9.48,362.46,23.21,91.34,16.38,23.21,91.34,26.35,64.16,13.82,37.86,39.85,16.53,362.46,3.22,1.86,1.03,3.25
1721.0,24.65,14.28,93.45,9.48,364.75,23.21,91.34,16.38,23.21,91.34,26.35,64.16,13.82,37.86,39.85,16.53,364.75,3.24,1.88,1.04,3.25
1722.0,24.65,14.28,93.45,9.48,369.14,23.21,91.34,16.38,23.21,91.34,26.35,64.16,13.82,37.86,39.85,16.53,369.14,3.28,1.9,1.04,3.25
1723.0,24.65,14.29,93.47,9.49,369.55,23.21,91.33,16.37,23.21,91.33,26.26,64.39,13.8,37.86,39.87,16.53,369.55,3.28,1.9,1.02,3.25
1724.0,24.65,14.29,93.47,9.49,367.49,23.21,91.33,16.37,23.21,91.33,26.26,64.39,13.8,37.86,39.87,16.53,367.49,3.25,1.9,1.02,3.25
1725.0,24.65,14.29,93.47,9.49,367.16,23.21,91.33,16.37,23.21,91.33,26.26,64.39,13.8,37.86,39.87,16.53,367.16,3.25,1.9,1.04,3.25
1726.0,24.65,14.3,93.4,9.49,367.18,23.2,91.31,16.37,23.2,91.31,26.17,64.59,13.77,37.86,39.9,16.55,367.18,3.25,1.9,1.04,3.26
1727.0,24.65,14.3,93.4,9.49,367.38,23.2,91.31,16.37,23.2,91.31,26.17,64.59,13.77,37.86,39.9,16.55,367.38,3.25,1.91,1.06,3.25
1728.0,24.65,14.3,93.4,9.49,367.46,23.2,91.31,16.37,23.2,91.31,26.17,64.59,13.77,37.86,39.9,16.55,367.46,3.25,1.91,1.06,3.25
1729.0,24.64,14.29,93.48,9.49,367.55,23.2,91.26,16.36,23.2,91.26,26.09,64.71,13.73,37.86,39.92,16.56,367.55,3.25,1.91,1.04,3.25
1730.0,24.64,14.29,93.48,9.49,369.83,23.2,91.26,16.36,23.2,91.26,26.09,64.71,13.73,37.86,39.92,16.56,369.83,3.27,1.93,1.04,3.25
1731.0,24.64,14.29,93.48,9.49,371.35,23.2,91.26,16.36,23.2,91.26,26.09,64.71,13.73,37.86,39.92,16.56,371.35,3.28,1.93,1.04,3.25
1732.0,24.61,14.3,93.56,9.5,372.38,23.2,91.23,16.35,23.2,91.23,26.01,64.8,13.68,37.86,39.91,16.56,372.38,3.29,1.94,1.03,3.26
1733.0,24.61,14.3,93.56,9.5,371.96,23.2,91.23,16.35,23.2,91.23,26.01,64.8,13.68,37.86,39.91,16.56,371.96,3.28,1.94,1.03,3.25
1734.0,24.61,14.3,93.56,9.5,370.37,23.2,91.23,16.35,23.2,91.23,26.01,64.8,13.68,37.86,39.91,16.56,370.37,3.27,1.93,1.03,3.25
1735.0,24.6,14.28,93.55,9.49,368.03,23.2,91.2,16.34,23.2,91.2,25.94,64.93,13.65,37.86,39.89,16.55,368.03,3.25,1.92,1.03,3.24
1736.0,24.6,14.28,93.55,9.49,368.36,23.2,91.2,16.34,23.2,91.2,25.94,64.93,13.65,37.86,39.89,16.55,368.36,3.25,1.92,1.04,3.24
1737.0,24.6,14.28,93.55,9.49,370.76,23.2,91.2,16.34,23.2,91.2,25.94,64.93,13.65,37.86,39.89,16.55,370.76,3.27,1.93,1.04,3.24
1738.0,24.59,14.28,93.61,9.5,373.47,23.2,91.18,16.34,23.2,91.18,25.89,64.96,13.61,37.86,39.85,16.53,373.47,3.3,1.94,1.03,3.24
1739.0,24.59,14.28,93.61,9.5,373.05,23.2,91.18,16.34,23.2,91.18,25.89,64.96,13.61,37.86,39.85,16.53,373.05,3.29,1.94,1.03,3.24
1740.0,24.59,14.28,93.61,9.5,373.12,23.2,91.18,16.34,23.2,91.18,25.89,64.96,13.61,37.86,39.85,16.53,373.12,3.29,1.94,1.05,3.24
1741.0,24.58,14.29,93.5,9.49,372.96,23.2,91.17,16.33,23.2,91.17,25.85,64.93,13.57,37.86,39.83,16.52,372.96,3.29,1.94,1.05,3.25
1742.0,24.58,14.29,93.5,9.49,368.83,23.2,91.17,16.33,23.2,91.17,25.85,64.93,13.57,37.86,39.83,16.52,368.83,3.25,1.91,1.04,3.25
1743.0,24.58,14.29,93.5,9.49,367.99,23.2,91.17,16.33,23.2,91.17,25.85,64.93,13.57,37.86,39.83,16.52,367.99,3.25,1.91,1.04,3.25
1744.0,24.58,14.27,93.5,9.48,369.41,23.19,91.17,16.33,23.19,91.17,25.89,64.49,13.51,37.86,39.82,16.51,369.41,3.26,1.92,1.04,3.24
1745.0,24.58,14.27,93.5,9.48,368.15,23.19,91.17,16.33,23.19,91.17,25.89,64.49,13.51,37.86,39.82,16.51,368.15,3.25,1.91,1.04,3.24
1746.0,24.58,14.27,93.5,9.48,367.58,23.19,91.17,16.33,23.19,91.17,25.89,64.49,13.51,37.86,39.82,16.51,367.58,3.25,1.91,1.04,3.24
1747.0,24.59,14.27,93.48,9.48,365.58,23.19,91.15,16.32,23.19,91.15,25.97,64.01,13.47,37.85,39.78,16.49,365.58,3.23,1.89,1.04,3.24
1748.0,24.59,14.27,93.48,9.48,364.06,23.19,91.15,16.32,23.19,91.15,25.97,64.01,13.47,37.85,39.78,16.49,364.06,3.21,1.89,1.04,3.24
1749.0,24.59,14.27,93.48,9.48,367.39,23.19,91.15,16.32,23.19,91.15,25.97,64.01,13.47,37.85,39.78,16.49,367.39,3.24,1.9,1.04,3.24
1750.0,24.6,14.28,93.66,9.5,366.32,23.18,91.13,16.31,23.18,91.13,25.98,63.98,13.48,37.84,39.77,16.48,366.32,3.23,1.9,1.04,3.24
1751.0,24.6,14.28,93.66,9.5,363.4,23.18,91.13,16.31,23.18,91.13,25.98,63.98,13.48,37.84,39.77,16.48,363.4,3.2,1.88,1.04,3.24
1752.0,24.6,14.28,93.66,9.5,364.82,23.18,91.13,16.31,23.18,91.13,25.98,63.98,13.48,37.84,39.77,16.48,364.82,3.21,1.89,1.04,3.24
1753.0,24.61,14.29,93.53,9.49,366.34,23.18,91.13,16.31,23.18,91.13,25.99,63.98,13.49,37.85,39.77,16.48,366.34,3.22,1.9,1.03,3.24
1754.0,24.61,14.29,93.53,9.49,366.61,23.18,91.13,16.31,23.18,91.13,25.99,63.98,13.49,37.85,39.77,16.48,366.61,3.22,1.9,1.03,3.24
1755.0,24.61,14.29,93.53,9.49,368.57,23.18,91.13,16.31,23.18,91.13,25.99,63.98,13.49,37.85,39.77,16.48,368.57,3.24,1.91,1.04,3.24
1756.0,24.61,14.29,93.58,9.5,371.29,23.18,91.12,16.31,23.18,91.12,25.96,64.15,13.5,37.84,39.8,16.49,371.29,3.27,1.92,1.04,3.24
1757.0,24.61,14.29,93.58,9.5,378.22,23.18,91.12,16.31,23.18,91.12,25.96,64.15,13.5,37.84,39.8,16.49,378.22,3.32,1.96,1.04,3.24
1758.0,24.61,14.29,93.58,9.5,379.78,23.18,91.12,16.31,23.18,91.12,25.96,64.15,13.5,37.84,39.8,16.49,379.78,3.34,1.97,1.04,3.24
1759.0,24.6,14.29,93.46,9.49,378.85,23.18,91.11,16.3,23.18,91.11,25.93,64.28,13.51,37.84,39.84,16.51,378.85,3.33,1.97,1.04,3.25
1760.0,24.6,14.29,93.46,9.49,376.62,23.18,91.11,16.3,23.18,91.11,25.93,64.28,13.51,37.84,39.84,16.51,376.62,3.31,1.96,1.04,3.25
1761.0,24.6,14.29,93.46,9.49,375.29,23.18,91.11,16.3,23.18,91.11,25.93,64.28,13.51,37.84,39.84,16.51,375.29,3.3,1.96,1.04,3.25
1762.0,24.62,14.28,93.49,9.48,376.87,23.18,91.07,16.3,23.18,91.07,25.99,63.96,13.48,37.85,39.93,16.55,376.87,3.31,1.96,1.04,3.24
1763.0,24.62,14.28,93.49,9.48,378.07,23.18,91.07,16.3,23.18,91.07,25.99,63.96,13.48,37.85,39.93,16.55,378.07,3.32,1.98,1.04,3.24
1764.0,24.62,14.28,93.49,9.48,376.52,23.18,91.07,16.3,23.18,91.07,25.99,63.96,13.48,37.85,39.93,16.55,376.52,3.31,1.98,1.04,3.24
1765.0,24.63,14.3,93.31,9.48,374.77,23.18,91.01,16.29,23.18,91.01,26.08,63.6,13.48,37.84,40.06,16.6,374.77,3.29,1.98,1.04,3.25
1766.0,24.63,14.3,93.31,9.48,374.18,23.18,91.01,16.29,23.18,91.01,26.08,63.6,13.48,37.84,40.06,16.6,374.18,3.29,1.98,1.04,3.25
1767.0,24.63,14.3,93.31,9.48,372.29,23.18,91.01,16.29,23.18,91.01,26.08,63.6,13.48,37.84,40.06,16.6,372.29,3.27,1.97,1.04,3.25
1768.0,24.6,14.3,93.32,9.48,373.78,23.18,90.95,16.28,23.18,90.95,26.15,63.66,13.55,37.83,40.16,16.64,373.78,3.28,1.98,1.06,3.25
1769.0,24.6,14.3,93.32,9.48,373.6,23.18,90.95,16.28,23.18,90.95,26.15,63.66,13.55,37.83,40.16,16.64,373.6,3.28,1.99,1.06,3.25
1770.0,24.6,14.3,93.32,9.48,374.63,23.18,90.95,16.28,23.18,90.95,26.15,63.66,13.55,37.83,40.16,16.64,374.63,3.29,2.0,1.04,3.25
1771.0,24.6,14.3,93.35,9.48,374.89,23.19,90.93,16.28,23.19,90.93,26.15,64.04,13.63,37.83,40.24,16.67,374.89,3.29,2.01,1.04,3.25
1772.0,24.6,14.3,93.35,9.48,375.9,23.19,90.93,16.28,23.19,90.93,26.15,64.04,13.63,37.83,40.24,16.67,375.9,3.3,2.01,1.06,3.25
1773.0,24.6,14.3,93.35,9.48,376.38,23.19,90.93,16.28,23.19,90.93,26.15,64.04,13.63,37.83,40.24,16.67,376.38,3.3,2.02,1.06,3.25
1774.0,24.59,14.31,93.24,9.48,376.44,23.19,90.9,16.28,23.19,90.9,26.15,64.16,13.66,37.84,40.28,16.69,376.44,3.31,2.02,1.04,3.25
1775.0,24.59,14.31,93.24,9.48,376.47,23.19,90.9,16.28,23.19,90.9,26.15,64.16,13.66,37.84,40.28,16.69,376.47,3.3,2.02,1.04,3.25
1776.0,24.59,14.31,93.24,9.48,377.19,23.19,90.9,16.28,23.19,90.9,26.15,64.16,13.66,37.84,40.28,16.69,377.19,3.31,2.03,1.04,3.25
1777.0,24.61,14.32,93.33,9.49,378.02,23.2,90.9,16.28,23.2,90.9,26.21,63.96,13.66,37.84,40.33,16.71,378.02,3.31,2.04,1.04,3.26
1778.0,24.61,14.32,93.33,9.49,379.1,23.2,90.9,16.28,23.2,90.9,26.21,63.96,13.66,37.84,40.33,16.71,379.1,3.32,2.04,1.04,3.26
1779.0,24.61,14.32,93.33,9.49,378.39,23.2,90.9,16.28,23.2,90.9,26.21,63.96,13.66,37.84,40.33,16.71,378.39,3.32,2.04,1.05,3.26
1780.0,24.62,14.33,93.33,9.5,377.9,23.2,90.89,16.29,23.2,90.89,26.31,63.63,13.67,37.83,40.36,16.72,377.9,3.31,2.04,1.05,3.27
1781.0,24.62,14.33,93.33,9.5,377.05,23.2,90.89,16.29,23.2,90.89,26.31,63.63,13.67,37.83,40.36,16.72,377.05,3.3,2.03,1.04,3.27
1782.0,24.62,14.33,93.33,9.5,378.47,23.2,90.89,16.29,23.2,90.89,26.31,63.63,13.67,37.83,40.36,16.72,378.47,3.32,2.04,1.04,3.27
1783.0,24.61,14.33,93.32,9.5,379.01,23.2,90.91,16.29,23.2,90.91,26.37,63.67,13.73,37.83,40.38,16.72,379.01,3.32,2.04,1.04,3.27
1784.0,24.61,14.33,93.32,9.5,377.9,23.2,90.91,16.29,23.2,90.91,26.37,63.67,13.73,37.83,40.38,16.72,377.9,3.31,2.04,1.04,3.27
1785.0,24.61,14.33,93.32,9.5,372.58,23.2,90.91,16.29,23.2,90.91,26.37,63.67,13.73,37.83,40.38,16.72,372.58,3.27,2.01,1.06,3.27
1786.0,24.59,14.33,93.41,9.51,371.29,23.2,90.92,16.3,23.2,90.92,26.43,63.85,13.82,37.82,40.39,16.72,371.29,3.25,2.0,1.06,3.27
1787.0,24.59,14.33,93.41,9.51,370.33,23.2,90.92,16.3,23.2,90.92,26.43,63.85,13.82,37.82,40.39,16.72,370.33,3.24,1.99,1.04,3.27
1788.0,24.59,14.33,93.41,9.51,370.72,23.2,90.92,16.3,23.2,90.92,26.43,63.85,13.82,37.82,40.39,16.72,370.72,3.25,2.0,1.04,3.27
1789.0,24.6,14.35,93.25,9.51,373.71,23.2,90.93,16.3,23.2,90.93,26.45,64.24,13.93,37.82,40.38,16.71,373.71,3.27,2.01,1.05,3.28
1790.0,24.6,14.35,93.25,9.51,373.83,23.2,90.93,16.3,23.2,90.93,26.45,64.24,13.93,37.82,40.38,16.71,373.83,3.27,2.01,1.05,3.28
1791.0,24.6,14.35,93.25,9.51,374.32,23.2,90.93,16.3,23.2,90.93,26.45,64.24,13.93,37.82,40.38,16.71,374.32,3.28,2.01,1.05,3.28
1792.0,24.6,14.36,93.16,9.5,375.62,23.2,90.96,16.3,23.2,90.96,26.4,64.93,14.03,37.82,40.34,16.7,375.62,3.29,2.02,1.05,3.29
1793.0,24.6,14.36,93.16,9.5,371.47,23.2,90.96,16.3,23.2,90.96,26.4,64.93,14.03,37.82,40.34,16.7,371.47,3.25,1.99,1.06,3.29
1794.0,24.6,14.36,93.16,9.5,368.78,23.2,90.96,16.3,23.2,90.96,26.4,64.93,14.03,37.82,40.34,16.7,368.78,3.23,1.97,1.06,3.29
1795.0,24.61,14.36,93.4,9.53,366.78,23.21,91,16.31,23.21,91,26.35,65.37,14.09,37.82,40.29,16.67,366.78,3.21,1.96,1.06,3.29
1796.0,24.61,14.36,93.4,9.53,365.53,23.21,91,16.31,23.21,91,26.35,65.37,14.09,37.82,40.29,16.67,365.53,3.2,1.95,1.08,3.29
1797.0,24.61,14.36,93.4,9.53,364.13,23.21,91,16.31,23.21,91,26.35,65.37,14.09,37.82,40.29,16.67,364.13,3.19,1.94,1.08,3.29
1798.0,24.6,14.35,93.34,9.51,364.12,23.2,91.03,16.32,23.2,91.03,26.31,65.59,14.1,37.81,40.22,16.64,364.12,3.19,1.94,1.06,3.28
1799.0,24.6,14.35,93.34,9.51,365.19,23.2,91.03,16.32,23.2,91.03,26.31,65.59,14.1,37.81,40.22,16.64,365.19,3.2,1.93,1.06,3.29
1800.0,24.6,14.35,93.34,9.51,366.35,23.2,91.03,16.32,23.2,91.03,26.31,65.59,14.1,37.81,40.22,16.64,366.35,3.21,1.94,1.05,3.29
1801.0,24.58,14.36,93.28,9.51,367.95,23.2,91.06,16.32,23.2,91.06,26.28,65.64,14.09,37.82,40.13,16.61,367.95,3.23,1.95,1.05,3.29
1802.0,24.58,14.36,93.28,9.51,368.31,23.2,91.06,16.32,23.2,91.06,26.28,65.64,14.09,37.82,40.13,16.61,368.31,3.23,1.94,1.05,3.29
1803.0,24.58,14.36,93.28,9.51,367.84,23.2,91.06,16.32,23.2,91.06,26.28,65.64,14.09,37.82,40.13,16.61,367.84,3.23,1.94,1.05,3.29
1804.0,24.58,14.36,93.41,9.52,367.66,23.2,91.11,16.33,23.2,91.11,26.25,65.77,14.09,37.82,40.06,16.58,367.66,3.22,1.93,1.05,3.29
1805.0,24.58,14.36,93.41,9.52,363.81,23.2,91.11,16.33,23.2,91.11,26.25,65.77,14.09,37.82,40.06,16.58,363.81,3.19,1.91,1.03,3.29
1806.0,24.58,14.36,93.41,9.52,363.02,23.2,91.11,16.33,23.2,91.11,26.25,65.77,14.09,37.82,40.06,16.58,363.02,3.18,1.9,1.03,3.29
1807.0,24.58,14.34,93.64,9.54,364.05,23.2,91.14,16.33,23.2,91.14,26.31,65.49,14.08,37.82,40.02,16.56,364.05,3.19,1.91,1.11,3.28
1808.0,24.58,14.34,93.64,9.54,365.53,23.2,91.14,16.33,23.2,91.14,26.31,65.49,14.08,37.82,40.02,16.56,365.53,3.2,1.91,1.11,3.28
1809.0,24.58,14.34,93.64,9.54,364.55,23.2,91.14,16.33,23.2,91.14,26.31,65.49,14.08,37.82,40.02,16.56,364.55,3.19,1.9,1.06,3.28
1810.0,24.61,14.33,93.8,9.55,367.8,23.2,91.14,16.33,23.2,91.14,26.38,65.4,14.12,37.83,39.98,16.55,367.8,3.22,1.92,1.06,3.28
1811.0,24.61,14.33,93.8,9.55,368.75,23.2,91.14,16.33,23.2,91.14,26.38,65.4,14.12,37.83,39.98,16.55,368.75,3.23,1.92,1.05,3.28
1812.0,24.61,14.33,93.8,9.55,369.55,23.2,91.14,16.33,23.2,91.14,26.38,65.4,14.12,37.83,39.98,16.55,369.55,3.24,1.93,1.07,3.28
1813.0,24.61,14.31,94.13,9.57,369.9,23.19,91.16,16.33,23.19,91.16,26.36,65.87,14.21,37.82,39.95,16.53,369.9,3.24,1.93,1.07,3.27
1814.0,24.61,14.31,94.13,9.57,369.7,23.19,91.16,16.33,23.19,91.16,26.36,65.87,14.21,37.82,39.95,16.53,369.7,3.23,1.92,1.06,3.27
1815.0,24.61,14.31,94.13,9.57,369.18,23.19,91.16,16.33,23.19,91.16,26.36,65.87,14.21,37.82,39.95,16.53,369.18,3.23,1.92,1.06,3.27
1816.0,24.64,14.29,94.16,9.56,374.38,23.19,91.13,16.32,23.19,91.13,26.3,66.37,14.26,37.82,39.9,16.51,374.38,3.28,1.94,1.05,3.26
1817.0,24.64,14.29,94.16,9.56,375.22,23.19,91.13,16.32,23.19,91.13,26.3,66.37,14.26,37.82,39.9,16.51,375.22,3.28,1.94,1.05,3.26
1818.0,24.64,14.29,94.16,9.56,373.61,23.19,91.13,16.32,23.19,91.13,26.3,66.37,14.26,37.82,39.9,16.51,373.61,3.27,1.93,1.05,3.26
1819.0,24.66,14.29,94.01,9.54,373.04,23.2,91.14,16.33,23.2,91.14,26.25,66.51,14.25,37.83,39.88,16.51,373.04,3.26,1.93,1.05,3.26
1820.0,24.66,14.29,94.01,9.54,369.38,23.2,91.14,16.33,23.2,91.14,26.25,66.51,14.25,37.83,39.88,16.51,369.38,3.24,1.91,1.02,3.26
1821.0,24.66,14.29,94.01,9.54,366.49,23.2,91.14,16.33,23.2,91.14,26.25,66.51,14.25,37.83,39.88,16.51,366.49,3.22,1.9,1.02,3.26
1822.0,24.67,14.29,93.97,9.54,364.04,23.2,91.14,16.33,23.2,91.14,26.23,66.28,14.19,37.83,39.93,16.53,364.04,3.19,1.89,1.04,3.26
1823.0,24.67,14.29,93.97,9.54,365.89,23.2,91.14,16.33,23.2,91.14,26.23,66.28,14.19,37.83,39.93,16.53,365.89,3.21,1.9,1.04,3.26
1824.0,24.67,14.29,93.97,9.54,367.99,23.2,91.14,16.33,23.2,91.14,26.23,66.28,14.19,37.83,39.93,16.53,367.99,3.23,1.91,1.02,3.26
1825.0,24.66,14.26,94.15,9.54,368.14,23.19,91.11,16.32,23.19,91.11,26.24,66.04,14.14,37.82,40,16.55,368.14,3.23,1.91,1.02,3.24
1826.0,24.66,14.26,94.15,9.54,367.94,23.19,91.11,16.32,23.19,91.11,26.24,66.04,14.14,37.82,40,16.55,367.94,3.23,1.92,1.04,3.24
1827.0,24.66,14.26,94.15,9.54,369.12,23.19,91.11,16.32,23.19,91.11,26.24,66.04,14.14,37.82,40,16.55,369.12,3.24,1.93,1.04,3.24
1828.0,24.66,14.27,93.92,9.52,379.52,23.19,91.1,16.32,23.19,91.1,26.18,66.24,14.14,37.81,40.09,16.58,379.52,3.33,1.99,1.04,3.24
1829.0,24.66,14.27,93.92,9.52,381.2,23.19,91.1,16.32,23.19,91.1,26.18,66.24,14.14,37.81,40.09,16.58,381.2,3.35,2.0,1.04,3.24
1830.0,24.66,14.27,93.92,9.52,378.15,23.19,91.1,16.32,23.19,91.1,26.18,66.24,14.14,37.81,40.09,16.58,378.15,3.32,1.98,1.04,3.24
1831.0,24.66,14.25,93.96,9.51,376.56,23.2,91.08,16.32,23.2,91.08,26.11,66.44,14.12,37.82,40.17,16.63,376.56,3.31,1.98,1.04,3.23
1832.0,24.66,14.25,93.96,9.51,375.31,23.2,91.08,16.32,23.2,91.08,26.11,66.44,14.12,37.82,40.17,16.63,375.31,3.31,1.98,1.04,3.23
1833.0,24.66,14.25,93.96,9.51,373.61,23.2,91.08,16.32,23.2,91.08,26.11,66.44,14.12,37.82,40.17,16.63,373.61,3.29,1.97,1.04,3.23
1834.0,24.66,14.26,93.76,9.5,371.96,23.2,91.04,16.32,23.2,91.04,26.03,66.51,14.07,37.81,40.28,16.67,371.96,3.28,1.98,1.04,3.24
1835.0,24.66,14.26,93.76,9.5,371.78,23.2,91.04,16.32,23.2,91.04,26.03,66.51,14.07,37.81,40.28,16.67,371.78,3.28,1.98,1.03,3.24
1836.0,24.66,14.26,93.76,9.5,371.53,23.2,91.04,16.32,23.2,91.04,26.03,66.51,14.07,37.81,40.28,16.67,371.53,3.27,1.97,1.03,3.24
1837.0,24.68,14.27,93.54,9.49,371.4,23.21,91.03,16.32,23.21,91.03,25.97,66.47,14,37.82,40.37,16.71,371.4,3.27,1.97,1.03,3.24
1838.0,24.68,14.27,93.54,9.49,370.58,23.21,91.03,16.32,23.21,91.03,25.97,66.47,14,37.82,40.37,16.71,370.58,3.27,1.98,1.03,3.24
1839.0,24.68,14.27,93.54,9.49,370.22,23.21,91.03,16.32,23.21,91.03,25.97,66.47,14,37.82,40.37,16.71,370.22,3.26,1.98,1.03,3.24
1840.0,24.72,14.27,93.73,9.5,369.1,23.21,90.99,16.31,23.21,90.99,25.9,66.4,13.94,37.82,40.46,16.75,369.1,3.25,1.97,1.03,3.24
1841.0,24.72,14.27,93.73,9.5,368.47,23.21,90.99,16.31,23.21,90.99,25.9,66.4,13.94,37.82,40.46,16.75,368.47,3.24,1.98,1.03,3.24
1842.0,24.72,14.27,93.73,9.5,373.64,23.21,90.99,16.31,23.21,90.99,25.9,66.4,13.94,37.82,40.46,16.75,373.64,3.29,2.01,1.04,3.24
1843.0,24.7,14.28,93.58,9.49,375.98,23.21,90.99,16.32,23.21,90.99,25.85,66.38,13.88,37.81,40.54,16.78,375.98,3.31,2.03,1.04,3.25
1844.0,24.7,14.28,93.58,9.49,377.29,23.21,90.99,16.32,23.21,90.99,25.85,66.38,13.88,37.81,40.54,16.78,377.29,3.32,2.04,1.03,3.25
1845.0,24.7,14.28,93.58,9.49,377.62,23.21,90.99,16.32,23.21,90.99,25.85,66.38,13.88,37.81,40.54,16.78,377.62,3.33,2.04,1.03,3.25
1846.0,24.65,14.27,93.74,9.51,377.24,23.22,90.98,16.32,23.22,90.98,25.8,66.45,13.86,37.81,40.58,16.79,377.24,3.32,2.04,1.04,3.24
1847.0,24.65,14.27,93.74,9.51,376.18,23.22,90.98,16.32,23.22,90.98,25.8,66.45,13.86,37.81,40.58,16.79,376.18,3.31,2.04,1.04,3.24
1848.0,24.65,14.27,93.74,9.51,373.95,23.22,90.98,16.32,23.22,90.98,25.8,66.45,13.86,37.81,40.58,16.79,373.95,3.29,2.03,1.04,3.24
1849.0,24.62,14.27,93.62,9.49,373.89,23.22,90.98,16.32,23.22,90.98,25.77,66.51,13.84,37.81,40.6,16.8,373.89,3.29,2.02,1.04,3.24
1850.0,24.62,14.27,93.62,9.49,371.66,23.22,90.98,16.32,23.22,90.98,25.77,66.51,13.84,37.81,40.6,16.8,371.66,3.28,2.01,1.04,3.24
1851.0,24.62,14.27,93.62,9.49,370.65,23.22,90.98,16.32,23.22,90.98,25.77,66.51,13.84,37.81,40.6,16.8,370.65,3.27,2.01,1.04,3.24
1852.0,24.6,14.26,93.7,9.49,370.45,23.22,91,16.33,23.22,91,25.8,66.19,13.8,37.81,40.59,16.8,370.45,3.27,2.01,1.03,3.23
1853.0,24.6,14.26,93.7,9.49,374.23,23.22,91,16.33,23.22,91,25.8,66.19,13.8,37.81,40.59,16.8,374.23,3.3,2.02,1.03,3.23
1854.0,24.6,14.26,93.7,9.49,379.96,23.22,91,16.33,23.22,91,25.8,66.19,13.8,37.81,40.59,16.8,379.96,3.35,2.06,1.02,3.23
1855.0,24.58,14.25,93.69,9.49,379.06,23.22,91.02,16.33,23.22,91.02,25.96,65.33,13.75,37.81,40.58,16.79,379.06,3.35,2.05,1.02,3.23
1856.0,24.58,14.25,93.69,9.49,377.7,23.22,91.02,16.33,23.22,91.02,25.96,65.33,13.75,37.81,40.58,16.79,377.7,3.34,2.04,1.02,3.23
1857.0,24.58,14.25,93.69,9.49,378.1,23.22,91.02,16.33,23.22,91.02,25.96,65.33,13.75,37.81,40.58,16.79,378.1,3.34,2.04,1.02,3.23
1858.0,24.57,14.25,93.64,9.48,378.14,23.22,91.05,16.34,23.22,91.05,26.11,64.88,13.78,37.81,40.56,16.78,378.14,3.35,2.04,1.03,3.22
1859.0,24.57,14.25,93.64,9.48,375.04,23.22,91.05,16.34,23.22,91.05,26.11,64.88,13.78,37.81,40.56,16.78,375.04,3.32,2.02,1.03,3.22
1860.0,24.57,14.25,93.64,9.48,372.18,23.22,91.05,16.34,23.22,91.05,26.11,64.88,13.78,37.81,40.56,16.78,372.18,3.3,2.0,1.02,3.22
1861.0,24.59,14.23,93.74,9.48,371.92,23.22,91.08,16.34,23.22,91.08,26.26,64.64,13.86,37.8,40.54,16.77,371.92,3.29,2.0,1.04,3.21
1862.0,24.59,14.23,93.74,9.48,371.31,23.22,91.08,16.34,23.22,91.08,26.26,64.64,13.86,37.8,40.54,16.77,371.31,3.29,1.99,1.04,3.21
1863.0,24.59,14.23,93.74,9.48,371.47,23.22,91.08,16.34,23.22,91.08,26.26,64.64,13.86,37.8,40.54,16.77,371.47,3.29,1.99,1.02,3.21
1864.0,24.59,14.23,93.63,9.47,373.23,23.22,91.12,16.35,23.22,91.12,26.31,64.87,13.94,37.8,40.5,16.75,373.23,3.31,1.99,1.02,3.21
1865.0,24.59,14.23,93.63,9.47,373.15,23.22,91.12,16.35,23.22,91.12,26.31,64.87,13.94,37.8,40.5,16.75,373.15,3.31,1.99,1.03,3.21
1866.0,24.59,14.23,93.63,9.47,372.76,23.22,91.12,16.35,23.22,91.12,26.31,64.87,13.94,37.8,40.5,16.75,372.76,3.31,1.99,1.03,3.21
1867.0,24.6,14.24,93.52,9.46,369.65,23.21,91.16,16.34,23.21,91.16,26.29,65.19,14,37.76,40.48,16.71,369.65,3.28,1.98,1.03,3.21
1868.0,24.6,14.24,93.52,9.46,369.07,23.21,91.16,16.34,23.21,91.16,26.29,65.19,14,37.76,40.48,16.71,369.07,3.27,1.96,1.03,3.21
1869.0,24.6,14.24,93.52,9.46,370.17,23.21,91.16,16.34,23.21,91.16,26.29,65.19,14,37.76,40.48,16.71,370.17,3.28,1.97,1.03,3.21
1870.0,24.62,14.24,93.42,9.45,370.63,23.21,91.2,16.36,23.21,91.2,26.25,65.63,14.06,37.78,40.42,16.7,370.63,3.3,1.96,1.03,3.21
1871.0,24.62,14.24,93.42,9.45,370.38,23.21,91.2,16.36,23.21,91.2,26.25,65.63,14.06,37.78,40.42,16.7,370.38,3.29,1.96,1.01,3.21
1872.0,24.62,14.24,93.42,9.45,370.18,23.21,91.2,16.36,23.21,91.2,26.25,65.63,14.06,37.78,40.42,16.7,370.18,3.29,1.96,1.01,3.21
1873.0,24.63,14.27,93.28,9.46,369.9,23.21,91.24,16.36,23.21,91.24,26.17,66.21,14.12,37.78,40.33,16.66,369.9,3.29,1.96,1.01,3.23
1874.0,24.63,14.27,93.28,9.46,370.17,23.21,91.24,16.36,23.21,91.24,26.17,66.21,14.12,37.78,40.33,16.66,370.17,3.29,1.95,1.02,3.23
1875.0,24.63,14.27,93.28,9.46,369.39,23.21,91.24,16.36,23.21,91.24,26.17,66.21,14.12,37.78,40.33,16.66,369.39,3.28,1.94,1.02,3.23
1876.0,24.62,14.27,93.29,9.46,367.16,23.21,91.26,16.36,23.21,91.26,26.17,66.13,14.1,37.8,40.25,16.64,367.16,3.26,1.93,1.03,3.23
1877.0,24.62,14.27,93.29,9.46,368.84,23.21,91.26,16.36,23.21,91.26,26.17,66.13,14.1,37.8,40.25,16.64,368.84,3.28,1.94,1.03,3.23
1878.0,24.62,14.27,93.29,9.46,370.36,23.21,91.26,16.36,23.21,91.26,26.17,66.13,14.1,37.8,40.25,16.64,370.36,3.29,1.94,1.02,3.23
1879.0,24.59,14.29,93.07,9.45,369.99,23.2,91.3,16.36,23.2,91.3,26.19,65.87,14.06,37.8,40.2,16.62,369.99,3.29,1.94,1.02,3.24
1880.0,24.59,14.29,93.07,9.45,367.17,23.2,91.3,16.36,23.2,91.3,26.19,65.87,14.06,37.8,40.2,16.62,367.17,3.26,1.92,1.02,3.24
1881.0,24.59,14.29,93.07,9.45,365.58,23.2,91.3,16.36,23.2,91.3,26.19,65.87,14.06,37.8,40.2,16.62,365.58,3.25,1.91,1.02,3.24
1882.0,24.58,14.28,93.18,9.45,367.15,23.19,91.33,16.36,23.19,91.33,26.16,65.97,14.06,37.79,40.14,16.59,367.15,3.26,1.91,1.02,3.23
1883.0,24.58,14.28,93.18,9.45,368.13,23.19,91.33,16.36,23.19,91.33,26.16,65.97,14.06,37.79,40.14,16.59,368.13,3.27,1.92,1.02,3.23
1884.0,24.58,14.28,93.18,9.45,373.24,23.19,91.33,16.36,23.19,91.33,26.16,65.97,14.06,37.79,40.14,16.59,373.24,3.31,1.94,1.04,3.23
1885.0,24.6,14.3,93.13,9.46,376.54,23.19,91.33,16.36,23.19,91.33,26.1,66.14,14.04,37.8,40.04,16.55,376.54,3.34,1.96,1.04,3.24
1886.0,24.6,14.3,93.13,9.46,378.74,23.19,91.33,16.36,23.19,91.33,26.1,66.14,14.04,37.8,40.04,16.55,378.74,3.36,1.96,1.03,3.24
1887.0,24.6,14.3,93.13,9.46,376.95,23.19,91.33,16.36,23.19,91.33,26.1,66.14,14.04,37.8,40.04,16.55,376.95,3.34,1.95,1.03,3.24
1888.0,24.59,14.31,93.04,9.46,372.18,23.18,91.32,16.35,23.18,91.32,26.01,66.26,14,37.79,39.97,16.51,372.18,3.29,1.92,1.04,3.25
1889.0,24.59,14.31,93.04,9.46,371.12,23.18,91.32,16.35,23.18,91.32,26.01,66.26,14,37.79,39.97,16.51,371.12,3.28,1.91,1.04,3.25
1890.0,24.59,14.31,93.04,9.46,369.51,23.18,91.32,16.35,23.18,91.32,26.01,66.26,14,37.79,39.97,16.51,369.51,3.27,1.9,1.04,3.25
1891.0,24.6,14.32,93.14,9.47,370.36,23.18,91.34,16.35,23.18,91.34,25.94,66.33,13.95,37.79,39.94,16.51,370.36,3.28,1.91,1.04,3.25
1892.0,24.6,14.32,93.14,9.47,369.07,23.18,91.34,16.35,23.18,91.34,25.94,66.33,13.95,37.79,39.94,16.51,369.07,3.26,1.9,1.05,3.25
1893.0,24.6,14.32,93.14,9.47,368.16,23.18,91.34,16.35,23.18,91.34,25.94,66.33,13.95,37.79,39.94,16.51,368.16,3.25,1.9,1.05,3.25
1894.0,24.59,14.33,93.03,9.47,371.29,23.18,91.32,16.34,23.18,91.32,25.86,66.32,13.88,37.79,39.95,16.51,371.29,3.28,1.91,1.04,3.26
1895.0,24.59,14.33,93.03,9.47,372.97,23.18,91.32,16.34,23.18,91.32,25.86,66.32,13.88,37.79,39.95,16.51,372.97,3.29,1.92,1.05,3.26
1896.0,24.59,14.33,93.03,9.47,374.44,23.18,91.32,16.34,23.18,91.32,25.86,66.32,13.88,37.79,39.95,16.51,374.44,3.31,1.93,1.05,3.26
1897.0,24.59,14.35,92.88,9.46,373.66,23.17,91.3,16.34,23.17,91.3,25.79,66.31,13.82,37.78,39.95,16.5,373.66,3.3,1.93,1.05,3.27
1898.0,24.59,14.35,92.88,9.46,374.7,23.17,91.3,16.34,23.17,91.3,25.79,66.31,13.82,37.78,39.95,16.5,374.7,3.3,1.93,1.05,3.27
1899.0,24.59,14.35,92.88,9.46,373.48,23.17,91.3,16.34,23.17,91.3,25.79,66.31,13.82,37.78,39.95,16.5,373.48,3.29,1.92,1.07,3.27
1900.0,24.6,14.35,92.95,9.47,370.7,23.17,91.26,16.33,23.17,91.26,25.73,66.3,13.77,37.78,39.93,16.49,370.7,3.26,1.91,1.07,3.27
1901.0,24.6,14.35,92.95,9.47,367.84,23.17,91.26,16.33,23.17,91.26,25.73,66.3,13.77,37.78,39.93,16.49,367.84,3.24,1.89,1.03,3.27
1902.0,24.6,14.35,92.95,9.47,364.52,23.17,91.26,16.33,23.17,91.26,25.73,66.3,13.77,37.78,39.93,16.49,364.52,3.21,1.88,1.03,3.27
1903.0,24.57,14.33,93.44,9.51,364.16,23.17,91.24,16.32,23.17,91.24,25.67,66.35,13.73,37.78,39.92,16.48,364.16,3.21,1.88,1.05,3.26
1904.0,24.57,14.33,93.44,9.51,364.06,23.17,91.24,16.32,23.17,91.24,25.67,66.35,13.73,37.78,39.92,16.48,364.06,3.19,1.88,1.04,3.26
1905.0,24.57,14.33,93.44,9.51,364.33,23.17,91.24,16.32,23.17,91.24,25.67,66.35,13.73,37.78,39.92,16.48,364.33,3.2,1.88,1.04,3.26
1906.0,24.55,14.31,93.64,9.52,367.99,23.16,91.23,16.31,23.16,91.23,25.63,66.35,13.7,37.78,39.93,16.49,367.99,3.22,1.9,1.07,3.25
1907.0,24.55,14.31,93.64,9.52,370.18,23.16,91.23,16.31,23.16,91.23,25.63,66.35,13.7,37.78,39.93,16.49,370.18,3.24,1.91,1.07,3.25
1908.0,24.55,14.31,93.64,9.52,374.66,23.16,91.23,16.31,23.16,91.23,25.63,66.35,13.7,37.78,39.93,16.49,374.66,3.28,1.94,1.05,3.25
1909.0,24.54,14.31,93.65,9.52,375.93,23.16,91.21,16.31,23.16,91.21,25.61,66.26,13.66,37.78,39.97,16.5,375.93,3.29,1.94,1.05,3.25
1910.0,24.54,14.31,93.65,9.52,375.87,23.16,91.21,16.31,23.16,91.21,25.61,66.26,13.66,37.78,39.97,16.5,375.87,3.29,1.95,1.04,3.25
1911.0,24.54,14.31,93.65,9.52,372.44,23.16,91.21,16.31,23.16,91.21,25.61,66.26,13.66,37.78,39.97,16.5,372.44,3.26,1.93,1.04,3.25
1912.0,24.55,14.28,93.83,9.52,370.43,23.16,91.17,16.3,23.16,91.17,25.6,66.25,13.65,37.77,40.01,16.52,370.43,3.24,1.92,1.03,3.24
1913.0,24.55,14.28,93.83,9.52,370.04,23.16,91.17,16.3,23.16,91.17,25.6,66.25,13.65,37.77,40.01,16.52,370.04,3.24,1.93,1.03,3.24
1914.0,24.55,14.28,93.83,9.52,368.92,23.16,91.17,16.3,23.16,91.17,25.6,66.25,13.65,37.77,40.01,16.52,368.92,3.23,1.92,1.03,3.24
1915.0,24.56,14.25,94.08,9.53,368.89,23.16,91.1,16.28,23.16,91.1,25.62,66.06,13.63,37.76,40.03,16.51,368.89,3.23,1.92,1.03,3.22
1916.0,24.56,14.25,94.08,9.53,368.43,23.16,91.1,16.28,23.16,91.1,25.62,66.06,13.63,37.76,40.03,16.51,368.43,3.22,1.92,1.03,3.22
1917.0,24.56,14.25,94.08,9.53,366.86,23.16,91.1,16.28,23.16,91.1,25.62,66.06,13.63,37.76,40.03,16.51,366.86,3.21,1.91,1.03,3.22
1918.0,24.55,14.24,94.06,9.52,368.49,23.16,91.05,16.28,23.16,91.05,25.71,65.65,13.61,37.77,40.01,16.51,368.49,3.23,1.92,1.0,3.21
1919.0,24.55,14.24,94.06,9.52,369.56,23.16,91.05,16.28,23.16,91.05,25.71,65.65,13.61,37.77,40.01,16.51,369.56,3.23,1.93,1.0,3.21
1920.0,24.55,14.24,94.06,9.52,367.35,23.16,91.05,16.28,23.16,91.05,25.71,65.65,13.61,37.77,40.01,16.51,367.35,3.22,1.92,1.0,3.21
1921.0,24.55,14.24,93.95,9.51,367.04,23.16,91.03,16.28,23.16,91.03,25.73,65.61,13.62,37.77,39.99,16.51,367.04,3.21,1.91,1.0,3.21
1922.0,24.55,14.24,93.95,9.51,367.92,23.16,91.03,16.28,23.16,91.03,25.73,65.61,13.62,37.77,39.99,16.51,367.92,3.22,1.92,0.99,3.21
1923.0,24.55,14.24,93.95,9.51,368.41,23.16,91.03,16.28,23.16,91.03,25.73,65.61,13.62,37.77,39.99,16.51,368.41,3.23,1.92,0.99,3.21
1924.0,24.53,14.22,94.02,9.5,368.71,23.15,91.04,16.27,23.15,91.04,25.76,65.36,13.6,37.75,39.98,16.48,368.71,3.23,1.91,1.0,3.19
1925.0,24.53,14.22,94.02,9.5,369.42,23.15,91.04,16.27,23.15,91.04,25.76,65.36,13.6,37.75,39.98,16.48,369.42,3.24,1.92,1.02,3.19
1926.0,24.53,14.22,94.02,9.5,370.44,23.15,91.04,16.27,23.15,91.04,25.76,65.36,13.6,37.75,39.98,16.48,370.44,3.25,1.92,1.02,3.19
1927.0,24.52,14.21,94.07,9.5,370.41,23.15,91.03,16.26,23.15,91.03,25.78,65.33,13.6,37.74,39.94,16.46,370.41,3.25,1.92,1.0,3.19
1928.0,24.52,14.21,94.07,9.5,370.09,23.15,91.03,16.26,23.15,91.03,25.78,65.33,13.6,37.74,39.94,16.46,370.09,3.24,1.92,1.0,3.19
1929.0,24.52,14.21,94.07,9.5,369.77,23.15,91.03,16.26,23.15,91.03,25.78,65.33,13.6,37.74,39.94,16.46,369.77,3.24,1.91,1.0,3.19
1930.0,24.53,14.2,94.09,9.5,368.86,23.15,91.03,16.26,23.15,91.03,25.77,65.33,13.6,37.75,39.92,16.45,368.86,3.23,1.91,1.0,3.18
1931.0,24.53,14.2,94.09,9.5,367.4,23.15,91.03,16.26,23.15,91.03,25.77,65.33,13.6,37.75,39.92,16.45,367.4,3.22,1.9,0.98,3.18
1932.0,24.53,14.2,94.09,9.5,364.1,23.15,91.03,16.26,23.15,91.03,25.77,65.33,13.6,37.75,39.92,16.45,364.1,3.19,1.88,0.98,3.18
1933.0,24.57,14.2,93.97,9.48,363.34,23.15,91.05,16.27,23.15,91.05,25.8,65.19,13.59,37.77,39.9,16.46,363.34,3.19,1.88,0.99,3.18
1934.0,24.57,14.2,93.97,9.48,363.87,23.15,91.05,16.27,23.15,91.05,25.8,65.19,13.59,37.77,39.9,16.46,363.87,3.2,1.89,0.99,3.18
1935.0,24.57,14.2,93.97,9.48,364.22,23.15,91.05,16.27,23.15,91.05,25.8,65.19,13.59,37.77,39.9,16.46,364.22,3.2,1.89,0.98,3.18
1936.0,24.59,14.21,93.62,9.46,366.76,23.15,91.04,16.26,23.15,91.04,25.78,65.27,13.59,37.76,39.87,16.44,366.76,3.22,1.9,0.98,3.18
1937.0,24.59,14.21,93.62,9.46,368.32,23.15,91.04,16.26,23.15,91.04,25.78,65.27,13.59,37.76,39.87,16.44,368.32,3.24,1.9,0.98,3.18
1938.0,24.59,14.21,93.62,9.46,373.93,23.15,91.04,16.26,23.15,91.04,25.78,65.27,13.59,37.76,39.87,16.44,373.93,3.29,1.93,0.98,3.18
1939.0,24.59,14.23,93.43,9.45,376.05,23.14,91.01,16.25,23.14,91.01,25.73,65.38,13.57,37.76,39.87,16.45,376.05,3.3,1.95,0.98,3.19
1940.0,24.59,14.23,93.43,9.45,376.64,23.14,91.01,16.25,23.14,91.01,25.73,65.38,13.57,37.76,39.87,16.45,376.64,3.31,1.95,0.98,3.19
1941.0,24.59,14.23,93.43,9.45,377.5,23.14,91.01,16.25,23.14,91.01,25.73,65.38,13.57,37.76,39.87,16.45,377.5,3.32,1.96,0.98,3.19
1942.0,24.59,14.26,93.06,9.43,378.76,23.16,90.98,16.26,23.16,90.98,25.68,65.48,13.55,37.8,39.85,16.47,378.76,3.33,1.96,0.97,3.2
1943.0,24.59,14.26,93.06,9.43,379.84,23.16,90.98,16.26,23.16,90.98,25.68,65.48,13.55,37.8,39.85,16.47,379.84,3.35,1.98,0.97,3.2
1944.0,24.59,14.26,93.06,9.43,379.89,23.16,90.98,16.26,23.16,90.98,25.68,65.48,13.55,37.8,39.85,16.47,379.89,3.35,1.98,0.97,3.2
1945.0,24.56,14.27,93.06,9.44,380.05,23.16,90.98,16.26,23.16,90.98,25.64,65.42,13.51,37.8,39.85,16.47,380.05,3.34,1.98,0.97,3.21
1946.0,24.56,14.27,93.06,9.44,379.28,23.16,90.98,16.26,23.16,90.98,25.64,65.42,13.51,37.8,39.85,16.47,379.28,3.34,1.97,0.98,3.21
1947.0,24.56,14.27,93.06,9.44,373.98,23.16,90.98,16.26,23.16,90.98,25.64,65.42,13.51,37.8,39.85,16.47,373.98,3.29,1.95,0.98,3.21
1948.0,24.54,14.29,92.92,9.43,370.3,23.16,90.98,16.26,23.16,90.98,25.62,65.43,13.49,37.81,39.82,16.46,370.3,3.26,1.93,1.0,3.22
1949.0,24.54,14.29,92.92,9.43,368.22,23.16,90.98,16.26,23.16,90.98,25.62,65.43,13.49,37.81,39.82,16.46,368.22,3.24,1.91,1.0,3.22
1950.0,24.54,14.29,92.92,9.43,370.6,23.16,90.98,16.26,23.16,90.98,25.62,65.43,13.49,37.81,39.82,16.46,370.6,3.26,1.93,1.02,3.22
1951.0,24.56,14.31,92.71,9.42,373.39,23.16,90.98,16.26,23.16,90.98,25.59,65.45,13.47,37.8,39.78,16.45,373.39,3.28,1.94,1.02,3.23
1952.0,24.56,14.31,92.71,9.42,373.46,23.16,90.98,16.26,23.16,90.98,25.59,65.45,13.47,37.8,39.78,16.45,373.46,3.28,1.94,1.0,3.23
1953.0,24.56,14.31,92.71,9.42,371.12,23.16,90.98,16.26,23.16,90.98,25.59,65.45,13.47,37.8,39.78,16.45,371.12,3.26,1.93,1.0,3.23
1954.0,24.55,14.31,93.05,9.46,372.01,23.15,90.97,16.25,23.15,90.97,25.58,65.21,13.41,37.8,39.73,16.42,372.01,3.27,1.93,1.0,3.23
1955.0,24.55,14.31,93.05,9.46,375.5,23.15,90.97,16.25,23.15,90.97,25.58,65.21,13.41,37.8,39.73,16.42,375.5,3.29,1.94,1.01,3.23
1956.0,24.55,14.31,93.05,9.46,377.3,23.15,90.97,16.25,23.15,90.97,25.58,65.21,13.41,37.8,39.73,16.42,377.3,3.3,1.95,1.01,3.23
1957.0,24.5,14.31,93.07,9.46,380.29,23.15,90.97,16.25,23.15,90.97,25.68,64.71,13.39,37.78,39.69,16.39,380.29,3.33,1.97,1.01,3.23
1958.0,24.5,14.31,93.07,9.46,381.3,23.15,90.97,16.25,23.15,90.97,25.68,64.71,13.39,37.78,39.69,16.39,381.3,3.34,1.96,1.01,3.23
1959.0,24.5,14.31,93.07,9.46,382.6,23.15,90.97,16.25,23.15,90.97,25.68,64.71,13.39,37.78,39.69,16.39,382.6,3.35,1.97,0.99,3.23
1960.0,24.49,14.3,93.33,9.48,381.41,23.15,90.97,16.25,23.15,90.97,25.8,64.43,13.43,37.78,39.64,16.37,381.41,3.34,1.96,0.99,3.23
1961.0,24.49,14.3,93.33,9.48,376.38,23.15,90.97,16.25,23.15,90.97,25.8,64.43,13.43,37.78,39.64,16.37,376.38,3.29,1.93,1.0,3.23
1962.0,24.49,14.3,93.33,9.48,374.34,23.15,90.97,16.25,23.15,90.97,25.8,64.43,13.43,37.78,39.64,16.37,374.34,3.27,1.92,1.0,3.23
1963.0,24.5,14.3,93.39,9.49,370.86,23.14,90.97,16.24,23.14,90.97,25.91,64.25,13.48,37.77,39.62,16.34,370.86,3.23,1.89,1.0,3.23
1964.0,24.5,14.3,93.39,9.49,367.18,23.14,90.97,16.24,23.14,90.97,25.91,64.25,13.48,37.77,39.62,16.34,367.18,3.2,1.88,1.0,3.23
1965.0,24.5,14.3,93.39,9.49,363.63,23.14,90.97,16.24,23.14,90.97,25.91,64.25,13.48,37.77,39.62,16.34,363.63,3.17,1.86,1.01,3.23
1966.0,24.51,14.3,93.56,9.51,362.74,23.14,90.94,16.24,23.14,90.94,25.92,64.63,13.57,37.77,39.61,16.35,362.74,3.16,1.85,1.01,3.23
1967.0,24.51,14.3,93.56,9.51,362.35,23.14,90.94,16.24,23.14,90.94,25.92,64.63,13.57,37.77,39.61,16.35,362.35,3.15,1.85,1.0,3.23
1968.0,24.51,14.3,93.56,9.51,362.38,23.14,90.94,16.24,23.14,90.94,25.92,64.63,13.57,37.77,39.61,16.35,362.38,3.15,1.85,1.0,3.23
1969.0,24.53,14.29,93.57,9.5,362.77,23.14,90.93,16.23,23.14,90.93,25.88,65.05,13.62,37.76,39.63,16.34,362.77,3.16,1.86,1.0,3.22
1970.0,24.53,14.29,93.57,9.5,363.26,23.14,90.93,16.23,23.14,90.93,25.88,65.05,13.62,37.76,39.63,16.34,363.26,3.16,1.86,1.0,3.22
1971.0,24.53,14.29,93.57,9.5,366.62,23.14,90.93,16.23,23.14,90.93,25.88,65.05,13.62,37.76,39.63,16.34,366.62,3.19,1.87,1.01,3.22
1972.0,24.55,14.28,93.63,9.5,369.64,23.13,90.94,16.23,23.13,90.94,25.82,65.37,13.64,37.75,39.64,16.34,369.64,3.22,1.89,1.01,3.21
1973.0,24.55,14.28,93.63,9.5,372.53,23.13,90.94,16.23,23.13,90.94,25.82,65.37,13.64,37.75,39.64,16.34,372.53,3.24,1.91,1.0,3.21
1974.0,24.55,14.28,93.63,9.5,373.3,23.13,90.94,16.23,23.13,90.94,25.82,65.37,13.64,37.75,39.64,16.34,373.3,3.25,1.91,1.0,3.21
1975.0,24.55,14.28,93.52,9.49,373.6,23.13,90.93,16.22,23.13,90.93,25.77,65.54,13.64,37.74,39.66,16.34,373.6,3.25,1.91,0.98,3.21
1976.0,24.55,14.28,93.52,9.49,373.49,23.13,90.93,16.22,23.13,90.93,25.77,65.54,13.64,37.74,39.66,16.34,373.49,3.25,1.91,0.98,3.21
1977.0,24.55,14.28,93.52,9.49,373.39,23.13,90.93,16.22,23.13,90.93,25.77,65.54,13.64,37.74,39.66,16.34,373.39,3.25,1.91,1.0,3.21
1978.0,24.56,14.29,93.47,9.49,372.99,23.13,90.92,16.22,23.13,90.92,25.72,65.65,13.62,37.74,39.65,16.34,372.99,3.24,1.91,0.99,3.22
1979.0,24.56,14.29,93.47,9.49,371.48,23.13,90.92,16.22,23.13,90.92,25.72,65.65,13.62,37.74,39.65,16.34,371.48,3.23,1.9,0.99,3.22
1980.0,24.56,14.29,93.47,9.49,369.11,23.13,90.92,16.22,23.13,90.92,25.72,65.65,13.62,37.74,39.65,16.34,369.11,3.21,1.89,1.01,3.22
1981.0,24.57,14.28,93.57,9.5,368.73,23.12,90.93,16.22,23.12,90.93,25.67,65.79,13.61,37.74,39.63,16.33,368.73,3.21,1.89,1.01,3.22
1982.0,24.57,14.28,93.57,9.5,369.76,23.12,90.93,16.22,23.12,90.93,25.67,65.79,13.61,37.74,39.63,16.33,369.76,3.21,1.89,0.99,3.22
1983.0,24.57,14.28,93.57,9.5,367.6,23.12,90.93,16.22,23.12,90.93,25.67,65.79,13.61,37.74,39.63,16.33,367.6,3.2,1.88,0.99,3.22
1984.0,24.58,14.29,93.41,9.48,367.19,23.11,90.93,16.21,23.11,90.93,25.61,65.85,13.58,37.73,39.67,16.33,367.19,3.19,1.88,1.01,3.22
1985.0,24.58,14.29,93.41,9.48,369.92,23.11,90.93,16.21,23.11,90.93,25.61,65.85,13.58,37.73,39.67,16.33,369.92,3.21,1.89,1.01,3.22
1986.0,24.58,14.29,93.41,9.48,371.8,23.11,90.93,16.21,23.11,90.93,25.61,65.85,13.58,37.73,39.67,16.33,371.8,3.23,1.9,1.03,3.22
1987.0,24.61,14.29,93.36,9.48,370.84,23.12,90.93,16.21,23.12,90.93,25.57,65.88,13.55,37.75,39.67,16.35,370.84,3.22,1.9,1.03,3.22
1988.0,24.61,14.29,93.36,9.48,367.03,23.12,90.93,16.21,23.12,90.93,25.57,65.88,13.55,37.75,39.67,16.35,367.03,3.19,1.88,1.0,3.22
1989.0,24.61,14.29,93.36,9.48,363.95,23.12,90.93,16.21,23.12,90.93,25.57,65.88,13.55,37.75,39.67,16.35,363.95,3.17,1.87,1.0,3.22
1990.0,24.59,14.29,93.61,9.5,362.01,23.11,90.93,16.2,23.11,90.93,25.52,65.79,13.49,37.74,39.7,16.35,362.01,3.15,1.86,1.03,3.22
1991.0,24.59,14.29,93.61,9.5,361.8,23.11,90.93,16.2,23.11,90.93,25.52,65.79,13.49,37.74,39.7,16.35,361.8,3.14,1.86,1.03,3.21
1992.0,24.59,14.29,93.61,9.5,363.97,23.11,90.93,16.2,23.11,90.93,25.52,65.79,13.49,37.74,39.7,16.35,363.97,3.16,1.87,1.02,3.21
1993.0,24.56,14.28,93.62,9.5,364.31,23.1,90.92,16.2,23.1,90.92,25.49,65.71,13.44,37.73,39.76,16.37,364.31,3.16,1.87,1.02,3.21
1994.0,24.56,14.28,93.62,9.5,361.29,23.1,90.92,16.2,23.1,90.92,25.49,65.71,13.44,37.73,39.76,16.37,361.29,3.13,1.87,1.02,3.21
1995.0,24.56,14.28,93.62,9.5,362.63,23.1,90.92,16.2,23.1,90.92,25.49,65.71,13.44,37.73,39.76,16.37,362.63,3.14,1.88,1.02,3.21
1996.0,24.55,14.26,93.91,9.51,366.64,23.11,90.89,16.19,23.11,90.89,25.48,65.55,13.4,37.74,39.77,16.39,366.64,3.18,1.9,1.01,3.2
1997.0,24.55,14.26,93.91,9.51,367.6,23.11,90.89,16.19,23.11,90.89,25.48,65.55,13.4,37.74,39.77,16.39,367.6,3.18,1.91,1.01,3.2
1998.0,24.55,14.26,93.91,9.51,370.95,23.11,90.89,16.19,23.11,90.89,25.48,65.55,13.4,37.74,39.77,16.39,370.95,3.21,1.93,1.01,3.2
1999.0,24.55,14.24,93.88,9.5,371.1,23.11,90.86,16.19,23.11,90.86,25.49,65.41,13.39,37.75,39.83,16.42,371.1,3.21,1.93,1.01,3.19
2000.0,24.55,14.24,93.88,9.5,370.79,23.11,90.86,16.19,23.11,90.86,25.49,65.41,13.39,37.75,39.83,16.42,370.79,3.22,1.94,1.01,3.19
2001.0,24.55,14.24,93.88,9.5,369.56,23.11,90.86,16.19,23.11,90.86,25.49,65.41,13.39,37.75,39.83,16.42,369.56,3.21,1.93,1.01,3.19
2002.0,24.54,14.24,93.68,9.48,367.67,23.11,90.83,16.18,23.11,90.83,25.6,64.85,13.36,37.75,39.84,16.42,367.67,3.19,1.92,1.01,3.19
2003.0,24.54,14.24,93.68,9.48,367.69,23.11,90.83,16.18,23.11,90.83,25.6,64.85,13.36,37.75,39.84,16.42,367.69,3.19,1.92,1.01,3.19
2004.0,24.54,14.24,93.68,9.48,370.63,23.11,90.83,16.18,23.11,90.83,25.6,64.85,13.36,37.75,39.84,16.42,370.63,3.22,1.94,1.01,3.19
2005.0,24.51,14.23,93.76,9.48,373.02,23.11,90.79,16.17,23.11,90.79,25.72,64.45,13.37,37.74,39.87,16.42,373.02,3.24,1.95,0.99,3.18
2006.0,24.51,14.23,93.76,9.48,374.16,23.11,90.79,16.17,23.11,90.79,25.72,64.45,13.37,37.74,39.87,16.42,374.16,3.25,1.96,0.99,3.18
2007.0,24.51,14.23,93.76,9.48,373.37,23.11,90.79,16.17,23.11,90.79,25.72,64.45,13.37,37.74,39.87,16.42,373.37,3.24,1.95,1.0,3.18
2008.0,24.5,14.22,93.62,9.46,372.68,23.1,90.79,16.16,23.1,90.79,25.76,64.55,13.42,37.72,39.91,16.42,372.68,3.23,1.95,1.0,3.17
2009.0,24.5,14.22,93.62,9.46,369.8,23.1,90.79,16.16,23.1,90.79,25.76,64.55,13.42,37.72,39.91,16.42,369.8,3.21,1.94,0.99,3.17
2010.0,24.5,14.22,93.62,9.46,366.54,23.1,90.79,16.16,23.1,90.79,25.76,64.55,13.42,37.72,39.91,16.42,366.54,3.18,1.92,0.98,3.17
2011.0,24.51,14.21,93.82,9.48,366.76,23.11,90.78,16.18,23.11,90.78,25.76,64.76,13.46,37.76,39.86,16.44,366.76,3.19,1.92,0.98,3.16
2012.0,24.51,14.21,93.82,9.48,365.17,23.11,90.78,16.18,23.11,90.78,25.76,64.76,13.46,37.76,39.86,16.44,365.17,3.18,1.92,1.0,3.16
2013.0,24.51,14.21,93.82,9.48,363.64,23.11,90.78,16.18,23.11,90.78,25.76,64.76,13.46,37.76,39.86,16.44,363.64,3.16,1.91,1.0,3.16
2014.0,24.5,14.2,93.75,9.46,364,23.1,90.8,16.17,23.1,90.8,25.73,64.96,13.48,37.74,39.8,16.4,364,3.17,1.91,0.99,3.15
2015.0,24.5,14.2,93.75,9.46,365.02,23.1,90.8,16.17,23.1,90.8,25.73,64.96,13.48,37.74,39.8,16.4,365.02,3.18,1.9,0.99,3.15
2016.0,24.5,14.2,93.75,9.46,364.66,23.1,90.8,16.17,23.1,90.8,25.73,64.96,13.48,37.74,39.8,16.4,364.66,3.17,1.9,0.98,3.15
2017.0,24.5,14.21,93.59,9.45,366.2,23.1,90.81,16.17,23.1,90.81,25.7,65.31,13.53,37.74,39.71,16.36,366.2,3.19,1.91,0.98,3.16
2018.0,24.5,14.21,93.59,9.45,368.05,23.1,90.81,16.17,23.1,90.81,25.7,65.31,13.53,37.74,39.71,16.36,368.05,3.21,1.91,0.95,3.15
2019.0,24.5,14.21,93.59,9.45,369.76,23.1,90.81,16.17,23.1,90.81,25.7,65.31,13.53,37.74,39.71,16.36,369.76,3.22,1.92,0.95,3.15
2020.0,24.51,14.18,93.93,9.47,372.87,23.09,90.8,16.16,23.09,90.8,25.67,65.57,13.57,37.73,39.64,16.31,372.87,3.24,1.92,0.96,3.14
2021.0,24.51,14.18,93.93,9.47,372.18,23.09,90.8,16.16,23.09,90.8,25.67,65.57,13.57,37.73,39.64,16.31,372.18,3.24,1.92,0.96,3.14
2022.0,24.51,14.18,93.93,9.47,370.3,23.09,90.8,16.16,23.09,90.8,25.67,65.57,13.57,37.73,39.64,16.31,370.3,3.22,1.91,0.97,3.14
2023.0,24.51,14.19,93.76,9.46,365.8,23.1,90.78,16.17,23.1,90.78,25.7,65.63,13.6,37.74,39.57,16.3,365.8,3.18,1.88,0.97,3.14
2024.0,24.51,14.19,93.76,9.46,362.17,23.1,90.78,16.17,23.1,90.78,25.7,65.63,13.6,37.74,39.57,16.3,362.17,3.15,1.86,0.95,3.14
2025.0,24.51,14.19,93.76,9.46,362.14,23.1,90.78,16.17,23.1,90.78,25.7,65.63,13.6,37.74,39.57,16.3,362.14,3.15,1.86,0.95,3.14
2026.0,24.51,14.18,93.6,9.44,365.54,23.1,90.78,16.16,23.1,90.78,25.68,66,13.66,37.75,39.55,16.3,365.54,3.19,1.88,0.94,3.13
2027.0,24.51,14.18,93.6,9.44,364.22,23.1,90.78,16.16,23.1,90.78,25.68,66,13.66,37.75,39.55,16.3,364.22,3.18,1.87,0.94,3.13
2028.0,24.51,14.18,93.6,9.44,360.46,23.1,90.78,16.16,23.1,90.78,25.68,66,13.66,37.75,39.55,16.3,360.46,3.15,1.85,0.96,3.13
2029.0,24.53,14.18,93.45,9.42,362.64,23.09,90.77,16.15,23.09,90.77,25.65,66.19,13.68,37.74,39.56,16.29,362.64,3.16,1.87,0.96,3.13
2030.0,24.53,14.18,93.45,9.42,364.43,23.09,90.77,16.15,23.09,90.77,25.65,66.19,13.68,37.74,39.56,16.29,364.43,3.18,1.88,0.96,3.13
2031.0,24.53,14.18,93.45,9.42,363.42,23.09,90.77,16.15,23.09,90.77,25.65,66.19,13.68,37.74,39.56,16.29,363.42,3.17,1.87,0.96,3.13
2032.0,24.55,14.2,93.38,9.42,364.84,23.09,90.74,16.15,23.09,90.74,25.63,66.36,13.7,37.73,39.59,16.3,364.84,3.18,1.88,0.98,3.14
2033.0,24.55,14.2,93.38,9.42,365.32,23.09,90.74,16.15,23.09,90.74,25.63,66.36,13.7,37.73,39.59,16.3,365.32,3.18,1.88,0.98,3.14
2034.0,24.55,14.2,93.38,9.42,365.71,23.09,90.74,16.15,23.09,90.74,25.63,66.36,13.7,37.73,39.59,16.3,365.71,3.19,1.89,1.0,3.14
2035.0,24.55,14.2,93.2,9.41,365.74,23.09,90.67,16.14,23.09,90.67,25.62,66.51,13.72,37.74,39.63,16.33,365.74,3.19,1.89,1.0,3.14
2036.0,24.55,14.2,93.2,9.41,365.7,23.09,90.67,16.14,23.09,90.67,25.62,66.51,13.72,37.74,39.63,16.33,365.7,3.19,1.9,0.99,3.14
2037.0,24.55,14.2,93.2,9.41,366.19,23.09,90.67,16.14,23.09,90.67,25.62,66.51,13.72,37.74,39.63,16.33,366.19,3.19,1.9,0.99,3.13
2038.0,24.56,14.2,93.43,9.43,368.77,23.1,90.65,16.14,23.1,90.65,25.61,66.6,13.73,37.75,39.65,16.34,368.77,3.21,1.92,0.97,3.13
2039.0,24.56,14.2,93.43,9.43,369.36,23.1,90.65,16.14,23.1,90.65,25.61,66.6,13.73,37.75,39.65,16.34,369.36,3.22,1.92,0.97,3.13
2040.0,24.56,14.2,93.43,9.43,367.59,23.1,90.65,16.14,23.1,90.65,25.61,66.6,13.73,37.75,39.65,16.34,367.59,3.2,1.91,0.97,3.13
2041.0,24.56,14.26,92.9,9.41,366.42,23.1,90.62,16.14,23.1,90.62,25.61,66.52,13.71,37.76,39.64,16.35,366.42,3.19,1.91,0.97,3.16
2042.0,24.56,14.26,92.9,9.41,364.86,23.1,90.62,16.14,23.1,90.62,25.61,66.52,13.71,37.76,39.64,16.35,364.86,3.17,1.9,0.98,3.16
2043.0,24.56,14.26,92.9,9.41,367.09,23.1,90.62,16.14,23.1,90.62,25.61,66.52,13.71,37.76,39.64,16.35,367.09,3.19,1.91,0.98,3.16
2044.0,24.54,14.26,93.08,9.43,367.05,23.11,90.6,16.14,23.11,90.6,25.62,66.4,13.7,37.76,39.62,16.34,367.05,3.19,1.91,0.98,3.16
2045.0,24.54,14.26,93.08,9.43,367.18,23.11,90.6,16.14,23.11,90.6,25.62,66.4,13.7,37.76,39.62,16.34,367.18,3.19,1.91,0.98,3.16
2046.0,24.54,14.26,93.08,9.43,367.18,23.11,90.6,16.14,23.11,90.6,25.62,66.4,13.7,37.76,39.62,16.34,367.18,3.19,1.91,0.98,3.16
2047.0,24.52,14.28,92.98,9.43,367.04,23.11,90.6,16.14,23.11,90.6,25.68,65.96,13.66,37.76,39.57,16.32,367.04,3.19,1.91,0.98,3.17
2048.0,24.52,14.28,92.98,9.43,369.09,23.11,90.6,16.14,23.11,90.6,25.68,65.96,13.66,37.76,39.57,16.32,369.09,3.2,1.91,0.99,3.17
2049.0,24.52,14.28,92.98,9.43,370.12,23.11,90.6,16.14,23.11,90.6,25.68,65.96,13.66,37.76,39.57,16.32,370.12,3.21,1.92,0.99,3.17
2050.0,24.49,14.3,92.77,9.42,370.92,23.1,90.6,16.13,23.1,90.6,25.78,65.47,13.63,37.76,39.52,16.29,370.92,3.22,1.92,0.99,3.18
2051.0,24.49,14.3,92.77,9.42,371.17,23.1,90.6,16.13,23.1,90.6,25.78,65.47,13.63,37.76,39.52,16.29,371.17,3.22,1.92,0.99,3.18
2052.0,24.49,14.3,92.77,9.42,370.57,23.1,90.6,16.13,23.1,90.6,25.78,65.47,13.63,37.76,39.52,16.29,370.57,3.21,1.91,0.98,3.18
2053.0,24.48,14.29,93.03,9.44,371.29,23.08,90.64,16.12,23.08,90.64,25.94,64.84,13.63,37.71,39.47,16.23,371.29,3.22,1.92,0.98,3.18
2054.0,24.48,14.29,93.03,9.44,373.92,23.08,90.64,16.12,23.08,90.64,25.94,64.84,13.63,37.71,39.47,16.23,373.92,3.23,1.91,0.98,3.18
2055.0,24.48,14.29,93.03,9.44,372.63,23.08,90.64,16.12,23.08,90.64,25.94,64.84,13.63,37.71,39.47,16.23,372.63,3.22,1.91,1.0,3.18
2056.0,24.48,14.31,92.88,9.44,373.74,23.08,90.62,16.12,23.08,90.62,26.03,64.88,13.71,37.71,39.43,16.21,373.74,3.22,1.91,1.0,3.19
2057.0,24.48,14.31,92.88,9.44,373.67,23.08,90.62,16.12,23.08,90.62,26.03,64.88,13.71,37.71,39.43,16.21,373.67,3.22,1.91,0.99,3.19
2058.0,24.48,14.31,92.88,9.44,365.49,23.08,90.62,16.12,23.08,90.62,26.03,64.88,13.71,37.71,39.43,16.21,365.49,3.15,1.86,0.99,3.19
2059.0,24.49,14.33,93,9.47,361.7,23.09,90.62,16.13,23.09,90.62,26.05,65.37,13.84,37.74,39.4,16.22,361.7,3.12,1.85,0.99,3.2
2060.0,24.49,14.33,93,9.47,363.16,23.09,90.62,16.13,23.09,90.62,26.05,65.37,13.84,37.74,39.4,16.22,363.16,3.13,1.85,0.99,3.2
2061.0,24.49,14.33,93,9.47,367.35,23.09,90.62,16.13,23.09,90.62,26.05,65.37,13.84,37.74,39.4,16.22,367.35,3.17,1.87,0.99,3.2
2062.0,24.48,14.36,92.85,9.47,373.2,23.1,90.59,16.13,23.1,90.59,26.03,65.79,13.91,37.74,39.37,16.21,373.2,3.22,1.9,0.99,3.22
2063.0,24.48,14.36,92.85,9.47,374.24,23.1,90.59,16.13,23.1,90.59,26.03,65.79,13.91,37.74,39.37,16.21,374.24,3.22,1.91,1.0,3.22
2064.0,24.48,14.36,92.85,9.47,372.03,23.1,90.59,16.13,23.1,90.59,26.03,65.79,13.91,37.74,39.37,16.21,372.03,3.2,1.9,1.0,3.22
2065.0,24.48,14.33,93.2,9.49,372.48,23.09,90.58,16.12,23.09,90.58,25.99,66.01,13.93,37.74,39.34,16.2,372.48,3.2,1.9,1.02,3.2
2066.0,24.48,14.33,93.2,9.49,377.64,23.09,90.58,16.12,23.09,90.58,25.99,66.01,13.93,37.74,39.34,16.2,377.64,3.25,1.92,1.02,3.2
2067.0,24.48,14.33,93.2,9.49,378.2,23.09,90.58,16.12,23.09,90.58,25.99,66.01,13.93,37.74,39.34,16.2,378.2,3.25,1.93,1.03,3.2
2068.0,24.49,14.36,93.1,9.49,376,23.09,90.54,16.12,23.09,90.54,25.97,66.1,13.93,37.74,39.33,16.2,376,3.22,1.92,1.02,3.22
2069.0,24.49,14.36,93.1,9.49,373.42,23.09,90.54,16.12,23.09,90.54,25.97,66.1,13.93,37.74,39.33,16.2,373.42,3.2,1.9,1.02,3.22
2070.0,24.49,14.36,93.1,9.49,371.13,23.09,90.54,16.12,23.09,90.54,25.97,66.1,13.93,37.74,39.33,16.2,371.13,3.18,1.89,1.02,3.22
2071.0,24.5,14.38,92.93,9.49,373.19,23.1,90.49,16.11,23.1,90.49,25.91,66.37,13.94,37.75,39.32,16.2,373.19,3.2,1.9,1.02,3.23
2072.0,24.5,14.38,92.93,9.49,378.11,23.1,90.49,16.11,23.1,90.49,25.91,66.37,13.94,37.75,39.32,16.2,378.11,3.24,1.93,1.02,3.23
2073.0,24.5,14.38,92.93,9.49,381.98,23.1,90.49,16.11,23.1,90.49,25.91,66.37,13.94,37.75,39.32,16.2,381.98,3.27,1.95,1.02,3.23
2074.0,24.51,14.39,93.04,9.51,382.73,23.1,90.45,16.1,23.1,90.45,25.83,66.59,13.92,37.74,39.33,16.2,382.73,3.27,1.95,1.04,3.24
2075.0,24.51,14.39,93.04,9.51,379.16,23.1,90.45,16.1,23.1,90.45,25.83,66.59,13.92,37.74,39.33,16.2,379.16,3.24,1.93,1.04,3.24
2076.0,24.51,14.39,93.04,9.51,374.6,23.1,90.45,16.1,23.1,90.45,25.83,66.59,13.92,37.74,39.33,16.2,374.6,3.2,1.91,1.04,3.24
2077.0,24.51,14.39,93.26,9.53,373.3,23.1,90.44,16.1,23.1,90.44,25.76,66.66,13.87,37.73,39.33,16.19,373.3,3.19,1.9,1.04,3.24
2078.0,24.51,14.39,93.26,9.53,371.18,23.1,90.44,16.1,23.1,90.44,25.76,66.66,13.87,37.73,39.33,16.19,371.18,3.16,1.89,1.04,3.24
2079.0,24.51,14.39,93.26,9.53,370.61,23.1,90.44,16.1,23.1,90.44,25.76,66.66,13.87,37.73,39.33,16.19,370.61,3.16,1.89,1.04,3.24
2080.0,24.53,14.38,93.44,9.54,370.22,23.1,90.42,16.1,23.1,90.42,25.7,66.7,13.82,37.74,39.31,16.19,370.22,3.15,1.89,1.04,3.24
2081.0,24.53,14.38,93.44,9.54,368.96,23.1,90.42,16.1,23.1,90.42,25.7,66.7,13.82,37.74,39.31,16.19,368.96,3.14,1.88,1.04,3.24
2082.0,24.53,14.38,93.44,9.54,367.71,23.1,90.42,16.1,23.1,90.42,25.7,66.7,13.82,37.74,39.31,16.19,367.71,3.13,1.88,1.04,3.24
2083.0,24.54,14.35,93.62,9.54,367.84,23.09,90.42,16.09,23.09,90.42,25.63,66.66,13.76,37.74,39.32,16.19,367.84,3.13,1.88,1.04,3.22
2084.0,24.54,14.35,93.62,9.54,370.54,23.09,90.42,16.09,23.09,90.42,25.63,66.66,13.76,37.74,39.32,16.19,370.54,3.15,1.89,1.04,3.22
2085.0,24.54,14.35,93.62,9.54,371.76,23.09,90.42,16.09,23.09,90.42,25.63,66.66,13.76,37.74,39.32,16.19,371.76,3.16,1.9,1.04,3.23
2086.0,24.54,14.33,93.84,9.55,371.93,23.09,90.4,16.09,23.09,90.4,25.58,66.55,13.7,37.74,39.3,16.19,371.93,3.16,1.9,1.04,3.21
2087.0,24.54,14.33,93.84,9.55,371.91,23.09,90.4,16.09,23.09,90.4,25.58,66.55,13.7,37.74,39.3,16.19,371.91,3.16,1.9,1.04,3.21
2088.0,24.54,14.33,93.84,9.55,370.95,23.09,90.4,16.09,23.09,90.4,25.58,66.55,13.7,37.74,39.3,16.19,370.95,3.16,1.9,1.01,3.22
2089.0,24.52,14.31,93.96,9.55,370.6,23.09,90.4,16.08,23.09,90.4,25.58,66.15,13.61,37.74,39.3,16.19,370.6,3.15,1.9,1.02,3.2
2090.0,24.52,14.31,93.96,9.55,369.51,23.09,90.4,16.08,23.09,90.4,25.58,66.15,13.61,37.74,39.3,16.19,369.51,3.14,1.89,1.02,3.2
2091.0,24.52,14.31,93.96,9.55,369.54,23.09,90.4,16.08,23.09,90.4,25.58,66.15,13.61,37.74,39.3,16.19,369.54,3.14,1.89,1.03,3.2
2092.0,24.51,14.3,94.04,9.56,370.35,23.08,90.36,16.07,23.08,90.36,25.6,65.73,13.54,37.74,39.32,16.2,370.35,3.15,1.9,1.03,3.2
2093.0,24.51,14.3,94.04,9.56,370.54,23.08,90.36,16.07,23.08,90.36,25.6,65.73,13.54,37.74,39.32,16.2,370.54,3.15,1.9,1.02,3.2
2094.0,24.51,14.3,94.04,9.56,368.33,23.08,90.36,16.07,23.08,90.36,25.6,65.73,13.54,37.74,39.32,16.2,368.33,3.13,1.89,1.02,3.2
2095.0,24.5,14.27,94.33,9.57,366.03,23.08,90.33,16.07,23.08,90.33,25.58,65.53,13.48,37.74,39.37,16.21,366.03,3.11,1.88,1.03,3.18
2096.0,24.5,14.27,94.33,9.57,364.03,23.08,90.33,16.07,23.08,90.33,25.58,65.53,13.48,37.74,39.37,16.21,364.03,3.09,1.88,1.03,3.18
2097.0,24.5,14.27,94.33,9.57,364.07,23.08,90.33,16.07,23.08,90.33,25.58,65.53,13.48,37.74,39.37,16.21,364.07,3.09,1.88,1.05,3.18
2098.0,24.51,14.24,94.38,9.55,365.27,23.09,90.28,16.06,23.09,90.28,25.55,65.63,13.48,37.74,39.42,16.24,365.27,3.1,1.88,1.05,3.16
2099.0,24.51,14.24,94.38,9.55,365.26,23.09,90.28,16.06,23.09,90.28,25.55,65.63,13.48,37.74,39.42,16.24,365.26,3.11,1.89,1.02,3.16
2100.0,24.51,14.24,94.38,9.55,364.19,23.09,90.28,16.06,23.09,90.28,25.55,65.63,13.48,37.74,39.42,16.24,364.19,3.1,1.89,1.02,3.16
2101.0,24.5,14.22,94.3,9.53,361.94,23.09,90.23,16.05,23.09,90.23,25.52,65.54,13.43,37.74,39.52,16.28,361.94,3.08,1.87,1.01,3.15
2102.0,24.5,14.22,94.3,9.53,363.17,23.09,90.23,16.05,23.09,90.23,25.52,65.54,13.43,37.74,39.52,16.28,363.17,3.1,1.9,1.02,3.15
2103.0,24.5,14.22,94.3,9.53,363.6,23.09,90.23,16.05,23.09,90.23,25.52,65.54,13.43,37.74,39.52,16.28,363.6,3.1,1.9,1.02,3.15
2104.0,24.5,14.2,94.44,9.53,364.63,23.09,90.18,16.05,23.09,90.18,25.5,65.54,13.42,37.74,39.64,16.33,364.63,3.11,1.9,1.0,3.14
2105.0,24.5,14.2,94.44,9.53,368.08,23.09,90.18,16.05,23.09,90.18,25.5,65.54,13.42,37.74,39.64,16.33,368.08,3.14,1.94,1.0,3.14
2106.0,24.5,14.2,94.44,9.53,367.55,23.09,90.18,16.05,23.09,90.18,25.5,65.54,13.42,37.74,39.64,16.33,367.55,3.14,1.94,0.99,3.14
2107.0,24.5,14.19,94.35,9.52,365.53,23.1,90.13,16.04,23.1,90.13,25.48,65.78,13.46,37.75,39.81,16.41,365.53,3.12,1.95,0.99,3.13
2108.0,24.5,14.19,94.35,9.52,365.49,23.1,90.13,16.04,23.1,90.13,25.48,65.78,13.46,37.75,39.81,16.41,365.49,3.12,1.95,1.0,3.13
2109.0,24.5,14.19,94.35,9.52,365.96,23.1,90.13,16.04,23.1,90.13,25.48,65.78,13.46,37.75,39.81,16.41,365.96,3.13,1.95,1.0,3.13
2110.0,24.5,14.18,94.16,9.49,367.46,23.1,90.1,16.04,23.1,90.1,25.52,66.02,13.53,37.75,40,16.49,367.46,3.14,1.96,1.02,3.12
2111.0,24.5,14.18,94.16,9.49,368.13,23.1,90.1,16.04,23.1,90.1,25.52,66.02,13.53,37.75,40,16.49,368.13,3.16,1.99,1.02,3.12
2112.0,24.5,14.18,94.16,9.49,366.68,23.1,90.1,16.04,23.1,90.1,25.52,66.02,13.53,37.75,40,16.49,366.68,3.14,1.98,0.99,3.12
2113.0,24.48,14.16,94.14,9.47,365.64,23.1,90.08,16.04,23.1,90.08,25.59,66.11,13.61,37.74,40.13,16.53,365.64,3.14,1.98,0.99,3.1
2114.0,24.48,14.16,94.14,9.47,366.68,23.1,90.08,16.04,23.1,90.08,25.59,66.11,13.61,37.74,40.13,16.53,366.68,3.15,1.99,0.98,3.1
2115.0,24.48,14.16,94.14,9.47,367.1,23.1,90.08,16.04,23.1,90.08,25.59,66.11,13.61,37.74,40.13,16.53,367.1,3.16,2.0,0.98,3.1
2116.0,24.44,14.17,93.82,9.45,365.01,23.1,90.09,16.04,23.1,90.09,25.64,66.38,13.71,37.73,40.22,16.57,365.01,3.14,1.99,0.99,3.11
2117.0,24.44,14.17,93.82,9.45,362.68,23.1,90.09,16.04,23.1,90.09,25.64,66.38,13.71,37.73,40.22,16.57,362.68,3.12,1.98,0.99,3.11
2118.0,24.44,14.17,93.82,9.45,361.23,23.1,90.09,16.04,23.1,90.09,25.64,66.38,13.71,37.73,40.22,16.57,361.23,3.11,1.97,0.97,3.11
2119.0,24.45,14.16,93.77,9.44,361.56,23.11,90.09,16.05,23.11,90.09,25.77,66.12,13.76,37.74,40.3,16.61,361.56,3.11,1.98,0.97,3.1
2120.0,24.45,14.16,93.77,9.44,363.78,23.11,90.09,16.05,23.11,90.09,25.77,66.12,13.76,37.74,40.3,16.61,363.78,3.14,2.0,0.98,3.1
2121.0,24.45,14.16,93.77,9.44,364.45,23.11,90.09,16.05,23.11,90.09,25.77,66.12,13.76,37.74,40.3,16.61,364.45,3.15,2.0,0.98,3.1
2122.0,24.44,14.2,93.29,9.41,364.57,23.11,90.12,16.06,23.11,90.12,25.96,65.66,13.83,37.72,40.34,16.61,364.57,3.15,2.0,0.96,3.11
2123.0,24.44,14.2,93.29,9.41,366.23,23.11,90.12,16.06,23.11,90.12,25.96,65.66,13.83,37.72,40.34,16.61,366.23,3.17,2.01,0.96,3.11
2124.0,24.44,14.2,93.29,9.41,367.74,23.11,90.12,16.06,23.11,90.12,25.96,65.66,13.83,37.72,40.34,16.61,367.74,3.18,2.02,0.99,3.11
2125.0,24.44,14.21,93.11,9.4,367.59,23.12,90.13,16.07,23.12,90.13,26.12,65.57,13.94,37.73,40.32,16.61,367.59,3.19,2.01,0.99,3.12
2126.0,24.44,14.21,93.11,9.4,367.05,23.12,90.13,16.07,23.12,90.13,26.12,65.57,13.94,37.73,40.32,16.61,367.05,3.18,2.01,0.99,3.12
2127.0,24.44,14.21,93.11,9.4,365.9,23.12,90.13,16.07,23.12,90.13,26.12,65.57,13.94,37.73,40.32,16.61,365.9,3.17,2.0,0.99,3.12
2128.0,24.47,14.22,93.07,9.4,366.54,23.12,90.2,16.08,23.12,90.2,26.13,66.14,14.07,37.72,40.27,16.58,366.54,3.18,2.01,0.99,3.12
2129.0,24.47,14.22,93.07,9.4,369.79,23.12,90.2,16.08,23.12,90.2,26.13,66.14,14.07,37.72,40.27,16.58,369.79,3.21,2.01,0.99,3.12
2130.0,24.47,14.22,93.07,9.4,367.12,23.12,90.2,16.08,23.12,90.2,26.13,66.14,14.07,37.72,40.27,16.58,367.12,3.18,2.0,0.98,3.12
2131.0,24.49,14.24,92.93,9.4,358.54,23.12,90.27,16.09,23.12,90.27,26.07,66.62,14.13,37.72,40.17,16.53,358.54,3.11,1.93,0.98,3.13
2132.0,24.49,14.24,92.93,9.4,354.29,23.12,90.27,16.09,23.12,90.27,26.07,66.62,14.13,37.72,40.17,16.53,354.29,3.07,1.91,1.0,3.13
2133.0,24.49,14.24,92.93,9.4,358.21,23.12,90.27,16.09,23.12,90.27,26.07,66.62,14.13,37.72,40.17,16.53,358.21,3.11,1.93,1.0,3.13
2134.0,24.5,14.27,92.8,9.41,359.39,23.12,90.35,16.1,23.12,90.35,26,67.03,14.15,37.72,40.06,16.49,359.39,3.12,1.94,1.01,3.15
2135.0,24.5,14.27,92.8,9.41,364.96,23.12,90.35,16.1,23.12,90.35,26,67.03,14.15,37.72,40.06,16.49,364.96,3.17,1.95,1.01,3.15
2136.0,24.5,14.27,92.8,9.41,368.16,23.12,90.35,16.1,23.12,90.35,26,67.03,14.15,37.72,40.06,16.49,368.16,3.19,1.97,1.01,3.14
2137.0,24.51,14.3,92.7,9.42,371.14,23.11,90.46,16.12,23.11,90.46,25.91,67.28,14.13,37.72,39.95,16.44,371.14,3.22,1.96,1.01,3.16
2138.0,24.51,14.3,92.7,9.42,370.35,23.11,90.46,16.12,23.11,90.46,25.91,67.28,14.13,37.72,39.95,16.44,370.35,3.21,1.96,1.0,3.16
2139.0,24.51,14.3,92.7,9.42,369.75,23.11,90.46,16.12,23.11,90.46,25.91,67.28,14.13,37.72,39.95,16.44,369.75,3.2,1.96,1.0,3.16
2140.0,24.51,14.33,92.67,9.43,369.73,23.1,90.52,16.12,23.1,90.52,25.83,67.36,14.08,37.71,39.91,16.42,369.73,3.2,1.96,1.02,3.18
2141.0,24.51,14.33,92.67,9.43,371.17,23.1,90.52,16.12,23.1,90.52,25.83,67.36,14.08,37.71,39.91,16.42,371.17,3.21,1.96,1.02,3.18
2142.0,24.51,14.33,92.67,9.43,371.74,23.1,90.52,16.12,23.1,90.52,25.83,67.36,14.08,37.71,39.91,16.42,371.74,3.21,1.96,1.02,3.18
2143.0,24.53,14.35,92.67,9.44,368.3,23.1,90.57,16.13,23.1,90.57,25.76,67.37,14.02,37.73,39.94,16.45,368.3,3.18,1.95,1.01,3.19
2144.0,24.53,14.35,92.67,9.44,366.47,23.1,90.57,16.13,23.1,90.57,25.76,67.37,14.02,37.73,39.94,16.45,366.47,3.16,1.94,1.01,3.19
2145.0,24.53,14.35,92.67,9.44,364.16,23.1,90.57,16.13,23.1,90.57,25.76,67.37,14.02,37.73,39.94,16.45,364.16,3.14,1.93,1.02,3.19
2146.0,24.53,14.36,92.67,9.45,361.52,23.1,90.59,16.13,23.1,90.59,25.73,67.09,13.94,37.74,39.99,16.48,361.52,3.12,1.91,1.02,3.2
2147.0,24.53,14.36,92.67,9.45,359.84,23.1,90.59,16.13,23.1,90.59,25.73,67.09,13.94,37.74,39.99,16.48,359.84,3.1,1.91,1.04,3.2
2148.0,24.53,14.36,92.67,9.45,360.75,23.1,90.59,16.13,23.1,90.59,25.73,67.09,13.94,37.74,39.99,16.48,360.75,3.11,1.92,1.04,3.2
2149.0,24.52,14.36,92.81,9.47,361.2,23.1,90.58,16.13,23.1,90.58,25.7,66.89,13.87,37.73,40.03,16.49,361.2,3.11,1.92,1.04,3.2
2150.0,24.52,14.36,92.81,9.47,365.02,23.1,90.58,16.13,23.1,90.58,25.7,66.89,13.87,37.73,40.03,16.49,365.02,3.14,1.94,1.04,3.2
2151.0,24.52,14.36,92.81,9.47,367.93,23.1,90.58,16.13,23.1,90.58,25.7,66.89,13.87,37.73,40.03,16.49,367.93,3.17,1.96,1.03,3.2
2152.0,24.5,14.35,92.96,9.48,374.66,23.1,90.61,16.13,23.1,90.61,25.66,66.78,13.81,37.73,40.07,16.5,374.66,3.22,2.0,1.03,3.2
2153.0,24.5,14.35,92.96,9.48,375.63,23.1,90.61,16.13,23.1,90.61,25.66,66.78,13.81,37.73,40.07,16.5,375.63,3.23,2.0,1.03,3.2
2154.0,24.5,14.35,92.96,9.48,373.57,23.1,90.61,16.13,23.1,90.61,25.66,66.78,13.81,37.73,40.07,16.5,373.57,3.21,1.99,1.03,3.2
2155.0,24.51,14.36,93.27,9.51,371.85,23.1,90.59,16.14,23.1,90.59,25.61,66.68,13.75,37.74,40.07,16.51,371.85,3.2,1.98,1.02,3.2
2156.0,24.51,14.36,93.27,9.51,371.09,23.1,90.59,16.14,23.1,90.59,25.61,66.68,13.75,37.74,40.07,16.51,371.09,3.18,1.98,1.02,3.2
2157.0,24.51,14.36,93.27,9.51,369.18,23.1,90.59,16.14,23.1,90.59,25.61,66.68,13.75,37.74,40.07,16.51,369.18,3.17,1.97,1.04,3.2
2158.0,24.5,14.34,93.28,9.5,367.37,23.1,90.61,16.14,23.1,90.61,25.59,66.42,13.68,37.73,40.06,16.5,367.37,3.16,1.96,1.04,3.2
2159.0,24.5,14.34,93.28,9.5,367.06,23.1,90.61,16.14,23.1,90.61,25.59,66.42,13.68,37.73,40.06,16.5,367.06,3.15,1.96,1.03,3.2
2160.0,24.5,14.34,93.28,9.5,367.06,23.1,90.61,16.14,23.1,90.61,25.59,66.42,13.68,37.73,40.06,16.5,367.06,3.15,1.96,1.03,3.2
2161.0,24.5,14.33,93.69,9.54,367.03,23.11,90.62,16.14,23.11,90.62,25.63,66.1,13.64,37.74,40.03,16.49,367.03,3.15,1.95,1.03,3.19
2162.0,24.5,14.33,93.69,9.54,367.14,23.11,90.62,16.14,23.11,90.62,25.63,66.1,13.64,37.74,40.03,16.49,367.14,3.15,1.95,1.03,3.19
2163.0,24.5,14.33,93.69,9.54,366.87,23.11,90.62,16.14,23.11,90.62,25.63,66.1,13.64,37.74,40.03,16.49,366.87,3.14,1.95,1.02,3.19
2164.0,24.47,14.31,93.89,9.54,366.69,23.1,90.63,16.14,23.1,90.63,25.65,65.93,13.62,37.71,39.98,16.45,366.69,3.14,1.94,1.02,3.18
2165.0,24.47,14.31,93.89,9.54,366.54,23.1,90.63,16.14,23.1,90.63,25.65,65.93,13.62,37.71,39.98,16.45,366.54,3.14,1.93,1.04,3.18
2166.0,24.47,14.31,93.89,9.54,367.73,23.1,90.63,16.14,23.1,90.63,25.65,65.93,13.62,37.71,39.98,16.45,367.73,3.15,1.94,1.04,3.18
2167.0,24.49,14.29,93.87,9.53,367.88,23.1,90.64,16.14,23.1,90.64,25.66,65.79,13.6,37.72,39.98,16.45,367.88,3.16,1.94,1.02,3.17
2168.0,24.49,14.29,93.87,9.53,365.38,23.1,90.64,16.14,23.1,90.64,25.66,65.79,13.6,37.72,39.98,16.45,365.38,3.14,1.93,1.02,3.17
2169.0,24.49,14.29,93.87,9.53,362.47,23.1,90.64,16.14,23.1,90.64,25.66,65.79,13.6,37.72,39.98,16.45,362.47,3.11,1.91,1.02,3.17
2170.0,24.48,14.29,93.91,9.53,360.52,23.09,90.68,16.14,23.09,90.68,25.62,65.86,13.59,37.7,39.99,16.44,360.52,3.09,1.9,1.02,3.17
2171.0,24.48,14.29,93.91,9.53,360.84,23.09,90.68,16.14,23.09,90.68,25.62,65.86,13.59,37.7,39.99,16.44,360.84,3.1,1.9,1.01,3.17
2172.0,24.48,14.29,93.91,9.53,361.3,23.09,90.68,16.14,23.09,90.68,25.62,65.86,13.59,37.7,39.99,16.44,361.3,3.1,1.9,1.01,3.17
2173.0,24.47,14.27,94.07,9.54,363.01,23.1,90.69,16.15,23.1,90.69,25.57,66.02,13.58,37.72,40.03,16.47,363.01,3.12,1.91,0.99,3.16
2174.0,24.47,14.27,94.07,9.54,367.24,23.1,90.69,16.15,23.1,90.69,25.57,66.02,13.58,37.72,40.03,16.47,367.24,3.15,1.94,0.99,3.16
2175.0,24.47,14.27,94.07,9.54,367.96,23.1,90.69,16.15,23.1,90.69,25.57,66.02,13.58,37.72,40.03,16.47,367.96,3.16,1.95,0.99,3.16
2176.0,24.48,14.26,93.93,9.52,368.7,23.1,90.68,16.14,23.1,90.68,25.52,66.09,13.55,37.72,40.08,16.49,368.7,3.18,1.96,0.99,3.15
2177.0,24.48,14.26,93.93,9.52,370.41,23.1,90.68,16.14,23.1,90.68,25.52,66.09,13.55,37.72,40.08,16.49,370.41,3.19,1.97,0.99,3.15
2178.0,24.48,14.26,93.93,9.52,372.1,23.1,90.68,16.14,23.1,90.68,25.52,66.09,13.55,37.72,40.08,16.49,372.1,3.2,1.98,1.01,3.15
2179.0,24.47,14.27,93.89,9.52,372.02,23.1,90.68,16.14,23.1,90.68,25.46,66.08,13.5,37.71,40.18,16.53,372.02,3.2,1.98,1.01,3.15
2180.0,24.47,14.27,93.89,9.52,367.9,23.1,90.68,16.14,23.1,90.68,25.46,66.08,13.5,37.71,40.18,16.53,367.9,3.17,1.97,1.01,3.15
2181.0,24.47,14.27,93.89,9.52,365.94,23.1,90.68,16.14,23.1,90.68,25.46,66.08,13.5,37.71,40.18,16.53,365.94,3.15,1.95,1.01,3.15
2182.0,24.48,14.27,93.72,9.5,364.37,23.1,90.67,16.14,23.1,90.67,25.42,66.04,13.46,37.71,40.28,16.57,364.37,3.14,1.96,0.99,3.15
2183.0,24.48,14.27,93.72,9.5,365.12,23.1,90.67,16.14,23.1,90.67,25.42,66.04,13.46,37.71,40.28,16.57,365.12,3.15,1.96,0.99,3.15
2184.0,24.48,14.27,93.72,9.5,366.24,23.1,90.67,16.14,23.1,90.67,25.42,66.04,13.46,37.71,40.28,16.57,366.24,3.16,1.97,1.01,3.15
2185.0,24.46,14.27,93.73,9.5,366.73,23.09,90.69,16.14,23.09,90.69,25.38,66.05,13.42,37.7,40.35,16.59,366.73,3.16,1.97,1.01,3.15
2186.0,24.46,14.27,93.73,9.5,366.52,23.09,90.69,16.14,23.09,90.69,25.38,66.05,13.42,37.7,40.35,16.59,366.52,3.16,1.98,0.99,3.15
2187.0,24.46,14.27,93.73,9.5,366.12,23.09,90.69,16.14,23.09,90.69,25.38,66.05,13.42,37.7,40.35,16.59,366.12,3.16,1.98,0.99,3.15
2188.0,24.45,14.27,93.64,9.5,368.75,23.09,90.7,16.14,23.09,90.7,25.39,65.83,13.39,37.7,40.34,16.59,368.75,3.18,1.99,0.99,3.15
2189.0,24.45,14.27,93.64,9.5,369.08,23.09,90.7,16.14,23.09,90.7,25.39,65.83,13.39,37.7,40.34,16.59,369.08,3.18,1.99,0.99,3.15
2190.0,24.45,14.27,93.64,9.5,365.53,23.09,90.7,16.14,23.09,90.7,25.39,65.83,13.39,37.7,40.34,16.59,365.53,3.15,1.97,1.0,3.15
2191.0,24.45,14.28,93.53,9.49,363.59,23.1,90.67,16.15,23.1,90.67,25.44,65.65,13.39,37.71,40.32,16.59,363.59,3.14,1.96,1.0,3.15
2192.0,24.45,14.28,93.53,9.49,363.94,23.1,90.67,16.15,23.1,90.67,25.44,65.65,13.39,37.71,40.32,16.59,363.94,3.14,1.96,0.99,3.15
2193.0,24.45,14.28,93.53,9.49,366.23,23.1,90.67,16.15,23.1,90.67,25.44,65.65,13.39,37.71,40.32,16.59,366.23,3.16,1.97,0.99,3.15
2194.0,24.43,14.27,93.49,9.48,373.32,23.1,90.69,16.15,23.1,90.69,25.49,65.6,13.42,37.69,40.32,16.57,373.32,3.23,2.0,1.01,3.15
2195.0,24.43,14.27,93.49,9.48,375.1,23.1,90.69,16.15,23.1,90.69,25.49,65.6,13.42,37.69,40.32,16.57,375.1,3.24,2.01,1.01,3.15
2196.0,24.43,14.27,93.49,9.48,376.46,23.1,90.69,16.15,23.1,90.69,25.49,65.6,13.42,37.69,40.32,16.57,376.46,3.25,2.02,1.0,3.15
2197.0,24.44,14.29,93.52,9.49,376.56,23.1,90.72,16.16,23.1,90.72,25.57,65.63,13.49,37.7,40.33,16.59,376.56,3.25,2.02,1.0,3.16
2198.0,24.44,14.29,93.52,9.49,373.33,23.1,90.72,16.16,23.1,90.72,25.57,65.63,13.49,37.7,40.33,16.59,373.33,3.23,2.01,1.02,3.16
2199.0,24.44,14.29,93.52,9.49,370.39,23.1,90.72,16.16,23.1,90.72,25.57,65.63,13.49,37.7,40.33,16.59,370.39,3.2,1.99,1.02,3.16
2200.0,24.46,14.3,93.5,9.5,368.04,23.1,90.75,16.16,23.1,90.75,25.62,65.77,13.56,37.7,40.34,16.59,368.04,3.18,1.98,1.0,3.17
2201.0,24.46,14.3,93.5,9.5,367.28,23.1,90.75,16.16,23.1,90.75,25.62,65.77,13.56,37.7,40.34,16.59,367.28,3.17,1.97,1.0,3.17
2202.0,24.46,14.3,93.5,9.5,364.06,23.1,90.75,16.16,23.1,90.75,25.62,65.77,13.56,37.7,40.34,16.59,364.06,3.14,1.96,1.01,3.16
2203.0,24.47,14.29,93.56,9.5,361.67,23.1,90.75,16.16,23.1,90.75,25.64,65.84,13.6,37.69,40.37,16.59,361.67,3.12,1.94,1.01,3.16
2204.0,24.47,14.29,93.56,9.5,360.91,23.1,90.75,16.16,23.1,90.75,25.64,65.84,13.6,37.69,40.37,16.59,360.91,3.11,1.94,1.01,3.16
2205.0,24.47,14.29,93.56,9.5,365.86,23.1,90.75,16.16,23.1,90.75,25.64,65.84,13.6,37.69,40.37,16.59,365.86,3.16,1.97,1.0,3.16
2206.0,24.5,14.3,93.48,9.49,367.84,23.11,90.76,16.17,23.11,90.76,25.64,66.02,13.63,37.71,40.35,16.6,367.84,3.18,1.98,1.0,3.16
2207.0,24.5,14.3,93.48,9.49,364.1,23.11,90.76,16.17,23.11,90.76,25.64,66.02,13.63,37.71,40.35,16.6,364.1,3.15,1.96,1.01,3.16
2208.0,24.5,14.3,93.48,9.49,363.79,23.11,90.76,16.17,23.11,90.76,25.64,66.02,13.63,37.71,40.35,16.6,363.79,3.14,1.96,1.01,3.16
2209.0,24.49,14.29,93.33,9.48,365.68,23.1,90.77,16.16,23.1,90.77,25.62,66.19,13.66,37.69,40.35,16.58,365.68,3.16,1.96,1.01,3.16
2210.0,24.49,14.29,93.33,9.48,363.94,23.1,90.77,16.16,23.1,90.77,25.62,66.19,13.66,37.69,40.35,16.58,363.94,3.15,1.95,1.01,3.16
2211.0,24.49,14.29,93.33,9.48,362.75,23.1,90.77,16.16,23.1,90.77,25.62,66.19,13.66,37.69,40.35,16.58,362.75,3.14,1.95,1.01,3.16
2212.0,24.5,14.3,93.32,9.48,362.64,23.1,90.82,16.17,23.1,90.82,25.6,66.35,13.67,37.69,40.33,16.58,362.64,3.14,1.94,1.01,3.17
2213.0,24.5,14.3,93.32,9.48,365.04,23.1,90.82,16.17,23.1,90.82,25.6,66.35,13.67,37.69,40.33,16.58,365.04,3.16,1.95,1.01,3.17
2214.0,24.5,14.3,93.32,9.48,365.52,23.1,90.82,16.17,23.1,90.82,25.6,66.35,13.67,37.69,40.33,16.58,365.52,3.16,1.96,1.01,3.17
2215.0,24.5,14.3,93.24,9.47,366.18,23.1,90.81,16.17,23.1,90.81,25.58,66.41,13.67,37.7,40.37,16.6,366.18,3.17,1.97,1.03,3.17
2216.0,24.5,14.3,93.24,9.47,365.92,23.1,90.81,16.17,23.1,90.81,25.58,66.41,13.67,37.7,40.37,16.6,365.92,3.17,1.97,1.03,3.17
2217.0,24.5,14.3,93.24,9.47,362.98,23.1,90.81,16.17,23.1,90.81,25.58,66.41,13.67,37.7,40.37,16.6,362.98,3.14,1.95,1.02,3.17
2218.0,24.51,14.34,93.09,9.48,361.76,23.11,90.82,16.18,23.11,90.82,25.56,66.5,13.67,37.72,40.38,16.62,361.76,3.13,1.94,1.02,3.19
2219.0,24.51,14.34,93.09,9.48,360.91,23.11,90.82,16.18,23.11,90.82,25.56,66.5,13.67,37.72,40.38,16.62,360.91,3.12,1.95,1.02,3.19
2220.0,24.51,14.34,93.09,9.48,361.4,23.11,90.82,16.18,23.11,90.82,25.56,66.5,13.67,37.72,40.38,16.62,361.4,3.13,1.95,1.02,3.19
2221.0,24.48,14.35,92.98,9.48,368.6,23.11,90.83,16.19,23.11,90.83,25.53,66.55,13.65,37.73,40.4,16.64,368.6,3.19,1.99,1.01,3.19
2222.0,24.48,14.35,92.98,9.48,367.16,23.11,90.83,16.19,23.11,90.83,25.53,66.55,13.65,37.73,40.4,16.64,367.16,3.18,1.99,1.03,3.2
2223.0,24.48,14.35,92.98,9.48,363.56,23.11,90.83,16.19,23.11,90.83,25.53,66.55,13.65,37.73,40.4,16.64,363.56,3.15,1.97,1.03,3.2
2224.0,24.45,14.33,93.37,9.51,364.52,23.12,90.82,16.19,23.12,90.82,25.49,66.56,13.62,37.73,40.45,16.66,364.52,3.15,1.98,1.04,3.19
2225.0,24.45,14.33,93.37,9.51,363.96,23.12,90.82,16.19,23.12,90.82,25.49,66.56,13.62,37.73,40.45,16.66,363.96,3.15,1.97,1.04,3.19
2226.0,24.45,14.33,93.37,9.51,360.16,23.12,90.82,16.19,23.12,90.82,25.49,66.56,13.62,37.73,40.45,16.66,360.16,3.11,1.95,1.03,3.19
2227.0,24.45,14.31,93.58,9.51,358.8,23.11,90.84,16.18,23.11,90.84,25.5,66.18,13.56,37.71,40.48,16.66,358.8,3.1,1.94,1.03,3.18
2228.0,24.45,14.31,93.58,9.51,358.39,23.11,90.84,16.18,23.11,90.84,25.5,66.18,13.56,37.71,40.48,16.66,358.39,3.09,1.94,1.02,3.18
2229.0,24.45,14.31,93.58,9.51,360.65,23.11,90.84,16.18,23.11,90.84,25.5,66.18,13.56,37.71,40.48,16.66,360.65,3.11,1.95,1.02,3.18
2230.0,24.45,14.32,93.51,9.51,361.45,23.12,90.86,16.2,23.12,90.86,25.59,65.69,13.52,37.73,40.48,16.68,361.45,3.12,1.96,1.02,3.18
2231.0,24.45,14.32,93.51,9.51,361.91,23.12,90.86,16.2,23.12,90.86,25.59,65.69,13.52,37.73,40.48,16.68,361.91,3.13,1.96,1.02,3.18
2232.0,24.45,14.32,93.51,9.51,361.54,23.12,90.86,16.2,23.12,90.86,25.59,65.69,13.52,37.73,40.48,16.68,361.54,3.13,1.96,1.03,3.18
2233.0,24.44,14.32,93.75,9.54,360.49,23.12,90.85,16.2,23.12,90.85,25.6,65.81,13.56,37.73,40.46,16.66,360.49,3.11,1.95,1.03,3.18
2234.0,24.44,14.32,93.75,9.54,360.63,23.12,90.85,16.2,23.12,90.85,25.6,65.81,13.56,37.73,40.46,16.66,360.63,3.11,1.95,1.01,3.18
2235.0,24.44,14.32,93.75,9.54,361.38,23.12,90.85,16.2,23.12,90.85,25.6,65.81,13.56,37.73,40.46,16.66,361.38,3.12,1.96,1.01,3.18
2236.0,24.42,14.31,93.8,9.54,361.47,23.11,90.9,16.2,23.11,90.9,25.6,65.91,13.58,37.72,40.41,16.64,361.47,3.12,1.95,1.0,3.18
2237.0,24.42,14.31,93.8,9.54,364.06,23.11,90.9,16.2,23.11,90.9,25.6,65.91,13.58,37.72,40.41,16.64,364.06,3.14,1.96,1.0,3.18
2238.0,24.42,14.31,93.8,9.54,364.62,23.11,90.9,16.2,23.11,90.9,25.6,65.91,13.58,37.72,40.41,16.64,364.62,3.15,1.96,1.02,3.18
2239.0,24.42,14.3,93.6,9.51,366.71,23.11,90.97,16.21,23.11,90.97,25.6,65.94,13.59,37.71,40.32,16.59,366.71,3.18,1.96,1.03,3.17
2240.0,24.42,14.3,93.6,9.51,368.57,23.11,90.97,16.21,23.11,90.97,25.6,65.94,13.59,37.71,40.32,16.59,368.57,3.19,1.97,1.03,3.17
2241.0,24.42,14.3,93.6,9.51,369.78,23.11,90.97,16.21,23.11,90.97,25.6,65.94,13.59,37.71,40.32,16.59,369.78,3.2,1.97,1.03,3.17
2242.0,24.42,14.28,93.79,9.52,369.72,23.1,91.02,16.21,23.1,91.02,25.58,65.93,13.57,37.7,40.23,16.54,369.72,3.2,1.97,1.03,3.16
2243.0,24.42,14.28,93.79,9.52,369.51,23.1,91.02,16.21,23.1,91.02,25.58,65.93,13.57,37.7,40.23,16.54,369.51,3.2,1.96,1.03,3.16
2244.0,24.42,14.28,93.79,9.52,370.78,23.1,91.02,16.21,23.1,91.02,25.58,65.93,13.57,37.7,40.23,16.54,370.78,3.21,1.96,1.01,3.16
2245.0,24.43,14.3,93.56,9.51,371.8,23.1,91.04,16.21,23.1,91.04,25.55,65.95,13.55,37.72,40.13,16.51,371.8,3.22,1.96,1.01,3.17
2246.0,24.43,14.3,93.56,9.51,374.51,23.1,91.04,16.21,23.1,91.04,25.55,65.95,13.55,37.72,40.13,16.51,374.51,3.25,1.97,1.0,3.17
2247.0,24.43,14.3,93.56,9.51,374.37,23.1,91.04,16.21,23.1,91.04,25.55,65.95,13.55,37.72,40.13,16.51,374.37,3.24,1.97,1.0,3.17
2248.0,24.42,14.27,93.9,9.52,372.43,23.09,91.08,16.21,23.09,91.08,25.5,65.98,13.51,37.7,40.06,16.47,372.43,3.23,1.96,1.02,3.16
2249.0,24.42,14.27,93.9,9.52,371.24,23.09,91.08,16.21,23.09,91.08,25.5,65.98,13.51,37.7,40.06,16.47,371.24,3.21,1.94,1.02,3.16
2250.0,24.42,14.27,93.9,9.52,372.46,23.09,91.08,16.21,23.09,91.08,25.5,65.98,13.51,37.7,40.06,16.47,372.46,3.22,1.95,1.0,3.16
2251.0,24.39,14.31,93.37,9.49,375.02,23.09,91.08,16.21,23.09,91.08,25.45,66,13.48,37.71,40.02,16.46,375.02,3.25,1.96,1.0,3.17
2252.0,24.39,14.31,93.37,9.49,373.65,23.09,91.08,16.21,23.09,91.08,25.45,66,13.48,37.71,40.02,16.46,373.65,3.24,1.96,0.99,3.17
2253.0,24.39,14.31,93.37,9.49,371.59,23.09,91.08,16.21,23.09,91.08,25.45,66,13.48,37.71,40.02,16.46,371.59,3.22,1.95,0.99,3.17
2254.0,24.39,14.3,93.54,9.5,370.72,23.09,91.06,16.2,23.09,91.06,25.41,66,13.44,37.72,40.02,16.47,370.72,3.22,1.94,1.01,3.17
2255.0,24.39,14.3,93.54,9.5,371.79,23.09,91.06,16.2,23.09,91.06,25.41,66,13.44,37.72,40.02,16.47,371.79,3.22,1.95,1.03,3.17
2256.0,24.39,14.3,93.54,9.5,372.4,23.09,91.06,16.2,23.09,91.06,25.41,66,13.44,37.72,40.02,16.47,372.4,3.23,1.95,1.03,3.17
2257.0,24.4,14.29,93.7,9.51,376.7,23.09,91.06,16.2,23.09,91.06,25.37,65.92,13.39,37.73,40.07,16.5,376.7,3.26,1.99,1.0,3.17
2258.0,24.4,14.29,93.7,9.51,377.27,23.09,91.06,16.2,23.09,91.06,25.37,65.92,13.39,37.73,40.07,16.5,377.27,3.26,1.99,1.0,3.16
2259.0,24.4,14.29,93.7,9.51,373.59,23.09,91.06,16.2,23.09,91.06,25.37,65.92,13.39,37.73,40.07,16.5,373.59,3.23,1.97,1.02,3.16
2260.0,24.42,14.31,93.42,9.5,372.59,23.09,91.05,16.2,23.09,91.05,25.34,65.9,13.37,37.74,40.1,16.52,372.59,3.22,1.97,1.02,3.18
2261.0,24.42,14.31,93.42,9.5,373.99,23.09,91.05,16.2,23.09,91.05,25.34,65.9,13.37,37.74,40.1,16.52,373.99,3.24,1.98,1.0,3.18
2262.0,24.42,14.31,93.42,9.5,375.88,23.09,91.05,16.2,23.09,91.05,25.34,65.9,13.37,37.74,40.1,16.52,375.88,3.25,1.99,1.0,3.18
2263.0,24.43,14.28,93.77,9.52,374.65,23.09,91.02,16.2,23.09,91.02,25.32,65.75,13.32,37.75,40.06,16.52,374.65,3.24,1.99,1.01,3.16
2264.0,24.43,14.28,93.77,9.52,373.82,23.09,91.02,16.2,23.09,91.02,25.32,65.75,13.32,37.75,40.06,16.52,373.82,3.23,1.98,1.01,3.16
2265.0,24.43,14.28,93.77,9.52,370.64,23.09,91.02,16.2,23.09,91.02,25.32,65.75,13.32,37.75,40.06,16.52,370.64,3.21,1.97,1.01,3.16
2266.0,24.41,14.29,93.77,9.52,368.84,23.08,91.04,16.19,23.08,91.04,25.31,65.67,13.29,37.75,40.02,16.49,368.84,3.19,1.96,1.01,3.16
2267.0,24.41,14.29,93.77,9.52,367.8,23.08,91.04,16.19,23.08,91.04,25.31,65.67,13.29,37.75,40.02,16.49,367.8,3.18,1.95,1.0,3.16
2268.0,24.41,14.29,93.77,9.52,367.37,23.08,91.04,16.19,23.08,91.04,25.31,65.67,13.29,37.75,40.02,16.49,367.37,3.17,1.94,1.0,3.16
2269.0,24.41,14.29,93.64,9.51,367.05,23.07,91.06,16.19,23.07,91.06,25.31,65.53,13.26,37.74,39.97,16.47,367.05,3.17,1.94,1.0,3.16
2270.0,24.41,14.29,93.64,9.51,367.11,23.07,91.06,16.19,23.07,91.06,25.31,65.53,13.26,37.74,39.97,16.47,367.11,3.17,1.94,1.0,3.16
2271.0,24.41,14.29,93.64,9.51,367.7,23.07,91.06,16.19,23.07,91.06,25.31,65.53,13.26,37.74,39.97,16.47,367.7,3.18,1.94,0.98,3.16
2272.0,24.41,14.3,93.46,9.49,367.12,23.07,91.08,16.19,23.07,91.08,25.32,65.3,13.22,37.76,39.96,16.48,367.12,3.17,1.94,0.98,3.17
2273.0,24.41,14.3,93.46,9.49,367.1,23.07,91.08,16.19,23.07,91.08,25.32,65.3,13.22,37.76,39.96,16.48,367.1,3.17,1.94,1.0,3.17
2274.0,24.41,14.3,93.46,9.49,366.8,23.07,91.08,16.19,23.07,91.08,25.32,65.3,13.22,37.76,39.96,16.48,366.8,3.17,1.94,1.03,3.17
2275.0,24.41,14.28,93.59,9.49,367.12,23.06,91.11,16.19,23.06,91.11,25.34,65.2,13.22,37.77,39.97,16.5,367.12,3.18,1.95,1.03,3.15
2276.0,24.41,14.28,93.59,9.49,367.13,23.06,91.11,16.19,23.06,91.11,25.34,65.2,13.22,37.77,39.97,16.5,367.13,3.18,1.95,1.0,3.15
2277.0,24.41,14.28,93.59,9.49,367.06,23.06,91.11,16.19,23.06,91.11,25.34,65.2,13.22,37.77,39.97,16.5,367.06,3.18,1.95,1.0,3.15
2278.0,24.4,14.27,93.63,9.5,367.64,23.06,91.1,16.18,23.06,91.1,25.34,65.22,13.22,37.76,39.98,16.49,367.64,3.18,1.95,1.01,3.15
2279.0,24.4,14.27,93.63,9.5,370.71,23.06,91.1,16.18,23.06,91.1,25.34,65.22,13.22,37.76,39.98,16.49,370.71,3.2,1.97,1.01,3.15
2280.0,24.4,14.27,93.63,9.5,371.47,23.06,91.1,16.18,23.06,91.1,25.34,65.22,13.22,37.76,39.98,16.49,371.47,3.21,1.97,1.03,3.15
2281.0,24.4,14.26,93.78,9.5,370.94,23.06,91.08,16.18,23.06,91.08,25.38,65.08,13.22,37.76,39.97,16.49,370.94,3.21,1.97,1.03,3.14
2282.0,24.4,14.26,93.78,9.5,370.78,23.06,91.08,16.18,23.06,91.08,25.38,65.08,13.22,37.76,39.97,16.49,370.78,3.2,1.97,1.0,3.14
2283.0,24.4,14.26,93.78,9.5,371.2,23.06,91.08,16.18,23.06,91.08,25.38,65.08,13.22,37.76,39.97,16.49,371.2,3.21,1.97,1.0,3.14
2284.0,24.42,14.25,93.8,9.5,371.26,23.06,91.07,16.18,23.06,91.07,25.38,65.31,13.27,37.78,39.94,16.49,371.26,3.21,1.97,1.01,3.14
2285.0,24.42,14.25,93.8,9.5,370.57,23.06,91.07,16.18,23.06,91.07,25.38,65.31,13.27,37.78,39.94,16.49,370.57,3.2,1.97,1.01,3.14
2286.0,24.42,14.25,93.8,9.5,370.34,23.06,91.07,16.18,23.06,91.07,25.38,65.31,13.27,37.78,39.94,16.49,370.34,3.2,1.97,1.01,3.14
2287.0,24.42,14.25,93.72,9.49,369.9,23.06,91.07,16.18,23.06,91.07,25.42,65.35,13.31,37.77,39.91,16.47,369.9,3.2,1.96,1.01,3.13
2288.0,24.42,14.25,93.72,9.49,369.68,23.06,91.07,16.18,23.06,91.07,25.42,65.35,13.31,37.77,39.91,16.47,369.68,3.2,1.96,1.02,3.13
2289.0,24.42,14.25,93.72,9.49,369.2,23.06,91.07,16.18,23.06,91.07,25.42,65.35,13.31,37.77,39.91,16.47,369.2,3.2,1.96,1.02,3.13
2290.0,24.43,14.23,93.94,9.5,368.74,23.06,91.07,16.17,23.06,91.07,25.52,65.15,13.35,37.76,39.89,16.45,368.74,3.19,1.95,1.0,3.12
2291.0,24.43,14.23,93.94,9.5,368.33,23.06,91.07,16.17,23.06,91.07,25.52,65.15,13.35,37.76,39.89,16.45,368.33,3.19,1.95,1.0,3.12
2292.0,24.43,14.23,93.94,9.5,368.23,23.06,91.07,16.17,23.06,91.07,25.52,65.15,13.35,37.76,39.89,16.45,368.23,3.18,1.95,1.01,3.12
2293.0,24.46,14.24,93.63,9.48,368.56,23.06,91.05,16.17,23.06,91.05,25.56,65.45,13.45,37.76,39.85,16.43,368.56,3.19,1.94,1.01,3.13
2294.0,24.46,14.24,93.63,9.48,368.07,23.06,91.05,16.17,23.06,91.05,25.56,65.45,13.45,37.76,39.85,16.43,368.07,3.19,1.94,1.02,3.13
2295.0,24.46,14.24,93.63,9.48,365.66,23.06,91.05,16.17,23.06,91.05,25.56,65.45,13.45,37.76,39.85,16.43,365.66,3.17,1.92,1.02,3.13
2296.0,24.47,14.25,93.64,9.48,364.13,23.06,91.06,16.17,23.06,91.06,25.56,65.92,13.54,37.76,39.81,16.41,364.13,3.15,1.92,0.99,3.13
2297.0,24.47,14.25,93.64,9.48,358.85,23.06,91.06,16.17,23.06,91.06,25.56,65.92,13.54,37.76,39.81,16.41,358.85,3.11,1.88,0.99,3.13
2298.0,24.47,14.25,93.64,9.48,356.62,23.06,91.06,16.17,23.06,91.06,25.56,65.92,13.54,37.76,39.81,16.41,356.62,3.09,1.87,0.99,3.13
2299.0,24.49,14.24,93.67,9.48,356.79,23.05,91.07,16.17,23.05,91.07,25.53,66.19,13.58,37.75,39.8,16.41,356.79,3.09,1.87,0.99,3.13
2300.0,24.49,14.24,93.67,9.48,362.17,23.05,91.07,16.17,23.05,91.07,25.53,66.19,13.58,37.75,39.8,16.41,362.17,3.14,1.9,1.0,3.13
2301.0,24.49,14.24,93.67,9.48,363.97,23.05,91.07,16.17,23.05,91.07,25.53,66.19,13.58,37.75,39.8,16.41,363.97,3.15,1.91,1.0,3.13
2302.0,24.49,14.25,93.41,9.46,366.07,23.05,91.08,16.17,23.05,91.08,25.49,66.32,13.58,37.75,39.79,16.4,366.07,3.17,1.92,1.0,3.13
2303.0,24.49,14.25,93.41,9.46,370.07,23.05,91.08,16.17,23.05,91.08,25.49,66.32,13.58,37.75,39.79,16.4,370.07,3.21,1.94,1.0,3.13
2304.0,24.49,14.25,93.41,9.46,369.57,23.05,91.08,16.17,23.05,91.08,25.49,66.32,13.58,37.75,39.79,16.4,369.57,3.2,1.94,1.02,3.13
2305.0,24.47,14.26,93.35,9.46,366.6,23.05,91.06,16.16,23.05,91.06,25.46,66.35,13.56,37.76,39.82,16.42,366.6,3.18,1.93,1.02,3.13
2306.0,24.47,14.26,93.35,9.46,364.66,23.05,91.06,16.16,23.05,91.06,25.46,66.35,13.56,37.76,39.82,16.42,364.66,3.16,1.92,1.01,3.13
2307.0,24.47,14.26,93.35,9.46,363.18,23.05,91.06,16.16,23.05,91.06,25.46,66.35,13.56,37.76,39.82,16.42,363.18,3.15,1.91,1.01,3.13
2308.0,24.47,14.27,93.33,9.46,363.7,23.05,91.04,16.16,23.05,91.04,25.56,65.65,13.49,37.76,39.89,16.45,363.7,3.15,1.91,1.01,3.14
2309.0,24.47,14.27,93.33,9.46,364.65,23.05,91.04,16.16,23.05,91.04,25.56,65.65,13.49,37.76,39.89,16.45,364.65,3.15,1.93,1.01,3.14
2310.0,24.47,14.27,93.33,9.46,365.42,23.05,91.04,16.16,23.05,91.04,25.56,65.65,13.49,37.76,39.89,16.45,365.42,3.16,1.94,1.02,3.14
2311.0,24.46,14.31,92.91,9.44,366.38,23.05,90.99,16.15,23.05,90.99,25.8,64.55,13.45,37.76,39.95,16.48,366.38,3.17,1.95,1.02,3.16
2312.0,24.46,14.31,92.91,9.44,366.52,23.05,90.99,16.15,23.05,90.99,25.8,64.55,13.45,37.76,39.95,16.48,366.52,3.17,1.95,1.01,3.16
2313.0,24.46,14.31,92.91,9.44,365.82,23.05,90.99,16.15,23.05,90.99,25.8,64.55,13.45,37.76,39.95,16.48,365.82,3.17,1.95,1.01,3.16
2314.0,24.47,14.29,93.2,9.46,366.91,23.05,90.96,16.15,23.05,90.96,25.9,64.49,13.53,37.77,40.01,16.51,366.91,3.17,1.96,1.03,3.15
2315.0,24.47,14.29,93.2,9.46,369.56,23.05,90.96,16.15,23.05,90.96,25.9,64.49,13.53,37.77,40.01,16.51,369.56,3.19,1.98,1.03,3.15
2316.0,24.47,14.29,93.2,9.46,371.94,23.05,90.96,16.15,23.05,90.96,25.9,64.49,13.53,37.77,40.01,16.51,371.94,3.21,1.99,1.02,3.15
2317.0,24.45,14.3,93.28,9.47,369.66,23.06,90.93,16.15,23.06,90.93,25.99,64.45,13.59,37.77,40.02,16.52,369.66,3.19,1.98,1.02,3.15
2318.0,24.45,14.3,93.28,9.47,367.81,23.06,90.93,16.15,23.06,90.93,25.99,64.45,13.59,37.77,40.02,16.52,367.81,3.17,1.97,1.0,3.15
2319.0,24.45,14.3,93.28,9.47,366.87,23.06,90.93,16.15,23.06,90.93,25.99,64.45,13.59,37.77,40.02,16.52,366.87,3.17,1.97,1.0,3.15
2320.0,24.45,14.31,93.04,9.45,366.29,23.06,90.93,16.15,23.06,90.93,25.97,64.9,13.67,37.75,40.03,16.51,366.29,3.16,1.96,1.04,3.16
2321.0,24.45,14.31,93.04,9.45,365.67,23.06,90.93,16.15,23.06,90.93,25.97,64.9,13.67,37.75,40.03,16.51,365.67,3.16,1.96,1.04,3.16
2322.0,24.45,14.31,93.04,9.45,367.26,23.06,90.93,16.15,23.06,90.93,25.97,64.9,13.67,37.75,40.03,16.51,367.26,3.17,1.96,1.04,3.16
2323.0,24.45,14.3,93.4,9.49,368.74,23.07,90.94,16.16,23.07,90.94,26.04,64.61,13.67,37.77,40.02,16.51,368.74,3.18,1.97,1.02,3.16
2324.0,24.45,14.3,93.4,9.49,367.33,23.07,90.94,16.16,23.07,90.94,26.04,64.61,13.67,37.77,40.02,16.51,367.33,3.17,1.96,1.02,3.16
2325.0,24.45,14.3,93.4,9.49,365.49,23.07,90.94,16.16,23.07,90.94,26.04,64.61,13.67,37.77,40.02,16.51,365.49,3.15,1.95,1.03,3.16
2326.0,24.45,14.3,93.38,9.49,363.99,23.06,90.93,16.16,23.06,90.93,26.09,64.56,13.7,37.76,39.98,16.49,363.99,3.14,1.95,1.03,3.15
2327.0,24.45,14.3,93.38,9.49,363.94,23.06,90.93,16.16,23.06,90.93,26.09,64.56,13.7,37.76,39.98,16.49,363.94,3.14,1.94,1.03,3.15
2328.0,24.45,14.3,93.38,9.49,366.25,23.06,90.93,16.16,23.06,90.93,26.09,64.56,13.7,37.76,39.98,16.49,366.25,3.16,1.95,1.03,3.15
2329.0,24.43,14.31,93.25,9.48,367.78,23.07,90.95,16.16,23.07,90.95,26.07,64.91,13.75,37.76,39.87,16.44,367.78,3.17,1.94,1.05,3.16
2330.0,24.43,14.31,93.25,9.48,368.33,23.07,90.95,16.16,23.07,90.95,26.07,64.91,13.75,37.76,39.87,16.44,368.33,3.18,1.95,1.05,3.16
2331.0,24.43,14.31,93.25,9.48,365.25,23.07,90.95,16.16,23.07,90.95,26.07,64.91,13.75,37.76,39.87,16.44,365.25,3.15,1.93,1.04,3.16
2332.0,24.44,14.32,93.36,9.5,366.96,23.07,90.96,16.16,23.07,90.96,26,65.31,13.78,37.76,39.75,16.39,366.96,3.17,1.94,1.04,3.16
2333.0,24.44,14.32,93.36,9.5,369.22,23.07,90.96,16.16,23.07,90.96,26,65.31,13.78,37.76,39.75,16.39,369.22,3.18,1.93,1.03,3.16
2334.0,24.44,14.32,93.36,9.5,371.83,23.07,90.96,16.16,23.07,90.96,26,65.31,13.78,37.76,39.75,16.39,371.83,3.2,1.95,1.03,3.16
2335.0,24.45,14.32,93.36,9.5,371.96,23.06,91.01,16.17,23.06,91.01,25.91,65.62,13.77,37.76,39.62,16.34,371.96,3.2,1.93,1.06,3.17
2336.0,24.45,14.32,93.36,9.5,371.65,23.06,91.01,16.17,23.06,91.01,25.91,65.62,13.77,37.76,39.62,16.34,371.65,3.2,1.93,1.06,3.17
2337.0,24.45,14.32,93.36,9.5,370.49,23.06,91.01,16.17,23.06,91.01,25.91,65.62,13.77,37.76,39.62,16.34,370.49,3.19,1.92,1.04,3.17
2338.0,24.45,14.36,93.13,9.5,372.47,23.05,91.06,16.17,23.05,91.06,25.82,65.84,13.75,37.76,39.49,16.28,372.47,3.2,1.92,1.04,3.19
2339.0,24.45,14.36,93.13,9.5,374.27,23.05,91.06,16.17,23.05,91.06,25.82,65.84,13.75,37.76,39.49,16.28,374.27,3.22,1.92,1.05,3.19
2340.0,24.45,14.36,93.13,9.5,375.11,23.05,91.06,16.17,23.05,91.06,25.82,65.84,13.75,37.76,39.49,16.28,375.11,3.23,1.93,1.07,3.19
2341.0,24.44,14.34,93.41,9.51,375.12,23.05,91.05,16.16,23.05,91.05,25.76,65.89,13.71,37.76,39.37,16.23,375.12,3.22,1.91,1.07,3.18
2342.0,24.44,14.34,93.41,9.51,373.78,23.05,91.05,16.16,23.05,91.05,25.76,65.89,13.71,37.76,39.37,16.23,373.78,3.21,1.91,1.05,3.18
2343.0,24.44,14.34,93.41,9.51,371.55,23.05,91.05,16.16,23.05,91.05,25.76,65.89,13.71,37.76,39.37,16.23,371.55,3.19,1.9,1.05,3.18
2344.0,24.44,14.34,93.5,9.53,370.56,23.05,91.06,16.16,23.05,91.06,25.69,66.04,13.68,37.77,39.27,16.2,370.56,3.18,1.89,1.04,3.18
2345.0,24.44,14.34,93.5,9.53,370.37,23.05,91.06,16.16,23.05,91.06,25.69,66.04,13.68,37.77,39.27,16.2,370.37,3.18,1.88,1.04,3.18
2346.0,24.44,14.34,93.5,9.53,370.61,23.05,91.06,16.16,23.05,91.06,25.69,66.04,13.68,37.77,39.27,16.2,370.61,3.18,1.88,1.07,3.18
2347.0,24.44,14.35,93.24,9.5,373.62,23.04,91.05,16.15,23.04,91.05,25.61,66.17,13.64,37.76,39.22,16.17,373.62,3.21,1.89,1.07,3.19
2348.0,24.44,14.35,93.24,9.5,374.99,23.04,91.05,16.15,23.04,91.05,25.61,66.17,13.64,37.76,39.22,16.17,374.99,3.22,1.9,1.07,3.19
2349.0,24.44,14.35,93.24,9.5,372.38,23.04,91.05,16.15,23.04,91.05,25.61,66.17,13.64,37.76,39.22,16.17,372.38,3.2,1.89,1.07,3.19
2350.0,24.43,14.34,93.46,9.52,370.99,23.04,91.02,16.15,23.04,91.02,25.6,65.94,13.58,37.77,39.16,16.15,370.99,3.18,1.88,1.06,3.18
2351.0,24.43,14.34,93.46,9.52,369.89,23.04,91.02,16.15,23.04,91.02,25.6,65.94,13.58,37.77,39.16,16.15,369.89,3.17,1.87,1.06,3.18
2352.0,24.43,14.34,93.46,9.52,369.32,23.04,91.02,16.15,23.04,91.02,25.6,65.94,13.58,37.77,39.16,16.15,369.32,3.16,1.87,1.05,3.18
2353.0,24.39,14.32,93.66,9.53,369.93,23.03,91,16.13,23.03,91,25.6,65.89,13.57,37.76,39.11,16.12,369.93,3.16,1.86,1.05,3.17
2354.0,24.39,14.32,93.66,9.53,370.4,23.03,91,16.13,23.03,91,25.6,65.89,13.57,37.76,39.11,16.12,370.4,3.17,1.87,1.08,3.17
2355.0,24.39,14.32,93.66,9.53,370.76,23.03,91,16.13,23.03,91,25.6,65.89,13.57,37.76,39.11,16.12,370.76,3.17,1.87,1.08,3.17
2356.0,24.38,14.3,93.68,9.52,371.07,23.02,90.96,16.12,23.02,90.96,25.58,65.88,13.55,37.74,39.07,16.09,371.07,3.17,1.87,1.04,3.16
2357.0,24.38,14.3,93.68,9.52,370.62,23.02,90.96,16.12,23.02,90.96,25.58,65.88,13.55,37.74,39.07,16.09,370.62,3.17,1.86,1.04,3.16
2358.0,24.38,14.3,93.68,9.52,370.41,23.02,90.96,16.12,23.02,90.96,25.58,65.88,13.55,37.74,39.07,16.09,370.41,3.17,1.86,1.03,3.16
2359.0,24.4,14.3,93.75,9.52,370.44,23.02,90.93,16.11,23.02,90.93,25.58,65.82,13.54,37.75,39.03,16.08,370.44,3.17,1.86,1.01,3.16
2360.0,24.4,14.3,93.75,9.52,370.54,23.02,90.93,16.11,23.02,90.93,25.58,65.82,13.54,37.75,39.03,16.08,370.54,3.17,1.86,1.01,3.16
2361.0,24.4,14.3,93.75,9.52,370.8,23.02,90.93,16.11,23.02,90.93,25.58,65.82,13.54,37.75,39.03,16.08,370.8,3.17,1.86,1.03,3.16
2362.0,24.42,14.29,93.62,9.5,370.72,23.01,90.9,16.1,23.01,90.9,25.55,65.87,13.53,37.74,39.02,16.07,370.72,3.17,1.86,1.03,3.16
2363.0,24.42,14.29,93.62,9.5,371.15,23.01,90.9,16.1,23.01,90.9,25.55,65.87,13.53,37.74,39.02,16.07,371.15,3.17,1.87,1.02,3.16
2364.0,24.42,14.29,93.62,9.5,372.89,23.01,90.9,16.1,23.01,90.9,25.55,65.87,13.53,37.74,39.02,16.07,372.89,3.19,1.87,1.02,3.16
2365.0,24.42,14.26,93.81,9.51,377.06,23.01,90.85,16.09,23.01,90.85,25.52,66.07,13.55,37.75,39,16.06,377.06,3.22,1.9,1.02,3.14
2366.0,24.42,14.26,93.81,9.51,377.78,23.01,90.85,16.09,23.01,90.85,25.52,66.07,13.55,37.75,39,16.06,377.78,3.23,1.9,1.07,3.14
2367.0,24.42,14.26,93.81,9.51,377.8,23.01,90.85,16.09,23.01,90.85,25.52,66.07,13.55,37.75,39,16.06,377.8,3.23,1.9,1.07,3.14
2368.0,24.43,14.27,93.81,9.51,378.77,23.02,90.8,16.09,23.02,90.8,25.48,66.33,13.57,37.77,38.95,16.06,378.77,3.24,1.91,1.04,3.14
2369.0,24.43,14.27,93.81,9.51,379.59,23.02,90.8,16.09,23.02,90.8,25.48,66.33,13.57,37.77,38.95,16.06,379.59,3.24,1.91,1.04,3.14
2370.0,24.43,14.27,93.81,9.51,379.78,23.02,90.8,16.09,23.02,90.8,25.48,66.33,13.57,37.77,38.95,16.06,379.78,3.24,1.91,1.04,3.14
2371.0,24.42,14.27,93.63,9.5,379.85,23.01,90.76,16.07,23.01,90.76,25.44,66.42,13.55,37.76,38.91,16.04,379.85,3.24,1.91,1.04,3.14
2372.0,24.42,14.27,93.63,9.5,378.53,23.01,90.76,16.07,23.01,90.76,25.44,66.42,13.55,37.76,38.91,16.04,378.53,3.23,1.9,1.01,3.14
2373.0,24.42,14.27,93.63,9.5,377.14,23.01,90.76,16.07,23.01,90.76,25.44,66.42,13.55,37.76,38.91,16.04,377.14,3.22,1.9,1.01,3.14
2374.0,24.44,14.25,93.81,9.5,376.57,23.01,90.72,16.06,23.01,90.72,25.4,66.41,13.52,37.77,38.9,16.04,376.57,3.22,1.89,1.04,3.13
2375.0,24.44,14.25,93.81,9.5,373.58,23.01,90.72,16.06,23.01,90.72,25.4,66.41,13.52,37.77,38.9,16.04,373.58,3.19,1.88,1.04,3.13
2376.0,24.44,14.25,93.81,9.5,373.24,23.01,90.72,16.06,23.01,90.72,25.4,66.41,13.52,37.77,38.9,16.04,373.24,3.19,1.88,1.03,3.13
2377.0,24.45,14.25,93.76,9.5,370.35,23.01,90.69,16.06,23.01,90.69,25.39,66.35,13.5,37.78,38.91,16.05,370.35,3.16,1.87,1.02,3.13
2378.0,24.45,14.25,93.76,9.5,369.47,23.01,90.69,16.06,23.01,90.69,25.39,66.35,13.5,37.78,38.91,16.05,369.47,3.15,1.87,1.02,3.13
2379.0,24.45,14.25,93.76,9.5,371.58,23.01,90.69,16.06,23.01,90.69,25.39,66.35,13.5,37.78,38.91,16.05,371.58,3.17,1.88,1.02,3.13
2380.0,24.45,14.27,93.67,9.49,373.95,23.01,90.64,16.05,23.01,90.64,25.4,66.31,13.5,37.78,38.95,16.07,373.95,3.19,1.89,1.02,3.14
2381.0,24.45,14.27,93.67,9.49,375.62,23.01,90.64,16.05,23.01,90.64,25.4,66.31,13.5,37.78,38.95,16.07,375.62,3.2,1.91,1.02,3.14
2382.0,24.45,14.27,93.67,9.49,375.78,23.01,90.64,16.05,23.01,90.64,25.4,66.31,13.5,37.78,38.95,16.07,375.78,3.2,1.91,1.02,3.14
2383.0,24.44,14.25,93.8,9.5,374.43,23,90.61,16.03,23,90.61,25.4,66.15,13.47,37.76,39.03,16.09,374.43,3.18,1.92,1.01,3.13
2384.0,24.44,14.25,93.8,9.5,373.92,23,90.61,16.03,23,90.61,25.4,66.15,13.47,37.76,39.03,16.09,373.92,3.18,1.91,1.01,3.13
2385.0,24.44,14.25,93.8,9.5,373.3,23,90.61,16.03,23,90.61,25.4,66.15,13.47,37.76,39.03,16.09,373.3,3.17,1.91,1.02,3.13
2386.0,24.42,14.24,93.72,9.48,371.71,23,90.55,16.02,23,90.55,25.42,66.12,13.47,37.76,39.08,16.11,371.71,3.16,1.9,1.02,3.12
2387.0,24.42,14.24,93.72,9.48,369.27,23,90.55,16.02,23,90.55,25.42,66.12,13.47,37.76,39.08,16.11,369.27,3.14,1.9,1.02,3.12
2388.0,24.42,14.24,93.72,9.48,368.88,23,90.55,16.02,23,90.55,25.42,66.12,13.47,37.76,39.08,16.11,368.88,3.14,1.9,1.02,3.12
2389.0,24.42,14.25,93.68,9.49,367.01,23,90.48,16.01,23,90.48,25.4,66.34,13.5,37.75,39.11,16.12,367.01,3.12,1.89,1.01,3.12
2390.0,24.42,14.25,93.68,9.49,364.49,23,90.48,16.01,23,90.48,25.4,66.34,13.5,37.75,39.11,16.12,364.49,3.1,1.88,1.01,3.12
2391.0,24.42,14.25,93.68,9.49,363.13,23,90.48,16.01,23,90.48,25.4,66.34,13.5,37.75,39.11,16.12,363.13,3.09,1.87,1.02,3.12
2392.0,24.42,14.25,93.58,9.47,365.18,23,90.44,16.01,23,90.44,25.37,66.41,13.49,37.74,39.14,16.12,365.18,3.1,1.88,1.02,3.12
2393.0,24.42,14.25,93.58,9.47,366.29,23,90.44,16.01,23,90.44,25.37,66.41,13.49,37.74,39.14,16.12,366.29,3.12,1.89,1.03,3.12
2394.0,24.42,14.25,93.58,9.47,364.14,23,90.44,16.01,23,90.44,25.37,66.41,13.49,37.74,39.14,16.12,364.14,3.1,1.88,1.03,3.12
2395.0,24.4,14.24,93.52,9.46,360.7,23,90.43,16,23,90.43,25.34,66.38,13.46,37.73,39.15,16.11,360.7,3.07,1.86,1.01,3.12
2396.0,24.4,14.24,93.52,9.46,360.58,23,90.43,16,23,90.43,25.34,66.38,13.46,37.73,39.15,16.11,360.58,3.07,1.86,1.01,3.11
2397.0,24.4,14.24,93.52,9.46,359.42,23,90.43,16,23,90.43,25.34,66.38,13.46,37.73,39.15,16.11,359.42,3.06,1.85,1.03,3.11
2398.0,24.41,14.23,93.47,9.46,365.03,22.99,90.43,15.99,22.99,90.43,25.33,66.31,13.44,37.72,39.15,16.1,365.03,3.11,1.88,1.03,3.11
2399.0,24.41,14.23,93.47,9.46,373.12,22.99,90.43,15.99,22.99,90.43,25.33,66.31,13.44,37.72,39.15,16.1,373.12,3.18,1.92,1.03,3.11
2400.0,24.41,14.23,93.47,9.46,374.16,22.99,90.43,15.99,22.99,90.43,25.33,66.31,13.44,37.72,39.15,16.1,374.16,3.18,1.92,1.03,3.11
2401.0,24.4,14.23,93.63,9.47,376.81,22.99,90.4,15.99,22.99,90.4,25.38,65.97,13.41,37.72,39.12,16.09,376.81,3.2,1.93,1.01,3.11
2402.0,24.4,14.23,93.63,9.47,379.19,22.99,90.4,15.99,22.99,90.4,25.38,65.97,13.41,37.72,39.12,16.09,379.19,3.22,1.95,1.01,3.11
2403.0,24.4,14.23,93.63,9.47,372.21,22.99,90.4,15.99,22.99,90.4,25.38,65.97,13.41,37.72,39.12,16.09,372.21,3.16,1.91,1.02,3.11
2404.0,24.4,14.23,93.54,9.46,367.53,22.99,90.39,15.98,22.99,90.39,25.39,65.8,13.39,37.71,39.12,16.08,367.53,3.12,1.89,1.02,3.11
2405.0,24.4,14.23,93.54,9.46,364.06,22.99,90.39,15.98,22.99,90.39,25.39,65.8,13.39,37.71,39.12,16.08,364.06,3.09,1.87,1.02,3.1
2406.0,24.4,14.23,93.54,9.46,367.03,22.99,90.39,15.98,22.99,90.39,25.39,65.8,13.39,37.71,39.12,16.08,367.03,3.12,1.88,1.02,3.1
2407.0,24.41,14.23,93.56,9.46,371.9,22.98,90.38,15.98,22.98,90.38,25.4,65.94,13.42,37.7,39.12,16.07,371.9,3.16,1.91,1.02,3.1
2408.0,24.41,14.23,93.56,9.46,374.58,22.98,90.38,15.98,22.98,90.38,25.4,65.94,13.42,37.7,39.12,16.07,374.58,3.18,1.92,1.02,3.1
2409.0,24.41,14.23,93.56,9.46,375.76,22.98,90.38,15.98,22.98,90.38,25.4,65.94,13.42,37.7,39.12,16.07,375.76,3.19,1.93,1.01,3.1
2410.0,24.42,14.25,93.44,9.46,375.22,23,90.35,15.98,23,90.35,25.4,66.09,13.46,37.72,39.13,16.1,375.22,3.19,1.92,1.01,3.11
2411.0,24.42,14.25,93.44,9.46,374.86,23,90.35,15.98,23,90.35,25.4,66.09,13.46,37.72,39.13,16.1,374.86,3.18,1.93,1.01,3.11
2412.0,24.42,14.25,93.44,9.46,373.12,23,90.35,15.98,23,90.35,25.4,66.09,13.46,37.72,39.13,16.1,373.12,3.17,1.92,1.01,3.11
2413.0,24.43,14.26,93.38,9.46,373.78,22.99,90.31,15.97,22.99,90.31,25.4,66.06,13.45,37.7,39.16,16.09,373.78,3.17,1.93,1.02,3.12
2414.0,24.43,14.26,93.38,9.46,373.83,22.99,90.31,15.97,22.99,90.31,25.4,66.06,13.45,37.7,39.16,16.09,373.83,3.17,1.93,1.02,3.12
2415.0,24.43,14.26,93.38,9.46,368.61,22.99,90.31,15.97,22.99,90.31,25.4,66.06,13.45,37.7,39.16,16.09,368.61,3.12,1.9,1.0,3.12
2416.0,24.44,14.27,93.12,9.44,366.1,22.99,90.28,15.97,22.99,90.28,25.43,65.9,13.43,37.71,39.2,16.12,366.1,3.1,1.89,1.0,3.12
2417.0,24.44,14.27,93.12,9.44,368.45,22.99,90.28,15.97,22.99,90.28,25.43,65.9,13.43,37.71,39.2,16.12,368.45,3.13,1.91,1.02,3.12
2418.0,24.44,14.27,93.12,9.44,370.16,22.99,90.28,15.97,22.99,90.28,25.43,65.9,13.43,37.71,39.2,16.12,370.16,3.14,1.92,1.02,3.12
2419.0,24.44,14.28,93.02,9.44,372.37,22.99,90.26,15.96,22.99,90.26,25.45,65.55,13.38,37.7,39.28,16.14,372.37,3.16,1.94,1.02,3.13
2420.0,24.44,14.28,93.02,9.44,371.14,22.99,90.26,15.96,22.99,90.26,25.45,65.55,13.38,37.7,39.28,16.14,371.14,3.15,1.93,1.02,3.13
2421.0,24.44,14.28,93.02,9.44,369.22,22.99,90.26,15.96,22.99,90.26,25.45,65.55,13.38,37.7,39.28,16.14,369.22,3.13,1.92,1.03,3.13
2422.0,24.43,14.29,93.03,9.44,370.29,22.99,90.23,15.96,22.99,90.23,25.46,65.45,13.37,37.71,39.35,16.18,370.29,3.14,1.93,1.03,3.13
2423.0,24.43,14.29,93.03,9.44,370.63,22.99,90.23,15.96,22.99,90.23,25.46,65.45,13.37,37.71,39.35,16.18,370.63,3.14,1.94,1.03,3.13
2424.0,24.43,14.29,93.03,9.44,370.36,22.99,90.23,15.96,22.99,90.23,25.46,65.45,13.37,37.71,39.35,16.18,370.36,3.14,1.94,1.03,3.13
2425.0,24.44,14.29,93.32,9.47,370.09,22.99,90.23,15.95,22.99,90.23,25.44,65.44,13.35,37.71,39.44,16.22,370.09,3.12,1.95,1.03,3.13
2426.0,24.44,14.29,93.32,9.47,370.35,22.99,90.23,15.95,22.99,90.23,25.44,65.44,13.35,37.71,39.44,16.22,370.35,3.13,1.95,1.03,3.13
2427.0,24.44,14.29,93.32,9.47,370.32,22.99,90.23,15.95,22.99,90.23,25.44,65.44,13.35,37.71,39.44,16.22,370.32,3.13,1.95,1.03,3.13
2428.0,24.45,14.31,92.93,9.45,370.61,22.99,90.21,15.95,22.99,90.21,25.42,65.42,13.32,37.71,39.55,16.26,370.61,3.13,1.97,1.03,3.14
2429.0,24.45,14.31,92.93,9.45,370.62,22.99,90.21,15.95,22.99,90.21,25.42,65.42,13.32,37.71,39.55,16.26,370.62,3.13,1.97,1.02,3.14
2430.0,24.45,14.31,92.93,9.45,371.02,22.99,90.21,15.95,22.99,90.21,25.42,65.42,13.32,37.71,39.55,16.26,371.02,3.14,1.97,1.02,3.14
2431.0,24.45,14.31,93.13,9.46,372.33,22.99,90.18,15.95,22.99,90.18,25.41,65.27,13.29,37.72,39.65,16.31,372.33,3.15,1.98,1.03,3.14
2432.0,24.45,14.31,93.13,9.46,373.34,22.99,90.18,15.95,22.99,90.18,25.41,65.27,13.29,37.72,39.65,16.31,373.34,3.15,2.0,1.03,3.14
2433.0,24.45,14.31,93.13,9.46,372.47,22.99,90.18,15.95,22.99,90.18,25.41,65.27,13.29,37.72,39.65,16.31,372.47,3.14,2.0,1.03,3.14
2434.0,24.45,14.3,93.42,9.49,369.21,23,90.15,15.96,23,90.15,25.39,65.18,13.26,37.74,39.72,16.36,369.21,3.11,1.99,1.04,3.14
2435.0,24.45,14.3,93.42,9.49,367.04,23,90.15,15.96,23,90.15,25.39,65.18,13.26,37.74,39.72,16.36,367.04,3.09,1.98,1.04,3.14
2436.0,24.45,14.3,93.42,9.49,364.39,23,90.15,15.96,23,90.15,25.39,65.18,13.26,37.74,39.72,16.36,364.39,3.07,1.97,1.02,3.14
2437.0,24.44,14.3,93.42,9.49,363.76,23,90.15,15.96,23,90.15,25.37,65.29,13.26,37.73,39.8,16.39,363.76,3.07,1.97,1.02,3.13
2438.0,24.44,14.3,93.42,9.49,363.42,23,90.15,15.96,23,90.15,25.37,65.29,13.26,37.73,39.8,16.39,363.42,3.06,1.97,1.02,3.13
2439.0,24.44,14.3,93.42,9.49,364.85,23,90.15,15.96,23,90.15,25.37,65.29,13.26,37.73,39.8,16.39,364.85,3.08,1.98,1.02,3.13
2440.0,24.42,14.3,93.46,9.5,365.84,23.01,90.15,15.96,23.01,90.15,25.35,65.38,13.26,37.75,39.85,16.43,365.84,3.09,1.99,1.02,3.14
2441.0,24.42,14.3,93.46,9.5,366.09,23.01,90.15,15.96,23.01,90.15,25.35,65.38,13.26,37.75,39.85,16.43,366.09,3.09,2.0,1.02,3.14
2442.0,24.42,14.3,93.46,9.5,366.47,23.01,90.15,15.96,23.01,90.15,25.35,65.38,13.26,37.75,39.85,16.43,366.47,3.09,2.0,1.03,3.14
2443.0,24.4,14.28,93.83,9.52,368.12,23.01,90.19,15.97,23.01,90.19,25.33,65.37,13.25,37.75,39.91,16.45,368.12,3.1,2.01,1.03,3.12
2444.0,24.4,14.28,93.83,9.52,371.49,23.01,90.19,15.97,23.01,90.19,25.33,65.37,13.25,37.75,39.91,16.45,371.49,3.13,2.03,1.02,3.12
2445.0,24.4,14.28,93.83,9.52,373.56,23.01,90.19,15.97,23.01,90.19,25.33,65.37,13.25,37.75,39.91,16.45,373.56,3.15,2.04,1.02,3.12
2446.0,24.39,14.27,93.85,9.52,375.01,23.01,90.21,15.97,23.01,90.21,25.36,65.05,13.2,37.76,39.95,16.47,375.01,3.16,2.06,1.03,3.12
2447.0,24.39,14.27,93.85,9.52,371.3,23.01,90.21,15.97,23.01,90.21,25.36,65.05,13.2,37.76,39.95,16.47,371.3,3.13,2.04,1.03,3.12
2448.0,24.39,14.27,93.85,9.52,366.93,23.01,90.21,15.97,23.01,90.21,25.36,65.05,13.2,37.76,39.95,16.47,366.93,3.1,2.01,1.02,3.12
2449.0,24.39,14.26,93.8,9.5,365.7,23.01,90.23,15.98,23.01,90.23,25.38,65.1,13.23,37.76,39.99,16.5,365.7,3.09,2.01,1.02,3.11
2450.0,24.39,14.26,93.8,9.5,366.93,23.01,90.23,15.98,23.01,90.23,25.38,65.1,13.23,37.76,39.99,16.5,366.93,3.1,2.02,1.02,3.11
2451.0,24.39,14.26,93.8,9.5,368.84,23.01,90.23,15.98,23.01,90.23,25.38,65.1,13.23,37.76,39.99,16.5,368.84,3.12,2.03,1.02,3.11
2452.0,24.38,14.27,93.69,9.5,369.62,23.01,90.26,15.98,23.01,90.26,25.38,65.17,13.24,37.75,40.07,16.52,369.62,3.13,2.04,1.02,3.12
2453.0,24.38,14.27,93.69,9.5,369.99,23.01,90.26,15.98,23.01,90.26,25.38,65.17,13.24,37.75,40.07,16.52,369.99,3.13,2.04,1.02,3.12
2454.0,24.38,14.27,93.69,9.5,374.83,23.01,90.26,15.98,23.01,90.26,25.38,65.17,13.24,37.75,40.07,16.52,374.83,3.17,2.07,1.01,3.12
2455.0,24.4,14.25,93.67,9.49,375.93,23.02,90.29,15.99,23.02,90.29,25.35,65.23,13.23,37.76,40.19,16.58,375.93,3.18,2.07,1.01,3.11
2456.0,24.4,14.25,93.67,9.49,376.19,23.02,90.29,15.99,23.02,90.29,25.35,65.23,13.23,37.76,40.19,16.58,376.19,3.19,2.09,0.99,3.11
2457.0,24.4,14.25,93.67,9.49,373.39,23.02,90.29,15.99,23.02,90.29,25.35,65.23,13.23,37.76,40.19,16.58,373.39,3.17,2.07,0.99,3.11
2458.0,24.4,14.24,93.73,9.49,370.75,23.01,90.33,16,23.01,90.33,25.32,65.31,13.22,37.75,40.3,16.62,370.75,3.15,2.07,1.01,3.1
2459.0,24.4,14.24,93.73,9.49,368.94,23.01,90.33,16,23.01,90.33,25.32,65.31,13.22,37.75,40.3,16.62,368.94,3.13,2.06,1.01,3.1
2460.0,24.4,14.24,93.73,9.49,369.47,23.01,90.33,16,23.01,90.33,25.32,65.31,13.22,37.75,40.3,16.62,369.47,3.14,2.06,1.01,3.1
2461.0,24.4,14.21,94.04,9.5,369.93,23.02,90.34,16,23.02,90.34,25.29,65.29,13.2,37.74,40.39,16.65,369.93,3.14,2.07,1.01,3.08
2462.0,24.4,14.21,94.04,9.5,370.91,23.02,90.34,16,23.02,90.34,25.29,65.29,13.2,37.74,40.39,16.65,370.91,3.15,2.08,0.97,3.08
2463.0,24.4,14.21,94.04,9.5,372.13,23.02,90.34,16,23.02,90.34,25.29,65.29,13.2,37.74,40.39,16.65,372.13,3.16,2.09,0.97,3.08
2464.0,24.39,14.22,93.83,9.48,372.58,23.01,90.4,16,23.01,90.4,25.26,65.27,13.17,37.71,40.48,16.65,372.58,3.17,2.09,0.97,3.08
2465.0,24.39,14.22,93.83,9.48,371.96,23.01,90.4,16,23.01,90.4,25.26,65.27,13.17,37.71,40.48,16.65,371.96,3.16,2.08,0.97,3.08
2466.0,24.39,14.22,93.83,9.48,370.75,23.01,90.4,16,23.01,90.4,25.26,65.27,13.17,37.71,40.48,16.65,370.75,3.15,2.08,0.97,3.08
2467.0,24.37,14.22,93.82,9.48,369.93,23.01,90.47,16.02,23.01,90.47,25.24,65.25,13.15,37.71,40.47,16.66,369.93,3.15,2.07,0.97,3.08
2468.0,24.37,14.22,93.82,9.48,367.3,23.01,90.47,16.02,23.01,90.47,25.24,65.25,13.15,37.71,40.47,16.66,367.3,3.13,2.05,0.99,3.08
2469.0,24.37,14.22,93.82,9.48,367.05,23.01,90.47,16.02,23.01,90.47,25.24,65.25,13.15,37.71,40.47,16.66,367.05,3.13,2.05,0.99,3.08
2470.0,24.34,14.22,93.76,9.48,368.69,23.02,90.46,16.03,23.02,90.46,25.26,64.92,13.09,37.74,40.44,16.66,368.69,3.15,2.06,0.97,3.08
2471.0,24.34,14.22,93.76,9.48,369.09,23.02,90.46,16.03,23.02,90.46,25.26,64.92,13.09,37.74,40.44,16.66,369.09,3.15,2.06,0.97,3.08
2472.0,24.34,14.22,93.76,9.48,368.13,23.02,90.46,16.03,23.02,90.46,25.26,64.92,13.09,37.74,40.44,16.66,368.13,3.14,2.06,0.97,3.08
2473.0,24.34,14.21,93.81,9.47,365.43,23.03,90.5,16.04,23.03,90.5,25.27,64.88,13.1,37.75,40.36,16.64,365.43,3.12,2.04,0.97,3.07
2474.0,24.34,14.21,93.81,9.47,360.27,23.03,90.5,16.04,23.03,90.5,25.27,64.88,13.1,37.75,40.36,16.64,360.27,3.08,2.0,0.99,3.07
2475.0,24.34,14.21,93.81,9.47,359.03,23.03,90.5,16.04,23.03,90.5,25.27,64.88,13.1,37.75,40.36,16.64,359.03,3.07,2.0,0.99,3.07
2476.0,24.34,14.23,93.46,9.45,359.03,23.02,90.56,16.05,23.02,90.56,25.27,64.88,13.1,37.75,40.25,16.59,359.03,3.08,1.98,0.97,3.08
2477.0,24.34,14.23,93.46,9.45,359.64,23.02,90.56,16.05,23.02,90.56,25.27,64.88,13.1,37.75,40.25,16.59,359.64,3.08,1.98,0.97,3.08
2478.0,24.34,14.23,93.46,9.45,359.02,23.02,90.56,16.05,23.02,90.56,25.27,64.88,13.1,37.75,40.25,16.59,359.02,3.08,1.98,0.97,3.08
2479.0,24.32,14.23,93.41,9.45,361.99,23.02,90.66,16.06,23.02,90.66,25.25,64.93,13.1,37.74,40.08,16.51,361.99,3.1,2.0,0.97,3.08
2480.0,24.32,14.23,93.41,9.45,366.86,23.02,90.66,16.06,23.02,90.66,25.25,64.93,13.1,37.74,40.08,16.51,366.86,3.15,1.99,0.99,3.08
2481.0,24.32,14.23,93.41,9.45,367.09,23.02,90.66,16.06,23.02,90.66,25.25,64.93,13.1,37.74,40.08,16.51,367.09,3.15,2.0,0.99,3.08
2482.0,24.3,14.22,93.31,9.43,365.39,22.99,90.75,16.05,22.99,90.75,25.23,65,13.09,37.69,40.1,16.48,365.39,3.14,1.97,0.99,3.07
2483.0,24.3,14.22,93.31,9.43,367.12,22.99,90.75,16.05,22.99,90.75,25.23,65,13.09,37.69,40.1,16.48,367.12,3.15,1.98,0.99,3.07
2484.0,24.3,14.22,93.31,9.43,370.35,22.99,90.75,16.05,22.99,90.75,25.23,65,13.09,37.69,40.1,16.48,370.35,3.18,2.0,1.0,3.07
2485.0,24.3,14.23,93.31,9.43,370.81,22.99,90.8,16.06,22.99,90.8,25.21,65.03,13.08,37.71,39.95,16.43,370.81,3.19,2.0,1.0,3.07
2486.0,24.3,14.23,93.31,9.43,369.66,22.99,90.8,16.06,22.99,90.8,25.21,65.03,13.08,37.71,39.95,16.43,369.66,3.17,1.98,0.99,3.07
2487.0,24.3,14.23,93.31,9.43,366.89,22.99,90.8,16.06,22.99,90.8,25.21,65.03,13.08,37.71,39.95,16.43,366.89,3.15,1.97,0.99,3.07
2488.0,24.3,14.25,93.17,9.43,363.97,22.99,90.89,16.08,22.99,90.89,25.19,65.04,13.07,37.72,39.89,16.42,363.97,3.13,1.94,0.99,3.08
2489.0,24.3,14.25,93.17,9.43,364.06,22.99,90.89,16.08,22.99,90.89,25.19,65.04,13.07,37.72,39.89,16.42,364.06,3.13,1.95,0.99,3.08
2490.0,24.3,14.25,93.17,9.43,363.99,22.99,90.89,16.08,22.99,90.89,25.19,65.04,13.07,37.72,39.89,16.42,363.99,3.13,1.94,1.0,3.08
2491.0,24.32,14.25,93.23,9.44,363.93,22.99,90.91,16.08,22.99,90.91,25.17,65.15,13.07,37.73,39.73,16.35,363.93,3.13,1.94,1.0,3.08
2492.0,24.32,14.25,93.23,9.44,368.8,22.99,90.91,16.08,22.99,90.91,25.17,65.15,13.07,37.73,39.73,16.35,368.8,3.17,1.95,1.0,3.08
2493.0,24.32,14.25,93.23,9.44,370.64,22.99,90.91,16.08,22.99,90.91,25.17,65.15,13.07,37.73,39.73,16.35,370.64,3.19,1.96,1.0,3.08
2494.0,24.3,14.25,93.25,9.44,366.41,22.97,90.97,16.06,22.97,90.97,25.13,65.27,13.07,37.68,39.58,16.25,366.41,3.14,1.91,0.98,3.08
2495.0,24.3,14.25,93.25,9.44,364.6,22.97,90.97,16.06,22.97,90.97,25.13,65.27,13.07,37.68,39.58,16.25,364.6,3.12,1.9,0.98,3.08
2496.0,24.3,14.25,93.25,9.44,364.42,22.97,90.97,16.06,22.97,90.97,25.13,65.27,13.07,37.68,39.58,16.25,364.42,3.12,1.9,0.97,3.08
2497.0,24.28,14.25,93.16,9.43,365.42,22.97,90.97,16.07,22.97,90.97,25.13,65.16,13.04,37.71,39.46,16.23,365.42,3.14,1.9,0.97,3.08
2498.0,24.28,14.25,93.16,9.43,365.39,22.97,90.97,16.07,22.97,90.97,25.13,65.16,13.04,37.71,39.46,16.23,365.39,3.14,1.9,0.96,3.08
2499.0,24.28,14.27,93.34,9.46,365.62,22.96,90.98,16.06,22.96,90.98,25.13,65.12,13.04,37.71,39.35,16.18,365.62,3.14,1.9,0.96,3.08
2500.0,24.28,14.27,93.34,9.46,366.63,22.96,90.98,16.06,22.96,90.98,25.13,65.12,13.04,37.71,39.35,16.18,366.63,3.13,1.89,0.96,3.09
2501.0,24.28,14.27,93.34,9.46,373.08,22.96,90.98,16.06,22.96,90.98,25.13,65.12,13.04,37.71,39.35,16.18,373.08,3.19,1.93,0.96,3.08
2502.0,24.28,14.27,93.34,9.46,371.95,22.96,90.98,16.06,22.96,90.98,25.13,65.12,13.04,37.71,39.35,16.18,371.95,3.18,1.92,0.98,3.08
2503.0,24.27,14.25,93.32,9.45,368.54,22.95,90.98,16.05,22.95,90.98,25.12,65.1,13.02,37.69,39.26,16.12,368.54,3.15,1.89,0.97,3.08
2504.0,24.27,14.25,93.32,9.45,369.07,22.95,90.98,16.05,22.95,90.98,25.12,65.1,13.02,37.69,39.26,16.12,369.07,3.15,1.89,0.97,3.08
2505.0,24.27,14.25,93.32,9.45,369.42,22.95,90.98,16.05,22.95,90.98,25.12,65.1,13.02,37.69,39.26,16.12,369.42,3.15,1.89,0.97,3.08
2506.0,24.27,14.27,93.4,9.47,370.07,22.94,90.99,16.05,22.94,90.99,25.13,64.96,13,37.71,39.12,16.08,370.07,3.16,1.89,0.97,3.08
2507.0,24.27,14.27,93.4,9.47,371.18,22.94,90.99,16.05,22.94,90.99,25.13,64.96,13,37.71,39.12,16.08,371.18,3.16,1.89,0.98,3.08
2508.0,24.27,14.27,93.4,9.47,371.59,22.94,90.99,16.05,22.94,90.99,25.13,64.96,13,37.71,39.12,16.08,371.59,3.16,1.89,0.98,3.08
2509.0,24.29,14.27,93.21,9.45,368.42,22.95,90.96,16.05,22.95,90.96,25.15,64.88,13,37.74,39,16.06,368.42,3.14,1.87,0.97,3.08
2510.0,24.29,14.27,93.21,9.45,367.01,22.95,90.96,16.05,22.95,90.96,25.15,64.88,13,37.74,39,16.06,367.01,3.13,1.86,0.97,3.08
2511.0,24.29,14.27,93.21,9.45,366.37,22.95,90.96,16.05,22.95,90.96,25.15,64.88,13,37.74,39,16.06,366.37,3.13,1.86,0.97,3.08
2512.0,24.28,14.26,93.37,9.46,366.26,22.93,90.93,16.02,22.93,90.93,25.17,64.69,12.98,37.72,38.91,16,366.26,3.13,1.86,0.97,3.08
2513.0,24.28,14.26,93.37,9.46,363.79,22.93,90.93,16.02,22.93,90.93,25.17,64.69,12.98,37.72,38.91,16,363.79,3.09,1.84,0.98,3.08
2514.0,24.28,14.26,93.37,9.46,363.03,22.93,90.93,16.02,22.93,90.93,25.17,64.69,12.98,37.72,38.91,16,363.03,3.09,1.83,0.98,3.08
2515.0,24.27,14.26,93.32,9.46,366.8,22.92,90.89,16,22.92,90.89,25.19,64.44,12.95,37.69,38.84,15.95,366.8,3.11,1.84,0.98,3.08
2516.0,24.27,14.26,93.32,9.46,368.31,22.92,90.89,16,22.92,90.89,25.19,64.44,12.95,37.69,38.84,15.95,368.31,3.12,1.85,0.98,3.08
2517.0,24.27,14.26,93.32,9.46,371.5,22.92,90.89,16,22.92,90.89,25.19,64.44,12.95,37.69,38.84,15.95,371.5,3.15,1.87,1.0,3.08
2518.0,24.27,14.26,93.24,9.45,371.99,22.92,90.85,16,22.92,90.85,25.19,64.47,12.95,37.71,38.74,15.92,371.99,3.15,1.87,1.0,3.08
2519.0,24.27,14.26,93.24,9.45,375.6,22.92,90.85,16,22.92,90.85,25.19,64.47,12.95,37.71,38.74,15.92,375.6,3.19,1.88,0.97,3.08
2520.0,24.27,14.26,93.24,9.45,376.68,22.92,90.85,16,22.92,90.85,25.19,64.47,12.95,37.71,38.74,15.92,376.68,3.2,1.89,0.97,3.08
2521.0,24.23,14.26,93.29,9.45,376.57,22.86,90.88,15.95,22.86,90.88,25.18,64.44,12.93,37.59,38.54,15.73,376.57,3.17,1.83,0.98,3.07
2522.0,24.23,14.26,93.29,9.45,374.26,22.86,90.88,15.95,22.86,90.88,25.18,64.44,12.93,37.59,38.54,15.73,374.26,3.15,1.82,0.98,3.07
2523.0,24.23,14.26,93.29,9.45,367.9,22.86,90.88,15.95,22.86,90.88,25.18,64.44,12.93,37.59,38.54,15.73,367.9,3.1,1.79,0.98,3.07
2524.0,24.22,14.25,93.45,9.46,365.85,22.86,90.76,15.92,22.86,90.76,25.15,64.35,12.89,37.62,38.57,15.77,365.85,3.08,1.78,0.98,3.07
2525.0,24.22,14.25,93.45,9.46,365.35,22.86,90.76,15.92,22.86,90.76,25.15,64.35,12.89,37.62,38.57,15.77,365.35,3.07,1.8,0.98,3.07
2526.0,24.22,14.25,93.45,9.46,366.51,22.86,90.76,15.92,22.86,90.76,25.15,64.35,12.89,37.62,38.57,15.77,366.51,3.08,1.81,0.98,3.07
2527.0,24.23,14.26,93.48,9.47,368.87,22.88,90.7,15.93,22.88,90.7,25.17,64.35,12.91,37.67,38.37,15.73,368.87,3.1,1.81,0.98,3.07
2528.0,24.23,14.26,93.48,9.47,369.6,22.88,90.7,15.93,22.88,90.7,25.17,64.35,12.91,37.67,38.37,15.73,369.6,3.1,1.81,0.98,3.07
2529.0,24.23,14.26,93.48,9.47,369.86,22.88,90.7,15.93,22.88,90.7,25.17,64.35,12.91,37.67,38.37,15.73,369.86,3.11,1.81,0.98,3.07
2530.0,24.21,14.26,93.33,9.46,369.74,22.86,90.66,15.91,22.86,90.66,25.21,64.18,12.9,37.65,38.24,15.66,369.74,3.11,1.81,0.98,3.07
2531.0,24.21,14.26,93.33,9.46,368.99,22.86,90.66,15.91,22.86,90.66,25.21,64.18,12.9,37.65,38.24,15.66,368.99,3.09,1.79,0.97,3.07
2532.0,24.21,14.26,93.33,9.46,370.4,22.86,90.66,15.91,22.86,90.66,25.21,64.18,12.9,37.65,38.24,15.66,370.4,3.1,1.8,0.97,3.07
2533.0,24.22,14.28,93.33,9.47,372.23,22.87,90.58,15.9,22.87,90.58,25.23,64.22,12.93,37.67,38.12,15.62,372.23,3.11,1.8,1.0,3.08
2534.0,24.22,14.28,93.33,9.47,374.66,22.87,90.58,15.9,22.87,90.58,25.23,64.22,12.93,37.67,38.12,15.62,374.66,3.13,1.81,1.0,3.08
2535.0,24.22,14.28,93.33,9.47,376.26,22.87,90.58,15.9,22.87,90.58,25.23,64.22,12.93,37.67,38.12,15.62,376.26,3.14,1.82,0.97,3.08
2536.0,24.2,14.26,93.45,9.47,376.72,22.85,90.52,15.87,22.85,90.52,25.32,63.86,12.92,37.65,38.01,15.56,376.72,3.15,1.82,0.97,3.07
2537.0,24.2,14.26,93.45,9.47,373.37,22.85,90.52,15.87,22.85,90.52,25.32,63.86,12.92,37.65,38.01,15.56,373.37,3.11,1.8,0.97,3.07
2538.0,24.2,14.26,93.45,9.47,372.32,22.85,90.52,15.87,22.85,90.52,25.32,63.86,12.92,37.65,38.01,15.56,372.32,3.1,1.79,0.97,3.07
2539.0,24.18,14.27,93.27,9.46,366.67,22.8,90.54,15.82,22.8,90.54,25.36,63.81,12.95,37.55,37.99,15.46,366.67,3.04,1.74,0.98,3.07
2540.0,24.18,14.27,93.27,9.46,365.19,22.8,90.54,15.82,22.8,90.54,25.36,63.81,12.95,37.55,37.99,15.46,365.19,3.03,1.74,0.98,3.07
2541.0,24.18,14.27,93.27,9.46,361.63,22.8,90.54,15.82,22.8,90.54,25.36,63.81,12.95,37.55,37.99,15.46,361.63,3.0,1.72,0.98,3.07
2542.0,24.2,14.27,93.14,9.44,361.06,22.8,90.51,15.82,22.8,90.51,25.38,63.76,12.95,37.56,37.72,15.36,361.06,2.99,1.72,0.98,3.07
2543.0,24.2,14.27,93.14,9.44,360.76,22.8,90.51,15.82,22.8,90.51,25.38,63.76,12.95,37.56,37.72,15.36,360.76,2.99,1.68,0.98,3.07
2544.0,24.2,14.27,93.14,9.44,364,22.8,90.51,15.82,22.8,90.51,25.38,63.76,12.95,37.56,37.72,15.36,364,3.02,1.7,0.98,3.07
2545.0,24.22,14.28,93.27,9.46,365.38,22.85,90.23,15.82,22.85,90.23,25.4,63.82,12.98,37.69,37.63,15.43,365.38,3.03,1.74,0.96,3.08
2546.0,24.22,14.28,93.27,9.46,366.58,22.85,90.23,15.82,22.85,90.23,25.4,63.82,12.98,37.69,37.63,15.43,366.58,3.04,1.75,0.96,3.08
2547.0,24.22,14.28,93.27,9.46,366.64,22.85,90.23,15.82,22.85,90.23,25.4,63.82,12.98,37.69,37.63,15.43,366.64,3.04,1.75,1.0,3.08
2548.0,24.21,14.27,93.39,9.47,365.79,22.83,90.13,15.79,22.83,90.13,25.39,63.91,12.99,37.67,37.56,15.39,365.79,3.02,1.74,1.0,3.07
2549.0,24.21,14.27,93.39,9.47,365.39,22.83,90.13,15.79,22.83,90.13,25.39,63.91,12.99,37.67,37.56,15.39,365.39,3.02,1.74,0.98,3.07
2550.0,24.21,14.27,93.39,9.47,367,22.83,90.13,15.79,22.83,90.13,25.39,63.91,12.99,37.67,37.56,15.39,367,3.03,1.74,0.98,3.07
2551.0,24.23,14.27,93.55,9.49,367.23,22.83,90.01,15.76,22.83,90.01,25.37,63.94,12.98,37.68,37.52,15.38,367.23,3.02,1.75,1.0,3.07
2552.0,24.23,14.27,93.55,9.49,366.05,22.83,90.01,15.76,22.83,90.01,25.37,63.94,12.98,37.68,37.52,15.38,366.05,3.01,1.74,1.0,3.07
2553.0,24.23,14.27,93.55,9.49,365.24,22.83,90.01,15.76,22.83,90.01,25.37,63.94,12.98,37.68,37.52,15.38,365.24,3.0,1.74,0.99,3.07
2554.0,24.23,14.27,93.57,9.49,364.76,22.83,89.86,15.73,22.83,89.86,25.32,64.12,12.98,37.67,37.51,15.37,364.76,2.99,1.74,0.99,3.07
2555.0,24.23,14.27,93.57,9.49,365.37,22.83,89.86,15.73,22.83,89.86,25.32,64.12,12.98,37.67,37.51,15.37,365.37,2.99,1.75,1.0,3.07
2556.0,24.23,14.27,93.57,9.49,366,22.83,89.86,15.73,22.83,89.86,25.32,64.12,12.98,37.67,37.51,15.37,366,3.0,1.75,1.0,3.07
2557.0,24.23,14.25,93.7,9.49,366.73,22.82,89.71,15.7,22.82,89.71,25.28,64.3,12.98,37.65,37.52,15.36,366.73,3.0,1.75,0.98,3.06
2558.0,24.23,14.25,93.7,9.49,367.93,22.82,89.71,15.7,22.82,89.71,25.28,64.3,12.98,37.65,37.52,15.36,367.93,3.01,1.76,0.98,3.06
2559.0,24.23,14.25,93.7,9.49,370.59,22.82,89.71,15.7,22.82,89.71,25.28,64.3,12.98,37.65,37.52,15.36,370.59,3.03,1.78,0.99,3.06
2560.0,24.25,14.25,93.6,9.48,374.46,22.84,89.56,15.69,22.84,89.56,25.25,64.42,12.99,37.69,37.5,15.38,374.46,3.06,1.81,0.99,3.06
2561.0,24.25,14.25,93.6,9.48,374.68,22.84,89.56,15.69,22.84,89.56,25.25,64.42,12.99,37.69,37.5,15.38,374.68,3.06,1.81,1.0,3.06
2562.0,24.25,14.25,93.6,9.48,369.51,22.84,89.56,15.69,22.84,89.56,25.25,64.42,12.99,37.69,37.5,15.38,369.51,3.02,1.78,1.0,3.06
2563.0,24.24,14.24,93.78,9.49,367.06,22.84,89.45,15.67,22.84,89.45,25.21,64.52,12.98,37.68,37.5,15.37,367.06,3.0,1.77,0.98,3.05
2564.0,24.24,14.24,93.78,9.49,368.02,22.84,89.45,15.67,22.84,89.45,25.21,64.52,12.98,37.68,37.5,15.37,368.02,3.0,1.78,0.98,3.05
2565.0,24.24,14.24,93.78,9.49,368.17,22.84,89.45,15.67,22.84,89.45,25.21,64.52,12.98,37.68,37.5,15.37,368.17,3.0,1.78,0.98,3.05
2566.0,24.25,14.23,93.64,9.47,368.75,22.83,89.34,15.64,22.83,89.34,25.18,64.64,12.98,37.65,37.51,15.35,368.75,3.0,1.78,0.98,3.04
2567.0,24.25,14.23,93.64,9.47,370.01,22.83,89.34,15.64,22.83,89.34,25.18,64.64,12.98,37.65,37.51,15.35,370.01,3.01,1.79,0.98,3.04
2568.0,24.25,14.23,93.64,9.47,367.9,22.83,89.34,15.64,22.83,89.34,25.18,64.64,12.98,37.65,37.51,15.35,367.9,2.99,1.78,0.99,3.04
2569.0,24.26,14.25,93.4,9.46,365.08,22.84,89.23,15.63,22.84,89.23,25.16,64.65,12.96,37.67,37.64,15.43,365.08,2.97,1.76,0.99,3.05
2570.0,24.26,14.25,93.4,9.46,359.74,22.84,89.23,15.63,22.84,89.23,25.16,64.65,12.96,37.67,37.64,15.43,359.74,2.93,1.77,0.98,3.05
2571.0,24.26,14.25,93.4,9.46,363.2,22.84,89.23,15.63,22.84,89.23,25.16,64.65,12.96,37.67,37.64,15.43,363.2,2.96,1.79,0.98,3.05
2572.0,24.26,14.23,93.52,9.46,367.66,22.83,89.13,15.6,22.83,89.13,25.14,64.71,12.96,37.64,37.75,15.45,367.66,2.99,1.82,0.97,3.04
2573.0,24.26,14.23,93.52,9.46,368.53,22.83,89.13,15.6,22.83,89.13,25.14,64.71,12.96,37.64,37.75,15.45,368.53,2.99,1.82,0.97,3.04
2574.0,24.26,14.23,93.52,9.46,368.49,22.83,89.13,15.6,22.83,89.13,25.14,64.71,12.96,37.64,37.75,15.45,368.49,2.99,1.82,0.97,3.04
2575.0,24.25,14.24,93.5,9.46,367.35,22.84,89.06,15.6,22.84,89.06,25.14,64.77,12.97,37.67,37.86,15.52,367.35,2.98,1.82,0.97,3.04
2576.0,24.25,14.24,93.5,9.46,365.27,22.84,89.06,15.6,22.84,89.06,25.14,64.77,12.97,37.67,37.86,15.52,365.27,2.97,1.83,0.97,3.04
2577.0,24.25,14.24,93.5,9.46,366.17,22.84,89.06,15.6,22.84,89.06,25.14,64.77,12.97,37.67,37.86,15.52,366.17,2.97,1.83,0.97,3.04
2578.0,24.24,14.23,93.6,9.47,367.85,22.85,89.01,15.59,22.85,89.01,25.14,64.67,12.95,37.68,37.96,15.56,367.85,2.98,1.86,0.97,3.04
2579.0,24.24,14.23,93.6,9.47,368.13,22.85,89.01,15.59,22.85,89.01,25.14,64.67,12.95,37.68,37.96,15.56,368.13,2.99,1.86,0.97,3.04
2580.0,24.24,14.23,93.6,9.47,367.74,22.85,89.01,15.59,22.85,89.01,25.14,64.67,12.95,37.68,37.96,15.56,367.74,2.98,1.86,0.97,3.03
2581.0,24.25,14.25,93.34,9.45,367.5,22.85,88.99,15.59,22.85,88.99,25.14,64.73,12.96,37.68,38.04,15.6,367.5,2.98,1.86,0.97,3.04
2582.0,24.25,14.25,93.34,9.45,368.34,22.85,88.99,15.59,22.85,88.99,25.14,64.73,12.96,37.68,38.04,15.6,368.34,2.99,1.88,0.96,3.04
2583.0,24.25,14.25,93.34,9.45,369.22,22.85,88.99,15.59,22.85,88.99,25.14,64.73,12.96,37.68,38.04,15.6,369.22,3.0,1.88,0.96,3.04
2584.0,24.25,14.25,93.47,9.46,369.62,22.85,88.96,15.58,22.85,88.96,25.17,64.59,12.95,37.67,38.14,15.63,369.62,3.0,1.89,0.96,3.04
2585.0,24.25,14.25,93.47,9.46,369.72,22.85,88.96,15.58,22.85,88.96,25.17,64.59,12.95,37.67,38.14,15.63,369.72,3.0,1.89,0.96,3.04
2586.0,24.25,14.25,93.47,9.46,368.78,22.85,88.96,15.58,22.85,88.96,25.17,64.59,12.95,37.67,38.14,15.63,368.78,2.99,1.89,0.96,3.04
2587.0,24.24,14.24,93.49,9.46,367.65,22.85,88.94,15.58,22.85,88.94,25.26,64.09,12.92,37.66,38.17,15.64,367.65,2.98,1.88,0.96,3.04
2588.0,24.24,14.24,93.49,9.46,364.41,22.85,88.94,15.58,22.85,88.94,25.26,64.09,12.92,37.66,38.17,15.64,364.41,2.95,1.87,0.96,3.04
2589.0,24.24,14.24,93.49,9.46,364.85,22.85,88.94,15.58,22.85,88.94,25.26,64.09,12.92,37.66,38.17,15.64,364.85,2.96,1.87,0.96,3.04
2590.0,24.22,14.24,93.54,9.47,368.62,22.84,88.95,15.58,22.84,88.95,25.31,63.95,12.93,37.65,38.17,15.63,368.62,2.98,1.89,0.96,3.04
2591.0,24.22,14.24,93.54,9.47,370.14,22.84,88.95,15.58,22.84,88.95,25.31,63.95,12.93,37.65,38.17,15.63,370.14,3.0,1.9,0.96,3.03
2592.0,24.22,14.24,93.54,9.47,371.16,22.84,88.95,15.58,22.84,88.95,25.31,63.95,12.93,37.65,38.17,15.63,371.16,3.0,1.9,0.96,3.03
2593.0,24.21,14.24,93.34,9.45,370.89,22.83,88.94,15.57,22.83,88.94,25.31,64.11,12.97,37.63,38.14,15.6,370.89,3.0,1.89,0.96,3.03
2594.0,24.21,14.24,93.34,9.45,370.99,22.83,88.94,15.57,22.83,88.94,25.31,64.11,12.97,37.63,38.14,15.6,370.99,3.0,1.89,0.96,3.03
2595.0,24.21,14.24,93.34,9.45,370.28,22.83,88.94,15.57,22.83,88.94,25.31,64.11,12.97,37.63,38.14,15.6,370.28,3.0,1.89,0.96,3.03
2596.0,24.19,14.22,93.39,9.44,369.97,22.8,88.93,15.54,22.8,88.93,25.28,64.22,12.96,37.57,38.09,15.53,369.97,2.99,1.87,0.95,3.02
2597.0,24.19,14.22,93.39,9.44,366.49,22.8,88.93,15.54,22.8,88.93,25.28,64.22,12.96,37.57,38.09,15.53,366.49,2.96,1.85,0.95,3.02
2598.0,24.19,14.22,93.39,9.44,365.44,22.8,88.93,15.54,22.8,88.93,25.28,64.22,12.96,37.57,38.09,15.53,365.44,2.95,1.85,0.96,3.02
2599.0,24.24,14.23,93.37,9.44,368.55,22.83,88.95,15.57,22.83,88.95,25.26,64.38,12.99,37.65,37.99,15.55,368.55,2.99,1.87,0.96,3.02
2600.0,24.24,14.23,93.37,9.44,369.28,22.83,88.95,15.57,22.83,88.95,25.26,64.38,12.99,37.65,37.99,15.55,369.28,3.0,1.87,0.96,3.02
2601.0,24.24,14.23,93.37,9.44,373.79,22.83,88.95,15.57,22.83,88.95,25.26,64.38,12.99,37.65,37.99,15.55,373.79,3.03,1.89,0.96,3.02
2602.0,24.2,14.22,93.59,9.46,374.93,22.79,88.99,15.53,22.79,88.99,25.23,64.41,12.97,37.58,37.92,15.46,374.93,3.04,1.9,0.95,3.01
2603.0,24.2,14.22,93.59,9.46,374.26,22.79,88.99,15.53,22.79,88.99,25.23,64.41,12.97,37.58,37.92,15.46,374.26,3.02,1.87,0.95,3.01
2604.0,24.2,14.22,93.59,9.46,373.72,22.79,88.99,15.53,22.79,88.99,25.23,64.41,12.97,37.58,37.92,15.46,373.72,3.01,1.87,0.94,3.01
2605.0,24.17,14.22,93.25,9.42,373.71,22.74,89.17,15.52,22.74,89.17,25.21,64.43,12.95,37.4,37.33,15.07,373.71,3.01,1.73,0.94,3.01
2606.0,24.17,14.22,93.25,9.42,373.54,22.74,89.17,15.52,22.74,89.17,25.21,64.43,12.95,37.4,37.33,15.07,373.54,3.01,1.73,0.95,3.01
2607.0,24.17,14.22,93.25,9.42,370.71,22.74,89.17,15.52,22.74,89.17,25.21,64.43,12.95,37.4,37.33,15.07,370.71,2.99,1.72,0.95,3.01
2608.0,24.16,14.22,93.32,9.43,368.72,22.75,89.06,15.51,22.75,89.06,25.19,64.52,12.96,37.52,37.64,15.3,368.72,2.97,1.71,0.96,3.01
2609.0,24.16,14.22,93.32,9.43,369.54,22.75,89.06,15.51,22.75,89.06,25.19,64.52,12.96,37.52,37.64,15.3,369.54,2.97,1.8,0.96,3.01
2610.0,24.16,14.22,93.32,9.43,370.63,22.75,89.06,15.51,22.75,89.06,25.19,64.52,12.96,37.52,37.64,15.3,370.63,2.98,1.81,0.93,3.01
2611.0,24.16,14.2,93.5,9.44,373.42,22.77,88.98,15.52,22.77,88.98,25.17,64.53,12.94,37.59,37.44,15.28,373.42,3.01,1.82,0.93,3.0
2612.0,24.16,14.2,93.5,9.44,373.5,22.77,88.98,15.52,22.77,88.98,25.17,64.53,12.94,37.59,37.44,15.28,373.5,3.01,1.82,0.94,3.0
2613.0,24.16,14.2,93.5,9.44,370.7,22.77,88.98,15.52,22.77,88.98,25.17,64.53,12.94,37.59,37.44,15.28,370.7,2.99,1.81,0.94,3.0
2614.0,24.15,14.19,93.69,9.45,370.36,22.77,88.94,15.51,22.77,88.94,25.15,64.67,12.95,37.61,37.34,15.25,370.36,2.98,1.8,0.95,2.99
2615.0,24.15,14.19,93.69,9.45,371.45,22.77,88.94,15.51,22.77,88.94,25.15,64.67,12.95,37.61,37.34,15.25,371.45,2.99,1.81,0.95,2.99
2616.0,24.15,14.19,93.69,9.45,372.34,22.77,88.94,15.51,22.77,88.94,25.15,64.67,12.95,37.61,37.34,15.25,372.34,3.0,1.81,0.95,2.99
2617.0,24.15,14.19,93.74,9.45,373.57,22.79,88.84,15.51,22.79,88.84,25.13,64.82,12.97,37.66,37.22,15.24,373.57,3.01,1.82,0.95,2.98
2618.0,24.15,14.19,93.74,9.45,374.32,22.79,88.84,15.51,22.79,88.84,25.13,64.82,12.97,37.66,37.22,15.24,374.32,3.01,1.82,0.95,2.98
2619.0,24.15,14.19,93.74,9.45,372.59,22.79,88.84,15.51,22.79,88.84,25.13,64.82,12.97,37.66,37.22,15.24,372.59,3.0,1.81,0.94,2.98
2620.0,24.13,14.19,93.58,9.44,370.42,22.78,88.72,15.48,22.78,88.72,25.11,64.79,12.95,37.65,37.16,15.2,370.42,2.98,1.8,0.94,2.98
2621.0,24.13,14.19,93.58,9.44,367.77,22.78,88.72,15.48,22.78,88.72,25.11,64.79,12.95,37.65,37.16,15.2,367.77,2.95,1.79,0.92,2.98
2622.0,24.13,14.19,93.58,9.44,367.1,22.78,88.72,15.48,22.78,88.72,25.11,64.79,12.95,37.65,37.16,15.2,367.1,2.95,1.78,0.92,2.98
2623.0,24.13,14.18,93.57,9.43,367.12,22.78,88.63,15.46,22.78,88.63,25.09,64.94,12.96,37.66,37.11,15.19,367.12,2.95,1.79,0.92,2.97
2624.0,24.13,14.18,93.57,9.43,367.04,22.78,88.63,15.46,22.78,88.63,25.09,64.94,12.96,37.66,37.11,15.19,367.04,2.95,1.79,0.92,2.97
2625.0,24.13,14.18,93.57,9.43,367.73,22.78,88.63,15.46,22.78,88.63,25.09,64.94,12.96,37.66,37.11,15.19,367.73,2.95,1.79,0.93,2.97
2626.0,24.15,14.18,93.47,9.42,368.68,22.78,88.53,15.44,22.78,88.53,25.08,64.84,12.94,37.66,37.06,15.17,368.68,2.96,1.8,0.93,2.97
2627.0,24.15,14.18,93.47,9.42,370.93,22.78,88.53,15.44,22.78,88.53,25.08,64.84,12.94,37.66,37.06,15.17,370.93,2.97,1.81,0.93,2.97
2628.0,24.15,14.16,93.64,9.42,369.92,22.77,88.44,15.42,22.77,88.44,25.06,64.86,12.93,37.65,37,15.14,369.92,2.97,1.8,0.9,2.97
2629.0,24.15,14.16,93.64,9.42,370.04,22.77,88.44,15.42,22.77,88.44,25.06,64.86,12.93,37.65,37,15.14,370.04,2.96,1.8,0.9,2.95
2630.0,24.15,14.16,93.64,9.42,370.33,22.77,88.44,15.42,22.77,88.44,25.06,64.86,12.93,37.65,37,15.14,370.33,2.96,1.8,0.9,2.95
2631.0,24.15,14.16,93.64,9.42,370.47,22.77,88.44,15.42,22.77,88.44,25.06,64.86,12.93,37.65,37,15.14,370.47,2.96,1.8,0.92,2.95
2632.0,24.16,14.16,93.69,9.43,370.94,22.76,88.35,15.4,22.76,88.35,25.05,64.82,12.91,37.64,36.95,15.11,370.94,2.96,1.8,0.92,2.95
2633.0,24.16,14.16,93.69,9.43,371.43,22.76,88.35,15.4,22.76,88.35,25.05,64.82,12.91,37.64,36.95,15.11,371.43,2.96,1.8,0.92,2.95
2634.0,24.16,14.16,93.69,9.43,374.23,22.76,88.35,15.4,22.76,88.35,25.05,64.82,12.91,37.64,36.95,15.11,374.23,2.98,1.82,0.92,2.95
2635.0,24.15,14.17,93.59,9.42,373.36,22.76,88.29,15.38,22.76,88.29,25.04,64.82,12.9,37.64,36.91,15.09,373.36,2.98,1.81,0.93,2.95
2636.0,24.15,14.17,93.59,9.42,371.99,22.76,88.29,15.38,22.76,88.29,25.04,64.82,12.9,37.64,36.91,15.09,371.99,2.96,1.81,0.93,2.95
2637.0,24.15,14.17,93.59,9.42,371.84,22.76,88.29,15.38,22.76,88.29,25.04,64.82,12.9,37.64,36.91,15.09,371.84,2.96,1.8,0.89,2.95
2638.0,24.15,14.15,93.6,9.42,372.38,22.75,88.19,15.36,22.75,88.19,25.04,64.79,12.9,37.63,36.89,15.08,372.38,2.96,1.81,0.89,2.94
2639.0,24.15,14.15,93.6,9.42,372.35,22.75,88.19,15.36,22.75,88.19,25.04,64.79,12.9,37.63,36.89,15.08,372.35,2.96,1.81,0.91,2.94
2640.0,24.15,14.15,93.6,9.42,369.41,22.75,88.19,15.36,22.75,88.19,25.04,64.79,12.9,37.63,36.89,15.08,369.41,2.94,1.8,0.91,2.94
2641.0,24.12,14.13,93.65,9.41,368.44,22.73,88.09,15.32,22.73,88.09,25.02,64.72,12.87,37.6,36.89,15.05,368.44,2.93,1.79,0.87,2.92
2642.0,24.12,14.13,93.65,9.41,367.91,22.73,88.09,15.32,22.73,88.09,25.02,64.72,12.87,37.6,36.89,15.05,367.91,2.92,1.79,0.87,2.92
2643.0,24.12,14.13,93.65,9.41,368.36,22.73,88.09,15.32,22.73,88.09,25.02,64.72,12.87,37.6,36.89,15.05,368.36,2.92,1.79,0.87,2.92
2644.0,24.11,14.13,93.51,9.39,367.63,22.73,87.98,15.3,22.73,87.98,25.02,64.7,12.87,37.61,36.84,15.03,367.63,2.91,1.79,0.9,2.92
2645.0,24.11,14.13,93.51,9.39,367.35,22.73,87.98,15.3,22.73,87.98,25.02,64.7,12.87,37.61,36.84,15.03,367.35,2.91,1.79,0.9,2.92
2646.0,24.11,14.13,93.51,9.39,370.11,22.73,87.98,15.3,22.73,87.98,25.02,64.7,12.87,37.61,36.84,15.03,370.11,2.93,1.8,0.88,2.91
2647.0,24.1,14.13,93.47,9.39,372.02,22.74,87.91,15.3,22.74,87.91,25.03,64.81,12.89,37.64,36.77,15.03,372.02,2.95,1.81,0.88,2.91
2648.0,24.1,14.13,93.47,9.39,373.57,22.74,87.91,15.3,22.74,87.91,25.03,64.81,12.89,37.64,36.77,15.03,373.57,2.96,1.82,0.88,2.91
2649.0,24.1,14.13,93.47,9.39,376.01,22.74,87.91,15.3,22.74,87.91,25.03,64.81,12.89,37.64,36.77,15.03,376.01,2.98,1.83,0.88,2.91
2650.0,24.11,14.15,93.17,9.37,378.07,22.73,87.86,15.28,22.73,87.86,25.03,64.73,12.87,37.63,36.7,15,378.07,2.99,1.84,0.89,2.92
2651.0,24.11,14.15,93.17,9.37,375.94,22.73,87.86,15.28,22.73,87.86,25.03,64.73,12.87,37.63,36.7,15,375.94,2.98,1.83,0.89,2.92
2652.0,24.11,14.15,93.17,9.37,370.6,22.73,87.86,15.28,22.73,87.86,25.03,64.73,12.87,37.63,36.7,15,370.6,2.93,1.8,0.87,2.92
2653.0,24.12,14.15,93.23,9.38,369.18,22.73,87.78,15.26,22.73,87.78,25.03,64.6,12.85,37.64,36.6,14.96,369.18,2.92,1.79,0.87,2.91
2654.0,24.12,14.15,93.23,9.38,359.72,22.73,87.78,15.26,22.73,87.78,25.03,64.6,12.85,37.64,36.6,14.96,359.72,2.84,1.74,0.88,2.91
2655.0,24.12,14.15,93.23,9.38,357.82,22.73,87.78,15.26,22.73,87.78,25.03,64.6,12.85,37.64,36.6,14.96,357.82,2.82,1.73,0.88,2.91
2656.0,24.12,14.15,93.1,9.37,359.61,22.72,87.72,15.24,22.72,87.72,25.05,64.59,12.86,37.64,36.53,14.93,359.61,2.83,1.74,0.86,2.91
2657.0,24.12,14.15,93.1,9.37,364.4,22.72,87.72,15.24,22.72,87.72,25.05,64.59,12.86,37.64,36.53,14.93,364.4,2.87,1.77,0.86,2.91
2658.0,24.12,14.15,93.1,9.37,370.26,22.72,87.72,15.24,22.72,87.72,25.05,64.59,12.86,37.64,36.53,14.93,370.26,2.92,1.79,0.86,2.91
2659.0,24.12,14.16,93.11,9.37,371.91,22.71,87.65,15.22,22.71,87.65,25.06,64.44,12.84,37.62,36.49,14.9,371.91,2.93,1.8,0.86,2.92
2660.0,24.12,14.16,93.11,9.37,371.71,22.71,87.65,15.22,22.71,87.65,25.06,64.44,12.84,37.62,36.49,14.9,371.71,2.92,1.8,0.88,2.91
2661.0,24.12,14.16,93.11,9.37,369.7,22.71,87.65,15.22,22.71,87.65,25.06,64.44,12.84,37.62,36.49,14.9,369.7,2.9,1.79,0.88,2.91
2662.0,24.13,14.16,93.11,9.37,368.44,22.71,87.54,15.2,22.71,87.54,25.06,64.56,12.87,37.63,36.49,14.91,368.44,2.89,1.79,0.88,2.91
2663.0,24.13,14.16,93.11,9.37,369.59,22.71,87.54,15.2,22.71,87.54,25.06,64.56,12.87,37.63,36.49,14.91,369.59,2.89,1.8,0.89,2.91
2664.0,24.13,14.16,93.11,9.37,370.29,22.71,87.54,15.2,22.71,87.54,25.06,64.56,12.87,37.63,36.49,14.91,370.29,2.9,1.8,0.89,2.91
2665.0,24.15,14.17,93.04,9.37,370.31,22.72,87.45,15.19,22.72,87.45,25.06,64.59,12.87,37.65,36.5,14.93,370.31,2.9,1.8,0.87,2.91
2666.0,24.15,14.17,93.04,9.37,363.15,22.72,87.45,15.19,22.72,87.45,25.06,64.59,12.87,37.65,36.5,14.93,363.15,2.84,1.78,0.87,2.91
2667.0,24.15,14.17,93.04,9.37,362.32,22.72,87.45,15.19,22.72,87.45,25.06,64.59,12.87,37.65,36.5,14.93,362.32,2.84,1.77,0.86,2.91
2668.0,24.15,14.17,93.01,9.37,361.06,22.71,87.37,15.17,22.71,87.37,25.06,64.54,12.86,37.64,36.54,14.94,361.06,2.82,1.78,0.86,2.91
2669.0,24.15,14.17,93.01,9.37,362.41,22.71,87.37,15.17,22.71,87.37,25.06,64.54,12.86,37.64,36.54,14.94,362.41,2.83,1.78,0.85,2.91
2670.0,24.15,14.17,93.01,9.37,365.49,22.71,87.37,15.17,22.71,87.37,25.06,64.54,12.86,37.64,36.54,14.94,365.49,2.85,1.8,0.85,2.91
2671.0,24.12,14.19,93.05,9.38,368.95,22.71,87.3,15.15,22.71,87.3,25.09,64.42,12.86,37.64,36.58,14.95,368.95,2.88,1.81,0.89,2.91
2672.0,24.12,14.19,93.05,9.38,374.24,22.71,87.3,15.15,22.71,87.3,25.09,64.42,12.86,37.64,36.58,14.95,374.24,2.91,1.85,0.89,2.91
2673.0,24.12,14.19,93.05,9.38,373.73,22.71,87.3,15.15,22.71,87.3,25.09,64.42,12.86,37.64,36.58,14.95,373.73,2.91,1.84,0.89,2.91
2674.0,24.09,14.17,93.09,9.38,370.76,22.7,87.25,15.14,22.7,87.25,25.1,64.36,12.86,37.63,36.58,14.94,370.76,2.88,1.83,0.89,2.9
2675.0,24.09,14.17,93.09,9.38,369.08,22.7,87.25,15.14,22.7,87.25,25.1,64.36,12.86,37.63,36.58,14.94,369.08,2.87,1.82,0.89,2.9
2676.0,24.09,14.17,93.09,9.38,367.11,22.7,87.25,15.14,22.7,87.25,25.1,64.36,12.86,37.63,36.58,14.94,367.11,2.85,1.81,0.87,2.9
2677.0,24.09,14.19,93.29,9.41,366.59,22.7,87.22,15.14,22.7,87.22,25.13,64.3,12.87,37.63,36.52,14.92,366.59,2.85,1.81,0.87,2.91
2678.0,24.09,14.19,93.29,9.41,365.94,22.7,87.22,15.14,22.7,87.22,25.13,64.3,12.87,37.63,36.52,14.92,365.94,2.83,1.8,0.85,2.91
2679.0,24.09,14.19,93.29,9.41,365.77,22.7,87.22,15.14,22.7,87.22,25.13,64.3,12.87,37.63,36.52,14.92,365.77,2.83,1.8,0.85,2.91
2680.0,24.08,14.18,93.26,9.4,369.41,22.7,87.18,15.13,22.7,87.18,25.15,64.27,12.88,37.62,36.42,14.87,369.41,2.86,1.81,0.85,2.9
2681.0,24.08,14.18,93.26,9.4,371.58,22.7,87.18,15.13,22.7,87.18,25.15,64.27,12.88,37.62,36.42,14.87,371.58,2.87,1.82,0.85,2.9
2682.0,24.08,14.18,93.26,9.4,376.78,22.7,87.18,15.13,22.7,87.18,25.15,64.27,12.88,37.62,36.42,14.87,376.78,2.91,1.84,0.88,2.9
2683.0,24.07,14.2,93.07,9.39,376.17,22.69,87.13,15.11,22.69,87.13,25.2,64.09,12.88,37.61,36.3,14.81,376.17,2.91,1.84,0.88,2.91
2684.0,24.07,14.2,93.07,9.39,376.55,22.69,87.13,15.11,22.69,87.13,25.2,64.09,12.88,37.61,36.3,14.81,376.55,2.91,1.83,0.85,2.91
2685.0,24.07,14.2,93.07,9.39,376.58,22.69,87.13,15.11,22.69,87.13,25.2,64.09,12.88,37.61,36.3,14.81,376.58,2.91,1.83,0.85,2.91
2686.0,24.06,14.2,93.06,9.39,373.06,22.69,87.06,15.1,22.69,87.06,25.24,64,12.89,37.61,36.2,14.77,373.06,2.88,1.8,0.87,2.91
2687.0,24.06,14.2,93.06,9.39,370.78,22.69,87.06,15.1,22.69,87.06,25.24,64,12.89,37.61,36.2,14.77,370.78,2.86,1.79,0.87,2.91
2688.0,24.06,14.2,93.06,9.39,366.13,22.69,87.06,15.1,22.69,87.06,25.24,64,12.89,37.61,36.2,14.77,366.13,2.82,1.77,0.88,2.91
2689.0,24.07,14.2,93.22,9.41,365.46,22.68,86.97,15.07,22.68,86.97,25.23,64.1,12.91,37.6,36.15,14.74,365.46,2.82,1.77,0.88,2.9
2690.0,24.07,14.2,93.22,9.41,365.24,22.68,86.97,15.07,22.68,86.97,25.23,64.1,12.91,37.6,36.15,14.74,365.24,2.8,1.76,0.88,2.9
2691.0,24.07,14.2,93.22,9.41,365.52,22.68,86.97,15.07,22.68,86.97,25.23,64.1,12.91,37.6,36.15,14.74,365.52,2.81,1.76,0.88,2.9
2692.0,24.1,14.2,93.11,9.4,365.96,22.68,86.89,15.06,22.68,86.89,25.22,64.13,12.9,37.6,36.13,14.73,365.96,2.81,1.77,0.87,2.9
2693.0,24.1,14.2,93.11,9.4,368.21,22.68,86.89,15.06,22.68,86.89,25.22,64.13,12.9,37.6,36.13,14.73,368.21,2.82,1.78,0.87,2.9
2694.0,24.1,14.2,93.11,9.4,369.55,22.68,86.89,15.06,22.68,86.89,25.22,64.13,12.9,37.6,36.13,14.73,369.55,2.84,1.78,0.87,2.9
2695.0,24.11,14.2,93.2,9.41,368.37,22.68,86.79,15.04,22.68,86.79,25.2,64.22,12.9,37.6,36.12,14.73,368.37,2.83,1.78,0.88,2.9
2696.0,24.11,14.2,93.2,9.41,367.31,22.68,86.79,15.04,22.68,86.79,25.2,64.22,12.9,37.6,36.12,14.73,367.31,2.81,1.78,0.88,2.9
2697.0,24.11,14.2,93.2,9.41,369.14,22.68,86.79,15.04,22.68,86.79,25.2,64.22,12.9,37.6,36.12,14.73,369.14,2.82,1.79,0.88,2.9
2698.0,24.1,14.2,93.2,9.4,371.09,22.67,86.71,15.02,22.67,86.71,25.16,64.4,12.91,37.59,36.12,14.72,371.09,2.83,1.8,0.88,2.89
2699.0,24.1,14.2,93.2,9.4,373.5,22.67,86.71,15.02,22.67,86.71,25.16,64.4,12.91,37.59,36.12,14.72,373.5,2.85,1.81,0.85,2.89
2700.0,24.1,14.2,93.2,9.4,375.34,22.67,86.71,15.02,22.67,86.71,25.16,64.4,12.91,37.59,36.12,14.72,375.34,2.86,1.82,0.85,2.89
2701.0,24.12,14.21,93.01,9.39,375.41,22.67,86.64,15,22.67,86.64,25.14,64.41,12.9,37.57,36.13,14.7,375.41,2.87,1.82,0.86,2.9
2702.0,24.12,14.21,93.01,9.39,374.96,22.67,86.64,15,22.67,86.64,25.14,64.41,12.9,37.57,36.13,14.7,374.96,2.86,1.82,0.86,2.9
2703.0,24.12,14.21,93.01,9.39,374.97,22.67,86.64,15,22.67,86.64,25.14,64.41,12.9,37.57,36.13,14.7,374.97,2.86,1.82,0.86,2.9
2704.0,24.12,14.2,93.26,9.41,376.2,22.66,86.58,14.98,22.66,86.58,25.12,64.48,12.89,37.56,36.12,14.69,376.2,2.86,1.83,0.87,2.89
2705.0,24.12,14.2,93.26,9.41,376.9,22.66,86.58,14.98,22.66,86.58,25.12,64.48,12.89,37.56,36.12,14.69,376.9,2.86,1.83,0.87,2.89
2706.0,24.12,14.2,93.26,9.41,376.23,22.66,86.58,14.98,22.66,86.58,25.12,64.48,12.89,37.56,36.12,14.69,376.23,2.86,1.83,0.88,2.89
2707.0,24.15,14.2,93.26,9.41,375.19,22.66,86.5,14.97,22.66,86.5,25.09,64.59,12.89,37.57,36.09,14.7,375.19,2.85,1.82,0.88,2.88
2708.0,24.15,14.2,93.26,9.41,374.8,22.66,86.5,14.97,22.66,86.5,25.09,64.59,12.89,37.57,36.09,14.7,374.8,2.84,1.82,0.86,2.88
2709.0,24.15,14.2,93.26,9.41,374.5,22.66,86.5,14.97,22.66,86.5,25.09,64.59,12.89,37.57,36.09,14.7,374.5,2.84,1.82,0.86,2.88
2710.0,24.15,14.2,93.27,9.41,372.1,22.66,86.43,14.96,22.66,86.43,25.07,64.61,12.88,37.57,36.09,14.69,372.1,2.82,1.81,0.87,2.88
2711.0,24.15,14.2,93.27,9.41,370.34,22.66,86.43,14.96,22.66,86.43,25.07,64.61,12.88,37.57,36.09,14.69,370.34,2.8,1.81,0.87,2.88
2712.0,24.15,14.2,93.27,9.41,374.18,22.66,86.43,14.96,22.66,86.43,25.07,64.61,12.88,37.57,36.09,14.69,374.18,2.83,1.82,0.86,2.88
2713.0,24.16,14.19,93.38,9.42,376.38,22.66,86.38,14.95,22.66,86.38,25.05,64.67,12.88,37.57,36.07,14.68,376.38,2.85,1.83,0.86,2.88
2714.0,24.16,14.19,93.38,9.42,380.25,22.66,86.38,14.95,22.66,86.38,25.05,64.67,12.88,37.57,36.07,14.68,380.25,2.87,1.86,0.83,2.88
2715.0,24.16,14.19,93.38,9.42,380.86,22.66,86.38,14.95,22.66,86.38,25.05,64.67,12.88,37.57,36.07,14.68,380.86,2.88,1.86,0.83,2.87
2716.0,24.16,14.19,93.27,9.41,379.67,22.65,86.32,14.93,22.65,86.32,25.03,64.66,12.86,37.56,36.05,14.67,379.67,2.87,1.85,0.82,2.87
2717.0,24.16,14.19,93.27,9.41,377.63,22.65,86.32,14.93,22.65,86.32,25.03,64.66,12.86,37.56,36.05,14.67,377.63,2.85,1.84,0.82,2.87
2718.0,24.16,14.19,93.27,9.41,375.01,22.65,86.32,14.93,22.65,86.32,25.03,64.66,12.86,37.56,36.05,14.67,375.01,2.83,1.83,0.84,2.87
2719.0,24.15,14.19,93.41,9.42,378.23,22.65,86.27,14.92,22.65,86.27,25.02,64.66,12.85,37.56,36.04,14.66,378.23,2.86,1.85,0.84,2.87
2720.0,24.15,14.19,93.41,9.42,378.14,22.65,86.27,14.92,22.65,86.27,25.02,64.66,12.85,37.56,36.04,14.66,378.14,2.85,1.85,0.84,2.87
2721.0,24.15,14.19,93.41,9.42,375.18,22.65,86.27,14.92,22.65,86.27,25.02,64.66,12.85,37.56,36.04,14.66,375.18,2.82,1.83,0.83,2.87
2722.0,24.16,14.17,93.61,9.43,370.29,22.65,86.22,14.91,22.65,86.22,25,64.73,12.85,37.55,36.03,14.65,370.29,2.78,1.81,0.83,2.85
2723.0,24.16,14.17,93.61,9.43,369.05,22.65,86.22,14.91,22.65,86.22,25,64.73,12.85,37.55,36.03,14.65,369.05,2.77,1.8,0.84,2.85
2724.0,24.16,14.17,93.61,9.43,371.13,22.65,86.22,14.91,22.65,86.22,25,64.73,12.85,37.55,36.03,14.65,371.13,2.79,1.81,0.84,2.85
2725.0,24.14,14.19,93.3,9.41,371.95,22.64,86.19,14.9,22.64,86.19,24.97,64.82,12.85,37.55,35.99,14.63,371.95,2.8,1.82,0.84,2.86
2726.0,24.14,14.19,93.3,9.41,374.23,22.64,86.19,14.9,22.64,86.19,24.97,64.82,12.85,37.55,35.99,14.63,374.23,2.81,1.82,0.84,2.86
2727.0,24.14,14.19,93.3,9.41,376.53,22.64,86.19,14.9,22.64,86.19,24.97,64.82,12.85,37.55,35.99,14.63,376.53,2.83,1.83,0.87,2.86
2728.0,24.11,14.16,93.64,9.42,375.74,22.64,86.14,14.88,22.64,86.14,24.94,64.87,12.84,37.54,35.95,14.61,375.74,2.82,1.83,0.87,2.84
2729.0,24.11,14.16,93.64,9.42,375.41,22.64,86.14,14.88,22.64,86.14,24.94,64.87,12.84,37.54,35.95,14.61,375.41,2.82,1.83,0.87,2.84
2730.0,24.11,14.16,93.64,9.42,372.47,22.64,86.14,14.88,22.64,86.14,24.94,64.87,12.84,37.54,35.95,14.61,372.47,2.79,1.81,0.86,2.84
2731.0,24.1,14.16,93.52,9.41,370.92,22.63,86.08,14.87,22.63,86.08,24.92,64.93,12.83,37.54,35.92,14.6,370.92,2.78,1.8,0.86,2.84
2732.0,24.1,14.16,93.52,9.41,369.46,22.63,86.08,14.87,22.63,86.08,24.92,64.93,12.83,37.54,35.92,14.6,369.46,2.77,1.8,0.82,2.84
2733.0,24.1,14.16,93.52,9.41,368.88,22.63,86.08,14.87,22.63,86.08,24.92,64.93,12.83,37.54,35.92,14.6,368.88,2.77,1.8,0.82,2.83
2734.0,24.07,14.16,93.5,9.41,367.09,22.63,86.02,14.85,22.63,86.02,24.9,64.83,12.8,37.53,35.94,14.59,367.09,2.75,1.79,0.87,2.83
2735.0,24.07,14.16,93.5,9.41,369.32,22.63,86.02,14.85,22.63,86.02,24.9,64.83,12.8,37.53,35.94,14.59,369.32,2.76,1.8,0.87,2.83
2736.0,24.07,14.16,93.5,9.41,370.28,22.63,86.02,14.85,22.63,86.02,24.9,64.83,12.8,37.53,35.94,14.59,370.28,2.77,1.81,0.84,2.83
2737.0,24.05,14.16,93.42,9.4,369.33,22.63,85.96,14.84,22.63,85.96,24.91,64.86,12.81,37.54,36.02,14.64,369.33,2.76,1.8,0.84,2.83
2738.0,24.05,14.16,93.42,9.4,368.68,22.63,85.96,14.84,22.63,85.96,24.91,64.86,12.81,37.54,36.02,14.64,368.68,2.76,1.82,0.83,2.83
2739.0,24.05,14.16,93.42,9.4,367.87,22.63,85.96,14.84,22.63,85.96,24.91,64.86,12.81,37.54,36.02,14.64,367.87,2.75,1.81,0.83,2.83
2740.0,24.05,14.15,93.39,9.39,368.06,22.63,85.9,14.84,22.63,85.9,24.89,64.87,12.8,37.55,36.09,14.67,368.06,2.75,1.83,0.84,2.82
2741.0,24.05,14.15,93.39,9.39,368.51,22.63,85.9,14.84,22.63,85.9,24.89,64.87,12.8,37.55,36.09,14.67,368.51,2.76,1.83,0.84,2.82
2742.0,24.05,14.15,93.39,9.39,371.88,22.63,85.9,14.84,22.63,85.9,24.89,64.87,12.8,37.55,36.09,14.67,371.88,2.78,1.85,0.84,2.82
2743.0,24.04,14.16,93.22,9.38,372.38,22.62,85.87,14.83,22.62,85.87,24.87,64.9,12.79,37.55,36.15,14.7,372.38,2.79,1.85,0.86,2.82
2744.0,24.04,14.16,93.22,9.38,372.97,22.62,85.87,14.83,22.62,85.87,24.87,64.9,12.79,37.55,36.15,14.7,372.97,2.79,1.86,0.86,2.82
2745.0,24.04,14.16,93.22,9.38,371.35,22.62,85.87,14.83,22.62,85.87,24.87,64.9,12.79,37.55,36.15,14.7,371.35,2.78,1.86,0.86,2.82
2746.0,24.03,14.16,93.2,9.38,368.86,22.62,85.85,14.82,22.62,85.85,24.86,64.92,12.78,37.55,36.21,14.72,368.86,2.76,1.85,0.86,2.82
2747.0,24.03,14.16,93.2,9.38,368.4,22.62,85.85,14.82,22.62,85.85,24.86,64.92,12.78,37.55,36.21,14.72,368.4,2.75,1.85,0.84,2.82
2748.0,24.03,14.16,93.2,9.38,367.43,22.62,85.85,14.82,22.62,85.85,24.86,64.92,12.78,37.55,36.21,14.72,367.43,2.75,1.85,0.84,2.81
2749.0,24.03,14.17,93.15,9.38,367.43,22.62,85.84,14.82,22.62,85.84,24.85,64.85,12.76,37.55,36.27,14.75,367.43,2.75,1.85,0.84,2.82
2750.0,24.03,14.17,93.15,9.38,367.21,22.62,85.84,14.82,22.62,85.84,24.85,64.85,12.76,37.55,36.27,14.75,367.21,2.74,1.85,0.84,2.82
2751.0,24.03,14.17,93.15,9.38,365.2,22.62,85.84,14.82,22.62,85.84,24.85,64.85,12.76,37.55,36.27,14.75,365.2,2.73,1.84,0.84,2.81
2752.0,24.06,14.17,93.18,9.38,366.3,22.62,85.85,14.81,22.62,85.85,24.85,64.76,12.74,37.54,36.35,14.78,366.3,2.73,1.86,0.87,2.81
2753.0,24.06,14.17,93.18,9.38,366.81,22.62,85.85,14.81,22.62,85.85,24.85,64.76,12.74,37.54,36.35,14.78,366.81,2.74,1.86,0.87,2.81
2754.0,24.06,14.17,93.18,9.38,367.96,22.62,85.85,14.81,22.62,85.85,24.85,64.76,12.74,37.54,36.35,14.78,367.96,2.75,1.87,0.85,2.81
2755.0,24.07,14.17,93.18,9.39,367.99,22.61,85.86,14.81,22.61,85.86,24.86,64.65,12.73,37.53,36.4,14.79,367.99,2.75,1.87,0.85,2.81
2756.0,24.07,14.17,93.18,9.39,363.11,22.61,85.86,14.81,22.61,85.86,24.86,64.65,12.73,37.53,36.4,14.79,363.11,2.71,1.85,0.84,2.81
2757.0,24.07,14.17,93.18,9.39,361.87,22.61,85.86,14.81,22.61,85.86,24.86,64.65,12.73,37.53,36.4,14.79,361.87,2.7,1.84,0.84,2.81
2758.0,24.07,14.17,93.21,9.39,362.23,22.61,85.9,14.81,22.61,85.9,24.89,64.46,12.71,37.52,36.43,14.8,362.23,2.7,1.84,0.85,2.81
2759.0,24.07,14.17,93.21,9.39,360.92,22.61,85.9,14.81,22.61,85.9,24.89,64.46,12.71,37.52,36.43,14.8,360.92,2.69,1.84,0.85,2.81
2760.0,24.07,14.17,93.21,9.39,360.7,22.61,85.9,14.81,22.61,85.9,24.89,64.46,12.71,37.52,36.43,14.8,360.7,2.69,1.84,0.83,2.81
2761.0,24.06,14.18,93.22,9.39,361.12,22.61,85.91,14.82,22.61,85.91,24.89,64.56,12.74,37.54,36.44,14.81,361.12,2.69,1.84,0.83,2.81
2762.0,24.06,14.18,93.22,9.39,363.05,22.61,85.91,14.82,22.61,85.91,24.89,64.56,12.74,37.54,36.44,14.81,363.05,2.71,1.85,0.83,2.81
2763.0,24.06,14.18,93.22,9.39,364.53,22.61,85.91,14.82,22.61,85.91,24.89,64.56,12.74,37.54,36.44,14.81,364.53,2.72,1.86,0.84,2.81
2764.0,24.04,14.18,93.09,9.38,365.36,22.6,85.95,14.82,22.6,85.95,24.88,64.64,12.74,37.51,36.46,14.79,365.36,2.72,1.86,0.84,2.81
2765.0,24.04,14.18,93.09,9.38,365.39,22.6,85.95,14.82,22.6,85.95,24.88,64.64,12.74,37.51,36.46,14.79,365.39,2.72,1.86,0.84,2.81
2766.0,24.04,14.18,93.09,9.38,366.57,22.6,85.95,14.82,22.6,85.95,24.88,64.64,12.74,37.51,36.46,14.79,366.57,2.73,1.86,0.84,2.81
2767.0,24.03,14.18,93.24,9.4,367.91,22.61,85.95,14.82,22.61,85.95,24.89,64.66,12.75,37.52,36.4,14.78,367.91,2.74,1.87,0.84,2.81
2768.0,24.03,14.18,93.24,9.4,367.96,22.61,85.95,14.82,22.61,85.95,24.89,64.66,12.75,37.52,36.4,14.78,367.96,2.74,1.86,0.84,2.8
2769.0,24.03,14.18,93.24,9.4,370.6,22.61,85.95,14.82,22.61,85.95,24.89,64.66,12.75,37.52,36.4,14.78,370.6,2.76,1.88,0.84,2.8
2770.0,24.03,14.19,93.1,9.39,371.98,22.6,85.94,14.82,22.6,85.94,24.89,64.61,12.75,37.5,36.37,14.75,371.98,2.77,1.88,0.84,2.81
2771.0,24.03,14.19,93.1,9.39,372.21,22.6,85.94,14.82,22.6,85.94,24.89,64.61,12.75,37.5,36.37,14.75,372.21,2.77,1.88,0.84,2.81
2772.0,24.03,14.19,93.1,9.39,373.93,22.6,85.94,14.82,22.6,85.94,24.89,64.61,12.75,37.5,36.37,14.75,373.93,2.79,1.89,0.84,2.8
2773.0,24,14.2,93.01,9.39,375.18,22.6,85.96,14.82,22.6,85.96,24.89,64.58,12.74,37.49,36.34,14.73,375.18,2.8,1.89,0.84,2.81
2774.0,24,14.2,93.01,9.39,377.75,22.6,85.96,14.82,22.6,85.96,24.89,64.58,12.74,37.49,36.34,14.73,377.75,2.81,1.9,0.85,2.81
2775.0,24,14.2,93.01,9.39,379.54,22.6,85.96,14.82,22.6,85.96,24.89,64.58,12.74,37.49,36.34,14.73,379.54,2.83,1.91,0.85,2.81
2776.0,24.01,14.19,93.22,9.4,379.77,22.6,85.94,14.82,22.6,85.94,24.88,64.6,12.73,37.5,36.31,14.73,379.77,2.83,1.91,0.85,2.8
2777.0,24.01,14.19,93.22,9.4,377.89,22.6,85.94,14.82,22.6,85.94,24.88,64.6,12.73,37.5,36.31,14.73,377.89,2.81,1.9,0.85,2.8
2778.0,24.01,14.19,93.22,9.4,376.61,22.6,85.94,14.82,22.6,85.94,24.88,64.6,12.73,37.5,36.31,14.73,376.61,2.8,1.89,0.85,2.8
2779.0,24.01,14.21,93.11,9.4,375.42,22.6,85.93,14.81,22.6,85.93,24.87,64.66,12.73,37.49,36.32,14.73,375.42,2.79,1.89,0.85,2.81
2780.0,24.01,14.21,93.11,9.4,373.05,22.6,85.93,14.81,22.6,85.93,24.87,64.66,12.73,37.49,36.32,14.73,373.05,2.77,1.87,0.85,2.8
2781.0,23.99,14.19,93.32,9.41,366.62,22.58,85.93,14.8,22.58,85.93,24.85,64.71,12.73,37.46,36.38,14.72,366.62,2.72,1.84,0.84,2.8
2782.0,23.99,14.19,93.32,9.41,364.96,22.58,85.93,14.8,22.58,85.93,24.85,64.71,12.73,37.46,36.38,14.72,364.96,2.71,1.83,0.84,2.79
2783.0,23.99,14.19,93.32,9.41,363.95,22.58,85.93,14.8,22.58,85.93,24.85,64.71,12.73,37.46,36.38,14.72,363.95,2.7,1.83,0.85,2.79
2784.0,23.99,14.19,93.32,9.41,363.63,22.58,85.93,14.8,22.58,85.93,24.85,64.71,12.73,37.46,36.38,14.72,363.63,2.7,1.83,0.85,2.79
2785.0,24,14.19,93.37,9.42,362.78,22.59,85.88,14.8,22.59,85.88,24.84,64.65,12.72,37.47,36.54,14.79,362.78,2.69,1.85,0.83,2.79
2786.0,24,14.19,93.37,9.42,362.8,22.59,85.88,14.8,22.59,85.88,24.84,64.65,12.72,37.47,36.54,14.79,362.8,2.69,1.85,0.83,2.79
2787.0,24,14.19,93.37,9.42,365.89,22.59,85.88,14.8,22.59,85.88,24.84,64.65,12.72,37.47,36.54,14.79,365.89,2.71,1.86,0.83,2.79
2788.0,24.02,14.2,93.26,9.41,365.48,22.6,85.89,14.8,22.6,85.89,24.86,64.55,12.71,37.46,36.61,14.82,365.48,2.71,1.86,0.83,2.8
2789.0,24.02,14.2,93.26,9.41,367.16,22.6,85.89,14.8,22.6,85.89,24.86,64.55,12.71,37.46,36.61,14.82,367.16,2.72,1.87,0.82,2.79
2790.0,24.02,14.2,93.26,9.41,367.28,22.6,85.89,14.8,22.6,85.89,24.86,64.55,12.71,37.46,36.61,14.82,367.28,2.72,1.87,0.82,2.79
2791.0,24.03,14.2,93.27,9.42,368.65,22.61,85.85,14.81,22.61,85.85,24.88,64.45,12.7,37.49,36.66,14.86,368.65,2.74,1.89,0.82,2.79
2792.0,24.03,14.2,93.27,9.42,368.51,22.61,85.85,14.81,22.61,85.85,24.88,64.45,12.7,37.49,36.66,14.86,368.51,2.73,1.89,0.82,2.79
2793.0,24.03,14.2,93.27,9.42,368.1,22.61,85.85,14.81,22.61,85.85,24.88,64.45,12.7,37.49,36.66,14.86,368.1,2.73,1.89,0.82,2.79
2794.0,24.03,14.21,93.24,9.41,367.21,22.6,85.88,14.8,22.6,85.88,24.91,64.24,12.68,37.47,36.66,14.84,367.21,2.72,1.89,0.83,2.79
2795.0,24.03,14.21,93.24,9.41,363.02,22.6,85.88,14.8,22.6,85.88,24.91,64.24,12.68,37.47,36.66,14.84,363.02,2.69,1.86,0.83,2.79
2796.0,24.03,14.21,93.24,9.41,362.55,22.6,85.88,14.8,22.6,85.88,24.91,64.24,12.68,37.47,36.66,14.84,362.55,2.69,1.86,0.83,2.79
2797.0,24.05,14.2,93.49,9.43,365.45,22.6,85.92,14.81,22.6,85.92,24.93,64.19,12.69,37.48,36.61,14.83,365.45,2.71,1.87,0.83,2.78
2798.0,24.05,14.2,93.49,9.43,367.1,22.6,85.92,14.81,22.6,85.92,24.93,64.19,12.69,37.48,36.61,14.83,367.1,2.72,1.87,0.83,2.78
2799.0,24.05,14.2,93.49,9.43,368.74,22.6,85.92,14.81,22.6,85.92,24.93,64.19,12.69,37.48,36.61,14.83,368.74,2.73,1.88,0.81,2.78
2800.0,24.05,14.21,93.22,9.42,369.42,22.6,85.96,14.82,22.6,85.96,24.93,64.24,12.7,37.47,36.54,14.8,369.42,2.74,1.89,0.81,2.79
2801.0,24.05,14.21,93.22,9.42,369.06,22.6,85.96,14.82,22.6,85.96,24.93,64.24,12.7,37.47,36.54,14.8,369.06,2.74,1.87,0.82,2.79
2802.0,24.05,14.21,93.22,9.42,367.8,22.6,85.96,14.82,22.6,85.96,24.93,64.24,12.7,37.47,36.54,14.8,367.8,2.73,1.87,0.82,2.79
2803.0,24.03,14.21,93.12,9.41,371.89,22.59,85.99,14.81,22.59,85.99,24.92,64.26,12.7,37.47,36.48,14.77,371.89,2.76,1.88,0.83,2.79
2804.0,24.03,14.21,93.12,9.41,373.15,22.59,85.99,14.81,22.59,85.99,24.92,64.26,12.7,37.47,36.48,14.77,373.15,2.77,1.89,0.83,2.79
2805.0,24.03,14.21,93.12,9.41,373.52,22.59,85.99,14.81,22.59,85.99,24.92,64.26,12.7,37.47,36.48,14.77,373.52,2.77,1.89,0.83,2.79
2806.0,24.02,14.22,93.15,9.41,374.93,22.59,85.99,14.82,22.59,85.99,24.92,64.31,12.71,37.49,36.43,14.77,374.93,2.78,1.9,0.83,2.79
2807.0,24.02,14.22,93.15,9.41,379.87,22.59,85.99,14.82,22.59,85.99,24.92,64.31,12.71,37.49,36.43,14.77,379.87,2.82,1.92,0.83,2.79
2808.0,24.02,14.22,93.15,9.41,381.59,22.59,85.99,14.82,22.59,85.99,24.92,64.31,12.71,37.49,36.43,14.77,381.59,2.83,1.93,0.83,2.79
2809.0,24,14.23,93.15,9.42,381.38,22.59,85.98,14.82,22.59,85.98,24.93,64.27,12.7,37.48,36.4,14.75,381.38,2.82,1.92,0.83,2.79
2810.0,24,14.23,93.15,9.42,378.83,22.59,85.98,14.82,22.59,85.98,24.93,64.27,12.7,37.48,36.4,14.75,378.83,2.81,1.91,0.82,2.79
2811.0,24,14.23,93.15,9.42,372.1,22.59,85.98,14.82,22.59,85.98,24.93,64.27,12.7,37.48,36.4,14.75,372.1,2.76,1.87,0.82,2.79
2812.0,24,14.22,93.35,9.43,370.18,22.58,85.96,14.8,22.58,85.96,24.92,64.29,12.7,37.46,36.37,14.72,370.18,2.74,1.86,0.84,2.78
2813.0,24,14.22,93.35,9.43,369.96,22.58,85.96,14.8,22.58,85.96,24.92,64.29,12.7,37.46,36.37,14.72,369.96,2.73,1.86,0.84,2.78
2814.0,24,14.22,93.35,9.43,369.7,22.58,85.96,14.8,22.58,85.96,24.92,64.29,12.7,37.46,36.37,14.72,369.7,2.73,1.86,0.84,2.78
2815.0,24.02,14.21,93.48,9.44,371.37,22.59,85.95,14.81,22.59,85.95,24.91,64.33,12.7,37.48,36.29,14.71,371.37,2.74,1.86,0.83,2.78
2816.0,24.02,14.21,93.48,9.44,371.82,22.59,85.95,14.81,22.59,85.95,24.91,64.33,12.7,37.48,36.29,14.71,371.82,2.75,1.86,0.83,2.78
2817.0,24.02,14.21,93.48,9.44,368.79,22.59,85.95,14.81,22.59,85.95,24.91,64.33,12.7,37.48,36.29,14.71,368.79,2.72,1.85,0.82,2.78
2818.0,24.03,14.21,93.4,9.43,364.05,22.57,85.97,14.79,22.57,85.97,24.89,64.42,12.71,37.45,36.22,14.65,364.05,2.69,1.82,0.82,2.78
2819.0,24.03,14.21,93.4,9.43,360.73,22.57,85.97,14.79,22.57,85.97,24.89,64.42,12.71,37.45,36.22,14.65,360.73,2.66,1.79,0.84,2.78
2820.0,24.03,14.21,93.4,9.43,360.47,22.57,85.97,14.79,22.57,85.97,24.89,64.42,12.71,37.45,36.22,14.65,360.47,2.66,1.79,0.84,2.78
2821.0,24.03,14.21,93.48,9.44,362.2,22.57,85.92,14.79,22.57,85.92,24.88,64.55,12.72,37.48,36.09,14.62,362.2,2.67,1.79,0.81,2.77
2822.0,24.03,14.21,93.48,9.44,364.4,22.57,85.92,14.79,22.57,85.92,24.88,64.55,12.72,37.48,36.09,14.62,364.4,2.68,1.8,0.81,2.77
2823.0,24.03,14.21,93.48,9.44,368.82,22.57,85.92,14.79,22.57,85.92,24.88,64.55,12.72,37.48,36.09,14.62,368.82,2.72,1.83,0.83,2.77
2824.0,24.01,14.21,93.63,9.46,368.9,22.57,85.9,14.78,22.57,85.9,24.87,64.55,12.72,37.47,35.98,14.57,368.9,2.72,1.83,0.83,2.77
2825.0,24.01,14.21,93.63,9.46,371.54,22.57,85.9,14.78,22.57,85.9,24.87,64.55,12.72,37.47,35.98,14.57,371.54,2.73,1.83,0.83,2.77
2826.0,24.01,14.21,93.63,9.46,373.04,22.57,85.9,14.78,22.57,85.9,24.87,64.55,12.72,37.47,35.98,14.57,373.04,2.74,1.83,0.82,2.77
2827.0,23.98,14.21,93.47,9.44,378.27,22.56,85.87,14.77,22.56,85.87,24.86,64.65,12.73,37.46,35.91,14.53,378.27,2.78,1.85,0.82,2.77
2828.0,23.98,14.21,93.47,9.44,379.4,22.56,85.87,14.77,22.56,85.87,24.86,64.65,12.73,37.46,35.91,14.53,379.4,2.79,1.86,0.84,2.77
2829.0,23.98,14.21,93.47,9.44,379.13,22.56,85.87,14.77,22.56,85.87,24.86,64.65,12.73,37.46,35.91,14.53,379.13,2.78,1.86,0.84,2.77
2830.0,23.92,14.18,93.46,9.42,376.7,22.51,85.83,14.72,22.51,85.83,24.83,64.58,12.69,37.36,35.92,14.45,376.7,2.77,1.85,0.83,2.75
2831.0,23.92,14.18,93.46,9.42,372.19,22.51,85.83,14.72,22.51,85.83,24.83,64.58,12.69,37.36,35.92,14.45,372.19,2.72,1.81,0.83,2.75
2832.0,23.92,14.18,93.46,9.42,369.81,22.51,85.83,14.72,22.51,85.83,24.83,64.58,12.69,37.36,35.92,14.45,369.81,2.7,1.79,0.83,2.75
2833.0,23.93,14.2,93.4,9.43,369.92,22.53,85.75,14.72,22.53,85.75,24.83,64.75,12.73,37.4,35.83,14.45,369.92,2.7,1.8,0.81,2.76
2834.0,23.93,14.2,93.4,9.43,370.74,22.53,85.75,14.72,22.53,85.75,24.83,64.75,12.73,37.4,35.83,14.45,370.74,2.71,1.8,0.81,2.76
2835.0,23.93,14.2,93.4,9.43,370.95,22.53,85.75,14.72,22.53,85.75,24.83,64.75,12.73,37.4,35.83,14.45,370.95,2.71,1.8,0.82,2.75
2836.0,23.94,14.2,93.5,9.44,369.97,22.54,85.68,14.71,22.54,85.68,24.82,64.87,12.74,37.42,35.71,14.42,369.97,2.7,1.8,0.82,2.75
2837.0,23.94,14.2,93.5,9.44,368.72,22.54,85.68,14.71,22.54,85.68,24.82,64.87,12.74,37.42,35.71,14.42,368.72,2.69,1.78,0.83,2.75
2838.0,23.94,14.2,93.5,9.44,368.48,22.54,85.68,14.71,22.54,85.68,24.82,64.87,12.74,37.42,35.71,14.42,368.48,2.69,1.78,0.83,2.75
2839.0,23.95,14.2,93.44,9.43,370.29,22.54,85.61,14.7,22.54,85.61,24.82,64.8,12.73,37.45,35.55,14.37,370.29,2.7,1.78,0.83,2.75
2840.0,23.95,14.2,93.44,9.43,373.34,22.54,85.61,14.7,22.54,85.61,24.82,64.8,12.73,37.45,35.55,14.37,373.34,2.72,1.8,0.83,2.75
2841.0,23.95,14.2,93.44,9.43,373.59,22.54,85.61,14.7,22.54,85.61,24.82,64.8,12.73,37.45,35.55,14.37,373.59,2.73,1.8,0.83,2.75
2842.0,23.92,14.2,93.42,9.43,373.14,22.52,85.55,14.67,22.52,85.55,24.82,64.74,12.72,37.42,35.43,14.3,373.14,2.72,1.8,0.84,2.74
2843.0,23.92,14.2,93.42,9.43,373.02,22.52,85.55,14.67,22.52,85.55,24.82,64.74,12.72,37.42,35.43,14.3,373.02,2.71,1.78,0.84,2.74
2844.0,23.92,14.2,93.42,9.43,373.23,22.52,85.55,14.67,22.52,85.55,24.82,64.74,12.72,37.42,35.43,14.3,373.23,2.71,1.78,0.81,2.74
2845.0,23.91,14.17,93.64,9.43,373.79,22.51,85.49,14.65,22.51,85.49,24.81,64.8,12.72,37.4,35.34,14.25,373.79,2.71,1.78,0.81,2.73
2846.0,23.91,14.17,93.64,9.43,373.75,22.51,85.49,14.65,22.51,85.49,24.81,64.8,12.72,37.4,35.34,14.25,373.75,2.71,1.77,0.82,2.73
2847.0,23.91,14.17,93.64,9.43,373.52,22.51,85.49,14.65,22.51,85.49,24.81,64.8,12.72,37.4,35.34,14.25,373.52,2.71,1.77,0.82,2.72
2848.0,23.91,14.18,93.55,9.43,374.4,22.51,85.37,14.64,22.51,85.37,24.82,64.71,12.71,37.43,35.29,14.24,374.4,2.71,1.78,0.82,2.73
2849.0,23.91,14.18,93.55,9.43,374.98,22.51,85.37,14.64,22.51,85.37,24.82,64.71,12.71,37.43,35.29,14.24,374.98,2.71,1.79,0.8,2.73
2850.0,23.91,14.18,93.55,9.43,374.69,22.51,85.37,14.64,22.51,85.37,24.82,64.71,12.71,37.43,35.29,14.24,374.69,2.71,1.79,0.8,2.73
2851.0,23.9,14.17,93.65,9.43,374.1,22.51,85.25,14.61,22.51,85.25,24.8,64.7,12.69,37.42,35.29,14.24,374.1,2.7,1.79,0.82,2.72
2852.0,23.9,14.17,93.65,9.43,374.22,22.51,85.25,14.61,22.51,85.25,24.8,64.7,12.69,37.42,35.29,14.24,374.22,2.7,1.79,0.82,2.72
2853.0,23.9,14.17,93.65,9.43,373.9,22.51,85.25,14.61,22.51,85.25,24.8,64.7,12.69,37.42,35.29,14.24,373.9,2.7,1.79,0.82,2.72
2854.0,23.92,14.19,93.41,9.42,372.99,22.52,85.13,14.6,22.52,85.13,24.82,64.65,12.69,37.45,35.32,14.27,372.99,2.69,1.78,0.82,2.73
2855.0,23.92,14.19,93.41,9.42,368.53,22.52,85.13,14.6,22.52,85.13,24.82,64.65,12.69,37.45,35.32,14.27,368.53,2.66,1.78,0.8,2.73
2856.0,23.92,14.19,93.41,9.42,366.64,22.52,85.13,14.6,22.52,85.13,24.82,64.65,12.69,37.45,35.32,14.27,366.64,2.64,1.77,0.8,2.73
2857.0,23.91,14.18,93.51,9.43,366.75,22.51,85.04,14.58,22.51,85.04,24.82,64.54,12.68,37.44,35.41,14.3,366.75,2.64,1.79,0.8,2.72
2858.0,23.91,14.18,93.51,9.43,367.51,22.51,85.04,14.58,22.51,85.04,24.82,64.54,12.68,37.44,35.41,14.3,367.51,2.64,1.79,0.81,2.72
2859.0,23.91,14.18,93.51,9.43,367.75,22.51,85.04,14.58,22.51,85.04,24.82,64.54,12.68,37.44,35.41,14.3,367.75,2.64,1.79,0.81,2.72
2860.0,23.9,14.17,93.67,9.43,368.15,22.52,84.97,14.57,22.52,84.97,24.82,64.57,12.68,37.44,35.5,14.34,368.15,2.65,1.79,0.81,2.71
2861.0,23.9,14.17,93.67,9.43,369.55,22.52,84.97,14.57,22.52,84.97,24.82,64.57,12.68,37.44,35.5,14.34,369.55,2.65,1.81,0.81,2.71
2862.0,23.9,14.17,93.67,9.43,367.04,22.52,84.97,14.57,22.52,84.97,24.82,64.57,12.68,37.44,35.5,14.34,367.04,2.64,1.8,0.81,2.71
2863.0,23.94,14.17,93.7,9.44,363.52,22.52,84.9,14.56,22.52,84.9,24.81,64.54,12.67,37.43,35.6,14.38,363.52,2.61,1.8,0.81,2.7
2864.0,23.94,14.17,93.7,9.44,366.85,22.52,84.9,14.56,22.52,84.9,24.81,64.54,12.67,37.43,35.6,14.38,366.85,2.63,1.82,0.81,2.7
2865.0,23.94,14.17,93.7,9.44,371.55,22.52,84.9,14.56,22.52,84.9,24.81,64.54,12.67,37.43,35.6,14.38,371.55,2.67,1.84,0.8,2.7
2866.0,23.97,14.18,93.43,9.42,370.3,22.52,84.87,14.55,22.52,84.87,24.82,64.36,12.64,37.42,35.72,14.42,370.3,2.66,1.83,0.79,2.71
2867.0,23.97,14.18,93.43,9.42,365.67,22.52,84.87,14.55,22.52,84.87,24.82,64.36,12.64,37.42,35.72,14.42,365.67,2.62,1.82,0.79,2.71
2868.0,23.97,14.18,93.43,9.42,364.61,22.52,84.87,14.55,22.52,84.87,24.82,64.36,12.64,37.42,35.72,14.42,364.61,2.62,1.82,0.8,2.71
2869.0,23.99,14.18,93.41,9.42,363.72,22.52,84.84,14.55,22.52,84.84,24.82,64.33,12.63,37.42,35.83,14.47,363.72,2.61,1.83,0.79,2.71
2870.0,23.99,14.18,93.41,9.42,365.09,22.52,84.84,14.55,22.52,84.84,24.82,64.33,12.63,37.42,35.83,14.47,365.09,2.62,1.84,0.79,2.71
2871.0,23.99,14.18,93.41,9.42,367.19,22.52,84.84,14.55,22.52,84.84,24.82,64.33,12.63,37.42,35.83,14.47,367.19,2.63,1.85,0.8,2.71
2872.0,23.99,14.19,93.38,9.42,366.48,22.52,84.82,14.54,22.52,84.82,24.81,64.43,12.65,37.42,35.96,14.52,366.48,2.63,1.84,0.8,2.71
2873.0,23.99,14.19,93.38,9.42,363.99,22.52,84.82,14.54,22.52,84.82,24.81,64.43,12.65,37.42,35.96,14.52,363.99,2.61,1.85,0.77,2.71
2874.0,23.99,14.19,93.38,9.42,364.74,22.52,84.82,14.54,22.52,84.82,24.81,64.43,12.65,37.42,35.96,14.52,364.74,2.61,1.85,0.78,2.71
2875.0,23.97,14.22,93.02,9.4,364.94,22.53,84.81,14.55,22.53,84.81,24.81,64.46,12.65,37.44,36.02,14.56,364.94,2.62,1.86,0.81,2.72
2876.0,23.97,14.22,93.02,9.4,366.51,22.53,84.81,14.55,22.53,84.81,24.81,64.46,12.65,37.44,36.02,14.56,366.51,2.63,1.87,0.81,2.72
2877.0,23.97,14.22,93.02,9.4,368.21,22.53,84.81,14.55,22.53,84.81,24.81,64.46,12.65,37.44,36.02,14.56,368.21,2.64,1.88,0.8,2.72
2878.0,23.93,14.22,93.19,9.42,369.5,22.53,84.85,14.56,22.53,84.85,24.8,64.44,12.64,37.44,36,14.55,369.5,2.65,1.88,0.81,2.72
2879.0,23.93,14.22,93.19,9.42,370.28,22.53,84.85,14.56,22.53,84.85,24.8,64.44,12.64,37.44,36,14.55,370.28,2.66,1.89,0.8,2.72
2880.0,23.93,14.22,93.19,9.42,371.61,22.53,84.85,14.56,22.53,84.85,24.8,64.44,12.64,37.44,36,14.55,371.61,2.67,1.89,0.78,2.72
2881.0,23.9,14.24,93.01,9.41,371.75,22.52,84.92,14.56,22.52,84.92,24.78,64.52,12.64,37.44,35.88,14.5,371.75,2.67,1.88,0.81,2.73
2882.0,23.9,14.24,93.01,9.41,373.28,22.52,84.92,14.56,22.52,84.92,24.78,64.52,12.64,37.44,35.88,14.5,373.28,2.68,1.89,0.81,2.73
2883.0,23.9,14.24,93.01,9.41,377.26,22.52,84.92,14.56,22.52,84.92,24.78,64.52,12.64,37.44,35.88,14.5,377.26,2.71,1.91,0.81,2.73
2884.0,23.9,14.24,92.96,9.41,378.41,22.51,85.02,14.57,22.51,85.02,24.77,64.51,12.63,37.41,35.74,14.42,378.41,2.71,1.88,0.83,2.73
2885.0,23.9,14.24,92.96,9.41,377.03,22.51,85.02,14.57,22.51,85.02,24.77,64.51,12.63,37.41,35.74,14.42,377.03,2.7,1.87,0.83,2.73
2886.0,23.9,14.24,92.96,9.41,376.42,22.51,85.02,14.57,22.51,85.02,24.77,64.51,12.63,37.41,35.74,14.42,376.42,2.7,1.87,0.84,2.73
2887.0,23.89,14.24,93.19,9.43,374.55,22.5,85.02,14.57,22.5,85.02,24.77,64.52,12.63,37.43,35.53,14.34,374.55,2.68,1.84,0.84,2.73
2888.0,23.89,14.24,93.19,9.43,372.83,22.5,85.02,14.57,22.5,85.02,24.77,64.52,12.63,37.43,35.53,14.34,372.83,2.67,1.83,0.84,2.73
2889.0,23.89,14.24,93.19,9.43,372.13,22.5,85.02,14.57,22.5,85.02,24.77,64.52,12.63,37.43,35.53,14.34,372.13,2.66,1.83,0.81,2.73
2890.0,23.87,14.23,93.12,9.42,371.95,22.47,85.05,14.54,22.47,85.05,24.75,64.49,12.61,37.37,35.29,14.2,371.95,2.66,1.79,0.79,2.72
2891.0,23.87,14.23,93.12,9.42,371.98,22.47,85.05,14.54,22.47,85.05,24.75,64.49,12.61,37.37,35.29,14.2,371.98,2.66,1.79,0.79,2.72
2892.0,23.88,14.22,93.6,9.46,372.76,22.49,84.99,14.55,22.49,84.99,24.76,64.52,12.62,37.43,35.09,14.16,372.76,2.66,1.79,0.79,2.71
2893.0,23.88,14.22,93.6,9.46,374.31,22.49,84.99,14.55,22.49,84.99,24.76,64.52,12.62,37.43,35.09,14.16,374.31,2.66,1.79,0.8,2.71
2894.0,23.88,14.22,93.6,9.46,376.84,22.49,84.99,14.55,22.49,84.99,24.76,64.52,12.62,37.43,35.09,14.16,376.84,2.68,1.8,0.8,2.71
2895.0,23.88,14.22,93.6,9.46,379.55,22.49,84.99,14.55,22.49,84.99,24.76,64.52,12.62,37.43,35.09,14.16,379.55,2.7,1.81,0.82,2.71
2896.0,23.89,14.22,93.66,9.47,381.71,22.48,84.92,14.53,22.48,84.92,24.75,64.54,12.62,37.42,34.85,14.06,381.71,2.71,1.8,0.82,2.71
2897.0,23.89,14.22,93.66,9.47,380.63,22.48,84.92,14.53,22.48,84.92,24.75,64.54,12.62,37.42,34.85,14.06,380.63,2.7,1.79,0.8,2.71
2898.0,23.89,14.22,93.57,9.46,381.75,22.46,84.79,14.49,22.46,84.79,24.74,64.54,12.61,37.4,34.64,13.96,381.75,2.71,1.8,0.81,2.71
2899.0,23.89,14.22,93.57,9.46,382.39,22.46,84.79,14.49,22.46,84.79,24.74,64.54,12.61,37.4,34.64,13.96,382.39,2.7,1.78,0.81,2.71
2900.0,23.89,14.22,93.57,9.46,382.64,22.46,84.79,14.49,22.46,84.79,24.74,64.54,12.61,37.4,34.64,13.96,382.64,2.7,1.78,0.8,2.71
2901.0,23.89,14.22,93.57,9.46,382.78,22.46,84.79,14.49,22.46,84.79,24.74,64.54,12.61,37.4,34.64,13.96,382.78,2.7,1.78,0.76,2.7
2902.0,23.89,14.21,93.72,9.46,381.31,22.47,84.5,14.44,22.47,84.5,24.73,64.63,12.62,37.41,34.41,13.87,381.31,2.68,1.76,0.76,2.7
2903.0,23.89,14.21,93.72,9.46,379.85,22.47,84.5,14.44,22.47,84.5,24.73,64.63,12.62,37.41,34.41,13.87,379.85,2.67,1.76,0.76,2.7
2904.0,23.89,14.21,93.72,9.46,379.75,22.47,84.5,14.44,22.47,84.5,24.73,64.63,12.62,37.41,34.41,13.87,379.75,2.66,1.76,0.77,2.69
2905.0,23.87,14.18,93.82,9.46,382.77,22.45,84.35,14.4,22.45,84.35,24.72,64.61,12.61,37.38,34.22,13.77,382.77,2.69,1.77,0.8,2.68
2906.0,23.87,14.18,93.82,9.46,384.98,22.45,84.35,14.4,22.45,84.35,24.72,64.61,12.61,37.38,34.22,13.77,384.98,2.69,1.76,0.81,2.68
2907.0,23.87,14.18,93.82,9.46,382.16,22.45,84.35,14.4,22.45,84.35,24.72,64.61,12.61,37.38,34.22,13.77,382.16,2.67,1.74,0.77,2.68
2908.0,23.86,14.18,93.95,9.47,380.34,22.46,84.2,14.38,22.46,84.2,24.71,64.79,12.64,37.4,34.01,13.7,380.34,2.65,1.72,0.77,2.68
2909.0,23.86,14.18,93.95,9.47,376.27,22.46,84.2,14.38,22.46,84.2,24.71,64.79,12.64,37.4,34.01,13.7,376.27,2.62,1.7,0.77,2.67
2910.0,23.86,14.18,93.95,9.47,374.56,22.46,84.2,14.38,22.46,84.2,24.71,64.79,12.64,37.4,34.01,13.7,374.56,2.61,1.7,0.79,2.67
2911.0,23.83,14.17,93.79,9.45,372.68,22.45,83.95,14.33,22.45,83.95,24.68,64.72,12.61,37.39,33.82,13.61,372.68,2.59,1.68,0.79,2.67
2912.0,23.83,14.17,93.79,9.45,373.75,22.45,83.95,14.33,22.45,83.95,24.68,64.72,12.61,37.39,33.82,13.61,373.75,2.59,1.68,0.77,2.67
2913.0,23.83,14.17,93.79,9.45,375.04,22.45,83.95,14.33,22.45,83.95,24.68,64.72,12.61,37.39,33.82,13.61,375.04,2.6,1.69,0.76,2.66
2914.0,23.82,14.17,93.9,9.46,373.3,22.44,83.85,14.3,22.44,83.85,24.67,64.77,12.61,37.37,33.65,13.52,373.3,2.58,1.66,0.78,2.66
2915.0,23.82,14.17,93.9,9.46,371.39,22.44,83.85,14.3,22.44,83.85,24.67,64.77,12.61,37.37,33.65,13.52,371.39,2.56,1.65,0.78,2.66
2916.0,23.82,14.17,93.9,9.46,371.76,22.44,83.85,14.3,22.44,83.85,24.67,64.77,12.61,37.37,33.65,13.52,371.76,2.57,1.65,0.77,2.66
2917.0,23.82,14.16,93.77,9.44,375.4,22.43,83.58,14.25,22.43,83.58,24.66,64.8,12.6,37.37,33.49,13.46,375.4,2.59,1.66,0.78,2.65
2918.0,23.82,14.16,93.77,9.44,378.16,22.43,83.58,14.25,22.43,83.58,24.66,64.8,12.6,37.37,33.49,13.46,378.16,2.6,1.67,0.77,2.65
2919.0,23.82,14.16,93.77,9.44,381.02,22.43,83.58,14.25,22.43,83.58,24.66,64.8,12.6,37.37,33.49,13.46,381.02,2.62,1.69,0.78,2.65
2920.0,23.8,14.15,93.77,9.43,382.07,22.43,83.38,14.22,22.43,83.38,24.65,64.85,12.61,37.36,33.35,13.39,382.07,2.62,1.68,0.78,2.65
2921.0,23.8,14.15,93.77,9.43,383.24,22.43,83.38,14.22,22.43,83.38,24.65,64.85,12.61,37.36,33.35,13.39,383.24,2.63,1.69,0.74,2.64
2922.0,23.8,14.15,93.77,9.43,382.3,22.43,83.38,14.22,22.43,83.38,24.65,64.85,12.61,37.36,33.35,13.39,382.3,2.62,1.68,0.75,2.64
2923.0,23.8,14.14,93.82,9.43,382.67,22.43,83.21,14.18,22.43,83.21,24.65,64.73,12.58,37.35,33.22,13.33,382.67,2.62,1.68,0.75,2.63
2924.0,23.8,14.14,93.82,9.43,383.64,22.43,83.21,14.18,22.43,83.21,24.65,64.73,12.58,37.35,33.22,13.33,383.64,2.62,1.68,0.78,2.63
2925.0,23.8,14.14,93.82,9.43,385.8,22.43,83.21,14.18,22.43,83.21,24.65,64.73,12.58,37.35,33.22,13.33,385.8,2.64,1.69,0.75,2.63
2926.0,23.8,14.14,93.71,9.42,383.74,22.43,82.78,14.11,22.43,82.78,24.66,64.84,12.61,37.36,33.1,13.29,383.74,2.6,1.69,0.74,2.63
2927.0,23.8,14.14,93.71,9.42,384.85,22.43,82.78,14.11,22.43,82.78,24.66,64.84,12.61,37.36,33.1,13.29,384.85,2.61,1.7,0.75,2.63
2928.0,23.8,14.14,93.71,9.42,379.7,22.43,82.78,14.11,22.43,82.78,24.66,64.84,12.61,37.36,33.1,13.29,379.7,2.57,1.67,0.76,2.63
2929.0,23.76,14.11,94.06,9.44,374.66,22.42,82.65,14.07,22.42,82.65,24.66,64.66,12.57,37.34,33.01,13.24,374.66,2.53,1.64,0.76,2.61
2930.0,23.76,14.11,94.06,9.44,373.04,22.42,82.65,14.07,22.42,82.65,24.66,64.66,12.57,37.34,33.01,13.24,373.04,2.52,1.64,0.75,2.61
2931.0,23.76,14.11,94.06,9.44,372.56,22.42,82.65,14.07,22.42,82.65,24.66,64.66,12.57,37.34,33.01,13.24,372.56,2.51,1.63,0.76,2.61
2932.0,23.74,14.14,93.75,9.42,373.81,22.41,82.47,14.04,22.41,82.47,24.66,64.66,12.58,37.35,32.9,13.2,373.81,2.51,1.64,0.74,2.62
2933.0,23.74,14.14,93.75,9.42,376.31,22.41,82.47,14.04,22.41,82.47,24.66,64.66,12.58,37.35,32.9,13.2,376.31,2.53,1.65,0.75,2.62
2934.0,23.74,14.14,93.75,9.42,377.57,22.41,82.47,14.04,22.41,82.47,24.66,64.66,12.58,37.35,32.9,13.2,377.57,2.54,1.66,0.73,2.62
2935.0,23.73,14.11,93.74,9.4,379.64,22.41,82.27,14,22.41,82.27,24.66,64.71,12.58,37.35,32.8,13.16,379.64,2.55,1.66,0.73,2.6
2936.0,23.73,14.11,93.74,9.4,378.54,22.41,82.27,14,22.41,82.27,24.66,64.71,12.58,37.35,32.8,13.16,378.54,2.54,1.66,0.73,2.6
2937.0,23.73,14.11,93.74,9.4,378.17,22.41,82.27,14,22.41,82.27,24.66,64.71,12.58,37.35,32.8,13.16,378.17,2.54,1.66,0.73,2.59
2938.0,23.72,14.11,93.5,9.38,378.19,22.4,82.16,13.97,22.4,82.16,24.64,64.8,12.59,37.33,32.72,13.12,378.19,2.53,1.65,0.73,2.6
2939.0,23.72,14.11,93.5,9.38,376.67,22.4,82.16,13.97,22.4,82.16,24.64,64.8,12.59,37.33,32.72,13.12,376.67,2.52,1.65,0.73,2.59
2940.0,23.72,14.11,93.5,9.38,373.74,22.4,82.16,13.97,22.4,82.16,24.64,64.8,12.59,37.33,32.72,13.12,373.74,2.5,1.63,0.73,2.59
2941.0,23.73,14.12,93.61,9.4,368.1,22.39,81.94,13.93,22.39,81.94,24.63,64.84,12.59,37.33,32.66,13.09,368.1,2.44,1.62,0.71,2.59
2942.0,23.73,14.12,93.61,9.4,366.55,22.39,81.94,13.93,22.39,81.94,24.63,64.84,12.59,37.33,32.66,13.09,366.55,2.43,1.61,0.73,2.59
2943.0,23.73,14.12,93.61,9.4,364.59,22.39,81.94,13.93,22.39,81.94,24.63,64.84,12.59,37.33,32.66,13.09,364.59,2.42,1.6,0.73,2.59
2944.0,23.77,14.12,93.4,9.38,365.91,22.39,81.89,13.92,22.39,81.89,24.62,64.85,12.58,37.34,32.58,13.06,365.91,2.43,1.6,0.72,2.59
2945.0,23.77,14.12,93.4,9.38,368.62,22.39,81.89,13.92,22.39,81.89,24.62,64.85,12.58,37.34,32.58,13.06,368.62,2.45,1.61,0.74,2.59
2946.0,23.77,14.12,93.4,9.38,369.34,22.39,81.89,13.92,22.39,81.89,24.62,64.85,12.58,37.34,32.58,13.06,369.34,2.46,1.62,0.75,2.59
2947.0,23.76,14.13,93.31,9.37,370.12,22.38,81.67,13.87,22.38,81.67,24.6,64.91,12.58,37.32,32.53,13.03,370.12,2.45,1.62,0.72,2.59
2948.0,23.76,14.13,93.31,9.37,370.8,22.38,81.67,13.87,22.38,81.67,24.6,64.91,12.58,37.32,32.53,13.03,370.8,2.45,1.63,0.7,2.59
2949.0,23.76,14.13,93.31,9.37,370.1,22.38,81.67,13.87,22.38,81.67,24.6,64.91,12.58,37.32,32.53,13.03,370.1,2.45,1.62,0.7,2.58
2950.0,23.78,14.1,93.58,9.38,372.12,22.37,81.43,13.82,22.37,81.43,24.62,64.69,12.55,37.32,32.48,13.01,372.12,2.44,1.64,0.72,2.57
2951.0,23.78,14.1,93.58,9.38,372.84,22.37,81.43,13.82,22.37,81.43,24.62,64.69,12.55,37.32,32.48,13.01,372.84,2.45,1.64,0.7,2.57
2952.0,23.78,14.1,93.58,9.38,370.97,22.37,81.43,13.82,22.37,81.43,24.62,64.69,12.55,37.32,32.48,13.01,370.97,2.44,1.63,0.71,2.56
2953.0,23.77,14.1,93.54,9.38,370.16,22.36,81.28,13.79,22.36,81.28,24.61,64.72,12.55,37.31,32.43,12.98,370.16,2.43,1.63,0.73,2.56
2954.0,23.77,14.1,93.54,9.38,371.82,22.36,81.28,13.79,22.36,81.28,24.61,64.72,12.55,37.31,32.43,12.98,371.82,2.43,1.64,0.73,2.56
2955.0,23.77,14.1,93.54,9.38,372.1,22.36,81.28,13.79,22.36,81.28,24.61,64.72,12.55,37.31,32.43,12.98,372.1,2.43,1.64,0.73,2.56
2956.0,23.78,14.1,93.57,9.38,370.31,22.35,81.12,13.75,22.35,81.12,24.6,64.72,12.54,37.3,32.4,12.96,370.31,2.41,1.64,0.7,2.56
2957.0,23.78,14.1,93.57,9.38,370.39,22.35,81.12,13.75,22.35,81.12,24.6,64.72,12.54,37.3,32.4,12.96,370.39,2.41,1.64,0.7,2.56
2958.0,23.78,14.1,93.57,9.38,370.69,22.35,81.12,13.75,22.35,81.12,24.6,64.72,12.54,37.3,32.4,12.96,370.69,2.41,1.64,0.72,2.55
2959.0,23.77,14.1,93.66,9.39,372.16,22.35,80.97,13.73,22.35,80.97,24.6,64.69,12.53,37.3,32.35,12.94,372.16,2.42,1.65,0.71,2.55
2960.0,23.77,14.1,93.66,9.39,373.86,22.35,80.97,13.73,22.35,80.97,24.6,64.69,12.53,37.3,32.35,12.94,373.86,2.42,1.66,0.72,2.55
2961.0,23.77,14.1,93.66,9.39,374.98,22.35,80.97,13.73,22.35,80.97,24.6,64.69,12.53,37.3,32.35,12.94,374.98,2.43,1.66,0.72,2.54
2962.0,23.75,14.1,93.5,9.38,377.61,22.35,80.82,13.7,22.35,80.82,24.6,64.77,12.55,37.3,32.32,12.93,377.61,2.44,1.68,0.7,2.55
2963.0,23.75,14.1,93.5,9.38,377.91,22.35,80.82,13.7,22.35,80.82,24.6,64.77,12.55,37.3,32.32,12.93,377.91,2.44,1.68,0.7,2.54
2964.0,23.75,14.1,93.5,9.38,378.02,22.35,80.82,13.7,22.35,80.82,24.6,64.77,12.55,37.3,32.32,12.93,378.02,2.44,1.68,0.7,2.54
2965.0,23.73,14.09,93.45,9.37,375.95,22.34,80.64,13.66,22.34,80.64,24.59,64.68,12.52,37.28,32.3,12.91,375.95,2.42,1.68,0.69,2.54
2966.0,23.73,14.09,93.45,9.37,375.19,22.34,80.64,13.66,22.34,80.64,24.59,64.68,12.52,37.28,32.3,12.91,375.19,2.41,1.68,0.68,2.53
2967.0,23.73,14.09,93.45,9.37,371.87,22.34,80.64,13.66,22.34,80.64,24.59,64.68,12.52,37.28,32.3,12.91,371.87,2.39,1.66,0.68,2.53
2968.0,23.73,14.1,93.29,9.36,370.73,22.33,80.74,13.67,22.33,80.74,24.58,64.73,12.53,37.27,32.26,12.88,370.73,2.39,1.64,0.69,2.54
2969.0,23.73,14.1,93.29,9.36,369.9,22.33,80.74,13.67,22.33,80.74,24.58,64.73,12.53,37.27,32.26,12.88,369.9,2.38,1.64,0.69,2.53
2970.0,23.73,14.1,93.29,9.36,371.24,22.33,80.74,13.67,22.33,80.74,24.58,64.73,12.53,37.27,32.26,12.88,371.24,2.39,1.65,0.75,2.53
2971.0,23.73,14.09,93.42,9.36,372.83,22.33,80.59,13.64,22.33,80.59,24.58,64.65,12.52,37.28,32.22,12.88,372.83,2.4,1.66,0.7,2.52
2972.0,23.73,14.09,93.42,9.36,373.38,22.33,80.59,13.64,22.33,80.59,24.58,64.65,12.52,37.28,32.22,12.88,373.38,2.4,1.66,0.66,2.52
2973.0,23.73,14.09,93.42,9.36,373.32,22.33,80.59,13.64,22.33,80.59,24.58,64.65,12.52,37.28,32.22,12.88,373.32,2.4,1.66,0.69,2.52
2974.0,23.73,14.07,93.49,9.36,371.93,22.33,80.3,13.59,22.33,80.3,24.58,64.63,12.51,37.28,32.2,12.87,371.93,2.38,1.67,0.69,2.51
2975.0,23.73,14.07,93.49,9.36,370.77,22.33,80.3,13.59,22.33,80.3,24.58,64.63,12.51,37.28,32.2,12.87,370.77,2.37,1.66,0.69,2.51
2976.0,23.73,14.07,93.49,9.36,370.83,22.33,80.3,13.59,22.33,80.3,24.58,64.63,12.51,37.28,32.2,12.87,370.83,2.37,1.66,0.68,2.5
2977.0,23.73,14.07,93.48,9.35,371.09,22.33,80.25,13.58,22.33,80.25,24.58,64.71,12.52,37.28,32.17,12.86,371.09,2.37,1.67,0.68,2.5
2978.0,23.73,14.07,93.48,9.35,371.07,22.33,80.25,13.58,22.33,80.25,24.58,64.71,12.52,37.28,32.17,12.86,371.07,2.37,1.67,0.68,2.5
2979.0,23.73,14.07,93.48,9.35,371.14,22.33,80.25,13.58,22.33,80.25,24.58,64.71,12.52,37.28,32.17,12.86,371.14,2.37,1.67,0.67,2.49
2980.0,23.73,14.03,93.88,9.37,371.23,22.32,80.18,13.56,22.32,80.18,24.57,64.72,12.52,37.28,32.14,12.84,371.23,2.36,1.67,0.68,2.47
2981.0,23.73,14.03,93.88,9.37,371.98,22.32,80.18,13.56,22.32,80.18,24.57,64.72,12.52,37.28,32.14,12.84,371.98,2.37,1.67,0.65,2.47
2982.0,23.73,14.03,93.88,9.37,372.6,22.32,80.18,13.56,22.32,80.18,24.57,64.72,12.52,37.28,32.14,12.84,372.6,2.37,1.67,0.66,2.47
2983.0,23.75,14.03,93.78,9.36,371.97,22.32,80,13.53,22.32,80,24.57,64.63,12.5,37.3,32.11,12.84,371.97,2.36,1.68,0.66,2.46
2984.0,23.75,14.03,93.78,9.36,371.59,22.32,80,13.53,22.32,80,24.57,64.63,12.5,37.3,32.11,12.84,371.59,2.36,1.68,0.68,2.46
2985.0,23.75,14.03,93.78,9.36,371.22,22.32,80,13.53,22.32,80,24.57,64.63,12.5,37.3,32.11,12.84,371.22,2.36,1.68,0.68,2.45
2986.0,23.74,14,93.73,9.34,369.12,22.32,79.92,13.52,22.32,79.92,24.57,64.63,12.5,37.29,32.1,12.83,369.12,2.35,1.67,0.65,2.44
2987.0,23.74,14,93.73,9.34,366.62,22.32,79.92,13.52,22.32,79.92,24.57,64.63,12.5,37.29,32.1,12.83,366.62,2.33,1.66,0.64,2.43
2988.0,23.74,14,93.73,9.34,365.62,22.32,79.92,13.52,22.32,79.92,24.57,64.63,12.5,37.29,32.1,12.83,365.62,2.33,1.66,0.65,2.43
2989.0,23.75,14.01,93.74,9.34,365.64,22.32,79.8,13.5,22.32,79.8,24.57,64.58,12.49,37.3,32.08,12.83,365.64,2.32,1.66,0.62,2.44
2990.0,23.75,14.01,93.74,9.34,366.5,22.32,79.8,13.5,22.32,79.8,24.57,64.58,12.49,37.3,32.08,12.83,366.5,2.32,1.66,0.64,2.43
2991.0,23.75,14.01,93.74,9.34,366.97,22.32,79.8,13.5,22.32,79.8,24.57,64.58,12.49,37.3,32.08,12.83,366.97,2.32,1.67,0.64,2.43
2992.0,23.73,14.01,93.61,9.33,366.59,22.31,79.68,13.47,22.31,79.68,24.58,64.58,12.5,37.29,32.08,12.83,366.59,2.32,1.67,0.66,2.43
2993.0,23.73,14.01,93.61,9.33,362.14,22.31,79.68,13.47,22.31,79.68,24.58,64.58,12.5,37.29,32.08,12.83,362.14,2.29,1.65,0.66,2.42
2994.0,23.73,14.01,93.61,9.33,362.22,22.31,79.68,13.47,22.31,79.68,24.58,64.58,12.5,37.29,32.08,12.83,362.22,2.29,1.65,0.62,2.42
2995.0,23.73,14.02,93.47,9.32,364.92,22.31,79.52,13.44,22.31,79.52,24.59,64.45,12.48,37.29,32.06,12.82,364.92,2.3,1.67,0.63,2.42
2996.0,23.73,14.02,93.47,9.32,365.7,22.31,79.52,13.44,22.31,79.52,24.59,64.45,12.48,37.29,32.06,12.82,365.7,2.3,1.68,0.66,2.42
2997.0,23.73,14.02,93.47,9.32,365.91,22.31,79.52,13.44,22.31,79.52,24.59,64.45,12.48,37.29,32.06,12.82,365.91,2.3,1.68,0.66,2.42
2998.0,23.73,14.03,93.17,9.3,366.78,22.3,79.44,13.42,22.3,79.44,24.59,64.39,12.47,37.29,32.04,12.81,366.78,2.31,1.69,0.64,2.42
2999.0,23.73,14.03,93.17,9.3,370.74,22.3,79.44,13.42,22.3,79.44,24.59,64.39,12.47,37.29,32.04,12.81,370.74,2.33,1.7,0.64,2.42
3000.0,23.73,14.03,93.17,9.3,371.48,22.3,79.44,13.42,22.3,79.44,24.59,64.39,12.47,37.29,32.04,12.81,371.48,2.34,1.71,0.64,2.42
3001.0,23.73,14.05,92.99,9.29,371.35,22.3,79.36,13.4,22.3,79.36,24.59,64.48,12.49,37.29,32.03,12.81,371.35,2.33,1.71,0.64,2.42
3002.0,23.73,14.05,92.99,9.29,368.92,22.3,79.36,13.4,22.3,79.36,24.59,64.48,12.49,37.29,32.03,12.81,368.92,2.32,1.7,0.64,2.42
3003.0,23.73,14.05,92.99,9.29,368.12,22.3,79.36,13.4,22.3,79.36,24.59,64.48,12.49,37.29,32.03,12.81,368.12,2.31,1.7,0.63,2.42
3004.0,23.73,14.07,92.84,9.29,367.43,22.29,79.44,13.41,22.29,79.44,24.58,64.52,12.49,37.29,32.01,12.8,367.43,2.31,1.69,0.65,2.43
3005.0,23.73,14.07,92.84,9.29,365.51,22.29,79.44,13.41,22.29,79.44,24.58,64.52,12.49,37.29,32.01,12.8,365.51,2.3,1.68,0.64,2.43
3006.0,23.73,14.07,92.84,9.29,365.11,22.29,79.44,13.41,22.29,79.44,24.58,64.52,12.49,37.29,32.01,12.8,365.11,2.29,1.68,0.63,2.43
3007.0,23.71,14.1,92.61,9.28,370.58,22.29,79.23,13.38,22.29,79.23,24.58,64.53,12.49,37.29,32.01,12.8,370.58,2.31,1.71,0.63,2.44
3008.0,23.71,14.1,92.61,9.28,372.07,22.29,79.23,13.38,22.29,79.23,24.58,64.53,12.49,37.29,32.01,12.8,372.07,2.32,1.72,0.66,2.44
3009.0,23.71,14.1,92.61,9.28,371.95,22.29,79.23,13.38,22.29,79.23,24.58,64.53,12.49,37.29,32.01,12.8,371.95,2.32,1.72,0.66,2.44
3010.0,23.72,14.13,92.32,9.27,370.35,22.29,79.34,13.39,22.29,79.34,24.58,64.44,12.47,37.28,32.02,12.79,370.35,2.32,1.7,0.61,2.45
3011.0,23.72,14.13,92.32,9.27,368.7,22.29,79.34,13.39,22.29,79.34,24.58,64.44,12.47,37.28,32.02,12.79,368.7,2.31,1.7,0.64,2.45
3012.0,23.72,14.13,92.32,9.27,368.32,22.29,79.34,13.39,22.29,79.34,24.58,64.44,12.47,37.28,32.02,12.79,368.32,2.3,1.7,0.66,2.45
3013.0,23.71,14.14,92.4,9.29,372.68,22.29,79.2,13.36,22.29,79.2,24.58,64.43,12.47,37.27,32.02,12.78,372.68,2.32,1.72,0.63,2.45
3014.0,23.71,14.14,92.4,9.29,375.81,22.29,79.2,13.36,22.29,79.2,24.58,64.43,12.47,37.27,32.02,12.78,375.81,2.34,1.74,0.65,2.45
3015.0,23.71,14.14,92.4,9.29,376.49,22.29,79.2,13.36,22.29,79.2,24.58,64.43,12.47,37.27,32.02,12.78,376.49,2.34,1.74,0.65,2.45
3016.0,23.69,14.19,92.08,9.28,374.18,22.29,79.1,13.35,22.29,79.1,24.58,64.48,12.48,37.26,32.02,12.78,374.18,2.31,1.73,0.64,2.48
3017.0,23.69,14.19,92.08,9.28,369.79,22.29,79.1,13.35,22.29,79.1,24.58,64.48,12.48,37.26,32.02,12.78,369.79,2.29,1.71,0.65,2.47
3018.0,23.69,14.19,92.08,9.28,369,22.29,79.1,13.35,22.29,79.1,24.58,64.48,12.48,37.26,32.02,12.78,369,2.28,1.71,0.69,2.47
3019.0,23.7,14.21,92.08,9.29,369.35,22.28,79.04,13.33,22.28,79.04,24.57,64.5,12.47,37.25,32.02,12.77,369.35,2.28,1.71,0.66,2.48
3020.0,23.7,14.21,92.08,9.29,371.06,22.28,79.04,13.33,22.28,79.04,24.57,64.5,12.47,37.25,32.02,12.77,371.06,2.29,1.72,0.68,2.48
3021.0,23.7,14.21,92.08,9.29,372.62,22.28,79.04,13.33,22.28,79.04,24.57,64.5,12.47,37.25,32.02,12.77,372.62,2.3,1.72,0.68,2.48
3022.0,23.71,14.2,92.61,9.35,372.98,22.27,78.97,13.31,22.27,78.97,24.55,64.55,12.47,37.24,32.01,12.76,372.98,2.27,1.73,0.67,2.48
3023.0,23.71,14.2,92.61,9.35,370.94,22.27,78.97,13.31,22.27,78.97,24.55,64.55,12.47,37.24,32.01,12.76,370.94,2.26,1.72,0.67,2.48
3024.0,23.71,14.2,92.61,9.35,368.73,22.27,78.97,13.31,22.27,78.97,24.55,64.55,12.47,37.24,32.01,12.76,368.73,2.25,1.71,0.66,2.48
3025.0,23.71,14.23,92.56,9.36,366.63,22.27,78.85,13.29,22.27,78.85,24.54,64.61,12.47,37.24,32,12.76,366.63,2.24,1.7,0.64,2.49
3026.0,23.71,14.23,92.56,9.36,364.24,22.27,78.85,13.29,22.27,78.85,24.54,64.61,12.47,37.24,32,12.76,364.24,2.21,1.69,0.65,2.49
3027.0,23.71,14.23,92.56,9.36,365.21,22.27,78.85,13.29,22.27,78.85,24.54,64.61,12.47,37.24,32,12.76,365.21,2.21,1.7,0.68,2.49
3028.0,23.71,14.23,92.69,9.37,367.06,22.27,78.76,13.28,22.27,78.76,24.53,64.6,12.46,37.24,32,12.76,367.06,2.21,1.71,0.67,2.49
3029.0,23.71,14.23,92.69,9.37,373.54,22.27,78.76,13.28,22.27,78.76,24.53,64.6,12.46,37.24,32,12.76,373.54,2.25,1.74,0.67,2.49
3030.0,23.71,14.23,92.69,9.37,375.05,22.27,78.76,13.28,22.27,78.76,24.53,64.6,12.46,37.24,32,12.76,375.05,2.26,1.75,0.66,2.49
3031.0,23.71,14.24,92.8,9.39,376.39,22.27,78.87,13.29,22.27,78.87,24.52,64.63,12.46,37.24,32,12.75,376.39,2.27,1.75,0.67,2.49
3032.0,23.71,14.24,92.8,9.39,376.48,22.27,78.87,13.29,22.27,78.87,24.52,64.63,12.46,37.24,32,12.75,376.48,2.27,1.75,0.66,2.49
3033.0,23.71,14.24,92.8,9.39,378.12,22.27,78.87,13.29,22.27,78.87,24.52,64.63,12.46,37.24,32,12.75,378.12,2.28,1.76,0.67,2.49
3034.0,23.69,14.24,92.93,9.4,378.76,22.26,78.78,13.27,22.26,78.78,24.51,64.62,12.45,37.23,32,12.75,378.76,2.27,1.76,0.66,2.49
3035.0,23.69,14.24,92.93,9.4,375.19,22.26,78.78,13.27,22.26,78.78,24.51,64.62,12.45,37.23,32,12.75,375.19,2.25,1.75,0.66,2.49
3036.0,23.69,14.24,92.93,9.4,373.51,22.26,78.78,13.27,22.26,78.78,24.51,64.62,12.45,37.23,32,12.75,373.51,2.24,1.74,0.67,2.49
3037.0,23.69,14.25,92.85,9.4,371.49,22.26,78.81,13.28,22.26,78.81,24.49,64.64,12.44,37.22,31.98,12.74,371.49,2.23,1.72,0.67,2.49
3038.0,23.69,14.25,92.85,9.4,370.99,22.26,78.81,13.28,22.26,78.81,24.49,64.64,12.44,37.22,31.98,12.74,370.99,2.23,1.72,0.66,2.49
3039.0,23.68,14.26,92.82,9.4,368.23,22.26,78.71,13.26,22.26,78.71,24.48,64.63,12.43,37.22,31.99,12.73,368.23,2.21,1.71,0.68,2.49
3040.0,23.68,14.26,92.82,9.4,368.16,22.26,78.71,13.26,22.26,78.71,24.48,64.63,12.43,37.22,31.99,12.73,368.16,2.2,1.71,0.67,2.5
3041.0,23.68,14.26,92.82,9.4,369.58,22.26,78.71,13.26,22.26,78.71,24.48,64.63,12.43,37.22,31.99,12.73,369.58,2.21,1.72,0.68,2.5
3042.0,23.68,14.26,92.82,9.4,371.05,22.26,78.71,13.26,22.26,78.71,24.48,64.63,12.43,37.22,31.99,12.73,371.05,2.22,1.73,0.69,2.5
3043.0,23.65,14.25,93.25,9.44,373.92,22.25,78.7,13.25,22.25,78.7,24.47,64.55,12.41,37.19,31.97,12.71,373.92,2.22,1.73,0.69,2.49
3044.0,23.65,14.25,93.25,9.44,374.47,22.25,78.7,13.25,22.25,78.7,24.47,64.55,12.41,37.19,31.97,12.71,374.47,2.22,1.74,0.67,2.49
3045.0,23.65,14.25,93.25,9.44,375.04,22.25,78.7,13.25,22.25,78.7,24.47,64.55,12.41,37.19,31.97,12.71,375.04,2.22,1.74,0.67,2.49
3046.0,23.65,14.25,93.26,9.44,375.01,22.26,78.6,13.24,22.26,78.6,24.48,64.6,12.42,37.23,31.94,12.72,375.01,2.23,1.75,0.69,2.49
3047.0,23.65,14.25,93.26,9.44,373.97,22.26,78.6,13.24,22.26,78.6,24.48,64.6,12.42,37.23,31.94,12.72,373.97,2.22,1.74,0.68,2.49
3048.0,23.65,14.25,93.26,9.44,371.55,22.26,78.6,13.24,22.26,78.6,24.48,64.6,12.42,37.23,31.94,12.72,371.55,2.2,1.73,0.68,2.49
3049.0,23.64,14.24,93.4,9.45,369.4,22.26,78.52,13.22,22.26,78.52,24.47,64.55,12.41,37.22,31.92,12.71,369.4,2.18,1.72,0.68,2.48
3050.0,23.64,14.24,93.4,9.45,369.23,22.26,78.52,13.22,22.26,78.52,24.47,64.55,12.41,37.22,31.92,12.71,369.23,2.18,1.72,0.65,2.48
3051.0,23.64,14.24,93.4,9.45,368.78,22.26,78.52,13.22,22.26,78.52,24.47,64.55,12.41,37.22,31.92,12.71,368.78,2.18,1.72,0.65,2.48
3052.0,23.63,14.24,93.46,9.46,369.08,22.26,78.36,13.2,22.26,78.36,24.46,64.58,12.41,37.22,31.91,12.7,369.08,2.17,1.73,0.67,2.48
3053.0,23.63,14.24,93.46,9.46,370.73,22.26,78.36,13.2,22.26,78.36,24.46,64.58,12.41,37.22,31.91,12.7,370.73,2.18,1.74,0.65,2.48
3054.0,23.63,14.24,93.46,9.46,371.18,22.26,78.36,13.2,22.26,78.36,24.46,64.58,12.41,37.22,31.91,12.7,371.18,2.18,1.74,0.67,2.48
3055.0,23.64,14.24,93.61,9.47,369.73,22.26,78.27,13.18,22.26,78.27,24.46,64.6,12.41,37.22,31.9,12.7,369.73,2.17,1.74,0.66,2.48
3056.0,23.64,14.24,93.61,9.47,368.86,22.26,78.27,13.18,22.26,78.27,24.46,64.6,12.41,37.22,31.9,12.7,368.86,2.16,1.73,0.65,2.48
3057.0,23.64,14.24,93.61,9.47,368.32,22.26,78.27,13.18,22.26,78.27,24.46,64.6,12.41,37.22,31.9,12.7,368.32,2.16,1.73,0.65,2.48
3058.0,23.63,14.25,93.5,9.47,368.86,22.25,78.24,13.17,22.25,78.24,24.45,64.59,12.4,37.2,31.92,12.69,368.86,2.16,1.73,0.67,2.48
3059.0,23.63,14.25,93.5,9.47,370.19,22.25,78.24,13.17,22.25,78.24,24.45,64.59,12.4,37.2,31.92,12.69,370.19,2.17,1.74,0.66,2.48
3060.0,23.63,14.25,93.5,9.47,370.7,22.25,78.24,13.17,22.25,78.24,24.45,64.59,12.4,37.2,31.92,12.69,370.7,2.17,1.74,0.67,2.48
3061.0,23.62,14.22,93.78,9.48,375.22,22.25,78.25,13.17,22.25,78.25,24.44,64.64,12.4,37.2,31.91,12.69,375.22,2.19,1.76,0.64,2.47
3062.0,23.62,14.22,93.78,9.48,378.15,22.25,78.25,13.17,22.25,78.25,24.44,64.64,12.4,37.2,31.91,12.69,378.15,2.21,1.77,0.66,2.47
3063.0,23.62,14.22,93.78,9.48,381.32,22.25,78.25,13.17,22.25,78.25,24.44,64.64,12.4,37.2,31.91,12.69,381.32,2.23,1.79,0.66,2.47
3064.0,23.59,14.22,93.64,9.46,379.17,22.24,78.29,13.17,22.24,78.29,24.44,64.59,12.39,37.19,31.9,12.68,379.17,2.22,1.77,0.65,2.46
3065.0,23.59,14.22,93.64,9.46,373.01,22.24,78.29,13.17,22.24,78.29,24.44,64.59,12.39,37.19,31.9,12.68,373.01,2.19,1.75,0.65,2.46
3066.0,23.59,14.22,93.64,9.46,370.42,22.24,78.29,13.17,22.24,78.29,24.44,64.59,12.39,37.19,31.9,12.68,370.42,2.17,1.73,0.65,2.46
3067.0,23.57,14.23,93.52,9.46,368.21,22.24,78.26,13.17,22.24,78.26,24.44,64.58,12.39,37.19,31.9,12.68,368.21,2.16,1.72,0.66,2.47
3068.0,23.57,14.23,93.52,9.46,368.02,22.24,78.26,13.17,22.24,78.26,24.44,64.58,12.39,37.19,31.9,12.68,368.02,2.16,1.72,0.66,2.46
3069.0,23.57,14.23,93.52,9.46,370.25,22.24,78.26,13.17,22.24,78.26,24.44,64.58,12.39,37.19,31.9,12.68,370.25,2.17,1.73,0.65,2.46
3070.0,23.59,14.23,93.58,9.46,371.9,22.24,78.15,13.15,22.24,78.15,24.45,64.46,12.37,37.19,31.9,12.68,371.9,2.17,1.75,0.65,2.46
3071.0,23.59,14.23,93.58,9.46,375.03,22.24,78.15,13.15,22.24,78.15,24.45,64.46,12.37,37.19,31.9,12.68,375.03,2.19,1.76,0.65,2.46
3072.0,23.59,14.23,93.58,9.46,375.81,22.24,78.15,13.15,22.24,78.15,24.45,64.46,12.37,37.19,31.9,12.68,375.81,2.19,1.77,0.66,2.46
3073.0,23.61,14.24,93.51,9.46,379.06,22.24,78.18,13.15,22.24,78.18,24.46,64.43,12.38,37.18,31.89,12.67,379.06,2.21,1.78,0.66,2.47
3074.0,23.61,14.24,93.51,9.46,379.59,22.24,78.18,13.15,22.24,78.18,24.46,64.43,12.38,37.18,31.89,12.67,379.59,2.22,1.78,0.65,2.47
3075.0,23.61,14.24,93.51,9.46,373.39,22.24,78.18,13.15,22.24,78.18,24.46,64.43,12.38,37.18,31.89,12.67,373.39,2.18,1.75,0.66,2.47
3076.0,23.62,14.24,93.5,9.46,371.84,22.23,78.14,13.14,22.23,78.14,24.47,64.34,12.37,37.17,31.88,12.66,371.84,2.17,1.74,0.66,2.46
3077.0,23.62,14.24,93.5,9.46,370.58,22.23,78.14,13.14,22.23,78.14,24.47,64.34,12.37,37.17,31.88,12.66,370.58,2.16,1.74,0.66,2.46
3078.0,23.62,14.24,93.5,9.46,370.86,22.23,78.14,13.14,22.23,78.14,24.47,64.34,12.37,37.17,31.88,12.66,370.86,2.16,1.74,0.66,2.46
3079.0,23.6,14.24,93.66,9.48,370.86,22.23,77.99,13.11,22.23,77.99,24.47,64.38,12.38,37.17,31.9,12.67,370.86,2.15,1.75,0.66,2.46
3080.0,23.6,14.24,93.66,9.48,370.83,22.23,77.99,13.11,22.23,77.99,24.47,64.38,12.38,37.17,31.9,12.67,370.83,2.15,1.75,0.64,2.46
3081.0,23.6,14.24,93.66,9.48,371.4,22.23,77.99,13.11,22.23,77.99,24.47,64.38,12.38,37.17,31.9,12.67,371.4,2.15,1.75,0.64,2.46
3082.0,23.57,14.24,93.57,9.47,372.02,22.23,77.92,13.1,22.23,77.92,24.47,64.34,12.37,37.14,31.92,12.66,372.02,2.15,1.75,0.65,2.46
3083.0,23.57,14.24,93.57,9.47,374.38,22.23,77.92,13.1,22.23,77.92,24.47,64.34,12.37,37.14,31.92,12.66,374.38,2.16,1.76,0.65,2.46
3084.0,23.57,14.24,93.57,9.47,376.77,22.23,77.92,13.1,22.23,77.92,24.47,64.34,12.37,37.14,31.92,12.66,376.77,2.18,1.78,0.65,2.46
3085.0,23.59,14.23,93.65,9.47,374.77,22.23,77.86,13.09,22.23,77.86,24.47,64.39,12.38,37.15,31.91,12.66,374.77,2.16,1.77,0.65,2.46
3086.0,23.59,14.23,93.65,9.47,372.83,22.23,77.86,13.09,22.23,77.86,24.47,64.39,12.38,37.15,31.91,12.66,372.83,2.15,1.76,0.67,2.46
3087.0,23.59,14.24,93.53,9.47,371.1,22.23,77.93,13.1,22.23,77.93,24.47,64.36,12.37,37.16,31.9,12.66,371.1,2.14,1.75,0.66,2.46
3088.0,23.59,14.24,93.53,9.47,373.5,22.23,77.93,13.1,22.23,77.93,24.47,64.36,12.37,37.16,31.9,12.66,373.5,2.16,1.76,0.66,2.46
3089.0,23.59,14.24,93.53,9.47,375.6,22.23,77.93,13.1,22.23,77.93,24.47,64.36,12.37,37.16,31.9,12.66,375.6,2.17,1.77,0.66,2.46
3090.0,23.59,14.24,93.53,9.47,375.9,22.23,77.93,13.1,22.23,77.93,24.47,64.36,12.37,37.16,31.9,12.66,375.9,2.17,1.77,0.66,2.46
3091.0,23.6,14.24,93.54,9.46,370.62,22.22,77.84,13.08,22.22,77.84,24.46,64.42,12.38,37.16,31.88,12.65,370.62,2.14,1.75,0.67,2.46
3092.0,23.6,14.24,93.54,9.46,369.62,22.22,77.84,13.08,22.22,77.84,24.46,64.42,12.38,37.16,31.88,12.65,369.62,2.13,1.75,0.67,2.46
3093.0,23.62,14.22,93.62,9.46,371.1,22.22,77.98,13.1,22.22,77.98,24.45,64.33,12.35,37.17,31.88,12.66,371.1,2.14,1.76,0.64,2.46
3094.0,23.62,14.22,93.62,9.46,372.49,22.22,77.98,13.1,22.22,77.98,24.45,64.33,12.35,37.17,31.88,12.66,372.49,2.16,1.76,0.65,2.44
3095.0,23.62,14.22,93.62,9.46,376.15,22.22,77.98,13.1,22.22,77.98,24.45,64.33,12.35,37.17,31.88,12.66,376.15,2.18,1.77,0.66,2.44
3096.0,23.62,14.22,93.62,9.46,378.02,22.22,77.98,13.1,22.22,77.98,24.45,64.33,12.35,37.17,31.88,12.66,378.02,2.19,1.78,0.63,2.44
3097.0,23.66,14.23,93.48,9.45,381.24,22.22,77.88,13.09,22.22,77.88,24.44,64.42,12.36,37.17,31.86,12.65,381.24,2.21,1.8,0.63,2.45
3098.0,23.66,14.23,93.48,9.45,382.48,22.22,77.88,13.09,22.22,77.88,24.44,64.42,12.36,37.17,31.86,12.65,382.48,2.21,1.81,0.64,2.45
3099.0,23.68,14.21,93.71,9.46,383.88,22.22,77.87,13.09,22.22,77.87,24.42,64.47,12.36,37.18,31.85,12.65,383.88,2.22,1.82,0.62,2.44
3100.0,23.68,14.21,93.71,9.46,383.96,22.22,77.87,13.09,22.22,77.87,24.42,64.47,12.36,37.18,31.85,12.65,383.96,2.22,1.82,0.62,2.43
3101.0,23.68,14.21,93.71,9.46,384.08,22.22,77.87,13.09,22.22,77.87,24.42,64.47,12.36,37.18,31.85,12.65,384.08,2.22,1.82,0.66,2.43
3102.0,23.68,14.21,93.71,9.46,383.93,22.22,77.87,13.09,22.22,77.87,24.42,64.47,12.36,37.18,31.85,12.65,383.93,2.22,1.82,0.62,2.43
3103.0,23.66,14.19,93.88,9.47,386.13,22.22,77.88,13.08,22.22,77.88,24.42,64.34,12.33,37.17,31.84,12.64,386.13,2.23,1.83,0.64,2.42
3104.0,23.66,14.19,93.88,9.47,383.01,22.22,77.88,13.08,22.22,77.88,24.42,64.34,12.33,37.17,31.84,12.64,383.01,2.21,1.81,0.64,2.42
3105.0,23.64,14.17,94.01,9.47,377.62,22.21,77.8,13.06,22.21,77.8,24.43,64.2,12.31,37.15,31.84,12.63,377.62,2.18,1.79,0.6,2.41
3106.0,23.64,14.17,94.01,9.47,376.45,22.21,77.8,13.06,22.21,77.8,24.43,64.2,12.31,37.15,31.84,12.63,376.45,2.17,1.78,0.6,2.41
3107.0,23.64,14.17,94.01,9.47,375.06,22.21,77.8,13.06,22.21,77.8,24.43,64.2,12.31,37.15,31.84,12.63,375.06,2.16,1.77,0.64,2.41
3108.0,23.64,14.17,94.01,9.47,374.7,22.21,77.8,13.06,22.21,77.8,24.43,64.2,12.31,37.15,31.84,12.63,374.7,2.16,1.77,0.64,2.41
3109.0,23.66,14.17,93.89,9.46,373.81,22.21,77.65,13.04,22.21,77.65,24.44,64.16,12.31,37.17,31.83,12.64,373.81,2.15,1.78,0.6,2.41
3110.0,23.66,14.17,93.89,9.46,373.54,22.21,77.65,13.04,22.21,77.65,24.44,64.16,12.31,37.17,31.83,12.64,373.54,2.15,1.78,0.61,2.4
3111.0,23.66,14.17,93.89,9.46,373.47,22.21,77.65,13.04,22.21,77.65,24.44,64.16,12.31,37.17,31.83,12.64,373.47,2.15,1.78,0.61,2.4
3112.0,23.66,14.17,93.94,9.46,373.58,22.2,77.72,13.04,22.2,77.72,24.43,64.19,12.31,37.14,31.82,12.61,373.58,2.15,1.77,0.62,2.4
3113.0,23.66,14.17,93.94,9.46,373.34,22.2,77.72,13.04,22.2,77.72,24.43,64.19,12.31,37.14,31.82,12.61,373.34,2.15,1.77,0.61,2.4
3114.0,23.67,14.18,93.85,9.46,373.68,22.21,77.68,13.04,22.21,77.68,24.44,64.2,12.32,37.16,31.83,12.63,373.68,2.15,1.77,0.61,2.4
3115.0,23.67,14.18,93.85,9.46,374.04,22.21,77.68,13.04,22.21,77.68,24.44,64.2,12.32,37.16,31.83,12.63,374.04,2.15,1.78,0.61,2.4
3116.0,23.67,14.18,93.85,9.46,374.01,22.21,77.68,13.04,22.21,77.68,24.44,64.2,12.32,37.16,31.83,12.63,374.01,2.15,1.78,0.6,2.4
3117.0,23.67,14.18,93.85,9.46,373.94,22.21,77.68,13.04,22.21,77.68,24.44,64.2,12.32,37.16,31.83,12.63,373.94,2.15,1.78,0.59,2.4
3118.0,23.64,14.16,93.81,9.44,373.96,22.2,77.66,13.03,22.2,77.66,24.43,64.21,12.31,37.15,31.84,12.63,373.96,2.16,1.78,0.62,2.39
3119.0,23.64,14.16,93.81,9.44,374.02,22.2,77.66,13.03,22.2,77.66,24.43,64.21,12.31,37.15,31.84,12.63,374.02,2.16,1.78,0.6,2.39
3120.0,23.64,14.17,93.63,9.43,374.71,22.2,77.66,13.03,22.2,77.66,24.43,64.24,12.32,37.15,31.83,12.62,374.71,2.16,1.78,0.6,2.38
3121.0,23.64,14.17,93.63,9.43,374.02,22.2,77.66,13.03,22.2,77.66,24.43,64.24,12.32,37.15,31.83,12.62,374.02,2.16,1.78,0.59,2.39
3122.0,23.64,14.17,93.63,9.43,369.15,22.2,77.66,13.03,22.2,77.66,24.43,64.24,12.32,37.15,31.83,12.62,369.15,2.13,1.75,0.59,2.39
3123.0,23.64,14.17,93.63,9.43,368.36,22.2,77.66,13.03,22.2,77.66,24.43,64.24,12.32,37.15,31.83,12.62,368.36,2.13,1.75,0.61,2.39
3124.0,23.64,14.18,93.58,9.43,369.43,22.2,77.74,13.04,22.2,77.74,24.44,64.15,12.31,37.15,31.81,12.62,369.43,2.14,1.75,0.62,2.39
3125.0,23.64,14.18,93.58,9.43,372.6,22.2,77.74,13.04,22.2,77.74,24.44,64.15,12.31,37.15,31.81,12.62,372.6,2.15,1.77,0.61,2.39
3126.0,23.64,14.18,93.58,9.43,375.04,22.2,77.74,13.04,22.2,77.74,24.44,64.15,12.31,37.15,31.81,12.62,375.04,2.17,1.78,0.61,2.39
3127.0,23.63,14.17,93.43,9.41,375.15,22.19,77.6,13.01,22.19,77.6,24.44,64.06,12.29,37.14,31.81,12.61,375.15,2.16,1.78,0.6,2.38
3128.0,23.63,14.17,93.43,9.41,376.62,22.19,77.6,13.01,22.19,77.6,24.44,64.06,12.29,37.14,31.81,12.61,376.62,2.17,1.79,0.62,2.38
3129.0,23.63,14.17,93.43,9.41,377.59,22.19,77.6,13.01,22.19,77.6,24.44,64.06,12.29,37.14,31.81,12.61,377.59,2.18,1.79,0.62,2.38
3130.0,23.65,14.18,93.37,9.41,378.16,22.19,77.72,13.03,22.19,77.72,24.44,64.08,12.29,37.12,31.83,12.6,378.16,2.19,1.79,0.58,2.38
3131.0,23.65,14.18,93.37,9.41,378.21,22.19,77.72,13.03,22.19,77.72,24.44,64.08,12.29,37.12,31.83,12.6,378.21,2.19,1.79,0.58,2.38
3132.0,23.65,14.18,93.32,9.41,378.19,22.18,77.65,13.01,22.18,77.65,24.44,64.11,12.3,37.11,31.84,12.6,378.19,2.19,1.79,0.61,2.38
3133.0,23.65,14.18,93.32,9.41,378.11,22.18,77.65,13.01,22.18,77.65,24.44,64.11,12.3,37.11,31.84,12.6,378.11,2.18,1.79,0.57,2.38
3134.0,23.65,14.18,93.32,9.41,379.38,22.18,77.65,13.01,22.18,77.65,24.44,64.11,12.3,37.11,31.84,12.6,379.38,2.19,1.8,0.6,2.38
3135.0,23.65,14.18,93.32,9.41,379.78,22.18,77.65,13.01,22.18,77.65,24.44,64.11,12.3,37.11,31.84,12.6,379.78,2.19,1.8,0.58,2.38
3136.0,23.64,14.2,93.33,9.42,380.42,22.18,77.58,13,22.18,77.58,24.43,64.1,12.29,37.1,31.83,12.59,380.42,2.18,1.8,0.58,2.39
3137.0,23.64,14.2,93.33,9.42,382.59,22.18,77.58,13,22.18,77.58,24.43,64.1,12.29,37.1,31.83,12.59,382.59,2.2,1.81,0.59,2.39
3138.0,23.64,14.2,93.33,9.42,385.09,22.18,77.58,13,22.18,77.58,24.43,64.1,12.29,37.1,31.83,12.59,385.09,2.21,1.82,0.59,2.39
3139.0,23.66,14.22,93.18,9.42,385.61,22.18,77.52,12.99,22.18,77.52,24.43,64.07,12.29,37.12,31.83,12.6,385.61,2.21,1.83,0.59,2.4
3140.0,23.66,14.22,93.18,9.42,383.32,22.18,77.52,12.99,22.18,77.52,24.43,64.07,12.29,37.12,31.83,12.6,383.32,2.19,1.82,0.6,2.4
3141.0,23.66,14.22,93.18,9.42,382.06,22.18,77.52,12.99,22.18,77.52,24.43,64.07,12.29,37.12,31.83,12.6,382.06,2.19,1.82,0.61,2.4
3142.0,23.65,14.24,93.24,9.43,380.35,22.18,77.46,12.98,22.18,77.46,24.43,64.09,12.29,37.11,31.82,12.59,380.35,2.17,1.81,0.61,2.4
3143.0,23.65,14.24,93.24,9.43,378.9,22.18,77.46,12.98,22.18,77.46,24.43,64.09,12.29,37.11,31.82,12.59,378.9,2.16,1.8,0.61,2.4
3144.0,23.62,14.24,93.07,9.42,374.16,22.17,77.53,12.98,22.17,77.53,24.43,64.1,12.29,37.09,31.81,12.57,374.16,2.13,1.78,0.61,2.4
3145.0,23.62,14.24,93.07,9.42,373.34,22.17,77.53,12.98,22.17,77.53,24.43,64.1,12.29,37.09,31.81,12.57,373.34,2.13,1.77,0.62,2.41
3146.0,23.62,14.24,93.07,9.42,367.71,22.17,77.53,12.98,22.17,77.53,24.43,64.1,12.29,37.09,31.81,12.57,367.71,2.1,1.74,0.63,2.41
3147.0,23.62,14.24,93.07,9.42,366.48,22.17,77.53,12.98,22.17,77.53,24.43,64.1,12.29,37.09,31.81,12.57,366.48,2.09,1.74,0.64,2.4
3148.0,23.62,14.23,93.27,9.43,365.59,22.17,77.54,12.99,22.17,77.54,24.44,64.05,12.29,37.1,31.82,12.59,365.59,2.09,1.74,0.62,2.4
3149.0,23.62,14.23,93.27,9.43,365.62,22.17,77.54,12.99,22.17,77.54,24.44,64.05,12.29,37.1,31.82,12.59,365.62,2.09,1.74,0.62,2.39
3150.0,23.63,14.26,93.02,9.43,365.87,22.17,77.59,13,22.17,77.59,24.44,64.11,12.3,37.11,31.8,12.58,365.87,2.09,1.74,0.61,2.39
3151.0,23.63,14.26,93.02,9.43,365.78,22.17,77.59,13,22.17,77.59,24.44,64.11,12.3,37.11,31.8,12.58,365.78,2.09,1.74,0.61,2.41
3152.0,23.63,14.26,93.02,9.43,366.76,22.17,77.59,13,22.17,77.59,24.44,64.11,12.3,37.11,31.8,12.58,366.76,2.09,1.74,0.61,2.41
3153.0,23.63,14.26,93.02,9.43,366.49,22.17,77.59,13,22.17,77.59,24.44,64.11,12.3,37.11,31.8,12.58,366.49,2.09,1.74,0.61,2.41
3154.0,23.6,14.25,93.12,9.43,364.57,22.16,77.53,12.97,22.16,77.53,24.42,64.09,12.28,37.07,31.78,12.55,364.57,2.07,1.72,0.61,2.41
3155.0,23.6,14.25,93.12,9.43,364.56,22.16,77.53,12.97,22.16,77.53,24.42,64.09,12.28,37.07,31.78,12.55,364.56,2.07,1.72,0.6,2.41
3156.0,23.59,14.27,93.3,9.46,365.31,22.17,77.48,12.97,22.17,77.48,24.42,64.13,12.29,37.12,31.76,12.57,365.31,2.08,1.73,0.61,2.41
3157.0,23.59,14.27,93.3,9.46,365.37,22.17,77.48,12.97,22.17,77.48,24.42,64.13,12.29,37.12,31.76,12.57,365.37,2.07,1.74,0.62,2.41
3158.0,23.59,14.27,93.3,9.46,364.56,22.17,77.48,12.97,22.17,77.48,24.42,64.13,12.29,37.12,31.76,12.57,364.56,2.06,1.73,0.63,2.41
3159.0,23.59,14.27,93.3,9.46,363.54,22.17,77.48,12.97,22.17,77.48,24.42,64.13,12.29,37.12,31.76,12.57,363.54,2.06,1.73,0.63,2.41
3160.0,23.59,14.25,93.38,9.46,362.32,22.17,77.42,12.97,22.17,77.42,24.41,64.09,12.27,37.12,31.77,12.58,362.32,2.05,1.73,0.65,2.41
3161.0,23.59,14.25,93.38,9.46,362.37,22.17,77.42,12.97,22.17,77.42,24.41,64.09,12.27,37.12,31.77,12.58,362.37,2.05,1.73,0.65,2.4
3162.0,23.57,14.27,93.28,9.46,367.21,22.17,77.44,12.97,22.17,77.44,24.4,64.14,12.27,37.11,31.77,12.57,367.21,2.08,1.75,0.61,2.41
3163.0,23.57,14.27,93.28,9.46,371.13,22.17,77.44,12.97,22.17,77.44,24.4,64.14,12.27,37.11,31.77,12.57,371.13,2.1,1.77,0.6,2.41
3164.0,23.57,14.27,93.28,9.46,373.59,22.17,77.44,12.97,22.17,77.44,24.4,64.14,12.27,37.11,31.77,12.57,373.59,2.11,1.78,0.61,2.41
3165.0,23.57,14.27,93.28,9.46,373.63,22.17,77.44,12.97,22.17,77.44,24.4,64.14,12.27,37.11,31.77,12.57,373.63,2.11,1.78,0.61,2.41
3166.0,23.55,14.28,93.2,9.46,377.43,22.17,77.38,12.96,22.17,77.38,24.38,64.22,12.28,37.11,31.74,12.56,377.43,2.13,1.79,0.62,2.42
3167.0,23.55,14.28,93.2,9.46,380.02,22.17,77.38,12.96,22.17,77.38,24.38,64.22,12.28,37.11,31.74,12.56,380.02,2.14,1.81,0.62,2.42
3168.0,23.55,14.28,93.2,9.46,378.59,22.17,77.38,12.96,22.17,77.38,24.38,64.22,12.28,37.11,31.74,12.56,378.59,2.13,1.8,0.62,2.42
3169.0,23.54,14.27,93.55,9.49,378.15,22.17,77.34,12.95,22.17,77.34,24.38,64.18,12.27,37.1,31.73,12.55,378.15,2.12,1.8,0.62,2.41
3170.0,23.54,14.27,93.55,9.49,378.2,22.17,77.34,12.95,22.17,77.34,24.38,64.18,12.27,37.1,31.73,12.55,378.2,2.12,1.8,0.61,2.41
3171.0,23.57,14.26,93.66,9.49,379.41,22.17,77.26,12.94,22.17,77.26,24.38,64.14,12.26,37.11,31.71,12.55,379.41,2.13,1.8,0.59,2.41
3172.0,23.57,14.26,93.66,9.49,378.17,22.17,77.26,12.94,22.17,77.26,24.38,64.14,12.26,37.11,31.71,12.55,378.17,2.12,1.8,0.62,2.41
3173.0,23.57,14.26,93.66,9.49,376.78,22.17,77.26,12.94,22.17,77.26,24.38,64.14,12.26,37.11,31.71,12.55,376.78,2.11,1.8,0.64,2.4
3174.0,23.57,14.26,93.66,9.49,376.63,22.17,77.26,12.94,22.17,77.26,24.38,64.14,12.26,37.11,31.71,12.55,376.63,2.11,1.79,0.61,2.4
3175.0,23.58,14.26,93.68,9.49,375.82,22.16,77.23,12.93,22.16,77.23,24.38,64.22,12.27,37.11,31.7,12.54,375.82,2.1,1.79,0.61,2.4
3176.0,23.58,14.26,93.68,9.49,375.21,22.16,77.23,12.93,22.16,77.23,24.38,64.22,12.27,37.11,31.7,12.54,375.21,2.1,1.79,0.63,2.4
3177.0,23.58,14.25,93.65,9.49,370.45,22.16,77.24,12.93,22.16,77.24,24.38,64.08,12.25,37.11,31.7,12.54,370.45,2.07,1.77,0.63,2.4
3178.0,23.58,14.25,93.65,9.49,369.12,22.16,77.24,12.93,22.16,77.24,24.38,64.08,12.25,37.11,31.7,12.54,369.12,2.07,1.76,0.63,2.4
3179.0,23.58,14.25,93.65,9.49,374.37,22.16,77.24,12.93,22.16,77.24,24.38,64.08,12.25,37.11,31.7,12.54,374.37,2.1,1.78,0.61,2.4
3180.0,23.58,14.25,93.65,9.49,375.33,22.16,77.24,12.93,22.16,77.24,24.38,64.08,12.25,37.11,31.7,12.54,375.33,2.1,1.79,0.61,2.4
3181.0,23.55,14.27,93.43,9.47,373.54,22.15,77.37,12.94,22.15,77.37,24.38,64.17,12.27,37.09,31.69,12.53,373.54,2.1,1.77,0.61,2.41
3182.0,23.55,14.27,93.43,9.47,372.87,22.15,77.37,12.94,22.15,77.37,24.38,64.17,12.27,37.09,31.69,12.53,372.87,2.09,1.77,0.62,2.41
3183.0,23.53,14.26,93.46,9.47,377.68,22.14,77.35,12.93,22.14,77.35,24.38,64.03,12.24,37.07,31.69,12.51,377.68,2.12,1.79,0.61,2.41
3184.0,23.53,14.26,93.46,9.47,382.09,22.14,77.35,12.93,22.14,77.35,24.38,64.03,12.24,37.07,31.69,12.51,382.09,2.14,1.81,0.63,2.4
3185.0,23.53,14.26,93.46,9.47,383.2,22.14,77.35,12.93,22.14,77.35,24.38,64.03,12.24,37.07,31.69,12.51,383.2,2.15,1.81,0.61,2.4
3186.0,23.53,14.26,93.46,9.47,381.27,22.14,77.35,12.93,22.14,77.35,24.38,64.03,12.24,37.07,31.69,12.51,381.27,2.14,1.81,0.61,2.4
3187.0,23.52,14.25,93.75,9.49,377.82,22.15,77.3,12.93,22.15,77.3,24.38,64.09,12.25,37.1,31.65,12.52,377.82,2.11,1.79,0.63,2.39
3188.0,23.52,14.25,93.75,9.49,374.33,22.15,77.3,12.93,22.15,77.3,24.38,64.09,12.25,37.1,31.65,12.52,374.33,2.09,1.78,0.62,2.39
3189.0,23.52,14.27,93.49,9.48,367.8,22.15,77.22,12.92,22.15,77.22,24.38,64.08,12.25,37.11,31.63,12.52,367.8,2.06,1.75,0.62,2.39
3190.0,23.52,14.27,93.49,9.48,364.8,22.15,77.22,12.92,22.15,77.22,24.38,64.08,12.25,37.11,31.63,12.52,364.8,2.04,1.74,0.6,2.4
3191.0,23.52,14.27,93.49,9.48,366.5,22.15,77.22,12.92,22.15,77.22,24.38,64.08,12.25,37.11,31.63,12.52,366.5,2.05,1.75,0.61,2.4
3192.0,23.52,14.27,93.49,9.48,366.99,22.15,77.22,12.92,22.15,77.22,24.38,64.08,12.25,37.11,31.63,12.52,366.99,2.05,1.75,0.62,2.4
3193.0,23.53,14.25,93.78,9.5,367.77,22.16,77.13,12.9,22.16,77.13,24.37,64.14,12.25,37.11,31.64,12.52,367.77,2.05,1.76,0.63,2.39
3194.0,23.53,14.25,93.78,9.5,367.8,22.16,77.13,12.9,22.16,77.13,24.37,64.14,12.25,37.11,31.64,12.52,367.8,2.05,1.76,0.63,2.39
3195.0,23.52,14.27,93.4,9.47,367.46,22.15,77.12,12.9,22.15,77.12,24.36,64.2,12.25,37.11,31.63,12.52,367.46,2.05,1.75,0.6,2.39
3196.0,23.52,14.27,93.4,9.47,367.13,22.15,77.12,12.9,22.15,77.12,24.36,64.2,12.25,37.11,31.63,12.52,367.13,2.05,1.75,0.6,2.4
3197.0,23.52,14.27,93.4,9.47,366.21,22.15,77.12,12.9,22.15,77.12,24.36,64.2,12.25,37.11,31.63,12.52,366.21,2.04,1.75,0.6,2.4
3198.0,23.52,14.27,93.4,9.47,365.84,22.15,77.12,12.9,22.15,77.12,24.36,64.2,12.25,37.11,31.63,12.52,365.84,2.04,1.75,0.59,2.4
3199.0,23.5,14.26,93.36,9.46,365.05,22.15,77.08,12.89,22.15,77.08,24.35,64.14,12.24,37.11,31.62,12.51,365.05,2.04,1.74,0.6,2.4
3200.0,23.5,14.26,93.36,9.46,364.76,22.15,77.08,12.89,22.15,77.08,24.35,64.14,12.24,37.11,31.62,12.51,364.76,2.04,1.74,0.62,2.4
3201.0,23.5,14.24,93.83,9.49,364.1,22.15,77.06,12.89,22.15,77.06,24.34,64.12,12.23,37.12,31.6,12.51,364.1,2.03,1.74,0.6,2.37
3202.0,23.5,14.24,93.83,9.49,363.13,22.15,77.06,12.89,22.15,77.06,24.34,64.12,12.23,37.12,31.6,12.51,363.13,2.02,1.74,0.6,2.38
3203.0,23.5,14.24,93.83,9.49,362.1,22.15,77.06,12.89,22.15,77.06,24.34,64.12,12.23,37.12,31.6,12.51,362.1,2.01,1.73,0.61,2.38
3204.0,23.5,14.24,93.83,9.49,362.24,22.15,77.06,12.89,22.15,77.06,24.34,64.12,12.23,37.12,31.6,12.51,362.24,2.01,1.73,0.61,2.38
3205.0,23.49,14.25,93.66,9.48,369.92,22.14,76.98,12.87,22.14,76.98,24.34,64.17,12.23,37.11,31.57,12.49,369.92,2.05,1.77,0.61,2.39
3206.0,23.49,14.25,93.66,9.48,372.36,22.14,76.98,12.87,22.14,76.98,24.34,64.17,12.23,37.11,31.57,12.49,372.36,2.06,1.78,0.59,2.39
3207.0,23.48,14.25,93.58,9.47,379.03,22.14,77.13,12.89,22.14,77.13,24.33,64.15,12.23,37.11,31.59,12.5,379.03,2.1,1.81,0.59,2.39
3208.0,23.48,14.25,93.58,9.47,380.45,22.14,77.13,12.89,22.14,77.13,24.33,64.15,12.23,37.11,31.59,12.5,380.45,2.12,1.81,0.56,2.38
3209.0,23.48,14.25,93.58,9.47,382.19,22.14,77.13,12.89,22.14,77.13,24.33,64.15,12.23,37.11,31.59,12.5,382.19,2.13,1.82,0.61,2.38
3210.0,23.48,14.25,93.58,9.47,381.4,22.14,77.13,12.89,22.14,77.13,24.33,64.15,12.23,37.11,31.59,12.5,381.4,2.13,1.82,0.61,2.38
3211.0,23.5,14.24,93.73,9.49,377.08,22.14,76.95,12.86,22.14,76.95,24.33,64.16,12.23,37.1,31.61,12.5,377.08,2.09,1.81,0.59,2.38
3212.0,23.5,14.24,93.73,9.49,376.06,22.14,76.95,12.86,22.14,76.95,24.33,64.16,12.23,37.1,31.61,12.5,376.06,2.08,1.8,0.6,2.38
3213.0,23.51,14.24,93.62,9.48,378.75,22.14,77.03,12.87,22.14,77.03,24.32,64.15,12.22,37.09,31.61,12.49,378.75,2.1,1.82,0.59,2.38
3214.0,23.51,14.24,93.62,9.48,378.27,22.14,77.03,12.87,22.14,77.03,24.32,64.15,12.22,37.09,31.61,12.49,378.27,2.1,1.81,0.59,2.38
3215.0,23.51,14.24,93.62,9.48,374.86,22.14,77.03,12.87,22.14,77.03,24.32,64.15,12.22,37.09,31.61,12.49,374.86,2.08,1.79,0.62,2.38
3216.0,23.51,14.24,93.62,9.48,375.92,22.14,77.03,12.87,22.14,77.03,24.32,64.15,12.22,37.09,31.61,12.49,375.92,2.09,1.79,0.62,2.38
3217.0,23.49,14.24,93.63,9.47,377.34,22.13,77.11,12.88,22.13,77.11,24.31,64.14,12.21,37.05,31.61,12.47,377.34,2.1,1.79,0.6,2.37
3218.0,23.49,14.24,93.63,9.47,377.37,22.13,77.11,12.88,22.13,77.11,24.31,64.14,12.21,37.05,31.61,12.47,377.37,2.1,1.79,0.6,2.37
3219.0,23.5,14.22,93.86,9.49,375.12,22.13,77.06,12.87,22.13,77.06,24.3,64.03,12.18,37.06,31.62,12.48,375.12,2.09,1.78,0.59,2.36
3220.0,23.5,14.22,93.86,9.49,371.42,22.13,77.06,12.87,22.13,77.06,24.3,64.03,12.18,37.06,31.62,12.48,371.42,2.06,1.77,0.58,2.36
3221.0,23.5,14.22,93.86,9.49,372.02,22.13,77.06,12.87,22.13,77.06,24.3,64.03,12.18,37.06,31.62,12.48,372.02,2.06,1.77,0.58,2.36
3222.0,23.5,14.22,93.86,9.49,372.2,22.13,77.06,12.87,22.13,77.06,24.3,64.03,12.18,37.06,31.62,12.48,372.2,2.06,1.77,0.6,2.36
3223.0,23.5,14.26,93.31,9.45,371.96,22.14,77.04,12.87,22.14,77.04,24.31,64.05,12.19,37.08,31.59,12.48,371.96,2.07,1.77,0.59,2.38
3224.0,23.5,14.26,93.31,9.45,372,22.14,77.04,12.87,22.14,77.04,24.31,64.05,12.19,37.08,31.59,12.48,372,2.07,1.77,0.59,2.38
3225.0,23.49,14.24,93.66,9.48,369.68,22.13,76.97,12.86,22.13,76.97,24.29,64.02,12.17,37.07,31.6,12.47,369.68,2.06,1.76,0.58,2.36
3226.0,23.49,14.24,93.66,9.48,369.29,22.13,76.97,12.86,22.13,76.97,24.29,64.02,12.17,37.07,31.6,12.47,369.29,2.04,1.76,0.58,2.37
3227.0,23.49,14.24,93.66,9.48,368.73,22.13,76.97,12.86,22.13,76.97,24.29,64.02,12.17,37.07,31.6,12.47,368.73,2.04,1.76,0.6,2.37
3228.0,23.49,14.24,93.66,9.48,368.49,22.13,76.97,12.86,22.13,76.97,24.29,64.02,12.17,37.07,31.6,12.47,368.49,2.04,1.76,0.59,2.37
3229.0,23.49,14.25,93.44,9.46,368.61,22.11,76.9,12.83,22.11,76.9,24.29,64.03,12.17,37.01,31.6,12.43,368.61,2.03,1.75,0.6,2.37
3230.0,23.49,14.25,93.44,9.46,368.18,22.11,76.9,12.83,22.11,76.9,24.29,64.03,12.17,37.01,31.6,12.43,368.18,2.03,1.75,0.61,2.37
3231.0,23.52,14.24,93.63,9.48,371.19,22.12,76.87,12.83,22.12,76.87,24.28,64.05,12.17,37.05,31.6,12.46,371.19,2.05,1.76,0.59,2.37
3232.0,23.52,14.24,93.63,9.48,372.96,22.12,76.87,12.83,22.12,76.87,24.28,64.05,12.17,37.05,31.6,12.46,372.96,2.06,1.78,0.59,2.37
3233.0,23.52,14.24,93.63,9.48,371.31,22.12,76.87,12.83,22.12,76.87,24.28,64.05,12.17,37.05,31.6,12.46,371.31,2.05,1.77,0.59,2.37
3234.0,23.52,14.24,93.63,9.48,368.72,22.12,76.87,12.83,22.12,76.87,24.28,64.05,12.17,37.05,31.6,12.46,368.72,2.03,1.76,0.58,2.37
3235.0,23.53,14.23,93.65,9.47,366.12,22.11,76.85,12.82,22.11,76.85,24.27,63.99,12.15,37.03,31.62,12.46,366.12,2.02,1.75,0.61,2.36
3236.0,23.53,14.23,93.65,9.47,367.77,22.11,76.85,12.82,22.11,76.85,24.27,63.99,12.15,37.03,31.62,12.46,367.77,2.03,1.76,0.58,2.36
3237.0,23.51,14.25,93.44,9.46,369.05,22.11,76.82,12.81,22.11,76.82,24.26,64.06,12.16,37.02,31.62,12.45,369.05,2.03,1.76,0.59,2.38
3238.0,23.51,14.25,93.44,9.46,369.32,22.11,76.82,12.81,22.11,76.82,24.26,64.06,12.16,37.02,31.62,12.45,369.32,2.03,1.76,0.59,2.37
3239.0,23.51,14.25,93.44,9.46,369.46,22.11,76.82,12.81,22.11,76.82,24.26,64.06,12.16,37.02,31.62,12.45,369.46,2.03,1.76,0.62,2.37
3240.0,23.51,14.25,93.44,9.46,369.52,22.11,76.82,12.81,22.11,76.82,24.26,64.06,12.16,37.02,31.62,12.45,369.52,2.03,1.77,0.62,2.37
3241.0,23.5,14.25,93.36,9.45,372.84,22.11,76.86,12.82,22.11,76.86,24.26,64.04,12.16,37.02,31.6,12.44,372.84,2.06,1.77,0.59,2.37
3242.0,23.5,14.25,93.36,9.45,373.59,22.11,76.86,12.82,22.11,76.86,24.26,64.04,12.16,37.02,31.6,12.44,373.59,2.06,1.78,0.6,2.36
3243.0,23.49,14.25,93.39,9.45,374.95,22.12,76.85,12.83,22.12,76.85,24.27,63.97,12.15,37.06,31.56,12.45,374.95,2.07,1.78,0.59,2.36
3244.0,23.49,14.25,93.39,9.45,377.07,22.12,76.85,12.83,22.12,76.85,24.27,63.97,12.15,37.06,31.56,12.45,377.07,2.08,1.8,0.58,2.36
3245.0,23.49,14.25,93.39,9.45,379.44,22.12,76.85,12.83,22.12,76.85,24.27,63.97,12.15,37.06,31.56,12.45,379.44,2.1,1.81,0.58,2.36
3246.0,23.49,14.25,93.39,9.45,379.85,22.12,76.85,12.83,22.12,76.85,24.27,63.97,12.15,37.06,31.56,12.45,379.85,2.1,1.81,0.58,2.36
3247.0,23.48,14.25,93.45,9.46,379.82,22.12,76.95,12.84,22.12,76.95,24.28,63.98,12.15,37.05,31.53,12.44,379.82,2.1,1.8,0.6,2.36
3248.0,23.48,14.25,93.45,9.46,380.5,22.12,76.95,12.84,22.12,76.95,24.28,63.98,12.15,37.05,31.53,12.44,380.5,2.1,1.81,0.6,2.36
3249.0,23.48,14.25,93.37,9.45,379.29,22.11,76.91,12.83,22.11,76.91,24.28,63.96,12.15,37.06,31.51,12.43,379.29,2.1,1.8,0.6,2.36
3250.0,23.48,14.25,93.37,9.45,377.56,22.11,76.91,12.83,22.11,76.91,24.28,63.96,12.15,37.06,31.51,12.43,377.56,2.09,1.79,0.61,2.36
3251.0,23.48,14.25,93.37,9.45,376.54,22.11,76.91,12.83,22.11,76.91,24.28,63.96,12.15,37.06,31.51,12.43,376.54,2.08,1.79,0.59,2.36
3252.0,23.48,14.25,93.37,9.45,376.16,22.11,76.91,12.83,22.11,76.91,24.28,63.96,12.15,37.06,31.51,12.43,376.16,2.08,1.79,0.6,2.36
3253.0,23.46,14.24,93.45,9.45,372.95,22.1,76.84,12.81,22.1,76.84,24.27,63.85,12.12,37.03,31.52,12.42,372.95,2.05,1.77,0.58,2.35
3254.0,23.46,14.24,93.45,9.45,372.42,22.1,76.84,12.81,22.1,76.84,24.27,63.85,12.12,37.03,31.52,12.42,372.42,2.05,1.77,0.58,2.35
3255.0,23.48,14.25,93.43,9.46,373.72,22.11,76.8,12.81,22.11,76.8,24.28,63.92,12.14,37.05,31.5,12.42,373.72,2.06,1.78,0.6,2.37
3256.0,23.48,14.25,93.43,9.46,375.4,22.11,76.8,12.81,22.11,76.8,24.28,63.92,12.14,37.05,31.5,12.42,375.4,2.06,1.79,0.6,2.36
3257.0,23.48,14.25,93.43,9.46,380.21,22.11,76.8,12.81,22.11,76.8,24.28,63.92,12.14,37.05,31.5,12.42,380.21,2.09,1.81,0.6,2.36
3258.0,23.48,14.25,93.43,9.46,380.54,22.11,76.8,12.81,22.11,76.8,24.28,63.92,12.14,37.05,31.5,12.42,380.54,2.09,1.81,0.63,2.36
3259.0,23.5,14.24,93.57,9.47,381.37,22.11,76.73,12.8,22.11,76.73,24.28,63.79,12.12,37.06,31.49,12.42,381.37,2.1,1.82,0.57,2.35
3260.0,23.5,14.24,93.57,9.47,381.76,22.11,76.73,12.8,22.11,76.73,24.28,63.79,12.12,37.06,31.49,12.42,381.76,2.1,1.82,0.57,2.35
3261.0,23.48,14.25,93.34,9.45,376.16,22.1,76.71,12.79,22.1,76.71,24.27,63.91,12.14,37.04,31.5,12.41,376.16,2.07,1.8,0.58,2.35
3262.0,23.48,14.25,93.34,9.45,375.77,22.1,76.71,12.79,22.1,76.71,24.27,63.91,12.14,37.04,31.5,12.41,375.77,2.06,1.79,0.58,2.36
3263.0,23.48,14.25,93.34,9.45,376.18,22.1,76.71,12.79,22.1,76.71,24.27,63.91,12.14,37.04,31.5,12.41,376.18,2.06,1.79,0.58,2.36
3264.0,23.48,14.25,93.34,9.45,374.37,22.1,76.71,12.79,22.1,76.71,24.27,63.91,12.14,37.04,31.5,12.41,374.37,2.05,1.79,0.59,2.36
3265.0,23.46,14.22,93.89,9.49,372.01,22.11,76.66,12.79,22.11,76.66,24.27,63.91,12.13,37.04,31.51,12.42,372.01,2.03,1.78,0.59,2.34
3266.0,23.46,14.22,93.89,9.49,369.62,22.11,76.66,12.79,22.11,76.66,24.27,63.91,12.13,37.04,31.51,12.42,369.62,2.02,1.77,0.57,2.34
3267.0,23.45,14.24,93.51,9.46,365.48,22.11,76.58,12.78,22.11,76.58,24.27,63.98,12.14,37.04,31.5,12.42,365.48,2.0,1.75,0.57,2.36
3268.0,23.45,14.24,93.51,9.46,367.91,22.11,76.58,12.78,22.11,76.58,24.27,63.98,12.14,37.04,31.5,12.42,367.91,2.02,1.76,0.57,2.35
3269.0,23.45,14.24,93.51,9.46,370.42,22.11,76.58,12.78,22.11,76.58,24.27,63.98,12.14,37.04,31.5,12.42,370.42,2.03,1.77,0.59,2.35
3270.0,23.45,14.24,93.51,9.46,369.08,22.11,76.58,12.78,22.11,76.58,24.27,63.98,12.14,37.04,31.5,12.42,369.08,2.02,1.77,0.59,2.35
3271.0,23.42,14.22,93.65,9.47,367.71,22.11,76.7,12.79,22.11,76.7,24.26,63.85,12.11,37.03,31.49,12.4,367.71,2.02,1.75,0.59,2.34
3272.0,23.42,14.22,93.65,9.47,367.66,22.11,76.7,12.79,22.11,76.7,24.26,63.85,12.11,37.03,31.49,12.4,367.66,2.02,1.75,0.6,2.34
3273.0,23.44,14.22,93.74,9.47,370.69,22.11,76.67,12.79,22.11,76.67,24.26,63.85,12.12,37.02,31.48,12.39,370.69,2.03,1.76,0.57,2.33
3274.0,23.44,14.22,93.74,9.47,371.93,22.11,76.67,12.79,22.11,76.67,24.26,63.85,12.12,37.02,31.48,12.39,371.93,2.04,1.76,0.58,2.33
3275.0,23.44,14.22,93.74,9.47,373.76,22.11,76.67,12.79,22.11,76.67,24.26,63.85,12.12,37.02,31.48,12.39,373.76,2.05,1.77,0.55,2.33
3276.0,23.44,14.22,93.74,9.47,372.92,22.11,76.67,12.79,22.11,76.67,24.26,63.85,12.12,37.02,31.48,12.39,372.92,2.05,1.77,0.55,2.33
3277.0,23.43,14.25,93.34,9.45,370.78,22.11,76.63,12.79,22.11,76.63,24.26,63.91,12.12,37.03,31.48,12.4,370.78,2.04,1.76,0.57,2.35
3278.0,23.43,14.25,93.34,9.45,370.35,22.11,76.63,12.79,22.11,76.63,24.26,63.91,12.12,37.03,31.48,12.4,370.35,2.03,1.76,0.57,2.34
3279.0,23.42,14.24,93.55,9.46,370.15,22.11,76.55,12.77,22.11,76.55,24.25,63.82,12.1,37.02,31.48,12.39,370.15,2.03,1.76,0.57,2.33
3280.0,23.42,14.24,93.55,9.46,369.93,22.11,76.55,12.77,22.11,76.55,24.25,63.82,12.1,37.02,31.48,12.39,369.93,2.02,1.76,0.56,2.34
3281.0,23.42,14.24,93.55,9.46,369.64,22.11,76.55,12.77,22.11,76.55,24.25,63.82,12.1,37.02,31.48,12.39,369.64,2.02,1.76,0.59,2.34
3282.0,23.42,14.24,93.55,9.46,369.96,22.11,76.55,12.77,22.11,76.55,24.25,63.82,12.1,37.02,31.48,12.39,369.96,2.02,1.76,0.56,2.34
3283.0,23.4,14.23,93.51,9.46,372.51,22.11,76.51,12.76,22.11,76.51,24.25,63.78,12.1,37.01,31.46,12.38,372.51,2.04,1.77,0.58,2.33
3284.0,23.4,14.23,93.51,9.46,374.04,22.11,76.51,12.76,22.11,76.51,24.25,63.78,12.1,37.01,31.46,12.38,374.04,2.05,1.78,0.58,2.33
3285.0,23.38,14.23,93.52,9.46,378.25,22.11,76.55,12.77,22.11,76.55,24.25,63.79,12.1,37.01,31.47,12.39,378.25,2.07,1.8,0.59,2.33
3286.0,23.38,14.23,93.52,9.46,376.74,22.11,76.55,12.77,22.11,76.55,24.25,63.79,12.1,37.01,31.47,12.39,376.74,2.06,1.79,0.59,2.33
3287.0,23.38,14.23,93.52,9.46,375.4,22.11,76.55,12.77,22.11,76.55,24.25,63.79,12.1,37.01,31.47,12.39,375.4,2.05,1.79,0.58,2.33
3288.0,23.38,14.23,93.52,9.46,373.92,22.11,76.55,12.77,22.11,76.55,24.25,63.79,12.1,37.01,31.47,12.39,373.92,2.05,1.78,0.58,2.33
3289.0,23.37,14.24,93.5,9.46,371.13,22.11,76.51,12.76,22.11,76.51,24.26,63.78,12.1,37.01,31.46,12.37,371.13,2.03,1.76,0.59,2.33
3290.0,23.37,14.24,93.5,9.46,370.48,22.11,76.51,12.76,22.11,76.51,24.26,63.78,12.1,37.01,31.46,12.37,370.48,2.02,1.76,0.58,2.33
3291.0,23.38,14.25,93.44,9.46,369.97,22.12,76.37,12.74,22.12,76.37,24.27,63.73,12.1,37.03,31.42,12.38,369.97,2.02,1.76,0.6,2.35
3292.0,23.38,14.25,93.44,9.46,372.17,22.12,76.37,12.74,22.12,76.37,24.27,63.73,12.1,37.03,31.42,12.38,372.17,2.03,1.78,0.6,2.34
3293.0,23.38,14.25,93.44,9.46,377.43,22.12,76.37,12.74,22.12,76.37,24.27,63.73,12.1,37.03,31.42,12.38,377.43,2.06,1.8,0.57,2.34
3294.0,23.38,14.25,93.44,9.46,377.98,22.12,76.37,12.74,22.12,76.37,24.27,63.73,12.1,37.03,31.42,12.38,377.98,2.06,1.8,0.57,2.34
3295.0,23.38,14.25,93.4,9.46,378.52,22.11,76.36,12.74,22.11,76.36,24.27,63.74,12.1,37.03,31.39,12.37,378.52,2.06,1.81,0.59,2.34
3296.0,23.38,14.25,93.4,9.46,378.88,22.11,76.36,12.74,22.11,76.36,24.27,63.74,12.1,37.03,31.39,12.37,378.88,2.06,1.81,0.57,2.34
3297.0,23.38,14.23,93.53,9.46,378.76,22.09,76.43,12.73,22.09,76.43,24.28,63.65,12.09,37,31.38,12.34,378.76,2.06,1.81,0.59,2.31
3298.0,23.38,14.23,93.53,9.46,378.18,22.09,76.43,12.73,22.09,76.43,24.28,63.65,12.09,37,31.38,12.34,378.18,2.06,1.79,0.56,2.32
3299.0,23.38,14.23,93.53,9.46,376.62,22.09,76.43,12.73,22.09,76.43,24.28,63.65,12.09,37,31.38,12.34,376.62,2.05,1.79,0.6,2.32
3300.0,23.38,14.23,93.53,9.46,376.17,22.09,76.43,12.73,22.09,76.43,24.28,63.65,12.09,37,31.38,12.34,376.17,2.05,1.78,0.6,2.32
3301.0,23.4,14.23,93.59,9.47,375.56,22.11,76.37,12.73,22.11,76.37,24.28,63.72,12.11,37.05,31.34,12.35,375.56,2.04,1.79,0.57,2.32
3302.0,23.4,14.23,93.59,9.47,375.18,22.11,76.37,12.73,22.11,76.37,24.28,63.72,12.11,37.05,31.34,12.35,375.18,2.04,1.79,0.54,2.32
3303.0,23.4,14.23,93.57,9.46,370.38,22.08,76.41,12.72,22.08,76.41,24.28,63.6,12.08,37.01,31.29,12.31,370.38,2.01,1.77,0.58,2.32
3304.0,23.4,14.23,93.57,9.46,369.99,22.08,76.41,12.72,22.08,76.41,24.28,63.6,12.08,37.01,31.29,12.31,369.99,2.01,1.75,0.58,2.32
3305.0,23.4,14.23,93.57,9.46,370.4,22.08,76.41,12.72,22.08,76.41,24.28,63.6,12.08,37.01,31.29,12.31,370.4,2.01,1.75,0.56,2.32
3306.0,23.4,14.23,93.57,9.46,373.98,22.08,76.41,12.72,22.08,76.41,24.28,63.6,12.08,37.01,31.29,12.31,373.98,2.03,1.77,0.56,2.32
3307.0,23.44,14.24,93.59,9.47,376.59,22.09,76.42,12.73,22.09,76.42,24.29,63.63,12.1,37.05,31.27,12.32,376.59,2.04,1.79,0.58,2.32
3308.0,23.44,14.24,93.59,9.47,375.83,22.09,76.42,12.73,22.09,76.42,24.29,63.63,12.1,37.05,31.27,12.32,375.83,2.04,1.79,0.58,2.32
3309.0,23.44,14.24,93.59,9.47,375.38,22.09,76.42,12.73,22.09,76.42,24.29,63.63,12.1,37.05,31.27,12.32,375.38,2.04,1.78,0.57,2.32
3310.0,23.43,14.23,93.55,9.46,378.2,22.09,76.28,12.7,22.09,76.28,24.3,63.49,12.07,37.05,31.25,12.32,378.2,2.05,1.8,0.54,2.32
3311.0,23.43,14.23,93.55,9.46,380.17,22.09,76.28,12.7,22.09,76.28,24.3,63.49,12.07,37.05,31.25,12.32,380.17,2.06,1.81,0.55,2.32
3312.0,23.45,14.24,93.37,9.45,380.14,22.08,76.45,12.73,22.08,76.45,24.29,63.68,12.1,37.03,31.27,12.31,380.14,2.06,1.81,0.56,2.33
3313.0,23.45,14.24,93.37,9.45,379.45,22.08,76.45,12.73,22.08,76.45,24.29,63.68,12.1,37.03,31.27,12.31,379.45,2.06,1.8,0.57,2.32
3314.0,23.45,14.24,93.37,9.45,378.33,22.08,76.45,12.73,22.08,76.45,24.29,63.68,12.1,37.03,31.27,12.31,378.33,2.06,1.79,0.57,2.32
3315.0,23.45,14.24,93.37,9.45,378.08,22.08,76.45,12.73,22.08,76.45,24.29,63.68,12.1,37.03,31.27,12.31,378.08,2.05,1.79,0.57,2.32
3316.0,23.48,14.23,93.39,9.45,378,22.09,76.33,12.71,22.09,76.33,24.29,63.65,12.1,37.05,31.25,12.32,378,2.05,1.8,0.58,2.31
3317.0,23.48,14.23,93.39,9.45,378.19,22.09,76.33,12.71,22.09,76.33,24.29,63.65,12.1,37.05,31.25,12.32,378.19,2.05,1.8,0.56,2.31
3318.0,23.49,14.24,93.27,9.44,378.44,22.07,76.38,12.7,22.07,76.38,24.28,63.63,12.09,37.01,31.26,12.29,378.44,2.05,1.8,0.56,2.33
3319.0,23.49,14.24,93.27,9.44,380.6,22.07,76.38,12.7,22.07,76.38,24.28,63.63,12.09,37.01,31.26,12.29,380.6,2.06,1.81,0.56,2.32
3320.0,23.49,14.24,93.27,9.44,382.49,22.07,76.38,12.7,22.07,76.38,24.28,63.63,12.09,37.01,31.26,12.29,382.49,2.07,1.81,0.52,2.32
3321.0,23.49,14.24,93.27,9.44,382.71,22.07,76.38,12.7,22.07,76.38,24.28,63.63,12.09,37.01,31.26,12.29,382.71,2.07,1.82,0.55,2.32
3322.0,23.5,14.24,93.28,9.44,383.31,22.07,76.41,12.71,22.07,76.41,24.28,63.6,12.08,37.01,31.28,12.31,383.31,2.08,1.82,0.52,2.31
3323.0,23.5,14.24,93.28,9.44,383.82,22.07,76.41,12.71,22.07,76.41,24.28,63.6,12.08,37.01,31.28,12.31,383.82,2.08,1.82,0.52,2.31
3324.0,23.52,14.25,93.37,9.45,379.65,22.08,76.33,12.71,22.08,76.33,24.29,63.62,12.09,37.05,31.26,12.32,379.65,2.06,1.8,0.57,2.32
3325.0,23.52,14.25,93.37,9.45,379.49,22.08,76.33,12.71,22.08,76.33,24.29,63.62,12.09,37.05,31.26,12.32,379.49,2.06,1.81,0.57,2.32
3326.0,23.52,14.25,93.37,9.45,374.4,22.08,76.33,12.71,22.08,76.33,24.29,63.62,12.09,37.05,31.26,12.32,374.4,2.03,1.79,0.54,2.32
3327.0,23.52,14.25,93.37,9.45,372.41,22.08,76.33,12.71,22.08,76.33,24.29,63.62,12.09,37.05,31.26,12.32,372.41,2.02,1.78,0.58,2.32
3328.0,23.49,14.24,93.47,9.46,373.08,22.07,76.17,12.67,22.07,76.17,24.28,63.6,12.08,37.03,31.28,12.32,373.08,2.0,1.79,0.55,2.31
3329.0,23.49,14.24,93.47,9.46,373.62,22.07,76.17,12.67,22.07,76.17,24.28,63.6,12.08,37.03,31.28,12.32,373.62,2.01,1.79,0.55,2.31
3330.0,23.51,14.23,93.7,9.48,373.96,22.08,76.19,12.68,22.08,76.19,24.29,63.58,12.09,37.05,31.27,12.33,373.96,2.01,1.8,0.57,2.31
3331.0,23.51,14.23,93.7,9.48,376.23,22.08,76.19,12.68,22.08,76.19,24.29,63.58,12.09,37.05,31.27,12.33,376.23,2.02,1.81,0.57,2.3
3332.0,23.51,14.23,93.7,9.48,378.15,22.08,76.19,12.68,22.08,76.19,24.29,63.58,12.09,37.05,31.27,12.33,378.15,2.03,1.82,0.56,2.3
3333.0,23.51,14.23,93.7,9.48,379.77,22.08,76.19,12.68,22.08,76.19,24.29,63.58,12.09,37.05,31.27,12.33,379.77,2.04,1.83,0.56,2.3
3334.0,23.47,14.24,93.27,9.44,382.73,22.01,76.49,12.68,22.01,76.49,24.27,63.62,12.08,36.91,31.4,12.28,382.73,2.06,1.82,0.54,2.31
3335.0,23.47,14.24,93.27,9.44,381.65,22.01,76.49,12.68,22.01,76.49,24.27,63.62,12.08,36.91,31.4,12.28,381.65,2.05,1.81,0.56,2.31
3336.0,23.48,14.25,93.52,9.47,377.35,22.06,76.3,12.69,22.06,76.3,24.27,63.73,12.1,37.02,31.29,12.32,377.35,2.03,1.79,0.55,2.32
3337.0,23.48,14.25,93.52,9.47,376.54,22.06,76.3,12.69,22.06,76.3,24.27,63.73,12.1,37.02,31.29,12.32,376.54,2.02,1.8,0.57,2.31
3338.0,23.48,14.25,93.52,9.47,374.99,22.06,76.3,12.69,22.06,76.3,24.27,63.73,12.1,37.02,31.29,12.32,374.99,2.02,1.79,0.55,2.31
3339.0,23.48,14.25,93.52,9.47,373.03,22.06,76.3,12.69,22.06,76.3,24.27,63.73,12.1,37.02,31.29,12.32,373.03,2.01,1.78,0.57,2.31
3340.0,23.45,14.23,93.71,9.48,371.74,22.07,76.35,12.7,22.07,76.35,24.27,63.73,12.1,37.04,31.3,12.33,371.74,2.0,1.78,0.54,2.3
3341.0,23.45,14.23,93.71,9.48,372.28,22.07,76.35,12.7,22.07,76.35,24.27,63.73,12.1,37.04,31.3,12.33,372.28,2.0,1.78,0.54,2.3
3342.0,23.4,14.23,93.43,9.45,372.03,22.04,76.27,12.66,22.04,76.27,24.25,63.76,12.09,36.97,31.33,12.3,372.03,2.0,1.78,0.56,2.3
3343.0,23.4,14.23,93.43,9.45,370.35,22.04,76.27,12.66,22.04,76.27,24.25,63.76,12.09,36.97,31.33,12.3,370.35,1.99,1.77,0.56,2.3
3344.0,23.4,14.23,93.43,9.45,368.26,22.04,76.27,12.66,22.04,76.27,24.25,63.76,12.09,36.97,31.33,12.3,368.26,1.98,1.76,0.56,2.3
3345.0,23.4,14.23,93.43,9.45,367.87,22.04,76.27,12.66,22.04,76.27,24.25,63.76,12.09,36.97,31.33,12.3,367.87,1.97,1.76,0.56,2.3
3346.0,23.41,14.25,93.21,9.44,373.13,22.04,76.33,12.68,22.04,76.33,24.26,63.66,12.08,36.99,31.32,12.31,373.13,2.01,1.78,0.56,2.31
3347.0,23.41,14.25,93.21,9.44,375.97,22.04,76.33,12.68,22.04,76.33,24.26,63.66,12.08,36.99,31.32,12.31,375.97,2.02,1.8,0.56,2.31
3348.0,23.45,14.25,93.44,9.46,376.57,22.06,76.27,12.68,22.06,76.27,24.27,63.68,12.09,37.02,31.3,12.32,376.57,2.03,1.8,0.55,2.3
3349.0,23.45,14.25,93.44,9.46,375.4,22.06,76.27,12.68,22.06,76.27,24.27,63.68,12.09,37.02,31.3,12.32,375.4,2.02,1.8,0.55,2.3
3350.0,23.45,14.25,93.44,9.46,378.14,22.06,76.27,12.68,22.06,76.27,24.27,63.68,12.09,37.02,31.3,12.32,378.14,2.03,1.81,0.56,2.3
3351.0,23.45,14.25,93.44,9.46,378.42,22.06,76.27,12.68,22.06,76.27,24.27,63.68,12.09,37.02,31.3,12.32,378.42,2.03,1.81,0.55,2.3
3352.0,23.44,14.25,93.34,9.45,376.4,22.06,76.35,12.69,22.06,76.35,24.25,63.66,12.07,37.01,31.31,12.32,376.4,2.03,1.8,0.58,2.31
3353.0,23.44,14.25,93.34,9.45,377.78,22.06,76.35,12.69,22.06,76.35,24.25,63.66,12.07,37.01,31.31,12.32,377.78,2.04,1.81,0.55,2.31
3354.0,23.41,14.24,93.41,9.45,379.13,22.04,76.27,12.66,22.04,76.27,24.23,63.68,12.06,36.98,31.31,12.3,379.13,2.04,1.81,0.57,2.29
3355.0,23.41,14.24,93.41,9.45,380.3,22.04,76.27,12.66,22.04,76.27,24.23,63.68,12.06,36.98,31.31,12.3,380.3,2.04,1.82,0.57,2.3
3356.0,23.41,14.24,93.41,9.45,378.58,22.04,76.27,12.66,22.04,76.27,24.23,63.68,12.06,36.98,31.31,12.3,378.58,2.03,1.81,0.56,2.3
3357.0,23.41,14.24,93.41,9.45,376.93,22.04,76.27,12.66,22.04,76.27,24.23,63.68,12.06,36.98,31.31,12.3,376.93,2.02,1.8,0.56,2.3
3358.0,23.41,14.27,93.32,9.46,375.21,22.04,76.11,12.64,22.04,76.11,24.21,63.73,12.06,36.99,31.3,12.3,375.21,2.0,1.8,0.55,2.31
3359.0,23.41,14.27,93.32,9.46,374.8,22.04,76.11,12.64,22.04,76.11,24.21,63.73,12.06,36.99,31.3,12.3,374.8,2.0,1.8,0.53,2.31
3360.0,23.42,14.25,93.6,9.48,373.78,22.05,76.1,12.64,22.05,76.1,24.22,63.72,12.06,37,31.29,12.3,373.78,1.99,1.79,0.55,2.3
3361.0,23.42,14.25,93.6,9.48,373.65,22.05,76.1,12.64,22.05,76.1,24.22,63.72,12.06,37,31.29,12.3,373.65,1.99,1.8,0.55,2.3
3362.0,23.42,14.25,93.6,9.48,370.35,22.05,76.1,12.64,22.05,76.1,24.22,63.72,12.06,37,31.29,12.3,370.35,1.97,1.78,0.56,2.3
3363.0,23.42,14.25,93.6,9.48,369.09,22.05,76.1,12.64,22.05,76.1,24.22,63.72,12.06,37,31.29,12.3,369.09,1.96,1.77,0.54,2.3
3364.0,23.45,14.28,93.43,9.48,367.85,22.06,76.13,12.66,22.06,76.13,24.22,63.76,12.07,37.04,31.25,12.31,367.85,1.96,1.77,0.54,2.32
3365.0,23.45,14.28,93.43,9.48,367.77,22.06,76.13,12.66,22.06,76.13,24.22,63.76,12.07,37.04,31.25,12.31,367.77,1.96,1.77,0.54,2.32
3366.0,23.44,14.27,93.38,9.47,371.21,22.05,76.2,12.66,22.05,76.2,24.21,63.82,12.07,37.01,31.26,12.3,371.21,1.98,1.78,0.56,2.31
3367.0,23.44,14.27,93.38,9.47,374.42,22.05,76.2,12.66,22.05,76.2,24.21,63.82,12.07,37.01,31.26,12.3,374.42,2.0,1.79,0.55,2.31
3368.0,23.44,14.27,93.38,9.47,379.56,22.05,76.2,12.66,22.05,76.2,24.21,63.82,12.07,37.01,31.26,12.3,379.56,2.03,1.82,0.52,2.31
3369.0,23.44,14.27,93.38,9.47,381.32,22.05,76.2,12.66,22.05,76.2,24.21,63.82,12.07,37.01,31.26,12.3,381.32,2.03,1.83,0.57,2.31
3370.0,23.43,14.26,93.76,9.5,381.35,22.06,76.13,12.66,22.06,76.13,24.21,63.79,12.07,37.04,31.23,12.31,381.35,2.03,1.83,0.58,2.3
3371.0,23.43,14.26,93.76,9.5,378.07,22.06,76.13,12.66,22.06,76.13,24.21,63.79,12.07,37.04,31.23,12.31,378.07,2.01,1.82,0.58,2.3
3372.0,23.41,14.27,93.25,9.46,374.27,22.04,76.16,12.65,22.04,76.16,24.19,63.85,12.06,37,31.28,12.3,374.27,1.99,1.8,0.55,2.31
3373.0,23.41,14.27,93.25,9.46,373.63,22.04,76.16,12.65,22.04,76.16,24.19,63.85,12.06,37,31.28,12.3,373.63,1.99,1.79,0.55,2.31
3374.0,23.41,14.27,93.25,9.46,373.11,22.04,76.16,12.65,22.04,76.16,24.19,63.85,12.06,37,31.28,12.3,373.11,1.99,1.79,0.55,2.31
3375.0,23.41,14.27,93.25,9.46,373.11,22.04,76.16,12.65,22.04,76.16,24.19,63.85,12.06,37,31.28,12.3,373.11,1.99,1.79,0.55,2.31
3376.0,23.41,14.25,93.3,9.45,373.02,22.02,76.18,12.63,22.02,76.18,24.17,63.86,12.05,36.95,31.29,12.27,373.02,1.99,1.78,0.55,2.3
3377.0,23.41,14.25,93.3,9.45,371.26,22.02,76.18,12.63,22.02,76.18,24.17,63.86,12.05,36.95,31.29,12.27,371.26,1.98,1.78,0.57,2.3
3378.0,23.43,14.27,93.28,9.46,367.43,22.04,76.17,12.65,22.04,76.17,24.17,63.86,12.05,37.01,31.25,12.29,367.43,1.96,1.76,0.54,2.31
3379.0,23.43,14.27,93.28,9.46,367.71,22.04,76.17,12.65,22.04,76.17,24.17,63.86,12.05,37.01,31.25,12.29,367.71,1.96,1.77,0.54,2.31
3380.0,23.43,14.27,93.28,9.46,368.81,22.04,76.17,12.65,22.04,76.17,24.17,63.86,12.05,37.01,31.25,12.29,368.81,1.97,1.77,0.54,2.31
3381.0,23.43,14.27,93.28,9.46,371.33,22.04,76.17,12.65,22.04,76.17,24.17,63.86,12.05,37.01,31.25,12.29,371.33,1.98,1.78,0.54,2.31
3382.0,23.44,14.27,93.46,9.48,375.22,22.04,76.13,12.65,22.04,76.13,24.16,63.85,12.04,37.04,31.21,12.3,375.22,2.0,1.81,0.57,2.31
3383.0,23.44,14.27,93.46,9.48,376.83,22.04,76.13,12.65,22.04,76.13,24.16,63.85,12.04,37.04,31.21,12.3,376.83,2.0,1.81,0.54,2.3
3384.0,23.42,14.27,93.4,9.47,376.23,22.04,76.08,12.63,22.04,76.08,24.15,63.89,12.04,37.04,31.21,12.3,376.23,2.0,1.81,0.56,2.3
3385.0,23.42,14.27,93.4,9.47,375.91,22.04,76.08,12.63,22.04,76.08,24.15,63.89,12.04,37.04,31.21,12.3,375.91,2.0,1.81,0.55,2.3
3386.0,23.42,14.27,93.4,9.47,377.44,22.04,76.08,12.63,22.04,76.08,24.15,63.89,12.04,37.04,31.21,12.3,377.44,2.01,1.82,0.56,2.3
3387.0,23.42,14.27,93.4,9.47,378.95,22.04,76.08,12.63,22.04,76.08,24.15,63.89,12.04,37.04,31.21,12.3,378.95,2.02,1.83,0.56,2.3
3388.0,23.41,14.26,93.52,9.48,378.34,22.04,75.99,12.62,22.04,75.99,24.16,63.84,12.04,37.05,31.19,12.3,378.34,2.0,1.83,0.55,2.3
3389.0,23.41,14.26,93.52,9.48,377.25,22.04,75.99,12.62,22.04,75.99,24.16,63.84,12.04,37.05,31.19,12.3,377.25,2.0,1.83,0.55,2.3
3390.0,23.4,14.26,93.61,9.49,373.96,22.03,75.94,12.6,22.03,75.94,24.16,63.66,12.01,37.03,31.18,12.28,373.96,1.98,1.81,0.58,2.3
3391.0,23.4,14.26,93.61,9.49,373.14,22.03,75.94,12.6,22.03,75.94,24.16,63.66,12.01,37.03,31.18,12.28,373.14,1.97,1.81,0.56,2.3
3392.0,23.4,14.26,93.61,9.49,375.83,22.03,75.94,12.6,22.03,75.94,24.16,63.66,12.01,37.03,31.18,12.28,375.83,1.98,1.82,0.56,2.3
3393.0,23.4,14.26,93.61,9.49,374.27,22.03,75.94,12.6,22.03,75.94,24.16,63.66,12.01,37.03,31.18,12.28,374.27,1.97,1.81,0.56,2.3
3394.0,23.41,14.26,93.67,9.49,373.74,22.03,75.93,12.6,22.03,75.93,24.17,63.76,12.03,37.03,31.17,12.28,373.74,1.97,1.81,0.57,2.3
3395.0,23.41,14.26,93.67,9.49,372.75,22.03,75.93,12.6,22.03,75.93,24.17,63.76,12.03,37.03,31.17,12.28,372.75,1.96,1.81,0.57,2.3
3396.0,23.38,14.27,93.51,9.48,372.18,22.04,75.93,12.61,22.04,75.93,24.17,63.84,12.05,37.07,31.15,12.29,372.18,1.96,1.8,0.57,2.3
3397.0,23.38,14.27,93.51,9.48,371.89,22.04,75.93,12.61,22.04,75.93,24.17,63.84,12.05,37.07,31.15,12.29,371.89,1.96,1.8,0.57,2.3
3398.0,23.38,14.27,93.51,9.48,371.78,22.04,75.93,12.61,22.04,75.93,24.17,63.84,12.05,37.07,31.15,12.29,371.78,1.96,1.8,0.57,2.3
3399.0,23.39,14.28,93.44,9.48,366.63,22.04,75.99,12.62,22.04,75.99,24.16,63.85,12.04,37.05,31.17,12.29,366.63,1.94,1.78,0.56,2.3
3400.0,23.39,14.28,93.44,9.48,363.44,22.04,75.99,12.62,22.04,75.99,24.16,63.85,12.04,37.05,31.17,12.29,363.44,1.92,1.76,0.55,2.3
3401.0,23.39,14.28,93.44,9.48,362.57,22.04,75.99,12.62,22.04,75.99,24.16,63.85,12.04,37.05,31.17,12.29,362.57,1.92,1.75,0.56,2.3
3402.0,23.39,14.28,93.44,9.48,365.84,22.04,75.99,12.62,22.04,75.99,24.16,63.85,12.04,37.05,31.17,12.29,365.84,1.93,1.77,0.55,2.3
3403.0,23.39,14.27,93.67,9.49,374.54,22.03,75.92,12.6,22.03,75.92,24.16,63.8,12.03,37.03,31.19,12.28,374.54,1.97,1.81,0.56,2.3
3404.0,23.39,14.27,93.67,9.49,377.37,22.03,75.92,12.6,22.03,75.92,24.16,63.8,12.03,37.03,31.19,12.28,377.37,1.99,1.83,0.56,2.3
3405.0,23.4,14.27,93.43,9.48,379.81,22.04,76.02,12.62,22.04,76.02,24.16,63.71,12.01,37.03,31.19,12.28,379.81,2.0,1.84,0.54,2.3
3406.0,23.4,14.27,93.43,9.48,379.97,22.04,76.02,12.62,22.04,76.02,24.16,63.71,12.01,37.03,31.19,12.28,379.97,2.01,1.83,0.54,2.3
3407.0,23.4,14.27,93.43,9.48,378.21,22.04,76.02,12.62,22.04,76.02,24.16,63.71,12.01,37.03,31.19,12.28,378.21,2.0,1.82,0.54,2.3
3408.0,23.4,14.27,93.43,9.48,376.18,22.04,76.02,12.62,22.04,76.02,24.16,63.71,12.01,37.03,31.19,12.28,376.18,1.99,1.81,0.54,2.3
3409.0,23.36,14.27,93.38,9.46,373.57,22.01,75.89,12.57,22.01,75.89,24.12,63.74,11.99,36.96,31.23,12.25,373.57,1.96,1.8,0.55,2.29
3410.0,23.36,14.27,93.38,9.46,372.84,22.01,75.89,12.57,22.01,75.89,24.12,63.74,11.99,36.96,31.23,12.25,372.84,1.96,1.8,0.55,2.29
3411.0,23.39,14.26,93.53,9.47,372.95,22.03,75.86,12.58,22.03,75.86,24.13,63.74,12,37.01,31.17,12.26,372.95,1.96,1.8,0.53,2.29
3412.0,23.39,14.26,93.53,9.47,373.42,22.03,75.86,12.58,22.03,75.86,24.13,63.74,12,37.01,31.17,12.26,373.42,1.97,1.8,0.53,2.29
3413.0,23.39,14.26,93.53,9.47,375.08,22.03,75.86,12.58,22.03,75.86,24.13,63.74,12,37.01,31.17,12.26,375.08,1.98,1.81,0.54,2.29
3414.0,23.39,14.26,93.53,9.47,375.07,22.03,75.86,12.58,22.03,75.86,24.13,63.74,12,37.01,31.17,12.26,375.07,1.98,1.81,0.54,2.29
3415.0,23.38,14.25,93.75,9.49,374.8,22.02,75.85,12.58,22.02,75.85,24.13,63.74,12,36.99,31.17,12.25,374.8,1.97,1.81,0.54,2.28
3416.0,23.38,14.25,93.75,9.49,374.43,22.02,75.85,12.58,22.02,75.85,24.13,63.74,12,36.99,31.17,12.25,374.43,1.97,1.81,0.56,2.28
3417.0,23.38,14.27,93.58,9.49,370.46,22.02,75.84,12.57,22.02,75.84,24.12,63.74,11.99,36.99,31.17,12.25,370.46,1.94,1.79,0.54,2.29
3418.0,23.38,14.27,93.58,9.49,369.71,22.02,75.84,12.57,22.02,75.84,24.12,63.74,11.99,36.99,31.17,12.25,369.71,1.94,1.78,0.55,2.29
3419.0,23.38,14.27,93.58,9.49,371.31,22.02,75.84,12.57,22.02,75.84,24.12,63.74,11.99,36.99,31.17,12.25,371.31,1.95,1.79,0.54,2.29
3420.0,23.38,14.27,93.58,9.49,371.78,22.02,75.84,12.57,22.02,75.84,24.12,63.74,11.99,36.99,31.17,12.25,371.78,1.95,1.79,0.54,2.29
3421.0,23.37,14.24,93.53,9.47,374.75,22.01,75.84,12.57,22.01,75.84,24.13,63.68,11.99,36.99,31.17,12.24,374.75,1.97,1.81,0.54,2.28
3422.0,23.37,14.24,93.53,9.47,376.63,22.01,75.84,12.57,22.01,75.84,24.13,63.68,11.99,36.99,31.17,12.24,376.63,1.98,1.82,0.54,2.28
3423.0,23.37,14.25,93.71,9.49,380.93,22.02,75.87,12.58,22.02,75.87,24.14,63.6,11.98,37.02,31.15,12.26,380.93,2.0,1.84,0.53,2.29
3424.0,23.37,14.25,93.71,9.49,379.77,22.02,75.87,12.58,22.02,75.87,24.14,63.6,11.98,37.02,31.15,12.26,379.77,2.0,1.83,0.56,2.28
3425.0,23.37,14.25,93.71,9.49,377.26,22.02,75.87,12.58,22.02,75.87,24.14,63.6,11.98,37.02,31.15,12.26,377.26,1.98,1.82,0.56,2.28
3426.0,23.37,14.25,93.71,9.49,375,22.02,75.87,12.58,22.02,75.87,24.14,63.6,11.98,37.02,31.15,12.26,375,1.97,1.81,0.54,2.28
3427.0,23.35,14.26,93.5,9.48,372.68,22.02,75.94,12.59,22.02,75.94,24.15,63.64,11.99,37.01,31.14,12.25,372.68,1.96,1.8,0.55,2.29
3428.0,23.35,14.26,93.5,9.48,372.03,22.02,75.94,12.59,22.02,75.94,24.15,63.64,11.99,37.01,31.14,12.25,372.03,1.96,1.79,0.57,2.28
3429.0,23.35,14.25,93.62,9.48,373.03,22.02,75.86,12.58,22.02,75.86,24.16,63.55,11.98,37.02,31.13,12.25,373.03,1.97,1.8,0.52,2.28
3430.0,23.35,14.25,93.62,9.48,373.6,22.02,75.86,12.58,22.02,75.86,24.16,63.55,11.98,37.02,31.13,12.25,373.6,1.96,1.8,0.52,2.28
3431.0,23.35,14.25,93.62,9.48,372.71,22.02,75.86,12.58,22.02,75.86,24.16,63.55,11.98,37.02,31.13,12.25,372.71,1.96,1.8,0.55,2.28
3432.0,23.35,14.25,93.62,9.48,374.37,22.02,75.86,12.58,22.02,75.86,24.16,63.55,11.98,37.02,31.13,12.25,374.37,1.97,1.81,0.55,2.28
3433.0,23.33,14.24,93.61,9.47,376.6,22,75.92,12.58,22,75.92,24.17,63.39,11.96,36.98,31.12,12.22,376.6,1.98,1.81,0.59,2.27
3434.0,23.33,14.24,93.61,9.47,376.94,22,75.92,12.58,22,75.92,24.17,63.39,11.96,36.98,31.12,12.22,376.94,1.98,1.81,0.56,2.27
3435.0,23.35,14.25,93.57,9.47,375.52,22.01,75.76,12.55,22.01,75.76,24.19,63.34,11.96,36.99,31.1,12.22,375.52,1.98,1.8,0.55,2.27
3436.0,23.35,14.25,93.57,9.47,373.46,22.01,75.76,12.55,22.01,75.76,24.19,63.34,11.96,36.99,31.1,12.22,373.46,1.96,1.8,0.55,2.27
3437.0,23.35,14.25,93.57,9.47,371.79,22.01,75.76,12.55,22.01,75.76,24.19,63.34,11.96,36.99,31.1,12.22,371.79,1.95,1.79,0.55,2.27
3438.0,23.35,14.25,93.57,9.47,372.48,22.01,75.76,12.55,22.01,75.76,24.19,63.34,11.96,36.99,31.1,12.22,372.48,1.95,1.8,0.55,2.27
3439.0,23.34,14.27,93.34,9.46,374.66,22,75.75,12.55,22,75.75,24.19,63.41,11.98,36.99,31.11,12.22,374.66,1.96,1.81,0.54,2.28
3440.0,23.34,14.27,93.34,9.46,375.02,22,75.75,12.55,22,75.75,24.19,63.41,11.98,36.99,31.11,12.22,375.02,1.96,1.81,0.55,2.28
3441.0,23.34,14.26,93.5,9.47,374.08,22.01,75.67,12.54,22.01,75.67,24.19,63.42,11.98,37,31.09,12.22,374.08,1.96,1.81,0.57,2.28
3442.0,23.34,14.26,93.5,9.47,373.57,22.01,75.67,12.54,22.01,75.67,24.19,63.42,11.98,37,31.09,12.22,373.57,1.95,1.81,0.58,2.28
3443.0,23.34,14.26,93.5,9.47,371.33,22.01,75.67,12.54,22.01,75.67,24.19,63.42,11.98,37,31.09,12.22,371.33,1.94,1.8,0.56,2.28
3444.0,23.34,14.26,93.5,9.47,373.16,22.01,75.67,12.54,22.01,75.67,24.19,63.42,11.98,37,31.09,12.22,373.16,1.95,1.8,0.56,2.27
3445.0,23.35,14.25,93.49,9.47,377.75,22,75.67,12.53,22,75.67,24.19,63.36,11.97,36.98,31.11,12.22,377.75,1.97,1.83,0.55,2.27
3446.0,23.35,14.25,93.49,9.47,377.61,22,75.67,12.53,22,75.67,24.19,63.36,11.97,36.98,31.11,12.22,377.61,1.97,1.83,0.55,2.27
3447.0,23.36,14.26,93.28,9.45,373.71,22,75.72,12.54,22,75.72,24.19,63.34,11.97,36.99,31.1,12.22,373.71,1.95,1.81,0.54,2.28
3448.0,23.36,14.26,93.28,9.45,375.24,22,75.72,12.54,22,75.72,24.19,63.34,11.97,36.99,31.1,12.22,375.24,1.97,1.81,0.54,2.28
3449.0,23.36,14.26,93.28,9.45,378.15,22,75.72,12.54,22,75.72,24.19,63.34,11.97,36.99,31.1,12.22,378.15,1.98,1.83,0.55,2.27
3450.0,23.36,14.26,93.28,9.45,378.57,22,75.72,12.54,22,75.72,24.19,63.34,11.97,36.99,31.1,12.22,378.57,1.99,1.83,0.56,2.27
3451.0,23.35,14.25,93.61,9.48,378.94,22,75.64,12.53,22,75.64,24.2,63.31,11.97,37,31.09,12.22,378.94,1.98,1.84,0.57,2.27
3452.0,23.35,14.25,93.61,9.48,379.24,22,75.64,12.53,22,75.64,24.2,63.31,11.97,37,31.09,12.22,379.24,1.98,1.84,0.57,2.27
3453.0,23.34,14.23,93.74,9.48,379.57,21.99,75.73,12.54,21.99,75.73,24.2,63.27,11.96,36.98,31.1,12.21,379.57,1.98,1.84,0.53,2.26
3454.0,23.34,14.23,93.74,9.48,380.71,21.99,75.73,12.54,21.99,75.73,24.2,63.27,11.96,36.98,31.1,12.21,380.71,1.99,1.84,0.53,2.26
3455.0,23.34,14.23,93.74,9.48,386.09,21.99,75.73,12.54,21.99,75.73,24.2,63.27,11.96,36.98,31.1,12.21,386.09,2.01,1.86,0.53,2.26
3456.0,23.34,14.23,93.74,9.48,384.73,21.99,75.73,12.54,21.99,75.73,24.2,63.27,11.96,36.98,31.1,12.21,384.73,2.01,1.86,0.54,2.25
3457.0,23.35,14.26,93.27,9.45,378.64,22,75.73,12.54,22,75.73,24.21,63.3,11.97,36.99,31.08,12.21,378.64,1.98,1.83,0.53,2.27
3458.0,23.35,14.26,93.27,9.45,376.16,22,75.73,12.54,22,75.73,24.21,63.3,11.97,36.99,31.08,12.21,376.16,1.97,1.82,0.55,2.27
3459.0,23.36,14.26,93.48,9.47,372.04,21.99,75.74,12.53,21.99,75.74,24.2,63.32,11.97,36.96,31.1,12.2,372.04,1.95,1.8,0.56,2.27
3460.0,23.36,14.26,93.48,9.47,370.78,21.99,75.74,12.53,21.99,75.74,24.2,63.32,11.97,36.96,31.1,12.2,370.78,1.93,1.79,0.56,2.27
3461.0,23.36,14.26,93.48,9.47,369.19,21.99,75.74,12.53,21.99,75.74,24.2,63.32,11.97,36.96,31.1,12.2,369.19,1.93,1.78,0.55,2.27
3462.0,23.36,14.26,93.48,9.47,368.8,21.99,75.74,12.53,21.99,75.74,24.2,63.32,11.97,36.96,31.1,12.2,368.8,1.92,1.78,0.53,2.27
3463.0,23.36,14.25,93.27,9.45,368.8,21.99,75.71,12.53,21.99,75.71,24.19,63.4,11.97,36.97,31.08,12.2,368.8,1.93,1.78,0.53,2.27
3464.0,23.36,14.25,93.27,9.45,369.82,21.99,75.71,12.53,21.99,75.71,24.19,63.4,11.97,36.97,31.08,12.2,369.82,1.93,1.78,0.52,2.26
3465.0,23.35,14.26,93.12,9.43,372.03,21.97,75.75,12.52,21.97,75.75,24.17,63.42,11.96,36.94,31.09,12.18,372.03,1.95,1.8,0.54,2.27
3466.0,23.35,14.26,93.12,9.43,372.29,21.97,75.75,12.52,21.97,75.75,24.17,63.42,11.96,36.94,31.09,12.18,372.29,1.95,1.79,0.54,2.27
3467.0,23.35,14.26,93.12,9.43,370.56,21.97,75.75,12.52,21.97,75.75,24.17,63.42,11.96,36.94,31.09,12.18,370.56,1.94,1.78,0.54,2.27
3468.0,23.35,14.26,93.12,9.43,371.98,21.97,75.75,12.52,21.97,75.75,24.17,63.42,11.96,36.94,31.09,12.18,371.98,1.94,1.79,0.54,2.26
3469.0,23.4,14.27,93.36,9.46,373.62,22,75.72,12.54,22,75.72,24.18,63.39,11.97,37,31.05,12.21,373.62,1.95,1.8,0.54,2.27
3470.0,23.4,14.27,93.36,9.46,373.69,22,75.72,12.54,22,75.72,24.18,63.39,11.97,37,31.05,12.21,373.69,1.95,1.81,0.56,2.27
3471.0,23.37,14.26,93.5,9.47,373.86,21.98,75.63,12.51,21.98,75.63,24.17,63.4,11.96,36.97,31.07,12.2,373.86,1.95,1.81,0.53,2.26
3472.0,23.37,14.26,93.5,9.47,374.35,21.98,75.63,12.51,21.98,75.63,24.17,63.4,11.96,36.97,31.07,12.2,374.35,1.94,1.81,0.53,2.26
3473.0,23.37,14.26,93.5,9.47,377.23,21.98,75.63,12.51,21.98,75.63,24.17,63.4,11.96,36.97,31.07,12.2,377.23,1.96,1.83,0.56,2.26
3474.0,23.37,14.26,93.5,9.47,376.52,21.98,75.63,12.51,21.98,75.63,24.17,63.4,11.96,36.97,31.07,12.2,376.52,1.96,1.82,0.56,2.26
3475.0,23.37,14.26,93.57,9.48,371.35,21.99,75.68,12.52,21.99,75.68,24.16,63.46,11.97,36.99,31.04,12.2,371.35,1.93,1.8,0.52,2.26
3476.0,23.37,14.26,93.57,9.48,374.32,21.99,75.68,12.52,21.99,75.68,24.16,63.46,11.97,36.99,31.04,12.2,374.32,1.94,1.81,0.53,2.26
3477.0,23.37,14.26,93.62,9.49,375.18,22,75.54,12.51,22,75.54,24.17,63.52,11.98,37.01,31.05,12.21,375.18,1.95,1.81,0.54,2.26
3478.0,23.37,14.26,93.62,9.49,375.16,22,75.54,12.51,22,75.54,24.17,63.52,11.98,37.01,31.05,12.21,375.16,1.94,1.82,0.56,2.26
3479.0,23.37,14.26,93.62,9.49,374.31,22,75.54,12.51,22,75.54,24.17,63.52,11.98,37.01,31.05,12.21,374.31,1.94,1.82,0.53,2.26
3480.0,23.36,14.26,93.53,9.47,373.78,21.98,75.57,12.5,21.98,75.57,24.15,63.42,11.95,36.98,31.06,12.19,373.78,1.94,1.82,0.53,2.26
3481.0,23.36,14.26,93.53,9.47,372.9,21.98,75.57,12.5,21.98,75.57,24.15,63.42,11.95,36.98,31.06,12.19,372.9,1.93,1.81,0.52,2.26
3482.0,23.36,14.26,93.53,9.47,371.6,21.98,75.57,12.5,21.98,75.57,24.15,63.42,11.95,36.98,31.06,12.19,371.6,1.93,1.8,0.52,2.26
3483.0,23.37,14.26,93.61,9.49,371.43,21.99,75.65,12.52,21.99,75.65,24.16,63.51,11.98,36.99,31.04,12.2,371.43,1.92,1.8,0.52,2.26
3484.0,23.37,14.26,93.61,9.49,371.96,21.99,75.65,12.52,21.99,75.65,24.16,63.51,11.98,36.99,31.04,12.2,371.96,1.93,1.8,0.53,2.26
3485.0,23.37,14.26,93.61,9.49,369.01,21.99,75.65,12.52,21.99,75.65,24.16,63.51,11.98,36.99,31.04,12.2,369.01,1.91,1.79,0.53,2.26
3486.0,23.37,14.26,93.38,9.46,366.76,21.98,75.67,12.52,21.98,75.67,24.18,63.39,11.97,36.99,31.05,12.2,366.76,1.9,1.78,0.52,2.26
3487.0,23.37,14.26,93.38,9.46,367.51,21.98,75.67,12.52,21.98,75.67,24.18,63.39,11.97,36.99,31.05,12.2,367.51,1.91,1.78,0.54,2.26
3488.0,23.37,14.26,93.38,9.46,368.8,21.98,75.67,12.52,21.98,75.67,24.18,63.39,11.97,36.99,31.05,12.2,368.8,1.92,1.78,0.53,2.26
3489.0,23.37,14.26,93.38,9.46,368.62,21.98,75.67,12.52,21.98,75.67,24.18,63.39,11.97,36.99,31.05,12.2,368.62,1.92,1.78,0.53,2.26
3490.0,23.37,14.26,93.4,9.46,368.93,21.97,75.75,12.52,21.97,75.75,24.18,63.33,11.95,36.96,31.06,12.19,368.93,1.92,1.78,0.52,2.26
3491.0,23.37,14.26,93.4,9.46,369.59,21.97,75.75,12.52,21.97,75.75,24.18,63.33,11.95,36.96,31.06,12.19,369.59,1.92,1.78,0.52,2.26
3492.0,23.38,14.25,93.49,9.47,374.29,21.98,75.76,12.53,21.98,75.76,24.18,63.27,11.94,36.98,31.05,12.19,374.29,1.95,1.8,0.52,2.25
3493.0,23.38,14.25,93.49,9.47,375.09,21.98,75.76,12.53,21.98,75.76,24.18,63.27,11.94,36.98,31.05,12.19,375.09,1.96,1.81,0.54,2.25
3494.0,23.38,14.25,93.49,9.47,376.36,21.98,75.76,12.53,21.98,75.76,24.18,63.27,11.94,36.98,31.05,12.19,376.36,1.96,1.81,0.51,2.25
3495.0,23.38,14.25,93.49,9.47,376.34,21.98,75.76,12.53,21.98,75.76,24.18,63.27,11.94,36.98,31.05,12.19,376.34,1.96,1.81,0.53,2.25
3496.0,23.35,14.26,93.66,9.49,373.58,21.98,75.72,12.53,21.98,75.72,24.18,63.33,11.95,36.99,31.05,12.2,373.58,1.94,1.8,0.52,2.26
3497.0,23.35,14.26,93.66,9.49,370.06,21.98,75.72,12.53,21.98,75.72,24.18,63.33,11.95,36.99,31.05,12.2,370.06,1.92,1.79,0.52,2.26
3498.0,23.31,14.26,93.37,9.46,369.92,21.97,75.68,12.51,21.97,75.68,24.17,63.33,11.95,36.97,31.04,12.19,369.92,1.92,1.79,0.54,2.26
3499.0,23.31,14.26,93.37,9.46,372.07,21.97,75.68,12.51,21.97,75.68,24.17,63.33,11.95,36.97,31.04,12.19,372.07,1.93,1.8,0.54,2.26
3500.0,23.31,14.26,93.37,9.46,376.51,21.97,75.68,12.51,21.97,75.68,24.17,63.33,11.95,36.97,31.04,12.19,376.51,1.96,1.82,0.53,2.26
3501.0,23.31,14.26,93.37,9.46,381.33,21.97,75.68,12.51,21.97,75.68,24.17,63.33,11.95,36.97,31.04,12.19,381.33,1.98,1.84,0.55,2.26
3502.0,23.29,14.25,93.77,9.49,382.58,21.97,75.59,12.5,21.97,75.59,24.16,63.34,11.95,36.98,31.03,12.18,382.58,1.98,1.85,0.54,2.25
3503.0,23.29,14.25,93.77,9.49,379.33,21.97,75.59,12.5,21.97,75.59,24.16,63.34,11.95,36.98,31.03,12.18,379.33,1.96,1.84,0.52,2.25
3504.0,23.31,14.27,93.64,9.49,378.22,21.98,75.62,12.5,21.98,75.62,24.16,63.36,11.95,37,30.99,12.18,378.22,1.95,1.83,0.52,2.26
3505.0,23.31,14.27,93.64,9.49,376.66,21.98,75.62,12.5,21.98,75.62,24.16,63.36,11.95,37,30.99,12.18,376.66,1.95,1.82,0.52,2.26
3506.0,23.31,14.27,93.64,9.49,375.72,21.98,75.62,12.5,21.98,75.62,24.16,63.36,11.95,37,30.99,12.18,375.72,1.94,1.82,0.52,2.25
3507.0,23.32,14.26,93.7,9.49,374.7,21.98,75.56,12.5,21.98,75.56,24.16,63.3,11.94,37,30.99,12.18,374.7,1.94,1.81,0.52,2.25
3508.0,23.32,14.26,93.7,9.49,374.35,21.98,75.56,12.5,21.98,75.56,24.16,63.3,11.94,37,30.99,12.18,374.35,1.93,1.82,0.53,2.25
3509.0,23.32,14.26,93.7,9.49,373.92,21.98,75.56,12.5,21.98,75.56,24.16,63.3,11.94,37,30.99,12.18,373.92,1.93,1.82,0.51,2.25
3510.0,23.32,14.26,93.7,9.49,372.91,21.98,75.56,12.5,21.98,75.56,24.16,63.3,11.94,37,30.99,12.18,372.91,1.92,1.81,0.53,2.25
3511.0,23.34,14.27,93.55,9.48,371.82,21.98,75.53,12.49,21.98,75.53,24.16,63.45,11.96,37.01,30.98,12.18,371.82,1.92,1.81,0.52,2.25
3512.0,23.34,14.27,93.55,9.48,371.51,21.98,75.53,12.49,21.98,75.53,24.16,63.45,11.96,37.01,30.98,12.18,371.51,1.92,1.81,0.52,2.25
3513.0,23.34,14.26,93.47,9.47,378.4,21.97,75.6,12.5,21.97,75.6,24.16,63.33,11.94,36.98,31.01,12.18,378.4,1.95,1.84,0.52,2.25
3514.0,23.34,14.26,93.47,9.47,378.54,21.97,75.6,12.5,21.97,75.6,24.16,63.33,11.94,36.98,31.01,12.18,378.54,1.96,1.83,0.52,2.25
3515.0,23.34,14.26,93.47,9.47,377.91,21.97,75.6,12.5,21.97,75.6,24.16,63.33,11.94,36.98,31.01,12.18,377.91,1.95,1.83,0.53,2.25
3516.0,23.34,14.26,93.47,9.47,377.82,21.97,75.6,12.5,21.97,75.6,24.16,63.33,11.94,36.98,31.01,12.18,377.82,1.95,1.83,0.52,2.25
3517.0,23.34,14.26,93.52,9.48,377.8,21.96,75.65,12.5,21.96,75.65,24.15,63.42,11.95,36.96,31.05,12.18,377.8,1.95,1.83,0.54,2.25
3518.0,23.34,14.26,93.52,9.48,378.17,21.96,75.65,12.5,21.96,75.65,24.15,63.42,11.95,36.96,31.05,12.18,378.17,1.95,1.83,0.54,2.25
3519.0,23.35,14.26,93.37,9.46,378.75,21.97,75.66,12.5,21.97,75.66,24.15,63.37,11.95,36.97,31.04,12.18,378.75,1.96,1.83,0.5,2.25
3520.0,23.35,14.26,93.37,9.46,378.7,21.97,75.66,12.5,21.97,75.66,24.15,63.37,11.95,36.97,31.04,12.18,378.7,1.96,1.83,0.5,2.25
3521.0,23.35,14.26,93.37,9.46,376.93,21.97,75.66,12.5,21.97,75.66,24.15,63.37,11.95,36.97,31.04,12.18,376.93,1.96,1.83,0.55,2.25
3522.0,23.35,14.26,93.37,9.46,376.65,21.97,75.66,12.5,21.97,75.66,24.15,63.37,11.95,36.97,31.04,12.18,376.65,1.95,1.82,0.54,2.25
3523.0,23.31,14.25,93.5,9.46,382.17,21.96,75.67,12.5,21.96,75.67,24.16,63.33,11.94,36.96,31.04,12.18,382.17,1.98,1.85,0.54,2.24
3524.0,23.31,14.25,93.5,9.46,383.79,21.96,75.67,12.5,21.96,75.67,24.16,63.33,11.94,36.96,31.04,12.18,383.79,1.99,1.86,0.51,2.24
3525.0,23.3,14.24,93.64,9.48,382.32,21.94,75.64,12.48,21.94,75.64,24.15,63.25,11.92,36.94,31.04,12.16,382.32,1.98,1.85,0.54,2.23
3526.0,23.3,14.24,93.64,9.48,380.41,21.94,75.64,12.48,21.94,75.64,24.15,63.25,11.92,36.94,31.04,12.16,380.41,1.96,1.84,0.54,2.23
3527.0,23.3,14.24,93.64,9.48,378.79,21.94,75.64,12.48,21.94,75.64,24.15,63.25,11.92,36.94,31.04,12.16,378.79,1.95,1.83,0.53,2.23
3528.0,23.3,14.24,93.64,9.48,378.65,21.94,75.64,12.48,21.94,75.64,24.15,63.25,11.92,36.94,31.04,12.16,378.65,1.95,1.83,0.53,2.23
3529.0,23.33,14.25,93.73,9.49,379.11,21.96,75.62,12.5,21.96,75.62,24.16,63.3,11.94,36.99,31.02,12.19,379.11,1.96,1.84,0.5,2.24
3530.0,23.33,14.25,93.73,9.49,382.16,21.96,75.62,12.5,21.96,75.62,24.16,63.3,11.94,36.99,31.02,12.19,382.16,1.97,1.86,0.51,2.24
3531.0,23.35,14.26,93.53,9.48,388.93,21.96,75.67,12.5,21.96,75.67,24.16,63.24,11.93,36.97,31.04,12.18,388.93,2.01,1.89,0.53,2.24
3532.0,23.35,14.26,93.53,9.48,390.98,21.96,75.67,12.5,21.96,75.67,24.16,63.24,11.93,36.97,31.04,12.18,390.98,2.02,1.9,0.52,2.24
3533.0,23.35,14.26,93.53,9.48,391.6,21.96,75.67,12.5,21.96,75.67,24.16,63.24,11.93,36.97,31.04,12.18,391.6,2.02,1.9,0.53,2.24
3534.0,23.35,14.26,93.53,9.48,389.44,21.96,75.67,12.5,21.96,75.67,24.16,63.24,11.93,36.97,31.04,12.18,389.44,2.01,1.89,0.53,2.24
3535.0,23.36,14.27,93.54,9.49,384.05,21.96,75.6,12.49,21.96,75.6,24.17,63.22,11.93,36.98,31.03,12.18,384.05,1.98,1.87,0.53,2.25
3536.0,23.36,14.27,93.54,9.49,379.91,21.96,75.6,12.49,21.96,75.6,24.17,63.22,11.93,36.98,31.03,12.18,379.91,1.95,1.85,0.52,2.25
3537.0,23.39,14.27,93.55,9.49,376.62,21.96,75.51,12.48,21.96,75.51,24.18,63.2,11.93,37,31.02,12.19,376.62,1.94,1.83,0.52,2.25
3538.0,23.39,14.27,93.55,9.49,376.35,21.96,75.51,12.48,21.96,75.51,24.18,63.2,11.93,37,31.02,12.19,376.35,1.93,1.84,0.49,2.25
3539.0,23.39,14.27,93.55,9.49,377.97,21.96,75.51,12.48,21.96,75.51,24.18,63.2,11.93,37,31.02,12.19,377.97,1.94,1.85,0.54,2.25
3540.0,23.39,14.27,93.55,9.49,378.55,21.96,75.51,12.48,21.96,75.51,24.18,63.2,11.93,37,31.02,12.19,378.55,1.94,1.85,0.53,2.25
3541.0,23.4,14.27,93.43,9.47,381.97,21.96,75.61,12.49,21.96,75.61,24.19,63.19,11.93,37,31,12.19,381.97,1.97,1.86,0.55,2.25
3542.0,23.4,14.27,93.43,9.47,381.36,21.96,75.61,12.49,21.96,75.61,24.19,63.19,11.93,37,31,12.19,381.36,1.97,1.86,0.55,2.25
3543.0,23.4,14.27,93.7,9.5,380.36,21.95,75.59,12.48,21.95,75.59,24.18,63.22,11.94,37,30.99,12.18,380.36,1.96,1.85,0.52,2.25
3544.0,23.4,14.27,93.7,9.5,377.55,21.95,75.59,12.48,21.95,75.59,24.18,63.22,11.94,37,30.99,12.18,377.55,1.94,1.84,0.53,2.25
3545.0,23.4,14.27,93.7,9.5,375.1,21.95,75.59,12.48,21.95,75.59,24.18,63.22,11.94,37,30.99,12.18,375.1,1.92,1.83,0.52,2.25
3546.0,23.4,14.27,93.7,9.5,375.23,21.95,75.59,12.48,21.95,75.59,24.18,63.22,11.94,37,30.99,12.18,375.23,1.92,1.83,0.54,2.25
3547.0,23.39,14.29,93.52,9.49,375.56,21.95,75.67,12.49,21.95,75.67,24.17,63.32,11.95,36.99,31,12.18,375.56,1.93,1.82,0.54,2.25
3548.0,23.39,14.29,93.52,9.49,375.53,21.95,75.67,12.49,21.95,75.67,24.17,63.32,11.95,36.99,31,12.18,375.53,1.93,1.82,0.54,2.25
3549.0,23.38,14.28,93.42,9.48,373.8,21.96,75.75,12.51,21.96,75.75,24.17,63.3,11.94,37.02,30.99,12.19,373.8,1.92,1.82,0.53,2.25
3550.0,23.38,14.28,93.42,9.48,376.37,21.96,75.75,12.51,21.96,75.75,24.17,63.3,11.94,37.02,30.99,12.19,376.37,1.95,1.83,0.53,2.25
3551.0,23.38,14.28,93.42,9.48,374.68,21.96,75.75,12.51,21.96,75.75,24.17,63.3,11.94,37.02,30.99,12.19,374.68,1.94,1.82,0.56,2.25
3552.0,23.38,14.28,93.42,9.48,369.38,21.96,75.75,12.51,21.96,75.75,24.17,63.3,11.94,37.02,30.99,12.19,369.38,1.91,1.8,0.52,2.25
3553.0,23.37,14.28,93.49,9.49,365.94,21.95,75.76,12.51,21.95,75.76,24.17,63.32,11.95,37.02,30.99,12.2,365.94,1.89,1.78,0.55,2.25
3554.0,23.37,14.28,93.49,9.49,363.65,21.95,75.76,12.51,21.95,75.76,24.17,63.32,11.95,37.02,30.99,12.2,363.65,1.88,1.77,0.53,2.25
3555.0,23.36,14.29,93.41,9.48,366.05,21.94,75.69,12.49,21.94,75.69,24.17,63.32,11.95,37.01,31,12.2,366.05,1.89,1.78,0.5,2.25
3556.0,23.36,14.29,93.41,9.48,368.69,21.94,75.69,12.49,21.94,75.69,24.17,63.32,11.95,37.01,31,12.2,368.69,1.9,1.8,0.5,2.25
3557.0,23.36,14.29,93.41,9.48,369.57,21.94,75.69,12.49,21.94,75.69,24.17,63.32,11.95,37.01,31,12.2,369.57,1.9,1.8,0.53,2.25
3558.0,23.34,14.28,93.6,9.5,373.41,21.93,75.74,12.49,21.93,75.74,24.17,63.2,11.93,36.97,31.02,12.18,373.41,1.92,1.82,0.51,2.25
3559.0,23.34,14.28,93.6,9.5,371.89,21.93,75.74,12.49,21.93,75.74,24.17,63.2,11.93,36.97,31.02,12.18,371.89,1.91,1.81,0.51,2.25
3560.0,23.34,14.28,93.6,9.5,369.14,21.93,75.74,12.49,21.93,75.74,24.17,63.2,11.93,36.97,31.02,12.18,369.14,1.89,1.79,0.52,2.25
3561.0,23.34,14.28,93.6,9.5,368.44,21.93,75.74,12.49,21.93,75.74,24.17,63.2,11.93,36.97,31.02,12.18,368.44,1.89,1.79,0.52,2.25
3562.0,23.35,14.28,93.5,9.49,367.98,21.93,75.63,12.47,21.93,75.63,24.18,63.27,11.95,36.98,31.02,12.18,367.98,1.88,1.8,0.54,2.25
3563.0,23.35,14.28,93.5,9.49,367.89,21.93,75.63,12.47,21.93,75.63,24.18,63.27,11.95,36.98,31.02,12.18,367.89,1.88,1.8,0.53,2.25
3564.0,23.36,14.29,93.55,9.5,370.61,21.94,75.54,12.47,21.94,75.54,24.19,63.25,11.95,37.02,31.02,12.21,370.61,1.9,1.81,0.52,2.25
3565.0,23.36,14.29,93.55,9.5,372.33,21.94,75.54,12.47,21.94,75.54,24.19,63.25,11.95,37.02,31.02,12.21,372.33,1.9,1.83,0.52,2.25
3566.0,23.36,14.29,93.55,9.5,374.17,21.94,75.54,12.47,21.94,75.54,24.19,63.25,11.95,37.02,31.02,12.21,374.17,1.91,1.84,0.52,2.25
3567.0,23.36,14.29,93.55,9.5,373.18,21.94,75.54,12.47,21.94,75.54,24.19,63.25,11.95,37.02,31.02,12.21,373.18,1.91,1.83,0.52,2.25
3568.0,23.35,14.29,93.65,9.51,375.03,21.94,75.62,12.48,21.94,75.62,24.18,63.34,11.96,37.01,31.04,12.21,375.03,1.92,1.84,0.54,2.25
3569.0,23.35,14.29,93.65,9.51,375.64,21.94,75.62,12.48,21.94,75.62,24.18,63.34,11.96,37.01,31.04,12.21,375.64,1.92,1.84,0.51,2.25
3570.0,23.32,14.28,93.72,9.51,375.95,21.93,75.66,12.47,21.93,75.66,24.18,63.3,11.95,36.99,31.05,12.2,375.95,1.92,1.85,0.54,2.24
3571.0,23.32,14.28,93.72,9.51,374.66,21.93,75.66,12.47,21.93,75.66,24.18,63.3,11.95,36.99,31.05,12.2,374.66,1.91,1.83,0.53,2.24
3572.0,23.32,14.28,93.72,9.51,373.19,21.93,75.66,12.47,21.93,75.66,24.18,63.3,11.95,36.99,31.05,12.2,373.19,1.91,1.83,0.53,2.24
3573.0,23.32,14.28,93.72,9.51,372.74,21.93,75.66,12.47,21.93,75.66,24.18,63.3,11.95,36.99,31.05,12.2,372.74,1.9,1.82,0.53,2.24
3574.0,23.32,14.27,93.8,9.51,373.47,21.93,75.65,12.48,21.93,75.65,24.18,63.29,11.95,37,31.04,12.2,373.47,1.91,1.83,0.57,2.24
3575.0,23.32,14.27,93.8,9.51,374.74,21.93,75.65,12.48,21.93,75.65,24.18,63.29,11.95,37,31.04,12.2,374.74,1.91,1.84,0.54,2.24
3576.0,23.33,14.27,93.56,9.49,376.63,21.93,75.68,12.48,21.93,75.68,24.17,63.3,11.95,37,31.03,12.2,376.63,1.92,1.85,0.54,2.24
3577.0,23.33,14.27,93.56,9.49,376.8,21.93,75.68,12.48,21.93,75.68,24.17,63.3,11.95,37,31.03,12.2,376.8,1.93,1.84,0.53,2.24
3578.0,23.33,14.27,93.56,9.49,378.09,21.93,75.68,12.48,21.93,75.68,24.17,63.3,11.95,37,31.03,12.2,378.09,1.94,1.85,0.54,2.24
3579.0,23.33,14.27,93.56,9.49,379.62,21.93,75.68,12.48,21.93,75.68,24.17,63.3,11.95,37,31.03,12.2,379.62,1.95,1.86,0.54,2.24
3580.0,23.34,14.28,93.75,9.51,380.76,21.93,75.7,12.48,21.93,75.7,24.17,63.3,11.94,37.01,31.02,12.2,380.76,1.94,1.86,0.52,2.25
3581.0,23.34,14.28,93.75,9.51,380.81,21.93,75.7,12.48,21.93,75.7,24.17,63.3,11.94,37.01,31.02,12.2,380.81,1.94,1.86,0.55,2.24
3582.0,23.34,14.29,93.53,9.49,379.87,21.93,75.66,12.48,21.93,75.66,24.16,63.36,11.95,37.02,31,12.2,379.87,1.94,1.86,0.53,2.25
3583.0,23.34,14.29,93.53,9.49,379.81,21.93,75.66,12.48,21.93,75.66,24.16,63.36,11.95,37.02,31,12.2,379.81,1.94,1.86,0.54,2.25
3584.0,23.34,14.29,93.53,9.49,379.53,21.93,75.66,12.48,21.93,75.66,24.16,63.36,11.95,37.02,31,12.2,379.53,1.94,1.86,0.55,2.25
3585.0,23.34,14.29,93.53,9.49,380.5,21.93,75.66,12.48,21.93,75.66,24.16,63.36,11.95,37.02,31,12.2,380.5,1.95,1.87,0.55,2.25
3586.0,23.32,14.26,93.51,9.47,379.95,21.89,75.74,12.46,21.89,75.74,24.14,63.38,11.93,36.94,31,12.15,379.95,1.94,1.85,0.54,2.23
3587.0,23.32,14.26,93.51,9.47,379.74,21.89,75.74,12.46,21.89,75.74,24.14,63.38,11.93,36.94,31,12.15,379.74,1.94,1.85,0.54,2.23
3588.0,23.36,14.28,93.61,9.5,374.8,21.93,75.75,12.49,21.93,75.75,24.14,63.43,11.95,37.02,30.98,12.19,374.8,1.92,1.82,0.54,2.24
3589.0,23.36,14.28,93.61,9.5,370.8,21.93,75.75,12.49,21.93,75.75,24.14,63.43,11.95,37.02,30.98,12.19,370.8,1.9,1.82,0.52,2.24
3590.0,23.36,14.28,93.61,9.5,368.11,21.93,75.75,12.49,21.93,75.75,24.14,63.43,11.95,37.02,30.98,12.19,368.11,1.89,1.8,0.53,2.24
3591.0,23.36,14.28,93.61,9.5,370.86,21.93,75.75,12.49,21.93,75.75,24.14,63.43,11.95,37.02,30.98,12.19,370.86,1.9,1.82,0.53,2.24
3592.0,23.36,14.28,93.57,9.49,375.78,21.92,75.73,12.48,21.92,75.73,24.14,63.39,11.94,37.01,30.99,12.19,375.78,1.92,1.84,0.53,2.24
3593.0,23.36,14.28,93.57,9.49,376.63,21.92,75.73,12.48,21.92,75.73,24.14,63.39,11.94,37.01,30.99,12.19,376.63,1.93,1.84,0.55,2.24
3594.0,23.35,14.29,93.43,9.48,375.48,21.92,75.68,12.47,21.92,75.68,24.14,63.34,11.93,37.02,30.99,12.19,375.48,1.92,1.84,0.55,2.24
3595.0,23.35,14.29,93.43,9.48,374.96,21.92,75.68,12.47,21.92,75.68,24.14,63.34,11.93,37.02,30.99,12.19,374.96,1.92,1.84,0.55,2.24
3596.0,23.35,14.29,93.43,9.48,379.1,21.92,75.68,12.47,21.92,75.68,24.14,63.34,11.93,37.02,30.99,12.19,379.1,1.94,1.86,0.51,2.24
3597.0,23.35,14.29,93.43,9.48,381.84,21.92,75.68,12.47,21.92,75.68,24.14,63.34,11.93,37.02,30.99,12.19,381.84,1.96,1.87,0.55,2.24
3598.0,23.36,14.29,93.8,9.52,382.38,21.92,75.67,12.47,21.92,75.67,24.14,63.39,11.94,37.01,31.01,12.2,382.38,1.95,1.88,0.54,2.24
3599.0,23.36,14.29,93.8,9.52,378.68,21.92,75.67,12.47,21.92,75.67,24.14,63.39,11.94,37.01,31.01,12.2,378.68,1.93,1.86,0.5,2.24
3600.0,23.39,14.28,93.85,9.52,376.94,21.92,75.67,12.47,21.92,75.67,24.13,63.4,11.93,37.01,31.01,12.2,376.94,1.92,1.85,0.55,2.24
3601.0,23.39,14.28,93.85,9.52,374.59,21.92,75.67,12.47,21.92,75.67,24.13,63.4,11.93,37.01,31.01,12.2,374.59,1.91,1.84,0.53,2.24
3602.0,23.39,14.28,93.85,9.52,372.87,21.92,75.67,12.47,21.92,75.67,24.13,63.4,11.93,37.01,31.01,12.2,372.87,1.9,1.83,0.55,2.24
3603.0,23.39,14.28,93.85,9.52,372.47,21.92,75.67,12.47,21.92,75.67,24.13,63.4,11.93,37.01,31.01,12.2,372.47,1.89,1.83,0.55,2.24
3604.0,23.38,14.3,93.49,9.5,372.41,21.91,75.7,12.47,21.91,75.7,24.12,63.43,11.93,36.99,31.03,12.19,372.41,1.9,1.82,0.52,2.25
3605.0,23.38,14.3,93.49,9.5,372.42,21.91,75.7,12.47,21.91,75.7,24.12,63.43,11.93,36.99,31.03,12.19,372.42,1.9,1.82,0.57,2.25
3606.0,23.36,14.28,93.86,9.52,378.13,21.91,75.69,12.47,21.91,75.69,24.12,63.45,11.94,36.99,31.04,12.2,378.13,1.93,1.85,0.54,2.24
3607.0,23.36,14.28,93.86,9.52,377.98,21.91,75.69,12.47,21.91,75.69,24.12,63.45,11.94,36.99,31.04,12.2,377.98,1.92,1.85,0.55,2.24
3608.0,23.36,14.28,93.86,9.52,375.93,21.91,75.69,12.47,21.91,75.69,24.12,63.45,11.94,36.99,31.04,12.2,375.93,1.91,1.84,0.53,2.24
3609.0,23.36,14.28,93.86,9.52,374.02,21.91,75.69,12.47,21.91,75.69,24.12,63.45,11.94,36.99,31.04,12.2,374.02,1.9,1.84,0.53,2.24
3610.0,23.33,14.27,93.74,9.5,374.99,21.9,75.7,12.46,21.9,75.7,24.11,63.43,11.93,36.97,31.06,12.19,374.99,1.91,1.84,0.53,2.23
3611.0,23.33,14.27,93.74,9.5,377.89,21.9,75.7,12.46,21.9,75.7,24.11,63.43,11.93,36.97,31.06,12.19,377.89,1.92,1.85,0.54,2.23
3612.0,23.33,14.28,93.78,9.52,379.35,21.9,75.73,12.47,21.9,75.73,24.12,63.44,11.93,36.98,31.04,12.19,379.35,1.93,1.86,0.54,2.24
3613.0,23.33,14.28,93.78,9.52,381.15,21.9,75.73,12.47,21.9,75.73,24.12,63.44,11.93,36.98,31.04,12.19,381.15,1.94,1.87,0.54,2.24
3614.0,23.33,14.28,93.78,9.52,381.34,21.9,75.73,12.47,21.9,75.73,24.12,63.44,11.93,36.98,31.04,12.19,381.34,1.94,1.87,0.55,2.24
3615.0,23.33,14.29,93.58,9.5,378.21,21.89,75.77,12.47,21.89,75.77,24.11,63.48,11.93,36.96,31.04,12.17,378.21,1.92,1.85,0.53,2.24
3616.0,23.33,14.29,93.58,9.5,378.95,21.89,75.77,12.47,21.89,75.77,24.11,63.48,11.93,36.96,31.04,12.17,378.95,1.93,1.85,0.54,2.24
3617.0,23.33,14.29,93.58,9.5,380.42,21.89,75.77,12.47,21.89,75.77,24.11,63.48,11.93,36.96,31.04,12.17,380.42,1.93,1.86,0.53,2.24
3618.0,23.33,14.29,93.58,9.5,380.54,21.89,75.77,12.47,21.89,75.77,24.11,63.48,11.93,36.96,31.04,12.17,380.54,1.94,1.86,0.53,2.24
3619.0,23.31,14.28,93.66,9.5,380.83,21.89,75.78,12.46,21.89,75.78,24.1,63.49,11.93,36.96,31.04,12.18,380.83,1.94,1.86,0.53,2.24
3620.0,23.31,14.28,93.66,9.5,380.72,21.89,75.78,12.46,21.89,75.78,24.1,63.49,11.93,36.96,31.04,12.18,380.72,1.94,1.86,0.53,2.24
3621.0,23.3,14.27,93.79,9.51,380.34,21.9,75.72,12.46,21.9,75.72,24.11,63.4,11.92,36.98,31.03,12.18,380.34,1.93,1.86,0.52,2.23
3622.0,23.3,14.27,93.79,9.51,378.46,21.9,75.72,12.46,21.9,75.72,24.11,63.4,11.92,36.98,31.03,12.18,378.46,1.92,1.86,0.51,2.23
3623.0,23.3,14.27,93.79,9.51,376.59,21.9,75.72,12.46,21.9,75.72,24.11,63.4,11.92,36.98,31.03,12.18,376.59,1.91,1.85,0.53,2.23
3624.0,23.3,14.27,93.79,9.51,378.22,21.9,75.72,12.46,21.9,75.72,24.11,63.4,11.92,36.98,31.03,12.18,378.22,1.92,1.85,0.53,2.23
3625.0,23.29,14.28,93.43,9.48,379.23,21.89,75.73,12.46,21.89,75.73,24.12,63.31,11.91,36.97,31.03,12.18,379.23,1.93,1.86,0.54,2.24
3626.0,23.29,14.28,93.43,9.48,378.88,21.89,75.73,12.46,21.89,75.73,24.12,63.31,11.91,36.97,31.03,12.18,378.88,1.93,1.86,0.54,2.24
3627.0,23.32,14.27,93.59,9.49,378.46,21.9,75.67,12.45,21.9,75.67,24.13,63.23,11.9,36.99,31.01,12.19,378.46,1.93,1.86,0.53,2.23
3628.0,23.32,14.27,93.59,9.49,378.55,21.9,75.67,12.45,21.9,75.67,24.13,63.23,11.9,36.99,31.01,12.19,378.55,1.93,1.86,0.52,2.23
3629.0,23.32,14.27,93.59,9.49,375.38,21.9,75.67,12.45,21.9,75.67,24.13,63.23,11.9,36.99,31.01,12.19,375.38,1.91,1.85,0.54,2.23
3630.0,23.32,14.27,93.59,9.49,375.08,21.9,75.67,12.45,21.9,75.67,24.13,63.23,11.9,36.99,31.01,12.19,375.08,1.91,1.84,0.53,2.23
3631.0,23.36,14.29,93.69,9.51,372.14,21.9,75.7,12.46,21.9,75.7,24.14,63.27,11.92,37,31,12.18,372.14,1.89,1.83,0.53,2.24
3632.0,23.36,14.29,93.69,9.51,372.69,21.9,75.7,12.46,21.9,75.7,24.14,63.27,11.92,37,31,12.18,372.69,1.89,1.83,0.53,2.24
3633.0,23.35,14.29,93.59,9.5,375.14,21.9,75.68,12.45,21.9,75.68,24.14,63.2,11.91,36.99,30.99,12.18,375.14,1.91,1.84,0.53,2.24
3634.0,23.35,14.29,93.59,9.5,377.63,21.9,75.68,12.45,21.9,75.68,24.14,63.2,11.91,36.99,30.99,12.18,377.63,1.92,1.85,0.53,2.24
3635.0,23.35,14.29,93.59,9.5,377.36,21.9,75.68,12.45,21.9,75.68,24.14,63.2,11.91,36.99,30.99,12.18,377.36,1.92,1.85,0.54,2.24
3636.0,23.32,14.3,93.39,9.49,374.67,21.89,75.64,12.44,21.89,75.64,24.15,63.28,11.92,36.99,30.99,12.17,374.67,1.9,1.84,0.52,2.24
3637.0,23.32,14.3,93.39,9.49,373.98,21.89,75.64,12.44,21.89,75.64,24.15,63.28,11.92,36.99,30.99,12.17,373.98,1.9,1.84,0.56,2.25
3638.0,23.32,14.3,93.39,9.49,372.62,21.89,75.64,12.44,21.89,75.64,24.15,63.28,11.92,36.99,30.99,12.17,372.62,1.89,1.83,0.54,2.25
3639.0,23.32,14.3,93.39,9.49,371.63,21.89,75.64,12.44,21.89,75.64,24.15,63.28,11.92,36.99,30.99,12.17,371.63,1.89,1.83,0.52,2.25
3640.0,23.3,14.27,93.79,9.51,370.38,21.88,75.71,12.44,21.88,75.71,24.15,63.16,11.9,36.94,30.98,12.14,370.38,1.88,1.8,0.52,2.23
3641.0,23.3,14.27,93.79,9.51,369.96,21.88,75.71,12.44,21.88,75.71,24.15,63.16,11.9,36.94,30.98,12.14,369.96,1.87,1.8,0.52,2.23
3642.0,23.3,14.3,93.38,9.49,375.48,21.87,75.72,12.44,21.87,75.72,24.16,63.23,11.92,36.93,31.02,12.15,375.48,1.9,1.83,0.52,2.24
3643.0,23.3,14.3,93.38,9.49,379.23,21.87,75.72,12.44,21.87,75.72,24.16,63.23,11.92,36.93,31.02,12.15,379.23,1.92,1.85,0.52,2.24
3644.0,23.3,14.3,93.38,9.49,380.31,21.87,75.72,12.44,21.87,75.72,24.16,63.23,11.92,36.93,31.02,12.15,380.31,1.93,1.86,0.53,2.24
3645.0,23.3,14.3,93.38,9.49,380.19,21.87,75.72,12.44,21.87,75.72,24.16,63.23,11.92,36.93,31.02,12.15,380.19,1.93,1.86,0.53,2.24
3646.0,23.31,14.29,93.41,9.48,379.75,21.89,75.75,12.46,21.89,75.75,24.17,63.2,11.93,36.97,30.99,12.16,379.75,1.94,1.86,0.52,2.24
3647.0,23.31,14.29,93.41,9.48,380.08,21.89,75.75,12.46,21.89,75.75,24.17,63.2,11.93,36.97,30.99,12.16,380.08,1.94,1.86,0.54,2.24
3648.0,23.32,14.29,93.33,9.48,380.24,21.88,75.72,12.45,21.88,75.72,24.17,63.23,11.93,36.96,31,12.16,380.24,1.94,1.86,0.53,2.24
3649.0,23.32,14.29,93.33,9.48,380.29,21.88,75.72,12.45,21.88,75.72,24.17,63.23,11.93,36.96,31,12.16,380.29,1.94,1.86,0.51,2.24
3650.0,23.32,14.29,93.33,9.48,380.51,21.88,75.72,12.45,21.88,75.72,24.17,63.23,11.93,36.96,31,12.16,380.51,1.94,1.86,0.53,2.24
3651.0,23.32,14.29,93.33,9.48,378.27,21.88,75.72,12.45,21.88,75.72,24.17,63.23,11.93,36.96,31,12.16,378.27,1.92,1.85,0.53,2.24
3652.0,23.33,14.27,93.63,9.49,376.25,21.87,75.74,12.45,21.87,75.74,24.17,63.16,11.91,36.93,31,12.13,376.25,1.91,1.83,0.53,2.23
3653.0,23.33,14.27,93.63,9.49,375.99,21.87,75.74,12.45,21.87,75.74,24.17,63.16,11.91,36.93,31,12.13,375.99,1.91,1.83,0.52,2.23
3654.0,23.35,14.3,93.41,9.49,375.69,21.89,75.55,12.43,21.89,75.55,24.17,63.17,11.92,36.97,30.97,12.16,375.69,1.91,1.83,0.52,2.24
3655.0,23.35,14.3,93.41,9.49,375.13,21.89,75.55,12.43,21.89,75.55,24.17,63.17,11.92,36.97,30.97,12.16,375.13,1.9,1.84,0.51,2.24
3656.0,23.35,14.3,93.41,9.49,375.42,21.89,75.55,12.43,21.89,75.55,24.17,63.17,11.92,36.97,30.97,12.16,375.42,1.9,1.84,0.52,2.24
3657.0,23.35,14.3,93.41,9.49,374.32,21.89,75.55,12.43,21.89,75.55,24.17,63.17,11.92,36.97,30.97,12.16,374.32,1.89,1.84,0.52,2.24
3658.0,23.36,14.28,93.6,9.5,373.96,21.89,75.71,12.46,21.89,75.71,24.17,63.19,11.92,36.98,30.97,12.16,373.96,1.9,1.83,0.54,2.23
3659.0,23.36,14.28,93.6,9.5,375.61,21.89,75.71,12.46,21.89,75.71,24.17,63.19,11.92,36.98,30.97,12.16,375.61,1.91,1.84,0.54,2.23
3660.0,23.36,14.29,93.58,9.5,376.21,21.88,75.52,12.41,21.88,75.52,24.16,63.13,11.9,36.95,30.95,12.13,376.21,1.91,1.84,0.52,2.23
3661.0,23.36,14.29,93.58,9.5,379.03,21.88,75.52,12.41,21.88,75.52,24.16,63.13,11.9,36.95,30.95,12.13,379.03,1.91,1.86,0.52,2.23
3662.0,23.36,14.29,93.58,9.5,378.97,21.88,75.52,12.41,21.88,75.52,24.16,63.13,11.9,36.95,30.95,12.13,378.97,1.91,1.86,0.52,2.23
3663.0,23.36,14.29,93.58,9.5,376.66,21.88,75.52,12.41,21.88,75.52,24.16,63.13,11.9,36.95,30.95,12.13,376.66,1.9,1.84,0.52,2.23
3664.0,23.35,14.28,93.72,9.51,375.89,21.89,75.49,12.41,21.89,75.49,24.16,63.12,11.9,36.97,30.99,12.16,375.89,1.89,1.85,0.55,2.23
3665.0,23.35,14.28,93.72,9.51,372.01,21.89,75.49,12.41,21.89,75.49,24.16,63.12,11.9,36.97,30.99,12.16,372.01,1.88,1.83,0.52,2.23
3666.0,23.36,14.27,93.72,9.5,371.97,21.88,75.55,12.42,21.88,75.55,24.16,63.25,11.93,36.96,31,12.16,371.97,1.88,1.83,0.54,2.23
3667.0,23.36,14.27,93.72,9.5,374.38,21.88,75.55,12.42,21.88,75.55,24.16,63.25,11.93,36.96,31,12.16,374.38,1.89,1.84,0.51,2.23
3668.0,23.36,14.27,93.72,9.5,375.26,21.88,75.55,12.42,21.88,75.55,24.16,63.25,11.93,36.96,31,12.16,375.26,1.9,1.84,0.54,2.23
3669.0,23.37,14.28,93.6,9.49,376.11,21.88,75.7,12.45,21.88,75.7,24.15,63.2,11.91,36.96,31.01,12.16,376.11,1.9,1.85,0.51,2.23
3670.0,23.37,14.28,93.6,9.49,378.14,21.88,75.7,12.45,21.88,75.7,24.15,63.2,11.91,36.96,31.01,12.16,378.14,1.92,1.85,0.51,2.23
3671.0,23.37,14.28,93.6,9.49,379.74,21.88,75.7,12.45,21.88,75.7,24.15,63.2,11.91,36.96,31.01,12.16,379.74,1.93,1.86,0.53,2.23
3672.0,23.37,14.28,93.6,9.49,379.84,21.88,75.7,12.45,21.88,75.7,24.15,63.2,11.91,36.96,31.01,12.16,379.84,1.93,1.86,0.52,2.23
3673.0,23.36,14.28,93.64,9.5,379.75,21.88,75.65,12.43,21.88,75.65,24.15,63.23,11.91,36.95,31.02,12.16,379.75,1.92,1.86,0.53,2.23
3674.0,23.36,14.28,93.64,9.5,379.66,21.88,75.65,12.43,21.88,75.65,24.15,63.23,11.91,36.95,31.02,12.16,379.66,1.92,1.86,0.52,2.23
3675.0,23.36,14.28,93.57,9.49,378.31,21.88,75.73,12.45,21.88,75.73,24.14,63.32,11.92,36.94,31.01,12.15,378.31,1.92,1.85,0.52,2.23
3676.0,23.36,14.28,93.57,9.49,378.04,21.88,75.73,12.45,21.88,75.73,24.14,63.32,11.92,36.94,31.01,12.15,378.04,1.92,1.85,0.52,2.23
3677.0,23.36,14.28,93.57,9.49,377.47,21.88,75.73,12.45,21.88,75.73,24.14,63.32,11.92,36.94,31.01,12.15,377.47,1.92,1.84,0.52,2.23
3678.0,23.36,14.28,93.57,9.49,377.32,21.88,75.73,12.45,21.88,75.73,24.14,63.32,11.92,36.94,31.01,12.15,377.32,1.92,1.84,0.52,2.23
3679.0,23.33,14.27,93.53,9.48,380.53,21.87,75.71,12.44,21.87,75.71,24.13,63.2,11.89,36.93,31,12.14,380.53,1.93,1.86,0.53,2.22
3680.0,23.33,14.27,93.53,9.48,379.35,21.87,75.71,12.44,21.87,75.71,24.13,63.2,11.89,36.93,31,12.14,379.35,1.93,1.85,0.53,2.22
3681.0,23.32,14.28,93.61,9.5,379.1,21.88,75.7,12.44,21.88,75.7,24.13,63.19,11.89,36.96,30.97,12.14,379.1,1.92,1.85,0.51,2.23
3682.0,23.32,14.28,93.61,9.5,382.43,21.88,75.7,12.44,21.88,75.7,24.13,63.19,11.89,36.96,30.97,12.14,382.43,1.94,1.87,0.51,2.22
3683.0,23.32,14.28,93.61,9.5,382.79,21.88,75.7,12.44,21.88,75.7,24.13,63.19,11.89,36.96,30.97,12.14,382.79,1.94,1.87,0.52,2.22
3684.0,23.32,14.28,93.61,9.5,381.54,21.88,75.7,12.44,21.88,75.7,24.13,63.19,11.89,36.96,30.97,12.14,381.54,1.94,1.86,0.52,2.22
3685.0,23.33,14.28,93.69,9.5,380.78,21.88,75.62,12.43,21.88,75.62,24.13,63.21,11.9,36.96,30.95,12.14,380.78,1.93,1.86,0.51,2.22
3686.0,23.33,14.28,93.69,9.5,380.19,21.88,75.62,12.43,21.88,75.62,24.13,63.21,11.9,36.96,30.95,12.14,380.19,1.92,1.86,0.51,2.22
3687.0,23.31,14.29,93.63,9.51,376.76,21.88,75.48,12.41,21.88,75.48,24.13,63.25,11.9,36.97,30.95,12.14,376.76,1.91,1.84,0.54,2.23
3688.0,23.31,14.29,93.63,9.51,375.71,21.88,75.48,12.41,21.88,75.48,24.13,63.25,11.9,36.97,30.95,12.14,375.71,1.89,1.84,0.53,2.23
3689.0,23.31,14.29,93.63,9.51,373.4,21.88,75.48,12.41,21.88,75.48,24.13,63.25,11.9,36.97,30.95,12.14,373.4,1.88,1.83,0.53,2.23
3690.0,23.31,14.29,93.63,9.51,372.76,21.88,75.48,12.41,21.88,75.48,24.13,63.25,11.9,36.97,30.95,12.14,372.76,1.88,1.83,0.53,2.23
3691.0,23.3,14.27,93.63,9.49,372.1,21.89,75.55,12.42,21.89,75.55,24.12,63.27,11.9,36.97,30.94,12.14,372.1,1.88,1.82,0.52,2.22
3692.0,23.3,14.27,93.63,9.49,371.17,21.89,75.55,12.42,21.89,75.55,24.12,63.27,11.9,36.97,30.94,12.14,371.17,1.88,1.82,0.52,2.22
3693.0,23.29,14.29,93.64,9.51,371.23,21.88,75.51,12.42,21.88,75.51,24.12,63.28,11.9,36.97,30.92,12.14,371.23,1.88,1.82,0.53,2.23
3694.0,23.29,14.29,93.64,9.51,371.32,21.88,75.51,12.42,21.88,75.51,24.12,63.28,11.9,36.97,30.92,12.14,371.32,1.87,1.82,0.53,2.23
3695.0,23.29,14.29,93.64,9.51,371.76,21.88,75.51,12.42,21.88,75.51,24.12,63.28,11.9,36.97,30.92,12.14,371.76,1.87,1.82,0.54,2.23
3696.0,23.29,14.29,93.64,9.51,371.57,21.88,75.51,12.42,21.88,75.51,24.12,63.28,11.9,36.97,30.92,12.14,371.57,1.87,1.82,0.54,2.23
3697.0,23.27,14.26,93.87,9.51,373.41,21.87,75.55,12.41,21.87,75.55,24.12,63.21,11.89,36.94,30.93,12.12,373.41,1.88,1.82,0.52,2.21
3698.0,23.27,14.26,93.87,9.51,374.38,21.87,75.55,12.41,21.87,75.55,24.12,63.21,11.89,36.94,30.93,12.12,374.38,1.88,1.83,0.51,2.21
3699.0,23.31,14.28,93.75,9.51,378.56,21.88,75.52,12.42,21.88,75.52,24.13,63.27,11.91,36.98,30.91,12.14,378.56,1.9,1.85,0.51,2.22
3700.0,23.31,14.28,93.75,9.51,381.52,21.88,75.52,12.42,21.88,75.52,24.13,63.27,11.91,36.98,30.91,12.14,381.52,1.92,1.87,0.53,2.22
3701.0,23.31,14.28,93.75,9.51,384.01,21.88,75.52,12.42,21.88,75.52,24.13,63.27,11.91,36.98,30.91,12.14,384.01,1.93,1.88,0.5,2.22
3702.0,23.31,14.28,93.75,9.51,382.44,21.88,75.52,12.42,21.88,75.52,24.13,63.27,11.91,36.98,30.91,12.14,382.44,1.93,1.88,0.51,2.22
3703.0,23.3,14.28,93.56,9.49,380.24,21.88,75.57,12.42,21.88,75.57,24.12,63.32,11.91,36.97,30.91,12.13,380.24,1.92,1.86,0.53,2.22
3704.0,23.3,14.28,93.56,9.49,373.37,21.88,75.57,12.42,21.88,75.57,24.12,63.32,11.91,36.97,30.91,12.13,373.37,1.89,1.83,0.53,2.22
3705.0,23.29,14.28,93.64,9.5,370.74,21.87,75.53,12.41,21.87,75.53,24.12,63.3,11.91,36.95,30.9,12.11,370.74,1.87,1.81,0.51,2.22
3706.0,23.29,14.28,93.64,9.5,371,21.87,75.53,12.41,21.87,75.53,24.12,63.3,11.91,36.95,30.9,12.11,371,1.87,1.81,0.51,2.22
3707.0,23.29,14.28,93.64,9.5,374.65,21.87,75.53,12.41,21.87,75.53,24.12,63.3,11.91,36.95,30.9,12.11,374.65,1.89,1.83,0.54,2.22
3708.0,23.29,14.28,93.64,9.5,376,21.87,75.53,12.41,21.87,75.53,24.12,63.3,11.91,36.95,30.9,12.11,376,1.9,1.84,0.52,2.22
3709.0,23.31,14.26,93.77,9.5,375.11,21.87,75.6,12.42,21.87,75.6,24.12,63.24,11.89,36.97,30.89,12.12,375.11,1.9,1.83,0.52,2.21
3710.0,23.31,14.26,93.77,9.5,372.82,21.87,75.6,12.42,21.87,75.6,24.12,63.24,11.89,36.97,30.89,12.12,372.82,1.88,1.82,0.52,2.21
3711.0,23.31,14.26,93.59,9.48,372.45,21.87,75.53,12.41,21.87,75.53,24.12,63.35,11.91,36.97,30.9,12.12,372.45,1.88,1.82,0.51,2.21
3712.0,23.31,14.26,93.59,9.48,372.25,21.87,75.53,12.41,21.87,75.53,24.12,63.35,11.91,36.97,30.9,12.12,372.25,1.88,1.82,0.51,2.21
3713.0,23.31,14.26,93.59,9.48,369.87,21.87,75.53,12.41,21.87,75.53,24.12,63.35,11.91,36.97,30.9,12.12,369.87,1.87,1.81,0.5,2.21
3714.0,23.31,14.26,93.59,9.48,366.45,21.87,75.53,12.41,21.87,75.53,24.12,63.35,11.91,36.97,30.9,12.12,366.45,1.85,1.79,0.5,2.21
3715.0,23.28,14.28,93.3,9.46,368.17,21.86,75.54,12.4,21.86,75.54,24.12,63.2,11.89,36.94,30.91,12.11,368.17,1.86,1.8,0.53,2.22
3716.0,23.28,14.28,93.3,9.46,369.31,21.86,75.54,12.4,21.86,75.54,24.12,63.2,11.89,36.94,30.91,12.11,369.31,1.87,1.8,0.52,2.22
3717.0,23.26,14.28,93.36,9.47,370.04,21.86,75.64,12.42,21.86,75.64,24.13,63.23,11.9,36.93,30.91,12.1,370.04,1.87,1.81,0.52,2.22
3718.0,23.26,14.28,93.36,9.47,369.52,21.86,75.64,12.42,21.86,75.64,24.13,63.23,11.9,36.93,30.91,12.1,369.52,1.87,1.8,0.52,2.22
3719.0,23.26,14.28,93.36,9.47,363.46,21.86,75.64,12.42,21.86,75.64,24.13,63.23,11.9,36.93,30.91,12.1,363.46,1.84,1.77,0.51,2.22
3720.0,23.26,14.28,93.36,9.47,362.42,21.86,75.64,12.42,21.86,75.64,24.13,63.23,11.9,36.93,30.91,12.1,362.42,1.84,1.76,0.51,2.22
3721.0,23.28,14.26,93.52,9.47,362.77,21.86,75.58,12.41,21.86,75.58,24.14,63.15,11.89,36.95,30.91,12.11,362.77,1.84,1.77,0.53,2.2
3722.0,23.28,14.26,93.52,9.47,363.56,21.86,75.58,12.41,21.86,75.58,24.14,63.15,11.89,36.95,30.91,12.11,363.56,1.84,1.78,0.53,2.2
3723.0,23.29,14.29,93.25,9.46,364.88,21.88,75.5,12.41,21.88,75.5,24.15,63.17,11.91,36.98,30.9,12.13,364.88,1.85,1.78,0.49,2.22
3724.0,23.29,14.29,93.25,9.46,368.19,21.88,75.5,12.41,21.88,75.5,24.15,63.17,11.91,36.98,30.9,12.13,368.19,1.87,1.81,0.51,2.22
3725.0,23.29,14.29,93.25,9.46,369.81,21.88,75.5,12.41,21.88,75.5,24.15,63.17,11.91,36.98,30.9,12.13,369.81,1.87,1.82,0.51,2.22
3726.0,23.29,14.29,93.25,9.46,371.41,21.88,75.5,12.41,21.88,75.5,24.15,63.17,11.91,36.98,30.9,12.13,371.41,1.88,1.82,0.52,2.22
3727.0,23.29,14.27,93.72,9.5,371.73,21.87,75.45,12.4,21.87,75.45,24.16,63.1,11.89,36.98,30.89,12.13,371.73,1.87,1.83,0.52,2.21
3728.0,23.29,14.27,93.72,9.5,371.66,21.87,75.45,12.4,21.87,75.45,24.16,63.1,11.89,36.98,30.89,12.13,371.66,1.87,1.83,0.52,2.21
3729.0,23.3,14.27,93.67,9.5,372,21.87,75.5,12.4,21.87,75.5,24.16,63.08,11.89,36.97,30.9,12.13,372,1.87,1.83,0.51,2.21
3730.0,23.3,14.27,93.67,9.5,370.47,21.87,75.5,12.4,21.87,75.5,24.16,63.08,11.89,36.97,30.9,12.13,370.47,1.86,1.82,0.51,2.21
3731.0,23.3,14.27,93.67,9.5,369.64,21.87,75.5,12.4,21.87,75.5,24.16,63.08,11.89,36.97,30.9,12.13,369.64,1.86,1.82,0.5,2.21
3732.0,23.3,14.27,93.67,9.5,370.25,21.87,75.5,12.4,21.87,75.5,24.16,63.08,11.89,36.97,30.9,12.13,370.25,1.86,1.82,0.51,2.21
3733.0,23.32,14.26,93.63,9.49,369.62,21.86,75.64,12.42,21.86,75.64,24.16,63.13,11.9,36.96,30.9,12.12,369.62,1.87,1.81,0.51,2.2
3734.0,23.32,14.26,93.63,9.49,368.09,21.86,75.64,12.42,21.86,75.64,24.16,63.13,11.9,36.96,30.9,12.12,368.09,1.86,1.8,0.52,2.2
3735.0,23.34,14.28,93.6,9.5,371.31,21.87,75.49,12.41,21.87,75.49,24.17,63.09,11.9,36.99,30.89,12.14,371.31,1.88,1.81,0.51,2.22
3736.0,23.34,14.28,93.6,9.5,374.18,21.87,75.49,12.41,21.87,75.49,24.17,63.09,11.9,36.99,30.89,12.14,374.18,1.88,1.84,0.51,2.22
3737.0,23.34,14.28,93.6,9.5,374.9,21.87,75.49,12.41,21.87,75.49,24.17,63.09,11.9,36.99,30.89,12.14,374.9,1.89,1.84,0.52,2.22
3738.0,23.34,14.28,93.6,9.5,375.17,21.87,75.49,12.41,21.87,75.49,24.17,63.09,11.9,36.99,30.89,12.14,375.17,1.89,1.85,0.52,2.22
3739.0,23.34,14.25,93.88,9.51,373.11,21.87,75.5,12.4,21.87,75.5,24.16,63.1,11.9,36.98,30.9,12.13,373.11,1.88,1.83,0.48,2.2
3740.0,23.34,14.25,93.88,9.51,370.34,21.87,75.5,12.4,21.87,75.5,24.16,63.1,11.9,36.98,30.9,12.13,370.34,1.86,1.82,0.52,2.2
3741.0,23.34,14.27,93.26,9.46,369.84,21.85,75.58,12.4,21.85,75.58,24.14,63.15,11.9,36.93,30.77,12.04,369.84,1.86,1.82,0.5,2.21
3742.0,23.34,14.27,93.26,9.46,368.7,21.85,75.58,12.4,21.85,75.58,24.14,63.15,11.9,36.93,30.77,12.04,368.7,1.86,1.78,0.5,2.21
3743.0,23.34,14.27,93.26,9.46,367.37,21.85,75.58,12.4,21.85,75.58,24.14,63.15,11.9,36.93,30.77,12.04,367.37,1.86,1.78,0.5,2.21
3744.0,23.34,14.27,93.26,9.46,371.38,21.85,75.58,12.4,21.85,75.58,24.14,63.15,11.9,36.93,30.77,12.04,371.38,1.88,1.8,0.5,2.21
3745.0,23.33,14.27,93.33,9.46,373.74,21.85,75.58,12.4,21.85,75.58,24.14,63.15,11.89,36.94,30.94,12.12,373.74,1.89,1.83,0.52,2.2
3746.0,23.33,14.27,93.33,9.46,377.43,21.85,75.58,12.4,21.85,75.58,24.14,63.15,11.89,36.94,30.94,12.12,377.43,1.91,1.85,0.52,2.2
3747.0,23.33,14.26,93.71,9.5,378.09,21.85,75.58,12.4,21.85,75.58,24.13,63.17,11.89,36.94,30.94,12.12,378.09,1.91,1.85,0.48,2.2
3748.0,23.33,14.26,93.71,9.5,379.41,21.85,75.58,12.4,21.85,75.58,24.13,63.17,11.89,36.94,30.94,12.12,379.41,1.91,1.86,0.5,2.2
3749.0,23.33,14.26,93.71,9.5,379.71,21.85,75.58,12.4,21.85,75.58,24.13,63.17,11.89,36.94,30.94,12.12,379.71,1.91,1.86,0.51,2.2
3750.0,23.33,14.26,93.71,9.5,377.01,21.85,75.58,12.4,21.85,75.58,24.13,63.17,11.89,36.94,30.94,12.12,377.01,1.9,1.85,0.49,2.2
3751.0,23.37,14.28,93.33,9.47,374.9,21.87,75.61,12.42,21.87,75.61,24.15,63.16,11.9,36.98,30.9,12.13,374.9,1.9,1.84,0.52,2.21
3752.0,23.37,14.28,93.33,9.47,374.37,21.87,75.61,12.42,21.87,75.61,24.15,63.16,11.9,36.98,30.9,12.13,374.37,1.9,1.84,0.51,2.21
3753.0,23.35,14.27,93.47,9.48,374.95,21.86,75.56,12.4,21.86,75.56,24.14,63.13,11.89,36.96,30.92,12.13,374.95,1.9,1.84,0.5,2.2
3754.0,23.35,14.27,93.47,9.48,380.76,21.86,75.56,12.4,21.86,75.56,24.14,63.13,11.89,36.96,30.92,12.13,380.76,1.92,1.87,0.51,2.2
3755.0,23.35,14.27,93.47,9.48,382,21.86,75.56,12.4,21.86,75.56,24.14,63.13,11.89,36.96,30.92,12.13,382,1.93,1.88,0.46,2.2
3756.0,23.35,14.27,93.47,9.48,379.95,21.86,75.56,12.4,21.86,75.56,24.14,63.13,11.89,36.96,30.92,12.13,379.95,1.92,1.87,0.46,2.2
3757.0,23.34,14.27,93.62,9.49,378.95,21.86,75.42,12.38,21.86,75.42,24.14,63.08,11.88,36.96,30.9,12.12,378.95,1.9,1.87,0.49,2.2
3758.0,23.34,14.27,93.62,9.49,379.66,21.86,75.42,12.38,21.86,75.42,24.14,63.08,11.88,36.96,30.9,12.12,379.66,1.91,1.87,0.51,2.2
3759.0,23.28,14.27,93.48,9.48,380.44,21.81,75.49,12.36,21.81,75.49,24.13,63.04,11.87,36.87,30.93,12.07,380.44,1.91,1.87,0.5,2.2
3760.0,23.28,14.27,93.48,9.48,381.95,21.81,75.49,12.36,21.81,75.49,24.13,63.04,11.87,36.87,30.93,12.07,381.95,1.91,1.87,0.49,2.2
3761.0,23.28,14.27,93.48,9.48,380.71,21.81,75.49,12.36,21.81,75.49,24.13,63.04,11.87,36.87,30.93,12.07,380.71,1.9,1.86,0.5,2.2
3762.0,23.28,14.27,93.48,9.48,381.32,21.81,75.49,12.36,21.81,75.49,24.13,63.04,11.87,36.87,30.93,12.07,381.32,1.9,1.86,0.51,2.2
3763.0,23.3,14.27,93.56,9.49,382.57,21.86,75.47,12.39,21.86,75.47,24.13,63.17,11.88,36.97,30.9,12.13,382.57,1.92,1.89,0.5,2.2
3764.0,23.3,14.27,93.56,9.49,379.04,21.86,75.47,12.39,21.86,75.47,24.13,63.17,11.88,36.97,30.9,12.13,379.04,1.9,1.87,0.5,2.2
3765.0,23.31,14.28,93.44,9.48,377.87,21.85,75.44,12.38,21.85,75.44,24.12,63.28,11.9,36.97,30.91,12.13,377.87,1.9,1.86,0.51,2.21
3766.0,23.31,14.28,93.44,9.48,373.48,21.85,75.44,12.38,21.85,75.44,24.12,63.28,11.9,36.97,30.91,12.13,373.48,1.88,1.84,0.51,2.21
3767.0,23.31,14.28,93.44,9.48,374.55,21.85,75.44,12.38,21.85,75.44,24.12,63.28,11.9,36.97,30.91,12.13,374.55,1.88,1.85,0.5,2.21
3768.0,23.31,14.28,93.44,9.48,376.99,21.85,75.44,12.38,21.85,75.44,24.12,63.28,11.9,36.97,30.91,12.13,376.99,1.89,1.86,0.52,2.21
3769.0,23.31,14.29,93.31,9.48,375.02,21.85,75.54,12.39,21.85,75.54,24.12,63.25,11.9,36.95,30.91,12.12,375.02,1.89,1.84,0.5,2.21
3770.0,23.31,14.29,93.31,9.48,376.24,21.85,75.54,12.39,21.85,75.54,24.12,63.25,11.9,36.95,30.91,12.12,376.24,1.89,1.85,0.5,2.21
3771.0,23.33,14.27,93.53,9.49,378.25,21.86,75.61,12.41,21.86,75.61,24.12,63.18,11.88,36.98,30.88,12.12,378.25,1.9,1.86,0.52,2.2
3772.0,23.33,14.27,93.53,9.49,378.41,21.86,75.61,12.41,21.86,75.61,24.12,63.18,11.88,36.98,30.88,12.12,378.41,1.91,1.86,0.52,2.2
3773.0,23.33,14.27,93.53,9.49,376.32,21.86,75.61,12.41,21.86,75.61,24.12,63.18,11.88,36.98,30.88,12.12,376.32,1.9,1.85,0.5,2.2
3774.0,23.34,14.29,93.33,9.47,371.47,21.85,75.6,12.41,21.85,75.6,24.12,63.19,11.88,36.98,30.88,12.13,371.47,1.88,1.82,0.5,2.2
3775.0,23.34,14.29,93.33,9.47,368.64,21.85,75.6,12.41,21.85,75.6,24.12,63.19,11.88,36.98,30.88,12.13,368.64,1.86,1.81,0.52,2.21
3776.0,23.34,14.29,93.33,9.47,366.96,21.85,75.6,12.41,21.85,75.6,24.12,63.19,11.88,36.98,30.88,12.13,366.96,1.85,1.8,0.54,2.21
3777.0,23.35,14.28,93.47,9.48,367.22,21.86,75.52,12.4,21.86,75.52,24.12,63.17,11.88,36.99,30.87,12.13,367.22,1.85,1.81,0.52,2.2
3778.0,23.35,14.28,93.47,9.48,369.11,21.86,75.52,12.4,21.86,75.52,24.12,63.17,11.88,36.99,30.87,12.13,369.11,1.86,1.82,0.52,2.2
3779.0,23.35,14.28,93.47,9.48,371.94,21.86,75.52,12.4,21.86,75.52,24.12,63.17,11.88,36.99,30.87,12.13,371.94,1.87,1.83,0.52,2.2
3780.0,23.35,14.28,93.47,9.48,374.89,21.86,75.52,12.4,21.86,75.52,24.12,63.17,11.88,36.99,30.87,12.13,374.89,1.89,1.85,0.52,2.2
3781.0,23.35,14.27,93.54,9.49,374.88,21.85,75.53,12.39,21.85,75.53,24.11,63.21,11.88,36.98,30.86,12.12,374.88,1.89,1.84,0.51,2.2
3782.0,23.35,14.27,93.54,9.49,372.65,21.85,75.53,12.39,21.85,75.53,24.11,63.21,11.88,36.98,30.86,12.12,372.65,1.88,1.83,0.52,2.2
3783.0,23.36,14.28,93.55,9.49,370.36,21.86,75.49,12.39,21.86,75.49,24.1,63.27,11.88,37,30.86,12.13,370.36,1.86,1.82,0.51,2.2
3784.0,23.36,14.28,93.55,9.49,368.7,21.86,75.49,12.39,21.86,75.49,24.1,63.27,11.88,37,30.86,12.13,368.7,1.85,1.82,0.51,2.2
3785.0,23.36,14.28,93.55,9.49,368.65,21.86,75.49,12.39,21.86,75.49,24.1,63.27,11.88,37,30.86,12.13,368.65,1.85,1.82,0.5,2.2
3786.0,23.34,14.27,93.48,9.48,371.5,21.84,75.46,12.38,21.84,75.46,24.09,63.21,11.87,36.96,30.87,12.11,371.5,1.87,1.83,0.5,2.2
3787.0,23.34,14.27,93.48,9.48,373.57,21.84,75.46,12.38,21.84,75.46,24.09,63.21,11.87,36.96,30.87,12.11,373.57,1.88,1.84,0.51,2.2
3788.0,23.34,14.27,93.48,9.48,375.17,21.84,75.46,12.38,21.84,75.46,24.09,63.21,11.87,36.96,30.87,12.11,375.17,1.88,1.85,0.51,2.2
3789.0,23.32,14.28,93.64,9.5,372.79,21.84,75.44,12.37,21.84,75.44,24.1,63.16,11.87,36.96,30.89,12.11,372.79,1.87,1.84,0.52,2.2
3790.0,23.32,14.28,93.64,9.5,368.65,21.84,75.44,12.37,21.84,75.44,24.1,63.16,11.87,36.96,30.89,12.11,368.65,1.84,1.82,0.5,2.2
3791.0,23.32,14.28,93.64,9.5,367.71,21.84,75.44,12.37,21.84,75.44,24.1,63.16,11.87,36.96,30.89,12.11,367.71,1.84,1.81,0.5,2.2
3792.0,23.3,14.29,93.6,9.5,370.33,21.84,75.42,12.37,21.84,75.42,24.11,63.1,11.86,36.97,30.86,12.11,370.33,1.85,1.83,0.5,2.2
3793.0,23.3,14.29,93.6,9.5,376.78,21.84,75.42,12.37,21.84,75.42,24.11,63.1,11.86,36.97,30.86,12.11,376.78,1.88,1.86,0.5,2.2
3794.0,23.3,14.29,93.6,9.5,382.79,21.84,75.42,12.37,21.84,75.42,24.11,63.1,11.86,36.97,30.86,12.11,382.79,1.91,1.89,0.51,2.2
3795.0,23.28,14.28,93.71,9.51,383.67,21.85,75.47,12.38,21.85,75.47,24.12,63.01,11.85,36.99,30.84,12.11,383.67,1.92,1.89,0.51,2.2
3796.0,23.28,14.28,93.71,9.51,385.09,21.85,75.47,12.38,21.85,75.47,24.12,63.01,11.85,36.99,30.84,12.11,385.09,1.93,1.9,0.5,2.2
3797.0,23.28,14.28,93.71,9.51,384.82,21.85,75.47,12.38,21.85,75.47,24.12,63.01,11.85,36.99,30.84,12.11,384.82,1.92,1.9,0.5,2.2
3798.0,23.27,14.3,93.36,9.48,379.52,21.84,75.64,12.4,21.84,75.64,24.11,63.11,11.86,36.99,30.82,12.11,379.52,1.9,1.87,0.49,2.21
3799.0,23.27,14.3,93.36,9.48,376.76,21.84,75.64,12.4,21.84,75.64,24.11,63.11,11.86,36.99,30.82,12.11,376.76,1.9,1.85,0.52,2.21
3800.0,23.27,14.3,93.36,9.48,373.43,21.84,75.64,12.4,21.84,75.64,24.11,63.11,11.86,36.99,30.82,12.11,373.43,1.88,1.83,0.5,2.21
3801.0,23.27,14.3,93.36,9.48,373.76,21.84,75.64,12.4,21.84,75.64,24.11,63.11,11.86,36.99,30.82,12.11,373.76,1.88,1.83,0.52,2.21
3802.0,23.28,14.3,93.41,9.49,379.64,21.84,75.59,12.4,21.84,75.59,24.12,63.14,11.87,36.99,30.83,12.11,379.64,1.91,1.87,0.51,2.21
3803.0,23.28,14.3,93.41,9.49,382.37,21.84,75.59,12.4,21.84,75.59,24.12,63.14,11.87,36.99,30.83,12.11,382.37,1.92,1.88,0.51,2.21
3804.0,23.3,14.31,93.37,9.49,382.81,21.84,75.56,12.39,21.84,75.56,24.11,63.06,11.86,36.99,30.84,12.12,382.81,1.92,1.88,0.51,2.21
3805.0,23.3,14.31,93.37,9.49,382.56,21.84,75.56,12.39,21.84,75.56,24.11,63.06,11.86,36.99,30.84,12.12,382.56,1.92,1.88,0.51,2.21
3806.0,23.3,14.31,93.37,9.49,382.54,21.84,75.56,12.39,21.84,75.56,24.11,63.06,11.86,36.99,30.84,12.12,382.54,1.92,1.88,0.52,2.21
3807.0,23.3,14.31,93.37,9.49,380.34,21.84,75.56,12.39,21.84,75.56,24.11,63.06,11.86,36.99,30.84,12.12,380.34,1.91,1.87,0.51,2.21
3808.0,23.3,14.27,93.56,9.49,379.24,21.85,75.49,12.38,21.85,75.49,24.11,63.05,11.85,36.99,30.84,12.11,379.24,1.9,1.87,0.51,2.19
3809.0,23.3,14.27,93.56,9.49,376.66,21.85,75.49,12.38,21.85,75.49,24.11,63.05,11.85,36.99,30.84,12.11,376.66,1.89,1.86,0.51,2.19
3810.0,23.29,14.28,93.85,9.52,378.52,21.84,75.5,12.38,21.84,75.5,24.1,63.09,11.85,36.98,30.86,12.12,378.52,1.9,1.87,0.49,2.2
3811.0,23.29,14.28,93.85,9.52,381.51,21.84,75.5,12.38,21.84,75.5,24.1,63.09,11.85,36.98,30.86,12.12,381.51,1.9,1.88,0.49,2.2
3812.0,23.29,14.28,93.85,9.52,381.95,21.84,75.5,12.38,21.84,75.5,24.1,63.09,11.85,36.98,30.86,12.12,381.95,1.91,1.88,0.51,2.2
3813.0,23.28,14.3,93.61,9.51,377.13,21.85,75.42,12.37,21.85,75.42,24.1,63.18,11.87,36.99,30.86,12.12,377.13,1.88,1.86,0.5,2.2
3814.0,23.28,14.3,93.61,9.51,377.32,21.85,75.42,12.37,21.85,75.42,24.1,63.18,11.87,36.99,30.86,12.12,377.32,1.88,1.87,0.52,2.21
3815.0,23.28,14.3,93.61,9.51,378.54,21.85,75.42,12.37,21.85,75.42,24.1,63.18,11.87,36.99,30.86,12.12,378.54,1.89,1.87,0.52,2.21
3816.0,23.29,14.3,93.61,9.51,378.83,21.85,75.49,12.38,21.85,75.49,24.1,63.07,11.85,36.99,30.86,12.12,378.83,1.89,1.87,0.51,2.21
3817.0,23.29,14.3,93.61,9.51,378.72,21.85,75.49,12.38,21.85,75.49,24.1,63.07,11.85,36.99,30.86,12.12,378.72,1.89,1.87,0.51,2.21
3818.0,23.29,14.3,93.61,9.51,378.56,21.85,75.49,12.38,21.85,75.49,24.1,63.07,11.85,36.99,30.86,12.12,378.56,1.89,1.87,0.52,2.21
3819.0,23.29,14.3,93.61,9.51,377.72,21.85,75.49,12.38,21.85,75.49,24.1,63.07,11.85,36.99,30.86,12.12,377.72,1.89,1.87,0.54,2.21
3820.0,23.29,14.28,93.46,9.48,377.47,21.84,75.43,12.37,21.84,75.43,24.1,63.12,11.86,36.97,30.88,12.12,377.47,1.89,1.87,0.49,2.2
3821.0,23.29,14.28,93.46,9.48,373.93,21.84,75.43,12.37,21.84,75.43,24.1,63.12,11.86,36.97,30.88,12.12,373.93,1.87,1.85,0.51,2.2
3822.0,23.28,14.3,93.43,9.49,373.36,21.84,75.64,12.4,21.84,75.64,24.1,63.17,11.86,36.96,30.9,12.12,373.36,1.87,1.85,0.5,2.21
3823.0,23.28,14.3,93.43,9.49,373.79,21.84,75.64,12.4,21.84,75.64,24.1,63.17,11.86,36.96,30.9,12.12,373.79,1.88,1.84,0.5,2.21
3824.0,23.28,14.3,93.43,9.49,375.49,21.84,75.64,12.4,21.84,75.64,24.1,63.17,11.86,36.96,30.9,12.12,375.49,1.89,1.85,0.49,2.21
3825.0,23.28,14.29,93.71,9.51,378.28,21.84,75.42,12.37,21.84,75.42,24.1,63.03,11.84,36.96,30.92,12.13,378.28,1.9,1.86,0.49,2.21
3826.0,23.28,14.29,93.71,9.51,376.61,21.84,75.42,12.37,21.84,75.42,24.1,63.03,11.84,36.96,30.92,12.13,376.61,1.87,1.86,0.51,2.2
3827.0,23.28,14.29,93.71,9.51,374.29,21.84,75.42,12.37,21.84,75.42,24.1,63.03,11.84,36.96,30.92,12.13,374.29,1.86,1.85,0.52,2.2
3828.0,23.28,14.29,93.52,9.5,373.6,21.84,75.58,12.39,21.84,75.58,24.09,63.19,11.86,36.94,30.93,12.12,373.6,1.86,1.85,0.52,2.2
3829.0,23.28,14.29,93.52,9.5,373.17,21.84,75.58,12.39,21.84,75.58,24.09,63.19,11.86,36.94,30.93,12.12,373.17,1.87,1.84,0.51,2.2
3830.0,23.28,14.29,93.52,9.5,374.56,21.84,75.58,12.39,21.84,75.58,24.09,63.19,11.86,36.94,30.93,12.12,374.56,1.88,1.84,0.49,2.2
3831.0,23.27,14.29,93.48,9.49,379.37,21.83,75.57,12.38,21.83,75.57,24.08,63.22,11.86,36.93,30.93,12.11,379.37,1.9,1.87,0.51,2.2
3832.0,23.27,14.29,93.48,9.49,381.93,21.83,75.57,12.38,21.83,75.57,24.08,63.22,11.86,36.93,30.93,12.11,381.93,1.91,1.88,0.51,2.2
3833.0,23.27,14.29,93.48,9.49,381.76,21.83,75.57,12.38,21.83,75.57,24.08,63.22,11.86,36.93,30.93,12.11,381.76,1.91,1.88,0.52,2.2
3834.0,23.25,14.28,93.66,9.5,379.5,21.83,75.61,12.39,21.83,75.61,24.07,63.2,11.85,36.94,30.89,12.1,379.5,1.9,1.87,0.52,2.2
3835.0,23.25,14.28,93.66,9.5,376.14,21.83,75.61,12.39,21.83,75.61,24.07,63.2,11.85,36.94,30.89,12.1,376.14,1.88,1.84,0.52,2.2
3836.0,23.25,14.28,93.66,9.5,372.72,21.83,75.61,12.39,21.83,75.61,24.07,63.2,11.85,36.94,30.89,12.1,372.72,1.87,1.83,0.52,2.2
3837.0,23.25,14.3,93.4,9.49,368.65,21.83,75.57,12.38,21.83,75.57,24.07,63.2,11.85,36.95,30.87,12.1,368.65,1.84,1.81,0.51,2.21
3838.0,23.25,14.3,93.4,9.49,368.74,21.83,75.57,12.38,21.83,75.57,24.07,63.2,11.85,36.95,30.87,12.1,368.74,1.84,1.81,0.51,2.21
3839.0,23.25,14.3,93.4,9.49,368.61,21.83,75.57,12.38,21.83,75.57,24.07,63.2,11.85,36.95,30.87,12.1,368.61,1.84,1.81,0.51,2.21
3840.0,23.25,14.3,93.4,9.49,368.87,21.83,75.57,12.38,21.83,75.57,24.07,63.2,11.85,36.95,30.87,12.1,368.87,1.84,1.81,0.52,2.21
3841.0,23.28,14.3,93.46,9.49,370.19,21.83,75.53,12.38,21.83,75.53,24.08,63.02,11.82,36.97,30.84,12.1,370.19,1.85,1.82,0.52,2.21
3842.0,23.28,14.3,93.46,9.49,371.35,21.83,75.53,12.38,21.83,75.53,24.08,63.02,11.82,36.97,30.84,12.1,371.35,1.86,1.83,0.52,2.21
3843.0,23.29,14.3,93.53,9.5,375.38,21.83,75.4,12.35,21.83,75.4,24.08,63.07,11.83,36.97,30.84,12.1,375.38,1.88,1.85,0.53,2.21
3844.0,23.29,14.3,93.53,9.5,372.8,21.83,75.4,12.35,21.83,75.4,24.08,63.07,11.83,36.97,30.84,12.1,372.8,1.85,1.84,0.53,2.21
3845.0,23.29,14.3,93.53,9.5,371.96,21.83,75.4,12.35,21.83,75.4,24.08,63.07,11.83,36.97,30.84,12.1,371.96,1.85,1.84,0.53,2.21
3846.0,23.29,14.3,93.53,9.5,370.78,21.83,75.4,12.35,21.83,75.4,24.08,63.07,11.83,36.97,30.84,12.1,370.78,1.84,1.83,0.52,2.21
3847.0,23.28,14.27,93.88,9.52,370.55,21.82,75.4,12.35,21.82,75.4,24.08,62.98,11.81,36.98,30.81,12.1,370.55,1.84,1.83,0.54,2.19
3848.0,23.28,14.27,93.88,9.52,370.44,21.82,75.4,12.35,21.82,75.4,24.08,62.98,11.81,36.98,30.81,12.1,370.44,1.84,1.83,0.51,2.19
3849.0,23.27,14.29,93.6,9.5,370.33,21.83,75.44,12.36,21.83,75.44,24.08,63.07,11.83,36.99,30.79,12.1,370.33,1.84,1.83,0.51,2.2
3850.0,23.27,14.29,93.6,9.5,369.85,21.83,75.44,12.36,21.83,75.44,24.08,63.07,11.83,36.99,30.79,12.1,369.85,1.84,1.83,0.51,2.2
3851.0,23.27,14.29,93.6,9.5,369.93,21.83,75.44,12.36,21.83,75.44,24.08,63.07,11.83,36.99,30.79,12.1,369.93,1.84,1.83,0.48,2.2
3852.0,23.27,14.29,93.6,9.5,369.26,21.83,75.44,12.36,21.83,75.44,24.08,63.07,11.83,36.99,30.79,12.1,369.26,1.84,1.83,0.5,2.2
3853.0,23.26,14.28,93.72,9.51,369.63,21.82,75.45,12.36,21.82,75.45,24.07,63.09,11.83,36.99,30.79,12.1,369.63,1.84,1.83,0.52,2.2
3854.0,23.26,14.28,93.72,9.51,375.84,21.82,75.45,12.36,21.82,75.45,24.07,63.09,11.83,36.99,30.79,12.1,375.84,1.87,1.86,0.49,2.2
3855.0,23.23,14.27,93.75,9.5,374.38,21.81,75.44,12.35,21.81,75.44,24.06,63.07,11.82,36.97,30.8,12.09,374.38,1.86,1.85,0.5,2.19
3856.0,23.23,14.27,93.75,9.5,373.44,21.81,75.44,12.35,21.81,75.44,24.06,63.07,11.82,36.97,30.8,12.09,373.44,1.86,1.84,0.5,2.19
3857.0,23.23,14.27,93.75,9.5,375.03,21.81,75.44,12.35,21.81,75.44,24.06,63.07,11.82,36.97,30.8,12.09,375.03,1.86,1.85,0.5,2.19
3858.0,23.23,14.27,93.75,9.5,378.6,21.81,75.44,12.35,21.81,75.44,24.06,63.07,11.82,36.97,30.8,12.09,378.6,1.88,1.87,0.5,2.19
3859.0,23.23,14.27,93.77,9.51,379.55,21.81,75.48,12.36,21.81,75.48,24.06,63.05,11.81,36.96,30.79,12.08,379.55,1.88,1.87,0.5,2.19
3860.0,23.23,14.27,93.77,9.51,380.02,21.81,75.48,12.36,21.81,75.48,24.06,63.05,11.81,36.96,30.79,12.08,380.02,1.89,1.87,0.48,2.19
3861.0,23.22,14.26,93.44,9.47,379.72,21.79,75.57,12.35,21.79,75.57,24.04,63.12,11.81,36.9,30.83,12.05,379.72,1.89,1.87,0.52,2.18
3862.0,23.22,14.26,93.44,9.47,379.73,21.79,75.57,12.35,21.79,75.57,24.04,63.12,11.81,36.9,30.83,12.05,379.73,1.89,1.86,0.49,2.18
3863.0,23.22,14.26,93.44,9.47,379.84,21.79,75.57,12.35,21.79,75.57,24.04,63.12,11.81,36.9,30.83,12.05,379.84,1.89,1.86,0.49,2.18
3864.0,23.23,14.27,93.53,9.49,374.44,21.81,75.41,12.34,21.81,75.41,24.04,63.1,11.81,36.98,30.78,12.08,374.44,1.87,1.83,0.52,2.18
3865.0,23.23,14.27,93.53,9.49,372.99,21.81,75.41,12.34,21.81,75.41,24.04,63.1,11.81,36.98,30.78,12.08,372.99,1.86,1.84,0.51,2.19
3866.0,23.23,14.27,93.53,9.49,373.61,21.81,75.41,12.34,21.81,75.41,24.04,63.1,11.81,36.98,30.78,12.08,373.61,1.86,1.85,0.51,2.19
3867.0,23.23,14.27,93.63,9.49,374.19,21.82,75.5,12.36,21.82,75.5,24.04,63.01,11.8,36.99,30.77,12.08,374.19,1.86,1.85,0.5,2.19
3868.0,23.23,14.27,93.63,9.49,377.32,21.82,75.5,12.36,21.82,75.5,24.04,63.01,11.8,36.99,30.77,12.08,377.32,1.88,1.86,0.51,2.18
3869.0,23.23,14.27,93.63,9.49,378.17,21.82,75.5,12.36,21.82,75.5,24.04,63.01,11.8,36.99,30.77,12.08,378.17,1.89,1.86,0.51,2.18
3870.0,23.23,14.29,93.44,9.49,377.71,21.81,75.29,12.32,21.81,75.29,24.04,63.05,11.8,36.97,30.72,12.05,377.71,1.88,1.86,0.5,2.18
3871.0,23.23,14.29,93.44,9.49,378.34,21.81,75.29,12.32,21.81,75.29,24.04,63.05,11.8,36.97,30.72,12.05,378.34,1.87,1.87,0.49,2.2
3872.0,23.23,14.29,93.44,9.49,379.62,21.81,75.29,12.32,21.81,75.29,24.04,63.05,11.8,36.97,30.72,12.05,379.62,1.88,1.87,0.51,2.2
3873.0,23.25,14.29,93.51,9.49,378.94,21.82,75.32,12.34,21.82,75.32,24.03,63.09,11.8,37.01,30.74,12.08,378.94,1.88,1.87,0.51,2.19
3874.0,23.25,14.29,93.51,9.49,375.83,21.82,75.32,12.34,21.82,75.32,24.03,63.09,11.8,37.01,30.74,12.08,375.83,1.86,1.86,0.53,2.19
3875.0,23.25,14.29,93.51,9.49,376.23,21.82,75.32,12.34,21.82,75.32,24.03,63.09,11.8,37.01,30.74,12.08,376.23,1.87,1.87,0.53,2.19
3876.0,23.24,14.27,93.53,9.49,379.43,21.8,75.36,12.33,21.8,75.36,24.02,63.13,11.8,36.95,30.74,12.05,379.43,1.88,1.88,0.5,2.18
3877.0,23.24,14.27,93.53,9.49,379.79,21.8,75.36,12.33,21.8,75.36,24.02,63.13,11.8,36.95,30.74,12.05,379.79,1.88,1.87,0.48,2.19
3878.0,23.24,14.27,93.53,9.49,380.01,21.8,75.36,12.33,21.8,75.36,24.02,63.13,11.8,36.95,30.74,12.05,380.01,1.88,1.87,0.51,2.19
3879.0,23.24,14.27,93.53,9.49,380.24,21.8,75.36,12.33,21.8,75.36,24.02,63.13,11.8,36.95,30.74,12.05,380.24,1.88,1.87,0.52,2.19
3880.0,23.26,14.29,93.5,9.49,380.25,21.81,75.35,12.33,21.81,75.35,24.01,63.26,11.82,36.97,30.74,12.07,380.25,1.88,1.88,0.52,2.2
3881.0,23.26,14.29,93.5,9.49,378.75,21.81,75.35,12.33,21.81,75.35,24.01,63.26,11.82,36.97,30.74,12.07,378.75,1.87,1.87,0.52,2.2
3882.0,23.28,14.26,93.74,9.5,376.91,21.82,75.3,12.33,21.82,75.3,24.01,63.22,11.81,36.99,30.73,12.07,376.91,1.86,1.86,0.51,2.18
3883.0,23.28,14.26,93.74,9.5,378.01,21.82,75.3,12.33,21.82,75.3,24.01,63.22,11.81,36.99,30.73,12.07,378.01,1.87,1.87,0.51,2.18
3884.0,23.28,14.26,93.74,9.5,378.17,21.82,75.3,12.33,21.82,75.3,24.01,63.22,11.81,36.99,30.73,12.07,378.17,1.87,1.87,0.51,2.18
3885.0,23.3,14.29,93.63,9.5,375.15,21.82,75.32,12.33,21.82,75.32,24.01,63.26,11.82,36.99,30.72,12.07,375.15,1.86,1.86,0.49,2.18
3886.0,23.3,14.29,93.63,9.5,375.59,21.82,75.32,12.33,21.82,75.32,24.01,63.26,11.82,36.99,30.72,12.07,375.59,1.86,1.86,0.48,2.19
3887.0,23.3,14.29,93.63,9.5,376.5,21.82,75.32,12.33,21.82,75.32,24.01,63.26,11.82,36.99,30.72,12.07,376.5,1.86,1.86,0.52,2.19
3888.0,23.3,14.27,93.47,9.48,378.96,21.82,75.31,12.33,21.82,75.31,24.01,63.32,11.83,36.99,30.72,12.07,378.96,1.87,1.87,0.54,2.18
3889.0,23.3,14.27,93.47,9.48,380.96,21.82,75.31,12.33,21.82,75.31,24.01,63.32,11.83,36.99,30.72,12.07,380.96,1.89,1.88,0.54,2.18
3890.0,23.3,14.27,93.47,9.48,381.43,21.82,75.31,12.33,21.82,75.31,24.01,63.32,11.83,36.99,30.72,12.07,381.43,1.9,1.89,0.49,2.18
3891.0,23.29,14.27,93.65,9.5,384.66,21.8,75.43,12.34,21.8,75.43,24.01,63.27,11.82,36.97,30.74,12.06,384.66,1.91,1.9,0.49,2.18
3892.0,23.29,14.27,93.65,9.5,386.13,21.8,75.43,12.34,21.8,75.43,24.01,63.27,11.82,36.97,30.74,12.06,386.13,1.92,1.9,0.52,2.18
3893.0,23.29,14.27,93.65,9.5,383.48,21.8,75.43,12.34,21.8,75.43,24.01,63.27,11.82,36.97,30.74,12.06,383.48,1.9,1.89,0.51,2.18
3894.0,23.28,14.28,93.41,9.47,382.35,21.79,75.32,12.31,21.79,75.32,24.02,63.12,11.8,36.93,30.73,12.03,382.35,1.9,1.88,0.5,2.18
3895.0,23.28,14.28,93.41,9.47,380.99,21.79,75.32,12.31,21.79,75.32,24.02,63.12,11.8,36.93,30.73,12.03,380.99,1.89,1.87,0.5,2.18
3896.0,23.28,14.28,93.41,9.47,380.21,21.79,75.32,12.31,21.79,75.32,24.02,63.12,11.8,36.93,30.73,12.03,380.21,1.88,1.87,0.5,2.18
3897.0,23.27,14.26,93.67,9.49,379.66,21.8,75.41,12.33,21.8,75.41,24.03,63,11.79,36.95,30.75,12.05,379.66,1.88,1.87,0.5,2.18
3898.0,23.27,14.26,93.67,9.49,379.48,21.8,75.41,12.33,21.8,75.41,24.03,63,11.79,36.95,30.75,12.05,379.48,1.88,1.87,0.5,2.17
3899.0,23.27,14.26,93.67,9.49,375.41,21.8,75.41,12.33,21.8,75.41,24.03,63,11.79,36.95,30.75,12.05,375.41,1.86,1.85,0.49,2.17
3900.0,23.25,14.27,93.62,9.49,374.87,21.79,75.34,12.32,21.79,75.34,24.04,62.94,11.78,36.93,30.72,12.03,374.87,1.86,1.85,0.49,2.18
3901.0,23.25,14.27,93.62,9.49,374.17,21.79,75.34,12.32,21.79,75.34,24.04,62.94,11.78,36.93,30.72,12.03,374.17,1.85,1.84,0.52,2.18
3902.0,23.25,14.27,93.62,9.49,373.7,21.79,75.34,12.32,21.79,75.34,24.04,62.94,11.78,36.93,30.72,12.03,373.7,1.85,1.84,0.52,2.17
3903.0,23.25,14.27,93.57,9.49,373.68,21.78,75.28,12.3,21.78,75.28,24.05,62.93,11.78,36.92,30.65,11.99,373.68,1.85,1.84,0.49,2.17
3904.0,23.25,14.27,93.57,9.49,374.86,21.78,75.28,12.3,21.78,75.28,24.05,62.93,11.78,36.92,30.65,11.99,374.86,1.85,1.83,0.52,2.18
3905.0,23.25,14.27,93.57,9.49,376.57,21.78,75.28,12.3,21.78,75.28,24.05,62.93,11.78,36.92,30.65,11.99,376.57,1.86,1.84,0.49,2.18
3906.0,23.26,14.26,93.51,9.47,376.84,21.8,75.26,12.31,21.8,75.26,24.06,62.91,11.79,36.97,30.68,12.04,376.84,1.86,1.84,0.51,2.17
3907.0,23.26,14.26,93.51,9.47,374.92,21.8,75.26,12.31,21.8,75.26,24.06,62.91,11.79,36.97,30.68,12.04,374.92,1.86,1.85,0.5,2.17
3908.0,23.26,14.26,93.51,9.47,376.21,21.8,75.26,12.31,21.8,75.26,24.06,62.91,11.79,36.97,30.68,12.04,376.21,1.86,1.86,0.51,2.17
3909.0,23.26,14.28,93.6,9.5,377.4,21.79,75.28,12.31,21.79,75.28,24.06,62.97,11.8,36.96,30.67,12.03,377.4,1.87,1.86,0.48,2.17
3910.0,23.26,14.28,93.6,9.5,377.67,21.79,75.28,12.31,21.79,75.28,24.06,62.97,11.8,36.96,30.67,12.03,377.67,1.86,1.86,0.48,2.18
3911.0,23.26,14.28,93.6,9.5,377.35,21.79,75.28,12.31,21.79,75.28,24.06,62.97,11.8,36.96,30.67,12.03,377.35,1.86,1.86,0.52,2.18
3912.0,23.26,14.28,93.64,9.5,376.7,21.8,75.25,12.3,21.8,75.25,24.06,63.02,11.81,36.98,30.66,12.04,376.7,1.86,1.86,0.49,2.18
3913.0,23.26,14.28,93.64,9.5,375.64,21.8,75.25,12.3,21.8,75.25,24.06,63.02,11.81,36.98,30.66,12.04,375.64,1.85,1.86,0.52,2.18
3914.0,23.26,14.28,93.64,9.5,374.31,21.8,75.25,12.3,21.8,75.25,24.06,63.02,11.81,36.98,30.66,12.04,374.31,1.84,1.85,0.51,2.18
3915.0,23.24,14.27,93.6,9.49,370.26,21.79,75.34,12.32,21.79,75.34,24.06,63.04,11.81,36.98,30.65,12.03,370.26,1.82,1.83,0.51,2.18
3916.0,23.24,14.27,93.6,9.49,368.71,21.79,75.34,12.32,21.79,75.34,24.06,63.04,11.81,36.98,30.65,12.03,368.71,1.82,1.82,0.5,2.18
3917.0,23.24,14.27,93.6,9.49,369.63,21.79,75.34,12.32,21.79,75.34,24.06,63.04,11.81,36.98,30.65,12.03,369.63,1.83,1.82,0.49,2.18
3918.0,23.24,14.28,93.49,9.48,372.48,21.79,75.42,12.33,21.79,75.42,24.06,63.05,11.81,36.98,30.64,12.03,372.48,1.84,1.84,0.49,2.18
3919.0,23.24,14.28,93.49,9.48,375.98,21.79,75.42,12.33,21.79,75.42,24.06,63.05,11.81,36.98,30.64,12.03,375.98,1.86,1.85,0.51,2.18
3920.0,23.24,14.28,93.49,9.48,377.68,21.79,75.42,12.33,21.79,75.42,24.06,63.05,11.81,36.98,30.64,12.03,377.68,1.87,1.86,0.51,2.18
3921.0,23.25,14.27,93.58,9.49,378.38,21.8,75.39,12.33,21.8,75.39,24.06,62.97,11.8,37.01,30.61,12.04,378.38,1.87,1.86,0.5,2.18
3922.0,23.25,14.27,93.58,9.49,378.37,21.8,75.39,12.33,21.8,75.39,24.06,62.97,11.8,37.01,30.61,12.04,378.37,1.87,1.87,0.49,2.17
3923.0,23.25,14.27,93.58,9.49,378.08,21.8,75.39,12.33,21.8,75.39,24.06,62.97,11.8,37.01,30.61,12.04,378.08,1.87,1.86,0.51,2.17
3924.0,23.26,14.29,93.24,9.47,377.8,21.79,75.35,12.32,21.79,75.35,24.07,62.85,11.78,37.01,30.58,12.02,377.8,1.87,1.86,0.5,2.18
3925.0,23.26,14.29,93.24,9.47,376.97,21.79,75.35,12.32,21.79,75.35,24.07,62.85,11.78,37.01,30.58,12.02,376.97,1.87,1.86,0.5,2.18
3926.0,23.26,14.29,93.24,9.47,376.84,21.79,75.35,12.32,21.79,75.35,24.07,62.85,11.78,37.01,30.58,12.02,376.84,1.87,1.86,0.5,2.18
3927.0,23.25,14.26,93.65,9.49,378.38,21.77,75.29,12.29,21.77,75.29,24.06,62.83,11.77,36.94,30.61,11.99,378.38,1.88,1.87,0.5,2.18
3928.0,23.25,14.26,93.65,9.49,375.57,21.77,75.29,12.29,21.77,75.29,24.06,62.83,11.77,36.94,30.61,11.99,375.57,1.85,1.85,0.5,2.16
3929.0,23.25,14.26,93.65,9.49,371.36,21.77,75.29,12.29,21.77,75.29,24.06,62.83,11.77,36.94,30.61,11.99,371.36,1.83,1.83,0.54,2.16
3930.0,23.29,14.27,93.46,9.48,372.3,21.79,75.22,12.3,21.79,75.22,24.08,62.85,11.79,37,30.63,12.03,372.3,1.83,1.83,0.5,2.17
3931.0,23.29,14.27,93.46,9.48,373.48,21.79,75.22,12.3,21.79,75.22,24.08,62.85,11.79,37,30.63,12.03,373.48,1.85,1.85,0.49,2.17
3932.0,23.29,14.27,93.46,9.48,373.63,21.79,75.22,12.3,21.79,75.22,24.08,62.85,11.79,37,30.63,12.03,373.63,1.85,1.85,0.51,2.17
3933.0,23.29,14.28,93.56,9.49,374.21,21.79,75.19,12.29,21.79,75.19,24.07,62.86,11.79,36.98,30.63,12.03,374.21,1.85,1.85,0.51,2.17
3934.0,23.29,14.28,93.56,9.49,374.32,21.79,75.19,12.29,21.79,75.19,24.07,62.86,11.79,36.98,30.63,12.03,374.32,1.84,1.85,0.5,2.17
3935.0,23.29,14.28,93.56,9.49,377.04,21.79,75.19,12.29,21.79,75.19,24.07,62.86,11.79,36.98,30.63,12.03,377.04,1.85,1.87,0.51,2.17
3936.0,23.3,14.28,93.66,9.5,378.2,21.79,75.15,12.28,21.79,75.15,24.08,62.86,11.79,36.99,30.63,12.03,378.2,1.86,1.87,0.51,2.17
3937.0,23.3,14.28,93.66,9.5,375.54,21.79,75.15,12.28,21.79,75.15,24.08,62.86,11.79,36.99,30.63,12.03,375.54,1.84,1.86,0.51,2.17
3938.0,23.3,14.28,93.66,9.5,372.62,21.79,75.15,12.28,21.79,75.15,24.08,62.86,11.79,36.99,30.63,12.03,372.62,1.83,1.85,0.5,2.17
3939.0,23.29,14.28,93.55,9.49,368.58,21.79,75.09,12.28,21.79,75.09,24.08,62.88,11.8,36.99,30.65,12.04,368.58,1.81,1.83,0.51,2.17
3940.0,23.29,14.28,93.55,9.49,368.86,21.79,75.09,12.28,21.79,75.09,24.08,62.88,11.8,36.99,30.65,12.04,368.86,1.81,1.84,0.48,2.17
3941.0,23.29,14.28,93.55,9.49,374.29,21.79,75.09,12.28,21.79,75.09,24.08,62.88,11.8,36.99,30.65,12.04,374.29,1.84,1.86,0.51,2.17
3942.0,23.27,14.28,93.51,9.49,373.87,21.79,75.17,12.29,21.79,75.17,24.09,62.88,11.8,36.99,30.66,12.04,373.87,1.83,1.86,0.51,2.17
3943.0,23.27,14.28,93.51,9.49,373.37,21.79,75.17,12.29,21.79,75.17,24.09,62.88,11.8,36.99,30.66,12.04,373.37,1.84,1.85,0.49,2.17
3944.0,23.27,14.28,93.51,9.49,374.39,21.79,75.17,12.29,21.79,75.17,24.09,62.88,11.8,36.99,30.66,12.04,374.39,1.84,1.86,0.51,2.17
3945.0,23.26,14.27,93.55,9.48,375.35,21.78,75.23,12.29,21.78,75.23,24.09,62.82,11.8,36.94,30.69,12.02,375.35,1.85,1.86,0.49,2.17
3946.0,23.26,14.27,93.55,9.48,375.42,21.78,75.23,12.29,21.78,75.23,24.09,62.82,11.8,36.94,30.69,12.02,375.42,1.85,1.85,0.48,2.17
3947.0,23.26,14.27,93.55,9.48,374.96,21.78,75.23,12.29,21.78,75.23,24.09,62.82,11.8,36.94,30.69,12.02,374.96,1.84,1.85,0.46,2.17
3948.0,23.26,14.29,93.42,9.48,374.7,21.79,75.33,12.31,21.79,75.33,24.1,62.87,11.81,36.98,30.67,12.04,374.7,1.84,1.85,0.49,2.17
3949.0,23.26,14.29,93.42,9.48,373.5,21.79,75.33,12.31,21.79,75.33,24.1,62.87,11.81,36.98,30.67,12.04,373.5,1.85,1.85,0.5,2.17
3950.0,23.26,14.29,93.42,9.48,372.16,21.79,75.33,12.31,21.79,75.33,24.1,62.87,11.81,36.98,30.67,12.04,372.16,1.84,1.84,0.5,2.17
3951.0,23.27,14.27,93.52,9.48,372.34,21.79,75.22,12.3,21.79,75.22,24.1,62.86,11.81,36.99,30.68,12.05,372.34,1.84,1.84,0.5,2.17
3952.0,23.27,14.27,93.52,9.48,373.62,21.79,75.22,12.3,21.79,75.22,24.1,62.86,11.81,36.99,30.68,12.05,373.62,1.84,1.86,0.5,2.16
3953.0,23.27,14.27,93.52,9.48,375.08,21.79,75.22,12.3,21.79,75.22,24.1,62.86,11.81,36.99,30.68,12.05,375.08,1.85,1.87,0.48,2.16
3954.0,23.26,14.29,93.44,9.48,376.62,21.79,75.15,12.28,21.79,75.15,24.11,62.84,11.81,36.98,30.7,12.05,376.62,1.86,1.87,0.51,2.17
3955.0,23.26,14.29,93.44,9.48,379.76,21.79,75.15,12.28,21.79,75.15,24.11,62.84,11.81,36.98,30.7,12.05,379.76,1.87,1.89,0.48,2.17
3956.0,23.26,14.29,93.44,9.48,380.25,21.79,75.15,12.28,21.79,75.15,24.11,62.84,11.81,36.98,30.7,12.05,380.25,1.87,1.89,0.47,2.17
3957.0,23.24,14.29,93.36,9.48,379.79,21.77,75.19,12.28,21.77,75.19,24.11,62.85,11.81,36.92,30.71,12.02,379.79,1.87,1.89,0.51,2.18
3958.0,23.24,14.29,93.36,9.48,378.57,21.77,75.19,12.28,21.77,75.19,24.11,62.85,11.81,36.92,30.71,12.02,378.57,1.86,1.87,0.51,2.18
3959.0,23.24,14.29,93.36,9.48,377.22,21.77,75.19,12.28,21.77,75.19,24.11,62.85,11.81,36.92,30.71,12.02,377.22,1.85,1.86,0.51,2.18
3960.0,23.23,14.28,93.66,9.5,376.51,21.78,75.13,12.27,21.78,75.13,24.12,62.74,11.8,36.96,30.73,12.05,376.51,1.85,1.86,0.48,2.17
3961.0,23.23,14.28,93.66,9.5,373.94,21.78,75.13,12.27,21.78,75.13,24.12,62.74,11.8,36.96,30.73,12.05,373.94,1.83,1.86,0.49,2.17
3962.0,23.23,14.28,93.66,9.5,372.39,21.78,75.13,12.27,21.78,75.13,24.12,62.74,11.8,36.96,30.73,12.05,372.39,1.82,1.85,0.52,2.17
3963.0,23.25,14.29,93.37,9.48,372.95,21.79,75.08,12.27,21.79,75.08,24.12,62.85,11.82,36.97,30.72,12.05,372.95,1.82,1.86,0.5,2.17
3964.0,23.25,14.29,93.37,9.48,371.02,21.79,75.08,12.27,21.79,75.08,24.12,62.85,11.82,36.97,30.72,12.05,371.02,1.82,1.85,0.5,2.17
3965.0,23.25,14.29,93.37,9.48,373.16,21.79,75.08,12.27,21.79,75.08,24.12,62.85,11.82,36.97,30.72,12.05,373.16,1.83,1.86,0.51,2.17
3966.0,23.25,14.29,93.59,9.5,375.89,21.79,75.06,12.26,21.79,75.06,24.11,62.89,11.82,36.96,30.73,12.05,375.89,1.84,1.87,0.51,2.17
3967.0,23.25,14.29,93.59,9.5,376.82,21.79,75.06,12.26,21.79,75.06,24.11,62.89,11.82,36.96,30.73,12.05,376.82,1.84,1.88,0.48,2.17
3968.0,23.25,14.29,93.59,9.5,381.57,21.79,75.06,12.26,21.79,75.06,24.11,62.89,11.82,36.96,30.73,12.05,381.57,1.86,1.9,0.5,2.17
3969.0,23.25,14.3,93.45,9.49,382.83,21.79,75.06,12.27,21.79,75.06,24.1,62.98,11.83,36.97,30.72,12.05,382.83,1.87,1.91,0.51,2.18
3970.0,23.25,14.3,93.45,9.49,381.11,21.79,75.06,12.27,21.79,75.06,24.1,62.98,11.83,36.97,30.72,12.05,381.11,1.86,1.9,0.47,2.18
3971.0,23.25,14.3,93.45,9.49,379.91,21.79,75.06,12.27,21.79,75.06,24.1,62.98,11.83,36.97,30.72,12.05,379.91,1.86,1.9,0.51,2.18
3972.0,23.24,14.3,93.47,9.49,379.16,21.79,75.25,12.3,21.79,75.25,24.09,63.12,11.85,36.98,30.7,12.05,379.16,1.85,1.89,0.51,2.18
3973.0,23.24,14.3,93.47,9.49,380.13,21.79,75.25,12.3,21.79,75.25,24.09,63.12,11.85,36.98,30.7,12.05,380.13,1.87,1.89,0.51,2.18
3974.0,23.24,14.3,93.47,9.49,382.8,21.79,75.25,12.3,21.79,75.25,24.09,63.12,11.85,36.98,30.7,12.05,382.8,1.88,1.9,0.49,2.18
3975.0,23.24,14.3,93.53,9.5,383.33,21.79,75.21,12.3,21.79,75.21,24.07,63.16,11.84,36.99,30.69,12.05,383.33,1.89,1.9,0.51,2.18
3976.0,23.24,14.3,93.53,9.5,383.53,21.79,75.21,12.3,21.79,75.21,24.07,63.16,11.84,36.99,30.69,12.05,383.53,1.88,1.91,0.5,2.18
3977.0,23.24,14.3,93.53,9.5,379.63,21.79,75.21,12.3,21.79,75.21,24.07,63.16,11.84,36.99,30.69,12.05,379.63,1.86,1.89,0.51,2.18
3978.0,23.25,14.3,93.44,9.49,377.54,21.79,75.23,12.29,21.79,75.23,24.05,63.07,11.81,36.98,30.69,12.05,377.54,1.85,1.88,0.51,2.18
3979.0,23.25,14.3,93.44,9.49,372.3,21.79,75.23,12.29,21.79,75.23,24.05,63.07,11.81,36.98,30.69,12.05,372.3,1.83,1.85,0.51,2.18
3980.0,23.25,14.3,93.44,9.49,373.13,21.79,75.23,12.29,21.79,75.23,24.05,63.07,11.81,36.98,30.69,12.05,373.13,1.83,1.85,0.51,2.18
3981.0,23.26,14.3,93.41,9.49,375.01,21.76,75.23,12.28,21.76,75.23,24.04,63.03,11.79,36.92,30.67,12,375.01,1.84,1.86,0.51,2.18
3982.0,23.26,14.3,93.41,9.49,376.16,21.76,75.23,12.28,21.76,75.23,24.04,63.03,11.79,36.92,30.67,12,376.16,1.84,1.85,0.49,2.18
3983.0,23.26,14.3,93.41,9.49,377.48,21.76,75.23,12.28,21.76,75.23,24.04,63.03,11.79,36.92,30.67,12,377.48,1.85,1.86,0.49,2.18
3984.0,23.28,14.31,93.46,9.5,377.79,21.78,75.23,12.29,21.78,75.23,24.04,63.05,11.8,36.97,30.68,12.04,377.79,1.85,1.86,0.49,2.18
3985.0,23.28,14.31,93.46,9.5,378.29,21.78,75.23,12.29,21.78,75.23,24.04,63.05,11.8,36.97,30.68,12.04,378.29,1.85,1.87,0.51,2.18
3986.0,23.28,14.31,93.46,9.5,380.38,21.78,75.23,12.29,21.78,75.23,24.04,63.05,11.8,36.97,30.68,12.04,380.38,1.86,1.89,0.48,2.18
3987.0,23.28,14.28,93.58,9.49,383.4,21.78,75.07,12.26,21.78,75.07,24.03,63.02,11.79,36.95,30.7,12.03,383.4,1.88,1.9,0.5,2.18
3988.0,23.28,14.28,93.58,9.49,385.59,21.78,75.07,12.26,21.78,75.07,24.03,63.02,11.79,36.95,30.7,12.03,385.59,1.88,1.92,0.48,2.17
3989.0,23.28,14.28,93.58,9.49,383.36,21.78,75.07,12.26,21.78,75.07,24.03,63.02,11.79,36.95,30.7,12.03,383.36,1.87,1.91,0.49,2.17
3990.0,23.26,14.29,93.55,9.5,382.72,21.76,75.12,12.25,21.76,75.12,24.04,62.94,11.78,36.88,30.62,11.96,382.72,1.87,1.9,0.49,2.17
3991.0,23.26,14.29,93.55,9.5,381.32,21.76,75.12,12.25,21.76,75.12,24.04,62.94,11.78,36.88,30.62,11.96,381.32,1.86,1.87,0.49,2.17
3992.0,23.26,14.29,93.55,9.5,379.29,21.76,75.12,12.25,21.76,75.12,24.04,62.94,11.78,36.88,30.62,11.96,379.29,1.85,1.86,0.49,2.17
3993.0,23.28,14.31,93.5,9.51,376.61,21.79,75.03,12.26,21.79,75.03,24.06,62.97,11.8,36.98,30.68,12.04,376.61,1.83,1.85,0.51,2.19
3994.0,23.28,14.31,93.5,9.51,376.53,21.79,75.03,12.26,21.79,75.03,24.06,62.97,11.8,36.98,30.68,12.04,376.53,1.83,1.88,0.52,2.19
3995.0,23.28,14.31,93.5,9.51,381.47,21.79,75.03,12.26,21.79,75.03,24.06,62.97,11.8,36.98,30.68,12.04,381.47,1.86,1.9,0.5,2.19
3996.0,23.26,14.3,93.52,9.5,385.46,21.76,75.21,12.27,21.76,75.21,24.06,62.92,11.79,36.91,30.67,11.99,385.46,1.88,1.92,0.51,2.18
3997.0,23.26,14.3,93.52,9.5,390.28,21.76,75.21,12.27,21.76,75.21,24.06,62.92,11.79,36.91,30.67,11.99,390.28,1.9,1.92,0.51,2.18
3998.0,23.26,14.3,93.52,9.5,391.81,21.76,75.21,12.27,21.76,75.21,24.06,62.92,11.79,36.91,30.67,11.99,391.81,1.91,1.93,0.51,2.18
3999.0,23.27,14.31,93.55,9.51,389.85,21.78,75.03,12.26,21.78,75.03,24.07,62.96,11.8,36.97,30.68,12.04,389.85,1.9,1.92,0.49,2.18
4000.0,23.27,14.31,93.55,9.51,389.01,21.78,75.03,12.26,21.78,75.03,24.07,62.96,11.8,36.97,30.68,12.04,389.01,1.89,1.94,0.51,2.18
4001.0,23.27,14.31,93.55,9.51,385.95,21.78,75.03,12.26,21.78,75.03,24.07,62.96,11.8,36.97,30.68,12.04,385.95,1.88,1.92,0.5,2.18
4002.0,23.27,14.31,93.55,9.51,385.42,21.78,75.03,12.26,21.78,75.03,24.07,62.96,11.8,36.97,30.68,12.04,385.42,1.87,1.92,0.51,2.18
4003.0,23.26,14.3,93.62,9.51,385.14,21.78,75.09,12.26,21.78,75.09,24.07,62.99,11.81,36.96,30.66,12.03,385.14,1.87,1.91,0.5,2.18
4004.0,23.26,14.3,93.62,9.51,386.62,21.78,75.09,12.26,21.78,75.09,24.07,62.99,11.81,36.96,30.66,12.03,386.62,1.88,1.92,0.47,2.18
4005.0,23.26,14.3,93.45,9.49,387.81,21.77,75.2,12.28,21.77,75.2,24.06,62.97,11.8,36.95,30.65,12.02,387.81,1.89,1.93,0.47,2.18
4006.0,23.26,14.3,93.45,9.49,386.43,21.77,75.2,12.28,21.77,75.2,24.06,62.97,11.8,36.95,30.65,12.02,386.43,1.89,1.91,0.51,2.18
4007.0,23.26,14.3,93.45,9.49,385.22,21.77,75.2,12.28,21.77,75.2,24.06,62.97,11.8,36.95,30.65,12.02,385.22,1.88,1.91,0.51,2.18
4008.0,23.25,14.28,93.7,9.51,383.91,21.77,75.15,12.27,21.77,75.15,24.06,62.97,11.8,36.96,30.64,12.02,383.91,1.88,1.9,0.51,2.18
4009.0,23.25,14.28,93.7,9.51,383.39,21.77,75.15,12.27,21.77,75.15,24.06,62.97,11.8,36.96,30.64,12.02,383.39,1.87,1.9,0.51,2.17
4010.0,23.25,14.28,93.7,9.51,380.9,21.77,75.15,12.27,21.77,75.15,24.06,62.97,11.8,36.96,30.64,12.02,380.9,1.86,1.89,0.49,2.17
4011.0,23.25,14.29,93.55,9.5,379.03,21.77,75.12,12.26,21.77,75.12,24.06,62.95,11.8,36.95,30.62,12,379.03,1.85,1.88,0.51,2.17
4012.0,23.25,14.29,93.55,9.5,376.29,21.77,75.12,12.26,21.77,75.12,24.06,62.95,11.8,36.95,30.62,12,376.29,1.83,1.86,0.5,2.17
4013.0,23.25,14.29,93.55,9.5,374.52,21.77,75.12,12.26,21.77,75.12,24.06,62.95,11.8,36.95,30.62,12,374.52,1.83,1.85,0.5,2.17
4014.0,23.26,14.29,93.35,9.48,371.65,21.76,75.13,12.26,21.76,75.13,24.05,63.02,11.8,36.94,30.63,12,371.65,1.81,1.84,0.51,2.17
4015.0,23.26,14.29,93.35,9.48,370.64,21.76,75.13,12.26,21.76,75.13,24.05,63.02,11.8,36.94,30.63,12,370.64,1.81,1.83,0.51,2.17
4016.0,23.26,14.29,93.35,9.48,370.81,21.76,75.13,12.26,21.76,75.13,24.05,63.02,11.8,36.94,30.63,12,370.81,1.81,1.83,0.49,2.17
4017.0,23.25,14.27,93.61,9.49,373.9,21.76,75.1,12.25,21.76,75.1,24.04,63.01,11.79,36.94,30.62,11.99,373.9,1.83,1.85,0.49,2.16
4018.0,23.25,14.27,93.61,9.49,378.8,21.76,75.1,12.25,21.76,75.1,24.04,63.01,11.79,36.94,30.62,11.99,378.8,1.85,1.87,0.5,2.16
4019.0,23.25,14.27,93.61,9.49,379.69,21.76,75.1,12.25,21.76,75.1,24.04,63.01,11.79,36.94,30.62,11.99,379.69,1.85,1.88,0.5,2.16
4020.0,23.21,14.26,93.87,9.51,379.98,21.76,75.09,12.25,21.76,75.09,24.03,63.04,11.79,36.95,30.63,12,379.98,1.86,1.88,0.51,2.16
4021.0,23.21,14.26,93.87,9.51,381.32,21.76,75.09,12.25,21.76,75.09,24.03,63.04,11.79,36.95,30.63,12,381.32,1.85,1.89,0.51,2.16
4022.0,23.21,14.26,93.87,9.51,381.9,21.76,75.09,12.25,21.76,75.09,24.03,63.04,11.79,36.95,30.63,12,381.9,1.86,1.9,0.49,2.16
4023.0,23.2,14.27,93.82,9.51,381.53,21.77,74.97,12.24,21.77,74.97,24.03,63.07,11.79,36.97,30.62,12.01,381.53,1.85,1.89,0.49,2.16
4024.0,23.2,14.27,93.82,9.51,381.64,21.77,74.97,12.24,21.77,74.97,24.03,63.07,11.79,36.97,30.62,12.01,381.64,1.85,1.9,0.49,2.16
4025.0,23.2,14.27,93.82,9.51,381.37,21.77,74.97,12.24,21.77,74.97,24.03,63.07,11.79,36.97,30.62,12.01,381.37,1.85,1.9,0.51,2.16
4026.0,23.2,14.27,93.69,9.5,374.99,21.77,75.06,12.25,21.77,75.06,24.02,63.09,11.8,36.97,30.61,12.01,374.99,1.82,1.87,0.49,2.16
4027.0,23.2,14.27,93.69,9.5,373.36,21.77,75.06,12.25,21.77,75.06,24.02,63.09,11.8,36.97,30.61,12.01,373.36,1.82,1.86,0.51,2.16
4028.0,23.2,14.27,93.69,9.5,372.57,21.77,75.06,12.25,21.77,75.06,24.02,63.09,11.8,36.97,30.61,12.01,372.57,1.82,1.85,0.49,2.16
4029.0,23.21,14.26,93.78,9.5,373.54,21.77,75.02,12.25,21.77,75.02,24.02,63.04,11.78,36.98,30.6,12.01,373.54,1.82,1.86,0.53,2.15
4030.0,23.21,14.26,93.78,9.5,374.33,21.77,75.02,12.25,21.77,75.02,24.02,63.04,11.78,36.98,30.6,12.01,374.33,1.82,1.86,0.5,2.15
4031.0,23.21,14.26,93.78,9.5,374.35,21.77,75.02,12.25,21.77,75.02,24.02,63.04,11.78,36.98,30.6,12.01,374.35,1.82,1.86,0.5,2.15
4032.0,23.22,14.28,93.46,9.48,373.64,21.77,75.03,12.25,21.77,75.03,24.01,63.2,11.81,36.98,30.59,12.01,373.64,1.82,1.86,0.5,2.15
4033.0,23.22,14.28,93.46,9.48,373.4,21.77,75.03,12.25,21.77,75.03,24.01,63.2,11.81,36.98,30.59,12.01,373.4,1.82,1.86,0.5,2.16
4034.0,23.22,14.28,93.46,9.48,372.51,21.77,75.03,12.25,21.77,75.03,24.01,63.2,11.81,36.98,30.59,12.01,372.51,1.82,1.86,0.49,2.16
4035.0,23.21,14.27,93.55,9.49,372.13,21.77,75.15,12.27,21.77,75.15,24,63.1,11.78,36.98,30.6,12.01,372.13,1.82,1.85,0.5,2.16
4036.0,23.21,14.27,93.55,9.49,368.75,21.77,75.15,12.27,21.77,75.15,24,63.1,11.78,36.98,30.6,12.01,368.75,1.8,1.83,0.52,2.16
4037.0,23.21,14.27,93.55,9.49,368.65,21.77,75.15,12.27,21.77,75.15,24,63.1,11.78,36.98,30.6,12.01,368.65,1.8,1.83,0.52,2.16
4038.0,23.21,14.28,93.43,9.48,370.55,21.77,75.15,12.27,21.77,75.15,24,63.19,11.8,36.98,30.6,12.01,370.55,1.81,1.84,0.47,2.16
4039.0,23.21,14.28,93.43,9.48,370.81,21.77,75.15,12.27,21.77,75.15,24,63.19,11.8,36.98,30.6,12.01,370.81,1.82,1.84,0.49,2.16
4040.0,23.21,14.28,93.43,9.48,370.92,21.77,75.15,12.27,21.77,75.15,24,63.19,11.8,36.98,30.6,12.01,370.92,1.82,1.84,0.5,2.16
4041.0,23.18,14.27,93.48,9.48,372.09,21.76,75.14,12.26,21.76,75.14,24,63.07,11.78,36.97,30.61,12.01,372.09,1.82,1.85,0.48,2.16
4042.0,23.18,14.27,93.48,9.48,368.54,21.76,75.14,12.26,21.76,75.14,24,63.07,11.78,36.97,30.61,12.01,368.54,1.8,1.83,0.51,2.16
4043.0,23.18,14.27,93.48,9.48,368.83,21.76,75.14,12.26,21.76,75.14,24,63.07,11.78,36.97,30.61,12.01,368.83,1.81,1.83,0.51,2.16
4044.0,23.14,14.28,93.33,9.47,370.39,21.74,75.1,12.23,21.74,75.1,23.98,63.01,11.75,36.92,30.65,11.99,370.39,1.81,1.84,0.5,2.16
4045.0,23.14,14.28,93.33,9.47,370.32,21.74,75.1,12.23,21.74,75.1,23.98,63.01,11.75,36.92,30.65,11.99,370.32,1.8,1.84,0.5,2.16
4046.0,23.14,14.28,93.33,9.47,370.11,21.74,75.1,12.23,21.74,75.1,23.98,63.01,11.75,36.92,30.65,11.99,370.11,1.8,1.84,0.5,2.16
4047.0,23.17,14.29,93.37,9.48,369.91,21.76,74.99,12.23,21.76,74.99,24.01,62.93,11.76,36.96,30.62,12.01,369.91,1.8,1.84,0.51,2.17
4048.0,23.17,14.29,93.37,9.48,369.81,21.76,74.99,12.23,21.76,74.99,24.01,62.93,11.76,36.96,30.62,12.01,369.81,1.8,1.85,0.49,2.17
4049.0,23.17,14.29,93.37,9.48,369.81,21.76,74.99,12.23,21.76,74.99,24.01,62.93,11.76,36.96,30.62,12.01,369.81,1.8,1.85,0.5,2.17
4050.0,23.12,14.28,93.47,9.48,372.27,21.72,75.05,12.21,21.72,75.05,24,62.86,11.73,36.89,30.68,11.98,372.27,1.81,1.86,0.51,2.16
4051.0,23.12,14.28,93.47,9.48,372.75,21.72,75.05,12.21,21.72,75.05,24,62.86,11.73,36.89,30.68,11.98,372.75,1.8,1.85,0.49,2.16
4052.0,23.12,14.28,93.47,9.48,372.16,21.72,75.05,12.21,21.72,75.05,24,62.86,11.73,36.89,30.68,11.98,372.16,1.8,1.85,0.49,2.16
4053.0,23.16,14.29,93.41,9.49,373.42,21.75,74.99,12.22,21.75,74.99,24.05,62.79,11.76,36.95,30.64,12.01,373.42,1.81,1.86,0.49,2.16
4054.0,23.16,14.29,93.41,9.49,373.99,21.75,74.99,12.22,21.75,74.99,24.05,62.79,11.76,36.95,30.64,12.01,373.99,1.81,1.87,0.49,2.17
4055.0,23.16,14.29,93.41,9.49,375.21,21.75,74.99,12.22,21.75,74.99,24.05,62.79,11.76,36.95,30.64,12.01,375.21,1.82,1.87,0.51,2.17
4056.0,23.16,14.29,93.61,9.51,375.18,21.75,75.03,12.24,21.75,75.03,24.07,62.73,11.76,36.96,30.62,12.01,375.18,1.82,1.87,0.52,2.17
4057.0,23.16,14.29,93.61,9.51,373.62,21.75,75.03,12.24,21.75,75.03,24.07,62.73,11.76,36.96,30.62,12.01,373.62,1.81,1.86,0.52,2.17
4058.0,23.16,14.29,93.61,9.51,373.43,21.75,75.03,12.24,21.75,75.03,24.07,62.73,11.76,36.96,30.62,12.01,373.43,1.81,1.86,0.51,2.17
4059.0,23.18,14.3,93.5,9.5,373.35,21.75,75.04,12.24,21.75,75.04,24.07,62.74,11.77,36.97,30.6,12,373.35,1.81,1.86,0.51,2.18
4060.0,23.18,14.3,93.5,9.5,373.27,21.75,75.04,12.24,21.75,75.04,24.07,62.74,11.77,36.97,30.6,12,373.27,1.81,1.86,0.51,2.17
4061.0,23.18,14.3,93.5,9.5,373.18,21.75,75.04,12.24,21.75,75.04,24.07,62.74,11.77,36.97,30.6,12,373.18,1.81,1.86,0.49,2.17
4062.0,23.17,14.28,93.4,9.47,372.75,21.74,75.04,12.23,21.74,75.04,24.07,62.73,11.76,36.95,30.61,12,372.75,1.8,1.86,0.49,2.16
4063.0,23.17,14.28,93.4,9.47,373.25,21.74,75.04,12.23,21.74,75.04,24.07,62.73,11.76,36.95,30.61,12,373.25,1.81,1.86,0.48,2.16
4064.0,23.17,14.28,93.4,9.47,373.5,21.74,75.04,12.23,21.74,75.04,24.07,62.73,11.76,36.95,30.61,12,373.5,1.82,1.86,0.5,2.16
4065.0,23.16,14.3,93.58,9.5,373.59,21.75,75.06,12.23,21.75,75.06,24.07,62.74,11.76,36.96,30.58,11.99,373.59,1.82,1.86,0.5,2.18
4066.0,23.16,14.3,93.58,9.5,373.98,21.75,75.06,12.23,21.75,75.06,24.07,62.74,11.76,36.96,30.58,11.99,373.98,1.81,1.86,0.51,2.17
4067.0,23.16,14.3,93.58,9.5,375.88,21.75,75.06,12.23,21.75,75.06,24.07,62.74,11.76,36.96,30.58,11.99,375.88,1.82,1.87,0.5,2.17
4068.0,23.16,14.29,93.54,9.5,374.96,21.75,75.1,12.24,21.75,75.1,24.06,62.82,11.77,36.96,30.59,12,374.96,1.81,1.87,0.5,2.16
4069.0,23.16,14.29,93.54,9.5,373.63,21.75,75.1,12.24,21.75,75.1,24.06,62.82,11.77,36.96,30.59,12,373.63,1.81,1.86,0.48,2.16
4070.0,23.16,14.29,93.54,9.5,372.55,21.75,75.1,12.24,21.75,75.1,24.06,62.82,11.77,36.96,30.59,12,372.55,1.81,1.85,0.48,2.16
4071.0,23.17,14.29,93.32,9.47,369.23,21.74,75.16,12.24,21.74,75.16,24.05,62.84,11.77,36.93,30.61,11.99,369.23,1.79,1.84,0.49,2.16
4072.0,23.17,14.29,93.32,9.47,370.28,21.74,75.16,12.24,21.74,75.16,24.05,62.84,11.77,36.93,30.61,11.99,370.28,1.8,1.84,0.48,2.16
4073.0,23.17,14.29,93.32,9.47,372.71,21.74,75.16,12.24,21.74,75.16,24.05,62.84,11.77,36.93,30.61,11.99,372.71,1.81,1.85,0.51,2.16
4074.0,23.19,14.29,93.43,9.49,374.51,21.74,75.05,12.23,21.74,75.05,24.06,62.72,11.75,36.94,30.61,11.99,374.51,1.82,1.86,0.51,2.16
4075.0,23.19,14.29,93.43,9.49,373.44,21.74,75.05,12.23,21.74,75.05,24.06,62.72,11.75,36.94,30.61,11.99,373.44,1.81,1.86,0.5,2.16
4076.0,23.19,14.29,93.43,9.49,372.61,21.74,75.05,12.23,21.74,75.05,24.06,62.72,11.75,36.94,30.61,11.99,372.61,1.81,1.85,0.5,2.16
4077.0,23.19,14.3,93.45,9.5,374.07,21.75,74.9,12.21,21.75,74.9,24.06,62.87,11.78,36.94,30.63,12,374.07,1.81,1.86,0.51,2.17
4078.0,23.19,14.3,93.45,9.5,373.77,21.75,74.9,12.21,21.75,74.9,24.06,62.87,11.78,36.94,30.63,12,373.77,1.8,1.87,0.49,2.17
4079.0,23.19,14.3,93.45,9.5,373.48,21.75,74.9,12.21,21.75,74.9,24.06,62.87,11.78,36.94,30.63,12,373.48,1.8,1.86,0.49,2.17
4080.0,23.2,14.29,93.63,9.5,372.77,21.74,74.91,12.21,21.74,74.91,24.07,62.67,11.75,36.93,30.65,12,372.77,1.8,1.86,0.5,2.17
4081.0,23.2,14.29,93.63,9.5,372.55,21.74,74.91,12.21,21.74,74.91,24.07,62.67,11.75,36.93,30.65,12,372.55,1.8,1.86,0.51,2.16
4082.0,23.2,14.29,93.63,9.5,372.99,21.74,74.91,12.21,21.74,74.91,24.07,62.67,11.75,36.93,30.65,12,372.99,1.8,1.86,0.49,2.16
4083.0,23.19,14.29,93.55,9.5,374.09,21.75,74.93,12.21,21.75,74.93,24.08,62.65,11.75,36.94,30.66,12.01,374.09,1.8,1.87,0.51,2.16
4084.0,23.19,14.29,93.55,9.5,375.34,21.75,74.93,12.21,21.75,74.93,24.08,62.65,11.75,36.94,30.66,12.01,375.34,1.81,1.88,0.51,2.16
4085.0,23.19,14.29,93.55,9.5,375.81,21.75,74.93,12.21,21.75,74.93,24.08,62.65,11.75,36.94,30.66,12.01,375.81,1.82,1.88,0.51,2.16
4086.0,23.17,14.27,93.87,9.52,376.02,21.74,75.03,12.23,21.74,75.03,24.08,62.7,11.76,36.94,30.66,12.01,376.02,1.82,1.88,0.47,2.15
4087.0,23.17,14.27,93.87,9.52,376,21.74,75.03,12.23,21.74,75.03,24.08,62.7,11.76,36.94,30.66,12.01,376,1.81,1.88,0.49,2.15
4088.0,23.17,14.27,93.87,9.52,376.54,21.74,75.03,12.23,21.74,75.03,24.08,62.7,11.76,36.94,30.66,12.01,376.54,1.82,1.88,0.49,2.15
4089.0,23.19,14.27,93.67,9.5,377.95,21.74,74.99,12.22,21.74,74.99,24.07,62.76,11.77,36.94,30.63,12,377.95,1.82,1.89,0.49,2.15
4090.0,23.19,14.27,93.67,9.5,379.05,21.74,74.99,12.22,21.74,74.99,24.07,62.76,11.77,36.94,30.63,12,379.05,1.83,1.89,0.47,2.15
4091.0,23.19,14.27,93.67,9.5,379.46,21.74,74.99,12.22,21.74,74.99,24.07,62.76,11.77,36.94,30.63,12,379.46,1.84,1.89,0.47,2.15
4092.0,23.18,14.28,93.54,9.49,380.2,21.73,74.99,12.21,21.73,74.99,24.05,62.93,11.78,36.91,30.67,11.99,380.2,1.84,1.9,0.49,2.16
4093.0,23.18,14.28,93.54,9.49,381.45,21.73,74.99,12.21,21.73,74.99,24.05,62.93,11.78,36.91,30.67,11.99,381.45,1.84,1.9,0.49,2.16
4094.0,23.18,14.28,93.54,9.49,382.52,21.73,74.99,12.21,21.73,74.99,24.05,62.93,11.78,36.91,30.67,11.99,382.52,1.85,1.91,0.5,2.16
4095.0,23.2,14.29,93.51,9.49,381.69,21.75,75.06,12.24,21.75,75.06,24.05,62.99,11.8,36.95,30.66,12.01,381.69,1.84,1.9,0.5,2.16
4096.0,23.2,14.29,93.51,9.49,378.16,21.75,75.06,12.24,21.75,75.06,24.05,62.99,11.8,36.95,30.66,12.01,378.16,1.84,1.89,0.49,2.16
4097.0,23.2,14.29,93.51,9.49,376.51,21.75,75.06,12.24,21.75,75.06,24.05,62.99,11.8,36.95,30.66,12.01,376.51,1.83,1.88,0.51,2.16
4098.0,23.19,14.28,93.55,9.49,375.84,21.73,75.13,12.24,21.73,75.13,24.04,62.86,11.76,36.91,30.68,12,375.84,1.82,1.87,0.51,2.15
4099.0,23.19,14.28,93.55,9.49,375.9,21.73,75.13,12.24,21.73,75.13,24.04,62.86,11.76,36.91,30.68,12,375.9,1.82,1.87,0.48,2.15
4100.0,23.19,14.28,93.55,9.49,379.61,21.73,75.13,12.24,21.73,75.13,24.04,62.86,11.76,36.91,30.68,12,379.61,1.84,1.89,0.49,2.15
4101.0,23.19,14.27,93.7,9.5,380.57,21.74,75.09,12.24,21.74,75.09,24.04,62.81,11.76,36.93,30.68,12.01,380.57,1.85,1.89,0.49,2.15
4102.0,23.19,14.27,93.7,9.5,382.63,21.74,75.09,12.24,21.74,75.09,24.04,62.81,11.76,36.93,30.68,12.01,382.63,1.86,1.9,0.49,2.15
4103.0,23.19,14.27,93.7,9.5,381.9,21.74,75.09,12.24,21.74,75.09,24.04,62.81,11.76,36.93,30.68,12.01,381.9,1.85,1.9,0.49,2.15
4104.0,23.19,14.3,93.6,9.51,377.7,21.74,75.05,12.23,21.74,75.05,24.04,62.83,11.76,36.93,30.66,12.01,377.7,1.83,1.88,0.5,2.18
4105.0,23.19,14.3,93.6,9.51,376.75,21.74,75.05,12.23,21.74,75.05,24.04,62.83,11.76,36.93,30.66,12.01,376.75,1.82,1.88,0.49,2.16
4106.0,23.19,14.3,93.6,9.51,376.95,21.74,75.05,12.23,21.74,75.05,24.04,62.83,11.76,36.93,30.66,12.01,376.95,1.82,1.88,0.46,2.16
4107.0,23.18,14.28,93.71,9.51,378.27,21.74,74.97,12.21,21.74,74.97,24.04,62.84,11.76,36.92,30.65,11.99,378.27,1.83,1.89,0.46,2.15
4108.0,23.18,14.28,93.71,9.51,381.58,21.74,74.97,12.21,21.74,74.97,24.04,62.84,11.76,36.92,30.65,11.99,381.58,1.84,1.9,0.51,2.15
4109.0,23.18,14.28,93.71,9.51,381.95,21.74,74.97,12.21,21.74,74.97,24.04,62.84,11.76,36.92,30.65,11.99,381.95,1.84,1.9,0.51,2.15
4110.0,23.19,14.27,93.65,9.5,382.51,21.73,74.97,12.21,21.73,74.97,24.03,62.84,11.75,36.9,30.62,11.97,382.51,1.84,1.91,0.5,2.15
4111.0,23.19,14.27,93.65,9.5,382.02,21.73,74.97,12.21,21.73,74.97,24.03,62.84,11.75,36.9,30.62,11.97,382.02,1.84,1.9,0.46,2.15
4112.0,23.19,14.27,93.65,9.5,382.02,21.73,74.97,12.21,21.73,74.97,24.03,62.84,11.75,36.9,30.62,11.97,382.02,1.84,1.9,0.48,2.15
4113.0,23.2,14.29,93.65,9.51,381.93,21.74,74.92,12.2,21.74,74.92,24.03,62.87,11.76,36.93,30.64,12,381.93,1.84,1.9,0.49,2.16
4114.0,23.2,14.29,93.65,9.51,382.1,21.74,74.92,12.2,21.74,74.92,24.03,62.87,11.76,36.93,30.64,12,382.1,1.84,1.91,0.51,2.16
4115.0,23.2,14.29,93.65,9.51,380.16,21.74,74.92,12.2,21.74,74.92,24.03,62.87,11.76,36.93,30.64,12,380.16,1.83,1.9,0.51,2.16
4116.0,23.2,14.28,93.52,9.49,378.61,21.73,75.03,12.22,21.73,75.03,24.03,62.91,11.77,36.93,30.61,11.99,378.61,1.82,1.89,0.49,2.15
4117.0,23.2,14.28,93.52,9.49,377.9,21.73,75.03,12.22,21.73,75.03,24.03,62.91,11.77,36.93,30.61,11.99,377.9,1.83,1.88,0.5,2.15
4118.0,23.2,14.28,93.52,9.49,380.5,21.73,75.03,12.22,21.73,75.03,24.03,62.91,11.77,36.93,30.61,11.99,380.5,1.84,1.89,0.48,2.15
4119.0,23.21,14.29,93.62,9.5,382.36,21.74,74.95,12.21,21.74,74.95,24.03,62.9,11.76,36.95,30.61,12,382.36,1.85,1.9,0.51,2.15
4120.0,23.21,14.29,93.62,9.5,383.81,21.74,74.95,12.21,21.74,74.95,24.03,62.9,11.76,36.95,30.61,12,383.81,1.85,1.92,0.5,2.15
4121.0,23.21,14.29,93.62,9.5,378.46,21.74,74.95,12.21,21.74,74.95,24.03,62.9,11.76,36.95,30.61,12,378.46,1.82,1.89,0.52,2.15
4122.0,23.21,14.28,93.66,9.5,376.74,21.73,75.09,12.23,21.73,75.09,24.03,62.87,11.76,36.95,30.61,12,376.74,1.81,1.89,0.49,2.15
4123.0,23.21,14.28,93.66,9.5,377.79,21.73,75.09,12.23,21.73,75.09,24.03,62.87,11.76,36.95,30.61,12,377.79,1.83,1.88,0.49,2.15
4124.0,23.21,14.28,93.66,9.5,379.71,21.73,75.09,12.23,21.73,75.09,24.03,62.87,11.76,36.95,30.61,12,379.71,1.84,1.89,0.49,2.15
4125.0,23.21,14.28,93.65,9.5,381.35,21.71,75.15,12.22,21.71,75.15,24.03,62.84,11.75,36.93,30.62,11.98,381.35,1.84,1.9,0.5,2.15
4126.0,23.21,14.28,93.65,9.5,381.76,21.71,75.15,12.22,21.71,75.15,24.03,62.84,11.75,36.93,30.62,11.98,381.76,1.84,1.9,0.5,2.15
4127.0,23.21,14.28,93.65,9.5,377.71,21.71,75.15,12.22,21.71,75.15,24.03,62.84,11.75,36.93,30.62,11.98,377.71,1.82,1.88,0.5,2.15
4128.0,23.22,14.28,93.58,9.49,376.1,21.73,75.12,12.23,21.73,75.12,24.03,62.71,11.73,36.96,30.6,12,376.1,1.82,1.87,0.48,2.15
4129.0,23.22,14.28,93.58,9.49,375.55,21.73,75.12,12.23,21.73,75.12,24.03,62.71,11.73,36.96,30.6,12,375.55,1.82,1.87,0.5,2.15
4130.0,23.22,14.28,93.58,9.49,375.28,21.73,75.12,12.23,21.73,75.12,24.03,62.71,11.73,36.96,30.6,12,375.28,1.82,1.87,0.47,2.15
4131.0,23.23,14.29,93.56,9.5,375.68,21.73,75.12,12.23,21.73,75.12,24.04,62.68,11.73,36.98,30.59,12.01,375.68,1.82,1.88,0.5,2.16
4132.0,23.23,14.29,93.56,9.5,375.88,21.73,75.12,12.23,21.73,75.12,24.04,62.68,11.73,36.98,30.59,12.01,375.88,1.82,1.88,0.5,2.16
4133.0,23.23,14.29,93.56,9.5,377.94,21.73,75.12,12.23,21.73,75.12,24.04,62.68,11.73,36.98,30.59,12.01,377.94,1.83,1.89,0.49,2.16
4134.0,23.22,14.3,93.34,9.48,379.67,21.72,75.06,12.22,21.72,75.06,24.04,62.63,11.72,36.95,30.61,12,379.67,1.84,1.9,0.49,2.16
4135.0,23.22,14.3,93.34,9.48,376.67,21.72,75.06,12.22,21.72,75.06,24.04,62.63,11.72,36.95,30.61,12,376.67,1.82,1.88,0.5,2.16
4136.0,23.22,14.3,93.34,9.48,374.94,21.72,75.06,12.22,21.72,75.06,24.04,62.63,11.72,36.95,30.61,12,374.94,1.81,1.88,0.48,2.16
4137.0,23.22,14.28,93.55,9.49,373.54,21.72,75.02,12.21,21.72,75.02,24.05,62.63,11.72,36.95,30.6,11.99,373.54,1.8,1.87,0.5,2.15
4138.0,23.22,14.28,93.55,9.49,375.12,21.72,75.02,12.21,21.72,75.02,24.05,62.63,11.72,36.95,30.6,11.99,375.12,1.81,1.88,0.5,2.15
4139.0,23.22,14.28,93.55,9.49,376.04,21.72,75.02,12.21,21.72,75.02,24.05,62.63,11.72,36.95,30.6,11.99,376.04,1.81,1.88,0.49,2.15
4140.0,23.22,14.29,93.5,9.49,375.11,21.72,74.97,12.2,21.72,74.97,24.05,62.64,11.73,36.94,30.59,11.98,375.11,1.81,1.88,0.49,2.15
4141.0,23.22,14.29,93.5,9.49,373.89,21.72,74.97,12.2,21.72,74.97,24.05,62.64,11.73,36.94,30.59,11.98,373.89,1.8,1.87,0.49,2.15
4142.0,23.22,14.29,93.5,9.49,373.46,21.72,74.97,12.2,21.72,74.97,24.05,62.64,11.73,36.94,30.59,11.98,373.46,1.8,1.87,0.49,2.15
4143.0,23.23,14.29,93.52,9.5,373.55,21.72,74.95,12.19,21.72,74.95,24.05,62.65,11.73,36.95,30.59,11.99,373.55,1.8,1.87,0.5,2.15
4144.0,23.23,14.29,93.52,9.5,373.21,21.72,74.95,12.19,21.72,74.95,24.05,62.65,11.73,36.95,30.59,11.99,373.21,1.79,1.87,0.49,2.15
4145.0,23.23,14.29,93.52,9.5,373.94,21.72,74.95,12.19,21.72,74.95,24.05,62.65,11.73,36.95,30.59,11.99,373.94,1.8,1.88,0.5,2.15
4146.0,23.22,14.29,93.58,9.5,375.28,21.7,75.03,12.2,21.7,75.03,24.04,62.61,11.72,36.94,30.63,11.99,375.28,1.8,1.88,0.5,2.15
4147.0,23.22,14.29,93.58,9.5,376.15,21.7,75.03,12.2,21.7,75.03,24.04,62.61,11.72,36.94,30.63,11.99,376.15,1.81,1.89,0.49,2.15
4148.0,23.22,14.29,93.58,9.5,379.11,21.7,75.03,12.2,21.7,75.03,24.04,62.61,11.72,36.94,30.63,11.99,379.11,1.82,1.9,0.49,2.15
4149.0,23.24,14.3,93.47,9.5,379.71,21.72,75.24,12.24,21.72,75.24,24.05,62.8,11.76,36.95,30.61,11.99,379.71,1.82,1.9,0.5,2.16
4150.0,23.24,14.3,93.47,9.5,380.36,21.72,75.24,12.24,21.72,75.24,24.05,62.8,11.76,36.95,30.61,11.99,380.36,1.84,1.89,0.47,2.16
4151.0,23.24,14.3,93.47,9.5,381.39,21.72,75.24,12.24,21.72,75.24,24.05,62.8,11.76,36.95,30.61,11.99,381.39,1.85,1.9,0.47,2.16
4152.0,23.26,14.3,93.66,9.52,382.48,21.72,75.03,12.21,21.72,75.03,24.05,62.74,11.75,36.97,30.63,12.02,382.48,1.85,1.9,0.5,2.16
4153.0,23.26,14.3,93.66,9.52,381.7,21.72,75.03,12.21,21.72,75.03,24.05,62.74,11.75,36.97,30.63,12.02,381.7,1.83,1.92,0.5,2.16
4154.0,23.26,14.3,93.66,9.52,378.92,21.72,75.03,12.21,21.72,75.03,24.05,62.74,11.75,36.97,30.63,12.02,378.92,1.82,1.9,0.5,2.16
4155.0,23.28,14.31,93.58,9.51,377.51,21.72,75.11,12.23,21.72,75.11,24.04,62.81,11.76,36.96,30.62,12.01,377.51,1.81,1.9,0.48,2.16
4156.0,23.28,14.31,93.58,9.51,375.69,21.72,75.11,12.23,21.72,75.11,24.04,62.81,11.76,36.96,30.62,12.01,375.69,1.81,1.88,0.49,2.16
4157.0,23.28,14.31,93.58,9.51,375.7,21.72,75.11,12.23,21.72,75.11,24.04,62.81,11.76,36.96,30.62,12.01,375.7,1.81,1.88,0.5,2.16
4158.0,23.26,14.32,93.42,9.5,376.08,21.71,75.07,12.21,21.71,75.07,24.04,62.72,11.74,36.92,30.56,11.96,376.08,1.81,1.88,0.5,2.18
4159.0,23.26,14.32,93.42,9.5,376.09,21.71,75.07,12.21,21.71,75.07,24.04,62.72,11.74,36.92,30.56,11.96,376.09,1.8,1.87,0.5,2.17
4160.0,23.26,14.32,93.42,9.5,374.19,21.71,75.07,12.21,21.71,75.07,24.04,62.72,11.74,36.92,30.56,11.96,374.19,1.79,1.86,0.49,2.17
4161.0,23.24,14.29,93.63,9.51,375.62,21.69,75.12,12.2,21.69,75.12,24.05,62.71,11.74,36.9,30.64,11.98,375.62,1.8,1.87,0.49,2.15
4162.0,23.24,14.29,93.63,9.51,377.03,21.69,75.12,12.2,21.69,75.12,24.05,62.71,11.74,36.9,30.64,11.98,377.03,1.81,1.88,0.5,2.15
4163.0,23.24,14.29,93.63,9.51,379.69,21.69,75.12,12.2,21.69,75.12,24.05,62.71,11.74,36.9,30.64,11.98,379.69,1.82,1.89,0.49,2.15
4164.0,23.25,14.32,93.35,9.5,382.12,21.69,75.22,12.22,21.69,75.22,24.05,62.71,11.74,36.89,30.62,11.96,382.12,1.83,1.9,0.49,2.17
4165.0,23.25,14.32,93.35,9.5,379.71,21.69,75.22,12.22,21.69,75.22,24.05,62.71,11.74,36.89,30.62,11.96,379.71,1.82,1.88,0.5,2.17
4166.0,23.25,14.32,93.35,9.5,377.46,21.69,75.22,12.22,21.69,75.22,24.05,62.71,11.74,36.89,30.62,11.96,377.46,1.81,1.87,0.5,2.17
4167.0,23.26,14.3,93.59,9.51,376.55,21.72,75.18,12.24,21.72,75.18,24.06,62.74,11.75,36.97,30.58,12,376.55,1.81,1.87,0.51,2.16
4168.0,23.26,14.3,93.59,9.51,372.37,21.72,75.18,12.24,21.72,75.18,24.06,62.74,11.75,36.97,30.58,12,372.37,1.8,1.86,0.5,2.16
4169.0,23.26,14.3,93.59,9.51,372.78,21.72,75.18,12.24,21.72,75.18,24.06,62.74,11.75,36.97,30.58,12,372.78,1.8,1.86,0.5,2.16
4170.0,23.26,14.32,93.46,9.5,373.68,21.72,75.17,12.23,21.72,75.17,24.05,62.76,11.75,36.96,30.59,11.99,373.68,1.8,1.87,0.51,2.17
4171.0,23.26,14.32,93.46,9.5,374.22,21.72,75.17,12.23,21.72,75.17,24.05,62.76,11.75,36.96,30.59,11.99,374.22,1.8,1.87,0.51,2.17
4172.0,23.26,14.32,93.46,9.5,376.63,21.72,75.17,12.23,21.72,75.17,24.05,62.76,11.75,36.96,30.59,11.99,376.63,1.81,1.88,0.51,2.17
4173.0,23.26,14.3,93.64,9.51,377.29,21.71,75.18,12.23,21.71,75.18,24.04,62.66,11.73,36.94,30.57,11.97,377.29,1.82,1.88,0.5,2.16
4174.0,23.26,14.3,93.64,9.51,374.62,21.71,75.18,12.23,21.71,75.18,24.04,62.66,11.73,36.94,30.57,11.97,374.62,1.8,1.86,0.5,2.16
4175.0,23.26,14.3,93.64,9.51,372.19,21.71,75.18,12.23,21.71,75.18,24.04,62.66,11.73,36.94,30.57,11.97,372.19,1.79,1.85,0.49,2.16
4176.0,23.2,14.29,93.61,9.5,370.44,21.68,75.13,12.2,21.68,75.13,24.04,62.59,11.71,36.88,30.57,11.93,370.44,1.78,1.84,0.5,2.15
4177.0,23.2,14.29,93.61,9.5,370.1,21.68,75.13,12.2,21.68,75.13,24.04,62.59,11.71,36.88,30.57,11.93,370.1,1.77,1.83,0.5,2.15
4178.0,23.2,14.29,93.61,9.5,369.52,21.68,75.13,12.2,21.68,75.13,24.04,62.59,11.71,36.88,30.57,11.93,369.52,1.77,1.83,0.49,2.15
4179.0,23.22,14.3,93.7,9.52,370.58,21.71,74.93,12.19,21.71,74.93,24.05,62.69,11.74,36.96,30.54,11.97,370.58,1.77,1.83,0.49,2.16
4180.0,23.22,14.3,93.7,9.52,372.31,21.71,74.93,12.19,21.71,74.93,24.05,62.69,11.74,36.96,30.54,11.97,372.31,1.78,1.87,0.48,2.16
4181.0,23.22,14.3,93.7,9.52,372.82,21.71,74.93,12.19,21.71,74.93,24.05,62.69,11.74,36.96,30.54,11.97,372.82,1.78,1.87,0.51,2.16
4182.0,23.2,14.29,93.86,9.53,374.85,21.72,74.96,12.2,21.72,74.96,24.06,62.72,11.75,36.99,30.5,11.98,374.85,1.79,1.88,0.49,2.15
4183.0,23.2,14.29,93.86,9.53,375.49,21.72,74.96,12.2,21.72,74.96,24.06,62.72,11.75,36.99,30.5,11.98,375.49,1.79,1.88,0.54,2.15
4184.0,23.2,14.29,93.86,9.53,375.58,21.72,74.96,12.2,21.72,74.96,24.06,62.72,11.75,36.99,30.5,11.98,375.58,1.79,1.88,0.49,2.15
4185.0,23.2,14.3,93.67,9.52,375.38,21.72,74.99,12.2,21.72,74.99,24.06,62.66,11.74,36.99,30.5,11.98,375.38,1.79,1.88,0.51,2.16
4186.0,23.2,14.3,93.67,9.52,376.36,21.72,74.99,12.2,21.72,74.99,24.06,62.66,11.74,36.99,30.5,11.98,376.36,1.8,1.89,0.51,2.16
4187.0,23.2,14.3,93.67,9.52,378.04,21.72,74.99,12.2,21.72,74.99,24.06,62.66,11.74,36.99,30.5,11.98,378.04,1.81,1.9,0.51,2.16
4188.0,23.18,14.28,93.83,9.52,375.49,21.71,75.05,12.21,21.71,75.05,24.06,62.7,11.75,36.98,30.49,11.97,375.49,1.8,1.88,0.49,2.15
4189.0,23.18,14.28,93.83,9.52,372.94,21.71,75.05,12.21,21.71,75.05,24.06,62.7,11.75,36.98,30.49,11.97,372.94,1.79,1.86,0.49,2.15
4190.0,23.18,14.28,93.83,9.52,372.59,21.71,75.05,12.21,21.71,75.05,24.06,62.7,11.75,36.98,30.49,11.97,372.59,1.79,1.86,0.49,2.15
4191.0,23.17,14.3,93.55,9.5,372.31,21.72,75.06,12.21,21.72,75.06,24.06,62.69,11.75,37,30.48,11.98,372.31,1.79,1.86,0.47,2.16
4192.0,23.17,14.3,93.55,9.5,372.26,21.72,75.06,12.21,21.72,75.06,24.06,62.69,11.75,37,30.48,11.98,372.26,1.79,1.86,0.46,2.16
4193.0,23.17,14.3,93.55,9.5,376.01,21.72,75.06,12.21,21.72,75.06,24.06,62.69,11.75,37,30.48,11.98,376.01,1.81,1.88,0.49,2.16
4194.0,23.17,14.29,93.68,9.51,377.33,21.71,75.06,12.21,21.71,75.06,24.05,62.75,11.75,36.98,30.47,11.96,377.33,1.82,1.89,0.48,2.15
4195.0,23.17,14.29,93.68,9.51,378.13,21.71,75.06,12.21,21.71,75.06,24.05,62.75,11.75,36.98,30.47,11.96,378.13,1.81,1.89,0.48,2.15
4196.0,23.17,14.29,93.68,9.51,378.17,21.71,75.06,12.21,21.71,75.06,24.05,62.75,11.75,36.98,30.47,11.96,378.17,1.82,1.89,0.48,2.15
4197.0,23.17,14.29,93.33,9.48,375.35,21.7,75.08,12.2,21.7,75.08,24.05,62.68,11.74,36.95,30.49,11.95,375.35,1.8,1.87,0.5,2.15
4198.0,23.17,14.29,93.33,9.48,376.54,21.7,75.08,12.2,21.7,75.08,24.05,62.68,11.74,36.95,30.49,11.95,376.54,1.82,1.88,0.47,2.15
4199.0,23.17,14.29,93.33,9.48,378.7,21.7,75.08,12.2,21.7,75.08,24.05,62.68,11.74,36.95,30.49,11.95,378.7,1.83,1.89,0.49,2.15
4200.0,23.18,14.28,93.58,9.49,377.47,21.71,75.06,12.2,21.71,75.06,24.04,62.73,11.74,36.96,30.5,11.96,377.47,1.82,1.88,0.48,2.14
4201.0,23.18,14.28,93.58,9.49,375.05,21.71,75.06,12.2,21.71,75.06,24.04,62.73,11.74,36.96,30.5,11.96,375.05,1.81,1.87,0.5,2.14
4202.0,23.18,14.28,93.58,9.49,374.24,21.71,75.06,12.2,21.71,75.06,24.04,62.73,11.74,36.96,30.5,11.96,374.24,1.8,1.87,0.5,2.14
4203.0,23.19,14.27,93.63,9.49,375.64,21.72,74.95,12.2,21.72,74.95,24.04,62.77,11.75,37,30.49,11.98,375.64,1.81,1.87,0.5,2.14
4204.0,23.19,14.27,93.63,9.49,377.75,21.72,74.95,12.2,21.72,74.95,24.04,62.77,11.75,37,30.49,11.98,377.75,1.82,1.9,0.5,2.14
4205.0,23.19,14.27,93.63,9.49,379.1,21.72,74.95,12.2,21.72,74.95,24.04,62.77,11.75,37,30.49,11.98,379.1,1.83,1.9,0.49,2.14
4206.0,23.18,14.28,93.51,9.49,379.5,21.71,74.99,12.19,21.71,74.99,24.04,62.74,11.74,36.96,30.5,11.96,379.5,1.83,1.9,0.48,2.14
4207.0,23.18,14.28,93.51,9.49,379.49,21.71,74.99,12.19,21.71,74.99,24.04,62.74,11.74,36.96,30.5,11.96,379.49,1.83,1.89,0.48,2.14
4208.0,23.18,14.28,93.51,9.49,379.67,21.71,74.99,12.19,21.71,74.99,24.04,62.74,11.74,36.96,30.5,11.96,379.67,1.83,1.9,0.5,2.14
4209.0,23.17,14.28,93.61,9.5,380.17,21.71,74.99,12.2,21.71,74.99,24.04,62.74,11.74,36.98,30.51,11.97,380.17,1.83,1.9,0.49,2.14
4210.0,23.17,14.28,93.61,9.5,380.05,21.71,74.99,12.2,21.71,74.99,24.04,62.74,11.74,36.98,30.51,11.97,380.05,1.83,1.9,0.5,2.14
4211.0,23.17,14.28,93.61,9.5,376.84,21.71,74.99,12.2,21.71,74.99,24.04,62.74,11.74,36.98,30.51,11.97,376.84,1.81,1.89,0.48,2.14
4212.0,23.19,14.29,93.41,9.48,376.61,21.72,74.88,12.18,21.72,74.88,24.04,62.86,11.76,36.99,30.52,11.99,376.61,1.81,1.89,0.48,2.15
4213.0,23.19,14.29,93.41,9.48,378.74,21.72,74.88,12.18,21.72,74.88,24.04,62.86,11.76,36.99,30.52,11.99,378.74,1.82,1.91,0.5,2.15
4214.0,23.19,14.29,93.41,9.48,380.21,21.72,74.88,12.18,21.72,74.88,24.04,62.86,11.76,36.99,30.52,11.99,380.21,1.83,1.92,0.49,2.15
4215.0,23.2,14.29,93.6,9.5,382.68,21.71,75.01,12.2,21.71,75.01,24.03,62.86,11.76,36.98,30.53,11.98,382.68,1.84,1.93,0.49,2.15
4216.0,23.2,14.29,93.6,9.5,385.36,21.71,75.01,12.2,21.71,75.01,24.03,62.86,11.76,36.98,30.53,11.98,385.36,1.85,1.93,0.47,2.15
4217.0,23.2,14.29,93.6,9.5,382.24,21.71,75.01,12.2,21.71,75.01,24.03,62.86,11.76,36.98,30.53,11.98,382.24,1.83,1.92,0.48,2.15
4218.0,23.22,14.29,93.42,9.49,374.95,21.7,75.12,12.21,21.7,75.12,24.04,62.8,11.75,36.95,30.46,11.94,374.95,1.8,1.88,0.5,2.15
4219.0,23.22,14.29,93.42,9.49,372.84,21.7,75.12,12.21,21.7,75.12,24.04,62.8,11.75,36.95,30.46,11.94,372.84,1.8,1.85,0.5,2.15
4220.0,23.22,14.29,93.42,9.49,371.23,21.7,75.12,12.21,21.7,75.12,24.04,62.8,11.75,36.95,30.46,11.94,371.23,1.79,1.84,0.51,2.15
4221.0,23.21,14.29,93.52,9.49,370.7,21.7,75.04,12.2,21.7,75.04,24.04,62.81,11.76,36.96,30.5,11.96,370.7,1.79,1.84,0.51,2.15
4222.0,23.21,14.29,93.52,9.49,372.33,21.7,75.04,12.2,21.7,75.04,24.04,62.81,11.76,36.96,30.5,11.96,372.33,1.79,1.86,0.48,2.15
4223.0,23.21,14.29,93.52,9.49,373.64,21.7,75.04,12.2,21.7,75.04,24.04,62.81,11.76,36.96,30.5,11.96,373.64,1.8,1.87,0.47,2.15
4224.0,23.18,14.3,93.29,9.47,373.34,21.69,75.1,12.2,21.69,75.1,24.04,62.69,11.73,36.95,30.47,11.94,373.34,1.79,1.87,0.48,2.15
4225.0,23.18,14.3,93.29,9.47,373.2,21.69,75.1,12.2,21.69,75.1,24.04,62.69,11.73,36.95,30.47,11.94,373.2,1.8,1.86,0.51,2.15
4226.0,23.18,14.3,93.29,9.47,372.57,21.69,75.1,12.2,21.69,75.1,24.04,62.69,11.73,36.95,30.47,11.94,372.57,1.79,1.85,0.49,2.15
4227.0,23.19,14.29,93.38,9.48,372.02,21.7,75.07,12.2,21.7,75.07,24.04,62.68,11.73,36.96,30.49,11.96,372.02,1.79,1.85,0.49,2.15
4228.0,23.19,14.29,93.38,9.48,367.97,21.7,75.07,12.2,21.7,75.07,24.04,62.68,11.73,36.96,30.49,11.96,367.97,1.77,1.84,0.48,2.15
4229.0,23.19,14.29,93.38,9.48,367.15,21.7,75.07,12.2,21.7,75.07,24.04,62.68,11.73,36.96,30.49,11.96,367.15,1.77,1.83,0.48,2.15
4230.0,23.21,14.29,93.39,9.48,363.32,21.7,75.08,12.21,21.7,75.08,24.04,62.74,11.74,36.98,30.49,11.97,363.32,1.75,1.81,0.52,2.15
4231.0,23.21,14.29,93.39,9.48,359.53,21.7,75.08,12.21,21.7,75.08,24.04,62.74,11.74,36.98,30.49,11.97,359.53,1.73,1.8,0.49,2.15
4232.0,23.21,14.29,93.39,9.48,361.9,21.7,75.08,12.21,21.7,75.08,24.04,62.74,11.74,36.98,30.49,11.97,361.9,1.74,1.81,0.51,2.15
4233.0,23.21,14.27,93.68,9.5,366.54,21.7,75.05,12.2,21.7,75.05,24.04,62.66,11.73,36.96,30.47,11.94,366.54,1.76,1.83,0.51,2.13
4234.0,23.21,14.27,93.68,9.5,367.97,21.7,75.05,12.2,21.7,75.05,24.04,62.66,11.73,36.96,30.47,11.94,367.97,1.77,1.83,0.49,2.13
4235.0,23.21,14.27,93.68,9.5,371.11,21.7,75.05,12.2,21.7,75.05,24.04,62.66,11.73,36.96,30.47,11.94,371.11,1.78,1.85,0.48,2.13
4236.0,23.21,14.27,93.68,9.5,371.59,21.71,74.86,12.17,21.71,74.86,24.04,62.73,11.74,36.98,30.5,11.97,371.59,1.79,1.85,0.48,2.14
4237.0,23.21,14.27,93.68,9.5,371.69,21.71,74.86,12.17,21.71,74.86,24.04,62.73,11.74,36.98,30.5,11.97,371.69,1.78,1.87,0.48,2.14
4238.0,23.21,14.27,93.68,9.5,372.01,21.71,74.86,12.17,21.71,74.86,24.04,62.73,11.74,36.98,30.5,11.97,372.01,1.78,1.87,0.48,2.14
4239.0,23.23,14.27,93.59,9.49,374.95,21.71,74.88,12.18,21.71,74.88,24.03,62.78,11.74,36.98,30.5,11.98,374.95,1.79,1.89,0.49,2.14
4240.0,23.23,14.27,93.59,9.49,375.51,21.71,74.88,12.18,21.71,74.88,24.03,62.78,11.74,36.98,30.5,11.98,375.51,1.8,1.89,0.48,2.13
4241.0,23.23,14.27,93.59,9.49,375.84,21.71,74.88,12.18,21.71,74.88,24.03,62.78,11.74,36.98,30.5,11.98,375.84,1.8,1.89,0.48,2.13
4242.0,23.22,14.26,93.69,9.49,375.75,21.7,74.91,12.18,21.7,74.91,24.02,62.85,11.75,36.97,30.5,11.97,375.75,1.8,1.89,0.48,2.13
4243.0,23.22,14.26,93.69,9.49,376.38,21.7,74.91,12.18,21.7,74.91,24.02,62.85,11.75,36.97,30.5,11.97,376.38,1.81,1.89,0.5,2.13
4244.0,23.22,14.26,93.69,9.49,374.36,21.7,74.91,12.18,21.7,74.91,24.02,62.85,11.75,36.97,30.5,11.97,374.36,1.8,1.88,0.5,2.13
4245.0,23.21,14.29,93.54,9.49,369.52,21.7,74.93,12.18,21.7,74.93,24.02,62.9,11.76,36.98,30.49,11.97,369.52,1.77,1.86,0.49,2.14
4246.0,23.21,14.29,93.54,9.49,364.65,21.7,74.93,12.18,21.7,74.93,24.02,62.9,11.76,36.98,30.49,11.97,364.65,1.75,1.83,0.47,2.14
4247.0,23.21,14.29,93.54,9.49,363.17,21.7,74.93,12.18,21.7,74.93,24.02,62.9,11.76,36.98,30.49,11.97,363.17,1.74,1.82,0.47,2.14
4248.0,23.21,14.28,93.44,9.48,365.27,21.7,74.94,12.18,21.7,74.94,24.01,62.92,11.76,36.97,30.48,11.95,365.27,1.75,1.83,0.51,2.14
4249.0,23.21,14.28,93.44,9.48,366.46,21.7,74.94,12.18,21.7,74.94,24.01,62.92,11.76,36.97,30.48,11.95,366.46,1.76,1.84,0.49,2.14
4250.0,23.21,14.28,93.44,9.48,366.84,21.7,74.94,12.18,21.7,74.94,24.01,62.92,11.76,36.97,30.48,11.95,366.84,1.76,1.84,0.49,2.14
4251.0,23.23,14.26,93.76,9.5,365.6,21.7,74.95,12.18,21.7,74.95,24.01,62.84,11.74,36.98,30.47,11.96,365.6,1.76,1.83,0.48,2.13
4252.0,23.23,14.26,93.76,9.5,364.66,21.7,74.95,12.18,21.7,74.95,24.01,62.84,11.74,36.98,30.47,11.96,364.66,1.75,1.83,0.5,2.13
4253.0,23.23,14.26,93.76,9.5,370.37,21.7,74.95,12.18,21.7,74.95,24.01,62.84,11.74,36.98,30.47,11.96,370.37,1.78,1.86,0.48,2.13
4254.0,23.23,14.29,93.23,9.47,373.31,21.71,75.03,12.2,21.71,75.03,24.01,62.84,11.74,36.99,30.46,11.97,373.31,1.79,1.87,0.46,2.14
4255.0,23.23,14.29,93.23,9.47,374.42,21.71,75.03,12.2,21.71,75.03,24.01,62.84,11.74,36.99,30.46,11.97,374.42,1.81,1.87,0.46,2.14
4256.0,23.23,14.29,93.23,9.47,372.79,21.71,75.03,12.2,21.71,75.03,24.01,62.84,11.74,36.99,30.46,11.97,372.79,1.8,1.87,0.46,2.14
4257.0,23.22,14.28,93.35,9.47,374.73,21.7,75.03,12.2,21.7,75.03,24,62.94,11.75,36.98,30.47,11.96,374.73,1.81,1.88,0.5,2.13
4258.0,23.22,14.28,93.35,9.47,374.69,21.7,75.03,12.2,21.7,75.03,24,62.94,11.75,36.98,30.47,11.96,374.69,1.81,1.88,0.5,2.13
4259.0,23.22,14.28,93.35,9.47,375.66,21.7,75.03,12.2,21.7,75.03,24,62.94,11.75,36.98,30.47,11.96,375.66,1.81,1.88,0.48,2.13
4260.0,23.22,14.29,93.61,9.5,380.09,21.7,75,12.19,21.7,75,24,62.87,11.74,36.96,30.48,11.95,380.09,1.82,1.9,0.48,2.14
4261.0,23.22,14.29,93.61,9.5,381.26,21.7,75,12.19,21.7,75,24,62.87,11.74,36.96,30.48,11.95,381.26,1.83,1.9,0.49,2.14
4262.0,23.22,14.29,93.61,9.5,378.26,21.7,75,12.19,21.7,75,24,62.87,11.74,36.96,30.48,11.95,378.26,1.81,1.89,0.48,2.14
4263.0,23.23,14.27,93.66,9.49,378.01,21.7,74.93,12.18,21.7,74.93,24,62.87,11.74,36.95,30.52,11.96,378.01,1.81,1.89,0.48,2.13
4264.0,23.23,14.27,93.66,9.49,380.16,21.7,74.93,12.18,21.7,74.93,24,62.87,11.74,36.95,30.52,11.96,380.16,1.82,1.9,0.48,2.13
4265.0,23.23,14.27,93.66,9.49,382.04,21.7,74.93,12.18,21.7,74.93,24,62.87,11.74,36.95,30.52,11.96,382.04,1.83,1.91,0.48,2.13
4266.0,23.23,14.27,93.42,9.47,385.58,21.69,74.93,12.17,21.69,74.93,24,62.8,11.73,36.92,30.53,11.95,385.58,1.85,1.93,0.47,2.13
4267.0,23.23,14.27,93.42,9.47,383.12,21.69,74.93,12.17,21.69,74.93,24,62.8,11.73,36.92,30.53,11.95,383.12,1.84,1.92,0.47,2.13
4268.0,23.23,14.27,93.42,9.47,376.94,21.69,74.93,12.17,21.69,74.93,24,62.8,11.73,36.92,30.53,11.95,376.94,1.81,1.88,0.48,2.13
4269.0,23.23,14.27,93.72,9.5,374.89,21.7,74.92,12.18,21.7,74.92,24.01,62.9,11.75,36.96,30.52,11.97,374.89,1.8,1.87,0.48,2.13
4270.0,23.23,14.27,93.72,9.5,372.14,21.7,74.92,12.18,21.7,74.92,24.01,62.9,11.75,36.96,30.52,11.97,372.14,1.78,1.87,0.48,2.13
4271.0,23.23,14.27,93.72,9.5,371.93,21.7,74.92,12.18,21.7,74.92,24.01,62.9,11.75,36.96,30.52,11.97,371.93,1.78,1.87,0.48,2.13
4272.0,23.22,14.26,93.59,9.49,371.82,21.7,74.97,12.18,21.7,74.97,24,62.8,11.73,36.96,30.52,11.97,371.82,1.78,1.86,0.49,2.12
4273.0,23.22,14.26,93.59,9.49,372.83,21.7,74.97,12.18,21.7,74.97,24,62.8,11.73,36.96,30.52,11.97,372.83,1.79,1.87,0.48,2.12
4274.0,23.22,14.26,93.59,9.49,374.92,21.7,74.97,12.18,21.7,74.97,24,62.8,11.73,36.96,30.52,11.97,374.92,1.8,1.88,0.45,2.12
4275.0,23.23,14.29,93.48,9.49,372.7,21.7,74.87,12.17,21.7,74.87,24,62.9,11.74,36.97,30.5,11.97,372.7,1.79,1.87,0.45,2.14
4276.0,23.23,14.29,93.48,9.49,371.32,21.7,74.87,12.17,21.7,74.87,24,62.9,11.74,36.97,30.5,11.97,371.32,1.78,1.87,0.46,2.14
4277.0,23.23,14.29,93.48,9.49,370.21,21.7,74.87,12.17,21.7,74.87,24,62.9,11.74,36.97,30.5,11.97,370.21,1.77,1.86,0.46,2.14
4278.0,23.23,14.29,93.36,9.48,371.93,21.69,75.02,12.19,21.69,75.02,23.99,62.94,11.75,36.96,30.5,11.96,371.93,1.78,1.87,0.48,2.14
4279.0,23.23,14.29,93.36,9.48,372.42,21.69,75.02,12.19,21.69,75.02,23.99,62.94,11.75,36.96,30.5,11.96,372.42,1.79,1.87,0.5,2.13
4280.0,23.23,14.29,93.36,9.48,372.76,21.69,75.02,12.19,21.69,75.02,23.99,62.94,11.75,36.96,30.5,11.96,372.76,1.79,1.87,0.48,2.13
4281.0,23.23,14.28,93.46,9.48,378.2,21.68,75.15,12.2,21.68,75.15,23.98,62.83,11.72,36.95,30.51,11.96,378.2,1.82,1.89,0.51,2.13
4282.0,23.23,14.28,93.46,9.48,380.24,21.68,75.15,12.2,21.68,75.15,23.98,62.83,11.72,36.95,30.51,11.96,380.24,1.83,1.9,0.48,2.13
4283.0,23.23,14.28,93.46,9.48,381.87,21.68,75.15,12.2,21.68,75.15,23.98,62.83,11.72,36.95,30.51,11.96,381.87,1.84,1.91,0.48,2.13
4284.0,23.23,14.3,93.22,9.47,382.23,21.68,75.05,12.18,21.68,75.05,23.98,62.89,11.73,36.95,30.48,11.95,382.23,1.84,1.91,0.46,2.14
4285.0,23.23,14.3,93.22,9.47,382.96,21.68,75.05,12.18,21.68,75.05,23.98,62.89,11.73,36.95,30.48,11.95,382.96,1.84,1.92,0.49,2.14
4286.0,23.23,14.3,93.22,9.47,383.64,21.68,75.05,12.18,21.68,75.05,23.98,62.89,11.73,36.95,30.48,11.95,383.64,1.84,1.92,0.48,2.14
4287.0,23.25,14.31,93.41,9.49,383.16,21.68,75.1,12.19,21.68,75.1,23.99,62.89,11.74,36.97,30.52,11.97,383.16,1.84,1.92,0.5,2.14
4288.0,23.25,14.31,93.41,9.49,382.43,21.68,75.1,12.19,21.68,75.1,23.99,62.89,11.74,36.97,30.52,11.97,382.43,1.83,1.92,0.49,2.14
4289.0,23.25,14.31,93.41,9.49,381.32,21.68,75.1,12.19,21.68,75.1,23.99,62.89,11.74,36.97,30.52,11.97,381.32,1.83,1.91,0.48,2.14
4290.0,23.26,14.28,93.58,9.5,381.18,21.69,75.11,12.2,21.69,75.11,24,62.72,11.71,36.98,30.51,11.97,381.18,1.83,1.91,0.46,2.13
4291.0,23.26,14.28,93.58,9.5,379.13,21.69,75.11,12.2,21.69,75.11,24,62.72,11.71,36.98,30.51,11.97,379.13,1.82,1.9,0.48,2.13
4292.0,23.26,14.28,93.58,9.5,377.57,21.69,75.11,12.2,21.69,75.11,24,62.72,11.71,36.98,30.51,11.97,377.57,1.81,1.89,0.48,2.13
4293.0,23.27,14.29,93.49,9.49,379.7,21.69,74.93,12.17,21.69,74.93,24.01,62.67,11.71,36.98,30.5,11.97,379.7,1.82,1.9,0.48,2.14
4294.0,23.27,14.29,93.49,9.49,380.93,21.69,74.93,12.17,21.69,74.93,24.01,62.67,11.71,36.98,30.5,11.97,380.93,1.82,1.92,0.46,2.14
4295.0,23.27,14.29,93.49,9.49,382.56,21.69,74.93,12.17,21.69,74.93,24.01,62.67,11.71,36.98,30.5,11.97,382.56,1.83,1.93,0.47,2.14
4296.0,23.27,14.3,93.67,9.51,382.64,21.69,75.02,12.19,21.69,75.02,24.02,62.67,11.71,36.98,30.49,11.97,382.64,1.83,1.93,0.49,2.14
4297.0,23.27,14.3,93.67,9.51,380.65,21.69,75.02,12.19,21.69,75.02,24.02,62.67,11.71,36.98,30.49,11.97,380.65,1.82,1.91,0.49,2.14
4298.0,23.27,14.3,93.67,9.51,380.18,21.69,75.02,12.19,21.69,75.02,24.02,62.67,11.71,36.98,30.49,11.97,380.18,1.81,1.91,0.49,2.14
4299.0,23.26,14.28,93.6,9.5,376.78,21.69,74.96,12.17,21.69,74.96,24.02,62.74,11.73,36.98,30.5,11.97,376.78,1.8,1.89,0.48,2.13
4300.0,23.26,14.28,93.6,9.5,373.93,21.69,74.96,12.17,21.69,74.96,24.02,62.74,11.73,36.98,30.5,11.97,373.93,1.79,1.88,0.48,2.13
4301.0,23.26,14.28,93.6,9.5,374.06,21.69,74.96,12.17,21.69,74.96,24.02,62.74,11.73,36.98,30.5,11.97,374.06,1.79,1.88,0.48,2.13
4302.0,23.25,14.28,93.72,9.51,376.91,21.69,74.94,12.17,21.69,74.94,24.02,62.65,11.71,36.97,30.51,11.97,376.91,1.79,1.9,0.49,2.13
4303.0,23.25,14.28,93.72,9.51,376.41,21.69,74.94,12.17,21.69,74.94,24.02,62.65,11.71,36.97,30.51,11.97,376.41,1.79,1.9,0.47,2.13
4304.0,23.25,14.28,93.72,9.51,372.95,21.69,74.94,12.17,21.69,74.94,24.02,62.65,11.71,36.97,30.51,11.97,372.95,1.78,1.88,0.47,2.13
4305.0,23.27,14.3,93.49,9.5,370.46,21.68,74.94,12.17,21.68,74.94,24.03,62.71,11.73,36.98,30.49,11.97,370.46,1.76,1.87,0.49,2.14
4306.0,23.27,14.3,93.49,9.5,369.7,21.68,74.94,12.17,21.68,74.94,24.03,62.71,11.73,36.98,30.49,11.97,369.7,1.76,1.86,0.49,2.14
4307.0,23.27,14.3,93.49,9.5,370.82,21.68,74.94,12.17,21.68,74.94,24.03,62.71,11.73,36.98,30.49,11.97,370.82,1.77,1.87,0.5,2.14
4308.0,23.27,14.3,93.6,9.51,372.19,21.68,75.04,12.18,21.68,75.04,24.03,62.75,11.73,36.98,30.47,11.96,372.19,1.77,1.87,0.5,2.14
4309.0,23.27,14.3,93.6,9.51,372.05,21.68,75.04,12.18,21.68,75.04,24.03,62.75,11.73,36.98,30.47,11.96,372.05,1.77,1.87,0.49,2.14
4310.0,23.27,14.3,93.6,9.51,370.21,21.68,75.04,12.18,21.68,75.04,24.03,62.75,11.73,36.98,30.47,11.96,370.21,1.76,1.86,0.49,2.14
4311.0,23.27,14.3,93.5,9.5,368.45,21.68,75.05,12.18,21.68,75.05,24.02,62.73,11.72,36.99,30.46,11.96,368.45,1.76,1.85,0.51,2.14
4312.0,23.27,14.3,93.5,9.5,369.64,21.68,75.05,12.18,21.68,75.05,24.02,62.73,11.72,36.99,30.46,11.96,369.64,1.76,1.86,0.49,2.14
4313.0,23.27,14.3,93.5,9.5,370.36,21.68,75.05,12.18,21.68,75.05,24.02,62.73,11.72,36.99,30.46,11.96,370.36,1.77,1.86,0.49,2.14
4314.0,23.25,14.31,93.57,9.51,372.72,21.68,75.04,12.18,21.68,75.04,24,62.76,11.72,36.99,30.45,11.95,372.72,1.78,1.87,0.49,2.14
4315.0,23.25,14.31,93.57,9.51,374.27,21.68,75.04,12.18,21.68,75.04,24,62.76,11.72,36.99,30.45,11.95,374.27,1.78,1.88,0.49,2.14
4316.0,23.25,14.31,93.57,9.51,373.5,21.68,75.04,12.18,21.68,75.04,24,62.76,11.72,36.99,30.45,11.95,373.5,1.78,1.88,0.5,2.14
4317.0,23.24,14.31,93.45,9.5,372.98,21.68,75.1,12.19,21.68,75.1,24,62.84,11.73,36.99,30.44,11.96,372.98,1.77,1.87,0.5,2.14
4318.0,23.24,14.31,93.45,9.5,375.93,21.68,75.1,12.19,21.68,75.1,24,62.84,11.73,36.99,30.44,11.96,375.93,1.8,1.89,0.49,2.14
4319.0,23.24,14.31,93.45,9.5,376.5,21.68,75.1,12.19,21.68,75.1,24,62.84,11.73,36.99,30.44,11.96,376.5,1.8,1.89,0.49,2.14
4320.0,23.22,14.3,93.51,9.5,371.7,21.68,75.1,12.19,21.68,75.1,24,62.75,11.72,36.98,30.46,11.96,371.7,1.78,1.86,0.48,2.14
4321.0,23.22,14.3,93.51,9.5,369.64,21.68,75.1,12.19,21.68,75.1,24,62.75,11.72,36.98,30.46,11.96,369.64,1.77,1.85,0.49,2.14
4322.0,23.22,14.3,93.51,9.5,372.16,21.68,75.1,12.19,21.68,75.1,24,62.75,11.72,36.98,30.46,11.96,372.16,1.78,1.87,0.49,2.14
4323.0,23.2,14.29,93.48,9.49,373.59,21.68,74.95,12.16,21.68,74.95,24,62.7,11.71,36.98,30.46,11.95,373.59,1.78,1.87,0.48,2.14
4324.0,23.2,14.29,93.48,9.49,374.28,21.68,74.95,12.16,21.68,74.95,24,62.7,11.71,36.98,30.46,11.95,374.28,1.78,1.88,0.49,2.14
4325.0,23.2,14.29,93.48,9.49,373.71,21.68,74.95,12.16,21.68,74.95,24,62.7,11.71,36.98,30.46,11.95,373.71,1.78,1.88,0.49,2.14
4326.0,23.2,14.3,93.37,9.49,372.31,21.68,74.97,12.17,21.68,74.97,24,62.79,11.72,36.98,30.45,11.95,372.31,1.77,1.87,0.48,2.14
4327.0,23.2,14.3,93.37,9.49,370.27,21.68,74.97,12.17,21.68,74.97,24,62.79,11.72,36.98,30.45,11.95,370.27,1.77,1.86,0.47,2.14
4328.0,23.2,14.3,93.37,9.49,368.04,21.68,74.97,12.17,21.68,74.97,24,62.79,11.72,36.98,30.45,11.95,368.04,1.76,1.85,0.48,2.14
4329.0,23.2,14.3,93.6,9.51,368.73,21.68,74.89,12.15,21.68,74.89,23.99,62.77,11.71,36.98,30.44,11.95,368.73,1.75,1.86,0.5,2.14
4330.0,23.2,14.3,93.6,9.51,370.5,21.68,74.89,12.15,21.68,74.89,23.99,62.77,11.71,36.98,30.44,11.95,370.5,1.76,1.87,0.49,2.14
4331.0,23.2,14.3,93.6,9.51,371.72,21.68,74.89,12.15,21.68,74.89,23.99,62.77,11.71,36.98,30.44,11.95,371.72,1.76,1.87,0.49,2.14
4332.0,23.22,14.3,93.63,9.51,371.75,21.68,74.85,12.15,21.68,74.85,23.99,62.9,11.73,36.98,30.44,11.95,371.75,1.76,1.87,0.5,2.14
4333.0,23.22,14.3,93.63,9.51,371.52,21.68,74.85,12.15,21.68,74.85,23.99,62.9,11.73,36.98,30.44,11.95,371.52,1.76,1.87,0.5,2.14
4334.0,23.22,14.3,93.63,9.51,371.78,21.68,74.85,12.15,21.68,74.85,23.99,62.9,11.73,36.98,30.44,11.95,371.78,1.76,1.87,0.47,2.14
4335.0,23.23,14.29,93.58,9.5,371.66,21.67,75.04,12.18,21.67,75.04,23.99,62.75,11.7,36.97,30.44,11.94,371.66,1.77,1.86,0.51,2.13
4336.0,23.23,14.29,93.58,9.5,371.99,21.67,75.04,12.18,21.67,75.04,23.99,62.75,11.7,36.97,30.44,11.94,371.99,1.77,1.86,0.51,2.13
4337.0,23.23,14.29,93.58,9.5,376.62,21.67,75.04,12.18,21.67,75.04,23.99,62.75,11.7,36.97,30.44,11.94,376.62,1.8,1.89,0.46,2.13
4338.0,23.22,14.31,93.49,9.5,377.16,21.68,75.04,12.18,21.68,75.04,23.99,62.82,11.72,36.98,30.44,11.95,377.16,1.8,1.89,0.49,2.14
4339.0,23.22,14.31,93.49,9.5,371.14,21.68,75.04,12.18,21.68,75.04,23.99,62.82,11.72,36.98,30.44,11.95,371.14,1.77,1.86,0.51,2.14
4340.0,23.22,14.31,93.49,9.5,368.84,21.68,75.04,12.18,21.68,75.04,23.99,62.82,11.72,36.98,30.44,11.95,368.84,1.76,1.85,0.47,2.14
4341.0,23.21,14.32,93.26,9.49,366.9,21.68,74.96,12.17,21.68,74.96,23.99,62.79,11.72,36.98,30.43,11.95,366.9,1.75,1.84,0.49,2.15
4342.0,23.21,14.32,93.26,9.49,366.31,21.68,74.96,12.17,21.68,74.96,23.99,62.79,11.72,36.98,30.43,11.95,366.31,1.75,1.84,0.48,2.15
4343.0,23.21,14.32,93.26,9.49,366.01,21.68,74.96,12.17,21.68,74.96,23.99,62.79,11.72,36.98,30.43,11.95,366.01,1.74,1.84,0.5,2.15
4344.0,23.21,14.31,93.47,9.5,367.56,21.68,75.01,12.17,21.68,75.01,23.99,62.74,11.71,36.98,30.44,11.95,367.56,1.75,1.85,0.5,2.14
4345.0,23.21,14.31,93.47,9.5,373.52,21.68,75.01,12.17,21.68,75.01,23.99,62.74,11.71,36.98,30.44,11.95,373.52,1.78,1.88,0.51,2.14
4346.0,23.21,14.31,93.47,9.5,377.94,21.68,75.01,12.17,21.68,75.01,23.99,62.74,11.71,36.98,30.44,11.95,377.94,1.8,1.9,0.49,2.14
4347.0,23.22,14.3,93.58,9.51,381.25,21.66,74.94,12.15,21.66,74.94,23.99,62.65,11.69,36.96,30.44,11.94,381.25,1.81,1.92,0.5,2.14
4348.0,23.22,14.3,93.58,9.51,384.4,21.66,74.94,12.15,21.66,74.94,23.99,62.65,11.69,36.96,30.44,11.94,384.4,1.82,1.93,0.5,2.14
4349.0,23.22,14.3,93.58,9.51,383.8,21.66,74.94,12.15,21.66,74.94,23.99,62.65,11.69,36.96,30.44,11.94,383.8,1.82,1.93,0.49,2.14
4350.0,23.23,14.3,93.72,9.52,380.04,21.67,74.86,12.14,21.67,74.86,23.98,62.72,11.7,36.98,30.44,11.95,380.04,1.79,1.92,0.49,2.14
4351.0,23.23,14.3,93.72,9.52,379.35,21.67,74.86,12.14,21.67,74.86,23.98,62.72,11.7,36.98,30.44,11.95,379.35,1.79,1.92,0.49,2.14
4352.0,23.23,14.3,93.72,9.52,373.53,21.67,74.86,12.14,21.67,74.86,23.98,62.72,11.7,36.98,30.44,11.95,373.53,1.76,1.89,0.49,2.14
4353.0,23.22,14.3,93.78,9.53,372.42,21.67,74.89,12.15,21.67,74.89,23.99,62.73,11.7,37,30.43,11.96,372.42,1.76,1.88,0.48,2.14
4354.0,23.22,14.3,93.78,9.53,371.58,21.67,74.89,12.15,21.67,74.89,23.99,62.73,11.7,37,30.43,11.96,371.58,1.75,1.88,0.48,2.14
4355.0,23.22,14.3,93.78,9.53,371.55,21.67,74.89,12.15,21.67,74.89,23.99,62.73,11.7,37,30.43,11.96,371.55,1.75,1.88,0.51,2.14
4356.0,23.22,14.29,93.76,9.52,373.93,21.67,74.91,12.15,21.67,74.91,24,62.74,11.71,36.99,30.45,11.96,373.93,1.76,1.89,0.5,2.14
4357.0,23.22,14.29,93.76,9.52,375.25,21.67,74.91,12.15,21.67,74.91,24,62.74,11.71,36.99,30.45,11.96,375.25,1.77,1.9,0.47,2.14
4358.0,23.22,14.29,93.76,9.52,373.88,21.67,74.91,12.15,21.67,74.91,24,62.74,11.71,36.99,30.45,11.96,373.88,1.77,1.89,0.47,2.14
4359.0,23.24,14.29,93.82,9.53,374.82,21.67,74.99,12.16,21.67,74.99,24.01,62.6,11.7,36.99,30.45,11.96,374.82,1.77,1.89,0.5,2.14
4360.0,23.24,14.29,93.82,9.53,374.4,21.67,74.99,12.16,21.67,74.99,24.01,62.6,11.7,36.99,30.45,11.96,374.4,1.77,1.89,0.5,2.14
4361.0,23.24,14.29,93.82,9.53,371.92,21.67,74.99,12.16,21.67,74.99,24.01,62.6,11.7,36.99,30.45,11.96,371.92,1.76,1.88,0.5,2.13
4362.0,23.22,14.29,93.7,9.51,372.85,21.65,75.1,12.17,21.65,75.1,24,62.62,11.69,36.95,30.46,11.94,372.85,1.77,1.87,0.48,2.14
4363.0,23.22,14.29,93.7,9.51,375.64,21.65,75.1,12.17,21.65,75.1,24,62.62,11.69,36.95,30.46,11.94,375.64,1.78,1.89,0.49,2.14
4364.0,23.22,14.29,93.7,9.51,380.48,21.65,75.1,12.17,21.65,75.1,24,62.62,11.69,36.95,30.46,11.94,380.48,1.8,1.91,0.5,2.14
4365.0,23.25,14.28,93.72,9.51,382.84,21.66,75.05,12.17,21.66,75.05,24.01,62.65,11.7,36.98,30.44,11.95,382.84,1.82,1.92,0.48,2.13
4366.0,23.25,14.28,93.72,9.51,381.79,21.66,75.05,12.17,21.66,75.05,24.01,62.65,11.7,36.98,30.44,11.95,381.79,1.81,1.92,0.48,2.13
4367.0,23.25,14.28,93.72,9.51,380.2,21.66,75.05,12.17,21.66,75.05,24.01,62.65,11.7,36.98,30.44,11.95,380.2,1.81,1.91,0.48,2.13
4368.0,23.25,14.28,93.57,9.5,377.02,21.66,74.99,12.16,21.66,74.99,24.02,62.61,11.7,36.97,30.45,11.94,377.02,1.79,1.9,0.48,2.13
4369.0,23.25,14.28,93.57,9.5,376.41,21.66,74.99,12.16,21.66,74.99,24.02,62.61,11.7,36.97,30.45,11.94,376.41,1.79,1.89,0.48,2.13
4370.0,23.25,14.28,93.57,9.5,374.09,21.66,74.99,12.16,21.66,74.99,24.02,62.61,11.7,36.97,30.45,11.94,374.09,1.78,1.88,0.49,2.13
4371.0,23.25,14.29,93.69,9.51,370.57,21.65,75.04,12.16,21.65,75.04,24.01,62.5,11.68,36.94,30.45,11.93,370.57,1.76,1.87,0.47,2.13
4372.0,23.25,14.29,93.69,9.51,368.11,21.65,75.04,12.16,21.65,75.04,24.01,62.5,11.68,36.94,30.45,11.93,368.11,1.74,1.85,0.48,2.13
4373.0,23.25,14.29,93.69,9.51,370.73,21.65,75.04,12.16,21.65,75.04,24.01,62.5,11.68,36.94,30.45,11.93,370.73,1.76,1.86,0.48,2.13
4374.0,23.25,14.28,93.7,9.5,370.96,21.65,75,12.15,21.65,75,24.01,62.66,11.71,36.94,30.46,11.93,370.96,1.76,1.86,0.48,2.12
4375.0,23.25,14.28,93.7,9.5,369.45,21.65,75,12.15,21.65,75,24.01,62.66,11.71,36.94,30.46,11.93,369.45,1.75,1.86,0.48,2.12
4376.0,23.25,14.28,93.7,9.5,368.68,21.65,75,12.15,21.65,75,24.01,62.66,11.71,36.94,30.46,11.93,368.68,1.75,1.85,0.48,2.12
4377.0,23.26,14.26,93.84,9.51,367.07,21.66,74.95,12.15,21.66,74.95,24.02,62.59,11.7,36.98,30.44,11.95,367.07,1.74,1.85,0.48,2.12
4378.0,23.26,14.26,93.84,9.51,368.95,21.66,74.95,12.15,21.66,74.95,24.02,62.59,11.7,36.98,30.44,11.95,368.95,1.75,1.86,0.49,2.11
4379.0,23.26,14.26,93.84,9.51,370.86,21.66,74.95,12.15,21.66,74.95,24.02,62.59,11.7,36.98,30.44,11.95,370.86,1.76,1.87,0.49,2.11
4380.0,23.25,14.26,93.89,9.51,371.75,21.66,74.95,12.15,21.66,74.95,24.02,62.63,11.71,36.98,30.43,11.94,371.75,1.77,1.87,0.48,2.12
4381.0,23.25,14.26,93.89,9.51,372.88,21.66,74.95,12.15,21.66,74.95,24.02,62.63,11.71,36.98,30.43,11.94,372.88,1.77,1.88,0.49,2.11
4382.0,23.25,14.26,93.89,9.51,374.91,21.66,74.95,12.15,21.66,74.95,24.02,62.63,11.71,36.98,30.43,11.94,374.91,1.78,1.89,0.45,2.11
4383.0,23.22,14.27,93.64,9.5,378.32,21.65,74.87,12.13,21.65,74.87,24.01,62.63,11.7,36.95,30.43,11.92,378.32,1.79,1.9,0.47,2.12
4384.0,23.22,14.27,93.64,9.5,379.95,21.65,74.87,12.13,21.65,74.87,24.01,62.63,11.7,36.95,30.43,11.92,379.95,1.8,1.91,0.47,2.12
4385.0,23.22,14.27,93.64,9.5,380.87,21.65,74.87,12.13,21.65,74.87,24.01,62.63,11.7,36.95,30.43,11.92,380.87,1.8,1.92,0.48,2.12
4386.0,23.21,14.27,93.69,9.5,380.72,21.65,74.81,12.12,21.65,74.81,24.01,62.59,11.69,36.95,30.44,11.93,380.72,1.8,1.92,0.48,2.12
4387.0,23.21,14.27,93.69,9.5,380.58,21.65,74.81,12.12,21.65,74.81,24.01,62.59,11.69,36.95,30.44,11.93,380.58,1.8,1.92,0.46,2.12
4388.0,23.21,14.27,93.69,9.5,380.15,21.65,74.81,12.12,21.65,74.81,24.01,62.59,11.69,36.95,30.44,11.93,380.15,1.79,1.92,0.48,2.12
4389.0,23.21,14.26,93.79,9.5,379.83,21.65,74.94,12.14,21.65,74.94,24.03,62.49,11.69,36.94,30.44,11.93,379.83,1.79,1.92,0.49,2.11
4390.0,23.21,14.26,93.79,9.5,379.41,21.65,74.94,12.14,21.65,74.94,24.03,62.49,11.69,36.94,30.44,11.93,379.41,1.8,1.91,0.48,2.11
4391.0,23.21,14.26,93.79,9.5,375.84,21.65,74.94,12.14,21.65,74.94,24.03,62.49,11.69,36.94,30.44,11.93,375.84,1.78,1.89,0.46,2.11
4392.0,23.21,14.28,93.43,9.48,375,21.65,74.98,12.15,21.65,74.98,24.03,62.6,11.71,36.95,30.44,11.93,375,1.78,1.88,0.46,2.12
4393.0,23.21,14.28,93.43,9.48,374.53,21.65,74.98,12.15,21.65,74.98,24.03,62.6,11.71,36.95,30.44,11.93,374.53,1.78,1.88,0.47,2.12
4394.0,23.21,14.28,93.43,9.48,374.76,21.65,74.98,12.15,21.65,74.98,24.03,62.6,11.71,36.95,30.44,11.93,374.76,1.78,1.88,0.47,2.12
4395.0,23.21,14.27,93.56,9.48,374.09,21.64,75.06,12.16,21.64,75.06,24.02,62.49,11.68,36.94,30.44,11.92,374.09,1.78,1.88,0.48,2.11
4396.0,23.21,14.27,93.56,9.48,371.31,21.64,75.06,12.16,21.64,75.06,24.02,62.49,11.68,36.94,30.44,11.92,371.31,1.77,1.86,0.46,2.11
4397.0,23.21,14.27,93.56,9.48,370.71,21.64,75.06,12.16,21.64,75.06,24.02,62.49,11.68,36.94,30.44,11.92,370.71,1.77,1.86,0.48,2.11
4398.0,23.22,14.29,93.49,9.49,371.92,21.64,74.99,12.14,21.64,74.99,24.03,62.54,11.69,36.95,30.43,11.92,371.92,1.76,1.87,0.48,2.13
4399.0,23.22,14.29,93.49,9.49,375.01,21.64,74.99,12.14,21.64,74.99,24.03,62.54,11.69,36.95,30.43,11.92,375.01,1.78,1.88,0.47,2.13
4400.0,23.22,14.29,93.49,9.49,379.58,21.64,74.99,12.14,21.64,74.99,24.03,62.54,11.69,36.95,30.43,11.92,379.58,1.8,1.91,0.46,2.13
4401.0,23.22,14.29,93.37,9.48,381.11,21.65,74.99,12.15,21.65,74.99,24.02,62.66,11.72,36.97,30.41,11.93,381.11,1.81,1.91,0.48,2.13
4402.0,23.22,14.29,93.37,9.48,383.95,21.65,74.99,12.15,21.65,74.99,24.02,62.66,11.72,36.97,30.41,11.93,383.95,1.83,1.93,0.48,2.13
4403.0,23.22,14.29,93.37,9.48,384.13,21.65,74.99,12.15,21.65,74.99,24.02,62.66,11.72,36.97,30.41,11.93,384.13,1.83,1.93,0.5,2.13
4404.0,23.19,14.28,93.51,9.49,383.59,21.64,74.86,12.12,21.64,74.86,24.01,62.56,11.68,36.95,30.4,11.91,383.59,1.81,1.93,0.48,2.12
4405.0,23.19,14.28,93.51,9.49,382.75,21.64,74.86,12.12,21.64,74.86,24.01,62.56,11.68,36.95,30.4,11.91,382.75,1.81,1.93,0.48,2.12
4406.0,23.19,14.28,93.51,9.49,382.05,21.64,74.86,12.12,21.64,74.86,24.01,62.56,11.68,36.95,30.4,11.91,382.05,1.81,1.92,0.48,2.12
4407.0,23.21,14.29,93.32,9.47,381.52,21.65,74.91,12.14,21.65,74.91,24.01,62.57,11.69,36.97,30.4,11.92,381.52,1.8,1.92,0.47,2.13
4408.0,23.21,14.29,93.32,9.47,378.21,21.65,74.91,12.14,21.65,74.91,24.01,62.57,11.69,36.97,30.4,11.92,378.21,1.8,1.91,0.47,2.13
4409.0,23.21,14.29,93.32,9.47,375.4,21.65,74.91,12.14,21.65,74.91,24.01,62.57,11.69,36.97,30.4,11.92,375.4,1.78,1.89,0.49,2.13
4410.0,23.21,14.28,93.55,9.49,373.39,21.64,74.89,12.13,21.64,74.89,24.01,62.6,11.7,36.97,30.39,11.92,373.39,1.77,1.88,0.48,2.12
4411.0,23.21,14.28,93.55,9.49,375,21.64,74.89,12.13,21.64,74.89,24.01,62.6,11.7,36.97,30.39,11.92,375,1.77,1.89,0.48,2.12
4412.0,23.21,14.28,93.55,9.49,380.92,21.64,74.89,12.13,21.64,74.89,24.01,62.6,11.7,36.97,30.39,11.92,380.92,1.8,1.92,0.49,2.12
4413.0,23.2,14.29,93.63,9.51,379.12,21.65,74.83,12.12,21.65,74.83,24.01,62.63,11.7,36.98,30.38,11.92,379.12,1.79,1.91,0.49,2.12
4414.0,23.2,14.29,93.63,9.51,379.79,21.65,74.83,12.12,21.65,74.83,24.01,62.63,11.7,36.98,30.38,11.92,379.79,1.79,1.92,0.46,2.12
4415.0,23.2,14.29,93.63,9.51,378.8,21.65,74.83,12.12,21.65,74.83,24.01,62.63,11.7,36.98,30.38,11.92,378.8,1.78,1.91,0.47,2.12
4416.0,23.18,14.28,93.6,9.5,379.71,21.64,74.79,12.11,21.64,74.79,23.99,62.76,11.71,36.98,30.38,11.92,379.71,1.79,1.92,0.48,2.12
4417.0,23.18,14.28,93.6,9.5,381.38,21.64,74.79,12.11,21.64,74.79,23.99,62.76,11.71,36.98,30.38,11.92,381.38,1.8,1.93,0.48,2.12
4418.0,23.18,14.28,93.6,9.5,381.98,21.64,74.79,12.11,21.64,74.79,23.99,62.76,11.71,36.98,30.38,11.92,381.98,1.8,1.93,0.48,2.12
4419.0,23.18,14.3,93.47,9.49,381.28,21.65,74.88,12.13,21.65,74.88,23.99,62.77,11.71,36.99,30.35,11.92,381.28,1.8,1.93,0.48,2.13
4420.0,23.18,14.3,93.47,9.49,378.14,21.65,74.88,12.13,21.65,74.88,23.99,62.77,11.71,36.99,30.35,11.92,378.14,1.79,1.91,0.48,2.13
4421.0,23.18,14.3,93.47,9.49,375.56,21.65,74.88,12.13,21.65,74.88,23.99,62.77,11.71,36.99,30.35,11.92,375.56,1.77,1.9,0.46,2.13
4422.0,23.19,14.28,93.43,9.48,375.93,21.64,74.88,12.12,21.64,74.88,23.98,62.73,11.7,36.99,30.33,11.91,375.93,1.77,1.9,0.47,2.12
4423.0,23.19,14.28,93.43,9.48,375.16,21.64,74.88,12.12,21.64,74.88,23.98,62.73,11.7,36.99,30.33,11.91,375.16,1.77,1.89,0.47,2.12
4424.0,23.19,14.28,93.43,9.48,374.57,21.64,74.88,12.12,21.64,74.88,23.98,62.73,11.7,36.99,30.33,11.91,374.57,1.77,1.89,0.52,2.12
4425.0,23.19,14.3,93.29,9.48,374.11,21.63,74.94,12.13,21.63,74.94,23.97,62.81,11.7,36.98,30.34,11.91,374.11,1.77,1.89,0.52,2.13
4426.0,23.19,14.3,93.29,9.48,373.63,21.63,74.94,12.13,21.63,74.94,23.97,62.81,11.7,36.98,30.34,11.91,373.63,1.77,1.88,0.48,2.13
4427.0,23.19,14.3,93.29,9.48,374.24,21.63,74.94,12.13,21.63,74.94,23.97,62.81,11.7,36.98,30.34,11.91,374.24,1.77,1.89,0.47,2.13
4428.0,23.19,14.29,93.45,9.49,373.97,21.61,75.02,12.13,21.61,75.02,23.96,62.81,11.7,36.94,30.36,11.89,373.97,1.77,1.89,0.48,2.12
4429.0,23.19,14.29,93.45,9.49,376.58,21.61,75.02,12.13,21.61,75.02,23.96,62.81,11.7,36.94,30.36,11.89,376.58,1.78,1.89,0.48,2.12
4430.0,23.19,14.29,93.45,9.49,377.3,21.61,75.02,12.13,21.61,75.02,23.96,62.81,11.7,36.94,30.36,11.89,377.3,1.78,1.89,0.49,2.12
4431.0,23.2,14.29,93.56,9.5,378.19,21.63,75.03,12.14,21.63,75.03,23.96,62.76,11.69,36.99,30.32,11.91,378.19,1.79,1.9,0.49,2.12
4432.0,23.2,14.29,93.56,9.5,376.5,21.63,75.03,12.14,21.63,75.03,23.96,62.76,11.69,36.99,30.32,11.91,376.5,1.78,1.89,0.49,2.12
4433.0,23.2,14.29,93.56,9.5,376.52,21.63,75.03,12.14,21.63,75.03,23.96,62.76,11.69,36.99,30.32,11.91,376.52,1.78,1.89,0.49,2.12
4434.0,23.2,14.3,93.62,9.51,377.88,21.64,74.84,12.12,21.64,74.84,23.95,62.79,11.69,37,30.32,11.92,377.88,1.78,1.9,0.49,2.13
4435.0,23.2,14.3,93.62,9.51,378.49,21.64,74.84,12.12,21.64,74.84,23.95,62.79,11.69,37,30.32,11.92,378.49,1.78,1.92,0.45,2.13
4436.0,23.2,14.3,93.62,9.51,376.58,21.64,74.84,12.12,21.64,74.84,23.95,62.79,11.69,37,30.32,11.92,376.58,1.77,1.91,0.48,2.13
4437.0,23.17,14.29,93.65,9.51,374.55,21.62,74.83,12.1,21.62,74.83,23.94,62.81,11.68,36.97,30.33,11.9,374.55,1.75,1.89,0.48,2.12
4438.0,23.17,14.29,93.65,9.51,375.03,21.62,74.83,12.1,21.62,74.83,23.94,62.81,11.68,36.97,30.33,11.9,375.03,1.75,1.9,0.49,2.12
4439.0,23.17,14.29,93.65,9.51,375.79,21.62,74.83,12.1,21.62,74.83,23.94,62.81,11.68,36.97,30.33,11.9,375.79,1.76,1.9,0.48,2.12
4440.0,23.15,14.27,93.42,9.47,374.14,21.59,74.86,12.09,21.59,74.86,23.92,62.81,11.67,36.91,30.39,11.88,374.14,1.75,1.89,0.48,2.11
4441.0,23.15,14.27,93.42,9.47,373.64,21.59,74.86,12.09,21.59,74.86,23.92,62.81,11.67,36.91,30.39,11.88,373.64,1.76,1.88,0.48,2.11
4442.0,23.15,14.27,93.42,9.47,373.99,21.59,74.86,12.09,21.59,74.86,23.92,62.81,11.67,36.91,30.39,11.88,373.99,1.76,1.89,0.48,2.11
4443.0,23.2,14.29,93.68,9.51,372.76,21.63,74.84,12.11,21.63,74.84,23.94,62.84,11.69,36.97,30.34,11.9,372.76,1.75,1.88,0.51,2.12
4444.0,23.2,14.29,93.68,9.51,372.11,21.63,74.84,12.11,21.63,74.84,23.94,62.84,11.69,36.97,30.34,11.9,372.11,1.75,1.88,0.46,2.12
4445.0,23.2,14.29,93.68,9.51,369.64,21.63,74.84,12.11,21.63,74.84,23.94,62.84,11.69,36.97,30.34,11.9,369.64,1.73,1.87,0.47,2.12
4446.0,23.21,14.3,93.61,9.51,367.22,21.63,74.8,12.11,21.63,74.8,23.94,62.73,11.67,36.99,30.34,11.91,367.22,1.72,1.85,0.48,2.13
4447.0,23.21,14.3,93.61,9.51,365.1,21.63,74.8,12.11,21.63,74.8,23.94,62.73,11.67,36.99,30.34,11.91,365.1,1.71,1.85,0.46,2.13
4448.0,23.21,14.3,93.61,9.51,364.5,21.63,74.8,12.11,21.63,74.8,23.94,62.73,11.67,36.99,30.34,11.91,364.5,1.71,1.85,0.46,2.13
4449.0,23.22,14.3,93.56,9.51,365.53,21.64,74.8,12.11,21.64,74.8,23.95,62.8,11.68,36.99,30.35,11.92,365.53,1.71,1.85,0.46,2.13
4450.0,23.22,14.3,93.56,9.51,366.18,21.64,74.8,12.11,21.64,74.8,23.95,62.8,11.68,36.99,30.35,11.92,366.18,1.72,1.85,0.46,2.13
4451.0,23.22,14.3,93.56,9.51,368.79,21.64,74.8,12.11,21.64,74.8,23.95,62.8,11.68,36.99,30.35,11.92,368.79,1.73,1.87,0.48,2.13
4452.0,23.22,14.3,93.65,9.51,368.6,21.63,74.99,12.14,21.63,74.99,23.94,62.77,11.68,36.97,30.36,11.91,368.6,1.73,1.87,0.48,2.13
4453.0,23.22,14.3,93.65,9.51,368.96,21.63,74.99,12.14,21.63,74.99,23.94,62.77,11.68,36.97,30.36,11.91,368.96,1.74,1.86,0.43,2.13
4454.0,23.22,14.3,93.65,9.51,369.4,21.63,74.99,12.14,21.63,74.99,23.94,62.77,11.68,36.97,30.36,11.91,369.4,1.74,1.86,0.48,2.13
4455.0,23.21,14.31,93.45,9.5,369.91,21.63,74.9,12.12,21.63,74.9,23.94,62.73,11.67,36.97,30.37,11.92,369.91,1.74,1.86,0.47,2.13
4456.0,23.21,14.31,93.45,9.5,371.53,21.63,74.9,12.12,21.63,74.9,23.94,62.73,11.67,36.97,30.37,11.92,371.53,1.75,1.88,0.47,2.13
4457.0,23.21,14.31,93.45,9.5,373.36,21.63,74.9,12.12,21.63,74.9,23.94,62.73,11.67,36.97,30.37,11.92,373.36,1.76,1.89,0.48,2.13
4458.0,23.23,14.29,93.51,9.5,372.63,21.64,74.86,12.12,21.64,74.86,23.94,62.72,11.67,36.98,30.37,11.92,372.63,1.75,1.88,0.48,2.12
4459.0,23.23,14.29,93.51,9.5,372.36,21.64,74.86,12.12,21.64,74.86,23.94,62.72,11.67,36.98,30.37,11.92,372.36,1.75,1.88,0.47,2.12
4460.0,23.23,14.29,93.51,9.5,372.79,21.64,74.86,12.12,21.64,74.86,23.94,62.72,11.67,36.98,30.37,11.92,372.79,1.76,1.89,0.47,2.12
4461.0,23.22,14.3,93.68,9.51,373.37,21.63,74.91,12.12,21.63,74.91,23.95,62.72,11.67,36.97,30.37,11.91,373.37,1.76,1.89,0.47,2.12
4462.0,23.22,14.3,93.68,9.51,372.48,21.63,74.91,12.12,21.63,74.91,23.95,62.72,11.67,36.97,30.37,11.91,372.48,1.75,1.88,0.47,2.12
4463.0,23.22,14.3,93.68,9.51,371.04,21.63,74.91,12.12,21.63,74.91,23.95,62.72,11.67,36.97,30.37,11.91,371.04,1.74,1.87,0.47,2.12
4464.0,23.23,14.3,93.6,9.51,370.77,21.63,74.86,12.11,21.63,74.86,23.96,62.65,11.66,36.96,30.38,11.91,370.77,1.74,1.87,0.47,2.12
4465.0,23.23,14.3,93.6,9.51,372.52,21.63,74.86,12.11,21.63,74.86,23.96,62.65,11.66,36.96,30.38,11.91,372.52,1.75,1.88,0.46,2.12
4466.0,23.23,14.3,93.6,9.51,375.66,21.63,74.86,12.11,21.63,74.86,23.96,62.65,11.66,36.96,30.38,11.91,375.66,1.76,1.9,0.47,2.12
4467.0,23.23,14.31,93.52,9.51,376.19,21.64,74.78,12.11,21.64,74.78,23.96,62.65,11.67,36.99,30.36,11.92,376.19,1.77,1.9,0.5,2.13
4468.0,23.23,14.31,93.52,9.51,376.48,21.64,74.78,12.11,21.64,74.78,23.96,62.65,11.67,36.99,30.36,11.92,376.48,1.76,1.91,0.47,2.13
4469.0,23.23,14.31,93.52,9.51,376.95,21.64,74.78,12.11,21.64,74.78,23.96,62.65,11.67,36.99,30.36,11.92,376.95,1.77,1.91,0.47,2.13
4470.0,23.19,14.3,93.61,9.51,378.01,21.61,74.74,12.08,21.61,74.74,23.96,62.53,11.65,36.92,30.38,11.89,378.01,1.76,1.91,0.48,2.13
4471.0,23.19,14.3,93.61,9.51,380.46,21.61,74.74,12.08,21.61,74.74,23.96,62.53,11.65,36.92,30.38,11.89,380.46,1.77,1.92,0.48,2.13
4472.0,23.19,14.3,93.61,9.51,382.22,21.61,74.74,12.08,21.61,74.74,23.96,62.53,11.65,36.92,30.38,11.89,382.22,1.78,1.93,0.49,2.13
4473.0,23.15,14.3,93.52,9.5,382.83,21.59,74.81,12.07,21.59,74.81,23.95,62.62,11.66,36.88,30.37,11.85,382.83,1.78,1.93,0.5,2.13
4474.0,23.15,14.3,93.52,9.5,384.04,21.59,74.81,12.07,21.59,74.81,23.95,62.62,11.66,36.88,30.37,11.85,384.04,1.79,1.93,0.48,2.13
4475.0,23.15,14.3,93.52,9.5,384.77,21.59,74.81,12.07,21.59,74.81,23.95,62.62,11.66,36.88,30.37,11.85,384.77,1.79,1.93,0.48,2.13
4476.0,23.16,14.31,93.54,9.51,384.88,21.62,74.86,12.1,21.62,74.86,23.98,62.6,11.67,36.95,30.39,11.91,384.88,1.79,1.93,0.47,2.13
4477.0,23.16,14.31,93.54,9.51,384.66,21.62,74.86,12.1,21.62,74.86,23.98,62.6,11.67,36.95,30.39,11.91,384.66,1.8,1.94,0.49,2.13
4478.0,23.16,14.31,93.54,9.51,386.92,21.62,74.86,12.1,21.62,74.86,23.98,62.6,11.67,36.95,30.39,11.91,386.92,1.81,1.96,0.47,2.13
4479.0,23.16,14.31,93.74,9.53,389.32,21.62,74.87,12.11,21.62,74.87,23.97,62.67,11.68,36.95,30.37,11.9,389.32,1.81,1.96,0.47,2.13
4480.0,23.16,14.31,93.74,9.53,389.99,21.62,74.87,12.11,21.62,74.87,23.97,62.67,11.68,36.95,30.37,11.9,389.99,1.82,1.97,0.49,2.13
4481.0,23.16,14.31,93.74,9.53,390.12,21.62,74.87,12.11,21.62,74.87,23.97,62.67,11.68,36.95,30.37,11.9,390.12,1.82,1.97,0.48,2.13
4482.0,23.13,14.3,93.54,9.5,390.07,21.58,74.96,12.09,21.58,74.96,23.96,62.68,11.67,36.87,30.44,11.88,390.07,1.82,1.97,0.49,2.12
4483.0,23.13,14.3,93.54,9.5,389.82,21.58,74.96,12.09,21.58,74.96,23.96,62.68,11.67,36.87,30.44,11.88,389.82,1.82,1.96,0.48,2.12
4484.0,23.13,14.3,93.54,9.5,389.73,21.58,74.96,12.09,21.58,74.96,23.96,62.68,11.67,36.87,30.44,11.88,389.73,1.82,1.96,0.47,2.12
4485.0,23.08,14.26,93.52,9.48,389.37,21.54,75.03,12.08,21.54,75.03,23.95,62.52,11.63,36.81,30.47,11.85,389.37,1.82,1.95,0.46,2.1
4486.0,23.08,14.26,93.52,9.48,387.74,21.54,75.03,12.08,21.54,75.03,23.95,62.52,11.63,36.81,30.47,11.85,387.74,1.81,1.94,0.5,2.1
4487.0,23.08,14.26,93.52,9.48,382.36,21.54,75.03,12.08,21.54,75.03,23.95,62.52,11.63,36.81,30.47,11.85,382.36,1.79,1.91,0.5,2.1
4488.0,23.12,14.28,93.54,9.49,380.75,21.59,75.01,12.11,21.59,75.01,23.97,62.61,11.66,36.88,30.32,11.83,380.75,1.78,1.9,0.46,2.12
4489.0,23.12,14.28,93.54,9.49,377.52,21.59,75.01,12.11,21.59,75.01,23.97,62.61,11.66,36.88,30.32,11.83,377.52,1.77,1.88,0.47,2.12
4490.0,23.12,14.28,93.54,9.49,376.93,21.59,75.01,12.11,21.59,75.01,23.97,62.61,11.66,36.88,30.32,11.83,376.93,1.77,1.87,0.47,2.12
4491.0,23.13,14.29,93.54,9.5,376.26,21.59,75.01,12.11,21.59,75.01,23.96,62.64,11.67,36.87,30.35,11.84,376.26,1.76,1.87,0.5,2.12
4492.0,23.13,14.29,93.54,9.5,375.94,21.59,75.01,12.11,21.59,75.01,23.96,62.64,11.67,36.87,30.35,11.84,375.94,1.76,1.87,0.47,2.12
4493.0,23.13,14.29,93.54,9.5,378.57,21.59,75.01,12.11,21.59,75.01,23.96,62.64,11.67,36.87,30.35,11.84,378.57,1.77,1.88,0.47,2.12
4494.0,23.17,14.27,94.01,9.53,379.31,21.62,74.88,12.11,21.62,74.88,23.97,62.66,11.68,36.94,30.36,11.89,379.31,1.78,1.89,0.49,2.11
4495.0,23.17,14.27,94.01,9.53,376.96,21.62,74.88,12.11,21.62,74.88,23.97,62.66,11.68,36.94,30.36,11.89,376.96,1.76,1.9,0.49,2.11
4496.0,23.17,14.27,94.01,9.53,377.18,21.62,74.88,12.11,21.62,74.88,23.97,62.66,11.68,36.94,30.36,11.89,377.18,1.76,1.9,0.46,2.11
4497.0,23.16,14.27,93.57,9.49,377.43,21.58,74.95,12.09,21.58,74.95,23.97,62.6,11.66,36.84,30.36,11.83,377.43,1.77,1.88,0.45,2.11
4498.0,23.16,14.27,93.57,9.49,377.48,21.58,74.95,12.09,21.58,74.95,23.97,62.6,11.66,36.84,30.36,11.83,377.48,1.77,1.88,0.47,2.11
4499.0,23.16,14.27,93.57,9.49,377.58,21.58,74.95,12.09,21.58,74.95,23.97,62.6,11.66,36.84,30.36,11.83,377.58,1.77,1.88,0.47,2.11
4500.0,23.18,14.26,93.8,9.5,377.9,21.58,74.82,12.07,21.58,74.82,23.97,62.67,11.68,36.84,30.4,11.84,377.9,1.77,1.88,0.47,2.1
4501.0,23.18,14.26,93.8,9.5,380.04,21.58,74.82,12.07,21.58,74.82,23.97,62.67,11.68,36.84,30.4,11.84,380.04,1.77,1.9,0.47,2.1
4502.0,23.18,14.26,93.8,9.5,377.95,21.58,74.82,12.07,21.58,74.82,23.97,62.67,11.68,36.84,30.4,11.84,377.95,1.76,1.89,0.48,2.1
4503.0,23.22,14.27,93.62,9.49,375.5,21.59,74.79,12.07,21.59,74.79,23.97,62.63,11.67,36.87,30.45,11.88,375.5,1.75,1.89,0.48,2.11
4504.0,23.22,14.27,93.62,9.49,374.91,21.59,74.79,12.07,21.59,74.79,23.97,62.63,11.67,36.87,30.45,11.88,374.91,1.75,1.89,0.48,2.11
4505.0,23.22,14.27,93.62,9.49,374.33,21.59,74.79,12.07,21.59,74.79,23.97,62.63,11.67,36.87,30.45,11.88,374.33,1.75,1.89,0.46,2.11
4506.0,23.2,14.27,93.54,9.49,373.99,21.56,74.95,12.08,21.56,74.95,23.97,62.64,11.67,36.81,30.46,11.84,373.99,1.74,1.88,0.46,2.11
4507.0,23.2,14.27,93.54,9.49,373.1,21.56,74.95,12.08,21.56,74.95,23.97,62.64,11.67,36.81,30.46,11.84,373.1,1.74,1.86,0.48,2.11
4508.0,23.2,14.27,93.54,9.49,372.78,21.56,74.95,12.08,21.56,74.95,23.97,62.64,11.67,36.81,30.46,11.84,372.78,1.74,1.86,0.46,2.11
4509.0,23.23,14.28,93.36,9.47,372.48,21.61,74.86,12.1,21.61,74.86,23.97,62.66,11.68,36.88,30.37,11.85,372.48,1.75,1.86,0.47,2.11
4510.0,23.23,14.28,93.36,9.47,372.32,21.61,74.86,12.1,21.61,74.86,23.97,62.66,11.68,36.88,30.37,11.85,372.32,1.75,1.86,0.45,2.11
4511.0,23.23,14.28,93.36,9.47,372.59,21.61,74.86,12.1,21.61,74.86,23.97,62.66,11.68,36.88,30.37,11.85,372.59,1.75,1.86,0.46,2.11
4512.0,23.23,14.29,93.33,9.48,372.71,21.62,74.88,12.11,21.62,74.88,23.97,62.74,11.69,36.93,30.39,11.9,372.71,1.75,1.86,0.46,2.12
4513.0,23.23,14.29,93.33,9.48,375.09,21.62,74.88,12.11,21.62,74.88,23.97,62.74,11.69,36.93,30.39,11.9,375.09,1.77,1.89,0.47,2.12
4514.0,23.23,14.29,93.33,9.48,378.06,21.62,74.88,12.11,21.62,74.88,23.97,62.74,11.69,36.93,30.39,11.9,378.06,1.78,1.9,0.47,2.12
4515.0,23.19,14.28,93.59,9.49,378.74,21.61,74.94,12.11,21.61,74.94,23.96,62.7,11.68,36.92,30.39,11.89,378.74,1.78,1.9,0.48,2.11
4516.0,23.19,14.28,93.59,9.49,375.65,21.61,74.94,12.11,21.61,74.94,23.96,62.7,11.68,36.92,30.39,11.89,375.65,1.77,1.89,0.48,2.11
4517.0,23.19,14.28,93.59,9.49,373.15,21.61,74.94,12.11,21.61,74.94,23.96,62.7,11.68,36.92,30.39,11.89,373.15,1.75,1.87,0.47,2.11
4518.0,23.17,14.28,93.39,9.47,372.92,21.6,74.94,12.11,21.6,74.94,23.96,62.55,11.65,36.91,30.36,11.87,372.92,1.75,1.87,0.46,2.11
4519.0,23.17,14.28,93.39,9.47,376.29,21.6,74.94,12.11,21.6,74.94,23.96,62.55,11.65,36.91,30.36,11.87,376.29,1.77,1.88,0.48,2.11
4520.0,23.17,14.28,93.39,9.47,377.44,21.6,74.94,12.11,21.6,74.94,23.96,62.55,11.65,36.91,30.36,11.87,377.44,1.78,1.89,0.48,2.11
4521.0,23.13,14.26,93.38,9.46,377.85,21.57,74.97,12.09,21.57,74.97,23.95,62.59,11.65,36.84,30.38,11.83,377.85,1.78,1.89,0.44,2.1
4522.0,23.13,14.26,93.38,9.46,378.15,21.57,74.97,12.09,21.57,74.97,23.95,62.59,11.65,36.84,30.38,11.83,378.15,1.78,1.88,0.48,2.1
4523.0,23.13,14.26,93.38,9.46,375.01,21.57,74.97,12.09,21.57,74.97,23.95,62.59,11.65,36.84,30.38,11.83,375.01,1.76,1.87,0.46,2.1
4524.0,23.13,14.27,93.37,9.46,373.56,21.58,74.86,12.08,21.58,74.86,23.96,62.51,11.64,36.86,30.4,11.86,373.56,1.75,1.87,0.43,2.1
4525.0,23.13,14.27,93.37,9.46,373.86,21.58,74.86,12.08,21.58,74.86,23.96,62.51,11.64,36.86,30.4,11.86,373.86,1.75,1.88,0.45,2.1
4526.0,23.13,14.27,93.37,9.46,374.94,21.58,74.86,12.08,21.58,74.86,23.96,62.51,11.64,36.86,30.4,11.86,374.94,1.76,1.88,0.45,2.1
4527.0,23.15,14.29,93.52,9.49,374.99,21.61,74.83,12.09,21.61,74.83,23.96,62.55,11.65,36.93,30.35,11.88,374.99,1.76,1.88,0.45,2.11
4528.0,23.15,14.29,93.52,9.49,376.57,21.61,74.83,12.09,21.61,74.83,23.96,62.55,11.65,36.93,30.35,11.88,376.57,1.76,1.9,0.46,2.11
4529.0,23.15,14.29,93.52,9.49,377.74,21.61,74.83,12.09,21.61,74.83,23.96,62.55,11.65,36.93,30.35,11.88,377.74,1.77,1.9,0.46,2.11
4530.0,23.17,14.28,93.54,9.49,380.08,21.61,74.75,12.08,21.61,74.75,23.96,62.59,11.66,36.96,30.33,11.89,380.08,1.78,1.93,0.46,2.11
4531.0,23.17,14.28,93.54,9.49,380.08,21.61,74.75,12.08,21.61,74.75,23.96,62.59,11.66,36.96,30.33,11.89,380.08,1.78,1.93,0.46,2.11
4532.0,23.17,14.28,93.54,9.49,378.15,21.61,74.75,12.08,21.61,74.75,23.96,62.59,11.66,36.96,30.33,11.89,378.15,1.77,1.92,0.46,2.11
4533.0,23.15,14.28,93.54,9.49,377.72,21.59,74.9,12.09,21.59,74.9,23.97,62.6,11.66,36.92,30.33,11.86,377.72,1.77,1.91,0.45,2.11
4534.0,23.15,14.28,93.54,9.49,376.85,21.59,74.9,12.09,21.59,74.9,23.97,62.6,11.66,36.92,30.33,11.86,376.85,1.76,1.89,0.48,2.11
4535.0,23.15,14.28,93.54,9.49,376.57,21.59,74.9,12.09,21.59,74.9,23.97,62.6,11.66,36.92,30.33,11.86,376.57,1.76,1.89,0.46,2.11
4536.0,23.14,14.31,93.41,9.49,379.14,21.6,74.94,12.1,21.6,74.94,23.97,62.61,11.67,36.93,30.32,11.87,379.14,1.78,1.9,0.46,2.12
4537.0,23.14,14.31,93.41,9.49,379.8,21.6,74.94,12.1,21.6,74.94,23.97,62.61,11.67,36.93,30.32,11.87,379.8,1.78,1.91,0.46,2.12
4538.0,23.14,14.31,93.41,9.49,377.78,21.6,74.94,12.1,21.6,74.94,23.97,62.61,11.67,36.93,30.32,11.87,377.78,1.77,1.9,0.48,2.12
4539.0,23.15,14.3,93.63,9.51,376.7,21.61,74.85,12.1,21.61,74.85,23.98,62.65,11.68,36.98,30.3,11.89,376.7,1.76,1.89,0.48,2.11
4540.0,23.15,14.3,93.63,9.51,376.34,21.61,74.85,12.1,21.61,74.85,23.98,62.65,11.68,36.98,30.3,11.89,376.34,1.76,1.9,0.48,2.11
4541.0,23.15,14.3,93.63,9.51,376.37,21.61,74.85,12.1,21.61,74.85,23.98,62.65,11.68,36.98,30.3,11.89,376.37,1.76,1.9,0.48,2.11
4542.0,23.15,14.29,93.47,9.49,376.64,21.61,74.87,12.1,21.61,74.87,23.98,62.56,11.66,36.98,30.3,11.89,376.64,1.76,1.9,0.49,2.11
4543.0,23.15,14.29,93.47,9.49,376.7,21.61,74.87,12.1,21.61,74.87,23.98,62.56,11.66,36.98,30.3,11.89,376.7,1.77,1.9,0.46,2.11
4544.0,23.15,14.29,93.47,9.49,377.83,21.61,74.87,12.1,21.61,74.87,23.98,62.56,11.66,36.98,30.3,11.89,377.83,1.77,1.91,0.45,2.11
4545.0,23.14,14.3,93.42,9.49,378.13,21.6,74.98,12.11,21.6,74.98,23.98,62.65,11.68,36.97,30.28,11.88,378.13,1.77,1.91,0.46,2.11
4546.0,23.14,14.3,93.42,9.49,377.57,21.6,74.98,12.11,21.6,74.98,23.98,62.65,11.68,36.97,30.28,11.88,377.57,1.77,1.9,0.48,2.11
4547.0,23.14,14.3,93.42,9.49,377.56,21.6,74.98,12.11,21.6,74.98,23.98,62.65,11.68,36.97,30.28,11.88,377.56,1.77,1.9,0.48,2.11
4548.0,23.16,14.3,93.39,9.49,377.11,21.6,74.98,12.11,21.6,74.98,23.99,62.63,11.68,36.98,30.28,11.89,377.11,1.77,1.9,0.44,2.12
4549.0,23.16,14.3,93.39,9.49,379.23,21.6,74.98,12.11,21.6,74.98,23.99,62.63,11.68,36.98,30.28,11.89,379.23,1.78,1.91,0.47,2.12
4550.0,23.16,14.3,93.39,9.49,378.35,21.6,74.98,12.11,21.6,74.98,23.99,62.63,11.68,36.98,30.28,11.89,378.35,1.78,1.91,0.46,2.12
4551.0,23.17,14.29,93.49,9.49,376.67,21.6,74.95,12.1,21.6,74.95,23.99,62.54,11.67,36.97,30.29,11.88,376.67,1.76,1.9,0.49,2.11
4552.0,23.17,14.29,93.49,9.49,379.11,21.6,74.95,12.1,21.6,74.95,23.99,62.54,11.67,36.97,30.29,11.88,379.11,1.78,1.91,0.47,2.11
4553.0,23.17,14.29,93.49,9.49,381.11,21.6,74.95,12.1,21.6,74.95,23.99,62.54,11.67,36.97,30.29,11.88,381.11,1.79,1.92,0.47,2.11
4554.0,23.16,14.29,93.49,9.49,381.2,21.6,74.77,12.07,21.6,74.77,24,62.41,11.65,36.96,30.28,11.87,381.2,1.79,1.92,0.47,2.11
4555.0,23.16,14.29,93.49,9.49,381.91,21.6,74.77,12.07,21.6,74.77,24,62.41,11.65,36.96,30.28,11.87,381.91,1.78,1.93,0.47,2.11
4556.0,23.16,14.29,93.49,9.49,384.37,21.6,74.77,12.07,21.6,74.77,24,62.41,11.65,36.96,30.28,11.87,384.37,1.79,1.95,0.47,2.11
4557.0,23.14,14.29,93.79,9.52,387.08,21.59,74.85,12.08,21.59,74.85,24,62.47,11.66,36.96,30.32,11.88,387.08,1.8,1.96,0.48,2.11
4558.0,23.14,14.29,93.79,9.52,387.47,21.59,74.85,12.08,21.59,74.85,24,62.47,11.66,36.96,30.32,11.88,387.47,1.8,1.96,0.46,2.11
4559.0,23.14,14.29,93.79,9.52,384.15,21.59,74.85,12.08,21.59,74.85,24,62.47,11.66,36.96,30.32,11.88,384.15,1.79,1.94,0.49,2.11
4560.0,23.14,14.28,93.77,9.51,382.8,21.58,74.84,12.08,21.58,74.84,24,62.51,11.67,36.91,30.34,11.86,382.8,1.78,1.94,0.47,2.1
4561.0,23.14,14.28,93.77,9.51,382.4,21.58,74.84,12.08,21.58,74.84,24,62.51,11.67,36.91,30.34,11.86,382.4,1.78,1.93,0.49,2.1
4562.0,23.14,14.28,93.77,9.51,381.94,21.58,74.84,12.08,21.58,74.84,24,62.51,11.67,36.91,30.34,11.86,381.94,1.78,1.92,0.49,2.1
4563.0,23.15,14.3,93.46,9.49,379.28,21.58,74.84,12.07,21.58,74.84,24,62.46,11.66,36.92,30.39,11.89,379.28,1.77,1.92,0.45,2.11
4564.0,23.15,14.3,93.46,9.49,379.58,21.58,74.84,12.07,21.58,74.84,24,62.46,11.66,36.92,30.39,11.89,379.58,1.77,1.92,0.45,2.11
4565.0,23.15,14.3,93.46,9.49,381.77,21.58,74.84,12.07,21.58,74.84,24,62.46,11.66,36.92,30.39,11.89,381.77,1.78,1.93,0.46,2.11
4566.0,23.17,14.29,93.7,9.51,383.14,21.6,74.8,12.08,21.6,74.8,24,62.47,11.66,36.96,30.38,11.91,383.14,1.78,1.94,0.48,2.11
4567.0,23.17,14.29,93.7,9.51,383.89,21.6,74.8,12.08,21.6,74.8,24,62.47,11.66,36.96,30.38,11.91,383.89,1.79,1.95,0.47,2.11
4568.0,23.17,14.29,93.7,9.51,385.18,21.6,74.8,12.08,21.6,74.8,24,62.47,11.66,36.96,30.38,11.91,385.18,1.79,1.96,0.47,2.11
4569.0,23.15,14.28,93.67,9.51,386.6,21.57,74.78,12.06,21.57,74.78,23.99,62.41,11.64,36.9,30.43,11.89,386.6,1.8,1.96,0.46,2.1
4570.0,23.15,14.28,93.67,9.51,387.01,21.57,74.78,12.06,21.57,74.78,23.99,62.41,11.64,36.9,30.43,11.89,387.01,1.79,1.97,0.46,2.1
4571.0,23.15,14.28,93.67,9.51,385.49,21.57,74.78,12.06,21.57,74.78,23.99,62.41,11.64,36.9,30.43,11.89,385.49,1.79,1.96,0.48,2.1
4572.0,23.18,14.31,93.48,9.5,384.25,21.59,74.99,12.11,21.59,74.99,24,62.55,11.67,36.92,30.41,11.9,384.25,1.8,1.94,0.48,2.12
4573.0,23.18,14.31,93.48,9.5,384.08,21.59,74.99,12.11,21.59,74.99,24,62.55,11.67,36.92,30.41,11.9,384.08,1.8,1.94,0.47,2.12
4574.0,23.18,14.31,93.48,9.5,385.62,21.59,74.99,12.11,21.59,74.99,24,62.55,11.67,36.92,30.41,11.9,385.62,1.8,1.95,0.48,2.12
4575.0,23.19,14.32,93.32,9.49,383.74,21.6,74.93,12.1,21.6,74.93,24,62.46,11.66,36.93,30.45,11.92,383.74,1.8,1.94,0.47,2.12
4576.0,23.19,14.32,93.32,9.49,378.15,21.6,74.93,12.1,21.6,74.93,24,62.46,11.66,36.93,30.45,11.92,378.15,1.77,1.92,0.49,2.12
4577.0,23.19,14.32,93.32,9.49,375.8,21.6,74.93,12.1,21.6,74.93,24,62.46,11.66,36.93,30.45,11.92,375.8,1.76,1.9,0.48,2.12
4578.0,23.19,14.31,93.74,9.53,374.18,21.6,74.87,12.09,21.6,74.87,24.01,62.45,11.66,36.92,30.46,11.92,374.18,1.74,1.9,0.47,2.12
4579.0,23.19,14.31,93.74,9.53,373.65,21.6,74.87,12.09,21.6,74.87,24.01,62.45,11.66,36.92,30.46,11.92,373.65,1.74,1.89,0.47,2.12
4580.0,23.19,14.31,93.74,9.53,373.56,21.6,74.87,12.09,21.6,74.87,24.01,62.45,11.66,36.92,30.46,11.92,373.56,1.74,1.89,0.48,2.12
4581.0,23.19,14.3,93.59,9.51,373.76,21.59,74.88,12.09,21.59,74.88,24.01,62.4,11.66,36.89,30.47,11.9,373.76,1.74,1.9,0.48,2.11
4582.0,23.19,14.3,93.59,9.51,377.28,21.59,74.88,12.09,21.59,74.88,24.01,62.4,11.66,36.89,30.47,11.9,377.28,1.76,1.91,0.47,2.11
4583.0,23.19,14.3,93.59,9.51,377.46,21.59,74.88,12.09,21.59,74.88,24.01,62.4,11.66,36.89,30.47,11.9,377.46,1.76,1.91,0.48,2.11
4584.0,23.19,14.33,93.41,9.51,377.34,21.6,74.84,12.09,21.6,74.84,24,62.4,11.65,36.91,30.47,11.91,377.34,1.75,1.91,0.49,2.13
4585.0,23.19,14.33,93.41,9.51,376.4,21.6,74.84,12.09,21.6,74.84,24,62.4,11.65,36.91,30.47,11.91,376.4,1.75,1.91,0.49,2.13
4586.0,23.19,14.33,93.41,9.51,371.08,21.6,74.84,12.09,21.6,74.84,24,62.4,11.65,36.91,30.47,11.91,371.08,1.72,1.88,0.47,2.13
4587.0,23.19,14.31,93.44,9.5,369.78,21.59,74.81,12.08,21.59,74.81,24.01,62.47,11.67,36.89,30.46,11.9,369.78,1.72,1.87,0.47,2.12
4588.0,23.19,14.31,93.44,9.5,369.44,21.59,74.81,12.08,21.59,74.81,24.01,62.47,11.67,36.89,30.46,11.9,369.44,1.72,1.87,0.49,2.12
4589.0,23.19,14.31,93.44,9.5,370.49,21.59,74.81,12.08,21.59,74.81,24.01,62.47,11.67,36.89,30.46,11.9,370.49,1.72,1.87,0.47,2.12
4590.0,23.17,14.31,93.6,9.51,375.71,21.59,74.77,12.07,21.59,74.77,24,62.4,11.65,36.89,30.45,11.89,375.71,1.75,1.9,0.49,2.12
4591.0,23.17,14.31,93.6,9.51,376.8,21.59,74.77,12.07,21.59,74.77,24,62.4,11.65,36.89,30.45,11.89,376.8,1.74,1.91,0.48,2.12
4592.0,23.17,14.31,93.6,9.51,374.95,21.59,74.77,12.07,21.59,74.77,24,62.4,11.65,36.89,30.45,11.89,374.95,1.74,1.9,0.49,2.12
4593.0,23.17,14.31,93.68,9.52,373.52,21.59,74.75,12.06,21.59,74.75,24,62.43,11.65,36.9,30.43,11.89,373.52,1.73,1.89,0.49,2.12
4594.0,23.17,14.31,93.68,9.52,373.36,21.59,74.75,12.06,21.59,74.75,24,62.43,11.65,36.9,30.43,11.89,373.36,1.73,1.89,0.49,2.12
4595.0,23.17,14.31,93.68,9.52,373.36,21.59,74.75,12.06,21.59,74.75,24,62.43,11.65,36.9,30.43,11.89,373.36,1.73,1.89,0.47,2.12
4596.0,23.19,14.31,93.7,9.53,373.51,21.59,74.79,12.07,21.59,74.79,24,62.46,11.66,36.9,30.4,11.88,373.51,1.73,1.89,0.46,2.12
4597.0,23.19,14.31,93.7,9.53,374.03,21.59,74.79,12.07,21.59,74.79,24,62.46,11.66,36.9,30.4,11.88,374.03,1.73,1.89,0.47,2.12
4598.0,23.19,14.31,93.7,9.53,374.01,21.59,74.79,12.07,21.59,74.79,24,62.46,11.66,36.9,30.4,11.88,374.01,1.73,1.89,0.48,2.12
4599.0,23.17,14.31,93.61,9.51,370.26,21.56,74.82,12.06,21.56,74.82,23.98,62.51,11.66,36.86,30.38,11.84,370.26,1.71,1.86,0.48,2.12
4600.0,23.17,14.31,93.61,9.51,367.64,21.56,74.82,12.06,21.56,74.82,23.98,62.51,11.66,36.86,30.38,11.84,367.64,1.7,1.85,0.48,2.12
4601.0,23.17,14.31,93.61,9.51,370.08,21.56,74.82,12.06,21.56,74.82,23.98,62.51,11.66,36.86,30.38,11.84,370.08,1.71,1.86,0.48,2.12
4602.0,23.21,14.31,93.82,9.54,370.41,21.6,74.83,12.08,21.6,74.83,23.99,62.58,11.67,36.95,30.34,11.89,370.41,1.71,1.86,0.47,2.12
4603.0,23.21,14.31,93.82,9.54,370.28,21.6,74.83,12.08,21.6,74.83,23.99,62.58,11.67,36.95,30.34,11.89,370.28,1.71,1.87,0.47,2.12
4604.0,23.21,14.31,93.82,9.54,371.72,21.6,74.83,12.08,21.6,74.83,23.99,62.58,11.67,36.95,30.34,11.89,371.72,1.72,1.88,0.49,2.12
4605.0,23.19,14.29,93.81,9.53,375.23,21.59,74.84,12.08,21.59,74.84,23.97,62.62,11.67,36.94,30.34,11.89,375.23,1.74,1.9,0.51,2.11
4606.0,23.19,14.29,93.81,9.53,376.41,21.59,74.84,12.08,21.59,74.84,23.97,62.62,11.67,36.94,30.34,11.89,376.41,1.75,1.91,0.51,2.11
4607.0,23.19,14.29,93.81,9.53,376.56,21.59,74.84,12.08,21.59,74.84,23.97,62.62,11.67,36.94,30.34,11.89,376.56,1.75,1.91,0.45,2.11
4608.0,23.16,14.31,93.49,9.5,375.84,21.57,74.84,12.07,21.57,74.84,23.95,62.63,11.66,36.91,30.37,11.88,375.84,1.74,1.9,0.48,2.12
4609.0,23.16,14.31,93.49,9.5,375.42,21.57,74.84,12.07,21.57,74.84,23.95,62.63,11.66,36.91,30.37,11.88,375.42,1.74,1.9,0.47,2.12
4610.0,23.16,14.31,93.49,9.5,376.45,21.57,74.84,12.07,21.57,74.84,23.95,62.63,11.66,36.91,30.37,11.88,376.45,1.75,1.9,0.5,2.12
4611.0,23.19,14.32,93.57,9.52,377.3,21.6,74.82,12.08,21.6,74.82,23.95,62.75,11.68,36.96,30.33,11.89,377.3,1.75,1.91,0.48,2.13
4612.0,23.19,14.32,93.57,9.52,379.27,21.6,74.82,12.08,21.6,74.82,23.95,62.75,11.68,36.96,30.33,11.89,379.27,1.76,1.92,0.48,2.13
4613.0,23.19,14.32,93.57,9.52,381.91,21.6,74.82,12.08,21.6,74.82,23.95,62.75,11.68,36.96,30.33,11.89,381.91,1.77,1.94,0.47,2.13
4614.0,23.2,14.3,93.62,9.51,382.77,21.59,74.93,12.09,21.59,74.93,23.94,62.68,11.66,36.95,30.33,11.88,382.77,1.78,1.94,0.47,2.12
4615.0,23.2,14.3,93.62,9.51,379.23,21.59,74.93,12.09,21.59,74.93,23.94,62.68,11.66,36.95,30.33,11.88,379.23,1.77,1.91,0.48,2.12
4616.0,23.2,14.3,93.62,9.51,377.16,21.59,74.93,12.09,21.59,74.93,23.94,62.68,11.66,36.95,30.33,11.88,377.16,1.76,1.9,0.48,2.12
4617.0,23.2,14.3,93.6,9.51,375.32,21.6,74.92,12.1,21.6,74.92,23.95,62.63,11.66,36.98,30.31,11.89,375.32,1.75,1.9,0.51,2.12
4618.0,23.2,14.3,93.6,9.51,371.97,21.6,74.92,12.1,21.6,74.92,23.95,62.63,11.66,36.98,30.31,11.89,371.97,1.74,1.88,0.48,2.12
4619.0,23.2,14.3,93.6,9.51,366.56,21.6,74.92,12.1,21.6,74.92,23.95,62.63,11.66,36.98,30.31,11.89,366.56,1.71,1.85,0.46,2.12
4620.0,23.2,14.29,93.71,9.51,365.86,21.59,74.76,12.07,21.59,74.76,23.94,62.59,11.64,36.96,30.33,11.89,365.86,1.71,1.85,0.46,2.11
4621.0,23.2,14.29,93.71,9.51,366.03,21.59,74.76,12.07,21.59,74.76,23.94,62.59,11.64,36.96,30.33,11.89,366.03,1.7,1.86,0.47,2.11
4622.0,23.2,14.29,93.71,9.51,367.23,21.59,74.76,12.07,21.59,74.76,23.94,62.59,11.64,36.96,30.33,11.89,367.23,1.7,1.87,0.47,2.11
4623.0,23.2,14.29,93.93,9.54,370.06,21.6,74.75,12.08,21.6,74.75,23.94,62.74,11.67,36.98,30.32,11.9,370.06,1.72,1.88,0.5,2.11
4624.0,23.2,14.29,93.93,9.54,370.85,21.6,74.75,12.08,21.6,74.75,23.94,62.74,11.67,36.98,30.32,11.9,370.85,1.72,1.89,0.48,2.11
4625.0,23.2,14.29,93.93,9.54,371.08,21.6,74.75,12.08,21.6,74.75,23.94,62.74,11.67,36.98,30.32,11.9,371.08,1.72,1.89,0.47,2.11
4626.0,23.2,14.31,93.47,9.5,368.92,21.61,74.76,12.08,21.61,74.76,23.94,62.73,11.67,36.98,30.32,11.9,368.92,1.72,1.88,0.48,2.12
4627.0,23.2,14.31,93.47,9.5,368.51,21.61,74.76,12.08,21.61,74.76,23.94,62.73,11.67,36.98,30.32,11.9,368.51,1.71,1.88,0.46,2.12
4628.0,23.2,14.31,93.47,9.5,367.92,21.61,74.76,12.08,21.61,74.76,23.94,62.73,11.67,36.98,30.32,11.9,367.92,1.71,1.87,0.5,2.12
4629.0,23.18,14.29,93.74,9.52,368,21.58,74.71,12.05,21.58,74.71,23.93,62.68,11.65,36.94,30.34,11.88,368,1.71,1.87,0.5,2.11
4630.0,23.18,14.29,93.74,9.52,368.25,21.58,74.71,12.05,21.58,74.71,23.93,62.68,11.65,36.94,30.34,11.88,368.25,1.7,1.87,0.5,2.11
4631.0,23.18,14.29,93.74,9.52,368.02,21.58,74.71,12.05,21.58,74.71,23.93,62.68,11.65,36.94,30.34,11.88,368.02,1.7,1.87,0.5,2.11
4632.0,23.2,14.28,93.77,9.51,367.95,21.6,74.8,12.08,21.6,74.8,23.94,62.69,11.66,36.98,30.33,11.91,367.95,1.71,1.87,0.46,2.1
4633.0,23.2,14.28,93.77,9.51,367.67,21.6,74.8,12.08,21.6,74.8,23.94,62.69,11.66,36.98,30.33,11.91,367.67,1.71,1.87,0.47,2.1
4634.0,23.2,14.28,93.77,9.51,367.44,21.6,74.8,12.08,21.6,74.8,23.94,62.69,11.66,36.98,30.33,11.91,367.44,1.71,1.87,0.46,2.1
4635.0,23.18,14.3,93.64,9.51,366.68,21.59,74.8,12.08,21.59,74.8,23.93,62.71,11.66,36.96,30.35,11.9,366.68,1.71,1.87,0.46,2.11
4636.0,23.18,14.3,93.64,9.51,364.65,21.59,74.8,12.08,21.59,74.8,23.93,62.71,11.66,36.96,30.35,11.9,364.65,1.69,1.85,0.46,2.11
4637.0,23.18,14.3,93.64,9.51,365.14,21.59,74.8,12.08,21.59,74.8,23.93,62.71,11.66,36.96,30.35,11.9,365.14,1.7,1.86,0.48,2.11
4638.0,23.16,14.27,93.77,9.51,369.31,21.59,74.76,12.07,21.59,74.76,23.92,62.69,11.65,36.95,30.35,11.9,369.31,1.72,1.88,0.46,2.1
4639.0,23.16,14.27,93.77,9.51,370.69,21.59,74.76,12.07,21.59,74.76,23.92,62.69,11.65,36.95,30.35,11.9,370.69,1.73,1.88,0.46,2.1
4640.0,23.16,14.27,93.77,9.51,371.9,21.59,74.76,12.07,21.59,74.76,23.92,62.69,11.65,36.95,30.35,11.9,371.9,1.73,1.89,0.47,2.1
4641.0,23.15,14.28,93.62,9.5,373.22,21.6,74.82,12.08,21.6,74.82,23.92,62.78,11.67,36.95,30.37,11.9,373.22,1.74,1.9,0.45,2.1
4642.0,23.15,14.28,93.62,9.5,374.18,21.6,74.82,12.08,21.6,74.82,23.92,62.78,11.67,36.95,30.37,11.9,374.18,1.75,1.9,0.46,2.1
4643.0,23.15,14.28,93.62,9.5,372.58,21.6,74.82,12.08,21.6,74.82,23.92,62.78,11.67,36.95,30.37,11.9,372.58,1.74,1.89,0.46,2.1
4644.0,23.14,14.27,93.61,9.49,372.42,21.58,74.9,12.08,21.58,74.9,23.92,62.62,11.63,36.91,30.39,11.88,372.42,1.74,1.89,0.46,2.1
4645.0,23.14,14.27,93.61,9.49,369.16,21.58,74.9,12.08,21.58,74.9,23.92,62.62,11.63,36.91,30.39,11.88,369.16,1.73,1.86,0.46,2.1
4646.0,23.14,14.27,93.61,9.49,367.03,21.58,74.9,12.08,21.58,74.9,23.92,62.62,11.63,36.91,30.39,11.88,367.03,1.72,1.85,0.45,2.1
4647.0,23.17,14.27,93.55,9.49,365.5,21.59,74.91,12.09,21.59,74.91,23.92,62.58,11.62,36.93,30.37,11.88,365.5,1.71,1.84,0.47,2.1
4648.0,23.17,14.27,93.55,9.49,367.13,21.59,74.91,12.09,21.59,74.91,23.92,62.58,11.62,36.93,30.37,11.88,367.13,1.72,1.85,0.47,2.1
4649.0,23.17,14.27,93.55,9.49,370.24,21.59,74.91,12.09,21.59,74.91,23.92,62.58,11.62,36.93,30.37,11.88,370.24,1.73,1.87,0.48,2.1
4650.0,23.17,14.28,93.61,9.5,371.4,21.59,74.88,12.09,21.59,74.88,23.91,62.77,11.65,36.93,30.34,11.88,371.4,1.74,1.87,0.45,2.1
4651.0,23.17,14.28,93.61,9.5,373.51,21.59,74.88,12.09,21.59,74.88,23.91,62.77,11.65,36.93,30.34,11.88,373.51,1.74,1.88,0.46,2.1
4652.0,23.17,14.28,93.61,9.5,375.4,21.59,74.88,12.09,21.59,74.88,23.91,62.77,11.65,36.93,30.34,11.88,375.4,1.75,1.89,0.47,2.1
4653.0,23.18,14.28,93.45,9.48,380.73,21.59,74.79,12.07,21.59,74.79,23.89,62.72,11.63,36.94,30.32,11.88,380.73,1.78,1.93,0.47,2.1
4654.0,23.18,14.28,93.45,9.48,381.6,21.59,74.79,12.07,21.59,74.79,23.89,62.72,11.63,36.94,30.32,11.88,381.6,1.78,1.93,0.47,2.1
4655.0,23.18,14.28,93.45,9.48,383.15,21.59,74.79,12.07,21.59,74.79,23.89,62.72,11.63,36.94,30.32,11.88,383.15,1.79,1.94,0.48,2.1
4656.0,23.17,14.27,93.55,9.49,384.01,21.59,74.73,12.06,21.59,74.73,23.88,62.75,11.63,36.94,30.31,11.87,384.01,1.79,1.94,0.48,2.09
4657.0,23.17,14.27,93.55,9.49,382.47,21.59,74.73,12.06,21.59,74.73,23.88,62.75,11.63,36.94,30.31,11.87,382.47,1.78,1.94,0.47,2.09
4658.0,23.17,14.27,93.55,9.49,382.14,21.59,74.73,12.06,21.59,74.73,23.88,62.75,11.63,36.94,30.31,11.87,382.14,1.78,1.94,0.45,2.09
4659.0,23.16,14.27,93.77,9.51,381.27,21.59,74.73,12.07,21.59,74.73,23.88,62.76,11.63,36.95,30.31,11.88,381.27,1.77,1.93,0.45,2.1
4660.0,23.16,14.27,93.77,9.51,381.39,21.59,74.73,12.07,21.59,74.73,23.88,62.76,11.63,36.95,30.31,11.88,381.39,1.77,1.93,0.47,2.1
4661.0,23.16,14.27,93.77,9.51,381.32,21.59,74.73,12.07,21.59,74.73,23.88,62.76,11.63,36.95,30.31,11.88,381.32,1.77,1.93,0.45,2.1
4662.0,23.17,14.26,93.83,9.51,382.97,21.59,74.74,12.06,21.59,74.74,23.87,62.79,11.63,36.94,30.31,11.87,382.97,1.78,1.94,0.45,2.09
4663.0,23.17,14.26,93.83,9.51,385.6,21.59,74.74,12.06,21.59,74.74,23.87,62.79,11.63,36.94,30.31,11.87,385.6,1.79,1.95,0.44,2.09
4664.0,23.17,14.26,93.83,9.51,386.7,21.59,74.74,12.06,21.59,74.74,23.87,62.79,11.63,36.94,30.31,11.87,386.7,1.79,1.96,0.44,2.09
4665.0,23.18,14.29,93.57,9.5,387.86,21.58,74.71,12.05,21.58,74.71,23.87,62.79,11.63,36.95,30.28,11.86,387.86,1.8,1.97,0.45,2.1
4666.0,23.18,14.29,93.57,9.5,389.96,21.58,74.71,12.05,21.58,74.71,23.87,62.79,11.63,36.95,30.28,11.86,389.96,1.81,1.98,0.46,2.1
4667.0,23.18,14.29,93.57,9.5,386.04,21.58,74.71,12.05,21.58,74.71,23.87,62.79,11.63,36.95,30.28,11.86,386.04,1.79,1.96,0.47,2.1
4668.0,23.18,14.26,93.5,9.48,384.02,21.58,74.74,12.06,21.58,74.74,23.88,62.7,11.62,36.96,30.28,11.87,384.02,1.78,1.95,0.46,2.09
4669.0,23.18,14.26,93.5,9.48,382.34,21.58,74.74,12.06,21.58,74.74,23.88,62.7,11.62,36.96,30.28,11.87,382.34,1.78,1.94,0.44,2.09
4670.0,23.18,14.26,93.5,9.48,381.87,21.58,74.74,12.06,21.58,74.74,23.88,62.7,11.62,36.96,30.28,11.87,381.87,1.78,1.94,0.44,2.09
4671.0,23.16,14.26,93.56,9.48,379.05,21.57,74.79,12.06,21.57,74.79,23.88,62.71,11.62,36.94,30.29,11.86,379.05,1.77,1.92,0.47,2.09
4672.0,23.16,14.26,93.56,9.48,377.64,21.57,74.79,12.06,21.57,74.79,23.88,62.71,11.62,36.94,30.29,11.86,377.64,1.76,1.92,0.47,2.09
4673.0,23.16,14.26,93.56,9.48,379.85,21.57,74.79,12.06,21.57,74.79,23.88,62.71,11.62,36.94,30.29,11.86,379.85,1.77,1.93,0.45,2.09
4674.0,23.15,14.27,93.51,9.48,382.77,21.54,74.88,12.05,21.54,74.88,23.88,62.6,11.6,36.88,30.32,11.84,382.77,1.78,1.93,0.44,2.09
4675.0,23.15,14.27,93.51,9.48,382.29,21.54,74.88,12.05,21.54,74.88,23.88,62.6,11.6,36.88,30.32,11.84,382.29,1.77,1.93,0.44,2.09
4676.0,23.15,14.27,93.51,9.48,381.25,21.54,74.88,12.05,21.54,74.88,23.88,62.6,11.6,36.88,30.32,11.84,381.25,1.77,1.92,0.44,2.09
4677.0,23.16,14.29,93.34,9.47,380.54,21.57,74.74,12.05,21.57,74.74,23.88,62.76,11.63,36.96,30.29,11.87,380.54,1.77,1.92,0.44,2.1
4678.0,23.16,14.29,93.34,9.47,377.01,21.57,74.74,12.05,21.57,74.74,23.88,62.76,11.63,36.96,30.29,11.87,377.01,1.75,1.92,0.45,2.1
4679.0,23.16,14.29,93.34,9.47,378.97,21.57,74.74,12.05,21.57,74.74,23.88,62.76,11.63,36.96,30.29,11.87,378.97,1.76,1.93,0.45,2.1
4680.0,23.12,14.28,93.27,9.46,378.26,21.54,74.79,12.04,21.54,74.79,23.88,62.69,11.62,36.89,30.32,11.84,378.26,1.76,1.91,0.48,2.09
4681.0,23.12,14.28,93.27,9.46,378.15,21.54,74.79,12.04,21.54,74.79,23.88,62.69,11.62,36.89,30.32,11.84,378.15,1.76,1.91,0.48,2.09
4682.0,23.12,14.28,93.27,9.46,380.3,21.54,74.79,12.04,21.54,74.79,23.88,62.69,11.62,36.89,30.32,11.84,380.3,1.77,1.92,0.44,2.09
4683.0,23.15,14.28,93.45,9.48,379.84,21.58,74.58,12.03,21.58,74.58,23.89,62.61,11.61,36.97,30.28,11.88,379.84,1.77,1.92,0.46,2.09
4684.0,23.15,14.28,93.45,9.48,378.16,21.58,74.58,12.03,21.58,74.58,23.89,62.61,11.61,36.97,30.28,11.88,378.16,1.75,1.93,0.46,2.09
4685.0,23.15,14.28,93.45,9.48,377.83,21.58,74.58,12.03,21.58,74.58,23.89,62.61,11.61,36.97,30.28,11.88,377.83,1.75,1.93,0.49,2.09
4686.0,23.09,14.24,93.62,9.47,378.67,21.52,74.68,12,21.52,74.68,23.86,62.59,11.59,36.85,30.35,11.83,378.67,1.74,1.92,0.45,2.07
4687.0,23.09,14.24,93.62,9.47,380.57,21.52,74.68,12,21.52,74.68,23.86,62.59,11.59,36.85,30.35,11.83,380.57,1.75,1.93,0.45,2.07
4688.0,23.09,14.24,93.62,9.47,380.74,21.52,74.68,12,21.52,74.68,23.86,62.59,11.59,36.85,30.35,11.83,380.74,1.75,1.93,0.46,2.07
4689.0,23.14,14.29,93.47,9.49,378.01,21.57,74.64,12.03,21.57,74.64,23.89,62.67,11.62,36.96,30.27,11.87,378.01,1.74,1.92,0.45,2.1
4690.0,23.14,14.29,93.47,9.49,376.53,21.57,74.64,12.03,21.57,74.64,23.89,62.67,11.62,36.96,30.27,11.87,376.53,1.74,1.92,0.45,2.1
4691.0,23.14,14.29,93.47,9.49,377.46,21.57,74.64,12.03,21.57,74.64,23.89,62.67,11.62,36.96,30.27,11.87,377.46,1.74,1.93,0.47,2.1
4692.0,23.14,14.27,93.65,9.49,376.59,21.57,74.63,12.03,21.57,74.63,23.89,62.7,11.63,36.96,30.27,11.87,376.59,1.74,1.92,0.46,2.09
4693.0,23.14,14.27,93.65,9.49,375.94,21.57,74.63,12.03,21.57,74.63,23.89,62.7,11.63,36.96,30.27,11.87,375.94,1.74,1.92,0.47,2.08
4694.0,23.14,14.27,93.65,9.49,374.66,21.57,74.63,12.03,21.57,74.63,23.89,62.7,11.63,36.96,30.27,11.87,374.66,1.73,1.91,0.45,2.08
4695.0,23.16,14.28,93.58,9.5,372.81,21.57,74.71,12.04,21.57,74.71,23.89,62.63,11.61,36.97,30.25,11.87,372.81,1.73,1.9,0.45,2.09
4696.0,23.16,14.28,93.58,9.5,373.76,21.57,74.71,12.04,21.57,74.71,23.89,62.63,11.61,36.97,30.25,11.87,373.76,1.73,1.9,0.47,2.09
4697.0,23.16,14.28,93.58,9.5,378.11,21.57,74.71,12.04,21.57,74.71,23.89,62.63,11.61,36.97,30.25,11.87,378.11,1.75,1.93,0.45,2.09
4698.0,23.17,14.29,93.59,9.5,378.92,21.57,74.74,12.05,21.57,74.74,23.88,62.65,11.61,36.97,30.27,11.87,378.92,1.75,1.93,0.45,2.1
4699.0,23.17,14.29,93.59,9.5,380.31,21.57,74.74,12.05,21.57,74.74,23.88,62.65,11.61,36.97,30.27,11.87,380.31,1.76,1.94,0.46,2.1
4700.0,23.17,14.29,93.59,9.5,382.18,21.57,74.74,12.05,21.57,74.74,23.88,62.65,11.61,36.97,30.27,11.87,382.18,1.77,1.95,0.46,2.09
4701.0,23.17,14.29,93.39,9.48,383.22,21.56,74.82,12.05,21.56,74.82,23.87,62.7,11.61,36.96,30.28,11.87,383.22,1.78,1.95,0.48,2.09
4702.0,23.17,14.29,93.39,9.48,382.56,21.56,74.82,12.05,21.56,74.82,23.87,62.7,11.61,36.96,30.28,11.87,382.56,1.78,1.95,0.47,2.09
4703.0,23.17,14.29,93.39,9.48,379.73,21.56,74.82,12.05,21.56,74.82,23.87,62.7,11.61,36.96,30.28,11.87,379.73,1.76,1.93,0.47,2.09
4704.0,23.16,14.31,93.31,9.48,378.88,21.57,74.86,12.07,21.57,74.86,23.88,62.74,11.63,36.98,30.25,11.87,378.88,1.76,1.93,0.47,2.1
4705.0,23.16,14.31,93.31,9.48,379.3,21.57,74.86,12.07,21.57,74.86,23.88,62.74,11.63,36.98,30.25,11.87,379.3,1.76,1.93,0.47,2.1
4706.0,23.16,14.31,93.31,9.48,379.14,21.57,74.86,12.07,21.57,74.86,23.88,62.74,11.63,36.98,30.25,11.87,379.14,1.76,1.93,0.47,2.1
4707.0,23.17,14.29,93.45,9.49,378.97,21.56,74.81,12.05,21.56,74.81,23.88,62.74,11.63,36.98,30.24,11.87,378.97,1.76,1.93,0.47,2.1
4708.0,23.17,14.29,93.45,9.49,379.18,21.56,74.81,12.05,21.56,74.81,23.88,62.74,11.63,36.98,30.24,11.87,379.18,1.76,1.93,0.43,2.1
4709.0,23.17,14.29,93.45,9.49,378.59,21.56,74.81,12.05,21.56,74.81,23.88,62.74,11.63,36.98,30.24,11.87,378.59,1.75,1.93,0.48,2.1
4710.0,23.16,14.29,93.59,9.5,377.96,21.55,74.81,12.04,21.55,74.81,23.88,62.65,11.61,36.96,30.24,11.85,377.96,1.75,1.92,0.48,2.09
4711.0,23.16,14.29,93.59,9.5,378.9,21.55,74.81,12.04,21.55,74.81,23.88,62.65,11.61,36.96,30.24,11.85,378.9,1.75,1.93,0.46,2.09
4712.0,23.16,14.29,93.59,9.5,381.74,21.55,74.81,12.04,21.55,74.81,23.88,62.65,11.61,36.96,30.24,11.85,381.74,1.76,1.94,0.46,2.09
4713.0,23.16,14.29,93.75,9.52,382.32,21.55,74.75,12.04,21.55,74.75,23.89,62.63,11.61,36.98,30.22,11.86,382.32,1.77,1.94,0.45,2.1
4714.0,23.16,14.29,93.75,9.52,382.97,21.55,74.75,12.04,21.55,74.75,23.89,62.63,11.61,36.98,30.22,11.86,382.97,1.76,1.95,0.47,2.1
4715.0,23.16,14.29,93.75,9.52,385.24,21.55,74.75,12.04,21.55,74.75,23.89,62.63,11.61,36.98,30.22,11.86,385.24,1.77,1.96,0.47,2.1
4716.0,23.15,14.29,93.43,9.48,384.55,21.53,74.7,12.01,21.53,74.7,23.87,62.55,11.59,36.92,30.26,11.84,384.55,1.77,1.96,0.45,2.09
4717.0,23.15,14.29,93.43,9.48,382.5,21.53,74.7,12.01,21.53,74.7,23.87,62.55,11.59,36.92,30.26,11.84,382.5,1.76,1.95,0.46,2.09
4718.0,23.15,14.29,93.43,9.48,376.41,21.53,74.7,12.01,21.53,74.7,23.87,62.55,11.59,36.92,30.26,11.84,376.41,1.73,1.92,0.46,2.09
4719.0,23.18,14.29,93.57,9.5,375.32,21.53,74.66,12.01,21.53,74.66,23.89,62.52,11.59,36.92,30.27,11.84,375.32,1.73,1.91,0.49,2.09
4720.0,23.18,14.29,93.57,9.5,374.09,21.53,74.66,12.01,21.53,74.66,23.89,62.52,11.59,36.92,30.27,11.84,374.09,1.71,1.91,0.46,2.09
4721.0,23.18,14.29,93.57,9.5,373.93,21.53,74.66,12.01,21.53,74.66,23.89,62.52,11.59,36.92,30.27,11.84,373.93,1.71,1.91,0.46,2.09
4722.0,23.17,14.31,93.5,9.5,374.04,21.54,74.64,12.01,21.54,74.64,23.9,62.49,11.6,36.92,30.27,11.84,374.04,1.71,1.91,0.46,2.1
4723.0,23.17,14.31,93.5,9.5,374.57,21.54,74.64,12.01,21.54,74.64,23.9,62.49,11.6,36.92,30.27,11.84,374.57,1.71,1.91,0.46,2.1
4724.0,23.17,14.31,93.5,9.5,378.17,21.54,74.64,12.01,21.54,74.64,23.9,62.49,11.6,36.92,30.27,11.84,378.17,1.73,1.93,0.47,2.1
4725.0,23.05,14.25,93.52,9.47,380.48,21.45,74.72,11.95,21.45,74.72,23.82,62.69,11.57,36.74,30.4,11.77,380.48,1.74,1.94,0.46,2.07
4726.0,23.05,14.25,93.52,9.47,382.92,21.45,74.72,11.95,21.45,74.72,23.82,62.69,11.57,36.74,30.4,11.77,382.92,1.74,1.93,0.46,2.07
4727.0,23.05,14.25,93.52,9.47,384.29,21.45,74.72,11.95,21.45,74.72,23.82,62.69,11.57,36.74,30.4,11.77,384.29,1.75,1.94,0.46,2.07
4728.0,23.16,14.31,93.6,9.52,380.56,21.55,74.78,12.04,21.55,74.78,23.91,62.63,11.63,36.94,30.27,11.86,380.56,1.75,1.94,0.43,2.11
4729.0,23.16,14.31,93.6,9.52,378.28,21.55,74.78,12.04,21.55,74.78,23.91,62.63,11.63,36.94,30.27,11.86,378.28,1.74,1.92,0.43,2.11
4730.0,23.16,14.31,93.6,9.52,374.92,21.55,74.78,12.04,21.55,74.78,23.91,62.63,11.63,36.94,30.27,11.86,374.92,1.72,1.91,0.46,2.11
4731.0,23.17,14.31,93.65,9.52,376.55,21.56,74.81,12.05,21.56,74.81,23.91,62.64,11.63,36.96,30.26,11.87,376.55,1.73,1.91,0.47,2.11
4732.0,23.17,14.31,93.65,9.52,379.36,21.56,74.81,12.05,21.56,74.81,23.91,62.64,11.63,36.96,30.26,11.87,379.36,1.74,1.93,0.46,2.11
4733.0,23.17,14.31,93.65,9.52,378.69,21.56,74.81,12.05,21.56,74.81,23.91,62.64,11.63,36.96,30.26,11.87,378.69,1.74,1.93,0.45,2.11
4734.0,23.14,14.31,93.36,9.49,374.89,21.54,74.72,12.02,21.54,74.72,23.88,62.63,11.61,36.91,30.32,11.86,374.89,1.72,1.91,0.49,2.1
4735.0,23.14,14.31,93.36,9.49,371.95,21.54,74.72,12.02,21.54,74.72,23.88,62.63,11.61,36.91,30.32,11.86,371.95,1.71,1.89,0.48,2.1
4736.0,23.14,14.31,93.36,9.49,369.47,21.54,74.72,12.02,21.54,74.72,23.88,62.63,11.61,36.91,30.32,11.86,369.47,1.7,1.88,0.45,2.1
4737.0,23.14,14.31,93.4,9.49,371.52,21.55,74.77,12.04,21.55,74.77,23.89,62.62,11.61,36.91,30.33,11.86,371.52,1.71,1.89,0.45,2.1
4738.0,23.14,14.31,93.4,9.49,373.54,21.55,74.77,12.04,21.55,74.77,23.89,62.62,11.61,36.91,30.33,11.86,373.54,1.72,1.9,0.47,2.11
4739.0,23.14,14.31,93.4,9.49,373.93,21.55,74.77,12.04,21.55,74.77,23.89,62.62,11.61,36.91,30.33,11.86,373.93,1.72,1.9,0.47,2.11
4740.0,23.08,14.28,93.54,9.49,377.11,21.5,74.57,11.97,21.5,74.57,23.85,62.6,11.58,36.82,30.39,11.82,377.11,1.72,1.92,0.48,2.09
4741.0,23.08,14.28,93.54,9.49,377.91,21.5,74.57,11.97,21.5,74.57,23.85,62.6,11.58,36.82,30.39,11.82,377.91,1.72,1.92,0.46,2.09
4742.0,23.08,14.28,93.54,9.49,377.37,21.5,74.57,11.97,21.5,74.57,23.85,62.6,11.58,36.82,30.39,11.82,377.37,1.72,1.92,0.45,2.09
4743.0,23.14,14.31,93.63,9.52,374.94,21.55,74.58,12.01,21.55,74.58,23.91,62.53,11.61,36.92,30.32,11.86,374.94,1.71,1.91,0.48,2.11
4744.0,23.14,14.31,93.63,9.52,370.31,21.55,74.58,12.01,21.55,74.58,23.91,62.53,11.61,36.92,30.32,11.86,370.31,1.69,1.89,0.47,2.11
4745.0,23.14,14.31,93.63,9.52,370.45,21.55,74.58,12.01,21.55,74.58,23.91,62.53,11.61,36.92,30.32,11.86,370.45,1.69,1.89,0.47,2.11
4746.0,23.18,14.31,93.8,9.54,371.5,21.57,74.55,12.01,21.57,74.55,23.93,62.45,11.61,36.95,30.29,11.87,371.5,1.69,1.9,0.45,2.11
4747.0,23.18,14.31,93.8,9.54,373.44,21.57,74.55,12.01,21.57,74.55,23.93,62.45,11.61,36.95,30.29,11.87,373.44,1.7,1.91,0.45,2.11
4748.0,23.18,14.31,93.8,9.54,377.8,21.57,74.55,12.01,21.57,74.55,23.93,62.45,11.61,36.95,30.29,11.87,377.8,1.72,1.93,0.47,2.11
4749.0,23.18,14.31,93.78,9.53,376.17,21.56,74.56,12.01,21.56,74.56,23.93,62.45,11.61,36.94,30.28,11.86,376.17,1.71,1.92,0.47,2.11
4750.0,23.18,14.31,93.78,9.53,375.67,21.56,74.56,12.01,21.56,74.56,23.93,62.45,11.61,36.94,30.28,11.86,375.67,1.71,1.92,0.48,2.11
4751.0,23.18,14.31,93.78,9.53,373.48,21.56,74.56,12.01,21.56,74.56,23.93,62.45,11.61,36.94,30.28,11.86,373.48,1.7,1.91,0.46,2.11
4752.0,23.19,14.33,93.51,9.52,372.69,21.56,74.56,12.01,21.56,74.56,23.94,62.45,11.61,36.95,30.27,11.86,372.69,1.7,1.9,0.44,2.12
4753.0,23.19,14.33,93.51,9.52,372.55,21.56,74.56,12.01,21.56,74.56,23.94,62.45,11.61,36.95,30.27,11.86,372.55,1.7,1.9,0.46,2.12
4754.0,23.19,14.33,93.51,9.52,373.46,21.56,74.56,12.01,21.56,74.56,23.94,62.45,11.61,36.95,30.27,11.86,373.46,1.7,1.91,0.48,2.12
4755.0,23.18,14.31,93.65,9.52,374.09,21.56,74.65,12.03,21.56,74.65,23.93,62.44,11.61,36.94,30.26,11.85,374.09,1.71,1.9,0.48,2.1
4756.0,23.18,14.31,93.65,9.52,374.42,21.56,74.65,12.03,21.56,74.65,23.93,62.44,11.61,36.94,30.26,11.85,374.42,1.72,1.91,0.48,2.1
4757.0,23.18,14.31,93.65,9.52,374.17,21.56,74.65,12.03,21.56,74.65,23.93,62.44,11.61,36.94,30.26,11.85,374.17,1.71,1.91,0.48,2.1
4758.0,23.16,14.32,93.38,9.5,372.74,21.55,74.64,12.01,21.55,74.64,23.92,62.48,11.61,36.9,30.18,11.79,372.74,1.71,1.9,0.47,2.11
4759.0,23.16,14.32,93.38,9.5,373.5,21.55,74.64,12.01,21.55,74.64,23.92,62.48,11.61,36.9,30.18,11.79,373.5,1.71,1.88,0.48,2.11
4760.0,23.16,14.32,93.38,9.5,373.6,21.55,74.64,12.01,21.55,74.64,23.92,62.48,11.61,36.9,30.18,11.79,373.6,1.71,1.88,0.47,2.11
4761.0,23.16,14.31,93.59,9.51,377.03,21.57,74.63,12.03,21.57,74.63,23.93,62.52,11.62,36.97,30.23,11.86,377.03,1.73,1.92,0.47,2.11
4762.0,23.16,14.31,93.59,9.51,378.14,21.57,74.63,12.03,21.57,74.63,23.93,62.52,11.62,36.97,30.23,11.86,378.14,1.74,1.93,0.47,2.11
4763.0,23.16,14.31,93.59,9.51,379.44,21.57,74.63,12.03,21.57,74.63,23.93,62.52,11.62,36.97,30.23,11.86,379.44,1.74,1.94,0.49,2.11
4764.0,23.16,14.33,93.34,9.5,378.19,21.56,74.64,12.03,21.56,74.64,23.92,62.53,11.62,36.96,30.23,11.85,378.19,1.74,1.93,0.49,2.12
4765.0,23.16,14.33,93.34,9.5,377.57,21.56,74.64,12.03,21.56,74.64,23.92,62.53,11.62,36.96,30.23,11.85,377.57,1.73,1.92,0.45,2.12
4766.0,23.16,14.33,93.34,9.5,377.1,21.56,74.64,12.03,21.56,74.64,23.92,62.53,11.62,36.96,30.23,11.85,377.1,1.73,1.92,0.47,2.12
4767.0,23.17,14.33,93.52,9.52,376.91,21.57,74.63,12.03,21.57,74.63,23.92,62.54,11.62,36.96,30.21,11.84,376.91,1.73,1.92,0.49,2.12
4768.0,23.17,14.33,93.52,9.52,379.14,21.57,74.63,12.03,21.57,74.63,23.92,62.54,11.62,36.96,30.21,11.84,379.14,1.74,1.93,0.47,2.12
4769.0,23.17,14.33,93.52,9.52,380.59,21.57,74.63,12.03,21.57,74.63,23.92,62.54,11.62,36.96,30.21,11.84,380.59,1.74,1.94,0.48,2.12
4770.0,23.17,14.3,93.87,9.54,381.34,21.57,74.61,12.03,21.57,74.61,23.92,62.5,11.61,36.97,30.21,11.85,381.34,1.74,1.94,0.46,2.1
4771.0,23.17,14.3,93.87,9.54,380.04,21.57,74.61,12.03,21.57,74.61,23.92,62.5,11.61,36.97,30.21,11.85,380.04,1.74,1.94,0.47,2.11
4772.0,23.17,14.3,93.87,9.54,378.27,21.57,74.61,12.03,21.57,74.61,23.92,62.5,11.61,36.97,30.21,11.85,378.27,1.73,1.93,0.45,2.11
4773.0,23.17,14.32,93.78,9.54,377.76,21.57,74.46,12,21.57,74.46,23.91,62.63,11.63,36.97,30.21,11.85,377.76,1.73,1.92,0.45,2.11
4774.0,23.17,14.32,93.78,9.54,374.11,21.57,74.46,12,21.57,74.46,23.91,62.63,11.63,36.97,30.21,11.85,374.11,1.7,1.91,0.47,2.11
4775.0,23.17,14.32,93.78,9.54,373.39,21.57,74.46,12,21.57,74.46,23.91,62.63,11.63,36.97,30.21,11.85,373.39,1.7,1.91,0.47,2.11
4776.0,23.17,14.3,93.81,9.53,372.87,21.57,74.5,12.01,21.57,74.5,23.91,62.55,11.61,36.96,30.21,11.85,372.87,1.7,1.9,0.45,2.11
4777.0,23.17,14.3,93.81,9.53,372.74,21.57,74.5,12.01,21.57,74.5,23.91,62.55,11.61,36.96,30.21,11.85,372.74,1.7,1.9,0.48,2.11
4778.0,23.17,14.3,93.81,9.53,369.94,21.57,74.5,12.01,21.57,74.5,23.91,62.55,11.61,36.96,30.21,11.85,369.94,1.69,1.89,0.46,2.11
4779.0,23.16,14.29,93.94,9.54,368.85,21.57,74.51,12.01,21.57,74.51,23.91,62.54,11.61,36.98,30.2,11.85,368.85,1.68,1.88,0.48,2.1
4780.0,23.16,14.29,93.94,9.54,373.5,21.57,74.51,12.01,21.57,74.51,23.91,62.54,11.61,36.98,30.2,11.85,373.5,1.71,1.91,0.43,2.1
4781.0,23.16,14.29,93.94,9.54,375.06,21.57,74.51,12.01,21.57,74.51,23.91,62.54,11.61,36.98,30.2,11.85,375.06,1.71,1.91,0.43,2.1
4782.0,23.16,14.29,93.83,9.53,376.34,21.56,74.45,11.99,21.56,74.45,23.9,62.56,11.61,36.94,30.21,11.83,376.34,1.71,1.92,0.46,2.1
4783.0,23.16,14.29,93.83,9.53,376.7,21.56,74.45,11.99,21.56,74.45,23.9,62.56,11.61,36.94,30.21,11.83,376.7,1.71,1.92,0.46,2.1
4784.0,23.16,14.29,93.83,9.53,378.72,21.56,74.45,11.99,21.56,74.45,23.9,62.56,11.61,36.94,30.21,11.83,378.72,1.72,1.93,0.48,2.1
4785.0,23.17,14.3,93.68,9.52,379.52,21.57,74.46,12,21.57,74.46,23.91,62.64,11.63,36.97,30.12,11.82,379.52,1.73,1.93,0.45,2.1
4786.0,23.17,14.3,93.68,9.52,382.5,21.57,74.46,12,21.57,74.46,23.91,62.64,11.63,36.97,30.12,11.82,382.5,1.75,1.95,0.49,2.1
4787.0,23.17,14.3,93.68,9.52,384.44,21.57,74.46,12,21.57,74.46,23.91,62.64,11.63,36.97,30.12,11.82,384.44,1.76,1.96,0.46,2.1
4788.0,23.18,14.28,93.65,9.5,381.36,21.57,74.43,12,21.57,74.43,23.9,62.7,11.63,36.98,30.19,11.84,381.36,1.74,1.94,0.47,2.09
4789.0,23.18,14.28,93.65,9.5,375.54,21.57,74.43,12,21.57,74.43,23.9,62.7,11.63,36.98,30.19,11.84,375.54,1.72,1.92,0.45,2.09
4790.0,23.18,14.28,93.65,9.5,373.91,21.57,74.43,12,21.57,74.43,23.9,62.7,11.63,36.98,30.19,11.84,373.91,1.71,1.91,0.45,2.09
4791.0,23.18,14.29,93.82,9.52,373.34,21.56,74.47,12,21.56,74.47,23.9,62.69,11.63,36.95,30.17,11.82,373.34,1.7,1.9,0.43,2.1
4792.0,23.18,14.29,93.82,9.52,373.34,21.56,74.47,12,21.56,74.47,23.9,62.69,11.63,36.95,30.17,11.82,373.34,1.7,1.9,0.43,2.1
4793.0,23.18,14.29,93.82,9.52,371.61,21.56,74.47,12,21.56,74.47,23.9,62.69,11.63,36.95,30.17,11.82,371.61,1.7,1.89,0.47,2.1
4794.0,23.18,14.28,93.75,9.51,371.17,21.56,74.63,12.02,21.56,74.63,23.9,62.58,11.61,36.95,30.19,11.83,371.17,1.69,1.89,0.47,2.09
4795.0,23.18,14.28,93.75,9.51,369.29,21.56,74.63,12.02,21.56,74.63,23.9,62.58,11.61,36.95,30.19,11.83,369.29,1.7,1.87,0.47,2.09
4796.0,23.18,14.28,93.75,9.51,368.06,21.56,74.63,12.02,21.56,74.63,23.9,62.58,11.61,36.95,30.19,11.83,368.06,1.69,1.87,0.46,2.09
4797.0,23.2,14.29,93.54,9.5,367.04,21.57,74.62,12.03,21.57,74.62,23.92,62.61,11.63,36.97,30.2,11.85,367.04,1.69,1.87,0.46,2.1
4798.0,23.2,14.29,93.54,9.5,367,21.57,74.62,12.03,21.57,74.62,23.92,62.61,11.63,36.97,30.2,11.85,367,1.69,1.87,0.46,2.1
4799.0,23.2,14.29,93.54,9.5,368.29,21.57,74.62,12.03,21.57,74.62,23.92,62.61,11.63,36.97,30.2,11.85,368.29,1.7,1.87,0.47,2.1
4800.0,23.16,14.28,93.49,9.49,370.16,21.55,74.63,12.01,21.55,74.63,23.91,62.58,11.62,36.9,30.22,11.81,370.16,1.71,1.88,0.47,2.09
4801.0,23.16,14.28,93.49,9.49,373.63,21.55,74.63,12.01,21.55,74.63,23.91,62.58,11.62,36.9,30.22,11.81,373.63,1.72,1.89,0.47,2.09
4802.0,23.16,14.28,93.49,9.49,376.17,21.55,74.63,12.01,21.55,74.63,23.91,62.58,11.62,36.9,30.22,11.81,376.17,1.73,1.9,0.46,2.09
4803.0,23.16,14.29,93.56,9.5,381.82,21.56,74.63,12.02,21.56,74.63,23.92,62.48,11.61,36.95,30.22,11.84,381.82,1.76,1.94,0.46,2.1
4804.0,23.16,14.29,93.56,9.5,382.79,21.56,74.63,12.02,21.56,74.63,23.92,62.48,11.61,36.95,30.22,11.84,382.79,1.76,1.94,0.48,2.1
4805.0,23.16,14.29,93.56,9.5,384.93,21.56,74.63,12.02,21.56,74.63,23.92,62.48,11.61,36.95,30.22,11.84,384.93,1.77,1.96,0.46,2.1
4806.0,23.15,14.3,93.47,9.49,386,21.56,74.53,12.01,21.56,74.53,23.93,62.52,11.62,36.96,30.18,11.83,386,1.77,1.96,0.46,2.1
4807.0,23.15,14.3,93.47,9.49,383.73,21.56,74.53,12.01,21.56,74.53,23.93,62.52,11.62,36.96,30.18,11.83,383.73,1.76,1.95,0.47,2.1
4808.0,23.15,14.3,93.47,9.49,381.52,21.56,74.53,12.01,21.56,74.53,23.93,62.52,11.62,36.96,30.18,11.83,381.52,1.75,1.94,0.47,2.1
4809.0,23.1,14.25,93.69,9.49,381.26,21.51,74.65,11.99,21.51,74.65,23.88,62.51,11.58,36.83,30.22,11.76,381.26,1.75,1.94,0.45,2.08
4810.0,23.1,14.25,93.69,9.49,380.41,21.51,74.65,11.99,21.51,74.65,23.88,62.51,11.58,36.83,30.22,11.76,380.41,1.74,1.91,0.45,2.07
4811.0,23.1,14.25,93.69,9.49,380.18,21.51,74.65,11.99,21.51,74.65,23.88,62.51,11.58,36.83,30.22,11.76,380.18,1.74,1.91,0.45,2.07
4812.0,23.13,14.28,93.4,9.48,382.35,21.52,74.59,11.99,21.52,74.59,23.9,62.58,11.61,36.9,30.22,11.81,382.35,1.75,1.94,0.45,2.09
4813.0,23.13,14.28,93.4,9.48,382.18,21.52,74.59,11.99,21.52,74.59,23.9,62.58,11.61,36.9,30.22,11.81,382.18,1.75,1.94,0.44,2.09
4814.0,23.13,14.28,93.4,9.48,380.29,21.52,74.59,11.99,21.52,74.59,23.9,62.58,11.61,36.9,30.22,11.81,380.29,1.74,1.93,0.46,2.09
4815.0,23.16,14.29,93.63,9.51,379.8,21.56,74.51,12,21.56,74.51,23.93,62.47,11.62,36.97,30.17,11.83,379.8,1.74,1.93,0.46,2.1
4816.0,23.16,14.29,93.63,9.51,378.47,21.56,74.51,12,21.56,74.51,23.93,62.47,11.62,36.97,30.17,11.83,378.47,1.73,1.93,0.45,2.1
4817.0,23.16,14.29,93.63,9.51,377.53,21.56,74.51,12,21.56,74.51,23.93,62.47,11.62,36.97,30.17,11.83,377.53,1.73,1.93,0.45,2.1
4818.0,23.16,14.27,93.63,9.49,375.04,21.56,74.51,12,21.56,74.51,23.94,62.45,11.62,36.97,30.18,11.84,375.04,1.72,1.91,0.46,2.08
4819.0,23.16,14.27,93.63,9.49,374.64,21.56,74.51,12,21.56,74.51,23.94,62.45,11.62,36.97,30.18,11.84,374.64,1.72,1.91,0.47,2.08
4820.0,23.16,14.27,93.63,9.49,374.89,21.56,74.51,12,21.56,74.51,23.94,62.45,11.62,36.97,30.18,11.84,374.89,1.72,1.91,0.45,2.08
4821.0,23.16,14.29,93.72,9.51,379.24,21.55,74.55,12,21.55,74.55,23.95,62.43,11.62,36.97,30.14,11.82,379.24,1.73,1.93,0.44,2.09
4822.0,23.16,14.29,93.72,9.51,380.78,21.55,74.55,12,21.55,74.55,23.95,62.43,11.62,36.97,30.14,11.82,380.78,1.74,1.94,0.48,2.09
4823.0,23.16,14.29,93.72,9.51,381.55,21.55,74.55,12,21.55,74.55,23.95,62.43,11.62,36.97,30.14,11.82,381.55,1.74,1.94,0.48,2.09
4824.0,23.18,14.29,93.49,9.49,381.01,21.55,74.51,12,21.55,74.51,23.95,62.37,11.61,36.97,30.17,11.83,381.01,1.74,1.94,0.47,2.09
4825.0,23.18,14.29,93.49,9.49,377.5,21.55,74.51,12,21.55,74.51,23.95,62.37,11.61,36.97,30.17,11.83,377.5,1.73,1.93,0.47,2.09
4826.0,23.18,14.29,93.49,9.49,375,21.55,74.51,12,21.55,74.51,23.95,62.37,11.61,36.97,30.17,11.83,375,1.72,1.92,0.47,2.09
4827.0,23.18,14.29,93.66,9.51,372.38,21.56,74.64,12.02,21.56,74.64,23.95,62.36,11.61,36.98,30.19,11.85,372.38,1.71,1.9,0.47,2.09
4828.0,23.18,14.29,93.66,9.51,371.9,21.56,74.64,12.02,21.56,74.64,23.95,62.36,11.61,36.98,30.19,11.85,371.9,1.71,1.9,0.45,2.09
4829.0,23.18,14.29,93.66,9.51,372.04,21.56,74.64,12.02,21.56,74.64,23.95,62.36,11.61,36.98,30.19,11.85,372.04,1.71,1.9,0.47,2.09
4830.0,23.13,14.26,93.65,9.49,372.18,21.53,74.54,11.99,21.53,74.54,23.92,62.45,11.6,36.91,30.27,11.83,372.18,1.71,1.9,0.46,2.08
4831.0,23.13,14.26,93.65,9.49,370.77,21.53,74.54,11.99,21.53,74.54,23.92,62.45,11.6,36.91,30.27,11.83,370.77,1.7,1.89,0.47,2.08
4832.0,23.13,14.26,93.65,9.49,372.51,21.53,74.54,11.99,21.53,74.54,23.92,62.45,11.6,36.91,30.27,11.83,372.51,1.71,1.9,0.46,2.07
4833.0,23.13,14.27,93.55,9.49,373.55,21.52,74.6,11.99,21.52,74.6,23.9,62.62,11.62,36.89,30.27,11.82,373.55,1.71,1.9,0.45,2.08
4834.0,23.13,14.27,93.55,9.49,373.84,21.52,74.6,11.99,21.52,74.6,23.9,62.62,11.62,36.89,30.27,11.82,373.84,1.71,1.9,0.45,2.08
4835.0,23.13,14.27,93.55,9.49,374.87,21.52,74.6,11.99,21.52,74.6,23.9,62.62,11.62,36.89,30.27,11.82,374.87,1.72,1.91,0.44,2.08
4836.0,23.18,14.3,93.46,9.49,375.02,21.57,74.58,12.02,21.57,74.58,23.92,62.63,11.63,36.98,30.22,11.86,375.02,1.72,1.91,0.44,2.09
4837.0,23.18,14.3,93.46,9.49,375.77,21.57,74.58,12.02,21.57,74.58,23.92,62.63,11.63,36.98,30.22,11.86,375.77,1.73,1.92,0.48,2.09
4838.0,23.18,14.3,93.46,9.49,377.38,21.57,74.58,12.02,21.57,74.58,23.92,62.63,11.63,36.98,30.22,11.86,377.38,1.74,1.93,0.46,2.09
4839.0,23.17,14.32,93.23,9.48,380.17,21.57,74.58,12.02,21.57,74.58,23.91,62.6,11.62,36.98,30.23,11.87,380.17,1.75,1.94,0.48,2.1
4840.0,23.17,14.32,93.23,9.48,380.25,21.57,74.58,12.02,21.57,74.58,23.91,62.6,11.62,36.98,30.23,11.87,380.25,1.75,1.95,0.49,2.1
4841.0,23.17,14.32,93.23,9.48,378.62,21.57,74.58,12.02,21.57,74.58,23.91,62.6,11.62,36.98,30.23,11.87,378.62,1.75,1.94,0.45,2.1
4842.0,23.13,14.27,93.54,9.49,378.26,21.53,74.63,12,21.53,74.63,23.89,62.61,11.61,36.9,30.29,11.84,378.26,1.74,1.93,0.45,2.08
4843.0,23.13,14.27,93.54,9.49,377.21,21.53,74.63,12,21.53,74.63,23.89,62.61,11.61,36.9,30.29,11.84,377.21,1.73,1.92,0.44,2.08
4844.0,23.13,14.27,93.54,9.49,376.34,21.53,74.63,12,21.53,74.63,23.89,62.61,11.61,36.9,30.29,11.84,376.34,1.73,1.92,0.45,2.08
4845.0,23.16,14.29,93.55,9.5,376.2,21.56,74.47,12,21.56,74.47,23.91,62.54,11.61,36.97,30.23,11.85,376.2,1.73,1.91,0.45,2.09
4846.0,23.16,14.29,93.55,9.5,376.52,21.56,74.47,12,21.56,74.47,23.91,62.54,11.61,36.97,30.23,11.85,376.52,1.73,1.93,0.45,2.09
4847.0,23.16,14.29,93.55,9.5,374.9,21.56,74.47,12,21.56,74.47,23.91,62.54,11.61,36.97,30.23,11.85,374.9,1.72,1.92,0.47,2.09
4848.0,23.15,14.32,93.26,9.49,373.52,21.55,74.61,12.01,21.55,74.61,23.9,62.63,11.62,36.95,30.23,11.84,373.52,1.72,1.9,0.45,2.11
4849.0,23.15,14.32,93.26,9.49,373.47,21.55,74.61,12.01,21.55,74.61,23.9,62.63,11.62,36.95,30.23,11.84,373.47,1.72,1.9,0.47,2.11
4850.0,23.15,14.32,93.26,9.49,375.06,21.55,74.61,12.01,21.55,74.61,23.9,62.63,11.62,36.95,30.23,11.84,375.06,1.72,1.91,0.48,2.11
4851.0,23.15,14.33,93.26,9.49,375.94,21.57,74.59,12.02,21.57,74.59,23.91,62.62,11.63,36.97,30.22,11.85,375.94,1.73,1.92,0.48,2.11
4852.0,23.15,14.33,93.26,9.49,377.1,21.57,74.59,12.02,21.57,74.59,23.91,62.62,11.63,36.97,30.22,11.85,377.1,1.73,1.92,0.47,2.11
4853.0,23.15,14.33,93.26,9.49,377.22,21.57,74.59,12.02,21.57,74.59,23.91,62.62,11.63,36.97,30.22,11.85,377.22,1.73,1.93,0.48,2.11
4854.0,23.15,14.3,93.74,9.52,378.27,21.56,74.42,11.99,21.56,74.42,23.91,62.48,11.6,36.95,30.21,11.84,378.27,1.72,1.94,0.47,2.09
4855.0,23.15,14.3,93.74,9.52,384.41,21.56,74.42,11.99,21.56,74.42,23.91,62.48,11.6,36.95,30.21,11.84,384.41,1.75,1.97,0.48,2.09
4856.0,23.15,14.3,93.74,9.52,386.18,21.56,74.42,11.99,21.56,74.42,23.91,62.48,11.6,36.95,30.21,11.84,386.18,1.76,1.98,0.45,2.09
4857.0,23.16,14.31,93.61,9.51,384.61,21.56,74.43,11.99,21.56,74.43,23.92,62.49,11.61,36.97,30.2,11.84,384.61,1.75,1.97,0.47,2.1
4858.0,23.16,14.31,93.61,9.51,383.88,21.56,74.43,11.99,21.56,74.43,23.92,62.49,11.61,36.97,30.2,11.84,383.88,1.75,1.97,0.47,2.1
4859.0,23.16,14.31,93.61,9.51,383.47,21.56,74.43,11.99,21.56,74.43,23.92,62.49,11.61,36.97,30.2,11.84,383.47,1.75,1.96,0.45,2.1
4860.0,23.16,14.3,93.66,9.51,383.23,21.56,74.51,12,21.56,74.51,23.92,62.47,11.61,36.96,30.19,11.83,383.23,1.75,1.96,0.45,2.09
4861.0,23.16,14.3,93.66,9.51,383.18,21.56,74.51,12,21.56,74.51,23.92,62.47,11.61,36.96,30.19,11.83,383.18,1.75,1.95,0.44,2.09
4862.0,23.16,14.3,93.66,9.51,383.18,21.56,74.51,12,21.56,74.51,23.92,62.47,11.61,36.96,30.19,11.83,383.18,1.75,1.95,0.46,2.09
4863.0,23.16,14.29,93.61,9.51,380.22,21.56,74.58,12.01,21.56,74.58,23.91,62.47,11.6,36.96,30.17,11.83,380.22,1.74,1.93,0.45,2.09
4864.0,23.16,14.29,93.61,9.51,382.21,21.56,74.58,12.01,21.56,74.58,23.91,62.47,11.6,36.96,30.17,11.83,382.21,1.75,1.94,0.47,2.09
4865.0,23.16,14.29,93.61,9.51,384.14,21.56,74.58,12.01,21.56,74.58,23.91,62.47,11.6,36.96,30.17,11.83,384.14,1.76,1.95,0.47,2.09
4866.0,23.17,14.3,93.57,9.51,382.8,21.56,74.61,12.02,21.56,74.61,23.91,62.56,11.62,36.96,30.17,11.82,382.8,1.75,1.95,0.47,2.1
4867.0,23.17,14.3,93.57,9.51,381.72,21.56,74.61,12.02,21.56,74.61,23.91,62.56,11.62,36.96,30.17,11.82,381.72,1.75,1.94,0.47,2.1
4868.0,23.17,14.3,93.57,9.51,381.32,21.56,74.61,12.02,21.56,74.61,23.91,62.56,11.62,36.96,30.17,11.82,381.32,1.75,1.94,0.47,2.1
4869.0,23.18,14.3,93.57,9.51,378.28,21.57,74.57,12.02,21.57,74.57,23.9,62.58,11.61,36.97,30.15,11.83,378.28,1.74,1.92,0.46,2.1
4870.0,23.18,14.3,93.57,9.51,377.31,21.57,74.57,12.02,21.57,74.57,23.9,62.58,11.61,36.97,30.15,11.83,377.31,1.73,1.92,0.46,2.1
4871.0,23.18,14.3,93.57,9.51,378.99,21.57,74.57,12.02,21.57,74.57,23.9,62.58,11.61,36.97,30.15,11.83,378.99,1.74,1.93,0.45,2.1
4872.0,23.19,14.31,93.47,9.5,378.35,21.57,74.53,12.01,21.57,74.53,23.89,62.69,11.63,36.98,30.15,11.83,378.35,1.74,1.92,0.46,2.1
4873.0,23.19,14.31,93.47,9.5,377.21,21.57,74.53,12.01,21.57,74.53,23.89,62.69,11.63,36.98,30.15,11.83,377.21,1.73,1.92,0.48,2.1
4874.0,23.19,14.31,93.47,9.5,376.95,21.57,74.53,12.01,21.57,74.53,23.89,62.69,11.63,36.98,30.15,11.83,376.95,1.73,1.92,0.48,2.1
4875.0,23.2,14.32,93.37,9.5,377.39,21.57,74.48,12.01,21.57,74.48,23.89,62.71,11.62,36.98,30.14,11.83,377.39,1.73,1.92,0.46,2.11
4876.0,23.2,14.32,93.37,9.5,380.49,21.57,74.48,12.01,21.57,74.48,23.89,62.71,11.62,36.98,30.14,11.83,380.49,1.74,1.94,0.46,2.11
4877.0,23.2,14.32,93.37,9.5,381.5,21.57,74.48,12.01,21.57,74.48,23.89,62.71,11.62,36.98,30.14,11.83,381.5,1.75,1.94,0.47,2.11
4878.0,23.17,14.31,93.39,9.49,381.37,21.55,74.48,11.99,21.55,74.48,23.87,62.66,11.61,36.94,30.16,11.81,381.37,1.74,1.94,0.47,2.1
4879.0,23.17,14.31,93.39,9.49,379.03,21.55,74.48,11.99,21.55,74.48,23.87,62.66,11.61,36.94,30.16,11.81,379.03,1.73,1.93,0.47,2.1
4880.0,23.17,14.31,93.39,9.49,375.32,21.55,74.48,11.99,21.55,74.48,23.87,62.66,11.61,36.94,30.16,11.81,375.32,1.72,1.91,0.47,2.1
4881.0,23.15,14.29,93.54,9.5,374.27,21.56,74.44,11.99,21.56,74.44,23.88,62.58,11.6,36.94,30.17,11.82,374.27,1.71,1.9,0.48,2.09
4882.0,23.15,14.29,93.54,9.5,373.46,21.56,74.44,11.99,21.56,74.44,23.88,62.58,11.6,36.94,30.17,11.82,373.46,1.71,1.9,0.48,2.09
4883.0,23.15,14.29,93.54,9.5,374.12,21.56,74.44,11.99,21.56,74.44,23.88,62.58,11.6,36.94,30.17,11.82,374.12,1.71,1.9,0.46,2.09
4884.0,23.15,14.29,93.78,9.52,376.65,21.56,74.38,11.98,21.56,74.38,23.88,62.68,11.62,36.95,30.18,11.82,376.65,1.71,1.92,0.45,2.09
4885.0,23.15,14.29,93.78,9.52,372.34,21.56,74.38,11.98,21.56,74.38,23.88,62.68,11.62,36.95,30.18,11.82,372.34,1.69,1.9,0.45,2.09
4886.0,23.15,14.29,93.78,9.52,370.88,21.56,74.38,11.98,21.56,74.38,23.88,62.68,11.62,36.95,30.18,11.82,370.88,1.69,1.89,0.46,2.09
4887.0,23.15,14.3,93.72,9.52,371.94,21.57,74.38,11.99,21.57,74.38,23.88,62.64,11.61,36.96,30.17,11.83,371.94,1.69,1.9,0.46,2.1
4888.0,23.15,14.3,93.72,9.52,376.51,21.57,74.38,11.99,21.57,74.38,23.88,62.64,11.61,36.96,30.17,11.83,376.51,1.71,1.92,0.47,2.1
4889.0,23.15,14.3,93.72,9.52,379.13,21.57,74.38,11.99,21.57,74.38,23.88,62.64,11.61,36.96,30.17,11.83,379.13,1.73,1.93,0.46,2.1
4890.0,23.15,14.29,93.67,9.51,380.88,21.56,74.44,11.99,21.56,74.44,23.88,62.7,11.62,36.92,30.17,11.8,380.88,1.74,1.93,0.46,2.09
4891.0,23.15,14.29,93.67,9.51,384.98,21.56,74.44,11.99,21.56,74.44,23.88,62.7,11.62,36.92,30.17,11.8,384.98,1.76,1.95,0.46,2.09
4892.0,23.15,14.29,93.67,9.51,384.4,21.56,74.44,11.99,21.56,74.44,23.88,62.7,11.62,36.92,30.17,11.8,384.4,1.75,1.95,0.44,2.09
4893.0,23.12,14.26,93.69,9.49,383.41,21.54,74.43,11.97,21.54,74.43,23.88,62.48,11.58,36.88,30.21,11.79,383.41,1.75,1.95,0.46,2.08
4894.0,23.12,14.26,93.69,9.49,383.33,21.54,74.43,11.97,21.54,74.43,23.88,62.48,11.58,36.88,30.21,11.79,383.33,1.75,1.94,0.46,2.08
4895.0,23.12,14.26,93.69,9.49,382.78,21.54,74.43,11.97,21.54,74.43,23.88,62.48,11.58,36.88,30.21,11.79,382.78,1.75,1.94,0.45,2.07
4896.0,23.11,14.26,93.78,9.5,380.55,21.53,74.45,11.97,21.53,74.45,23.89,62.45,11.58,36.86,30.21,11.78,380.55,1.74,1.93,0.45,2.07
4897.0,23.11,14.26,93.78,9.5,373.52,21.53,74.45,11.97,21.53,74.45,23.89,62.45,11.58,36.86,30.21,11.78,373.52,1.7,1.89,0.44,2.07
4898.0,23.11,14.26,93.78,9.5,371.99,21.53,74.45,11.97,21.53,74.45,23.89,62.45,11.58,36.86,30.21,11.78,371.99,1.69,1.88,0.49,2.07
4899.0,23.16,14.29,93.69,9.51,370.44,21.56,74.51,12.01,21.56,74.51,23.91,62.55,11.61,36.94,30.23,11.84,370.44,1.7,1.89,0.45,2.09
4900.0,23.16,14.29,93.69,9.51,369.99,21.56,74.51,12.01,21.56,74.51,23.91,62.55,11.61,36.94,30.23,11.84,369.99,1.7,1.88,0.45,2.09
4901.0,23.16,14.29,93.69,9.51,369.63,21.56,74.51,12.01,21.56,74.51,23.91,62.55,11.61,36.94,30.23,11.84,369.63,1.69,1.88,0.45,2.09
4902.0,23.15,14.29,93.46,9.49,370.38,21.55,74.48,11.99,21.55,74.48,23.89,62.65,11.62,36.91,30.19,11.8,370.38,1.7,1.89,0.45,2.09
4903.0,23.15,14.29,93.46,9.49,373.49,21.55,74.48,11.99,21.55,74.48,23.89,62.65,11.62,36.91,30.19,11.8,373.49,1.71,1.89,0.45,2.09
4904.0,23.15,14.29,93.46,9.49,374.12,21.55,74.48,11.99,21.55,74.48,23.89,62.65,11.62,36.91,30.19,11.8,374.12,1.72,1.9,0.45,2.09
4905.0,23.16,14.29,93.4,9.48,372.05,21.56,74.49,12,21.56,74.49,23.9,62.62,11.62,36.92,30.26,11.83,372.05,1.71,1.89,0.44,2.09
4906.0,23.16,14.29,93.4,9.48,372.8,21.56,74.49,12,21.56,74.49,23.9,62.62,11.62,36.92,30.26,11.83,372.8,1.71,1.9,0.47,2.09
4907.0,23.16,14.29,93.4,9.48,375.88,21.56,74.49,12,21.56,74.49,23.9,62.62,11.62,36.92,30.26,11.83,375.88,1.73,1.91,0.48,2.09
4908.0,23.17,14.29,93.59,9.5,376.91,21.56,74.53,12.01,21.56,74.53,23.9,62.6,11.62,36.92,30.24,11.83,376.91,1.73,1.92,0.47,2.09
4909.0,23.17,14.29,93.59,9.5,378.05,21.56,74.53,12.01,21.56,74.53,23.9,62.6,11.62,36.92,30.24,11.83,378.05,1.73,1.92,0.45,2.09
4910.0,23.17,14.29,93.59,9.5,378.08,21.56,74.53,12.01,21.56,74.53,23.9,62.6,11.62,36.92,30.24,11.83,378.08,1.73,1.92,0.45,2.09
4911.0,23.17,14.29,93.56,9.5,380.72,21.56,74.52,12,21.56,74.52,23.91,62.5,11.6,36.92,30.23,11.83,380.72,1.74,1.93,0.47,2.09
4912.0,23.17,14.29,93.56,9.5,377.09,21.56,74.52,12,21.56,74.52,23.91,62.5,11.6,36.92,30.23,11.83,377.09,1.73,1.92,0.44,2.09
4913.0,23.17,14.29,93.56,9.5,369.68,21.56,74.52,12,21.56,74.52,23.91,62.5,11.6,36.92,30.23,11.83,369.68,1.69,1.88,0.47,2.09
4914.0,23.11,14.26,93.55,9.48,369.17,21.51,74.33,11.93,21.51,74.33,23.87,62.49,11.57,36.82,30.24,11.76,369.17,1.67,1.87,0.45,2.07
4915.0,23.11,14.26,93.55,9.48,371.84,21.51,74.33,11.93,21.51,74.33,23.87,62.49,11.57,36.82,30.24,11.76,371.84,1.69,1.88,0.45,2.07
4916.0,23.11,14.26,93.55,9.48,375.08,21.51,74.33,11.93,21.51,74.33,23.87,62.49,11.57,36.82,30.24,11.76,375.08,1.7,1.9,0.45,2.07
4917.0,23.09,14.29,93.49,9.49,376.11,21.53,74.35,11.96,21.53,74.35,23.89,62.63,11.61,36.87,30.26,11.81,376.11,1.71,1.91,0.43,2.08
4918.0,23.09,14.29,93.49,9.49,378.98,21.53,74.35,11.96,21.53,74.35,23.89,62.63,11.61,36.87,30.26,11.81,378.98,1.72,1.93,0.44,2.08
4919.0,23.09,14.29,93.49,9.49,379.58,21.53,74.35,11.96,21.53,74.35,23.89,62.63,11.61,36.87,30.26,11.81,379.58,1.72,1.93,0.44,2.08
4920.0,23.09,14.3,93.36,9.48,380.26,21.54,74.34,11.96,21.54,74.34,23.89,62.51,11.59,36.89,30.25,11.81,380.26,1.73,1.94,0.47,2.09
4921.0,23.09,14.3,93.36,9.48,380.47,21.54,74.34,11.96,21.54,74.34,23.89,62.51,11.59,36.89,30.25,11.81,380.47,1.73,1.94,0.44,2.09
4922.0,23.09,14.3,93.36,9.48,377.35,21.54,74.34,11.96,21.54,74.34,23.89,62.51,11.59,36.89,30.25,11.81,377.35,1.72,1.92,0.47,2.09
4923.0,23.11,14.29,93.54,9.5,375.75,21.56,74.34,11.97,21.56,74.34,23.9,62.62,11.62,36.92,30.25,11.83,375.75,1.71,1.92,0.45,2.08
4924.0,23.11,14.29,93.54,9.5,374.86,21.56,74.34,11.97,21.56,74.34,23.9,62.62,11.62,36.92,30.25,11.83,374.86,1.71,1.92,0.46,2.08
4925.0,23.11,14.29,93.54,9.5,374.32,21.56,74.34,11.97,21.56,74.34,23.9,62.62,11.62,36.92,30.25,11.83,374.32,1.71,1.91,0.44,2.08
4926.0,23.12,14.29,93.43,9.49,370.93,21.55,74.43,11.98,21.55,74.43,23.9,62.53,11.6,36.9,30.26,11.82,370.93,1.7,1.89,0.45,2.09
4927.0,23.12,14.29,93.43,9.49,369.87,21.55,74.43,11.98,21.55,74.43,23.9,62.53,11.6,36.9,30.26,11.82,369.87,1.69,1.88,0.45,2.09
4928.0,23.12,14.29,93.43,9.49,368.62,21.55,74.43,11.98,21.55,74.43,23.9,62.53,11.6,36.9,30.26,11.82,368.62,1.68,1.88,0.48,2.09
4929.0,23.14,14.31,93.54,9.51,370.06,21.56,74.38,11.98,21.56,74.38,23.9,62.56,11.61,36.92,30.26,11.84,370.06,1.69,1.89,0.47,2.1
4930.0,23.14,14.31,93.54,9.51,373.78,21.56,74.38,11.98,21.56,74.38,23.9,62.56,11.61,36.92,30.26,11.84,373.78,1.7,1.91,0.47,2.1
4931.0,23.14,14.31,93.54,9.51,375.83,21.56,74.38,11.98,21.56,74.38,23.9,62.56,11.61,36.92,30.26,11.84,375.83,1.71,1.92,0.47,2.1
4932.0,23.15,14.31,93.36,9.49,376.99,21.55,74.47,11.99,21.55,74.47,23.89,62.62,11.62,36.92,30.26,11.83,376.99,1.72,1.92,0.44,2.1
4933.0,23.15,14.31,93.36,9.49,375.58,21.55,74.47,11.99,21.55,74.47,23.89,62.62,11.62,36.92,30.26,11.83,375.58,1.71,1.92,0.44,2.1
4934.0,23.15,14.31,93.36,9.49,369.98,21.55,74.47,11.99,21.55,74.47,23.89,62.62,11.62,36.92,30.26,11.83,369.98,1.69,1.89,0.46,2.1
4935.0,23.15,14.31,93.47,9.5,367.18,21.55,74.4,11.98,21.55,74.4,23.89,62.65,11.62,36.93,30.24,11.84,367.18,1.68,1.87,0.46,2.1
4936.0,23.15,14.31,93.47,9.5,366.99,21.55,74.4,11.98,21.55,74.4,23.89,62.65,11.62,36.93,30.24,11.84,366.99,1.67,1.88,0.46,2.1
4937.0,23.15,14.31,93.47,9.5,369.22,21.55,74.4,11.98,21.55,74.4,23.89,62.65,11.62,36.93,30.24,11.84,369.22,1.68,1.89,0.46,2.1
4938.0,23.13,14.3,93.45,9.49,370.74,21.55,74.53,12,21.55,74.53,23.89,62.64,11.62,36.94,30.24,11.84,370.74,1.7,1.89,0.46,2.09
4939.0,23.13,14.3,93.45,9.49,371.29,21.55,74.53,12,21.55,74.53,23.89,62.64,11.62,36.94,30.24,11.84,371.29,1.7,1.89,0.47,2.09
4940.0,23.13,14.3,93.45,9.49,376.26,21.55,74.53,12,21.55,74.53,23.89,62.64,11.62,36.94,30.24,11.84,376.26,1.72,1.92,0.47,2.09
4941.0,23.11,14.31,93.45,9.5,378.69,21.55,74.55,12.01,21.55,74.55,23.9,62.63,11.62,36.94,30.24,11.84,378.69,1.74,1.93,0.46,2.09
4942.0,23.11,14.31,93.45,9.5,376.57,21.55,74.55,12.01,21.55,74.55,23.9,62.63,11.62,36.94,30.24,11.84,376.57,1.72,1.92,0.46,2.1
4943.0,23.11,14.31,93.45,9.5,371.82,21.55,74.55,12.01,21.55,74.55,23.9,62.63,11.62,36.94,30.24,11.84,371.82,1.7,1.9,0.46,2.1
4944.0,23.12,14.3,93.56,9.51,370.29,21.56,74.54,12,21.56,74.54,23.9,62.57,11.61,36.95,30.23,11.85,370.29,1.69,1.89,0.44,2.09
4945.0,23.12,14.3,93.56,9.51,370.3,21.56,74.54,12,21.56,74.54,23.9,62.57,11.61,36.95,30.23,11.85,370.3,1.69,1.89,0.43,2.09
4946.0,23.12,14.3,93.56,9.51,371.9,21.56,74.54,12,21.56,74.54,23.9,62.57,11.61,36.95,30.23,11.85,371.9,1.7,1.9,0.43,2.09
4947.0,23.12,14.31,93.5,9.51,371.18,21.55,74.47,11.99,21.55,74.47,23.9,62.48,11.59,36.93,30.24,11.84,371.18,1.69,1.9,0.48,2.1
4948.0,23.12,14.31,93.5,9.51,370.67,21.55,74.47,11.99,21.55,74.47,23.9,62.48,11.59,36.93,30.24,11.84,370.67,1.69,1.89,0.46,2.1
4949.0,23.12,14.31,93.5,9.51,370.28,21.55,74.47,11.99,21.55,74.47,23.9,62.48,11.59,36.93,30.24,11.84,370.28,1.69,1.89,0.47,2.1
4950.0,23.12,14.3,93.69,9.52,370.11,21.55,74.34,11.97,21.55,74.34,23.92,62.44,11.6,36.94,30.24,11.85,370.11,1.69,1.89,0.47,2.09
4951.0,23.12,14.3,93.69,9.52,370.2,21.55,74.34,11.97,21.55,74.34,23.92,62.44,11.6,36.94,30.24,11.85,370.2,1.68,1.9,0.45,2.09
4952.0,23.12,14.3,93.69,9.52,371.92,21.55,74.34,11.97,21.55,74.34,23.92,62.44,11.6,36.94,30.24,11.85,371.92,1.69,1.91,0.45,2.09
4953.0,23.14,14.31,93.59,9.51,372.91,21.56,74.36,11.98,21.56,74.36,23.93,62.48,11.61,36.96,30.22,11.85,372.91,1.69,1.91,0.44,2.1
4954.0,23.14,14.31,93.59,9.51,372.5,21.56,74.36,11.98,21.56,74.36,23.93,62.48,11.61,36.96,30.22,11.85,372.5,1.69,1.91,0.44,2.1
4955.0,23.14,14.31,93.59,9.51,374.53,21.56,74.36,11.98,21.56,74.36,23.93,62.48,11.61,36.96,30.22,11.85,374.53,1.7,1.92,0.46,2.1
4956.0,23.13,14.29,93.87,9.53,375.35,21.55,74.38,11.97,21.55,74.38,23.92,62.5,11.61,36.95,30.21,11.83,375.35,1.71,1.93,0.45,2.09
4957.0,23.13,14.29,93.87,9.53,375.75,21.55,74.38,11.97,21.55,74.38,23.92,62.5,11.61,36.95,30.21,11.83,375.75,1.7,1.93,0.45,2.08
4958.0,23.13,14.29,93.87,9.53,375.2,21.55,74.38,11.97,21.55,74.38,23.92,62.5,11.61,36.95,30.21,11.83,375.2,1.7,1.92,0.45,2.08
4959.0,23.11,14.29,93.86,9.53,374.9,21.54,74.42,11.98,21.54,74.42,23.92,62.39,11.59,36.93,30.2,11.82,374.9,1.7,1.92,0.46,2.08
4960.0,23.11,14.29,93.86,9.53,374.3,21.54,74.42,11.98,21.54,74.42,23.92,62.39,11.59,36.93,30.2,11.82,374.3,1.7,1.91,0.46,2.08
4961.0,23.11,14.29,93.86,9.53,374.33,21.54,74.42,11.98,21.54,74.42,23.92,62.39,11.59,36.93,30.2,11.82,374.33,1.7,1.91,0.47,2.08
4962.0,23.13,14.32,93.46,9.51,374.12,21.56,74.48,11.99,21.56,74.48,23.92,62.53,11.62,36.97,30.19,11.84,374.12,1.7,1.91,0.46,2.1
4963.0,23.13,14.32,93.46,9.51,374.12,21.56,74.48,11.99,21.56,74.48,23.92,62.53,11.62,36.97,30.19,11.84,374.12,1.7,1.91,0.46,2.1
4964.0,23.13,14.32,93.46,9.51,378.6,21.56,74.48,11.99,21.56,74.48,23.92,62.53,11.62,36.97,30.19,11.84,378.6,1.73,1.94,0.49,2.1
4965.0,23.12,14.3,93.66,9.52,382.27,21.54,74.44,11.97,21.54,74.44,23.91,62.55,11.61,36.94,30.19,11.82,382.27,1.74,1.96,0.48,2.09
4966.0,23.12,14.3,93.66,9.52,381.61,21.54,74.44,11.97,21.54,74.44,23.91,62.55,11.61,36.94,30.19,11.82,381.61,1.73,1.95,0.46,2.09
4967.0,23.12,14.3,93.66,9.52,380.83,21.54,74.44,11.97,21.54,74.44,23.91,62.55,11.61,36.94,30.19,11.82,380.83,1.73,1.95,0.47,2.09
4968.0,23.15,14.3,93.48,9.5,380.38,21.56,74.46,11.99,21.56,74.46,23.92,62.53,11.62,36.99,30.16,11.84,380.38,1.74,1.95,0.44,2.09
4969.0,23.15,14.3,93.48,9.5,376.93,21.56,74.46,11.99,21.56,74.46,23.92,62.53,11.62,36.99,30.16,11.84,376.93,1.72,1.93,0.44,2.09
4970.0,23.15,14.3,93.48,9.5,374.49,21.56,74.46,11.99,21.56,74.46,23.92,62.53,11.62,36.99,30.16,11.84,374.49,1.71,1.92,0.44,2.09
4971.0,23.14,14.31,93.46,9.5,373.8,21.54,74.46,11.98,21.54,74.46,23.91,62.46,11.6,36.95,30.19,11.83,373.8,1.71,1.92,0.45,2.1
4972.0,23.14,14.31,93.46,9.5,371.76,21.54,74.46,11.98,21.54,74.46,23.91,62.46,11.6,36.95,30.19,11.83,371.76,1.69,1.9,0.47,2.1
4973.0,23.14,14.31,93.46,9.5,371.14,21.54,74.46,11.98,21.54,74.46,23.91,62.46,11.6,36.95,30.19,11.83,371.14,1.69,1.9,0.45,2.1
4974.0,23.16,14.32,93.3,9.49,373.72,21.55,74.46,11.99,21.55,74.46,23.93,62.44,11.61,36.96,30.17,11.83,373.72,1.71,1.91,0.47,2.1
4975.0,23.16,14.32,93.3,9.49,374.03,21.55,74.46,11.99,21.55,74.46,23.93,62.44,11.61,36.96,30.17,11.83,374.03,1.71,1.91,0.46,2.1
4976.0,23.16,14.32,93.3,9.49,373.12,21.55,74.46,11.99,21.55,74.46,23.93,62.44,11.61,36.96,30.17,11.83,373.12,1.7,1.91,0.47,2.1
4977.0,23.09,14.29,93.41,9.49,373.72,21.51,74.46,11.96,21.51,74.46,23.91,62.46,11.6,36.87,30.11,11.75,373.72,1.71,1.91,0.47,2.09
4978.0,23.09,14.29,93.41,9.49,374.88,21.51,74.46,11.96,21.51,74.46,23.91,62.46,11.6,36.87,30.11,11.75,374.88,1.7,1.89,0.45,2.09
4979.0,23.09,14.29,93.41,9.49,375.03,21.51,74.46,11.96,21.51,74.46,23.91,62.46,11.6,36.87,30.11,11.75,375.03,1.7,1.89,0.45,2.09
4980.0,23.02,14.27,93.41,9.47,375.84,21.46,74.47,11.92,21.46,74.47,23.91,62.31,11.56,36.78,30.06,11.67,375.84,1.7,1.88,0.46,2.08
4981.0,23.02,14.27,93.41,9.47,375.05,21.46,74.47,11.92,21.46,74.47,23.91,62.31,11.56,36.78,30.06,11.67,375.05,1.69,1.87,0.45,2.08
4982.0,23.02,14.27,93.41,9.47,374.23,21.46,74.47,11.92,21.46,74.47,23.91,62.31,11.56,36.78,30.06,11.67,374.23,1.69,1.87,0.41,2.08
4983.0,23.11,14.29,93.74,9.52,374.91,21.55,74.41,11.98,21.55,74.41,23.93,62.47,11.61,36.98,30.18,11.84,374.91,1.71,1.93,0.45,2.09
4984.0,23.11,14.29,93.74,9.52,373.18,21.55,74.41,11.98,21.55,74.41,23.93,62.47,11.61,36.98,30.18,11.84,373.18,1.7,1.92,0.45,2.08
4985.0,23.11,14.29,93.74,9.52,374.79,21.55,74.41,11.98,21.55,74.41,23.93,62.47,11.61,36.98,30.18,11.84,374.79,1.71,1.92,0.43,2.08
4986.0,23.1,14.28,93.74,9.51,375.68,21.55,74.4,11.98,21.55,74.4,23.93,62.55,11.63,36.97,30.19,11.84,375.68,1.71,1.93,0.46,2.08
4987.0,23.1,14.28,93.74,9.51,378.22,21.55,74.4,11.98,21.55,74.4,23.93,62.55,11.63,36.97,30.19,11.84,378.22,1.72,1.94,0.45,2.08
4988.0,23.1,14.28,93.74,9.51,378.17,21.55,74.4,11.98,21.55,74.4,23.93,62.55,11.63,36.97,30.19,11.84,378.17,1.72,1.94,0.45,2.08
4989.0,23.1,14.29,93.79,9.52,375.16,21.54,74.41,11.98,21.54,74.41,23.93,62.52,11.62,36.97,30.19,11.84,375.16,1.7,1.93,0.44,2.08
4990.0,23.1,14.29,93.79,9.52,374.15,21.54,74.41,11.98,21.54,74.41,23.93,62.52,11.62,36.97,30.19,11.84,374.15,1.7,1.92,0.45,2.08
4991.0,23.1,14.29,93.79,9.52,373.31,21.54,74.41,11.98,21.54,74.41,23.93,62.52,11.62,36.97,30.19,11.84,373.31,1.69,1.92,0.45,2.08
4992.0,23.11,14.29,93.65,9.5,373.25,21.54,74.44,11.98,21.54,74.44,23.93,62.46,11.61,36.95,30.21,11.84,373.25,1.69,1.92,0.45,2.08
4993.0,23.11,14.29,93.65,9.5,374.14,21.54,74.44,11.98,21.54,74.44,23.93,62.46,11.61,36.95,30.21,11.84,374.14,1.7,1.92,0.46,2.08
4994.0,23.11,14.29,93.65,9.5,376.33,21.54,74.44,11.98,21.54,74.44,23.93,62.46,11.61,36.95,30.21,11.84,376.33,1.71,1.93,0.44,2.08
4995.0,23.13,14.29,93.71,9.51,379.18,21.54,74.54,11.99,21.54,74.54,23.95,62.47,11.63,36.96,30.21,11.84,379.18,1.73,1.94,0.45,2.08
4996.0,23.13,14.29,93.71,9.51,379.84,21.54,74.54,11.99,21.54,74.54,23.95,62.47,11.63,36.96,30.21,11.84,379.84,1.73,1.94,0.45,2.08
4997.0,23.13,14.29,93.71,9.51,379.88,21.54,74.54,11.99,21.54,74.54,23.95,62.47,11.63,36.96,30.21,11.84,379.88,1.73,1.94,0.47,2.08
4998.0,23.15,14.3,93.67,9.52,377.24,21.54,74.58,12,21.54,74.58,23.97,62.44,11.63,36.94,30.24,11.84,377.24,1.72,1.93,0.46,2.09
4999.0,23.15,14.3,93.67,9.52,372.53,21.54,74.58,12,21.54,74.58,23.97,62.44,11.63,36.94,30.24,11.84,372.53,1.7,1.9,0.45,2.09
5000.0,23.15,14.3,93.67,9.52,371.8,21.54,74.58,12,21.54,74.58,23.97,62.44,11.63,36.94,30.24,11.84,371.8,1.69,1.9,0.45,2.09
5001.0,23.17,14.3,93.48,9.5,369.12,21.54,74.61,12,21.54,74.61,23.96,62.46,11.63,36.93,30.25,11.84,369.12,1.69,1.88,0.46,2.09
5002.0,23.17,14.3,93.48,9.5,371.58,21.54,74.61,12,21.54,74.61,23.96,62.46,11.63,36.93,30.25,11.84,371.58,1.7,1.9,0.46,2.09
5003.0,23.17,14.3,93.48,9.5,373.58,21.54,74.61,12,21.54,74.61,23.96,62.46,11.63,36.93,30.25,11.84,373.58,1.71,1.91,0.46,2.09
5004.0,23.17,14.3,93.55,9.51,377.13,21.54,74.6,12,21.54,74.6,23.96,62.48,11.63,36.92,30.26,11.84,377.13,1.72,1.92,0.45,2.09
5005.0,23.17,14.3,93.55,9.51,376.65,21.54,74.6,12,21.54,74.6,23.96,62.48,11.63,36.92,30.26,11.84,376.65,1.72,1.92,0.45,2.09
5006.0,23.17,14.3,93.55,9.51,380.68,21.54,74.6,12,21.54,74.6,23.96,62.48,11.63,36.92,30.26,11.84,380.68,1.74,1.94,0.44,2.09
5007.0,23.16,14.3,93.53,9.5,382.26,21.54,74.46,11.98,21.54,74.46,23.96,62.37,11.62,36.93,30.26,11.84,382.26,1.75,1.95,0.46,2.09
5008.0,23.16,14.3,93.53,9.5,382.87,21.54,74.46,11.98,21.54,74.46,23.96,62.37,11.62,36.93,30.26,11.84,382.87,1.74,1.96,0.48,2.09
5009.0,23.16,14.3,93.53,9.5,380.37,21.54,74.46,11.98,21.54,74.46,23.96,62.37,11.62,36.93,30.26,11.84,380.37,1.73,1.95,0.44,2.09
5010.0,23.11,14.29,93.55,9.5,377.14,21.51,74.4,11.95,21.51,74.4,23.95,62.33,11.6,36.86,30.28,11.81,377.14,1.71,1.93,0.45,2.09
5011.0,23.11,14.29,93.55,9.5,376.56,21.51,74.4,11.95,21.51,74.4,23.95,62.33,11.6,36.86,30.28,11.81,376.56,1.7,1.92,0.45,2.09
5012.0,23.11,14.29,93.55,9.5,376.4,21.51,74.4,11.95,21.51,74.4,23.95,62.33,11.6,36.86,30.28,11.81,376.4,1.7,1.92,0.48,2.09
5013.0,23.15,14.31,93.64,9.52,375.38,21.55,74.42,11.98,21.55,74.42,23.97,62.4,11.63,36.95,30.24,11.85,375.38,1.7,1.92,0.47,2.09
5014.0,23.15,14.31,93.64,9.52,374.36,21.55,74.42,11.98,21.55,74.42,23.97,62.4,11.63,36.95,30.24,11.85,374.36,1.7,1.92,0.45,2.09
5015.0,23.15,14.31,93.64,9.52,374.55,21.55,74.42,11.98,21.55,74.42,23.97,62.4,11.63,36.95,30.24,11.85,374.55,1.7,1.92,0.47,2.09
5016.0,23.13,14.32,93.36,9.5,376.51,21.51,74.48,11.96,21.51,74.48,23.94,62.48,11.62,36.87,30.3,11.82,376.51,1.7,1.92,0.47,2.1
5017.0,23.13,14.32,93.36,9.5,377.4,21.51,74.48,11.96,21.51,74.48,23.94,62.48,11.62,36.87,30.3,11.82,377.4,1.71,1.93,0.46,2.1
5018.0,23.13,14.32,93.36,9.5,378.05,21.51,74.48,11.96,21.51,74.48,23.94,62.48,11.62,36.87,30.3,11.82,378.05,1.71,1.93,0.48,2.1
5019.0,23.17,14.3,93.8,9.53,378.48,21.54,74.46,11.98,21.54,74.46,23.95,62.49,11.63,36.94,30.26,11.85,378.48,1.71,1.93,0.48,2.09
5020.0,23.17,14.3,93.8,9.53,375.7,21.54,74.46,11.98,21.54,74.46,23.95,62.49,11.63,36.94,30.26,11.85,375.7,1.7,1.93,0.46,2.09
5021.0,23.17,14.3,93.8,9.53,376.24,21.54,74.46,11.98,21.54,74.46,23.95,62.49,11.63,36.94,30.26,11.85,376.24,1.71,1.93,0.46,2.09
5022.0,23.17,14.3,93.53,9.5,376.49,21.52,74.58,11.98,21.52,74.58,23.93,62.61,11.64,36.89,30.3,11.83,376.49,1.71,1.92,0.45,2.09
5023.0,23.17,14.3,93.53,9.5,376.68,21.52,74.58,11.98,21.52,74.58,23.93,62.61,11.64,36.89,30.3,11.83,376.68,1.71,1.92,0.44,2.09
5024.0,23.17,14.3,93.53,9.5,378.15,21.52,74.58,11.98,21.52,74.58,23.93,62.61,11.64,36.89,30.3,11.83,378.15,1.72,1.93,0.45,2.09
5025.0,23.15,14.31,93.64,9.52,378.75,21.53,74.58,11.99,21.53,74.58,23.92,62.7,11.65,36.92,30.28,11.85,378.75,1.72,1.94,0.47,2.1
5026.0,23.15,14.31,93.64,9.52,376.73,21.53,74.58,11.99,21.53,74.58,23.92,62.7,11.65,36.92,30.28,11.85,376.73,1.71,1.93,0.47,2.1
5027.0,23.15,14.31,93.64,9.52,377.12,21.53,74.58,11.99,21.53,74.58,23.92,62.7,11.65,36.92,30.28,11.85,377.12,1.71,1.93,0.46,2.1
5028.0,23.13,14.29,93.68,9.51,377.8,21.52,74.62,11.99,21.52,74.62,23.9,62.69,11.64,36.92,30.29,11.85,377.8,1.71,1.93,0.46,2.09
5029.0,23.13,14.29,93.68,9.51,378.19,21.52,74.62,11.99,21.52,74.62,23.9,62.69,11.64,36.92,30.29,11.85,378.19,1.72,1.93,0.45,2.09
5030.0,23.13,14.29,93.68,9.51,378.55,21.52,74.62,11.99,21.52,74.62,23.9,62.69,11.64,36.92,30.29,11.85,378.55,1.72,1.94,0.45,2.09
5031.0,23.13,14.3,93.56,9.51,377.87,21.54,74.59,12,21.54,74.59,23.91,62.72,11.65,36.94,30.28,11.86,377.87,1.73,1.93,0.46,2.09
5032.0,23.13,14.3,93.56,9.51,376.73,21.54,74.59,12,21.54,74.59,23.91,62.72,11.65,36.94,30.28,11.86,376.73,1.72,1.93,0.46,2.09
5033.0,23.13,14.3,93.56,9.51,375.72,21.54,74.59,12,21.54,74.59,23.91,62.72,11.65,36.94,30.28,11.86,375.72,1.72,1.92,0.44,2.09
5034.0,23.1,14.29,93.56,9.5,372.71,21.52,74.54,11.97,21.52,74.54,23.89,62.67,11.62,36.9,30.31,11.84,372.71,1.7,1.91,0.45,2.08
5035.0,23.1,14.29,93.56,9.5,368,21.52,74.54,11.97,21.52,74.54,23.89,62.67,11.62,36.9,30.31,11.84,368,1.67,1.89,0.46,2.08
5036.0,23.1,14.29,93.56,9.5,365.92,21.52,74.54,11.97,21.52,74.54,23.89,62.67,11.62,36.9,30.31,11.84,365.92,1.66,1.87,0.46,2.08
5037.0,23.1,14.33,93.37,9.5,365.02,21.54,74.56,11.99,21.54,74.56,23.91,62.73,11.64,36.95,30.28,11.86,365.02,1.66,1.87,0.45,2.11
5038.0,23.1,14.33,93.37,9.5,365.13,21.54,74.56,11.99,21.54,74.56,23.91,62.73,11.64,36.95,30.28,11.86,365.13,1.66,1.87,0.45,2.11
5039.0,23.1,14.33,93.37,9.5,363.69,21.54,74.56,11.99,21.54,74.56,23.91,62.73,11.64,36.95,30.28,11.86,363.69,1.66,1.87,0.46,2.11
5040.0,23.06,14.31,93.61,9.52,365.35,21.52,74.64,11.99,21.52,74.64,23.9,62.67,11.63,36.91,30.31,11.85,365.35,1.66,1.87,0.46,2.1
5041.0,23.06,14.31,93.61,9.52,368.13,21.52,74.64,11.99,21.52,74.64,23.9,62.67,11.63,36.91,30.31,11.85,368.13,1.67,1.89,0.47,2.1
5042.0,23.1,14.32,93.64,9.53,371.86,21.54,74.56,12,21.54,74.56,23.91,62.67,11.63,36.96,30.27,11.87,371.86,1.69,1.9,0.43,2.1
5043.0,23.1,14.32,93.64,9.53,374.79,21.54,74.56,12,21.54,74.56,23.91,62.67,11.63,36.96,30.27,11.87,374.79,1.7,1.93,0.44,2.11
5044.0,23.1,14.32,93.64,9.53,378.37,21.54,74.56,12,21.54,74.56,23.91,62.67,11.63,36.96,30.27,11.87,378.37,1.72,1.94,0.45,2.11
5045.0,23.1,14.32,93.64,9.53,379.65,21.54,74.56,12,21.54,74.56,23.91,62.67,11.63,36.96,30.27,11.87,379.65,1.72,1.95,0.45,2.11
5046.0,23.12,14.31,93.81,9.54,383.33,21.53,74.59,11.99,21.53,74.59,23.91,62.65,11.63,36.93,30.29,11.86,383.33,1.74,1.96,0.46,2.1
5047.0,23.12,14.31,93.81,9.54,384.48,21.53,74.59,11.99,21.53,74.59,23.91,62.65,11.63,36.93,30.29,11.86,384.48,1.74,1.97,0.46,2.1
5048.0,23.12,14.31,93.81,9.54,382.63,21.53,74.59,11.99,21.53,74.59,23.91,62.65,11.63,36.93,30.29,11.86,382.63,1.73,1.96,0.47,2.1
5049.0,23.12,14.32,93.54,9.52,380.87,21.54,74.51,11.99,21.54,74.51,23.9,62.73,11.64,36.95,30.28,11.86,380.87,1.73,1.95,0.47,2.11
5050.0,23.12,14.32,93.54,9.52,379.77,21.54,74.51,11.99,21.54,74.51,23.9,62.73,11.64,36.95,30.28,11.86,379.77,1.72,1.95,0.46,2.11
5051.0,23.12,14.32,93.54,9.52,378.79,21.54,74.51,11.99,21.54,74.51,23.9,62.73,11.64,36.95,30.28,11.86,378.79,1.72,1.95,0.47,2.11
5052.0,23.11,14.31,93.63,9.52,376.94,21.52,74.6,11.99,21.52,74.6,23.89,62.73,11.63,36.92,30.3,11.85,376.94,1.71,1.93,0.45,2.1
5053.0,23.11,14.31,93.63,9.52,376.8,21.52,74.6,11.99,21.52,74.6,23.89,62.73,11.63,36.92,30.3,11.85,376.8,1.71,1.93,0.45,2.1
5054.0,23.11,14.31,93.63,9.52,376.15,21.52,74.6,11.99,21.52,74.6,23.89,62.73,11.63,36.92,30.3,11.85,376.15,1.71,1.93,0.44,2.1
5055.0,23.12,14.32,93.38,9.5,374.96,21.54,74.54,11.99,21.54,74.54,23.9,62.69,11.63,36.96,30.25,11.86,374.96,1.7,1.92,0.44,2.1
5056.0,23.12,14.32,93.38,9.5,373.91,21.54,74.54,11.99,21.54,74.54,23.9,62.69,11.63,36.96,30.25,11.86,373.91,1.7,1.92,0.47,2.11
5057.0,23.12,14.32,93.38,9.5,373.74,21.54,74.54,11.99,21.54,74.54,23.9,62.69,11.63,36.96,30.25,11.86,373.74,1.7,1.92,0.45,2.11
5058.0,23.15,14.32,93.67,9.53,378.26,21.54,74.56,12,21.54,74.56,23.91,62.71,11.64,36.97,30.23,11.86,378.26,1.72,1.94,0.46,2.11
5059.0,23.15,14.32,93.67,9.53,376.69,21.54,74.56,12,21.54,74.56,23.91,62.71,11.64,36.97,30.23,11.86,376.69,1.71,1.93,0.47,2.11
5060.0,23.15,14.32,93.67,9.53,375.85,21.54,74.56,12,21.54,74.56,23.91,62.71,11.64,36.97,30.23,11.86,375.85,1.71,1.93,0.44,2.11
5061.0,23.16,14.3,93.63,9.51,376.05,21.54,74.59,12,21.54,74.59,23.91,62.57,11.62,36.96,30.25,11.86,376.05,1.71,1.93,0.47,2.1
5062.0,23.16,14.3,93.63,9.51,379.27,21.54,74.59,12,21.54,74.59,23.91,62.57,11.62,36.96,30.25,11.86,379.27,1.73,1.94,0.47,2.1
5063.0,23.16,14.3,93.63,9.51,377.01,21.54,74.59,12,21.54,74.59,23.91,62.57,11.62,36.96,30.25,11.86,377.01,1.72,1.93,0.47,2.1
5064.0,23.15,14.31,93.54,9.51,376.92,21.54,74.7,12.02,21.54,74.7,23.91,62.71,11.64,36.95,30.21,11.84,376.92,1.73,1.92,0.46,2.1
5065.0,23.15,14.31,93.54,9.51,379.59,21.54,74.7,12.02,21.54,74.7,23.91,62.71,11.64,36.95,30.21,11.84,379.59,1.74,1.93,0.47,2.1
5066.0,23.15,14.31,93.54,9.51,381.14,21.54,74.7,12.02,21.54,74.7,23.91,62.71,11.64,36.95,30.21,11.84,381.14,1.75,1.94,0.44,2.1
5067.0,23.13,14.3,93.59,9.51,382.72,21.54,74.6,12,21.54,74.6,23.9,62.67,11.63,36.93,30.28,11.85,382.72,1.75,1.96,0.46,2.1
5068.0,23.13,14.3,93.59,9.51,385.15,21.54,74.6,12,21.54,74.6,23.9,62.67,11.63,36.93,30.28,11.85,385.15,1.76,1.97,0.45,2.1
5069.0,23.13,14.3,93.59,9.51,382.63,21.54,74.6,12,21.54,74.6,23.9,62.67,11.63,36.93,30.28,11.85,382.63,1.75,1.96,0.46,2.1
5070.0,23.16,14.3,93.57,9.51,381.36,21.54,74.59,12,21.54,74.59,23.9,62.74,11.64,36.94,30.29,11.86,381.36,1.74,1.95,0.45,2.1
5071.0,23.16,14.3,93.57,9.51,377.12,21.54,74.59,12,21.54,74.59,23.9,62.74,11.64,36.94,30.29,11.86,377.12,1.72,1.93,0.45,2.1
5072.0,23.16,14.3,93.57,9.51,376.41,21.54,74.59,12,21.54,74.59,23.9,62.74,11.64,36.94,30.29,11.86,376.41,1.72,1.93,0.45,2.1
5073.0,23.19,14.31,93.63,9.52,375.98,21.55,74.61,12.01,21.55,74.61,23.9,62.68,11.63,36.95,30.29,11.87,375.98,1.72,1.93,0.43,2.1
5074.0,23.19,14.31,93.63,9.52,376.23,21.55,74.61,12.01,21.55,74.61,23.9,62.68,11.63,36.95,30.29,11.87,376.23,1.72,1.93,0.43,2.1
5075.0,23.19,14.31,93.63,9.52,377.56,21.55,74.61,12.01,21.55,74.61,23.9,62.68,11.63,36.95,30.29,11.87,377.56,1.73,1.93,0.45,2.1
5076.0,23.19,14.29,93.8,9.53,378.15,21.55,74.46,11.99,21.55,74.46,23.9,62.62,11.62,36.94,30.31,11.87,378.15,1.73,1.94,0.47,2.09
5077.0,23.19,14.29,93.8,9.53,376.54,21.55,74.46,11.99,21.55,74.46,23.9,62.62,11.62,36.94,30.31,11.87,376.54,1.71,1.94,0.45,2.09
5078.0,23.19,14.29,93.8,9.53,375.78,21.55,74.46,11.99,21.55,74.46,23.9,62.62,11.62,36.94,30.31,11.87,375.78,1.71,1.93,0.44,2.09
5079.0,23.18,14.3,93.67,9.52,376.28,21.55,74.47,11.99,21.55,74.47,23.89,62.74,11.64,36.93,30.31,11.87,376.28,1.71,1.93,0.46,2.1
5080.0,23.18,14.3,93.67,9.52,376.67,21.55,74.47,11.99,21.55,74.47,23.89,62.74,11.64,36.93,30.31,11.87,376.67,1.71,1.93,0.46,2.1
5081.0,23.18,14.3,93.67,9.52,377.69,21.55,74.47,11.99,21.55,74.47,23.89,62.74,11.64,36.93,30.31,11.87,377.69,1.72,1.94,0.46,2.1
5082.0,23.15,14.29,93.68,9.51,380.6,21.54,74.45,11.98,21.54,74.45,23.89,62.65,11.62,36.92,30.31,11.86,380.6,1.73,1.95,0.46,2.09
5083.0,23.15,14.29,93.68,9.51,381.77,21.54,74.45,11.98,21.54,74.45,23.89,62.65,11.62,36.92,30.31,11.86,381.77,1.74,1.96,0.46,2.09
5084.0,23.14,14.29,93.69,9.51,382.61,21.54,74.59,12,21.54,74.59,23.88,62.63,11.61,36.92,30.3,11.85,382.61,1.74,1.96,0.45,2.09
5085.0,23.14,14.29,93.69,9.51,381.1,21.54,74.59,12,21.54,74.59,23.88,62.63,11.61,36.92,30.3,11.85,381.1,1.74,1.95,0.46,2.09
5086.0,23.14,14.29,93.69,9.51,374.92,21.54,74.59,12,21.54,74.59,23.88,62.63,11.61,36.92,30.3,11.85,374.92,1.71,1.92,0.44,2.09
5087.0,23.14,14.29,93.69,9.51,371.96,21.54,74.59,12,21.54,74.59,23.88,62.63,11.61,36.92,30.3,11.85,371.96,1.7,1.9,0.43,2.09
5088.0,23.15,14.31,93.65,9.52,370.96,21.55,74.54,12,21.55,74.54,23.89,62.73,11.63,36.94,30.27,11.86,370.96,1.69,1.9,0.45,2.1
5089.0,23.15,14.31,93.65,9.52,370.93,21.55,74.54,12,21.55,74.54,23.89,62.73,11.63,36.94,30.27,11.86,370.93,1.69,1.9,0.43,2.1
5090.0,23.15,14.31,93.65,9.52,374.87,21.55,74.54,12,21.55,74.54,23.89,62.73,11.63,36.94,30.27,11.86,374.87,1.71,1.92,0.46,2.1
5091.0,23.14,14.29,93.83,9.52,377.43,21.55,74.53,12,21.55,74.53,23.89,62.72,11.63,36.94,30.27,11.86,377.43,1.72,1.93,0.46,2.09
5092.0,23.14,14.29,93.83,9.52,381.51,21.55,74.53,12,21.55,74.53,23.89,62.72,11.63,36.94,30.27,11.86,381.51,1.74,1.95,0.45,2.09
5093.0,23.14,14.29,93.83,9.52,381.36,21.55,74.53,12,21.55,74.53,23.89,62.72,11.63,36.94,30.27,11.86,381.36,1.74,1.95,0.45,2.09
5094.0,23.13,14.3,93.64,9.51,381.04,21.55,74.6,12.01,21.55,74.6,23.89,62.77,11.64,36.94,30.28,11.86,381.04,1.74,1.95,0.41,2.09
5095.0,23.13,14.3,93.64,9.51,383.62,21.55,74.6,12.01,21.55,74.6,23.89,62.77,11.64,36.94,30.28,11.86,383.62,1.75,1.96,0.45,2.09
5096.0,23.13,14.3,93.64,9.51,385.48,21.55,74.6,12.01,21.55,74.6,23.89,62.77,11.64,36.94,30.28,11.86,385.48,1.76,1.97,0.44,2.09
5097.0,23.09,14.31,93.38,9.49,386.1,21.55,74.7,12.02,21.55,74.7,23.9,62.74,11.64,36.94,30.27,11.86,386.1,1.78,1.97,0.44,2.1
5098.0,23.09,14.31,93.38,9.49,385.17,21.55,74.7,12.02,21.55,74.7,23.9,62.74,11.64,36.94,30.27,11.86,385.17,1.77,1.96,0.45,2.1
5099.0,23.09,14.31,93.38,9.49,382.12,21.55,74.7,12.02,21.55,74.7,23.9,62.74,11.64,36.94,30.27,11.86,382.12,1.76,1.95,0.45,2.1
5100.0,23.07,14.29,93.51,9.5,382.92,21.54,74.65,12.01,21.54,74.65,23.9,62.68,11.63,36.93,30.27,11.85,382.92,1.76,1.95,0.45,2.09
5101.0,23.07,14.29,93.51,9.5,385.03,21.54,74.65,12.01,21.54,74.65,23.9,62.68,11.63,36.93,30.27,11.85,385.03,1.77,1.96,0.45,2.09
5102.0,23.07,14.29,93.51,9.5,385.03,21.54,74.65,12.01,21.54,74.65,23.9,62.68,11.63,36.93,30.27,11.85,385.03,1.77,1.96,0.44,2.09
5103.0,23.08,14.31,93.27,9.48,382.86,21.55,74.61,12.01,21.55,74.61,23.91,62.64,11.63,36.95,30.26,11.86,382.86,1.76,1.96,0.47,2.1
5104.0,23.08,14.31,93.27,9.48,382.6,21.55,74.61,12.01,21.55,74.61,23.91,62.64,11.63,36.95,30.26,11.86,382.6,1.76,1.96,0.44,2.1
5105.0,23.08,14.31,93.27,9.48,382.57,21.55,74.61,12.01,21.55,74.61,23.91,62.64,11.63,36.95,30.26,11.86,382.57,1.76,1.96,0.46,2.1
5106.0,23.09,14.31,93.37,9.49,381.5,21.54,74.56,12,21.54,74.56,23.91,62.64,11.63,36.95,30.27,11.86,381.5,1.75,1.95,0.46,2.1
5107.0,23.09,14.31,93.37,9.49,379.66,21.54,74.56,12,21.54,74.56,23.91,62.64,11.63,36.95,30.27,11.86,379.66,1.74,1.95,0.45,2.1
5108.0,23.09,14.31,93.37,9.49,379.07,21.54,74.56,12,21.54,74.56,23.91,62.64,11.63,36.95,30.27,11.86,379.07,1.73,1.94,0.45,2.1
5109.0,23.11,14.31,93.62,9.52,377.39,21.54,74.55,12,21.54,74.55,23.92,62.61,11.63,36.95,30.28,11.86,377.39,1.72,1.94,0.48,2.1
5110.0,23.11,14.31,93.62,9.52,377.18,21.54,74.55,12,21.54,74.55,23.92,62.61,11.63,36.95,30.28,11.86,377.18,1.72,1.93,0.46,2.1
5111.0,23.11,14.31,93.62,9.52,377.17,21.54,74.55,12,21.54,74.55,23.92,62.61,11.63,36.95,30.28,11.86,377.17,1.72,1.93,0.46,2.1
5112.0,23.12,14.29,93.73,9.52,376.66,21.54,74.62,12,21.54,74.62,23.92,62.59,11.63,36.95,30.27,11.86,376.66,1.71,1.93,0.44,2.09
5113.0,23.12,14.29,93.73,9.52,378.16,21.54,74.62,12,21.54,74.62,23.92,62.59,11.63,36.95,30.27,11.86,378.16,1.73,1.94,0.44,2.09
5114.0,23.12,14.29,93.73,9.52,379.36,21.54,74.62,12,21.54,74.62,23.92,62.59,11.63,36.95,30.27,11.86,379.36,1.73,1.94,0.44,2.09
5115.0,23.11,14.29,93.42,9.48,382.6,21.51,74.56,11.98,21.51,74.56,23.92,62.62,11.63,36.9,30.29,11.84,382.6,1.74,1.96,0.48,2.09
5116.0,23.11,14.29,93.42,9.48,384.45,21.51,74.56,11.98,21.51,74.56,23.92,62.62,11.63,36.9,30.29,11.84,384.45,1.75,1.97,0.45,2.09
5117.0,23.11,14.29,93.42,9.48,386.47,21.51,74.56,11.98,21.51,74.56,23.92,62.62,11.63,36.9,30.29,11.84,386.47,1.76,1.98,0.46,2.09
5118.0,23.13,14.3,93.6,9.51,384.7,21.54,74.58,12,21.54,74.58,23.93,62.57,11.63,36.97,30.26,11.87,384.7,1.76,1.98,0.43,2.09
5119.0,23.13,14.3,93.6,9.51,382.66,21.54,74.58,12,21.54,74.58,23.93,62.57,11.63,36.97,30.26,11.87,382.66,1.75,1.97,0.45,2.09
5120.0,23.11,14.28,93.49,9.49,379.79,21.5,74.67,11.98,21.5,74.67,23.91,62.51,11.61,36.89,30.29,11.83,379.79,1.73,1.95,0.45,2.09
5121.0,23.11,14.28,93.49,9.49,378.62,21.5,74.67,11.98,21.5,74.67,23.91,62.51,11.61,36.89,30.29,11.83,378.62,1.73,1.93,0.45,2.08
5122.0,23.11,14.28,93.49,9.49,379.72,21.5,74.67,11.98,21.5,74.67,23.91,62.51,11.61,36.89,30.29,11.83,379.72,1.73,1.94,0.49,2.08
5123.0,23.11,14.28,93.49,9.49,382.33,21.5,74.67,11.98,21.5,74.67,23.91,62.51,11.61,36.89,30.29,11.83,382.33,1.74,1.95,0.49,2.08
5124.0,23.16,14.3,93.41,9.49,383.29,21.54,74.74,12.02,21.54,74.74,23.94,62.59,11.64,36.97,30.26,11.87,383.29,1.76,1.96,0.45,2.1
5125.0,23.16,14.3,93.41,9.49,381.29,21.54,74.74,12.02,21.54,74.74,23.94,62.59,11.64,36.97,30.26,11.87,381.29,1.75,1.95,0.44,2.1
5126.0,23.16,14.3,93.41,9.49,379.4,21.54,74.74,12.02,21.54,74.74,23.94,62.59,11.64,36.97,30.26,11.87,379.4,1.74,1.94,0.45,2.1
5127.0,23.15,14.31,93.44,9.5,379.03,21.54,74.75,12.03,21.54,74.75,23.94,62.62,11.65,36.98,30.26,11.88,379.03,1.74,1.94,0.47,2.1
5128.0,23.15,14.31,93.44,9.5,377.48,21.54,74.75,12.03,21.54,74.75,23.94,62.62,11.65,36.98,30.26,11.88,377.48,1.73,1.94,0.45,2.1
5129.0,23.15,14.31,93.44,9.5,375.43,21.54,74.75,12.03,21.54,74.75,23.94,62.62,11.65,36.98,30.26,11.88,375.43,1.73,1.93,0.45,2.1
5130.0,23.13,14.31,93.43,9.5,376.71,21.54,74.66,12.01,21.54,74.66,23.94,62.49,11.63,36.98,30.26,11.87,376.71,1.73,1.94,0.45,2.1
5131.0,23.13,14.31,93.43,9.5,379.63,21.54,74.66,12.01,21.54,74.66,23.94,62.49,11.63,36.98,30.26,11.87,379.63,1.74,1.95,0.45,2.1
5132.0,23.13,14.31,93.43,9.5,380.32,21.54,74.66,12.01,21.54,74.66,23.94,62.49,11.63,36.98,30.26,11.87,380.32,1.74,1.95,0.48,2.1
5133.0,23.13,14.3,93.58,9.51,383.73,21.53,74.53,11.99,21.53,74.53,23.94,62.5,11.63,36.96,30.25,11.86,383.73,1.75,1.97,0.46,2.09
5134.0,23.13,14.3,93.58,9.51,384.29,21.53,74.53,11.99,21.53,74.53,23.94,62.5,11.63,36.96,30.25,11.86,384.29,1.75,1.98,0.46,2.09
5135.0,23.13,14.3,93.58,9.51,382.65,21.53,74.53,11.99,21.53,74.53,23.94,62.5,11.63,36.96,30.25,11.86,382.65,1.74,1.97,0.46,2.09
5136.0,23.14,14.3,93.45,9.49,381.48,21.52,74.74,12.01,21.52,74.74,23.93,62.49,11.62,36.94,30.27,11.86,381.48,1.75,1.95,0.46,2.09
5137.0,23.14,14.3,93.45,9.49,381.3,21.52,74.74,12.01,21.52,74.74,23.93,62.49,11.62,36.94,30.27,11.86,381.3,1.75,1.95,0.46,2.09
5138.0,23.14,14.3,93.45,9.49,381.31,21.52,74.74,12.01,21.52,74.74,23.93,62.49,11.62,36.94,30.27,11.86,381.31,1.75,1.95,0.46,2.09
5139.0,23.15,14.3,93.62,9.51,380.6,21.53,74.48,11.97,21.53,74.48,23.94,62.52,11.63,36.94,30.23,11.84,380.6,1.73,1.96,0.46,2.09
5140.0,23.15,14.3,93.62,9.51,380.5,21.53,74.48,11.97,21.53,74.48,23.94,62.52,11.63,36.94,30.23,11.84,380.5,1.73,1.95,0.46,2.09
5141.0,23.15,14.3,93.62,9.51,380.46,21.53,74.48,11.97,21.53,74.48,23.94,62.52,11.63,36.94,30.23,11.84,380.46,1.73,1.95,0.48,2.09
5142.0,23.15,14.3,93.66,9.51,380.2,21.53,74.57,11.99,21.53,74.57,23.92,62.57,11.63,36.96,30.23,11.85,380.2,1.72,1.95,0.48,2.09
5143.0,23.15,14.3,93.66,9.51,380.77,21.53,74.57,11.99,21.53,74.57,23.92,62.57,11.63,36.96,30.23,11.85,380.77,1.73,1.96,0.46,2.09
5144.0,23.15,14.3,93.66,9.51,381.14,21.53,74.57,11.99,21.53,74.57,23.92,62.57,11.63,36.96,30.23,11.85,381.14,1.73,1.96,0.45,2.09
5145.0,23.14,14.29,93.71,9.51,382.28,21.52,74.52,11.98,21.52,74.52,23.91,62.59,11.62,36.94,30.23,11.84,382.28,1.74,1.96,0.46,2.09
5146.0,23.14,14.29,93.71,9.51,382.35,21.52,74.52,11.98,21.52,74.52,23.91,62.59,11.62,36.94,30.23,11.84,382.35,1.74,1.96,0.46,2.09
5147.0,23.14,14.29,93.71,9.51,380.72,21.52,74.52,11.98,21.52,74.52,23.91,62.59,11.62,36.94,30.23,11.84,380.72,1.73,1.95,0.46,2.09
5148.0,23.14,14.28,93.86,9.53,382.12,21.52,74.56,11.98,21.52,74.56,23.91,62.67,11.64,36.92,30.27,11.84,382.12,1.74,1.96,0.46,2.08
5149.0,23.14,14.28,93.86,9.53,383.76,21.52,74.56,11.98,21.52,74.56,23.91,62.67,11.64,36.92,30.27,11.84,383.76,1.74,1.97,0.46,2.08
5150.0,23.14,14.28,93.86,9.53,383.22,21.52,74.56,11.98,21.52,74.56,23.91,62.67,11.64,36.92,30.27,11.84,383.22,1.74,1.97,0.46,2.08
5151.0,23.14,14.31,93.29,9.48,380.83,21.53,74.56,11.99,21.53,74.56,23.9,62.78,11.65,36.95,30.29,11.87,380.83,1.74,1.96,0.44,2.1
5152.0,23.14,14.31,93.29,9.48,381.51,21.53,74.56,11.99,21.53,74.56,23.9,62.78,11.65,36.95,30.29,11.87,381.51,1.74,1.96,0.47,2.1
5153.0,23.14,14.31,93.29,9.48,382.78,21.53,74.56,11.99,21.53,74.56,23.9,62.78,11.65,36.95,30.29,11.87,382.78,1.75,1.97,0.46,2.1
5154.0,23.11,14.29,93.54,9.49,383.72,21.51,74.61,11.99,21.51,74.61,23.88,62.73,11.63,36.91,30.28,11.84,383.72,1.75,1.98,0.45,2.09
5155.0,23.11,14.29,93.54,9.49,384.03,21.51,74.61,11.99,21.51,74.61,23.88,62.73,11.63,36.91,30.28,11.84,384.03,1.75,1.96,0.48,2.09
5156.0,23.11,14.29,93.54,9.49,382.54,21.51,74.61,11.99,21.51,74.61,23.88,62.73,11.63,36.91,30.28,11.84,382.54,1.74,1.96,0.48,2.09
5157.0,23.12,14.3,93.37,9.49,380.82,21.53,74.6,11.99,21.53,74.6,23.89,62.79,11.64,36.93,30.25,11.84,380.82,1.74,1.95,0.46,2.09
5158.0,23.12,14.3,93.37,9.49,382.61,21.53,74.6,11.99,21.53,74.6,23.89,62.79,11.64,36.93,30.25,11.84,382.61,1.75,1.96,0.45,2.09
5159.0,23.12,14.3,93.37,9.49,385.68,21.53,74.6,11.99,21.53,74.6,23.89,62.79,11.64,36.93,30.25,11.84,385.68,1.76,1.97,0.43,2.09
5160.0,23.12,14.3,93.53,9.5,385.32,21.52,74.72,12.01,21.52,74.72,23.9,62.76,11.64,36.92,30.34,11.87,385.32,1.76,1.97,0.45,2.09
5161.0,23.12,14.3,93.53,9.5,383.57,21.52,74.72,12.01,21.52,74.72,23.9,62.76,11.64,36.92,30.34,11.87,383.57,1.76,1.96,0.46,2.09
5162.0,23.12,14.3,93.53,9.5,381.29,21.52,74.72,12.01,21.52,74.72,23.9,62.76,11.64,36.92,30.34,11.87,381.29,1.75,1.95,0.46,2.09
5163.0,23.13,14.29,93.49,9.49,380.55,21.52,74.75,12.01,21.52,74.75,23.9,62.7,11.63,36.9,30.33,11.85,380.55,1.74,1.94,0.45,2.09
5164.0,23.13,14.29,93.49,9.49,381.41,21.52,74.75,12.01,21.52,74.75,23.9,62.7,11.63,36.9,30.33,11.85,381.41,1.75,1.95,0.45,2.09
5165.0,23.13,14.29,93.49,9.49,383.23,21.52,74.75,12.01,21.52,74.75,23.9,62.7,11.63,36.9,30.33,11.85,383.23,1.76,1.96,0.45,2.09
5166.0,23.14,14.3,93.62,9.51,380.35,21.53,74.58,12,21.53,74.58,23.92,62.72,11.65,36.94,30.32,11.87,380.35,1.73,1.95,0.45,2.09
5167.0,23.14,14.3,93.62,9.51,377.35,21.53,74.58,12,21.53,74.58,23.92,62.72,11.65,36.94,30.32,11.87,377.35,1.72,1.94,0.43,2.09
5168.0,23.14,14.3,93.62,9.51,372.94,21.53,74.58,12,21.53,74.58,23.92,62.72,11.65,36.94,30.32,11.87,372.94,1.7,1.92,0.46,2.09
5169.0,23.13,14.28,93.72,9.51,372.99,21.53,74.59,11.99,21.53,74.59,23.93,62.53,11.62,36.92,30.33,11.87,372.99,1.7,1.91,0.45,2.08
5170.0,23.13,14.28,93.72,9.51,375.74,21.53,74.59,11.99,21.53,74.59,23.93,62.53,11.62,36.92,30.33,11.87,375.74,1.71,1.93,0.42,2.08
5171.0,23.13,14.28,93.72,9.51,377.58,21.53,74.59,11.99,21.53,74.59,23.93,62.53,11.62,36.92,30.33,11.87,377.58,1.72,1.94,0.43,2.08
5172.0,23.13,14.29,93.57,9.5,382.56,21.52,74.57,11.99,21.52,74.57,23.93,62.59,11.64,36.91,30.33,11.86,382.56,1.74,1.96,0.43,2.09
5173.0,23.13,14.29,93.57,9.5,383.47,21.52,74.57,11.99,21.52,74.57,23.93,62.59,11.64,36.91,30.33,11.86,383.47,1.75,1.97,0.43,2.09
5174.0,23.13,14.29,93.57,9.5,383.72,21.52,74.57,11.99,21.52,74.57,23.93,62.59,11.64,36.91,30.33,11.86,383.72,1.75,1.97,0.47,2.09
5175.0,23.13,14.3,93.52,9.5,383.41,21.53,74.54,11.99,21.53,74.54,23.94,62.5,11.62,36.92,30.31,11.86,383.41,1.75,1.97,0.43,2.09
5176.0,23.13,14.3,93.52,9.5,382.51,21.53,74.54,11.99,21.53,74.54,23.94,62.5,11.62,36.92,30.31,11.86,382.51,1.74,1.96,0.42,2.09
5177.0,23.13,14.3,93.52,9.5,381.68,21.53,74.54,11.99,21.53,74.54,23.94,62.5,11.62,36.92,30.31,11.86,381.68,1.74,1.96,0.44,2.09
5178.0,23.12,14.29,93.59,9.5,376.14,21.52,74.59,11.99,21.52,74.59,23.94,62.63,11.65,36.92,30.29,11.85,376.14,1.71,1.93,0.46,2.09
5179.0,23.12,14.29,93.59,9.5,373.09,21.52,74.59,11.99,21.52,74.59,23.94,62.63,11.65,36.92,30.29,11.85,373.09,1.7,1.91,0.46,2.09
5180.0,23.12,14.29,93.59,9.5,371.58,21.52,74.59,11.99,21.52,74.59,23.94,62.63,11.65,36.92,30.29,11.85,371.58,1.69,1.9,0.43,2.09
5181.0,23.11,14.28,93.65,9.5,375.29,21.52,74.56,11.98,21.52,74.56,23.94,62.51,11.63,36.91,30.28,11.84,375.29,1.71,1.92,0.43,2.08
5182.0,23.11,14.28,93.65,9.5,377.46,21.52,74.56,11.98,21.52,74.56,23.94,62.51,11.63,36.91,30.28,11.84,377.46,1.72,1.93,0.46,2.08
5183.0,23.11,14.28,93.65,9.5,380.36,21.52,74.56,11.98,21.52,74.56,23.94,62.51,11.63,36.91,30.28,11.84,380.36,1.73,1.95,0.44,2.08
5184.0,23.11,14.28,93.69,9.51,381.12,21.53,74.57,11.99,21.53,74.57,23.95,62.51,11.64,36.92,30.21,11.82,381.12,1.74,1.94,0.45,2.08
5185.0,23.11,14.28,93.69,9.51,381.85,21.53,74.57,11.99,21.53,74.57,23.95,62.51,11.64,36.92,30.21,11.82,381.85,1.74,1.95,0.45,2.08
5186.0,23.11,14.28,93.69,9.51,381.9,21.53,74.57,11.99,21.53,74.57,23.95,62.51,11.64,36.92,30.21,11.82,381.9,1.74,1.95,0.45,2.08
5187.0,23.1,14.28,93.52,9.49,379.38,21.52,74.66,12,21.52,74.66,23.95,62.56,11.64,36.91,30.26,11.83,379.38,1.74,1.94,0.44,2.08
5188.0,23.1,14.28,93.52,9.49,376.95,21.52,74.66,12,21.52,74.66,23.95,62.56,11.64,36.91,30.26,11.83,376.95,1.72,1.92,0.46,2.08
5189.0,23.1,14.31,93.38,9.49,378.49,21.54,74.64,12.01,21.54,74.64,23.96,62.64,11.66,36.94,30.26,11.85,378.49,1.73,1.93,0.46,2.08
5190.0,23.1,14.31,93.38,9.49,379.09,21.54,74.64,12.01,21.54,74.64,23.96,62.64,11.66,36.94,30.26,11.85,379.09,1.74,1.94,0.44,2.1
5191.0,23.1,14.31,93.38,9.49,377.11,21.54,74.64,12.01,21.54,74.64,23.96,62.64,11.66,36.94,30.26,11.85,377.11,1.73,1.93,0.44,2.1
5192.0,23.1,14.31,93.38,9.49,374.63,21.54,74.64,12.01,21.54,74.64,23.96,62.64,11.66,36.94,30.26,11.85,374.63,1.72,1.92,0.44,2.1
5193.0,23.08,14.3,93.43,9.49,373.52,21.53,74.68,12.01,21.53,74.68,23.95,62.61,11.65,36.94,30.28,11.86,373.52,1.71,1.91,0.43,2.09
5194.0,23.08,14.3,93.43,9.49,372.35,21.53,74.68,12.01,21.53,74.68,23.95,62.61,11.65,36.94,30.28,11.86,372.35,1.71,1.9,0.48,2.09
5195.0,23.08,14.3,93.43,9.49,372.16,21.53,74.68,12.01,21.53,74.68,23.95,62.61,11.65,36.94,30.28,11.86,372.16,1.71,1.9,0.47,2.09
5196.0,23.08,14.29,93.48,9.49,371.66,21.53,74.63,12,21.53,74.63,23.95,62.51,11.63,36.94,30.29,11.86,371.66,1.7,1.9,0.47,2.09
5197.0,23.08,14.29,93.48,9.49,370.84,21.53,74.63,12,21.53,74.63,23.95,62.51,11.63,36.94,30.29,11.86,370.84,1.7,1.9,0.43,2.09
5198.0,23.08,14.29,93.48,9.49,371.16,21.53,74.63,12,21.53,74.63,23.95,62.51,11.63,36.94,30.29,11.86,371.16,1.7,1.9,0.43,2.09
5199.0,23.09,14.3,93.52,9.5,371.43,21.53,74.48,11.98,21.53,74.48,23.94,62.56,11.64,36.93,30.31,11.86,371.43,1.69,1.91,0.43,2.09
5200.0,23.09,14.3,93.52,9.5,374.47,21.53,74.48,11.98,21.53,74.48,23.94,62.56,11.64,36.93,30.31,11.86,374.47,1.7,1.93,0.44,2.09
5201.0,23.09,14.3,93.52,9.5,375.05,21.53,74.48,11.98,21.53,74.48,23.94,62.56,11.64,36.93,30.31,11.86,375.05,1.71,1.93,0.45,2.09
5202.0,23.1,14.29,93.49,9.49,375.59,21.53,74.49,11.98,21.53,74.49,23.94,62.56,11.64,36.92,30.27,11.84,375.59,1.71,1.93,0.43,2.08
5203.0,23.1,14.29,93.49,9.49,375.73,21.53,74.49,11.98,21.53,74.49,23.94,62.56,11.64,36.92,30.27,11.84,375.73,1.71,1.93,0.45,2.08
5204.0,23.1,14.29,93.49,9.49,375.26,21.53,74.49,11.98,21.53,74.49,23.94,62.56,11.64,36.92,30.27,11.84,375.26,1.71,1.92,0.45,2.08
5205.0,23.08,14.27,93.68,9.5,376.47,21.52,74.52,11.98,21.52,74.52,23.93,62.59,11.64,36.9,30.35,11.86,376.47,1.71,1.94,0.45,2.07
5206.0,23.08,14.27,93.68,9.5,377.78,21.52,74.52,11.98,21.52,74.52,23.93,62.59,11.64,36.9,30.35,11.86,377.78,1.72,1.94,0.43,2.07
5207.0,23.08,14.27,93.68,9.5,377.23,21.52,74.52,11.98,21.52,74.52,23.93,62.59,11.64,36.9,30.35,11.86,377.23,1.72,1.94,0.45,2.07
5208.0,23.07,14.27,93.6,9.49,376.29,21.5,74.56,11.97,21.5,74.56,23.94,62.5,11.63,36.86,30.38,11.84,376.29,1.71,1.93,0.44,2.07
5209.0,23.07,14.27,93.6,9.49,376.14,21.5,74.56,11.97,21.5,74.56,23.94,62.5,11.63,36.86,30.38,11.84,376.14,1.71,1.92,0.44,2.07
5210.0,23.07,14.27,93.6,9.49,374.33,21.5,74.56,11.97,21.5,74.56,23.94,62.5,11.63,36.86,30.38,11.84,374.33,1.7,1.92,0.44,2.07
5211.0,23.11,14.31,93.46,9.5,373.74,21.54,74.52,11.99,21.54,74.52,23.96,62.59,11.66,36.94,30.34,11.88,373.74,1.71,1.92,0.46,2.09
5212.0,23.11,14.31,93.46,9.5,373.45,21.54,74.52,11.99,21.54,74.52,23.96,62.59,11.66,36.94,30.34,11.88,373.45,1.7,1.92,0.46,2.09
5213.0,23.11,14.31,93.46,9.5,374.01,21.54,74.52,11.99,21.54,74.52,23.96,62.59,11.66,36.94,30.34,11.88,374.01,1.71,1.92,0.44,2.09
5214.0,23.12,14.28,93.68,9.51,376.31,21.54,74.47,11.98,21.54,74.47,23.97,62.53,11.65,36.92,30.35,11.87,376.31,1.71,1.93,0.47,2.08
5215.0,23.12,14.28,93.68,9.51,376.38,21.54,74.47,11.98,21.54,74.47,23.97,62.53,11.65,36.92,30.35,11.87,376.38,1.71,1.94,0.46,2.08
5216.0,23.13,14.32,93.18,9.48,378.13,21.53,74.56,11.99,21.53,74.56,23.97,62.58,11.66,36.9,30.31,11.85,378.13,1.72,1.94,0.45,2.08
5217.0,23.13,14.32,93.18,9.48,381.9,21.53,74.56,11.99,21.53,74.56,23.97,62.58,11.66,36.9,30.31,11.85,381.9,1.75,1.95,0.45,2.1
5218.0,23.13,14.32,93.18,9.48,387.07,21.53,74.56,11.99,21.53,74.56,23.97,62.58,11.66,36.9,30.31,11.85,387.07,1.77,1.98,0.45,2.1
5219.0,23.13,14.32,93.18,9.48,390.95,21.53,74.56,11.99,21.53,74.56,23.97,62.58,11.66,36.9,30.31,11.85,390.95,1.79,2.0,0.46,2.1
5220.0,23.13,14.29,93.56,9.5,389.08,21.54,74.61,12,21.54,74.61,23.96,62.59,11.66,36.93,30.34,11.88,389.08,1.78,2.0,0.43,2.09
5221.0,23.13,14.29,93.56,9.5,388.11,21.54,74.61,12,21.54,74.61,23.96,62.59,11.66,36.93,30.34,11.88,388.11,1.78,1.99,0.43,2.09
5222.0,23.13,14.29,93.56,9.5,384.23,21.54,74.61,12,21.54,74.61,23.96,62.59,11.66,36.93,30.34,11.88,384.23,1.76,1.97,0.46,2.09
5223.0,23.14,14.31,93.44,9.5,380.75,21.54,74.42,11.98,21.54,74.42,23.97,62.65,11.68,36.94,30.32,11.87,380.75,1.74,1.95,0.45,2.09
5224.0,23.14,14.31,93.44,9.5,377.2,21.54,74.42,11.98,21.54,74.42,23.97,62.65,11.68,36.94,30.32,11.87,377.2,1.72,1.94,0.45,2.09
5225.0,23.14,14.31,93.44,9.5,377.01,21.54,74.42,11.98,21.54,74.42,23.97,62.65,11.68,36.94,30.32,11.87,377.01,1.72,1.94,0.43,2.09
5226.0,23.11,14.3,93.27,9.47,382.78,21.49,74.47,11.94,21.49,74.47,23.96,62.49,11.63,36.82,30.36,11.81,382.78,1.73,1.96,0.48,2.09
5227.0,23.11,14.3,93.27,9.47,383.32,21.49,74.47,11.94,21.49,74.47,23.96,62.49,11.63,36.82,30.36,11.81,383.32,1.74,1.96,0.48,2.09
5228.0,23.11,14.3,93.27,9.47,383.94,21.49,74.47,11.94,21.49,74.47,23.96,62.49,11.63,36.82,30.36,11.81,383.94,1.74,1.96,0.44,2.09
5229.0,23.15,14.33,93.41,9.51,383.97,21.54,74.44,11.98,21.54,74.44,23.97,62.62,11.67,36.94,30.33,11.88,383.97,1.74,1.96,0.44,2.1
5230.0,23.15,14.33,93.41,9.51,382.26,21.54,74.44,11.98,21.54,74.44,23.97,62.62,11.67,36.94,30.33,11.88,382.26,1.73,1.97,0.45,2.1
5231.0,23.15,14.33,93.41,9.51,379.91,21.54,74.44,11.98,21.54,74.44,23.97,62.62,11.67,36.94,30.33,11.88,379.91,1.72,1.96,0.44,2.11
5232.0,23.14,14.29,93.71,9.52,378.37,21.53,74.52,11.98,21.53,74.52,23.98,62.5,11.65,36.91,30.34,11.86,378.37,1.72,1.94,0.48,2.09
5233.0,23.14,14.29,93.71,9.52,377.95,21.53,74.52,11.98,21.53,74.52,23.98,62.5,11.65,36.91,30.34,11.86,377.95,1.72,1.94,0.45,2.09
5234.0,23.14,14.29,93.71,9.52,377.94,21.53,74.52,11.98,21.53,74.52,23.98,62.5,11.65,36.91,30.34,11.86,377.94,1.72,1.94,0.45,2.09
5235.0,23.17,14.32,93.55,9.52,376.54,21.54,74.52,11.99,21.54,74.52,23.98,62.58,11.67,36.93,30.28,11.85,376.54,1.71,1.93,0.44,2.1
5236.0,23.17,14.32,93.55,9.52,374.74,21.54,74.52,11.99,21.54,74.52,23.98,62.58,11.67,36.93,30.28,11.85,374.74,1.7,1.92,0.46,2.1
5237.0,23.17,14.32,93.55,9.52,373.27,21.54,74.52,11.99,21.54,74.52,23.98,62.58,11.67,36.93,30.28,11.85,373.27,1.69,1.91,0.46,2.1
5238.0,23.19,14.33,93.37,9.5,374.33,21.55,74.54,12,21.55,74.54,23.98,62.62,11.68,36.95,30.35,11.9,374.33,1.71,1.93,0.45,2.11
5239.0,23.19,14.33,93.37,9.5,376.5,21.55,74.54,12,21.55,74.54,23.98,62.62,11.68,36.95,30.35,11.9,376.5,1.72,1.94,0.45,2.11
5240.0,23.19,14.33,93.37,9.5,377.32,21.55,74.54,12,21.55,74.54,23.98,62.62,11.68,36.95,30.35,11.9,377.32,1.72,1.95,0.45,2.11
5241.0,23.21,14.32,93.52,9.51,377.8,21.54,74.58,12,21.54,74.58,23.98,62.69,11.69,36.94,30.37,11.9,377.8,1.72,1.95,0.47,2.1
5242.0,23.21,14.32,93.52,9.51,377.92,21.54,74.58,12,21.54,74.58,23.98,62.69,11.69,36.94,30.37,11.9,377.92,1.72,1.95,0.46,2.1
5243.0,23.2,14.31,93.52,9.51,380.58,21.54,74.68,12.02,21.54,74.68,23.98,62.71,11.69,36.95,30.37,11.9,380.58,1.74,1.96,0.47,2.1
5244.0,23.2,14.31,93.52,9.51,381.26,21.54,74.68,12.02,21.54,74.68,23.98,62.71,11.69,36.95,30.37,11.9,381.26,1.74,1.96,0.45,2.1
5245.0,23.2,14.31,93.52,9.51,381.52,21.54,74.68,12.02,21.54,74.68,23.98,62.71,11.69,36.95,30.37,11.9,381.52,1.75,1.96,0.45,2.1
5246.0,23.2,14.31,93.52,9.51,382.45,21.54,74.68,12.02,21.54,74.68,23.98,62.71,11.69,36.95,30.37,11.9,382.45,1.75,1.97,0.46,2.1
5247.0,23.2,14.32,93.51,9.51,383.08,21.55,74.66,12.02,21.55,74.66,23.97,62.74,11.69,36.94,30.4,11.91,383.08,1.75,1.97,0.46,2.1
5248.0,23.2,14.32,93.51,9.51,381.71,21.55,74.66,12.02,21.55,74.66,23.97,62.74,11.69,36.94,30.4,11.91,381.71,1.74,1.96,0.46,2.1
5249.0,23.18,14.33,93.47,9.51,379.16,21.55,74.48,11.99,21.55,74.48,23.96,62.75,11.69,36.94,30.41,11.91,379.16,1.73,1.95,0.45,2.1
5250.0,23.18,14.33,93.47,9.51,379.01,21.55,74.48,11.99,21.55,74.48,23.96,62.75,11.69,36.94,30.41,11.91,379.01,1.72,1.96,0.46,2.11
5251.0,23.18,14.33,93.47,9.51,378.18,21.55,74.48,11.99,21.55,74.48,23.96,62.75,11.69,36.94,30.41,11.91,378.18,1.72,1.95,0.45,2.11
5252.0,23.18,14.33,93.47,9.51,379.03,21.55,74.48,11.99,21.55,74.48,23.96,62.75,11.69,36.94,30.41,11.91,379.03,1.72,1.96,0.46,2.11
5253.0,23.16,14.33,93.44,9.51,380.86,21.55,74.47,11.99,21.55,74.47,23.96,62.66,11.67,36.94,30.4,11.91,380.86,1.73,1.97,0.47,2.11
5254.0,23.16,14.33,93.44,9.51,381,21.55,74.47,11.99,21.55,74.47,23.96,62.66,11.67,36.94,30.4,11.91,381,1.73,1.97,0.43,2.11
5255.0,23.15,14.31,93.73,9.53,379.57,21.54,74.52,11.99,21.54,74.52,23.96,62.66,11.67,36.93,30.41,11.9,379.57,1.73,1.96,0.45,2.08
5256.0,23.15,14.31,93.73,9.53,379,21.54,74.52,11.99,21.54,74.52,23.96,62.66,11.67,36.93,30.41,11.9,379,1.72,1.96,0.45,2.1
5257.0,23.15,14.31,93.73,9.53,380.03,21.54,74.52,11.99,21.54,74.52,23.96,62.66,11.67,36.93,30.41,11.9,380.03,1.73,1.96,0.46,2.1
5258.0,23.15,14.31,93.73,9.53,381.68,21.54,74.52,11.99,21.54,74.52,23.96,62.66,11.67,36.93,30.41,11.9,381.68,1.73,1.97,0.46,2.1
5259.0,23.14,14.31,93.53,9.51,387.07,21.54,74.48,11.99,21.54,74.48,23.95,62.73,11.68,36.93,30.4,11.9,387.07,1.76,2.0,0.44,2.1
5260.0,23.14,14.31,93.53,9.51,387.09,21.54,74.48,11.99,21.54,74.48,23.95,62.73,11.68,36.93,30.4,11.9,387.09,1.76,2.0,0.46,2.1
5261.0,23.14,14.31,93.53,9.51,382.27,21.54,74.48,11.99,21.54,74.48,23.95,62.73,11.68,36.93,30.4,11.9,382.27,1.74,1.98,0.46,2.1
5262.0,23.15,14.31,93.78,9.53,380.85,21.54,74.45,11.98,21.54,74.45,23.94,62.68,11.66,36.93,30.39,11.9,380.85,1.73,1.97,0.46,2.1
5263.0,23.15,14.31,93.78,9.53,380.1,21.54,74.45,11.98,21.54,74.45,23.94,62.68,11.66,36.93,30.39,11.9,380.1,1.72,1.97,0.44,2.1
5264.0,23.15,14.31,93.78,9.53,377.12,21.54,74.45,11.98,21.54,74.45,23.94,62.68,11.66,36.93,30.39,11.9,377.12,1.71,1.95,0.48,2.1
5265.0,23.14,14.31,93.59,9.52,376.49,21.54,74.45,11.98,21.54,74.45,23.93,62.83,11.68,36.95,30.37,11.9,376.49,1.71,1.95,0.45,2.1
5266.0,23.14,14.31,93.59,9.52,376.25,21.54,74.45,11.98,21.54,74.45,23.93,62.83,11.68,36.95,30.37,11.9,376.25,1.71,1.95,0.46,2.1
5267.0,23.14,14.31,93.59,9.52,376.12,21.54,74.45,11.98,21.54,74.45,23.93,62.83,11.68,36.95,30.37,11.9,376.12,1.71,1.95,0.45,2.1
5268.0,23.1,14.31,93.71,9.52,378.91,21.54,74.53,11.99,21.54,74.53,23.92,62.87,11.68,36.95,30.36,11.89,378.91,1.72,1.96,0.45,2.1
5269.0,23.1,14.31,93.71,9.52,381.32,21.54,74.53,11.99,21.54,74.53,23.92,62.87,11.68,36.95,30.36,11.89,381.32,1.73,1.97,0.47,2.1
5270.0,23.11,14.31,93.59,9.51,380.83,21.54,74.66,12.02,21.54,74.66,23.92,62.83,11.67,36.96,30.36,11.9,380.83,1.73,1.97,0.46,2.1
5271.0,23.11,14.31,93.59,9.51,380.73,21.54,74.66,12.02,21.54,74.66,23.92,62.83,11.67,36.96,30.36,11.9,380.73,1.74,1.96,0.46,2.1
5272.0,23.11,14.31,93.59,9.51,378.22,21.54,74.66,12.02,21.54,74.66,23.92,62.83,11.67,36.96,30.36,11.9,378.22,1.73,1.95,0.45,2.1
5273.0,23.11,14.31,93.59,9.51,375.74,21.54,74.66,12.02,21.54,74.66,23.92,62.83,11.67,36.96,30.36,11.9,375.74,1.72,1.94,0.45,2.1
5274.0,23.12,14.3,93.81,9.53,373.11,21.54,74.61,12,21.54,74.61,23.91,62.87,11.67,36.95,30.37,11.9,373.11,1.7,1.93,0.45,2.1
5275.0,23.12,14.3,93.81,9.53,372.99,21.54,74.61,12,21.54,74.61,23.91,62.87,11.67,36.95,30.37,11.9,372.99,1.7,1.92,0.46,2.1
5276.0,23.12,14.3,93.81,9.53,376.25,21.54,74.61,12,21.54,74.61,23.91,62.87,11.67,36.95,30.37,11.9,376.25,1.71,1.94,0.45,2.1
5277.0,23.11,14.3,93.62,9.51,378,21.54,74.58,12,21.54,74.58,23.91,62.86,11.67,36.96,30.36,11.9,378,1.72,1.95,0.46,2.09
5278.0,23.11,14.3,93.62,9.51,378.17,21.54,74.58,12,21.54,74.58,23.91,62.86,11.67,36.96,30.36,11.9,378.17,1.73,1.95,0.44,2.09
5279.0,23.11,14.3,93.62,9.51,378.22,21.54,74.58,12,21.54,74.58,23.91,62.86,11.67,36.96,30.36,11.9,378.22,1.73,1.95,0.44,2.09
5280.0,23.1,14.32,93.35,9.5,379.8,21.54,74.63,12.01,21.54,74.63,23.9,62.91,11.67,36.94,30.38,11.9,379.8,1.74,1.96,0.44,2.11
5281.0,23.1,14.32,93.35,9.5,381.69,21.54,74.63,12.01,21.54,74.63,23.9,62.91,11.67,36.94,30.38,11.9,381.69,1.75,1.97,0.45,2.11
5282.0,23.1,14.32,93.35,9.5,382.21,21.54,74.63,12.01,21.54,74.63,23.9,62.91,11.67,36.94,30.38,11.9,382.21,1.75,1.97,0.46,2.11
5283.0,23.09,14.32,93.57,9.52,385.97,21.54,74.45,11.98,21.54,74.45,23.9,62.84,11.66,36.95,30.38,11.9,385.97,1.75,2.0,0.46,2.11
5284.0,23.09,14.32,93.57,9.52,379.66,21.54,74.45,11.98,21.54,74.45,23.9,62.84,11.66,36.95,30.38,11.9,379.66,1.72,1.97,0.46,2.11
5285.0,23.12,14.32,93.44,9.5,376.96,21.54,74.53,11.99,21.54,74.53,23.9,62.83,11.66,36.93,30.38,11.9,376.96,1.71,1.95,0.45,2.11
5286.0,23.12,14.32,93.44,9.5,376.56,21.54,74.53,11.99,21.54,74.53,23.9,62.83,11.66,36.93,30.38,11.9,376.56,1.72,1.94,0.48,2.11
5287.0,23.12,14.32,93.44,9.5,373.39,21.54,74.53,11.99,21.54,74.53,23.9,62.83,11.66,36.93,30.38,11.9,373.39,1.7,1.93,0.46,2.11
5288.0,23.12,14.32,93.44,9.5,372.84,21.54,74.53,11.99,21.54,74.53,23.9,62.83,11.66,36.93,30.38,11.9,372.84,1.7,1.92,0.46,2.11
5289.0,23.15,14.31,93.69,9.53,377.17,21.54,74.46,11.98,21.54,74.46,23.9,62.83,11.66,36.94,30.37,11.9,377.17,1.71,1.95,0.47,2.1
5290.0,23.15,14.31,93.69,9.53,378.14,21.54,74.46,11.98,21.54,74.46,23.9,62.83,11.66,36.94,30.37,11.9,378.14,1.71,1.96,0.46,2.1
5291.0,23.19,14.32,93.52,9.52,378.85,21.54,74.47,11.98,21.54,74.47,23.91,62.8,11.66,36.93,30.37,11.89,378.85,1.72,1.96,0.44,2.12
5292.0,23.19,14.32,93.52,9.52,379.35,21.54,74.47,11.98,21.54,74.47,23.91,62.8,11.66,36.93,30.37,11.89,379.35,1.72,1.96,0.47,2.11
5293.0,23.19,14.32,93.52,9.52,380.21,21.54,74.47,11.98,21.54,74.47,23.91,62.8,11.66,36.93,30.37,11.89,380.21,1.72,1.96,0.45,2.11
5294.0,23.19,14.32,93.52,9.52,380.4,21.54,74.47,11.98,21.54,74.47,23.91,62.8,11.66,36.93,30.37,11.89,380.4,1.72,1.96,0.48,2.11
5295.0,23.21,14.31,93.66,9.52,380.26,21.53,74.51,11.98,21.53,74.51,23.9,62.88,11.67,36.9,30.34,11.86,380.26,1.72,1.95,0.42,2.1
5296.0,23.21,14.31,93.66,9.52,380.02,21.53,74.51,11.98,21.53,74.51,23.9,62.88,11.67,36.9,30.34,11.86,380.02,1.72,1.95,0.42,2.1
5297.0,23.21,14.31,93.66,9.52,378.25,21.53,74.51,11.98,21.53,74.51,23.9,62.88,11.67,36.9,30.34,11.86,378.25,1.71,1.94,0.45,2.1
5298.0,23.22,14.3,93.82,9.53,375.4,21.53,74.62,12,21.53,74.62,23.89,62.92,11.67,36.93,30.38,11.9,375.4,1.7,1.93,0.44,2.1
5299.0,23.22,14.3,93.82,9.53,370.1,21.53,74.62,12,21.53,74.62,23.89,62.92,11.67,36.93,30.38,11.9,370.1,1.68,1.91,0.47,2.1
5300.0,23.22,14.3,93.82,9.53,368.07,21.53,74.62,12,21.53,74.62,23.89,62.92,11.67,36.93,30.38,11.9,368.07,1.67,1.9,0.45,2.1
5301.0,23.2,14.3,93.5,9.5,369.79,21.53,74.63,12,21.53,74.63,23.88,62.92,11.66,36.94,30.36,11.89,369.79,1.69,1.91,0.46,2.1
5302.0,23.2,14.3,93.5,9.5,376.95,21.53,74.63,12,21.53,74.63,23.88,62.92,11.66,36.94,30.36,11.89,376.95,1.72,1.94,0.47,2.1
5303.0,23.2,14.3,93.5,9.5,378.08,21.53,74.63,12,21.53,74.63,23.88,62.92,11.66,36.94,30.36,11.89,378.08,1.73,1.95,0.45,2.1
5304.0,23.2,14.29,93.62,9.5,375.33,21.53,74.65,12,21.53,74.65,23.89,62.83,11.65,36.93,30.36,11.89,375.33,1.72,1.93,0.45,2.09
5305.0,23.2,14.29,93.62,9.5,374.79,21.53,74.65,12,21.53,74.65,23.89,62.83,11.65,36.93,30.36,11.89,374.79,1.71,1.93,0.44,2.09
5306.0,23.21,14.3,93.48,9.5,375.02,21.54,74.64,12.01,21.54,74.64,23.91,62.83,11.66,36.95,30.37,11.9,375.02,1.71,1.93,0.45,2.09
5307.0,23.21,14.3,93.48,9.5,377,21.54,74.64,12.01,21.54,74.64,23.91,62.83,11.66,36.95,30.37,11.9,377,1.73,1.94,0.45,2.1
5308.0,23.21,14.3,93.48,9.5,378.34,21.54,74.64,12.01,21.54,74.64,23.91,62.83,11.66,36.95,30.37,11.9,378.34,1.73,1.95,0.47,2.1
5309.0,23.21,14.3,93.48,9.5,378.8,21.54,74.64,12.01,21.54,74.64,23.91,62.83,11.66,36.95,30.37,11.9,378.8,1.73,1.95,0.45,2.1
5310.0,23.21,14.29,93.75,9.52,380.47,21.53,74.67,12,21.53,74.67,23.9,62.71,11.64,36.93,30.38,11.89,380.47,1.74,1.96,0.44,2.09
5311.0,23.21,14.29,93.75,9.52,381.28,21.53,74.67,12,21.53,74.67,23.9,62.71,11.64,36.93,30.38,11.89,381.28,1.74,1.96,0.44,2.09
5312.0,23.21,14.29,93.75,9.52,381.26,21.53,74.67,12,21.53,74.67,23.9,62.71,11.64,36.93,30.38,11.89,381.26,1.74,1.96,0.47,2.09
5313.0,23.19,14.28,93.63,9.5,381.31,21.53,74.63,12,21.53,74.63,23.91,62.69,11.64,36.94,30.36,11.89,381.31,1.74,1.96,0.47,2.09
5314.0,23.19,14.28,93.63,9.5,381.49,21.53,74.63,12,21.53,74.63,23.91,62.69,11.64,36.94,30.36,11.89,381.49,1.74,1.97,0.45,2.09
5315.0,23.19,14.28,93.63,9.5,381.81,21.53,74.63,12,21.53,74.63,23.91,62.69,11.64,36.94,30.36,11.89,381.81,1.75,1.97,0.45,2.09
5316.0,23.17,14.27,93.93,9.52,382.25,21.52,74.6,11.99,21.52,74.6,23.91,62.81,11.66,36.93,30.35,11.88,382.25,1.74,1.97,0.45,2.08
5317.0,23.17,14.27,93.93,9.52,382.35,21.52,74.6,11.99,21.52,74.6,23.91,62.81,11.66,36.93,30.35,11.88,382.35,1.74,1.97,0.45,2.08
5318.0,23.17,14.27,93.93,9.52,382.99,21.52,74.6,11.99,21.52,74.6,23.91,62.81,11.66,36.93,30.35,11.88,382.99,1.74,1.97,0.43,2.08
5319.0,23.14,14.29,93.69,9.51,385.53,21.52,74.56,11.98,21.52,74.56,23.91,62.77,11.65,36.92,30.37,11.88,385.53,1.75,1.99,0.43,2.09
5320.0,23.14,14.29,93.69,9.51,387.28,21.52,74.56,11.98,21.52,74.56,23.91,62.77,11.65,36.92,30.37,11.88,387.28,1.76,2.0,0.47,2.09
5321.0,23.14,14.29,93.69,9.51,383.87,21.52,74.56,11.98,21.52,74.56,23.91,62.77,11.65,36.92,30.37,11.88,383.87,1.74,1.98,0.43,2.09
5322.0,23.11,14.27,93.92,9.52,383.91,21.52,74.59,11.99,21.52,74.59,23.91,62.73,11.65,36.91,30.37,11.87,383.91,1.75,1.98,0.45,2.08
5323.0,23.11,14.27,93.92,9.52,381.75,21.52,74.59,11.99,21.52,74.59,23.91,62.73,11.65,36.91,30.37,11.87,381.75,1.74,1.96,0.45,2.08
5324.0,23.11,14.27,93.92,9.52,377.48,21.52,74.59,11.99,21.52,74.59,23.91,62.73,11.65,36.91,30.37,11.87,377.48,1.72,1.94,0.43,2.08
5325.0,23.12,14.28,93.55,9.49,380.06,21.53,74.6,11.99,21.53,74.6,23.91,62.78,11.66,36.95,30.36,11.9,380.06,1.74,1.96,0.43,2.09
5326.0,23.12,14.28,93.55,9.49,381.77,21.53,74.6,11.99,21.53,74.6,23.91,62.78,11.66,36.95,30.36,11.9,381.77,1.75,1.97,0.43,2.08
5327.0,23.11,14.28,93.6,9.5,379.58,21.52,74.66,12,21.52,74.66,23.91,62.82,11.67,36.93,30.35,11.88,379.58,1.74,1.96,0.43,2.08
5328.0,23.11,14.28,93.6,9.5,378.75,21.52,74.66,12,21.52,74.66,23.91,62.82,11.67,36.93,30.35,11.88,378.75,1.73,1.95,0.47,2.09
5329.0,23.11,14.28,93.6,9.5,376.54,21.52,74.66,12,21.52,74.66,23.91,62.82,11.67,36.93,30.35,11.88,376.54,1.72,1.94,0.46,2.09
5330.0,23.11,14.28,93.6,9.5,374.96,21.52,74.66,12,21.52,74.66,23.91,62.82,11.67,36.93,30.35,11.88,374.96,1.71,1.93,0.43,2.08
5331.0,23.11,14.29,93.48,9.49,373.76,21.52,74.69,12.01,21.52,74.69,23.92,62.76,11.66,36.94,30.34,11.88,373.76,1.71,1.92,0.47,2.09
5332.0,23.11,14.29,93.48,9.49,373.62,21.52,74.69,12.01,21.52,74.69,23.92,62.76,11.66,36.94,30.34,11.88,373.62,1.71,1.92,0.47,2.09
5333.0,23.12,14.3,93.27,9.47,372.88,21.52,74.66,12,21.52,74.66,23.92,62.75,11.66,36.94,30.34,11.88,372.88,1.71,1.92,0.43,2.09
5334.0,23.12,14.3,93.27,9.47,372.69,21.52,74.66,12,21.52,74.66,23.92,62.75,11.66,36.94,30.34,11.88,372.69,1.71,1.92,0.43,2.09
5335.0,23.12,14.3,93.27,9.47,374.25,21.52,74.66,12,21.52,74.66,23.92,62.75,11.66,36.94,30.34,11.88,374.25,1.72,1.93,0.46,2.09
5336.0,23.12,14.3,93.27,9.47,377.08,21.52,74.66,12,21.52,74.66,23.92,62.75,11.66,36.94,30.34,11.88,377.08,1.73,1.94,0.45,2.09
5337.0,23.15,14.28,93.43,9.48,379.18,21.53,74.69,12.01,21.53,74.69,23.93,62.69,11.66,36.97,30.31,11.89,379.18,1.74,1.95,0.44,2.08
5338.0,23.15,14.28,93.43,9.48,379.17,21.53,74.69,12.01,21.53,74.69,23.93,62.69,11.66,36.97,30.31,11.89,379.17,1.74,1.95,0.44,2.08
5339.0,23.14,14.29,93.53,9.5,379.23,21.52,74.66,12,21.52,74.66,23.93,62.65,11.64,36.95,30.32,11.88,379.23,1.74,1.95,0.46,2.08
5340.0,23.14,14.29,93.53,9.5,379.39,21.52,74.66,12,21.52,74.66,23.93,62.65,11.64,36.95,30.32,11.88,379.39,1.73,1.95,0.44,2.09
5341.0,23.14,14.29,93.53,9.5,373.11,21.52,74.66,12,21.52,74.66,23.93,62.65,11.64,36.95,30.32,11.88,373.11,1.71,1.92,0.45,2.09
5342.0,23.14,14.29,93.53,9.5,370.09,21.52,74.66,12,21.52,74.66,23.93,62.65,11.64,36.95,30.32,11.88,370.09,1.69,1.91,0.45,2.09
5343.0,23.14,14.28,93.54,9.49,369.95,21.52,74.52,11.97,21.52,74.52,23.93,62.57,11.63,36.94,30.33,11.88,369.95,1.69,1.91,0.46,2.08
5344.0,23.14,14.28,93.54,9.49,371.69,21.52,74.52,11.97,21.52,74.52,23.93,62.57,11.63,36.94,30.33,11.88,371.69,1.69,1.92,0.44,2.08
5345.0,23.15,14.28,93.53,9.49,375.24,21.5,74.54,11.97,21.5,74.54,23.93,62.5,11.62,36.89,30.29,11.83,375.24,1.71,1.94,0.42,2.08
5346.0,23.15,14.28,93.53,9.49,378.07,21.5,74.54,11.97,21.5,74.54,23.93,62.5,11.62,36.89,30.29,11.83,378.07,1.72,1.94,0.43,2.08
5347.0,23.15,14.28,93.53,9.49,380.46,21.5,74.54,11.97,21.5,74.54,23.93,62.5,11.62,36.89,30.29,11.83,380.46,1.73,1.95,0.45,2.08
5348.0,23.15,14.28,93.53,9.49,381.2,21.5,74.54,11.97,21.5,74.54,23.93,62.5,11.62,36.89,30.29,11.83,381.2,1.73,1.95,0.45,2.08
5349.0,23.17,14.3,93.42,9.49,386.41,21.53,74.51,11.98,21.53,74.51,23.95,62.58,11.64,36.95,30.34,11.89,386.41,1.76,2.0,0.43,2.09
5350.0,23.17,14.3,93.42,9.49,386.65,21.53,74.51,11.98,21.53,74.51,23.95,62.58,11.64,36.95,30.34,11.89,386.65,1.76,2.0,0.43,2.09
5351.0,23.17,14.29,93.5,9.49,386.13,21.52,74.58,11.99,21.52,74.58,23.95,62.55,11.64,36.93,30.35,11.88,386.13,1.76,2.0,0.47,2.09
5352.0,23.17,14.29,93.5,9.49,384.5,21.52,74.58,11.99,21.52,74.58,23.95,62.55,11.64,36.93,30.35,11.88,384.5,1.76,1.98,0.44,2.08
5353.0,23.17,14.29,93.5,9.49,381.79,21.52,74.58,11.99,21.52,74.58,23.95,62.55,11.64,36.93,30.35,11.88,381.79,1.74,1.97,0.45,2.08
5354.0,23.17,14.29,93.5,9.49,381.23,21.52,74.58,11.99,21.52,74.58,23.95,62.55,11.64,36.93,30.35,11.88,381.23,1.74,1.97,0.46,2.08
5355.0,23.15,14.31,93.51,9.5,376.49,21.52,74.64,11.99,21.52,74.64,23.94,62.66,11.66,36.92,30.35,11.88,376.49,1.71,1.94,0.43,2.1
5356.0,23.15,14.31,93.51,9.5,372.08,21.52,74.64,11.99,21.52,74.64,23.94,62.66,11.66,36.92,30.35,11.88,372.08,1.69,1.92,0.43,2.1
5357.0,23.14,14.29,93.54,9.49,371.42,21.52,74.67,12,21.52,74.67,23.95,62.63,11.65,36.92,30.37,11.88,371.42,1.69,1.91,0.46,2.07
5358.0,23.14,14.29,93.54,9.49,373.14,21.52,74.67,12,21.52,74.67,23.95,62.63,11.65,36.92,30.37,11.88,373.14,1.71,1.92,0.46,2.08
5359.0,23.14,14.29,93.54,9.49,376.94,21.52,74.67,12,21.52,74.67,23.95,62.63,11.65,36.92,30.37,11.88,376.94,1.72,1.94,0.44,2.08
5360.0,23.14,14.29,93.54,9.49,380.33,21.52,74.67,12,21.52,74.67,23.95,62.63,11.65,36.92,30.37,11.88,380.33,1.74,1.96,0.45,2.08
5361.0,23.14,14.31,93.42,9.49,385.15,21.52,74.55,11.98,21.52,74.55,23.96,62.7,11.67,36.93,30.35,11.88,385.15,1.75,1.99,0.43,2.09
5362.0,23.14,14.31,93.42,9.49,384.95,21.52,74.55,11.98,21.52,74.55,23.96,62.7,11.67,36.93,30.35,11.88,384.95,1.75,1.99,0.44,2.09
5363.0,23.14,14.31,93.42,9.49,384.09,21.52,74.55,11.98,21.52,74.55,23.96,62.7,11.67,36.93,30.35,11.88,384.09,1.75,1.98,0.45,2.09
5364.0,23.14,14.3,93.4,9.49,384.12,21.51,74.78,12.01,21.51,74.78,23.95,62.67,11.67,36.91,30.37,11.87,384.12,1.75,1.98,0.45,2.09
5365.0,23.14,14.3,93.4,9.49,384.92,21.51,74.78,12.01,21.51,74.78,23.95,62.67,11.67,36.91,30.37,11.87,384.92,1.76,1.97,0.48,2.09
5366.0,23.14,14.3,93.4,9.49,380.12,21.51,74.78,12.01,21.51,74.78,23.95,62.67,11.67,36.91,30.37,11.87,380.12,1.74,1.95,0.48,2.09
5367.0,23.18,14.29,93.63,9.51,378.72,21.52,74.77,12.02,21.52,74.77,23.97,62.59,11.66,36.93,30.36,11.88,378.72,1.73,1.94,0.45,2.09
5368.0,23.18,14.29,93.63,9.51,378.15,21.52,74.77,12.02,21.52,74.77,23.97,62.59,11.66,36.93,30.36,11.88,378.15,1.73,1.94,0.47,2.09
5369.0,23.18,14.29,93.63,9.51,378.37,21.52,74.77,12.02,21.52,74.77,23.97,62.59,11.66,36.93,30.36,11.88,378.37,1.73,1.94,0.45,2.09
5370.0,23.19,14.32,93.2,9.48,378.61,21.51,74.68,12,21.51,74.68,23.96,62.59,11.66,36.92,30.34,11.87,378.61,1.73,1.94,0.45,2.1
5371.0,23.19,14.32,93.2,9.48,380.83,21.51,74.68,12,21.51,74.68,23.96,62.59,11.66,36.92,30.34,11.87,380.83,1.74,1.96,0.46,2.1
5372.0,23.21,14.33,93.36,9.5,383.75,21.52,74.79,12.02,21.52,74.79,23.98,62.52,11.66,36.94,30.33,11.88,383.75,1.75,1.97,0.45,2.1
5373.0,23.21,14.33,93.36,9.5,385.39,21.52,74.79,12.02,21.52,74.79,23.98,62.52,11.66,36.94,30.33,11.88,385.39,1.76,1.98,0.45,2.11
5374.0,23.21,14.33,93.36,9.5,386.86,21.52,74.79,12.02,21.52,74.79,23.98,62.52,11.66,36.94,30.33,11.88,386.86,1.77,1.99,0.46,2.11
5375.0,23.21,14.33,93.36,9.5,384.91,21.52,74.79,12.02,21.52,74.79,23.98,62.52,11.66,36.94,30.33,11.88,384.91,1.76,1.98,0.46,2.11
5376.0,23.19,14.3,93.49,9.5,382.7,21.51,74.73,12,21.51,74.73,23.99,62.47,11.65,36.92,30.34,11.87,382.7,1.75,1.97,0.47,2.09
5377.0,23.19,14.3,93.49,9.5,382.54,21.51,74.73,12,21.51,74.73,23.99,62.47,11.65,36.92,30.34,11.87,382.54,1.75,1.96,0.45,2.09
5378.0,23.18,14.32,93.37,9.49,381.55,21.51,74.61,11.98,21.51,74.61,24,62.39,11.65,36.92,30.34,11.87,381.55,1.74,1.96,0.44,2.09
5379.0,23.18,14.32,93.37,9.49,381.45,21.51,74.61,11.98,21.51,74.61,24,62.39,11.65,36.92,30.34,11.87,381.45,1.73,1.96,0.45,2.1
5380.0,23.18,14.32,93.37,9.49,380.04,21.51,74.61,11.98,21.51,74.61,24,62.39,11.65,36.92,30.34,11.87,380.04,1.73,1.96,0.46,2.1
5381.0,23.18,14.32,93.37,9.49,379.81,21.51,74.61,11.98,21.51,74.61,24,62.39,11.65,36.92,30.34,11.87,379.81,1.73,1.96,0.46,2.1
5382.0,23.2,14.31,93.62,9.52,376.79,21.51,74.61,11.98,21.51,74.61,24,62.5,11.67,36.92,30.36,11.88,376.79,1.71,1.94,0.46,2.1
5383.0,23.2,14.31,93.62,9.52,375.58,21.51,74.61,11.98,21.51,74.61,24,62.5,11.67,36.92,30.36,11.88,375.58,1.7,1.94,0.46,2.1
5384.0,23.18,14.31,93.45,9.5,375.03,21.5,74.61,11.97,21.5,74.61,23.99,62.64,11.68,36.89,30.38,11.87,375.03,1.7,1.93,0.45,2.1
5385.0,23.18,14.31,93.45,9.5,374.1,21.5,74.61,11.97,21.5,74.61,23.99,62.64,11.68,36.89,30.38,11.87,374.1,1.69,1.93,0.46,2.1
5386.0,23.18,14.31,93.45,9.5,374.35,21.5,74.61,11.97,21.5,74.61,23.99,62.64,11.68,36.89,30.38,11.87,374.35,1.7,1.93,0.46,2.1
5387.0,23.18,14.31,93.45,9.5,374.68,21.5,74.61,11.97,21.5,74.61,23.99,62.64,11.68,36.89,30.38,11.87,374.68,1.7,1.93,0.46,2.1
5388.0,23.18,14.32,93.39,9.5,372.96,21.51,74.8,12.01,21.51,74.8,23.98,62.66,11.69,36.9,30.37,11.87,372.96,1.7,1.91,0.46,2.11
5389.0,23.18,14.32,93.39,9.5,372.42,21.51,74.8,12.01,21.51,74.8,23.98,62.66,11.69,36.9,30.37,11.87,372.42,1.7,1.91,0.46,2.11
5390.0,23.18,14.32,93.39,9.5,369.33,21.51,74.8,12.01,21.51,74.8,23.98,62.66,11.69,36.9,30.37,11.87,369.33,1.68,1.89,0.46,2.11
5391.0,23.16,14.31,93.47,9.5,366.79,21.52,74.81,12.02,21.52,74.81,23.98,62.67,11.69,36.92,30.36,11.88,366.79,1.67,1.88,0.47,2.1
5392.0,23.16,14.31,93.47,9.5,365.26,21.52,74.81,12.02,21.52,74.81,23.98,62.67,11.69,36.92,30.36,11.88,365.26,1.67,1.87,0.46,2.1
5393.0,23.16,14.31,93.47,9.5,369.24,21.52,74.81,12.02,21.52,74.81,23.98,62.67,11.69,36.92,30.36,11.88,369.24,1.69,1.89,0.46,2.1
5394.0,23.15,14.33,93.51,9.52,371.7,21.52,74.75,12.01,21.52,74.75,23.98,62.55,11.66,36.92,30.37,11.88,371.7,1.69,1.91,0.47,2.11
5395.0,23.15,14.33,93.51,9.52,372.83,21.52,74.75,12.01,21.52,74.75,23.98,62.55,11.66,36.92,30.37,11.88,372.83,1.7,1.91,0.47,2.11
5396.0,23.15,14.33,93.51,9.52,371.54,21.52,74.75,12.01,21.52,74.75,23.98,62.55,11.66,36.92,30.37,11.88,371.54,1.69,1.91,0.47,2.11
5397.0,23.12,14.32,93.58,9.52,372.35,21.51,74.69,12,21.51,74.69,23.97,62.6,11.66,36.91,30.38,11.88,372.35,1.69,1.91,0.45,2.11
5398.0,23.12,14.32,93.58,9.52,372.39,21.51,74.69,12,21.51,74.69,23.97,62.6,11.66,36.91,30.38,11.88,372.39,1.69,1.91,0.45,2.11
5399.0,23.12,14.32,93.52,9.51,372.32,21.51,74.75,12.01,21.51,74.75,23.98,62.53,11.66,36.9,30.35,11.86,372.32,1.69,1.91,0.46,2.11
5400.0,23.12,14.32,93.52,9.51,372.54,21.51,74.75,12.01,21.51,74.75,23.98,62.53,11.66,36.9,30.35,11.86,372.54,1.69,1.91,0.45,2.11
5401.0,23.12,14.32,93.52,9.51,371.18,21.51,74.75,12.01,21.51,74.75,23.98,62.53,11.66,36.9,30.35,11.86,371.18,1.69,1.9,0.45,2.11
5402.0,23.12,14.32,93.52,9.51,370.74,21.51,74.75,12.01,21.51,74.75,23.98,62.53,11.66,36.9,30.35,11.86,370.74,1.69,1.9,0.46,2.11
5403.0,23.11,14.31,93.42,9.49,372.1,21.5,74.71,11.99,21.5,74.71,23.98,62.55,11.66,36.88,30.28,11.82,372.1,1.69,1.89,0.46,2.1
5404.0,23.11,14.31,93.42,9.49,373.01,21.5,74.71,11.99,21.5,74.71,23.98,62.55,11.66,36.88,30.28,11.82,373.01,1.7,1.9,0.44,2.1
5405.0,23.14,14.33,93.36,9.5,374.34,21.52,74.66,12,21.52,74.66,23.98,62.62,11.68,36.93,30.34,11.87,374.34,1.7,1.9,0.46,2.1
5406.0,23.14,14.33,93.36,9.5,376.07,21.52,74.66,12,21.52,74.66,23.98,62.62,11.68,36.93,30.34,11.87,376.07,1.71,1.93,0.45,2.11
5407.0,23.14,14.33,93.36,9.5,378.52,21.52,74.66,12,21.52,74.66,23.98,62.62,11.68,36.93,30.34,11.87,378.52,1.73,1.94,0.44,2.11
5408.0,23.14,14.33,93.36,9.5,376.89,21.52,74.66,12,21.52,74.66,23.98,62.62,11.68,36.93,30.34,11.87,376.89,1.72,1.94,0.45,2.11
5409.0,23.14,14.31,93.54,9.51,376.01,21.52,74.66,12,21.52,74.66,23.98,62.58,11.67,36.92,30.32,11.86,376.01,1.71,1.93,0.43,2.1
5410.0,23.14,14.31,93.54,9.51,375.45,21.52,74.66,12,21.52,74.66,23.98,62.58,11.67,36.92,30.32,11.86,375.45,1.71,1.92,0.42,2.1
5411.0,23.13,14.31,93.75,9.53,375.8,21.52,74.54,11.98,21.52,74.54,23.98,62.53,11.66,36.93,30.29,11.86,375.8,1.71,1.93,0.42,2.1
5412.0,23.13,14.31,93.75,9.53,375.96,21.52,74.54,11.98,21.52,74.54,23.98,62.53,11.66,36.93,30.29,11.86,375.96,1.7,1.93,0.47,2.1
5413.0,23.13,14.31,93.75,9.53,376.41,21.52,74.54,11.98,21.52,74.54,23.98,62.53,11.66,36.93,30.29,11.86,376.41,1.7,1.94,0.48,2.1
5414.0,23.13,14.31,93.75,9.53,377.51,21.52,74.54,11.98,21.52,74.54,23.98,62.53,11.66,36.93,30.29,11.86,377.51,1.71,1.94,0.45,2.1
5415.0,23.14,14.32,93.64,9.52,376.96,21.52,74.53,11.98,21.52,74.53,23.97,62.61,11.67,36.94,30.33,11.88,376.96,1.7,1.95,0.47,2.11
5416.0,23.14,14.32,93.64,9.52,376.52,21.52,74.53,11.98,21.52,74.53,23.97,62.61,11.67,36.94,30.33,11.88,376.52,1.7,1.95,0.43,2.11
5417.0,23.15,14.3,93.73,9.52,377.82,21.52,74.66,12,21.52,74.66,23.97,62.56,11.66,36.94,30.31,11.87,377.82,1.71,1.95,0.46,2.11
5418.0,23.15,14.3,93.73,9.52,378.1,21.52,74.66,12,21.52,74.66,23.97,62.56,11.66,36.94,30.31,11.87,378.1,1.72,1.94,0.44,2.1
5419.0,23.15,14.3,93.73,9.52,378.5,21.52,74.66,12,21.52,74.66,23.97,62.56,11.66,36.94,30.31,11.87,378.5,1.72,1.95,0.44,2.1
5420.0,23.15,14.3,93.73,9.52,378.88,21.52,74.66,12,21.52,74.66,23.97,62.56,11.66,36.94,30.31,11.87,378.88,1.72,1.95,0.46,2.1
5421.0,23.15,14.32,93.51,9.51,380.97,21.51,74.73,12,21.51,74.73,23.96,62.7,11.67,36.94,30.32,11.87,380.97,1.73,1.96,0.45,2.11
5422.0,23.15,14.32,93.51,9.51,381.71,21.51,74.73,12,21.51,74.73,23.96,62.7,11.67,36.94,30.32,11.87,381.71,1.74,1.96,0.41,2.11
5423.0,23.16,14.31,93.59,9.52,381.25,21.52,74.73,12.01,21.52,74.73,23.96,62.73,11.68,36.95,30.32,11.88,381.25,1.73,1.96,0.44,2.11
5424.0,23.16,14.31,93.59,9.52,380.69,21.52,74.73,12.01,21.52,74.73,23.96,62.73,11.68,36.95,30.32,11.88,380.69,1.74,1.96,0.45,2.11
5425.0,23.16,14.31,93.59,9.52,380.08,21.52,74.73,12.01,21.52,74.73,23.96,62.73,11.68,36.95,30.32,11.88,380.08,1.73,1.95,0.47,2.11
5426.0,23.16,14.31,93.59,9.52,380.38,21.52,74.73,12.01,21.52,74.73,23.96,62.73,11.68,36.95,30.32,11.88,380.38,1.73,1.96,0.47,2.11
5427.0,23.16,14.29,93.61,9.51,380.47,21.52,74.67,12,21.52,74.67,23.95,62.68,11.67,36.95,30.33,11.88,380.47,1.74,1.96,0.45,2.1
5428.0,23.16,14.29,93.61,9.51,380.3,21.52,74.67,12,21.52,74.67,23.95,62.68,11.67,36.95,30.33,11.88,380.3,1.74,1.96,0.45,2.1
5429.0,23.17,14.29,93.73,9.52,377.38,21.52,74.67,12,21.52,74.67,23.95,62.77,11.68,36.96,30.31,11.88,377.38,1.72,1.94,0.45,2.1
5430.0,23.17,14.29,93.73,9.52,378.73,21.52,74.67,12,21.52,74.67,23.95,62.77,11.68,36.96,30.31,11.88,378.73,1.72,1.95,0.44,2.1
5431.0,23.17,14.29,93.73,9.52,379.73,21.52,74.67,12,21.52,74.67,23.95,62.77,11.68,36.96,30.31,11.88,379.73,1.73,1.96,0.46,2.1
5432.0,23.17,14.29,93.73,9.52,380.08,21.52,74.67,12,21.52,74.67,23.95,62.77,11.68,36.96,30.31,11.88,380.08,1.73,1.96,0.45,2.1
5433.0,23.19,14.3,93.61,9.51,381.38,21.53,74.69,12.01,21.53,74.69,23.95,62.7,11.67,36.98,30.29,11.89,381.38,1.74,1.97,0.43,2.1
5434.0,23.19,14.3,93.61,9.51,382.99,21.53,74.69,12.01,21.53,74.69,23.95,62.7,11.67,36.98,30.29,11.89,382.99,1.75,1.98,0.45,2.1
5435.0,23.19,14.29,93.64,9.51,382.88,21.52,74.72,12.01,21.52,74.72,23.96,62.67,11.67,36.98,30.29,11.89,382.88,1.75,1.98,0.45,2.1
5436.0,23.19,14.29,93.64,9.51,380.8,21.52,74.72,12.01,21.52,74.72,23.96,62.67,11.67,36.98,30.29,11.89,380.8,1.74,1.96,0.46,2.1
5437.0,23.19,14.29,93.64,9.51,375.53,21.52,74.72,12.01,21.52,74.72,23.96,62.67,11.67,36.98,30.29,11.89,375.53,1.72,1.94,0.45,2.1
5438.0,23.19,14.29,93.64,9.51,374.26,21.52,74.72,12.01,21.52,74.72,23.96,62.67,11.67,36.98,30.29,11.89,374.26,1.71,1.93,0.46,2.1
5439.0,23.18,14.32,93.52,9.51,372.81,21.52,74.72,12.01,21.52,74.72,23.95,62.7,11.67,36.96,30.31,11.88,372.81,1.7,1.92,0.46,2.11
5440.0,23.18,14.32,93.52,9.51,372.34,21.52,74.72,12.01,21.52,74.72,23.95,62.7,11.67,36.96,30.31,11.88,372.34,1.7,1.92,0.46,2.11
5441.0,23.2,14.32,93.67,9.53,371.97,21.52,74.78,12.02,21.52,74.78,23.94,62.78,11.68,36.98,30.29,11.89,371.97,1.69,1.92,0.46,2.11
5442.0,23.2,14.32,93.67,9.53,371.93,21.52,74.78,12.02,21.52,74.78,23.94,62.78,11.68,36.98,30.29,11.89,371.93,1.69,1.92,0.45,2.11
5443.0,23.2,14.32,93.67,9.53,372.34,21.52,74.78,12.02,21.52,74.78,23.94,62.78,11.68,36.98,30.29,11.89,372.34,1.7,1.92,0.47,2.11
5444.0,23.2,14.32,93.67,9.53,372.33,21.52,74.78,12.02,21.52,74.78,23.94,62.78,11.68,36.98,30.29,11.89,372.33,1.7,1.92,0.47,2.11
5445.0,23.22,14.31,93.6,9.52,371.91,21.52,74.67,12,21.52,74.67,23.94,62.87,11.69,36.98,30.29,11.89,371.91,1.69,1.92,0.46,2.11
5446.0,23.22,14.31,93.6,9.52,373.05,21.52,74.67,12,21.52,74.67,23.94,62.87,11.69,36.98,30.29,11.89,373.05,1.7,1.93,0.48,2.11
5447.0,23.22,14.31,93.57,9.51,377.59,21.52,74.63,11.99,21.52,74.63,23.93,62.76,11.67,36.96,30.29,11.87,377.59,1.72,1.95,0.48,2.11
5448.0,23.22,14.31,93.57,9.51,378.39,21.52,74.63,11.99,21.52,74.63,23.93,62.76,11.67,36.96,30.29,11.87,378.39,1.72,1.95,0.45,2.11
5449.0,23.22,14.31,93.57,9.51,376.16,21.52,74.63,11.99,21.52,74.63,23.93,62.76,11.67,36.96,30.29,11.87,376.16,1.71,1.94,0.47,2.11
5450.0,23.22,14.31,93.57,9.51,374.36,21.52,74.63,11.99,21.52,74.63,23.93,62.76,11.67,36.96,30.29,11.87,374.36,1.7,1.93,0.46,2.11
5451.0,23.22,14.3,93.74,9.52,373.05,21.53,74.62,12,21.53,74.62,23.93,62.76,11.67,36.99,30.28,11.89,373.05,1.69,1.93,0.47,2.1
5452.0,23.22,14.3,93.74,9.52,374.17,21.53,74.62,12,21.53,74.62,23.93,62.76,11.67,36.99,30.28,11.89,374.17,1.7,1.94,0.47,2.1
5453.0,23.2,14.29,93.85,9.53,378.91,21.52,74.69,12,21.52,74.69,23.92,62.8,11.67,36.99,30.28,11.89,378.91,1.72,1.96,0.46,2.09
5454.0,23.2,14.29,93.85,9.53,380.53,21.52,74.69,12,21.52,74.69,23.92,62.8,11.67,36.99,30.28,11.89,380.53,1.73,1.97,0.46,2.1
5455.0,23.2,14.29,93.85,9.53,383.12,21.52,74.69,12,21.52,74.69,23.92,62.8,11.67,36.99,30.28,11.89,383.12,1.74,1.98,0.46,2.1
5456.0,23.2,14.29,93.85,9.53,385.31,21.52,74.69,12,21.52,74.69,23.92,62.8,11.67,36.99,30.28,11.89,385.31,1.75,1.99,0.45,2.1
5457.0,23.2,14.29,93.69,9.51,386.73,21.52,74.7,12.01,21.52,74.7,23.91,62.87,11.68,36.99,30.27,11.89,386.73,1.76,2.0,0.45,2.09
5458.0,23.2,14.29,93.69,9.51,385.68,21.52,74.7,12.01,21.52,74.7,23.91,62.87,11.68,36.99,30.27,11.89,385.68,1.76,1.99,0.43,2.09
5459.0,23.2,14.29,93.73,9.52,381.28,21.52,74.8,12.02,21.52,74.8,23.91,62.91,11.68,37,30.27,11.89,381.28,1.74,1.97,0.43,2.09
5460.0,23.2,14.29,93.73,9.52,377.6,21.52,74.8,12.02,21.52,74.8,23.91,62.91,11.68,37,30.27,11.89,377.6,1.73,1.95,0.46,2.1
5461.0,23.2,14.29,93.73,9.52,373.98,21.52,74.8,12.02,21.52,74.8,23.91,62.91,11.68,37,30.27,11.89,373.98,1.71,1.93,0.46,2.1
5462.0,23.2,14.29,93.73,9.52,376.01,21.52,74.8,12.02,21.52,74.8,23.91,62.91,11.68,37,30.27,11.89,376.01,1.72,1.94,0.46,2.1
5463.0,23.2,14.28,93.79,9.52,379.23,21.51,74.82,12.02,21.51,74.82,23.9,62.86,11.67,36.99,30.23,11.87,379.23,1.73,1.95,0.48,2.09
5464.0,23.2,14.28,93.79,9.52,379.61,21.51,74.82,12.02,21.51,74.82,23.9,62.86,11.67,36.99,30.23,11.87,379.61,1.74,1.95,0.44,2.09
5465.0,23.19,14.3,93.69,9.52,379.76,21.52,74.84,12.03,21.52,74.84,23.9,62.99,11.69,37,30.28,11.89,379.76,1.74,1.95,0.45,2.11
5466.0,23.19,14.3,93.69,9.52,377.32,21.52,74.84,12.03,21.52,74.84,23.9,62.99,11.69,37,30.28,11.89,377.32,1.73,1.95,0.46,2.1
5467.0,23.19,14.3,93.69,9.52,375.67,21.52,74.84,12.03,21.52,74.84,23.9,62.99,11.69,37,30.28,11.89,375.67,1.72,1.94,0.48,2.1
5468.0,23.19,14.3,93.69,9.52,375.77,21.52,74.84,12.03,21.52,74.84,23.9,62.99,11.69,37,30.28,11.89,375.77,1.72,1.94,0.48,2.1
5469.0,23.17,14.3,93.58,9.51,375.87,21.51,74.7,12,21.51,74.7,23.9,62.89,11.67,36.98,30.29,11.89,375.87,1.71,1.94,0.46,2.1
5470.0,23.17,14.3,93.58,9.51,376.47,21.51,74.7,12,21.51,74.7,23.9,62.89,11.67,36.98,30.29,11.89,376.47,1.71,1.95,0.46,2.1
5471.0,23.17,14.29,93.5,9.49,379.75,21.51,74.8,12.01,21.51,74.8,23.89,62.95,11.68,36.97,30.3,11.89,379.75,1.73,1.96,0.47,2.09
5472.0,23.17,14.29,93.5,9.49,379.86,21.51,74.8,12.01,21.51,74.8,23.89,62.95,11.68,36.97,30.3,11.89,379.86,1.74,1.96,0.46,2.1
5473.0,23.17,14.29,93.5,9.49,380.45,21.51,74.8,12.01,21.51,74.8,23.89,62.95,11.68,36.97,30.3,11.89,380.45,1.74,1.96,0.43,2.1
5474.0,23.17,14.29,93.5,9.49,380.76,21.51,74.8,12.01,21.51,74.8,23.89,62.95,11.68,36.97,30.3,11.89,380.76,1.74,1.96,0.44,2.09
5475.0,23.15,14.27,93.78,9.51,380.96,21.5,74.63,11.97,21.5,74.63,23.88,62.81,11.64,36.93,30.33,11.87,380.96,1.73,1.97,0.45,2.08
5476.0,23.15,14.27,93.78,9.51,380.77,21.5,74.63,11.97,21.5,74.63,23.88,62.81,11.64,36.93,30.33,11.87,380.77,1.73,1.97,0.45,2.08
5477.0,23.15,14.29,93.76,9.52,381.25,21.52,74.66,12,21.52,74.66,23.89,62.88,11.66,36.97,30.34,11.9,381.25,1.73,1.97,0.46,2.1
5478.0,23.15,14.29,93.76,9.52,381.16,21.52,74.66,12,21.52,74.66,23.89,62.88,11.66,36.97,30.34,11.9,381.16,1.73,1.98,0.44,2.09
5479.0,23.15,14.29,93.76,9.52,379.43,21.52,74.66,12,21.52,74.66,23.89,62.88,11.66,36.97,30.34,11.9,379.43,1.73,1.97,0.45,2.09
5480.0,23.15,14.29,93.76,9.52,379.18,21.52,74.66,12,21.52,74.66,23.89,62.88,11.66,36.97,30.34,11.9,379.18,1.73,1.96,0.45,2.09
5481.0,23.13,14.28,93.75,9.51,373.35,21.52,74.58,11.99,21.52,74.58,23.9,62.93,11.68,36.97,30.35,11.91,373.35,1.7,1.94,0.45,2.09
5482.0,23.13,14.28,93.75,9.51,371.71,21.52,74.58,11.99,21.52,74.58,23.9,62.93,11.68,36.97,30.35,11.91,371.71,1.69,1.93,0.45,2.09
5483.0,23.14,14.29,93.58,9.5,373.86,21.51,74.82,12.02,21.51,74.82,23.9,62.84,11.66,36.94,30.36,11.89,373.86,1.7,1.94,0.44,2.09
5484.0,23.14,14.29,93.58,9.5,374.93,21.51,74.82,12.02,21.51,74.82,23.9,62.84,11.66,36.94,30.36,11.89,374.93,1.72,1.93,0.44,2.09
5485.0,23.14,14.29,93.58,9.5,376.09,21.51,74.82,12.02,21.51,74.82,23.9,62.84,11.66,36.94,30.36,11.89,376.09,1.72,1.94,0.45,2.09
5486.0,23.14,14.29,93.58,9.5,376.27,21.51,74.82,12.02,21.51,74.82,23.9,62.84,11.66,36.94,30.36,11.89,376.27,1.72,1.94,0.46,2.09
5487.0,23.17,14.29,93.5,9.49,377.18,21.53,74.68,12.01,21.53,74.68,23.91,62.74,11.65,36.97,30.36,11.91,377.18,1.73,1.95,0.48,2.09
5488.0,23.17,14.29,93.5,9.49,379.14,21.53,74.68,12.01,21.53,74.68,23.91,62.74,11.65,36.97,30.36,11.91,379.14,1.74,1.96,0.45,2.09
5489.0,23.17,14.29,93.48,9.49,380.49,21.53,74.65,12,21.53,74.65,23.92,62.72,11.65,36.97,30.35,11.9,380.49,1.74,1.97,0.45,2.09
5490.0,23.17,14.29,93.48,9.49,379.72,21.53,74.65,12,21.53,74.65,23.92,62.72,11.65,36.97,30.35,11.9,379.72,1.74,1.97,0.45,2.09
5491.0,23.17,14.29,93.48,9.49,378.94,21.53,74.65,12,21.53,74.65,23.92,62.72,11.65,36.97,30.35,11.9,378.94,1.74,1.96,0.45,2.09
5492.0,23.17,14.29,93.48,9.49,378.61,21.53,74.65,12,21.53,74.65,23.92,62.72,11.65,36.97,30.35,11.9,378.61,1.73,1.96,0.45,2.09
5493.0,23.18,14.28,93.42,9.48,375.45,21.52,74.71,12,21.52,74.71,23.92,62.76,11.66,36.95,30.35,11.9,375.45,1.72,1.94,0.43,2.09
5494.0,23.18,14.28,93.42,9.48,375.77,21.52,74.71,12,21.52,74.71,23.92,62.76,11.66,36.95,30.35,11.9,375.77,1.72,1.94,0.46,2.09
5495.0,23.2,14.3,93.46,9.5,377.66,21.53,74.63,12,21.53,74.63,23.93,62.79,11.67,36.98,30.32,11.9,377.66,1.73,1.95,0.44,2.09
5496.0,23.2,14.3,93.46,9.5,378.64,21.53,74.63,12,21.53,74.63,23.93,62.79,11.67,36.98,30.32,11.9,378.64,1.73,1.96,0.45,2.1
5497.0,23.2,14.3,93.46,9.5,381.85,21.53,74.63,12,21.53,74.63,23.93,62.79,11.67,36.98,30.32,11.9,381.85,1.75,1.98,0.46,2.1
5498.0,23.2,14.3,93.46,9.5,382.55,21.53,74.63,12,21.53,74.63,23.93,62.79,11.67,36.98,30.32,11.9,382.55,1.75,1.98,0.46,2.1
5499.0,23.18,14.3,93.62,9.51,382.83,21.53,74.62,12,21.53,74.62,23.93,62.7,11.66,36.98,30.33,11.91,382.83,1.74,1.98,0.47,2.1
5500.0,23.18,14.3,93.62,9.51,382.4,21.53,74.62,12,21.53,74.62,23.93,62.7,11.66,36.98,30.33,11.91,382.4,1.74,1.98,0.47,2.1
5501.0,23.16,14.29,93.48,9.49,379.81,21.53,74.63,12,21.53,74.63,23.93,62.65,11.65,36.98,30.32,11.9,379.81,1.73,1.97,0.48,2.08
5502.0,23.16,14.29,93.48,9.49,378.08,21.53,74.63,12,21.53,74.63,23.93,62.65,11.65,36.98,30.32,11.9,378.08,1.73,1.96,0.47,2.09
5503.0,23.16,14.29,93.48,9.49,375.43,21.53,74.63,12,21.53,74.63,23.93,62.65,11.65,36.98,30.32,11.9,375.43,1.72,1.94,0.46,2.09
5504.0,23.16,14.29,93.48,9.49,372.75,21.53,74.63,12,21.53,74.63,23.93,62.65,11.65,36.98,30.32,11.9,372.75,1.71,1.93,0.45,2.09
5505.0,23.16,14.3,93.7,9.52,375.07,21.52,74.65,12,21.52,74.65,23.94,62.64,11.65,36.99,30.3,11.9,375.07,1.71,1.94,0.44,2.1
5506.0,23.16,14.3,93.7,9.52,377.36,21.52,74.65,12,21.52,74.65,23.94,62.64,11.65,36.99,30.3,11.9,377.36,1.72,1.95,0.44,2.1
5507.0,23.15,14.29,93.79,9.52,383.36,21.51,74.68,12,21.51,74.68,23.94,62.72,11.67,36.97,30.29,11.88,383.36,1.74,1.99,0.45,2.08
5508.0,23.15,14.29,93.79,9.52,385.11,21.51,74.68,12,21.51,74.68,23.94,62.72,11.67,36.97,30.29,11.88,385.11,1.75,1.99,0.45,2.09
5509.0,23.15,14.29,93.79,9.52,384.33,21.51,74.68,12,21.51,74.68,23.94,62.72,11.67,36.97,30.29,11.88,384.33,1.75,1.98,0.44,2.09
5510.0,23.15,14.29,93.79,9.52,382.69,21.51,74.68,12,21.51,74.68,23.94,62.72,11.67,36.97,30.29,11.88,382.69,1.74,1.98,0.46,2.09
5511.0,23.17,14.29,93.66,9.51,380.31,21.52,74.73,12.01,21.52,74.73,23.94,62.67,11.66,36.98,30.3,11.89,380.31,1.74,1.97,0.45,2.09
5512.0,23.17,14.29,93.66,9.51,379.46,21.52,74.73,12.01,21.52,74.73,23.94,62.67,11.66,36.98,30.3,11.89,379.46,1.73,1.96,0.44,2.09
5513.0,23.18,14.3,93.66,9.52,381.33,21.52,74.77,12.02,21.52,74.77,23.94,62.68,11.66,36.99,30.3,11.9,381.33,1.74,1.97,0.45,2.1
5514.0,23.18,14.3,93.66,9.52,384.53,21.52,74.77,12.02,21.52,74.77,23.94,62.68,11.66,36.99,30.3,11.9,384.53,1.76,1.99,0.45,2.1
5515.0,23.18,14.3,93.66,9.52,390.91,21.52,74.77,12.02,21.52,74.77,23.94,62.68,11.66,36.99,30.3,11.9,390.91,1.78,2.02,0.48,2.1
5516.0,23.18,14.3,93.66,9.52,392.2,21.52,74.77,12.02,21.52,74.77,23.94,62.68,11.66,36.99,30.3,11.9,392.2,1.79,2.03,0.48,2.1
5517.0,23.17,14.3,93.46,9.49,391.26,21.52,74.77,12.01,21.52,74.77,23.95,62.67,11.66,36.98,30.29,11.89,391.26,1.79,2.02,0.46,2.09
5518.0,23.17,14.3,93.46,9.49,390.74,21.52,74.77,12.01,21.52,74.77,23.95,62.67,11.66,36.98,30.29,11.89,390.74,1.79,2.02,0.45,2.09
5519.0,23.17,14.3,93.46,9.49,388.25,21.52,74.77,12.01,21.52,74.77,23.95,62.67,11.66,36.98,30.29,11.89,388.25,1.78,2.0,0.43,2.09
5520.0,23.17,14.31,93.28,9.48,383.24,21.52,74.78,12.01,21.52,74.78,23.96,62.63,11.66,36.99,30.28,11.89,383.24,1.76,1.98,0.44,2.1
5521.0,23.17,14.31,93.28,9.48,381.69,21.52,74.78,12.01,21.52,74.78,23.96,62.63,11.66,36.99,30.28,11.89,381.69,1.75,1.97,0.44,2.1
5522.0,23.17,14.31,93.28,9.48,379.65,21.52,74.78,12.01,21.52,74.78,23.96,62.63,11.66,36.99,30.28,11.89,379.65,1.74,1.96,0.44,2.1
5523.0,23.17,14.32,93.3,9.49,379.61,21.51,74.78,12.01,21.51,74.78,23.96,62.62,11.66,36.99,30.28,11.89,379.61,1.74,1.96,0.45,2.11
5524.0,23.17,14.32,93.3,9.49,381.81,21.51,74.78,12.01,21.51,74.78,23.96,62.62,11.66,36.99,30.28,11.89,381.81,1.75,1.97,0.47,2.11
5525.0,23.17,14.32,93.3,9.49,382.01,21.51,74.78,12.01,21.51,74.78,23.96,62.62,11.66,36.99,30.28,11.89,382.01,1.75,1.97,0.47,2.11
5526.0,23.19,14.31,93.36,9.49,377.31,21.51,74.8,12.01,21.51,74.8,23.95,62.69,11.67,36.99,30.28,11.89,377.31,1.73,1.95,0.46,2.1
5527.0,23.19,14.31,93.36,9.49,374.77,21.51,74.8,12.01,21.51,74.8,23.95,62.69,11.67,36.99,30.28,11.89,374.77,1.72,1.94,0.47,2.1
5528.0,23.18,14.31,93.49,9.5,371.92,21.51,74.76,12,21.51,74.76,23.95,62.61,11.65,36.98,30.28,11.89,371.92,1.7,1.92,0.46,2.1
5529.0,23.18,14.31,93.49,9.5,373.93,21.51,74.76,12,21.51,74.76,23.95,62.61,11.65,36.98,30.28,11.89,373.93,1.7,1.93,0.45,2.1
5530.0,23.18,14.31,93.49,9.5,376.97,21.51,74.76,12,21.51,74.76,23.95,62.61,11.65,36.98,30.28,11.89,376.97,1.72,1.95,0.46,2.1
5531.0,23.18,14.31,93.49,9.5,377.93,21.51,74.76,12,21.51,74.76,23.95,62.61,11.65,36.98,30.28,11.89,377.93,1.72,1.95,0.47,2.1
5532.0,23.17,14.32,93.53,9.51,380.55,21.51,74.76,12,21.51,74.76,23.94,62.69,11.66,36.98,30.28,11.89,380.55,1.73,1.97,0.46,2.11
5533.0,23.17,14.32,93.53,9.51,381.08,21.51,74.76,12,21.51,74.76,23.94,62.69,11.66,36.98,30.28,11.89,381.08,1.73,1.97,0.46,2.11
5534.0,23.19,14.33,93.4,9.51,381.65,21.51,74.72,12,21.51,74.72,23.95,62.63,11.65,37,30.27,11.89,381.65,1.73,1.97,0.46,2.11
5535.0,23.19,14.33,93.4,9.51,382,21.51,74.72,12,21.51,74.72,23.95,62.63,11.65,37,30.27,11.89,382,1.74,1.98,0.44,2.11
5536.0,23.19,14.33,93.4,9.51,380.42,21.51,74.72,12,21.51,74.72,23.95,62.63,11.65,37,30.27,11.89,380.42,1.73,1.97,0.44,2.11
5537.0,23.19,14.33,93.4,9.51,377.44,21.51,74.72,12,21.51,74.72,23.95,62.63,11.65,37,30.27,11.89,377.44,1.72,1.96,0.47,2.11
5538.0,23.17,14.31,93.54,9.51,375.4,21.5,74.74,12,21.5,74.74,23.94,62.65,11.66,36.96,30.29,11.88,375.4,1.7,1.94,0.48,2.11
5539.0,23.17,14.31,93.54,9.51,374.86,21.5,74.74,12,21.5,74.74,23.94,62.65,11.66,36.96,30.29,11.88,374.86,1.7,1.94,0.48,2.11
5540.0,23.15,14.32,93.45,9.51,378.11,21.5,74.73,11.99,21.5,74.73,23.94,62.68,11.66,36.96,30.31,11.88,378.11,1.72,1.95,0.44,2.11
5541.0,23.15,14.32,93.45,9.51,378.31,21.5,74.73,11.99,21.5,74.73,23.94,62.68,11.66,36.96,30.31,11.88,378.31,1.72,1.96,0.47,2.11
5542.0,23.15,14.32,93.45,9.51,376.35,21.5,74.73,11.99,21.5,74.73,23.94,62.68,11.66,36.96,30.31,11.88,376.35,1.71,1.95,0.48,2.11
5543.0,23.15,14.32,93.45,9.51,375.62,21.5,74.73,11.99,21.5,74.73,23.94,62.68,11.66,36.96,30.31,11.88,375.62,1.7,1.94,0.47,2.11
5544.0,23.13,14.31,93.69,9.52,375.51,21.5,74.75,12,21.5,74.75,23.94,62.71,11.66,36.97,30.32,11.89,375.51,1.7,1.94,0.45,2.1
5545.0,23.13,14.31,93.69,9.52,375.74,21.5,74.75,12,21.5,74.75,23.94,62.71,11.66,36.97,30.32,11.89,375.74,1.7,1.95,0.43,2.1
5546.0,23.12,14.29,93.71,9.52,375.82,21.48,74.81,11.99,21.48,74.81,23.93,62.71,11.66,36.92,30.37,11.88,375.82,1.7,1.95,0.44,2.1
5547.0,23.12,14.29,93.71,9.52,377.32,21.48,74.81,11.99,21.48,74.81,23.93,62.71,11.66,36.92,30.37,11.88,377.32,1.71,1.95,0.44,2.09
5548.0,23.12,14.29,93.71,9.52,379.99,21.48,74.81,11.99,21.48,74.81,23.93,62.71,11.66,36.92,30.37,11.88,379.99,1.72,1.96,0.45,2.09
5549.0,23.12,14.29,93.71,9.52,380.84,21.48,74.81,11.99,21.48,74.81,23.93,62.71,11.66,36.92,30.37,11.88,380.84,1.73,1.97,0.45,2.09
5550.0,23.13,14.31,93.55,9.51,378.15,21.49,74.8,12,21.49,74.8,23.93,62.79,11.67,36.95,30.25,11.85,378.15,1.72,1.94,0.47,2.11
5551.0,23.13,14.31,93.55,9.51,375.97,21.49,74.8,12,21.49,74.8,23.93,62.79,11.67,36.95,30.25,11.85,375.97,1.71,1.93,0.44,2.11
5552.0,23.15,14.32,93.64,9.52,373.54,21.5,74.78,12,21.5,74.78,23.94,62.77,11.67,36.98,30.31,11.9,373.54,1.7,1.92,0.44,2.11
5553.0,23.15,14.32,93.64,9.52,373.61,21.5,74.78,12,21.5,74.78,23.94,62.77,11.67,36.98,30.31,11.9,373.61,1.69,1.93,0.46,2.11
5554.0,23.15,14.32,93.64,9.52,372.67,21.5,74.78,12,21.5,74.78,23.94,62.77,11.67,36.98,30.31,11.9,372.67,1.69,1.93,0.45,2.11
5555.0,23.15,14.32,93.64,9.52,373.31,21.5,74.78,12,21.5,74.78,23.94,62.77,11.67,36.98,30.31,11.9,373.31,1.69,1.93,0.45,2.11
5556.0,23.15,14.32,93.4,9.5,375.73,21.51,74.92,12.03,21.51,74.92,23.93,62.75,11.67,36.99,30.32,11.91,375.73,1.72,1.94,0.49,2.11
5557.0,23.15,14.32,93.4,9.5,376.38,21.51,74.92,12.03,21.51,74.92,23.93,62.75,11.67,36.99,30.32,11.91,376.38,1.72,1.95,0.49,2.11
5558.0,23.16,14.33,93.4,9.5,379.96,21.5,74.88,12.02,21.5,74.88,23.93,62.9,11.69,36.98,30.32,11.9,379.96,1.74,1.96,0.45,2.12
5559.0,23.16,14.33,93.4,9.5,382.39,21.5,74.88,12.02,21.5,74.88,23.93,62.9,11.69,36.98,30.32,11.9,382.39,1.75,1.98,0.48,2.11
5560.0,23.16,14.33,93.4,9.5,384.35,21.5,74.88,12.02,21.5,74.88,23.93,62.9,11.69,36.98,30.32,11.9,384.35,1.75,1.99,0.47,2.11
5561.0,23.16,14.33,93.4,9.5,382.81,21.5,74.88,12.02,21.5,74.88,23.93,62.9,11.69,36.98,30.32,11.9,382.81,1.75,1.98,0.47,2.12
5562.0,23.14,14.29,93.62,9.5,382.11,21.48,74.82,11.99,21.48,74.82,23.92,62.75,11.66,36.92,30.35,11.87,382.11,1.74,1.97,0.48,2.1
5563.0,23.14,14.29,93.62,9.5,382.1,21.48,74.82,11.99,21.48,74.82,23.92,62.75,11.66,36.92,30.35,11.87,382.1,1.74,1.97,0.47,2.1
5564.0,23.16,14.29,93.67,9.51,382.56,21.49,74.8,12,21.49,74.8,23.92,62.79,11.67,36.93,30.33,11.87,382.56,1.74,1.97,0.46,2.1
5565.0,23.16,14.29,93.67,9.51,382.47,21.49,74.8,12,21.49,74.8,23.92,62.79,11.67,36.93,30.33,11.87,382.47,1.74,1.97,0.43,2.1
5566.0,23.16,14.29,93.67,9.51,383.41,21.49,74.8,12,21.49,74.8,23.92,62.79,11.67,36.93,30.33,11.87,383.41,1.74,1.97,0.45,2.1
5567.0,23.16,14.29,93.67,9.51,383.18,21.49,74.8,12,21.49,74.8,23.92,62.79,11.67,36.93,30.33,11.87,383.18,1.74,1.97,0.43,2.1
5568.0,23.18,14.32,93.69,9.53,379.33,21.5,74.76,12,21.5,74.76,23.93,62.78,11.67,36.95,30.25,11.85,379.33,1.72,1.95,0.46,2.11
5569.0,23.18,14.32,93.69,9.53,378.07,21.5,74.76,12,21.5,74.76,23.93,62.78,11.67,36.95,30.25,11.85,378.07,1.71,1.94,0.46,2.11
5570.0,23.18,14.32,93.7,9.53,374.34,21.5,74.74,12,21.5,74.74,23.93,62.75,11.67,36.96,30.29,11.88,374.34,1.69,1.92,0.45,2.11
5571.0,23.18,14.32,93.7,9.53,374.85,21.5,74.74,12,21.5,74.74,23.93,62.75,11.67,36.96,30.29,11.88,374.85,1.7,1.93,0.45,2.11
5572.0,23.18,14.32,93.7,9.53,379.71,21.5,74.74,12,21.5,74.74,23.93,62.75,11.67,36.96,30.29,11.88,379.71,1.72,1.96,0.45,2.11
5573.0,23.18,14.32,93.7,9.53,381.52,21.5,74.74,12,21.5,74.74,23.93,62.75,11.67,36.96,30.29,11.88,381.52,1.73,1.97,0.46,2.11
5574.0,23.19,14.31,93.78,9.53,385.48,21.51,74.66,11.99,21.51,74.66,23.94,62.74,11.67,36.97,30.29,11.88,385.48,1.74,2.0,0.47,2.1
5575.0,23.19,14.31,93.78,9.53,386.95,21.51,74.66,11.99,21.51,74.66,23.94,62.74,11.67,36.97,30.29,11.88,386.95,1.75,2.0,0.47,2.1
5576.0,23.21,14.3,93.69,9.52,386.13,21.51,74.64,11.99,21.51,74.64,23.94,62.69,11.66,36.99,30.3,11.9,386.13,1.75,2.0,0.48,2.1
5577.0,23.21,14.3,93.69,9.52,385,21.51,74.64,11.99,21.51,74.64,23.94,62.69,11.66,36.99,30.3,11.9,385,1.74,2.0,0.48,2.1
5578.0,23.21,14.3,93.69,9.52,381.73,21.51,74.64,11.99,21.51,74.64,23.94,62.69,11.66,36.99,30.3,11.9,381.73,1.73,1.98,0.46,2.1
5579.0,23.21,14.3,93.69,9.52,381.38,21.51,74.64,11.99,21.51,74.64,23.94,62.69,11.66,36.99,30.3,11.9,381.38,1.73,1.98,0.44,2.1
5580.0,23.22,14.32,93.52,9.51,379.45,21.51,74.89,12.03,21.51,74.89,23.94,62.83,11.69,36.98,30.29,11.89,379.45,1.73,1.96,0.44,2.11
5581.0,23.22,14.32,93.52,9.51,378.49,21.51,74.89,12.03,21.51,74.89,23.94,62.83,11.69,36.98,30.29,11.89,378.49,1.73,1.95,0.44,2.11
5582.0,23.21,14.31,93.57,9.51,376.78,21.5,74.82,12.01,21.5,74.82,23.94,62.8,11.68,36.96,30.31,11.88,376.78,1.72,1.94,0.45,2.1
5583.0,23.21,14.31,93.57,9.51,379.35,21.5,74.82,12.01,21.5,74.82,23.94,62.8,11.68,36.96,30.31,11.88,379.35,1.73,1.96,0.44,2.11
5584.0,23.21,14.31,93.57,9.51,382.34,21.5,74.82,12.01,21.5,74.82,23.94,62.8,11.68,36.96,30.31,11.88,382.34,1.74,1.97,0.46,2.11
5585.0,23.21,14.31,93.57,9.51,382.66,21.5,74.82,12.01,21.5,74.82,23.94,62.8,11.68,36.96,30.31,11.88,382.66,1.74,1.97,0.46,2.11
5586.0,23.23,14.3,93.8,9.53,382.77,21.51,74.81,12.01,21.51,74.81,23.94,62.78,11.68,36.99,30.28,11.89,382.77,1.74,1.98,0.45,2.1
5587.0,23.23,14.3,93.8,9.53,382.76,21.51,74.81,12.01,21.51,74.81,23.94,62.78,11.68,36.99,30.28,11.89,382.76,1.74,1.98,0.45,2.1
5588.0,23.21,14.31,93.53,9.51,383.55,21.5,74.78,12,21.5,74.78,23.94,62.76,11.67,36.97,30.27,11.88,383.55,1.74,1.98,0.46,2.11
5589.0,23.21,14.31,93.53,9.51,383.87,21.5,74.78,12,21.5,74.78,23.94,62.76,11.67,36.97,30.27,11.88,383.87,1.75,1.98,0.47,2.11
5590.0,23.21,14.31,93.53,9.51,384.51,21.5,74.78,12,21.5,74.78,23.94,62.76,11.67,36.97,30.27,11.88,384.51,1.75,1.98,0.47,2.11
5591.0,23.21,14.31,93.53,9.51,384.66,21.5,74.78,12,21.5,74.78,23.94,62.76,11.67,36.97,30.27,11.88,384.66,1.75,1.98,0.46,2.11
5592.0,23.19,14.29,93.67,9.51,385.7,21.5,74.78,12,21.5,74.78,23.94,62.78,11.68,36.98,30.29,11.89,385.7,1.76,1.99,0.48,2.1
5593.0,23.19,14.29,93.67,9.51,386.32,21.5,74.78,12,21.5,74.78,23.94,62.78,11.68,36.98,30.29,11.89,386.32,1.76,2.0,0.46,2.1
5594.0,23.19,14.29,93.88,9.53,387.05,21.51,74.8,12.01,21.51,74.8,23.94,62.76,11.67,36.99,30.29,11.9,387.05,1.77,2.0,0.45,2.09
5595.0,23.19,14.29,93.88,9.53,387.21,21.51,74.8,12.01,21.51,74.8,23.94,62.76,11.67,36.99,30.29,11.9,387.21,1.76,2.0,0.45,2.09
5596.0,23.19,14.29,93.88,9.53,386.75,21.51,74.8,12.01,21.51,74.8,23.94,62.76,11.67,36.99,30.29,11.9,386.75,1.76,2.0,0.44,2.09
5597.0,23.19,14.29,93.88,9.53,386.7,21.51,74.8,12.01,21.51,74.8,23.94,62.76,11.67,36.99,30.29,11.9,386.7,1.76,2.0,0.44,2.09
5598.0,23.18,14.29,93.69,9.51,386.56,21.51,74.82,12.01,21.51,74.82,23.93,62.75,11.67,36.99,30.3,11.9,386.56,1.77,2.0,0.46,2.09
5599.0,23.18,14.29,93.69,9.51,385.86,21.51,74.82,12.01,21.51,74.82,23.93,62.75,11.67,36.99,30.3,11.9,385.86,1.76,2.0,0.46,2.09
5600.0,23.18,14.29,93.71,9.51,382.49,21.5,74.68,11.99,21.5,74.68,23.93,62.82,11.68,36.98,30.31,11.89,382.49,1.75,1.98,0.46,2.1
5601.0,23.18,14.29,93.71,9.51,381.71,21.5,74.68,11.99,21.5,74.68,23.93,62.82,11.68,36.98,30.31,11.89,381.71,1.73,1.98,0.46,2.1
5602.0,23.18,14.29,93.71,9.51,382.78,21.5,74.68,11.99,21.5,74.68,23.93,62.82,11.68,36.98,30.31,11.89,382.78,1.74,1.99,0.46,2.1
5603.0,23.18,14.29,93.71,9.51,382.08,21.5,74.68,11.99,21.5,74.68,23.93,62.82,11.68,36.98,30.31,11.89,382.08,1.73,1.98,0.46,2.1
5604.0,23.18,14.3,93.46,9.49,381.51,21.49,74.74,11.99,21.49,74.74,23.92,62.84,11.68,36.94,30.34,11.88,381.51,1.74,1.97,0.45,2.1
5605.0,23.18,14.3,93.46,9.49,382.1,21.49,74.74,11.99,21.49,74.74,23.92,62.84,11.68,36.94,30.34,11.88,382.1,1.74,1.98,0.45,2.1
5606.0,23.18,14.3,93.46,9.49,383.41,21.49,74.74,11.99,21.49,74.74,23.92,62.84,11.68,36.94,30.34,11.88,383.41,1.74,1.98,0.47,2.1
5607.0,23.19,14.27,93.95,9.53,384.89,21.5,74.71,11.99,21.5,74.71,23.93,62.77,11.66,36.98,30.31,11.89,384.89,1.75,2.0,0.47,2.08
5608.0,23.19,14.27,93.95,9.53,383.82,21.5,74.71,11.99,21.5,74.71,23.93,62.77,11.66,36.98,30.31,11.89,383.82,1.74,1.99,0.44,2.08
5609.0,23.2,14.27,93.95,9.53,385.85,21.5,74.74,12,21.5,74.74,23.93,62.78,11.67,36.99,30.29,11.9,385.85,1.75,2.0,0.44,2.08
5610.0,23.2,14.27,93.95,9.53,381.82,21.5,74.74,12,21.5,74.74,23.93,62.78,11.67,36.99,30.29,11.9,381.82,1.73,1.98,0.43,2.08
5611.0,23.2,14.27,93.95,9.53,381.32,21.5,74.74,12,21.5,74.74,23.93,62.78,11.67,36.99,30.29,11.9,381.32,1.73,1.98,0.46,2.08
5612.0,23.2,14.27,93.95,9.53,381.46,21.5,74.74,12,21.5,74.74,23.93,62.78,11.67,36.99,30.29,11.9,381.46,1.73,1.98,0.46,2.08
5613.0,23.19,14.27,93.9,9.52,381.42,21.49,74.79,11.99,21.49,74.79,23.92,62.81,11.67,36.96,30.27,11.87,381.42,1.73,1.97,0.43,2.08
5614.0,23.19,14.27,93.9,9.52,381.53,21.49,74.79,11.99,21.49,74.79,23.92,62.81,11.67,36.96,30.27,11.87,381.53,1.73,1.97,0.43,2.08
5615.0,23.19,14.28,93.46,9.48,387.59,21.49,74.87,12.01,21.49,74.87,23.92,62.89,11.69,36.98,30.31,11.9,387.59,1.76,2.0,0.45,2.1
5616.0,23.19,14.28,93.46,9.48,388.83,21.49,74.87,12.01,21.49,74.87,23.92,62.89,11.69,36.98,30.31,11.9,388.83,1.78,2.01,0.44,2.09
5617.0,23.19,14.28,93.46,9.48,386.31,21.49,74.87,12.01,21.49,74.87,23.92,62.89,11.69,36.98,30.31,11.9,386.31,1.77,2.0,0.46,2.09
5618.0,23.19,14.28,93.46,9.48,384.79,21.49,74.87,12.01,21.49,74.87,23.92,62.89,11.69,36.98,30.31,11.9,384.79,1.76,1.99,0.46,2.09
5619.0,23.19,14.28,93.67,9.51,379.68,21.49,74.91,12.01,21.49,74.91,23.92,62.83,11.68,36.96,30.31,11.88,379.68,1.73,1.96,0.45,2.09
5620.0,23.19,14.28,93.67,9.51,379.27,21.49,74.91,12.01,21.49,74.91,23.92,62.83,11.68,36.96,30.31,11.88,379.27,1.73,1.96,0.45,2.09
5621.0,23.17,14.3,93.33,9.48,378.45,21.47,74.95,12.01,21.47,74.95,23.92,62.84,11.68,36.92,30.3,11.85,378.45,1.73,1.95,0.46,2.11
5622.0,23.17,14.3,93.33,9.48,378.27,21.47,74.95,12.01,21.47,74.95,23.92,62.84,11.68,36.92,30.3,11.85,378.27,1.73,1.94,0.46,2.1
5623.0,23.17,14.3,93.33,9.48,378.46,21.47,74.95,12.01,21.47,74.95,23.92,62.84,11.68,36.92,30.3,11.85,378.46,1.73,1.94,0.45,2.1
5624.0,23.17,14.3,93.33,9.48,378.95,21.47,74.95,12.01,21.47,74.95,23.92,62.84,11.68,36.92,30.3,11.85,378.95,1.73,1.94,0.44,2.1
5625.0,23.2,14.28,93.59,9.5,379.14,21.5,74.89,12.02,21.5,74.89,23.93,62.78,11.67,36.99,30.28,11.89,379.14,1.74,1.96,0.47,2.09
5626.0,23.2,14.28,93.59,9.5,379.02,21.5,74.89,12.02,21.5,74.89,23.93,62.78,11.67,36.99,30.28,11.89,379.02,1.74,1.96,0.46,2.09
5627.0,23.21,14.3,93.4,9.49,376.7,21.5,74.78,12,21.5,74.78,23.92,62.81,11.67,36.99,30.28,11.89,376.7,1.73,1.95,0.44,2.1
5628.0,23.21,14.3,93.4,9.49,376.37,21.5,74.78,12,21.5,74.78,23.92,62.81,11.67,36.99,30.28,11.89,376.37,1.72,1.95,0.44,2.1
5629.0,23.21,14.3,93.4,9.49,378.15,21.5,74.78,12,21.5,74.78,23.92,62.81,11.67,36.99,30.28,11.89,378.15,1.73,1.96,0.44,2.1
5630.0,23.21,14.3,93.4,9.49,378.63,21.5,74.78,12,21.5,74.78,23.92,62.81,11.67,36.99,30.28,11.89,378.63,1.73,1.96,0.44,2.1
5631.0,23.21,14.29,93.35,9.48,376.43,21.49,74.78,12,21.49,74.78,23.9,62.86,11.67,36.98,30.28,11.89,376.43,1.72,1.95,0.45,2.09
5632.0,23.21,14.29,93.35,9.48,376.1,21.49,74.78,12,21.49,74.78,23.9,62.86,11.67,36.98,30.28,11.89,376.1,1.72,1.95,0.45,2.09
5633.0,23.21,14.3,93.58,9.5,373.33,21.49,74.75,11.99,21.49,74.75,23.91,62.86,11.67,36.98,30.26,11.88,373.33,1.71,1.93,0.44,2.1
5634.0,23.21,14.3,93.58,9.5,371.45,21.49,74.75,11.99,21.49,74.75,23.91,62.86,11.67,36.98,30.26,11.88,371.45,1.69,1.92,0.45,2.09
5635.0,23.21,14.3,93.58,9.5,371.96,21.49,74.75,11.99,21.49,74.75,23.91,62.86,11.67,36.98,30.26,11.88,371.96,1.69,1.93,0.45,2.09
5636.0,23.21,14.3,93.58,9.5,374.98,21.49,74.75,11.99,21.49,74.75,23.91,62.86,11.67,36.98,30.26,11.88,374.98,1.7,1.94,0.46,2.09
5637.0,23.22,14.29,93.63,9.5,380.6,21.48,74.75,11.99,21.48,74.75,23.9,62.93,11.68,36.96,30.26,11.87,380.6,1.73,1.97,0.45,2.09
5638.0,23.22,14.29,93.63,9.5,381.42,21.48,74.75,11.99,21.48,74.75,23.9,62.93,11.68,36.96,30.26,11.87,381.42,1.73,1.97,0.45,2.09
5639.0,23.2,14.31,93.32,9.49,381.48,21.47,74.74,11.98,21.47,74.74,23.9,62.87,11.67,36.93,30.28,11.85,381.48,1.73,1.97,0.41,2.12
5640.0,23.2,14.31,93.32,9.49,379.86,21.47,74.74,11.98,21.47,74.74,23.9,62.87,11.67,36.93,30.28,11.85,379.86,1.72,1.96,0.41,2.1
5641.0,23.2,14.31,93.32,9.49,381.37,21.47,74.74,11.98,21.47,74.74,23.9,62.87,11.67,36.93,30.28,11.85,381.37,1.73,1.97,0.46,2.1
5642.0,23.2,14.31,93.32,9.49,383.29,21.47,74.74,11.98,21.47,74.74,23.9,62.87,11.67,36.93,30.28,11.85,383.29,1.74,1.98,0.45,2.1
5643.0,23.17,14.31,93.4,9.5,383.77,21.47,74.81,11.98,21.47,74.81,23.9,62.86,11.67,36.91,30.29,11.84,383.77,1.74,1.97,0.48,2.1
5644.0,23.17,14.31,93.4,9.5,381.43,21.47,74.81,11.98,21.47,74.81,23.9,62.86,11.67,36.91,30.29,11.84,381.43,1.73,1.96,0.46,2.1
5645.0,23.17,14.3,93.61,9.51,380.31,21.5,74.84,12.01,21.5,74.84,23.93,62.79,11.67,37,30.28,11.9,380.31,1.72,1.95,0.48,2.1
5646.0,23.17,14.3,93.61,9.51,381.43,21.5,74.84,12.01,21.5,74.84,23.93,62.79,11.67,37,30.28,11.9,381.43,1.74,1.97,0.48,2.1
5647.0,23.17,14.3,93.61,9.51,382.03,21.5,74.84,12.01,21.5,74.84,23.93,62.79,11.67,37,30.28,11.9,382.03,1.74,1.98,0.46,2.1
5648.0,23.17,14.3,93.61,9.51,382.16,21.5,74.84,12.01,21.5,74.84,23.93,62.79,11.67,37,30.28,11.9,382.16,1.74,1.98,0.46,2.1
5649.0,23.14,14.3,93.37,9.48,382.51,21.49,74.84,12,21.49,74.84,23.93,62.77,11.67,36.96,30.3,11.88,382.51,1.75,1.97,0.45,2.1
5650.0,23.14,14.3,93.37,9.48,382.13,21.49,74.84,12,21.49,74.84,23.93,62.77,11.67,36.96,30.3,11.88,382.13,1.75,1.97,0.45,2.1
5651.0,23.13,14.3,93.44,9.49,380.32,21.49,74.92,12.02,21.49,74.92,23.93,62.83,11.68,36.96,30.17,11.83,380.32,1.74,1.96,0.46,2.1
5652.0,23.13,14.3,93.44,9.49,379.71,21.49,74.92,12.02,21.49,74.92,23.93,62.83,11.68,36.96,30.17,11.83,379.71,1.74,1.94,0.47,2.1
5653.0,23.13,14.3,93.44,9.49,379.07,21.49,74.92,12.02,21.49,74.92,23.93,62.83,11.68,36.96,30.17,11.83,379.07,1.73,1.94,0.46,2.1
5654.0,23.13,14.3,93.44,9.49,377.16,21.49,74.92,12.02,21.49,74.92,23.93,62.83,11.68,36.96,30.17,11.83,377.16,1.73,1.93,0.46,2.1
5655.0,23.12,14.31,93.45,9.5,373.95,21.49,74.89,12.02,21.49,74.89,23.94,62.8,11.68,36.97,30.32,11.9,373.95,1.71,1.93,0.45,2.1
5656.0,23.12,14.31,93.45,9.5,372.97,21.49,74.89,12.02,21.49,74.89,23.94,62.8,11.68,36.97,30.32,11.9,372.97,1.7,1.93,0.45,2.1
5657.0,23.11,14.28,93.73,9.51,371.75,21.49,74.94,12.02,21.49,74.94,23.94,62.68,11.66,36.96,30.32,11.89,371.75,1.7,1.92,0.45,2.09
5658.0,23.11,14.28,93.73,9.51,371.42,21.49,74.94,12.02,21.49,74.94,23.94,62.68,11.66,36.96,30.32,11.89,371.42,1.7,1.91,0.45,2.09
5659.0,23.11,14.28,93.73,9.51,372.38,21.49,74.94,12.02,21.49,74.94,23.94,62.68,11.66,36.96,30.32,11.89,372.38,1.7,1.92,0.45,2.09
5660.0,23.11,14.28,93.73,9.51,375.11,21.49,74.94,12.02,21.49,74.94,23.94,62.68,11.66,36.96,30.32,11.89,375.11,1.71,1.93,0.45,2.09
5661.0,23.11,14.29,93.76,9.52,379.65,21.49,74.82,12,21.49,74.82,23.94,62.73,11.67,36.97,30.31,11.89,379.65,1.73,1.96,0.45,2.09
5662.0,23.11,14.29,93.76,9.52,380.02,21.49,74.82,12,21.49,74.82,23.94,62.73,11.67,36.97,30.31,11.89,380.02,1.73,1.97,0.46,2.09
5663.0,23.12,14.29,93.57,9.5,386.19,21.49,74.81,12,21.49,74.81,23.94,62.73,11.67,36.95,30.31,11.88,386.19,1.76,2.0,0.46,2.09
5664.0,23.12,14.29,93.57,9.5,387.17,21.49,74.81,12,21.49,74.81,23.94,62.73,11.67,36.95,30.31,11.88,387.17,1.76,2.0,0.46,2.09
5665.0,23.12,14.29,93.57,9.5,388,21.49,74.81,12,21.49,74.81,23.94,62.73,11.67,36.95,30.31,11.88,388,1.77,2.0,0.43,2.09
5666.0,23.12,14.29,93.57,9.5,385.04,21.49,74.81,12,21.49,74.81,23.94,62.73,11.67,36.95,30.31,11.88,385.04,1.75,1.99,0.44,2.09
5667.0,23.14,14.3,93.54,9.5,382.68,21.49,74.74,11.99,21.49,74.74,23.93,62.72,11.66,36.95,30.32,11.88,382.68,1.74,1.98,0.44,2.09
5668.0,23.14,14.3,93.54,9.5,380.69,21.49,74.74,11.99,21.49,74.74,23.93,62.72,11.66,36.95,30.32,11.88,380.69,1.73,1.97,0.44,2.09
5669.0,23.15,14.3,93.65,9.51,376.99,21.49,74.85,12.01,21.49,74.85,23.92,62.76,11.66,36.97,30.33,11.9,376.99,1.71,1.95,0.46,2.09
5670.0,23.15,14.3,93.65,9.51,376.49,21.49,74.85,12.01,21.49,74.85,23.92,62.76,11.66,36.97,30.33,11.9,376.49,1.71,1.95,0.46,2.09
5671.0,23.15,14.3,93.65,9.51,373.66,21.49,74.85,12.01,21.49,74.85,23.92,62.76,11.66,36.97,30.33,11.9,373.66,1.7,1.93,0.44,2.09
5672.0,23.15,14.3,93.65,9.51,372.38,21.49,74.85,12.01,21.49,74.85,23.92,62.76,11.66,36.97,30.33,11.9,372.38,1.7,1.93,0.44,2.09
5673.0,23.13,14.31,93.48,9.5,372.33,21.49,74.76,11.99,21.49,74.76,23.91,62.94,11.69,36.98,30.32,11.9,372.33,1.69,1.93,0.45,2.1
5674.0,23.13,14.31,93.48,9.5,373.93,21.49,74.76,11.99,21.49,74.76,23.91,62.94,11.69,36.98,30.32,11.9,373.93,1.7,1.94,0.45,2.1
5675.0,23.14,14.32,93.34,9.49,377.8,21.49,74.92,12.02,21.49,74.92,23.9,62.96,11.69,36.98,30.29,11.89,377.8,1.72,1.96,0.45,2.11
5676.0,23.14,14.32,93.34,9.49,379.01,21.49,74.92,12.02,21.49,74.92,23.9,62.96,11.69,36.98,30.29,11.89,379.01,1.73,1.96,0.46,2.11
5677.0,23.14,14.32,93.34,9.49,380.35,21.49,74.92,12.02,21.49,74.92,23.9,62.96,11.69,36.98,30.29,11.89,380.35,1.74,1.97,0.47,2.11
5678.0,23.14,14.32,93.34,9.49,382.25,21.49,74.92,12.02,21.49,74.92,23.9,62.96,11.69,36.98,30.29,11.89,382.25,1.75,1.98,0.45,2.11
5679.0,23.15,14.31,93.28,9.48,384.01,21.48,74.86,12,21.48,74.86,23.89,62.92,11.67,36.97,30.28,11.88,384.01,1.75,1.99,0.45,2.1
5680.0,23.15,14.31,93.28,9.48,384.7,21.48,74.86,12,21.48,74.86,23.89,62.92,11.67,36.97,30.28,11.88,384.7,1.76,1.99,0.45,2.1
5681.0,23.17,14.3,93.76,9.53,386.71,21.49,74.85,12.01,21.49,74.85,23.91,62.87,11.67,37,30.27,11.89,386.71,1.77,2.0,0.45,2.1
5682.0,23.17,14.3,93.76,9.53,386.78,21.49,74.85,12.01,21.49,74.85,23.91,62.87,11.67,37,30.27,11.89,386.78,1.76,2.0,0.45,2.1
5683.0,23.17,14.3,93.76,9.53,382.93,21.49,74.85,12.01,21.49,74.85,23.91,62.87,11.67,37,30.27,11.89,382.93,1.74,1.98,0.46,2.1
5684.0,23.17,14.3,93.76,9.53,381.08,21.49,74.85,12.01,21.49,74.85,23.91,62.87,11.67,37,30.27,11.89,381.08,1.73,1.97,0.44,2.1
5685.0,23.16,14.3,93.48,9.49,377.77,21.48,74.86,12,21.48,74.86,23.91,62.7,11.64,36.96,30.28,11.87,377.77,1.72,1.95,0.46,2.1
5686.0,23.16,14.3,93.48,9.49,375.84,21.48,74.86,12,21.48,74.86,23.91,62.7,11.64,36.96,30.28,11.87,375.84,1.71,1.94,0.45,2.1
5687.0,23.17,14.3,93.63,9.52,377.82,21.5,74.85,12.01,21.5,74.85,23.93,62.73,11.66,37,30.26,11.89,377.82,1.72,1.95,0.45,2.1
5688.0,23.17,14.3,93.63,9.52,378.14,21.5,74.85,12.01,21.5,74.85,23.93,62.73,11.66,37,30.26,11.89,378.14,1.72,1.96,0.45,2.1
5689.0,23.17,14.3,93.63,9.52,380.13,21.5,74.85,12.01,21.5,74.85,23.93,62.73,11.66,37,30.26,11.89,380.13,1.73,1.97,0.46,2.1
5690.0,23.17,14.3,93.63,9.52,382.26,21.5,74.85,12.01,21.5,74.85,23.93,62.73,11.66,37,30.26,11.89,382.26,1.74,1.98,0.48,2.1
5691.0,23.17,14.31,93.51,9.51,384.08,21.5,74.79,12,21.5,74.79,23.93,62.77,11.67,37,30.27,11.89,384.08,1.75,1.99,0.45,2.11
5692.0,23.17,14.31,93.51,9.51,383.3,21.5,74.79,12,21.5,74.79,23.93,62.77,11.67,37,30.27,11.89,383.3,1.74,1.99,0.45,2.11
5693.0,23.16,14.32,93.4,9.5,378.66,21.49,74.87,12.01,21.49,74.87,23.92,62.79,11.67,36.97,30.29,11.88,378.66,1.72,1.96,0.45,2.11
5694.0,23.16,14.32,93.4,9.5,380.03,21.49,74.87,12.01,21.49,74.87,23.92,62.79,11.67,36.97,30.29,11.88,380.03,1.73,1.96,0.45,2.11
5695.0,23.16,14.32,93.4,9.5,382.34,21.49,74.87,12.01,21.49,74.87,23.92,62.79,11.67,36.97,30.29,11.88,382.34,1.74,1.97,0.45,2.11
5696.0,23.16,14.32,93.4,9.5,384.21,21.49,74.87,12.01,21.49,74.87,23.92,62.79,11.67,36.97,30.29,11.88,384.21,1.75,1.98,0.45,2.11
5697.0,23.16,14.31,93.69,9.52,383.88,21.48,74.77,11.99,21.48,74.77,23.92,62.76,11.66,36.96,30.32,11.88,383.88,1.74,1.99,0.47,2.1
5698.0,23.16,14.31,93.69,9.52,383.11,21.48,74.77,11.99,21.48,74.77,23.92,62.76,11.66,36.96,30.32,11.88,383.11,1.73,1.98,0.46,2.1
5699.0,23.19,14.32,93.34,9.49,382.83,21.49,74.78,11.99,21.49,74.78,23.93,62.76,11.67,36.96,30.31,11.89,382.83,1.73,1.98,0.47,2.11
5700.0,23.19,14.32,93.34,9.49,382.64,21.49,74.78,11.99,21.49,74.78,23.93,62.76,11.67,36.96,30.31,11.89,382.64,1.74,1.98,0.47,2.11
5701.0,23.19,14.32,93.34,9.49,382.58,21.49,74.78,11.99,21.49,74.78,23.93,62.76,11.67,36.96,30.31,11.89,382.58,1.74,1.98,0.46,2.11
5702.0,23.19,14.32,93.34,9.49,382.63,21.49,74.78,11.99,21.49,74.78,23.93,62.76,11.67,36.96,30.31,11.89,382.63,1.74,1.98,0.46,2.11
5703.0,23.19,14.32,93.6,9.52,379.61,21.49,74.72,11.99,21.49,74.72,23.92,62.84,11.68,36.97,30.3,11.89,379.61,1.72,1.97,0.45,2.11
5704.0,23.19,14.32,93.6,9.52,379.41,21.49,74.72,11.99,21.49,74.72,23.92,62.84,11.68,36.97,30.3,11.89,379.41,1.72,1.97,0.45,2.11
5705.0,23.18,14.32,93.51,9.51,381.73,21.5,74.91,12.02,21.5,74.91,23.92,62.89,11.69,36.99,30.28,11.89,381.73,1.73,1.98,0.45,2.11
5706.0,23.18,14.32,93.51,9.51,382.4,21.5,74.91,12.02,21.5,74.91,23.92,62.89,11.69,36.99,30.28,11.89,382.4,1.74,1.98,0.45,2.11
5707.0,23.18,14.32,93.51,9.51,383.2,21.5,74.91,12.02,21.5,74.91,23.92,62.89,11.69,36.99,30.28,11.89,383.2,1.75,1.98,0.42,2.11
5708.0,23.18,14.32,93.51,9.51,383.12,21.5,74.91,12.02,21.5,74.91,23.92,62.89,11.69,36.99,30.28,11.89,383.12,1.75,1.98,0.45,2.11
5709.0,23.13,14.31,93.48,9.5,383.2,21.47,74.84,11.99,21.47,74.84,23.91,62.79,11.66,36.93,30.33,11.87,383.2,1.74,1.98,0.48,2.11
5710.0,23.13,14.31,93.48,9.5,383.07,21.47,74.84,11.99,21.47,74.84,23.91,62.79,11.66,36.93,30.33,11.87,383.07,1.74,1.98,0.48,2.11
5711.0,23.18,14.33,93.3,9.5,382.82,21.5,74.74,12,21.5,74.74,23.92,62.82,11.67,36.99,30.28,11.89,382.82,1.74,1.98,0.44,2.12
5712.0,23.18,14.33,93.3,9.5,382.62,21.5,74.74,12,21.5,74.74,23.92,62.82,11.67,36.99,30.28,11.89,382.62,1.74,1.98,0.44,2.12
5713.0,23.18,14.33,93.3,9.5,380.89,21.5,74.74,12,21.5,74.74,23.92,62.82,11.67,36.99,30.28,11.89,380.89,1.73,1.98,0.49,2.12
5714.0,23.18,14.33,93.3,9.5,380.19,21.5,74.74,12,21.5,74.74,23.92,62.82,11.67,36.99,30.28,11.89,380.19,1.73,1.97,0.46,2.12
5715.0,23.19,14.33,93.3,9.49,374.41,21.5,74.75,12,21.5,74.75,23.92,62.77,11.66,37,30.28,11.89,374.41,1.71,1.94,0.47,2.12
5716.0,23.19,14.33,93.3,9.49,371.56,21.5,74.75,12,21.5,74.75,23.92,62.77,11.66,37,30.28,11.89,371.56,1.69,1.93,0.46,2.12
5717.0,23.21,14.32,93.42,9.51,368.97,21.51,74.66,11.99,21.51,74.66,23.91,62.85,11.67,37,30.28,11.9,368.97,1.68,1.91,0.48,2.11
5718.0,23.21,14.32,93.42,9.51,368.61,21.51,74.66,11.99,21.51,74.66,23.91,62.85,11.67,37,30.28,11.9,368.61,1.67,1.92,0.48,2.11
5719.0,23.21,14.32,93.42,9.51,366.22,21.51,74.66,11.99,21.51,74.66,23.91,62.85,11.67,37,30.28,11.9,366.22,1.66,1.9,0.46,2.12
5720.0,23.21,14.32,93.42,9.51,365.26,21.51,74.66,11.99,21.51,74.66,23.91,62.85,11.67,37,30.28,11.9,365.26,1.66,1.9,0.46,2.12
5721.0,23.21,14.31,93.56,9.51,367.05,21.5,74.69,11.98,21.5,74.69,23.9,62.77,11.65,36.97,30.31,11.89,367.05,1.66,1.9,0.48,2.11
5722.0,23.21,14.31,93.56,9.51,370.62,21.5,74.69,11.98,21.5,74.69,23.9,62.77,11.65,36.97,30.31,11.89,370.62,1.68,1.92,0.46,2.11
5723.0,23.22,14.31,93.57,9.51,373.14,21.5,74.64,11.98,21.5,74.64,23.9,62.9,11.68,36.97,30.33,11.9,373.14,1.69,1.94,0.47,2.11
5724.0,23.22,14.31,93.57,9.51,371.99,21.5,74.64,11.98,21.5,74.64,23.9,62.9,11.68,36.97,30.33,11.9,371.99,1.68,1.93,0.47,2.11
5725.0,23.22,14.31,93.57,9.51,370.63,21.5,74.64,11.98,21.5,74.64,23.9,62.9,11.68,36.97,30.33,11.9,370.63,1.68,1.93,0.45,2.11
5726.0,23.22,14.31,93.57,9.51,370.33,21.5,74.64,11.98,21.5,74.64,23.9,62.9,11.68,36.97,30.33,11.9,370.33,1.67,1.93,0.45,2.11
5727.0,23.23,14.32,93.58,9.52,371.52,21.51,74.59,11.98,21.51,74.59,23.91,62.78,11.66,36.99,30.32,11.9,371.52,1.68,1.94,0.47,2.11
5728.0,23.23,14.32,93.58,9.52,373.67,21.51,74.59,11.98,21.51,74.59,23.91,62.78,11.66,36.99,30.32,11.9,373.67,1.69,1.95,0.47,2.12
5729.0,23.21,14.32,93.49,9.51,376.93,21.5,74.65,11.98,21.5,74.65,23.91,62.84,11.67,36.97,30.34,11.9,376.93,1.7,1.96,0.44,2.12
5730.0,23.21,14.32,93.49,9.51,377.39,21.5,74.65,11.98,21.5,74.65,23.91,62.84,11.67,36.97,30.34,11.9,377.39,1.71,1.96,0.48,2.12
5731.0,23.21,14.32,93.49,9.51,375.78,21.5,74.65,11.98,21.5,74.65,23.91,62.84,11.67,36.97,30.34,11.9,375.78,1.7,1.95,0.47,2.12
5732.0,23.21,14.32,93.49,9.51,377.03,21.5,74.65,11.98,21.5,74.65,23.91,62.84,11.67,36.97,30.34,11.9,377.03,1.71,1.96,0.42,2.12
5733.0,23.19,14.3,93.7,9.52,381.36,21.48,74.65,11.97,21.48,74.65,23.9,62.7,11.64,36.91,30.37,11.88,381.36,1.72,1.98,0.45,2.1
5734.0,23.19,14.3,93.7,9.52,383.36,21.48,74.65,11.97,21.48,74.65,23.9,62.7,11.64,36.91,30.37,11.88,383.36,1.73,1.99,0.47,2.1
5735.0,23.21,14.29,93.92,9.54,383.1,21.5,74.67,11.98,21.5,74.67,23.91,62.74,11.65,36.97,30.32,11.9,383.1,1.73,1.98,0.46,2.1
5736.0,23.21,14.29,93.92,9.54,380.9,21.5,74.67,11.98,21.5,74.67,23.91,62.74,11.65,36.97,30.32,11.9,380.9,1.72,1.98,0.46,2.1
5737.0,23.21,14.29,93.92,9.54,378.99,21.5,74.67,11.98,21.5,74.67,23.91,62.74,11.65,36.97,30.32,11.9,378.99,1.71,1.97,0.45,2.1
5738.0,23.21,14.29,93.92,9.54,378.19,21.5,74.67,11.98,21.5,74.67,23.91,62.74,11.65,36.97,30.32,11.9,378.19,1.71,1.96,0.46,2.1
5739.0,23.19,14.3,93.75,9.52,376.9,21.5,74.68,11.99,21.5,74.68,23.91,62.85,11.67,36.97,30.32,11.9,376.9,1.71,1.96,0.45,2.1
5740.0,23.19,14.3,93.75,9.52,376.54,21.5,74.68,11.99,21.5,74.68,23.91,62.85,11.67,36.97,30.32,11.9,376.54,1.71,1.95,0.46,2.1
5741.0,23.19,14.3,93.52,9.5,374.33,21.5,74.72,11.99,21.5,74.72,23.89,62.88,11.66,36.96,30.32,11.89,374.33,1.7,1.94,0.46,2.11
5742.0,23.19,14.3,93.52,9.5,373.2,21.5,74.72,11.99,21.5,74.72,23.89,62.88,11.66,36.96,30.32,11.89,373.2,1.7,1.93,0.45,2.11
5743.0,23.19,14.3,93.52,9.5,371.53,21.5,74.72,11.99,21.5,74.72,23.89,62.88,11.66,36.96,30.32,11.89,371.53,1.69,1.92,0.44,2.11
5744.0,23.19,14.3,93.52,9.5,371.1,21.5,74.72,11.99,21.5,74.72,23.89,62.88,11.66,36.96,30.32,11.89,371.1,1.69,1.92,0.44,2.11
5745.0,23.19,14.29,93.48,9.49,371.93,21.49,74.7,11.98,21.49,74.7,23.89,62.82,11.65,36.96,30.29,11.87,371.93,1.69,1.92,0.45,2.1
5746.0,23.19,14.29,93.48,9.49,372.61,21.49,74.7,11.98,21.49,74.7,23.89,62.82,11.65,36.96,30.29,11.87,372.61,1.7,1.93,0.45,2.1
5747.0,23.19,14.29,93.49,9.49,373.45,21.49,74.71,11.98,21.49,74.71,23.88,62.8,11.64,36.94,30.32,11.88,373.45,1.7,1.93,0.46,2.1
5748.0,23.19,14.29,93.49,9.49,375.19,21.49,74.71,11.98,21.49,74.71,23.88,62.8,11.64,36.94,30.32,11.88,375.19,1.71,1.94,0.44,2.1
5749.0,23.19,14.29,93.49,9.49,378.49,21.49,74.71,11.98,21.49,74.71,23.88,62.8,11.64,36.94,30.32,11.88,378.49,1.72,1.96,0.45,2.1
5750.0,23.19,14.29,93.49,9.49,379.55,21.49,74.71,11.98,21.49,74.71,23.88,62.8,11.64,36.94,30.32,11.88,379.55,1.73,1.96,0.44,2.1
5751.0,23.18,14.29,93.64,9.5,381.15,21.5,74.74,11.99,21.5,74.74,23.88,62.87,11.65,36.96,30.31,11.88,381.15,1.74,1.97,0.45,2.1
5752.0,23.18,14.29,93.64,9.5,381.41,21.5,74.74,11.99,21.5,74.74,23.88,62.87,11.65,36.96,30.31,11.88,381.41,1.74,1.97,0.45,2.09
5753.0,23.17,14.27,93.65,9.5,382.26,21.5,74.69,11.99,21.5,74.69,23.88,62.72,11.63,36.95,30.33,11.88,382.26,1.74,1.98,0.43,2.09
5754.0,23.17,14.27,93.65,9.5,384.12,21.5,74.69,11.99,21.5,74.69,23.88,62.72,11.63,36.95,30.33,11.88,384.12,1.75,1.99,0.48,2.09
5755.0,23.17,14.27,93.65,9.5,384.67,21.5,74.69,11.99,21.5,74.69,23.88,62.72,11.63,36.95,30.33,11.88,384.67,1.75,1.99,0.46,2.09
5756.0,23.17,14.27,93.65,9.5,384.87,21.5,74.69,11.99,21.5,74.69,23.88,62.72,11.63,36.95,30.33,11.88,384.87,1.75,1.99,0.46,2.09
5757.0,23.18,14.27,93.73,9.5,383.41,21.5,74.71,11.99,21.5,74.71,23.89,62.7,11.63,36.95,30.32,11.88,383.41,1.75,1.98,0.42,2.09
5758.0,23.18,14.27,93.73,9.5,378.75,21.5,74.71,11.99,21.5,74.71,23.89,62.7,11.63,36.95,30.32,11.88,378.75,1.73,1.96,0.44,2.09
5759.0,23.18,14.27,93.73,9.5,377.94,21.5,74.71,11.99,21.5,74.71,23.89,62.7,11.63,36.95,30.32,11.88,377.94,1.72,1.95,0.44,2.09
5760.0,23.17,14.29,93.61,9.5,377.71,21.49,74.62,11.97,21.49,74.62,23.88,62.77,11.64,36.93,30.35,11.88,377.71,1.71,1.95,0.46,2.1
5761.0,23.17,14.29,93.61,9.5,377.44,21.49,74.62,11.97,21.49,74.62,23.88,62.77,11.64,36.93,30.35,11.88,377.44,1.71,1.95,0.46,2.1
5762.0,23.16,14.3,93.59,9.51,377.42,21.49,74.61,11.97,21.49,74.61,23.89,62.77,11.64,36.93,30.33,11.87,377.42,1.71,1.95,0.46,2.1
5763.0,23.16,14.3,93.59,9.51,377.25,21.49,74.61,11.97,21.49,74.61,23.89,62.77,11.64,36.93,30.33,11.87,377.25,1.71,1.95,0.46,2.1
5764.0,23.16,14.3,93.59,9.51,376.65,21.49,74.61,11.97,21.49,74.61,23.89,62.77,11.64,36.93,30.33,11.87,376.65,1.7,1.95,0.44,2.1
5765.0,23.16,14.3,93.59,9.51,376.37,21.49,74.61,11.97,21.49,74.61,23.89,62.77,11.64,36.93,30.33,11.87,376.37,1.7,1.95,0.47,2.1
5766.0,23.12,14.27,93.47,9.48,376.29,21.47,74.59,11.95,21.47,74.59,23.88,62.77,11.63,36.89,30.35,11.85,376.29,1.71,1.94,0.45,2.09
5767.0,23.12,14.27,93.47,9.48,377.78,21.47,74.59,11.95,21.47,74.59,23.88,62.77,11.63,36.89,30.35,11.85,377.78,1.71,1.95,0.43,2.09
5768.0,23.19,14.29,93.56,9.5,377.26,21.5,74.63,11.98,21.5,74.63,23.9,62.73,11.64,36.97,30.3,11.89,377.26,1.71,1.95,0.44,2.11
5769.0,23.19,14.29,93.56,9.5,376.57,21.5,74.63,11.98,21.5,74.63,23.9,62.73,11.64,36.97,30.3,11.89,376.57,1.71,1.95,0.44,2.1
5770.0,23.19,14.29,93.56,9.5,378.66,21.5,74.63,11.98,21.5,74.63,23.9,62.73,11.64,36.97,30.3,11.89,378.66,1.72,1.96,0.46,2.1
5771.0,23.19,14.29,93.56,9.5,381.16,21.5,74.63,11.98,21.5,74.63,23.9,62.73,11.64,36.97,30.3,11.89,381.16,1.73,1.98,0.46,2.1
5772.0,23.2,14.3,93.47,9.49,384.43,21.5,74.79,12,21.5,74.79,23.89,62.85,11.66,36.97,30.29,11.88,384.43,1.75,1.99,0.43,2.1
5773.0,23.2,14.3,93.47,9.49,385.89,21.5,74.79,12,21.5,74.79,23.89,62.85,11.66,36.97,30.29,11.88,385.89,1.76,1.99,0.43,2.1
5774.0,23.19,14.29,93.51,9.5,387.23,21.5,74.8,12.01,21.5,74.8,23.89,62.8,11.65,36.98,30.27,11.88,387.23,1.77,2.0,0.45,2.1
5775.0,23.19,14.29,93.51,9.5,387.58,21.5,74.8,12.01,21.5,74.8,23.89,62.8,11.65,36.98,30.27,11.88,387.58,1.77,2.0,0.46,2.1
5776.0,23.19,14.29,93.51,9.5,387.34,21.5,74.8,12.01,21.5,74.8,23.89,62.8,11.65,36.98,30.27,11.88,387.34,1.77,2.0,0.47,2.1
5777.0,23.19,14.29,93.51,9.5,386.95,21.5,74.8,12.01,21.5,74.8,23.89,62.8,11.65,36.98,30.27,11.88,386.95,1.77,2.0,0.47,2.1
5778.0,23.16,14.28,93.71,9.5,383.22,21.5,74.79,12,21.5,74.79,23.88,62.83,11.64,36.98,30.27,11.88,383.22,1.75,1.98,0.44,2.09
5779.0,23.16,14.28,93.71,9.5,381.27,21.5,74.79,12,21.5,74.79,23.88,62.83,11.64,36.98,30.27,11.88,381.27,1.74,1.97,0.44,2.09
5780.0,23.14,14.27,93.67,9.5,379.32,21.49,74.75,11.99,21.49,74.75,23.88,62.83,11.64,36.97,30.28,11.88,379.32,1.73,1.96,0.44,2.08
5781.0,23.14,14.27,93.67,9.5,378.82,21.49,74.75,11.99,21.49,74.75,23.88,62.83,11.64,36.97,30.28,11.88,378.82,1.73,1.96,0.44,2.08
5782.0,23.14,14.27,93.67,9.5,381.13,21.49,74.75,11.99,21.49,74.75,23.88,62.83,11.64,36.97,30.28,11.88,381.13,1.74,1.97,0.45,2.08
5783.0,23.14,14.27,93.67,9.5,381.07,21.49,74.75,11.99,21.49,74.75,23.88,62.83,11.64,36.97,30.28,11.88,381.07,1.74,1.97,0.47,2.08
5784.0,23.11,14.27,93.62,9.49,382.7,21.49,74.69,11.98,21.49,74.69,23.88,62.75,11.63,36.97,30.28,11.88,382.7,1.74,1.98,0.45,2.08
5785.0,23.11,14.27,93.62,9.49,383.71,21.49,74.69,11.98,21.49,74.69,23.88,62.75,11.63,36.97,30.28,11.88,383.71,1.75,1.99,0.45,2.08
5786.0,23.12,14.29,93.43,9.48,383.56,21.5,74.67,11.98,21.5,74.67,23.89,62.82,11.65,36.99,30.28,11.89,383.56,1.75,1.99,0.43,2.09
5787.0,23.12,14.29,93.43,9.48,383.93,21.5,74.67,11.98,21.5,74.67,23.89,62.82,11.65,36.99,30.28,11.89,383.93,1.75,1.99,0.43,2.09
5788.0,23.12,14.29,93.43,9.48,387.4,21.5,74.67,11.98,21.5,74.67,23.89,62.82,11.65,36.99,30.28,11.89,387.4,1.77,2.01,0.45,2.09
5789.0,23.12,14.29,93.43,9.48,386.44,21.5,74.67,11.98,21.5,74.67,23.89,62.82,11.65,36.99,30.28,11.89,386.44,1.76,2.01,0.46,2.09
5790.0,23.13,14.29,93.42,9.48,384.53,21.49,74.6,11.97,21.49,74.6,23.89,62.73,11.63,36.98,30.3,11.89,384.53,1.75,2.0,0.44,2.09
5791.0,23.13,14.29,93.42,9.48,383.05,21.49,74.6,11.97,21.49,74.6,23.89,62.73,11.63,36.98,30.3,11.89,383.05,1.74,1.99,0.44,2.09
5792.0,23.13,14.27,93.66,9.49,378.92,21.49,74.55,11.95,21.49,74.55,23.89,62.63,11.61,36.96,30.31,11.88,378.92,1.72,1.97,0.44,2.08
5793.0,23.13,14.27,93.66,9.49,375.83,21.49,74.55,11.95,21.49,74.55,23.89,62.63,11.61,36.96,30.31,11.88,375.83,1.7,1.96,0.44,2.08
5794.0,23.13,14.27,93.66,9.49,375.02,21.49,74.55,11.95,21.49,74.55,23.89,62.63,11.61,36.96,30.31,11.88,375.02,1.7,1.95,0.43,2.08
5795.0,23.13,14.27,93.66,9.49,375.23,21.49,74.55,11.95,21.49,74.55,23.89,62.63,11.61,36.96,30.31,11.88,375.23,1.7,1.95,0.44,2.08
5796.0,23.14,14.27,93.83,9.51,377.88,21.5,74.57,11.97,21.5,74.57,23.9,62.74,11.64,36.99,30.28,11.89,377.88,1.71,1.97,0.44,2.08
5797.0,23.14,14.27,93.83,9.51,379.15,21.5,74.57,11.97,21.5,74.57,23.9,62.74,11.64,36.99,30.28,11.89,379.15,1.72,1.98,0.46,2.08
5798.0,23.14,14.29,93.5,9.49,380.81,21.5,74.58,11.97,21.5,74.58,23.91,62.66,11.63,37,30.26,11.89,380.81,1.72,1.99,0.44,2.09
5799.0,23.14,14.29,93.5,9.49,383.46,21.5,74.58,11.97,21.5,74.58,23.91,62.66,11.63,37,30.26,11.89,383.46,1.74,2.0,0.44,2.09
5800.0,23.14,14.29,93.5,9.49,386.01,21.5,74.58,11.97,21.5,74.58,23.91,62.66,11.63,37,30.26,11.89,386.01,1.75,2.01,0.44,2.09
5801.0,23.14,14.29,93.5,9.49,386.53,21.5,74.58,11.97,21.5,74.58,23.91,62.66,11.63,37,30.26,11.89,386.53,1.76,2.01,0.44,2.09
5802.0,23.14,14.3,93.45,9.49,386.82,21.49,74.68,11.98,21.49,74.68,23.91,62.66,11.64,36.98,30.28,11.89,386.82,1.76,2.01,0.45,2.09
5803.0,23.14,14.3,93.45,9.49,386.46,21.49,74.68,11.98,21.49,74.68,23.91,62.66,11.64,36.98,30.28,11.89,386.46,1.76,2.01,0.47,2.09
5804.0,23.15,14.29,93.37,9.48,386.42,21.5,74.75,12,21.5,74.75,23.92,62.6,11.63,37.01,30.25,11.89,386.42,1.76,2.01,0.44,2.09
5805.0,23.15,14.29,93.37,9.48,386.68,21.5,74.75,12,21.5,74.75,23.92,62.6,11.63,37.01,30.25,11.89,386.68,1.77,2.01,0.44,2.09
5806.0,23.15,14.29,93.37,9.48,383.81,21.5,74.75,12,21.5,74.75,23.92,62.6,11.63,37.01,30.25,11.89,383.81,1.76,1.99,0.46,2.09
5807.0,23.15,14.29,93.37,9.48,382.23,21.5,74.75,12,21.5,74.75,23.92,62.6,11.63,37.01,30.25,11.89,382.23,1.75,1.98,0.46,2.09
5808.0,23.13,14.28,93.38,9.48,377.39,21.48,74.79,11.99,21.48,74.79,23.9,62.7,11.63,36.97,30.27,11.87,377.39,1.72,1.95,0.43,2.08
5809.0,23.13,14.28,93.38,9.48,376.6,21.48,74.79,11.99,21.48,74.79,23.9,62.7,11.63,36.97,30.27,11.87,376.6,1.72,1.95,0.43,2.08
5810.0,23.17,14.29,93.41,9.48,374.23,21.5,74.79,12,21.5,74.79,23.91,62.68,11.64,37.01,30.24,11.89,374.23,1.71,1.94,0.46,2.09
5811.0,23.17,14.29,93.41,9.48,372.84,21.5,74.79,12,21.5,74.79,23.91,62.68,11.64,37.01,30.24,11.89,372.84,1.7,1.93,0.45,2.09
5812.0,23.17,14.29,93.41,9.48,372.47,21.5,74.79,12,21.5,74.79,23.91,62.68,11.64,37.01,30.24,11.89,372.47,1.7,1.93,0.45,2.09
5813.0,23.17,14.29,93.41,9.48,373.91,21.5,74.79,12,21.5,74.79,23.91,62.68,11.64,37.01,30.24,11.89,373.91,1.71,1.94,0.44,2.09
5814.0,23.16,14.3,93.43,9.49,379.16,21.49,74.79,12,21.49,74.79,23.92,62.74,11.65,37.01,30.24,11.88,379.16,1.73,1.97,0.44,2.09
5815.0,23.16,14.3,93.43,9.49,379.43,21.49,74.79,12,21.49,74.79,23.92,62.74,11.65,37.01,30.24,11.88,379.43,1.73,1.97,0.47,2.09
5816.0,23.17,14.31,93.31,9.49,379.81,21.49,74.78,12,21.49,74.78,23.92,62.65,11.64,37,30.22,11.88,379.81,1.73,1.97,0.45,2.1
5817.0,23.17,14.31,93.31,9.49,379.53,21.49,74.78,12,21.49,74.78,23.92,62.65,11.64,37,30.22,11.88,379.53,1.73,1.96,0.45,2.1
5818.0,23.17,14.31,93.31,9.49,378.95,21.49,74.78,12,21.49,74.78,23.92,62.65,11.64,37,30.22,11.88,378.95,1.73,1.96,0.45,2.1
5819.0,23.17,14.31,93.31,9.49,378.67,21.49,74.78,12,21.49,74.78,23.92,62.65,11.64,37,30.22,11.88,378.67,1.73,1.96,0.46,2.1
5820.0,23.18,14.28,93.68,9.5,382.78,21.5,74.65,11.98,21.5,74.65,23.92,62.6,11.63,37,30.22,11.87,382.78,1.74,1.99,0.45,2.08
5821.0,23.18,14.28,93.68,9.5,382.37,21.5,74.65,11.98,21.5,74.65,23.92,62.6,11.63,37,30.22,11.87,382.37,1.74,1.98,0.46,2.08
5822.0,23.17,14.3,93.68,9.52,382.88,21.5,74.63,11.97,21.5,74.63,23.92,62.62,11.63,37.01,30.21,11.87,382.88,1.74,1.99,0.44,2.09
5823.0,23.17,14.3,93.68,9.52,381.97,21.5,74.63,11.97,21.5,74.63,23.92,62.62,11.63,37.01,30.21,11.87,381.97,1.73,1.98,0.44,2.09
5824.0,23.17,14.3,93.68,9.52,378.82,21.5,74.63,11.97,21.5,74.63,23.92,62.62,11.63,37.01,30.21,11.87,378.82,1.71,1.97,0.45,2.09
5825.0,23.17,14.3,93.68,9.52,378.8,21.5,74.63,11.97,21.5,74.63,23.92,62.62,11.63,37.01,30.21,11.87,378.8,1.71,1.97,0.45,2.09
5826.0,23.18,14.3,93.47,9.5,380.9,21.5,74.6,11.97,21.5,74.6,23.92,62.68,11.64,37.01,30.2,11.88,380.9,1.73,1.98,0.44,2.1
5827.0,23.18,14.3,93.47,9.5,384.7,21.5,74.6,11.97,21.5,74.6,23.92,62.68,11.64,37.01,30.2,11.88,384.7,1.74,2.0,0.43,2.1
5828.0,23.17,14.3,93.5,9.5,388.3,21.5,74.52,11.96,21.5,74.52,23.91,62.74,11.65,37.01,30.21,11.88,388.3,1.76,2.02,0.43,2.09
5829.0,23.17,14.3,93.5,9.5,386.4,21.5,74.52,11.96,21.5,74.52,23.91,62.74,11.65,37.01,30.21,11.88,386.4,1.75,2.02,0.43,2.09
5830.0,23.17,14.3,93.5,9.5,383.99,21.5,74.52,11.96,21.5,74.52,23.91,62.74,11.65,37.01,30.21,11.88,383.99,1.74,2.0,0.44,2.09
5831.0,23.17,14.3,93.5,9.5,383.54,21.5,74.52,11.96,21.5,74.52,23.91,62.74,11.65,37.01,30.21,11.88,383.54,1.73,2.0,0.44,2.09
5832.0,23.18,14.3,93.58,9.5,383.92,21.49,74.53,11.96,21.49,74.53,23.91,62.61,11.63,37,30.23,11.88,383.92,1.73,2.0,0.44,2.09
5833.0,23.18,14.3,93.58,9.5,385.39,21.49,74.53,11.96,21.49,74.53,23.91,62.61,11.63,37,30.23,11.88,385.39,1.74,2.01,0.44,2.09
5834.0,23.18,14.3,93.71,9.52,383.21,21.49,74.7,11.98,21.49,74.7,23.91,62.59,11.62,36.99,30.24,11.88,383.21,1.73,2.0,0.45,2.09
5835.0,23.18,14.3,93.71,9.52,382.51,21.49,74.7,11.98,21.49,74.7,23.91,62.59,11.62,36.99,30.24,11.88,382.51,1.73,1.98,0.43,2.09
5836.0,23.18,14.3,93.71,9.52,381.33,21.49,74.7,11.98,21.49,74.7,23.91,62.59,11.62,36.99,30.24,11.88,381.33,1.73,1.98,0.44,2.09
5837.0,23.18,14.3,93.71,9.52,381.29,21.49,74.7,11.98,21.49,74.7,23.91,62.59,11.62,36.99,30.24,11.88,381.29,1.73,1.98,0.44,2.09
5838.0,23.17,14.3,93.6,9.51,379.93,21.49,74.68,11.98,21.49,74.68,23.91,62.65,11.63,36.99,30.22,11.86,379.93,1.72,1.97,0.44,2.09
5839.0,23.17,14.3,93.6,9.51,381.04,21.49,74.68,11.98,21.49,74.68,23.91,62.65,11.63,36.99,30.22,11.86,381.04,1.73,1.97,0.44,2.09
5840.0,23.15,14.31,93.44,9.5,385.23,21.48,74.67,11.97,21.48,74.67,23.91,62.66,11.63,36.99,30.2,11.86,385.23,1.74,2.0,0.46,2.1
5841.0,23.15,14.31,93.44,9.5,386.05,21.48,74.67,11.97,21.48,74.67,23.91,62.66,11.63,36.99,30.2,11.86,386.05,1.75,2.0,0.45,2.1
5842.0,23.15,14.31,93.44,9.5,388.11,21.48,74.67,11.97,21.48,74.67,23.91,62.66,11.63,36.99,30.2,11.86,388.11,1.76,2.01,0.44,2.1
5843.0,23.15,14.31,93.44,9.5,389.13,21.48,74.67,11.97,21.48,74.67,23.91,62.66,11.63,36.99,30.2,11.86,389.13,1.76,2.02,0.43,2.1
5844.0,23.13,14.31,93.27,9.48,386.83,21.48,74.73,11.98,21.48,74.73,23.89,62.79,11.64,36.98,30.2,11.85,386.83,1.76,2.0,0.44,2.1
5845.0,23.13,14.31,93.27,9.48,382.5,21.48,74.73,11.98,21.48,74.73,23.89,62.79,11.64,36.98,30.2,11.85,382.5,1.74,1.98,0.45,2.1
5846.0,23.15,14.31,93.45,9.5,380.25,21.49,74.62,11.97,21.49,74.62,23.89,62.72,11.63,37,30.19,11.86,380.25,1.73,1.97,0.48,2.1
5847.0,23.15,14.31,93.45,9.5,372.11,21.49,74.62,11.97,21.49,74.62,23.89,62.72,11.63,37,30.19,11.86,372.11,1.68,1.93,0.44,2.1
5848.0,23.15,14.31,93.45,9.5,369.95,21.49,74.62,11.97,21.49,74.62,23.89,62.72,11.63,37,30.19,11.86,369.95,1.67,1.92,0.44,2.1
5849.0,23.15,14.3,93.65,9.51,367.35,21.49,74.67,11.98,21.49,74.67,23.88,62.64,11.61,36.98,30.2,11.86,367.35,1.66,1.91,0.43,2.09
5850.0,23.15,14.3,93.65,9.51,369.61,21.49,74.67,11.98,21.49,74.67,23.88,62.64,11.61,36.98,30.2,11.86,369.61,1.67,1.91,0.43,2.09
5851.0,23.15,14.3,93.65,9.51,374.9,21.49,74.67,11.98,21.49,74.67,23.88,62.64,11.61,36.98,30.2,11.86,374.9,1.7,1.94,0.45,2.09
5852.0,23.15,14.3,93.65,9.51,378.04,21.49,74.67,11.98,21.49,74.67,23.88,62.64,11.61,36.98,30.2,11.86,378.04,1.71,1.96,0.47,2.09
5853.0,23.16,14.3,93.74,9.52,379.36,21.49,74.64,11.97,21.49,74.64,23.88,62.65,11.61,36.98,30.21,11.86,379.36,1.71,1.96,0.44,2.09
5854.0,23.16,14.3,93.74,9.52,381.42,21.49,74.64,11.97,21.49,74.64,23.88,62.65,11.61,36.98,30.21,11.86,381.42,1.72,1.97,0.46,2.09
5855.0,23.16,14.32,93.64,9.52,383.61,21.49,74.55,11.96,21.49,74.55,23.89,62.66,11.62,36.98,30.21,11.85,383.61,1.73,1.99,0.44,2.1
5856.0,23.16,14.32,93.64,9.52,383.04,21.49,74.55,11.96,21.49,74.55,23.89,62.66,11.62,36.98,30.21,11.85,383.04,1.72,1.99,0.44,2.1
5857.0,23.16,14.32,93.64,9.52,381.96,21.49,74.55,11.96,21.49,74.55,23.89,62.66,11.62,36.98,30.21,11.85,381.96,1.72,1.98,0.47,2.1
5858.0,23.16,14.32,93.64,9.52,380.16,21.49,74.55,11.96,21.49,74.55,23.89,62.66,11.62,36.98,30.21,11.85,380.16,1.71,1.97,0.47,2.1
5859.0,23.17,14.32,93.31,9.49,377.01,21.49,74.58,11.96,21.49,74.58,23.89,62.67,11.62,36.98,30.21,11.86,377.01,1.7,1.95,0.43,2.11
5860.0,23.17,14.32,93.31,9.49,374.17,21.49,74.58,11.96,21.49,74.58,23.89,62.67,11.62,36.98,30.21,11.86,374.17,1.69,1.94,0.45,2.11
5861.0,23.16,14.31,93.8,9.53,367.46,21.48,74.66,11.97,21.48,74.66,23.9,62.62,11.62,36.97,30.22,11.85,367.46,1.66,1.9,0.43,2.1
5862.0,23.16,14.31,93.8,9.53,365.72,21.48,74.66,11.97,21.48,74.66,23.9,62.62,11.62,36.97,30.22,11.85,365.72,1.64,1.89,0.45,2.1
5863.0,23.16,14.31,93.8,9.53,368.44,21.48,74.66,11.97,21.48,74.66,23.9,62.62,11.62,36.97,30.22,11.85,368.44,1.66,1.91,0.44,2.1
5864.0,23.16,14.31,93.8,9.53,370.73,21.48,74.66,11.97,21.48,74.66,23.9,62.62,11.62,36.97,30.22,11.85,370.73,1.67,1.92,0.45,2.1
5865.0,23.15,14.32,93.61,9.52,375.39,21.48,74.62,11.96,21.48,74.62,23.9,62.68,11.63,36.98,30.2,11.85,375.39,1.69,1.95,0.43,2.11
5866.0,23.15,14.32,93.61,9.52,375.87,21.48,74.62,11.96,21.48,74.62,23.9,62.68,11.63,36.98,30.2,11.85,375.87,1.69,1.95,0.43,2.11
5867.0,23.16,14.29,93.77,9.52,373.47,21.48,74.77,11.99,21.48,74.77,23.91,62.65,11.63,36.98,30.2,11.85,373.47,1.68,1.94,0.46,2.09
5868.0,23.16,14.29,93.77,9.52,373.35,21.48,74.77,11.99,21.48,74.77,23.91,62.65,11.63,36.98,30.2,11.85,373.35,1.69,1.93,0.46,2.09
5869.0,23.16,14.29,93.77,9.52,372.75,21.48,74.77,11.99,21.48,74.77,23.91,62.65,11.63,36.98,30.2,11.85,372.75,1.69,1.93,0.46,2.09
5870.0,23.16,14.29,93.77,9.52,373.01,21.48,74.77,11.99,21.48,74.77,23.91,62.65,11.63,36.98,30.2,11.85,373.01,1.69,1.93,0.46,2.09
5871.0,23.17,14.32,93.63,9.52,376.53,21.47,74.65,11.96,21.47,74.65,23.92,62.6,11.63,36.98,30.2,11.85,376.53,1.69,1.95,0.42,2.11
5872.0,23.17,14.32,93.63,9.52,376.77,21.47,74.65,11.96,21.47,74.65,23.92,62.6,11.63,36.98,30.2,11.85,376.77,1.69,1.95,0.44,2.11
5873.0,23.16,14.3,93.48,9.5,377.19,21.47,74.71,11.96,21.47,74.71,23.91,62.63,11.63,36.96,30.2,11.84,377.19,1.69,1.95,0.47,2.1
5874.0,23.16,14.3,93.48,9.5,376.05,21.47,74.71,11.96,21.47,74.71,23.91,62.63,11.63,36.96,30.2,11.84,376.05,1.7,1.94,0.47,2.1
5875.0,23.16,14.3,93.48,9.5,374.88,21.47,74.71,11.96,21.47,74.71,23.91,62.63,11.63,36.96,30.2,11.84,374.88,1.69,1.94,0.45,2.1
5876.0,23.16,14.3,93.48,9.5,374.82,21.47,74.71,11.96,21.47,74.71,23.91,62.63,11.63,36.96,30.2,11.84,374.82,1.69,1.94,0.47,2.1
5877.0,23.16,14.31,93.46,9.5,375.25,21.48,74.76,11.98,21.48,74.76,23.92,62.56,11.62,36.98,30.18,11.85,375.25,1.7,1.94,0.44,2.1
5878.0,23.16,14.31,93.46,9.5,375.45,21.48,74.76,11.98,21.48,74.76,23.92,62.56,11.62,36.98,30.18,11.85,375.45,1.7,1.94,0.45,2.1
5879.0,23.17,14.3,93.57,9.51,378.59,21.48,74.71,11.97,21.48,74.71,23.92,62.54,11.62,36.98,30.17,11.85,378.59,1.72,1.96,0.44,2.1
5880.0,23.17,14.3,93.57,9.51,381.54,21.48,74.71,11.97,21.48,74.71,23.92,62.54,11.62,36.98,30.17,11.85,381.54,1.73,1.97,0.44,2.1
5881.0,23.17,14.3,93.57,9.51,381.11,21.48,74.71,11.97,21.48,74.71,23.92,62.54,11.62,36.98,30.17,11.85,381.11,1.72,1.97,0.45,2.1
5882.0,23.17,14.3,93.57,9.51,379.71,21.48,74.71,11.97,21.48,74.71,23.92,62.54,11.62,36.98,30.17,11.85,379.71,1.72,1.96,0.44,2.1
5883.0,23.17,14.31,93.49,9.51,380.29,21.48,74.63,11.96,21.48,74.63,23.92,62.57,11.63,36.98,30.17,11.84,380.29,1.71,1.97,0.45,2.1
5884.0,23.17,14.31,93.49,9.51,380.91,21.48,74.63,11.96,21.48,74.63,23.92,62.57,11.63,36.98,30.17,11.84,380.91,1.72,1.97,0.43,2.1
5885.0,23.17,14.29,93.77,9.52,383.07,21.47,74.56,11.95,21.47,74.56,23.92,62.55,11.62,36.97,30.17,11.84,383.07,1.73,1.98,0.46,2.09
5886.0,23.17,14.29,93.77,9.52,384.88,21.47,74.56,11.95,21.47,74.56,23.92,62.55,11.62,36.97,30.17,11.84,384.88,1.73,1.99,0.47,2.09
5887.0,23.17,14.29,93.77,9.52,383.29,21.47,74.56,11.95,21.47,74.56,23.92,62.55,11.62,36.97,30.17,11.84,383.29,1.72,1.99,0.43,2.09
5888.0,23.17,14.29,93.77,9.52,382.67,21.47,74.56,11.95,21.47,74.56,23.92,62.55,11.62,36.97,30.17,11.84,382.67,1.72,1.98,0.43,2.09
5889.0,23.16,14.29,93.88,9.53,378.55,21.47,74.57,11.95,21.47,74.57,23.93,62.51,11.62,36.97,30.18,11.83,378.55,1.7,1.96,0.45,2.09
5890.0,23.16,14.29,93.88,9.53,377.29,21.47,74.57,11.95,21.47,74.57,23.93,62.51,11.62,36.97,30.18,11.83,377.29,1.69,1.95,0.45,2.09
5891.0,23.14,14.29,93.68,9.51,378.7,21.47,74.5,11.93,21.47,74.5,23.92,62.66,11.64,36.95,30.18,11.83,378.7,1.7,1.96,0.44,2.09
5892.0,23.14,14.29,93.68,9.51,379.58,21.47,74.5,11.93,21.47,74.5,23.92,62.66,11.64,36.95,30.18,11.83,379.58,1.7,1.97,0.43,2.09
5893.0,23.14,14.29,93.68,9.51,374.96,21.47,74.5,11.93,21.47,74.5,23.92,62.66,11.64,36.95,30.18,11.83,374.96,1.68,1.94,0.45,2.09
5894.0,23.14,14.29,93.68,9.51,372.83,21.47,74.5,11.93,21.47,74.5,23.92,62.66,11.64,36.95,30.18,11.83,372.83,1.67,1.93,0.43,2.09
5895.0,23.13,14.28,93.53,9.49,368.62,21.45,74.53,11.92,21.45,74.53,23.9,62.54,11.61,36.91,30.25,11.82,368.62,1.66,1.91,0.45,2.08
5896.0,23.13,14.28,93.53,9.49,369.81,21.45,74.53,11.92,21.45,74.53,23.9,62.54,11.61,36.91,30.25,11.82,369.81,1.66,1.91,0.45,2.08
5897.0,23.14,14.28,93.8,9.52,371.04,21.47,74.49,11.93,21.47,74.49,23.92,62.51,11.62,36.95,30.22,11.84,371.04,1.67,1.92,0.42,2.09
5898.0,23.14,14.28,93.8,9.52,370.91,21.47,74.49,11.93,21.47,74.49,23.92,62.51,11.62,36.95,30.22,11.84,370.91,1.66,1.92,0.46,2.09
5899.0,23.14,14.28,93.8,9.52,371.18,21.47,74.49,11.93,21.47,74.49,23.92,62.51,11.62,36.95,30.22,11.84,371.18,1.66,1.93,0.45,2.09
5900.0,23.14,14.28,93.8,9.52,371.42,21.47,74.49,11.93,21.47,74.49,23.92,62.51,11.62,36.95,30.22,11.84,371.42,1.66,1.93,0.43,2.09
5901.0,23.14,14.3,93.42,9.49,372.29,21.48,74.63,11.96,21.48,74.63,23.92,62.65,11.64,36.96,30.23,11.85,372.29,1.69,1.93,0.45,2.09
5902.0,23.14,14.3,93.42,9.49,374.07,21.48,74.63,11.96,21.48,74.63,23.92,62.65,11.64,36.96,30.23,11.85,374.07,1.69,1.94,0.44,2.09
5903.0,23.11,14.28,93.82,9.52,374.58,21.47,74.66,11.96,21.47,74.66,23.91,62.68,11.64,36.94,30.23,11.84,374.58,1.7,1.94,0.43,2.08
5904.0,23.11,14.28,93.82,9.52,374.19,21.47,74.66,11.96,21.47,74.66,23.91,62.68,11.64,36.94,30.23,11.84,374.19,1.68,1.93,0.43,2.08
5905.0,23.11,14.28,93.82,9.52,374.17,21.47,74.66,11.96,21.47,74.66,23.91,62.68,11.64,36.94,30.23,11.84,374.17,1.68,1.93,0.44,2.08
5906.0,23.11,14.28,93.82,9.52,374.11,21.47,74.66,11.96,21.47,74.66,23.91,62.68,11.64,36.94,30.23,11.84,374.11,1.68,1.93,0.44,2.08
5907.0,23.11,14.29,93.49,9.49,377.88,21.47,74.65,11.96,21.47,74.65,23.9,62.69,11.63,36.93,30.24,11.84,377.88,1.71,1.95,0.44,2.09
5908.0,23.11,14.29,93.49,9.49,378.5,21.47,74.65,11.96,21.47,74.65,23.9,62.69,11.63,36.93,30.24,11.84,378.5,1.71,1.95,0.43,2.09
5909.0,23.1,14.28,93.47,9.49,381.17,21.45,74.59,11.94,21.45,74.59,23.9,62.65,11.62,36.89,30.25,11.82,381.17,1.72,1.97,0.44,2.08
5910.0,23.1,14.28,93.47,9.49,383.84,21.45,74.59,11.94,21.45,74.59,23.9,62.65,11.62,36.89,30.25,11.82,383.84,1.73,1.98,0.42,2.08
5911.0,23.1,14.28,93.47,9.49,382.98,21.45,74.59,11.94,21.45,74.59,23.9,62.65,11.62,36.89,30.25,11.82,382.98,1.73,1.97,0.44,2.08
5912.0,23.1,14.28,93.47,9.49,382.27,21.45,74.59,11.94,21.45,74.59,23.9,62.65,11.62,36.89,30.25,11.82,382.27,1.72,1.97,0.44,2.08
5913.0,23.13,14.29,93.56,9.5,381.81,21.47,74.66,11.96,21.47,74.66,23.9,62.72,11.64,36.94,30.22,11.83,381.81,1.72,1.97,0.44,2.09
5914.0,23.13,14.29,93.56,9.5,381.81,21.47,74.66,11.96,21.47,74.66,23.9,62.72,11.64,36.94,30.22,11.83,381.81,1.72,1.97,0.4,2.09
5915.0,23.14,14.27,93.64,9.49,380.41,21.43,74.53,11.91,21.43,74.53,23.89,62.63,11.61,36.86,30.11,11.74,380.41,1.72,1.96,0.44,2.08
5916.0,23.14,14.27,93.64,9.49,374.48,21.43,74.53,11.91,21.43,74.53,23.89,62.63,11.61,36.86,30.11,11.74,374.48,1.68,1.91,0.43,2.08
5917.0,23.14,14.27,93.64,9.49,373,21.43,74.53,11.91,21.43,74.53,23.89,62.63,11.61,36.86,30.11,11.74,373,1.67,1.9,0.44,2.08
5918.0,23.14,14.27,93.64,9.49,373.66,21.43,74.53,11.91,21.43,74.53,23.89,62.63,11.61,36.86,30.11,11.74,373.66,1.67,1.91,0.44,2.08
5919.0,23.15,14.28,93.6,9.5,374.96,21.46,74.49,11.92,21.46,74.49,23.89,62.63,11.61,36.93,30.21,11.82,374.96,1.68,1.94,0.43,2.08
5920.0,23.15,14.28,93.6,9.5,373.96,21.46,74.49,11.92,21.46,74.49,23.89,62.63,11.61,36.93,30.21,11.82,373.96,1.68,1.94,0.43,2.08
5921.0,23.15,14.28,93.6,9.5,374.53,21.46,74.53,11.93,21.46,74.53,23.89,62.65,11.62,36.94,30.19,11.82,374.53,1.68,1.94,0.43,2.08
5922.0,23.15,14.28,93.6,9.5,376.85,21.46,74.53,11.93,21.46,74.53,23.89,62.65,11.62,36.94,30.19,11.82,376.85,1.69,1.95,0.4,2.08
5923.0,23.15,14.28,93.6,9.5,379.08,21.46,74.53,11.93,21.46,74.53,23.89,62.65,11.62,36.94,30.19,11.82,379.08,1.7,1.96,0.43,2.08
5924.0,23.13,14.28,93.44,9.48,383.76,21.45,74.51,11.92,21.45,74.51,23.89,62.67,11.62,36.9,30.17,11.79,383.76,1.73,1.99,0.43,2.08
5925.0,23.13,14.28,93.44,9.48,385.46,21.45,74.51,11.92,21.45,74.51,23.89,62.67,11.62,36.9,30.17,11.79,385.46,1.73,1.99,0.44,2.08
5926.0,23.13,14.28,93.44,9.48,390.33,21.45,74.51,11.92,21.45,74.51,23.89,62.67,11.62,36.9,30.17,11.79,390.33,1.75,2.01,0.41,2.08
5927.0,23.13,14.28,93.44,9.48,390.01,21.45,74.51,11.92,21.45,74.51,23.89,62.67,11.62,36.9,30.17,11.79,390.01,1.75,2.01,0.41,2.08
5928.0,23.13,14.26,93.64,9.49,389.51,21.46,74.57,11.94,21.46,74.57,23.89,62.54,11.6,36.94,30.17,11.81,389.51,1.76,2.01,0.43,2.07
5929.0,23.13,14.26,93.64,9.49,388.3,21.46,74.57,11.94,21.46,74.57,23.89,62.54,11.6,36.94,30.17,11.81,388.3,1.75,2.0,0.43,2.07
5930.0,23.12,14.27,93.6,9.49,386.14,21.47,74.67,11.96,21.47,74.67,23.89,62.66,11.62,36.96,30.16,11.82,386.14,1.74,1.99,0.4,2.08
5931.0,23.12,14.27,93.6,9.49,382.55,21.47,74.67,11.96,21.47,74.67,23.89,62.66,11.62,36.96,30.16,11.82,382.55,1.73,1.97,0.41,2.07
5932.0,23.12,14.27,93.6,9.49,376.72,21.47,74.67,11.96,21.47,74.67,23.89,62.66,11.62,36.96,30.16,11.82,376.72,1.71,1.94,0.41,2.07
5933.0,23.12,14.27,93.6,9.49,376.97,21.47,74.67,11.96,21.47,74.67,23.89,62.66,11.62,36.96,30.16,11.82,376.97,1.71,1.94,0.42,2.07
5934.0,23.09,14.27,93.33,9.46,380.35,21.42,74.64,11.92,21.42,74.64,23.87,62.67,11.61,36.87,30.2,11.78,380.35,1.71,1.96,0.45,2.07
5935.0,23.09,14.27,93.33,9.46,382.86,21.42,74.64,11.92,21.42,74.64,23.87,62.67,11.61,36.87,30.2,11.78,382.86,1.72,1.97,0.43,2.07
5936.0,23.13,14.28,93.4,9.48,387.54,21.45,74.64,11.95,21.45,74.64,23.88,62.58,11.6,36.93,30.1,11.78,387.54,1.75,1.99,0.43,2.08
5937.0,23.13,14.28,93.4,9.48,385.58,21.45,74.64,11.95,21.45,74.64,23.88,62.58,11.6,36.93,30.1,11.78,385.58,1.74,1.98,0.43,2.08
5938.0,23.13,14.28,93.4,9.48,382.03,21.45,74.64,11.95,21.45,74.64,23.88,62.58,11.6,36.93,30.1,11.78,382.03,1.73,1.96,0.41,2.08
5939.0,23.13,14.28,93.4,9.48,381.41,21.45,74.64,11.95,21.45,74.64,23.88,62.58,11.6,36.93,30.1,11.78,381.41,1.73,1.95,0.43,2.08
5940.0,23.14,14.29,93.32,9.47,382.73,21.47,74.6,11.95,21.47,74.6,23.88,62.65,11.61,36.97,30.12,11.82,382.73,1.73,1.98,0.42,2.08
5941.0,23.14,14.29,93.32,9.47,381.65,21.47,74.6,11.95,21.47,74.6,23.88,62.65,11.61,36.97,30.12,11.82,381.65,1.73,1.97,0.43,2.08
5942.0,23.13,14.27,93.71,9.5,380.4,21.46,74.48,11.93,21.46,74.48,23.88,62.6,11.6,36.95,30.14,11.81,380.4,1.72,1.97,0.41,2.07
5943.0,23.13,14.27,93.71,9.5,379.88,21.46,74.48,11.93,21.46,74.48,23.88,62.6,11.6,36.95,30.14,11.81,379.88,1.71,1.96,0.41,2.07
5944.0,23.13,14.27,93.71,9.5,379.11,21.46,74.48,11.93,21.46,74.48,23.88,62.6,11.6,36.95,30.14,11.81,379.11,1.7,1.96,0.42,2.07
5945.0,23.13,14.27,93.71,9.5,378.06,21.46,74.48,11.93,21.46,74.48,23.88,62.6,11.6,36.95,30.14,11.81,378.06,1.7,1.95,0.4,2.07
5946.0,23.14,14.28,93.73,9.51,375.12,21.47,74.45,11.93,21.47,74.45,23.89,62.57,11.6,36.97,30.12,11.82,375.12,1.69,1.94,0.41,2.07
5947.0,23.14,14.28,93.73,9.51,375.73,21.47,74.45,11.93,21.47,74.45,23.89,62.57,11.6,36.97,30.12,11.82,375.73,1.69,1.95,0.43,2.07
5948.0,23.12,14.28,93.57,9.49,377.93,21.45,74.44,11.91,21.45,74.44,23.88,62.58,11.6,36.91,30.18,11.8,377.93,1.7,1.96,0.42,2.08
5949.0,23.12,14.28,93.57,9.49,378.53,21.45,74.44,11.91,21.45,74.44,23.88,62.58,11.6,36.91,30.18,11.8,378.53,1.69,1.96,0.42,2.07
5950.0,23.12,14.28,93.57,9.49,378.55,21.45,74.44,11.91,21.45,74.44,23.88,62.58,11.6,36.91,30.18,11.8,378.55,1.69,1.96,0.42,2.07
5951.0,23.12,14.28,93.57,9.49,378.28,21.45,74.44,11.91,21.45,74.44,23.88,62.58,11.6,36.91,30.18,11.8,378.28,1.69,1.95,0.42,2.07
5952.0,23.13,14.28,93.6,9.5,375.48,21.47,74.37,11.91,21.47,74.37,23.89,62.52,11.59,36.95,29.91,11.72,375.48,1.68,1.92,0.42,2.07
5953.0,23.13,14.28,93.6,9.5,373.25,21.47,74.37,11.91,21.47,74.37,23.89,62.52,11.59,36.95,29.91,11.72,373.25,1.67,1.9,0.43,2.07
5954.0,23.13,14.29,93.54,9.5,372.06,21.45,74.47,11.92,21.45,74.47,23.89,62.53,11.59,36.91,30.18,11.79,372.06,1.67,1.9,0.44,2.08
5955.0,23.13,14.29,93.54,9.5,371.63,21.45,74.47,11.92,21.45,74.47,23.89,62.53,11.59,36.91,30.18,11.79,371.63,1.66,1.92,0.41,2.08
5956.0,23.13,14.29,93.54,9.5,372.53,21.45,74.47,11.92,21.45,74.47,23.89,62.53,11.59,36.91,30.18,11.79,372.53,1.67,1.92,0.43,2.08
5957.0,23.13,14.29,93.54,9.5,378.28,21.45,74.47,11.92,21.45,74.47,23.89,62.53,11.59,36.91,30.18,11.79,378.28,1.69,1.95,0.42,2.08
5958.0,23.13,14.29,93.57,9.5,381.16,21.46,74.38,11.91,21.46,74.38,23.9,62.45,11.58,36.94,30.18,11.82,381.16,1.71,1.98,0.43,2.08
5959.0,23.13,14.29,93.57,9.5,382.31,21.46,74.38,11.91,21.46,74.38,23.9,62.45,11.58,36.94,30.18,11.82,382.31,1.71,1.98,0.43,2.08
5960.0,23.13,14.31,93.29,9.48,382,21.46,74.48,11.93,21.46,74.48,23.9,62.56,11.61,36.94,30.18,11.82,382,1.71,1.98,0.44,2.09
5961.0,23.13,14.31,93.29,9.48,380.39,21.46,74.48,11.93,21.46,74.48,23.9,62.56,11.61,36.94,30.18,11.82,380.39,1.71,1.97,0.44,2.09
5962.0,23.13,14.31,93.29,9.48,381.82,21.46,74.48,11.93,21.46,74.48,23.9,62.56,11.61,36.94,30.18,11.82,381.82,1.72,1.98,0.41,2.09
5963.0,23.13,14.31,93.29,9.48,380.15,21.46,74.48,11.93,21.46,74.48,23.9,62.56,11.61,36.94,30.18,11.82,380.15,1.71,1.97,0.42,2.09
5964.0,23.14,14.29,93.26,9.47,381.11,21.45,74.52,11.93,21.45,74.52,23.9,62.43,11.59,36.93,30.19,11.81,381.11,1.72,1.97,0.42,2.08
5965.0,23.14,14.29,93.26,9.47,381.65,21.45,74.52,11.93,21.45,74.52,23.9,62.43,11.59,36.93,30.19,11.81,381.65,1.72,1.97,0.44,2.08
5966.0,23.12,14.28,93.5,9.48,382.51,21.46,74.5,11.93,21.46,74.5,23.91,62.46,11.6,36.94,30.18,11.82,382.51,1.72,1.98,0.43,2.07
5967.0,23.12,14.28,93.5,9.48,382.87,21.46,74.5,11.93,21.46,74.5,23.91,62.46,11.6,36.94,30.18,11.82,382.87,1.72,1.98,0.43,2.07
5968.0,23.12,14.28,93.5,9.48,383.75,21.46,74.5,11.93,21.46,74.5,23.91,62.46,11.6,36.94,30.18,11.82,383.75,1.73,1.99,0.42,2.07
5969.0,23.12,14.28,93.5,9.48,381.04,21.46,74.5,11.93,21.46,74.5,23.91,62.46,11.6,36.94,30.18,11.82,381.04,1.72,1.97,0.42,2.07
5970.0,23.1,14.29,93.46,9.49,378.12,21.47,74.5,11.93,21.47,74.5,23.93,62.41,11.6,36.97,30.16,11.83,378.12,1.7,1.96,0.44,2.08
5971.0,23.1,14.29,93.46,9.49,376.77,21.47,74.5,11.93,21.47,74.5,23.93,62.41,11.6,36.97,30.16,11.83,376.77,1.7,1.96,0.45,2.08
5972.0,23.09,14.31,93.41,9.5,374.64,21.46,74.52,11.93,21.46,74.52,23.92,62.47,11.61,36.96,30.17,11.82,374.64,1.69,1.95,0.43,2.09
5973.0,23.09,14.31,93.41,9.5,374.26,21.46,74.52,11.93,21.46,74.52,23.92,62.47,11.61,36.96,30.17,11.82,374.26,1.68,1.94,0.44,2.09
5974.0,23.09,14.31,93.41,9.5,376.57,21.46,74.52,11.93,21.46,74.52,23.92,62.47,11.61,36.96,30.17,11.82,376.57,1.69,1.95,0.44,2.09
5975.0,23.09,14.31,93.41,9.5,378.34,21.46,74.52,11.93,21.46,74.52,23.92,62.47,11.61,36.96,30.17,11.82,378.34,1.7,1.96,0.44,2.09
5976.0,23.08,14.3,93.51,9.5,378.98,21.45,74.45,11.91,21.45,74.45,23.92,62.39,11.59,36.93,30.18,11.81,378.98,1.69,1.96,0.43,2.08
5977.0,23.08,14.3,93.51,9.5,379.68,21.45,74.45,11.91,21.45,74.45,23.92,62.39,11.59,36.93,30.18,11.81,379.68,1.7,1.97,0.43,2.08
5978.0,23.08,14.31,93.54,9.51,379.94,21.46,74.36,11.91,21.46,74.36,23.92,62.4,11.59,36.96,30.17,11.83,379.94,1.7,1.97,0.43,2.09
5979.0,23.08,14.31,93.54,9.51,380.21,21.46,74.36,11.91,21.46,74.36,23.92,62.4,11.59,36.96,30.17,11.83,380.21,1.69,1.98,0.4,2.09
5980.0,23.08,14.31,93.54,9.51,380.28,21.46,74.36,11.91,21.46,74.36,23.92,62.4,11.59,36.96,30.17,11.83,380.28,1.69,1.98,0.43,2.09
5981.0,23.08,14.31,93.54,9.51,380.46,21.46,74.36,11.91,21.46,74.36,23.92,62.4,11.59,36.96,30.17,11.83,380.46,1.69,1.98,0.41,2.09
5982.0,23.07,14.3,93.5,9.5,381.64,21.44,74.5,11.91,21.44,74.5,23.91,62.42,11.59,36.92,30.2,11.81,381.64,1.7,1.98,0.4,2.09
5983.0,23.07,14.3,93.5,9.5,384.56,21.44,74.5,11.91,21.44,74.5,23.91,62.42,11.59,36.92,30.2,11.81,384.56,1.72,1.99,0.4,2.09
5984.0,23.08,14.32,93.33,9.49,384.26,21.45,74.39,11.9,21.45,74.39,23.91,62.55,11.61,36.95,30.19,11.83,384.26,1.72,1.99,0.42,2.1
5985.0,23.08,14.32,93.33,9.49,384.01,21.45,74.39,11.9,21.45,74.39,23.91,62.55,11.61,36.95,30.19,11.83,384.01,1.71,2.0,0.42,2.1
5986.0,23.08,14.32,93.33,9.49,383.65,21.45,74.39,11.9,21.45,74.39,23.91,62.55,11.61,36.95,30.19,11.83,383.65,1.71,2.0,0.44,2.1
5987.0,23.08,14.32,93.33,9.49,381.47,21.45,74.39,11.9,21.45,74.39,23.91,62.55,11.61,36.95,30.19,11.83,381.47,1.7,1.99,0.46,2.1
5988.0,23.1,14.32,93.41,9.5,374.93,21.46,74.48,11.93,21.46,74.48,23.91,62.44,11.59,36.97,30.17,11.84,374.93,1.68,1.95,0.45,2.1
5989.0,23.1,14.32,93.41,9.5,377.01,21.46,74.48,11.93,21.46,74.48,23.91,62.44,11.59,36.97,30.17,11.84,377.01,1.69,1.96,0.45,2.1
5990.0,23.1,14.31,93.46,9.5,375.77,21.46,74.37,11.91,21.46,74.37,23.89,62.64,11.62,36.97,30.19,11.84,375.77,1.68,1.96,0.44,2.09
5991.0,23.1,14.31,93.46,9.5,374.26,21.46,74.37,11.91,21.46,74.37,23.89,62.64,11.62,36.97,30.19,11.84,374.26,1.67,1.95,0.44,2.09
5992.0,23.1,14.31,93.46,9.5,373.85,21.46,74.37,11.91,21.46,74.37,23.89,62.64,11.62,36.97,30.19,11.84,373.85,1.67,1.95,0.42,2.09
5993.0,23.1,14.31,93.46,9.5,374.87,21.46,74.37,11.91,21.46,74.37,23.89,62.64,11.62,36.97,30.19,11.84,374.87,1.67,1.96,0.42,2.09
5994.0,23.07,14.33,93.36,9.5,377.59,21.46,74.54,11.93,21.46,74.54,23.88,62.57,11.6,36.95,30.2,11.83,377.59,1.69,1.96,0.44,2.1
5995.0,23.07,14.33,93.36,9.5,381.93,21.46,74.54,11.93,21.46,74.54,23.88,62.57,11.6,36.95,30.2,11.83,381.93,1.71,1.98,0.42,2.1
5996.0,23.06,14.31,93.56,9.51,381.36,21.46,74.52,11.93,21.46,74.52,23.88,62.56,11.6,36.96,30.18,11.83,381.36,1.71,1.98,0.44,2.09
5997.0,23.06,14.31,93.56,9.51,377.56,21.46,74.52,11.93,21.46,74.52,23.88,62.56,11.6,36.96,30.18,11.83,377.56,1.69,1.96,0.43,2.09
5998.0,23.06,14.31,93.56,9.51,376.47,21.46,74.52,11.93,21.46,74.52,23.88,62.56,11.6,36.96,30.18,11.83,376.47,1.68,1.95,0.42,2.09
5999.0,23.06,14.31,93.56,9.51,374.5,21.46,74.52,11.93,21.46,74.52,23.88,62.56,11.6,36.96,30.18,11.83,374.5,1.68,1.94,0.42,2.09
6000.0,23.06,14.3,93.65,9.51,369.08,21.46,74.51,11.93,21.46,74.51,23.88,62.51,11.59,36.95,30.16,11.82,369.08,1.65,1.91,0.45,2.09
6001.0,23.06,14.3,93.65,9.51,367.86,21.46,74.51,11.93,21.46,74.51,23.88,62.51,11.59,36.95,30.16,11.82,367.86,1.65,1.91,0.45,2.09
6002.0,23.08,14.32,93.55,9.52,368.81,21.46,74.49,11.92,21.46,74.49,23.88,62.53,11.59,36.94,30.18,11.82,368.81,1.65,1.91,0.46,2.1
6003.0,23.08,14.32,93.55,9.52,370.07,21.46,74.49,11.92,21.46,74.49,23.88,62.53,11.59,36.94,30.18,11.82,370.07,1.65,1.92,0.43,2.1
6004.0,23.08,14.32,93.55,9.52,370.65,21.46,74.49,11.92,21.46,74.49,23.88,62.53,11.59,36.94,30.18,11.82,370.65,1.65,1.92,0.45,2.1
6005.0,23.08,14.32,93.55,9.52,371.87,21.46,74.49,11.92,21.46,74.49,23.88,62.53,11.59,36.94,30.18,11.82,371.87,1.66,1.93,0.46,2.1
6006.0,23.08,14.3,93.57,9.51,371.82,21.45,74.48,11.92,21.45,74.48,23.88,62.54,11.59,36.93,30.2,11.82,371.82,1.66,1.93,0.46,2.09
6007.0,23.08,14.3,93.57,9.51,371.47,21.45,74.48,11.92,21.45,74.48,23.88,62.54,11.59,36.93,30.2,11.82,371.47,1.66,1.93,0.43,2.09
6008.0,23.09,14.31,93.7,9.52,371.76,21.46,74.4,11.91,21.46,74.4,23.89,62.4,11.57,36.93,30.21,11.82,371.76,1.66,1.93,0.44,2.09
6009.0,23.09,14.31,93.7,9.52,372.08,21.46,74.4,11.91,21.46,74.4,23.89,62.4,11.57,36.93,30.21,11.82,372.08,1.65,1.93,0.44,2.09
6010.0,23.09,14.31,93.7,9.52,372.28,21.46,74.4,11.91,21.46,74.4,23.89,62.4,11.57,36.93,30.21,11.82,372.28,1.65,1.93,0.44,2.09
6011.0,23.11,14.3,93.71,9.52,372.47,21.46,74.33,11.9,21.46,74.33,23.9,62.5,11.6,36.93,30.21,11.82,372.47,1.65,1.93,0.45,2.09
6012.0,23.11,14.3,93.71,9.52,372.63,21.46,74.33,11.9,21.46,74.33,23.9,62.5,11.6,36.93,30.21,11.82,372.63,1.65,1.94,0.46,2.09
6013.0,23.11,14.3,93.71,9.52,374.93,21.46,74.33,11.9,21.46,74.33,23.9,62.5,11.6,36.93,30.21,11.82,374.93,1.66,1.95,0.43,2.09
6014.0,23.11,14.3,93.71,9.52,376.19,21.46,74.33,11.9,21.46,74.33,23.9,62.5,11.6,36.93,30.21,11.82,376.19,1.67,1.96,0.45,2.09
6015.0,23.1,14.32,93.53,9.51,376.73,21.46,74.47,11.92,21.46,74.47,23.9,62.53,11.6,36.94,30.21,11.83,376.73,1.68,1.96,0.44,2.1
6016.0,23.1,14.32,93.53,9.51,377.21,21.46,74.47,11.92,21.46,74.47,23.9,62.53,11.6,36.94,30.21,11.83,377.21,1.68,1.96,0.44,2.1
6017.0,23.09,14.29,93.79,9.52,378,21.45,74.59,11.94,21.45,74.59,23.9,62.38,11.57,36.94,30.21,11.83,378,1.69,1.96,0.46,2.08
6018.0,23.09,14.29,93.79,9.52,380.01,21.45,74.59,11.94,21.45,74.59,23.9,62.38,11.57,36.94,30.21,11.83,380.01,1.7,1.97,0.46,2.08
6019.0,23.09,14.29,93.79,9.52,383.38,21.45,74.59,11.94,21.45,74.59,23.9,62.38,11.57,36.94,30.21,11.83,383.38,1.71,1.99,0.45,2.08
6020.0,23.09,14.29,93.79,9.52,384.63,21.45,74.59,11.94,21.45,74.59,23.9,62.38,11.57,36.94,30.21,11.83,384.63,1.72,1.99,0.44,2.08
6021.0,23.09,14.32,93.32,9.49,382.67,21.46,74.48,11.92,21.46,74.48,23.9,62.55,11.61,36.96,30.19,11.83,382.67,1.71,1.99,0.45,2.1
6022.0,23.09,14.32,93.32,9.49,382.13,21.46,74.48,11.92,21.46,74.48,23.9,62.55,11.61,36.96,30.19,11.83,382.13,1.71,1.99,0.46,2.1
6023.0,23.1,14.31,93.38,9.49,384.37,21.46,74.53,11.93,21.46,74.53,23.9,62.52,11.6,36.97,30.18,11.84,384.37,1.72,2.0,0.45,2.1
6024.0,23.1,14.31,93.38,9.49,385.29,21.46,74.53,11.93,21.46,74.53,23.9,62.52,11.6,36.97,30.18,11.84,385.29,1.73,2.0,0.45,2.1
6025.0,23.1,14.31,93.38,9.49,383.97,21.46,74.53,11.93,21.46,74.53,23.9,62.52,11.6,36.97,30.18,11.84,383.97,1.72,2.0,0.46,2.1
6026.0,23.1,14.31,93.38,9.49,382.67,21.46,74.53,11.93,21.46,74.53,23.9,62.52,11.6,36.97,30.18,11.84,382.67,1.72,1.99,0.46,2.1
6027.0,23.12,14.32,93.64,9.53,378.98,21.46,74.53,11.93,21.46,74.53,23.9,62.53,11.6,36.97,30.16,11.83,378.98,1.69,1.97,0.45,2.1
6028.0,23.12,14.32,93.64,9.53,378.94,21.46,74.53,11.93,21.46,74.53,23.9,62.53,11.6,36.97,30.16,11.83,378.94,1.69,1.97,0.45,2.1
6029.0,23.1,14.3,93.62,9.51,379.44,21.44,74.62,11.93,21.44,74.62,23.89,62.52,11.59,36.92,30.17,11.8,379.44,1.69,1.97,0.45,2.09
6030.0,23.1,14.3,93.62,9.51,378.39,21.44,74.62,11.93,21.44,74.62,23.89,62.52,11.59,36.92,30.17,11.8,378.39,1.69,1.95,0.45,2.09
6031.0,23.1,14.3,93.62,9.51,377.67,21.44,74.62,11.93,21.44,74.62,23.89,62.52,11.59,36.92,30.17,11.8,377.67,1.69,1.95,0.47,2.09
6032.0,23.1,14.3,93.62,9.51,381.06,21.44,74.62,11.93,21.44,74.62,23.89,62.52,11.59,36.92,30.17,11.8,381.06,1.7,1.97,0.45,2.09
6033.0,23.12,14.3,93.59,9.51,381.44,21.45,74.61,11.94,21.45,74.61,23.89,62.51,11.59,36.96,30.18,11.83,381.44,1.71,1.98,0.46,2.09
6034.0,23.12,14.3,93.59,9.51,379.68,21.45,74.61,11.94,21.45,74.61,23.89,62.51,11.59,36.96,30.18,11.83,379.68,1.7,1.97,0.46,2.09
6035.0,23.11,14.29,93.7,9.51,379.54,21.45,74.4,11.9,21.45,74.4,23.89,62.5,11.59,36.96,30.16,11.82,379.54,1.7,1.97,0.45,2.08
6036.0,23.11,14.29,93.7,9.51,379.15,21.45,74.4,11.9,21.45,74.4,23.89,62.5,11.59,36.96,30.16,11.82,379.15,1.69,1.98,0.45,2.08
6037.0,23.11,14.29,93.7,9.51,379.02,21.45,74.4,11.9,21.45,74.4,23.89,62.5,11.59,36.96,30.16,11.82,379.02,1.69,1.98,0.44,2.08
6038.0,23.11,14.29,93.7,9.51,379.81,21.45,74.4,11.9,21.45,74.4,23.89,62.5,11.59,36.96,30.16,11.82,379.81,1.69,1.98,0.46,2.08
6039.0,23.09,14.3,93.65,9.51,380.33,21.45,74.41,11.91,21.45,74.41,23.88,62.72,11.63,36.98,30.15,11.83,380.33,1.69,1.99,0.43,2.09
6040.0,23.09,14.3,93.65,9.51,377.46,21.45,74.41,11.91,21.45,74.41,23.88,62.72,11.63,36.98,30.15,11.83,377.46,1.68,1.97,0.45,2.09
6041.0,23.08,14.28,93.82,9.52,375.8,21.45,74.49,11.92,21.45,74.49,23.88,62.62,11.6,36.98,30.14,11.83,375.8,1.67,1.96,0.49,2.08
6042.0,23.08,14.28,93.82,9.52,373.8,21.45,74.49,11.92,21.45,74.49,23.88,62.62,11.6,36.98,30.14,11.83,373.8,1.67,1.95,0.49,2.08
6043.0,23.08,14.28,93.82,9.52,373.72,21.45,74.49,11.92,21.45,74.49,23.88,62.62,11.6,36.98,30.14,11.83,373.72,1.67,1.95,0.43,2.08
6044.0,23.08,14.28,93.82,9.52,373.83,21.45,74.49,11.92,21.45,74.49,23.88,62.62,11.6,36.98,30.14,11.83,373.83,1.67,1.95,0.43,2.08
6045.0,23.09,14.26,94.05,9.53,374.28,21.45,74.48,11.92,21.45,74.48,23.87,62.62,11.6,36.98,30.16,11.84,374.28,1.67,1.95,0.43,2.06
6046.0,23.09,14.26,94.05,9.53,376.92,21.45,74.48,11.92,21.45,74.48,23.87,62.62,11.6,36.98,30.16,11.84,376.92,1.68,1.97,0.45,2.06
6047.0,23.1,14.25,93.84,9.5,377.3,21.45,74.49,11.92,21.45,74.49,23.88,62.63,11.61,36.97,30.16,11.83,377.3,1.68,1.97,0.43,2.06
6048.0,23.1,14.25,93.84,9.5,377.76,21.45,74.49,11.92,21.45,74.49,23.88,62.63,11.61,36.97,30.16,11.83,377.76,1.7,1.97,0.42,2.06
6049.0,23.1,14.25,93.84,9.5,377.13,21.45,74.49,11.92,21.45,74.49,23.88,62.63,11.61,36.97,30.16,11.83,377.13,1.69,1.96,0.43,2.06
6050.0,23.1,14.25,93.84,9.5,375.33,21.45,74.49,11.92,21.45,74.49,23.88,62.63,11.61,36.97,30.16,11.83,375.33,1.68,1.95,0.43,2.06
6051.0,23.11,14.26,93.62,9.49,371.96,21.45,74.58,11.93,21.45,74.58,23.88,62.65,11.61,36.95,30.19,11.83,371.96,1.67,1.93,0.41,2.06
6052.0,23.11,14.26,93.62,9.49,368.77,21.45,74.58,11.93,21.45,74.58,23.88,62.65,11.61,36.95,30.19,11.83,368.77,1.66,1.92,0.41,2.06
6053.0,23.12,14.26,93.94,9.52,368.11,21.45,74.56,11.93,21.45,74.56,23.88,62.63,11.6,36.97,30.18,11.84,368.11,1.66,1.91,0.43,2.06
6054.0,23.12,14.26,93.94,9.52,371.66,21.45,74.56,11.93,21.45,74.56,23.88,62.63,11.6,36.97,30.18,11.84,371.66,1.67,1.93,0.44,2.06
6055.0,23.12,14.26,93.94,9.52,373.32,21.45,74.56,11.93,21.45,74.56,23.88,62.63,11.6,36.97,30.18,11.84,373.32,1.67,1.94,0.45,2.06
6056.0,23.12,14.26,93.94,9.52,374.76,21.45,74.56,11.93,21.45,74.56,23.88,62.63,11.6,36.97,30.18,11.84,374.76,1.68,1.95,0.43,2.06
6057.0,23.11,14.27,93.74,9.5,372.88,21.46,74.63,11.95,21.46,74.63,23.87,62.77,11.63,36.97,30.18,11.84,372.88,1.68,1.94,0.44,2.06
6058.0,23.11,14.27,93.74,9.5,371.73,21.46,74.63,11.95,21.46,74.63,23.87,62.77,11.63,36.97,30.18,11.84,371.73,1.68,1.93,0.45,2.06
6059.0,23.1,14.27,93.57,9.49,373.77,21.46,74.6,11.94,21.46,74.6,23.87,62.79,11.63,36.97,30.18,11.84,373.77,1.68,1.94,0.45,2.07
6060.0,23.1,14.27,93.57,9.49,378.18,21.46,74.6,11.94,21.46,74.6,23.87,62.79,11.63,36.97,30.18,11.84,378.18,1.71,1.96,0.45,2.07
6061.0,23.1,14.27,93.57,9.49,378.72,21.46,74.6,11.94,21.46,74.6,23.87,62.79,11.63,36.97,30.18,11.84,378.72,1.71,1.97,0.46,2.07
6062.0,23.1,14.27,93.57,9.49,378.76,21.46,74.6,11.94,21.46,74.6,23.87,62.79,11.63,36.97,30.18,11.84,378.76,1.71,1.97,0.46,2.07
6063.0,23.09,14.27,93.4,9.47,379.73,21.45,74.63,11.94,21.45,74.63,23.86,62.6,11.59,36.96,30.18,11.83,379.73,1.72,1.97,0.43,2.07
6064.0,23.09,14.27,93.4,9.47,381.28,21.45,74.63,11.94,21.45,74.63,23.86,62.6,11.59,36.96,30.18,11.83,381.28,1.72,1.98,0.44,2.07
6065.0,23.1,14.27,93.6,9.49,382.08,21.45,74.64,11.95,21.45,74.64,23.86,62.71,11.61,36.96,30.21,11.84,382.08,1.73,1.98,0.45,2.07
6066.0,23.1,14.27,93.6,9.49,382.5,21.45,74.64,11.95,21.45,74.64,23.86,62.71,11.61,36.96,30.21,11.84,382.5,1.73,1.99,0.43,2.07
6067.0,23.1,14.27,93.6,9.49,382.61,21.45,74.64,11.95,21.45,74.64,23.86,62.71,11.61,36.96,30.21,11.84,382.61,1.73,1.99,0.46,2.07
6068.0,23.1,14.27,93.6,9.49,385.91,21.45,74.64,11.95,21.45,74.64,23.86,62.71,11.61,36.96,30.21,11.84,385.91,1.74,2.0,0.46,2.07
6069.0,23.1,14.29,93.34,9.48,386.42,21.44,74.58,11.93,21.44,74.58,23.86,62.74,11.61,36.93,30.22,11.83,386.42,1.74,2.0,0.44,2.07
6070.0,23.1,14.29,93.34,9.48,383.22,21.44,74.58,11.93,21.44,74.58,23.86,62.74,11.61,36.93,30.22,11.83,383.22,1.73,1.99,0.44,2.07
6071.0,23.11,14.27,93.61,9.49,380.62,21.46,74.48,11.92,21.46,74.48,23.86,62.6,11.59,36.95,30.2,11.83,380.62,1.71,1.97,0.46,2.07
6072.0,23.11,14.27,93.61,9.49,376.84,21.46,74.48,11.92,21.46,74.48,23.86,62.6,11.59,36.95,30.2,11.83,376.84,1.69,1.96,0.45,2.07
6073.0,23.11,14.27,93.61,9.49,376.51,21.46,74.48,11.92,21.46,74.48,23.86,62.6,11.59,36.95,30.2,11.83,376.51,1.69,1.96,0.45,2.06
6074.0,23.11,14.27,93.62,9.49,377.89,21.46,74.41,11.91,21.46,74.41,23.87,62.56,11.58,36.95,30.22,11.84,377.89,1.7,1.96,0.42,2.06
6075.0,23.11,14.27,93.62,9.49,378.07,21.46,74.41,11.91,21.46,74.41,23.87,62.56,11.58,36.95,30.22,11.84,378.07,1.7,1.97,0.44,2.06
6076.0,23.11,14.27,93.62,9.49,375.86,21.46,74.41,11.91,21.46,74.41,23.87,62.56,11.58,36.95,30.22,11.84,375.86,1.69,1.96,0.43,2.06
6077.0,23.13,14.28,93.74,9.51,375.42,21.46,74.44,11.92,21.46,74.44,23.87,62.56,11.59,36.94,30.21,11.83,375.42,1.68,1.95,0.44,2.07
6078.0,23.13,14.28,93.74,9.51,378.52,21.46,74.44,11.92,21.46,74.44,23.87,62.56,11.59,36.94,30.21,11.83,378.52,1.69,1.97,0.44,2.07
6079.0,23.13,14.28,93.74,9.51,379.87,21.46,74.44,11.92,21.46,74.44,23.87,62.56,11.59,36.94,30.21,11.83,379.87,1.7,1.97,0.42,2.07
6080.0,23.13,14.28,93.74,9.51,383.14,21.46,74.44,11.92,21.46,74.44,23.87,62.56,11.59,36.94,30.21,11.83,383.14,1.71,1.99,0.42,2.07
6081.0,23.12,14.31,93.45,9.5,382.44,21.46,74.46,11.92,21.46,74.46,23.87,62.56,11.59,36.94,30.21,11.83,382.44,1.71,1.99,0.44,2.08
6082.0,23.12,14.31,93.45,9.5,375.5,21.46,74.46,11.92,21.46,74.46,23.87,62.56,11.59,36.94,30.21,11.83,375.5,1.68,1.95,0.44,2.08
6083.0,23.12,14.29,93.61,9.51,374.37,21.46,74.44,11.91,21.46,74.44,23.87,62.5,11.57,36.94,30.19,11.82,374.37,1.67,1.95,0.45,2.07
6084.0,23.12,14.29,93.61,9.51,375.32,21.46,74.44,11.91,21.46,74.44,23.87,62.5,11.57,36.94,30.19,11.82,375.32,1.68,1.95,0.43,2.07
6085.0,23.12,14.29,93.61,9.51,375.36,21.46,74.44,11.91,21.46,74.44,23.87,62.5,11.57,36.94,30.19,11.82,375.36,1.68,1.95,0.44,2.07
6086.0,23.12,14.29,93.61,9.51,375.77,21.46,74.44,11.91,21.46,74.44,23.87,62.5,11.57,36.94,30.19,11.82,375.77,1.68,1.95,0.44,2.07
6087.0,23.13,14.3,93.31,9.48,375.93,21.45,74.59,11.94,21.45,74.59,23.86,62.56,11.58,36.95,30.17,11.82,375.93,1.69,1.94,0.42,2.08
6088.0,23.13,14.3,93.31,9.48,376.96,21.45,74.59,11.94,21.45,74.59,23.86,62.56,11.58,36.95,30.17,11.82,376.96,1.7,1.95,0.42,2.08
6089.0,23.14,14.31,93.5,9.51,378.31,21.45,74.48,11.92,21.45,74.48,23.86,62.56,11.58,36.95,30.16,11.82,378.31,1.7,1.96,0.45,2.08
6090.0,23.14,14.31,93.5,9.51,382.18,21.45,74.48,11.92,21.45,74.48,23.86,62.56,11.58,36.95,30.16,11.82,382.18,1.71,1.98,0.45,2.08
6091.0,23.14,14.31,93.5,9.51,383.55,21.45,74.48,11.92,21.45,74.48,23.86,62.56,11.58,36.95,30.16,11.82,383.55,1.71,1.99,0.46,2.08
6092.0,23.14,14.31,93.5,9.51,384.45,21.45,74.48,11.92,21.45,74.48,23.86,62.56,11.58,36.95,30.16,11.82,384.45,1.72,1.99,0.44,2.08
6093.0,23.14,14.31,93.47,9.5,384.23,21.44,74.54,11.92,21.44,74.54,23.85,62.59,11.58,36.93,30.15,11.8,384.23,1.72,1.99,0.45,2.08
6094.0,23.14,14.31,93.47,9.5,379.81,21.44,74.54,11.92,21.44,74.54,23.85,62.59,11.58,36.93,30.15,11.8,379.81,1.7,1.96,0.45,2.08
6095.0,23.15,14.31,93.38,9.49,378.57,21.45,74.53,11.93,21.45,74.53,23.85,62.56,11.57,36.96,30.11,11.8,378.57,1.69,1.96,0.43,2.08
6096.0,23.15,14.31,93.38,9.49,377.82,21.45,74.53,11.93,21.45,74.53,23.85,62.56,11.57,36.96,30.11,11.8,377.82,1.69,1.95,0.45,2.08
6097.0,23.15,14.31,93.38,9.49,378.08,21.45,74.53,11.93,21.45,74.53,23.85,62.56,11.57,36.96,30.11,11.8,378.08,1.69,1.96,0.44,2.08
6098.0,23.14,14.31,93.35,9.49,382.78,21.45,74.39,11.9,21.45,74.39,23.85,62.62,11.59,36.95,30.12,11.8,382.78,1.72,1.98,0.44,2.08
6099.0,23.14,14.31,93.35,9.49,384.02,21.45,74.39,11.9,21.45,74.39,23.85,62.62,11.59,36.95,30.12,11.8,384.02,1.71,1.99,0.46,2.09
6100.0,23.14,14.31,93.35,9.49,385.32,21.45,74.39,11.9,21.45,74.39,23.85,62.62,11.59,36.95,30.12,11.8,385.32,1.72,2.0,0.46,2.09
6101.0,23.13,14.29,93.57,9.5,385.04,21.45,74.39,11.9,21.45,74.39,23.85,62.49,11.56,36.95,30.11,11.8,385.04,1.72,2.0,0.46,2.07
6102.0,23.13,14.29,93.57,9.5,382.86,21.45,74.39,11.9,21.45,74.39,23.85,62.49,11.56,36.95,30.11,11.8,382.86,1.71,1.99,0.46,2.07
6103.0,23.13,14.29,93.57,9.5,382.78,21.45,74.39,11.9,21.45,74.39,23.85,62.49,11.56,36.95,30.11,11.8,382.78,1.71,1.99,0.44,2.07
6104.0,23.11,14.3,93.72,9.52,382.04,21.45,74.46,11.91,21.45,74.46,23.86,62.47,11.56,36.96,30.1,11.8,382.04,1.7,1.98,0.48,2.07
6105.0,23.11,14.3,93.72,9.52,382.46,21.45,74.46,11.91,21.45,74.46,23.86,62.47,11.56,36.96,30.1,11.8,382.46,1.7,1.98,0.46,2.08
6106.0,23.11,14.3,93.72,9.52,380.92,21.45,74.46,11.91,21.45,74.46,23.86,62.47,11.56,36.96,30.1,11.8,380.92,1.69,1.97,0.45,2.08
6107.0,23.09,14.3,93.76,9.52,379.84,21.45,74.5,11.92,21.45,74.5,23.86,62.45,11.56,36.95,30.11,11.8,379.84,1.69,1.97,0.45,2.08
6108.0,23.09,14.3,93.76,9.52,373.73,21.45,74.5,11.92,21.45,74.5,23.86,62.45,11.56,36.95,30.11,11.8,373.73,1.66,1.93,0.45,2.08
6109.0,23.09,14.3,93.76,9.52,372.11,21.45,74.5,11.92,21.45,74.5,23.86,62.45,11.56,36.95,30.11,11.8,372.11,1.66,1.93,0.45,2.08
6110.0,23.09,14.3,93.76,9.52,371.83,21.45,74.5,11.92,21.45,74.5,23.86,62.45,11.56,36.95,30.11,11.8,371.83,1.65,1.92,0.45,2.08
6111.0,23.08,14.28,93.84,9.52,371.9,21.44,74.5,11.92,21.44,74.5,23.87,62.47,11.57,36.95,30.11,11.8,371.9,1.66,1.93,0.43,2.07
6112.0,23.08,14.28,93.84,9.52,377.89,21.44,74.5,11.92,21.44,74.5,23.87,62.47,11.57,36.95,30.11,11.8,377.89,1.68,1.96,0.44,2.07
6113.0,23.08,14.31,93.66,9.52,379.29,21.44,74.5,11.92,21.44,74.5,23.87,62.48,11.57,36.95,30.12,11.8,379.29,1.69,1.96,0.43,2.08
6114.0,23.08,14.31,93.66,9.52,380.13,21.44,74.5,11.92,21.44,74.5,23.87,62.48,11.57,36.95,30.12,11.8,380.13,1.69,1.97,0.44,2.08
6115.0,23.08,14.31,93.66,9.52,380.16,21.44,74.5,11.92,21.44,74.5,23.87,62.48,11.57,36.95,30.12,11.8,380.16,1.69,1.97,0.44,2.08
6116.0,23.09,14.3,93.44,9.49,379.72,21.44,74.55,11.92,21.44,74.55,23.88,62.51,11.58,36.93,30.14,11.8,379.72,1.69,1.97,0.44,2.09
6117.0,23.09,14.3,93.44,9.49,379.78,21.44,74.55,11.92,21.44,74.55,23.88,62.51,11.58,36.93,30.14,11.8,379.78,1.7,1.96,0.43,2.08
6118.0,23.09,14.3,93.44,9.49,380.98,21.44,74.55,11.92,21.44,74.55,23.88,62.51,11.58,36.93,30.14,11.8,380.98,1.7,1.97,0.43,2.08
6119.0,23.11,14.31,93.51,9.5,382.04,21.45,74.61,11.93,21.45,74.61,23.88,62.45,11.57,36.94,30.14,11.8,382.04,1.71,1.97,0.45,2.08
6120.0,23.11,14.31,93.51,9.5,382.85,21.45,74.61,11.93,21.45,74.61,23.88,62.45,11.57,36.94,30.14,11.8,382.85,1.71,1.98,0.46,2.08
6121.0,23.11,14.31,93.51,9.5,382.26,21.45,74.61,11.93,21.45,74.61,23.88,62.45,11.57,36.94,30.14,11.8,382.26,1.71,1.97,0.43,2.08
6122.0,23.07,14.29,93.43,9.48,380.98,21.42,74.54,11.9,21.42,74.54,23.85,62.49,11.56,36.88,30.17,11.77,380.98,1.71,1.97,0.44,2.08
6123.0,23.07,14.29,93.43,9.48,379.27,21.42,74.54,11.9,21.42,74.54,23.85,62.49,11.56,36.88,30.17,11.77,379.27,1.69,1.95,0.45,2.07
6124.0,23.07,14.29,93.43,9.48,377.85,21.42,74.54,11.9,21.42,74.54,23.85,62.49,11.56,36.88,30.17,11.77,377.85,1.69,1.95,0.45,2.07
6125.0,23.1,14.3,93.43,9.49,377.95,21.44,74.58,11.93,21.44,74.58,23.86,62.45,11.56,36.94,30.12,11.79,377.95,1.69,1.95,0.43,2.08
6126.0,23.1,14.3,93.43,9.49,381.06,21.44,74.58,11.93,21.44,74.58,23.86,62.45,11.56,36.94,30.12,11.79,381.06,1.71,1.97,0.43,2.08
6127.0,23.1,14.3,93.43,9.49,384.63,21.44,74.58,11.93,21.44,74.58,23.86,62.45,11.56,36.94,30.12,11.79,384.63,1.72,1.99,0.46,2.08
6128.0,23.13,14.29,93.69,9.51,386.8,21.45,74.51,11.92,21.45,74.51,23.87,62.43,11.56,36.94,30.1,11.79,386.8,1.73,2.0,0.46,2.08
6129.0,23.13,14.29,93.69,9.51,385.86,21.45,74.51,11.92,21.45,74.51,23.87,62.43,11.56,36.94,30.1,11.79,385.86,1.72,1.99,0.45,2.08
6130.0,23.13,14.29,93.69,9.51,382.61,21.45,74.51,11.92,21.45,74.51,23.87,62.43,11.56,36.94,30.1,11.79,382.61,1.71,1.98,0.45,2.08
6131.0,23.1,14.3,93.44,9.49,381.49,21.4,74.47,11.88,21.4,74.47,23.87,62.4,11.56,36.84,30.12,11.73,381.49,1.7,1.97,0.46,2.08
6132.0,23.1,14.3,93.44,9.49,375.94,21.4,74.47,11.88,21.4,74.47,23.87,62.4,11.56,36.84,30.12,11.73,375.94,1.67,1.93,0.45,2.08
6133.0,23.1,14.3,93.44,9.49,374.92,21.4,74.47,11.88,21.4,74.47,23.87,62.4,11.56,36.84,30.12,11.73,374.92,1.66,1.92,0.45,2.08
6134.0,23.1,14.3,93.44,9.49,373.85,21.4,74.47,11.88,21.4,74.47,23.87,62.4,11.56,36.84,30.12,11.73,373.85,1.66,1.92,0.45,2.08
6135.0,23.12,14.3,93.69,9.52,372.64,21.44,74.37,11.89,21.44,74.37,23.87,62.38,11.55,36.93,30.11,11.78,372.64,1.65,1.93,0.43,2.08
6136.0,23.12,14.3,93.69,9.52,372.51,21.44,74.37,11.89,21.44,74.37,23.87,62.38,11.55,36.93,30.11,11.78,372.51,1.65,1.93,0.43,2.08
6137.0,23.14,14.32,93.43,9.5,376.32,21.45,74.43,11.91,21.45,74.43,23.88,62.38,11.56,36.96,30.07,11.79,376.32,1.67,1.95,0.43,2.09
6138.0,23.14,14.32,93.43,9.5,378.18,21.45,74.43,11.91,21.45,74.43,23.88,62.38,11.56,36.96,30.07,11.79,378.18,1.69,1.96,0.43,2.09
6139.0,23.14,14.32,93.43,9.5,377.19,21.45,74.43,11.91,21.45,74.43,23.88,62.38,11.56,36.96,30.07,11.79,377.19,1.68,1.95,0.43,2.09
6140.0,23.14,14.32,93.43,9.5,375.91,21.45,74.43,11.91,21.45,74.43,23.88,62.38,11.56,36.96,30.07,11.79,375.91,1.68,1.95,0.45,2.09
6141.0,23.1,14.3,93.68,9.52,375.26,21.44,74.42,11.9,21.44,74.42,23.87,62.46,11.57,36.91,30.09,11.76,375.26,1.66,1.93,0.47,2.08
6142.0,23.1,14.3,93.68,9.52,375.33,21.44,74.42,11.9,21.44,74.42,23.87,62.46,11.57,36.91,30.09,11.76,375.33,1.66,1.93,0.44,2.08
6143.0,23.1,14.29,93.81,9.52,375.45,21.43,74.39,11.89,21.43,74.39,23.86,62.48,11.57,36.9,30.13,11.77,375.45,1.66,1.94,0.43,2.07
6144.0,23.1,14.29,93.81,9.52,375.77,21.43,74.39,11.89,21.43,74.39,23.86,62.48,11.57,36.9,30.13,11.77,375.77,1.66,1.94,0.45,2.07
6145.0,23.1,14.29,93.81,9.52,376.13,21.43,74.39,11.89,21.43,74.39,23.86,62.48,11.57,36.9,30.13,11.77,376.13,1.66,1.94,0.44,2.07
6146.0,23.1,14.29,93.81,9.52,375.92,21.43,74.39,11.89,21.43,74.39,23.86,62.48,11.57,36.9,30.13,11.77,375.92,1.66,1.94,0.44,2.07
6147.0,23.11,14.32,93.59,9.52,379.9,21.44,74.47,11.91,21.44,74.47,23.86,62.57,11.58,36.91,30.13,11.78,379.9,1.68,1.96,0.45,2.09
6148.0,23.11,14.32,93.59,9.52,381.68,21.44,74.47,11.91,21.44,74.47,23.86,62.57,11.58,36.91,30.13,11.78,381.68,1.69,1.97,0.45,2.09
6149.0,23.09,14.29,93.73,9.52,382.52,21.42,74.44,11.89,21.42,74.44,23.84,62.59,11.57,36.86,30.18,11.77,382.52,1.7,1.97,0.45,2.07
6150.0,23.09,14.29,93.73,9.52,382.53,21.42,74.44,11.89,21.42,74.44,23.84,62.59,11.57,36.86,30.18,11.77,382.53,1.69,1.97,0.45,2.07
6151.0,23.09,14.29,93.73,9.52,377.03,21.42,74.44,11.89,21.42,74.44,23.84,62.59,11.57,36.86,30.18,11.77,377.03,1.67,1.94,0.43,2.07
6152.0,23.11,14.31,93.43,9.5,377.08,21.44,74.42,11.9,21.44,74.42,23.85,62.63,11.58,36.9,30.16,11.78,377.08,1.67,1.94,0.45,2.09
6153.0,23.11,14.31,93.43,9.5,381.16,21.44,74.42,11.9,21.44,74.42,23.85,62.63,11.58,36.9,30.16,11.78,381.16,1.7,1.97,0.44,2.09
6154.0,23.11,14.31,93.43,9.5,381.62,21.44,74.42,11.9,21.44,74.42,23.85,62.63,11.58,36.9,30.16,11.78,381.62,1.7,1.97,0.47,2.09
6155.0,23.08,14.3,93.55,9.5,377.37,21.43,74.54,11.91,21.43,74.54,23.84,62.59,11.57,36.87,30.15,11.76,377.37,1.68,1.95,0.45,2.09
6156.0,23.08,14.3,93.55,9.5,376.55,21.43,74.54,11.91,21.43,74.54,23.84,62.59,11.57,36.87,30.15,11.76,376.55,1.68,1.93,0.45,2.08
6157.0,23.08,14.3,93.55,9.5,379.78,21.43,74.54,11.91,21.43,74.54,23.84,62.59,11.57,36.87,30.15,11.76,379.78,1.69,1.95,0.45,2.08
6158.0,23.06,14.29,93.45,9.49,380.25,21.42,74.54,11.91,21.42,74.54,23.83,62.63,11.57,36.87,30.19,11.78,380.25,1.69,1.95,0.45,2.08
6159.0,23.06,14.29,93.45,9.49,376.76,21.42,74.54,11.91,21.42,74.54,23.83,62.63,11.57,36.87,30.19,11.78,376.76,1.68,1.94,0.45,2.08
6160.0,23.06,14.29,93.45,9.49,377.36,21.42,74.54,11.91,21.42,74.54,23.83,62.63,11.57,36.87,30.19,11.78,377.36,1.68,1.94,0.45,2.08
6161.0,23.06,14.29,93.45,9.49,382.25,21.42,74.54,11.91,21.42,74.54,23.83,62.63,11.57,36.87,30.19,11.78,382.25,1.71,1.97,0.44,2.08
6162.0,23.07,14.3,93.48,9.49,382.63,21.42,74.55,11.9,21.42,74.55,23.84,62.51,11.56,36.86,30.17,11.76,382.63,1.7,1.97,0.43,2.08
6163.0,23.07,14.3,93.48,9.49,381.53,21.42,74.55,11.9,21.42,74.55,23.84,62.51,11.56,36.86,30.17,11.76,381.53,1.7,1.96,0.43,2.08
6164.0,23.11,14.29,93.73,9.52,378.13,21.45,74.46,11.91,21.45,74.46,23.85,62.46,11.55,36.93,30.12,11.79,378.13,1.68,1.94,0.45,2.08
6165.0,23.11,14.29,93.73,9.52,375.21,21.45,74.46,11.91,21.45,74.46,23.85,62.46,11.55,36.93,30.12,11.79,375.21,1.67,1.94,0.45,2.08
6166.0,23.11,14.29,93.73,9.52,375.81,21.45,74.46,11.91,21.45,74.46,23.85,62.46,11.55,36.93,30.12,11.79,375.81,1.67,1.94,0.44,2.08
6167.0,23.11,14.29,93.73,9.52,379.23,21.45,74.46,11.91,21.45,74.46,23.85,62.46,11.55,36.93,30.12,11.79,379.23,1.69,1.96,0.44,2.08
6168.0,22.99,14.27,93.34,9.46,380.03,21.35,74.48,11.84,21.35,74.48,23.81,62.43,11.52,36.74,30.23,11.71,380.03,1.68,1.95,0.45,2.06
6169.0,22.99,14.27,93.34,9.46,378.19,21.35,74.48,11.84,21.35,74.48,23.81,62.43,11.52,36.74,30.23,11.71,378.19,1.67,1.94,0.46,2.06
6170.0,23.08,14.3,93.65,9.51,377.13,21.44,74.33,11.88,21.44,74.33,23.85,62.49,11.56,36.93,30.11,11.79,377.13,1.66,1.93,0.43,2.08
6171.0,23.08,14.3,93.65,9.51,376.83,21.44,74.33,11.88,21.44,74.33,23.85,62.49,11.56,36.93,30.11,11.79,376.83,1.67,1.96,0.43,2.08
6172.0,23.08,14.3,93.65,9.51,378.16,21.44,74.33,11.88,21.44,74.33,23.85,62.49,11.56,36.93,30.11,11.79,378.16,1.67,1.96,0.44,2.08
6173.0,23.08,14.3,93.65,9.51,379.39,21.44,74.33,11.88,21.44,74.33,23.85,62.49,11.56,36.93,30.11,11.79,379.39,1.68,1.97,0.44,2.08
6174.0,23.09,14.28,93.97,9.53,376.85,21.44,74.34,11.89,21.44,74.34,23.86,62.51,11.57,36.94,30.1,11.79,376.85,1.67,1.96,0.43,2.06
6175.0,23.09,14.28,93.97,9.53,377.4,21.44,74.34,11.89,21.44,74.34,23.86,62.51,11.57,36.94,30.1,11.79,377.4,1.67,1.96,0.42,2.06
6176.0,23.1,14.29,93.66,9.51,380.06,21.44,74.38,11.89,21.44,74.38,23.85,62.57,11.58,36.94,30.13,11.8,380.06,1.68,1.97,0.44,2.07
6177.0,23.1,14.29,93.66,9.51,379.47,21.44,74.38,11.89,21.44,74.38,23.85,62.57,11.58,36.94,30.13,11.8,379.47,1.69,1.97,0.42,2.07
6178.0,23.1,14.29,93.66,9.51,377.19,21.44,74.38,11.89,21.44,74.38,23.85,62.57,11.58,36.94,30.13,11.8,377.19,1.68,1.96,0.43,2.07
6179.0,23.1,14.29,93.66,9.51,375.45,21.44,74.38,11.89,21.44,74.38,23.85,62.57,11.58,36.94,30.13,11.8,375.45,1.67,1.95,0.43,2.07
6180.0,23.1,14.3,93.57,9.5,374.19,21.43,74.49,11.9,21.43,74.49,23.85,62.64,11.58,36.93,30.13,11.79,374.19,1.67,1.94,0.44,2.07
6181.0,23.1,14.3,93.57,9.5,373.7,21.43,74.49,11.9,21.43,74.49,23.85,62.64,11.58,36.93,30.13,11.79,373.7,1.66,1.94,0.44,2.07
6182.0,23.08,14.27,93.6,9.49,373.46,21.42,74.51,11.89,21.42,74.51,23.84,62.59,11.57,36.87,30.13,11.76,373.46,1.66,1.93,0.44,2.06
6183.0,23.08,14.27,93.6,9.49,373.22,21.42,74.51,11.89,21.42,74.51,23.84,62.59,11.57,36.87,30.13,11.76,373.22,1.66,1.92,0.45,2.06
6184.0,23.08,14.27,93.6,9.49,370.37,21.42,74.51,11.89,21.42,74.51,23.84,62.59,11.57,36.87,30.13,11.76,370.37,1.65,1.91,0.43,2.06
6185.0,23.11,14.28,93.66,9.5,372.03,21.44,74.44,11.9,21.44,74.44,23.85,62.59,11.57,36.93,30.16,11.81,372.03,1.66,1.91,0.44,2.07
6186.0,23.11,14.28,93.66,9.5,377.31,21.44,74.44,11.9,21.44,74.44,23.85,62.59,11.57,36.93,30.16,11.81,377.31,1.68,1.96,0.43,2.07
6187.0,23.11,14.28,93.66,9.5,379.65,21.44,74.44,11.9,21.44,74.44,23.85,62.59,11.57,36.93,30.16,11.81,379.65,1.69,1.97,0.46,2.07
6188.0,23.12,14.29,93.62,9.51,381.17,21.44,74.48,11.91,21.44,74.48,23.84,62.63,11.58,36.93,30.15,11.8,381.17,1.7,1.98,0.42,2.08
6189.0,23.12,14.29,93.62,9.51,381.29,21.44,74.48,11.91,21.44,74.48,23.84,62.63,11.58,36.93,30.15,11.8,381.29,1.7,1.98,0.42,2.07
6190.0,23.12,14.29,93.62,9.51,378.56,21.44,74.48,11.91,21.44,74.48,23.84,62.63,11.58,36.93,30.15,11.8,378.56,1.69,1.96,0.43,2.07
6191.0,23.13,14.29,93.64,9.5,376.11,21.44,74.53,11.92,21.44,74.53,23.84,62.57,11.57,36.94,30.12,11.8,376.11,1.68,1.95,0.43,2.07
6192.0,23.13,14.29,93.64,9.5,372.71,21.44,74.53,11.92,21.44,74.53,23.84,62.57,11.57,36.94,30.12,11.8,372.71,1.66,1.93,0.47,2.07
6193.0,23.13,14.29,93.64,9.5,372.03,21.44,74.53,11.92,21.44,74.53,23.84,62.57,11.57,36.94,30.12,11.8,372.03,1.66,1.93,0.44,2.07
6194.0,23.13,14.29,93.64,9.5,372.65,21.44,74.53,11.92,21.44,74.53,23.84,62.57,11.57,36.94,30.12,11.8,372.65,1.66,1.93,0.45,2.07
6195.0,23.13,14.3,93.43,9.49,374.3,21.43,74.49,11.91,21.43,74.49,23.84,62.51,11.56,36.93,30.12,11.79,374.3,1.67,1.94,0.43,2.08
6196.0,23.13,14.3,93.43,9.49,375.09,21.43,74.49,11.91,21.43,74.49,23.84,62.51,11.56,36.93,30.12,11.79,375.09,1.67,1.94,0.43,2.08
6197.0,23.15,14.3,93.36,9.49,378.48,21.44,74.47,11.91,21.44,74.47,23.85,62.52,11.56,36.94,30.1,11.79,378.48,1.69,1.96,0.44,2.08
6198.0,23.15,14.3,93.36,9.49,382.21,21.44,74.47,11.91,21.44,74.47,23.85,62.52,11.56,36.94,30.1,11.79,382.21,1.71,1.98,0.44,2.08
6199.0,23.15,14.3,93.36,9.49,384.65,21.44,74.47,11.91,21.44,74.47,23.85,62.52,11.56,36.94,30.1,11.79,384.65,1.72,1.99,0.46,2.08
6200.0,23.15,14.3,93.36,9.49,384.91,21.44,74.47,11.91,21.44,74.47,23.85,62.52,11.56,36.94,30.1,11.79,384.91,1.72,1.99,0.45,2.08
6201.0,23.13,14.3,93.25,9.47,381.38,21.43,74.44,11.9,21.43,74.44,23.85,62.46,11.56,36.94,30.1,11.79,381.38,1.7,1.98,0.45,2.08
6202.0,23.13,14.3,93.25,9.47,379.32,21.43,74.44,11.9,21.43,74.44,23.85,62.46,11.56,36.94,30.1,11.79,379.32,1.7,1.97,0.44,2.08
6203.0,23.11,14.28,93.77,9.51,379.22,21.44,74.38,11.89,21.44,74.38,23.87,62.4,11.55,36.94,30.1,11.79,379.22,1.7,1.97,0.44,2.06
6204.0,23.11,14.28,93.77,9.51,381.46,21.44,74.38,11.89,21.44,74.38,23.87,62.4,11.55,36.94,30.1,11.79,381.46,1.69,1.98,0.44,2.06
6205.0,23.11,14.28,93.77,9.51,383.24,21.44,74.38,11.89,21.44,74.38,23.87,62.4,11.55,36.94,30.1,11.79,383.24,1.7,1.99,0.45,2.06
6206.0,23.06,14.27,93.74,9.51,382.52,21.41,74.39,11.87,21.41,74.39,23.86,62.37,11.54,36.91,30.13,11.77,382.52,1.7,1.99,0.45,2.06
6207.0,23.06,14.27,93.74,9.51,379.77,21.41,74.39,11.87,21.41,74.39,23.86,62.37,11.54,36.91,30.13,11.77,379.77,1.68,1.97,0.43,2.06
6208.0,23.06,14.27,93.74,9.51,378.26,21.41,74.39,11.87,21.41,74.39,23.86,62.37,11.54,36.91,30.13,11.77,378.26,1.67,1.96,0.44,2.06
6209.0,23.07,14.27,93.88,9.52,379.44,21.43,74.42,11.89,21.43,74.42,23.87,62.38,11.55,36.93,30.11,11.78,379.44,1.68,1.97,0.41,2.06
6210.0,23.07,14.27,93.88,9.52,379.46,21.43,74.42,11.89,21.43,74.42,23.87,62.38,11.55,36.93,30.11,11.78,379.46,1.68,1.97,0.42,2.06
6211.0,23.07,14.27,93.88,9.52,382.38,21.43,74.42,11.89,21.43,74.42,23.87,62.38,11.55,36.93,30.11,11.78,382.38,1.7,1.98,0.42,2.06
6212.0,23.01,14.26,93.67,9.49,383.27,21.39,74.39,11.86,21.39,74.39,23.85,62.38,11.54,36.86,30.16,11.76,383.27,1.7,1.99,0.42,2.05
6213.0,23.01,14.26,93.67,9.49,383.49,21.39,74.39,11.86,21.39,74.39,23.85,62.38,11.54,36.86,30.16,11.76,383.49,1.69,1.99,0.42,2.05
6214.0,23.01,14.26,93.67,9.49,384.5,21.39,74.39,11.86,21.39,74.39,23.85,62.38,11.54,36.86,30.16,11.76,384.5,1.7,1.99,0.43,2.05
6215.0,23.01,14.26,93.67,9.49,383.14,21.39,74.39,11.86,21.39,74.39,23.85,62.38,11.54,36.86,30.16,11.76,383.14,1.69,1.98,0.43,2.05
6216.0,23.03,14.26,93.81,9.51,382.62,21.42,74.38,11.88,21.42,74.38,23.86,62.5,11.57,36.9,30.15,11.78,382.62,1.7,1.99,0.45,2.05
6217.0,23.03,14.26,93.81,9.51,380.92,21.42,74.38,11.88,21.42,74.38,23.86,62.5,11.57,36.9,30.15,11.78,380.92,1.69,1.98,0.43,2.05
6218.0,22.99,14.26,93.77,9.5,376.45,21.4,74.35,11.85,21.4,74.35,23.85,62.45,11.55,36.86,30.18,11.76,376.45,1.67,1.95,0.44,2.05
6219.0,22.99,14.26,93.77,9.5,374.4,21.4,74.35,11.85,21.4,74.35,23.85,62.45,11.55,36.86,30.18,11.76,374.4,1.65,1.94,0.42,2.05
6220.0,22.99,14.26,93.77,9.5,373.5,21.4,74.35,11.85,21.4,74.35,23.85,62.45,11.55,36.86,30.18,11.76,373.5,1.65,1.94,0.42,2.05
6221.0,22.99,14.26,93.77,9.5,375,21.4,74.35,11.85,21.4,74.35,23.85,62.45,11.55,36.86,30.18,11.76,375,1.66,1.94,0.44,2.05
6222.0,23.04,14.28,93.45,9.48,377.01,21.43,74.47,11.9,21.43,74.47,23.86,62.56,11.58,36.92,30.12,11.78,377.01,1.68,1.95,0.44,2.06
6223.0,23.04,14.28,93.45,9.48,377.25,21.43,74.47,11.9,21.43,74.47,23.86,62.56,11.58,36.92,30.12,11.78,377.25,1.69,1.95,0.44,2.06
6224.0,23.03,14.29,93.6,9.5,379.45,21.42,74.4,11.88,21.42,74.4,23.85,62.56,11.57,36.91,30.14,11.78,379.45,1.7,1.97,0.45,2.06
6225.0,23.03,14.29,93.6,9.5,380.32,21.42,74.4,11.88,21.42,74.4,23.85,62.56,11.57,36.91,30.14,11.78,380.32,1.68,1.97,0.44,2.06
6226.0,23.03,14.29,93.6,9.5,381.09,21.42,74.4,11.88,21.42,74.4,23.85,62.56,11.57,36.91,30.14,11.78,381.09,1.69,1.98,0.44,2.06
6227.0,23.03,14.29,93.6,9.5,381.05,21.42,74.4,11.88,21.42,74.4,23.85,62.56,11.57,36.91,30.14,11.78,381.05,1.69,1.98,0.43,2.06
6228.0,23.05,14.3,93.47,9.49,381.12,21.43,74.47,11.9,21.43,74.47,23.87,62.46,11.57,36.94,30.11,11.79,381.12,1.7,1.98,0.42,2.07
6229.0,23.05,14.3,93.47,9.49,380.82,21.43,74.47,11.9,21.43,74.47,23.87,62.46,11.57,36.94,30.11,11.79,380.82,1.7,1.98,0.43,2.07
6230.0,23.05,14.3,93.4,9.49,379.69,21.43,74.53,11.91,21.43,74.53,23.87,62.5,11.57,36.93,30.11,11.79,379.69,1.69,1.97,0.44,2.07
6231.0,23.05,14.3,93.4,9.49,379.68,21.43,74.53,11.91,21.43,74.53,23.87,62.5,11.57,36.93,30.11,11.79,379.68,1.7,1.97,0.44,2.07
6232.0,23.05,14.3,93.4,9.49,379.76,21.43,74.53,11.91,21.43,74.53,23.87,62.5,11.57,36.93,30.11,11.79,379.76,1.7,1.97,0.45,2.07
6233.0,23.02,14.29,93.46,9.49,381.75,21.41,74.5,11.89,21.41,74.5,23.85,62.5,11.56,36.91,30.12,11.77,381.75,1.71,1.98,0.45,2.06
6234.0,23.02,14.29,93.46,9.49,384.84,21.41,74.5,11.89,21.41,74.5,23.85,62.5,11.56,36.91,30.12,11.77,384.84,1.71,1.99,0.42,2.06
6235.0,23.02,14.29,93.46,9.49,384.29,21.41,74.5,11.89,21.41,74.5,23.85,62.5,11.56,36.91,30.12,11.77,384.29,1.71,1.99,0.44,2.06
6236.0,23.02,14.29,93.46,9.49,382.64,21.41,74.5,11.89,21.41,74.5,23.85,62.5,11.56,36.91,30.12,11.77,382.64,1.7,1.98,0.42,2.06
6237.0,23.05,14.29,93.58,9.5,380.59,21.43,74.47,11.9,21.43,74.47,23.86,62.42,11.55,36.94,30.09,11.78,380.59,1.69,1.97,0.42,2.06
6238.0,23.05,14.29,93.58,9.5,378.66,21.43,74.47,11.9,21.43,74.47,23.86,62.42,11.55,36.94,30.09,11.78,378.66,1.68,1.96,0.42,2.06
6239.0,23.07,14.3,93.5,9.5,377.86,21.43,74.39,11.88,21.43,74.39,23.85,62.46,11.55,36.93,30.09,11.77,377.86,1.68,1.96,0.45,2.07
6240.0,23.07,14.3,93.5,9.5,377.37,21.43,74.39,11.88,21.43,74.39,23.85,62.46,11.55,36.93,30.09,11.77,377.37,1.67,1.96,0.45,2.07
6241.0,23.07,14.3,93.5,9.5,376.55,21.43,74.39,11.88,21.43,74.39,23.85,62.46,11.55,36.93,30.09,11.77,376.55,1.67,1.95,0.43,2.07
6242.0,23.07,14.3,93.5,9.5,376.56,21.43,74.39,11.88,21.43,74.39,23.85,62.46,11.55,36.93,30.09,11.77,376.56,1.67,1.95,0.43,2.07
6243.0,23.05,14.29,93.4,9.48,376.27,21.4,74.31,11.85,21.4,74.31,23.82,62.49,11.54,36.86,30.12,11.75,376.27,1.66,1.95,0.42,2.06
6244.0,23.05,14.29,93.4,9.48,376.36,21.4,74.31,11.85,21.4,74.31,23.82,62.49,11.54,36.86,30.12,11.75,376.36,1.66,1.95,0.43,2.06
6245.0,23.07,14.29,93.71,9.52,379.25,21.43,74.28,11.87,21.43,74.28,23.84,62.51,11.56,36.95,30.08,11.79,379.25,1.67,1.96,0.43,2.06
6246.0,23.07,14.29,93.71,9.52,380.92,21.43,74.28,11.87,21.43,74.28,23.84,62.51,11.56,36.95,30.08,11.79,380.92,1.68,1.99,0.42,2.06
6247.0,23.07,14.29,93.71,9.52,381.23,21.43,74.28,11.87,21.43,74.28,23.84,62.51,11.56,36.95,30.08,11.79,381.23,1.68,1.99,0.43,2.06
6248.0,23.08,14.3,93.66,9.51,381.39,21.43,74.3,11.87,21.43,74.3,23.85,62.47,11.56,36.95,30.08,11.79,381.39,1.68,1.99,0.43,2.06
6249.0,23.08,14.3,93.66,9.51,378.78,21.43,74.3,11.87,21.43,74.3,23.85,62.47,11.56,36.95,30.08,11.79,378.78,1.67,1.97,0.43,2.06
6250.0,23.08,14.3,93.66,9.51,377.52,21.43,74.3,11.87,21.43,74.3,23.85,62.47,11.56,36.95,30.08,11.79,377.52,1.67,1.97,0.43,2.06
6251.0,23.06,14.31,93.46,9.5,376.58,21.42,74.32,11.87,21.42,74.32,23.85,62.5,11.56,36.92,30.13,11.78,376.58,1.66,1.96,0.44,2.08
6252.0,23.06,14.31,93.46,9.5,376.29,21.42,74.32,11.87,21.42,74.32,23.85,62.5,11.56,36.92,30.13,11.78,376.29,1.66,1.96,0.44,2.07
6253.0,23.06,14.31,93.46,9.5,378.32,21.42,74.32,11.87,21.42,74.32,23.85,62.5,11.56,36.92,30.13,11.78,378.32,1.67,1.97,0.43,2.07
6254.0,23.02,14.29,93.56,9.5,377.11,21.38,74.35,11.85,21.38,74.35,23.83,62.4,11.52,36.84,30.18,11.76,377.11,1.67,1.96,0.45,2.06
6255.0,23.02,14.29,93.56,9.5,375.42,21.38,74.35,11.85,21.38,74.35,23.83,62.4,11.52,36.84,30.18,11.76,375.42,1.65,1.95,0.45,2.06
6256.0,23.02,14.29,93.56,9.5,374.88,21.38,74.35,11.85,21.38,74.35,23.83,62.4,11.52,36.84,30.18,11.76,374.88,1.65,1.94,0.42,2.06
6257.0,23.02,14.29,93.56,9.5,376.52,21.38,74.35,11.85,21.38,74.35,23.83,62.4,11.52,36.84,30.18,11.76,376.52,1.66,1.95,0.42,2.06
6258.0,23.07,14.32,93.36,9.5,377.74,21.42,74.44,11.89,21.42,74.44,23.86,62.47,11.56,36.92,30.12,11.79,377.74,1.67,1.96,0.44,2.08
6259.0,23.07,14.32,93.36,9.5,378.98,21.42,74.44,11.89,21.42,74.44,23.86,62.47,11.56,36.92,30.12,11.79,378.98,1.68,1.97,0.43,2.08
6260.0,23.07,14.32,93.48,9.51,381.65,21.43,74.4,11.89,21.43,74.4,23.86,62.47,11.56,36.93,30.14,11.8,381.65,1.69,1.98,0.45,2.08
6261.0,23.07,14.32,93.48,9.51,381.97,21.43,74.4,11.89,21.43,74.4,23.86,62.47,11.56,36.93,30.14,11.8,381.97,1.69,1.99,0.45,2.08
6262.0,23.07,14.32,93.48,9.51,380.86,21.43,74.4,11.89,21.43,74.4,23.86,62.47,11.56,36.93,30.14,11.8,380.86,1.68,1.98,0.43,2.08
6263.0,23.07,14.32,93.48,9.51,379.86,21.43,74.4,11.89,21.43,74.4,23.86,62.47,11.56,36.93,30.14,11.8,379.86,1.68,1.98,0.43,2.08
6264.0,23.05,14.29,93.58,9.5,378.04,21.42,74.35,11.87,21.42,74.35,23.85,62.49,11.56,36.92,30.13,11.79,378.04,1.67,1.97,0.42,2.06
6265.0,23.05,14.29,93.58,9.5,377.98,21.42,74.35,11.87,21.42,74.35,23.85,62.49,11.56,36.92,30.13,11.79,377.98,1.67,1.97,0.42,2.06
6266.0,23.06,14.33,93.34,9.5,375.69,21.43,74.34,11.88,21.43,74.34,23.86,62.5,11.57,36.96,30.09,11.8,375.69,1.66,1.95,0.43,2.08
6267.0,23.06,14.33,93.34,9.5,375.55,21.43,74.34,11.88,21.43,74.34,23.86,62.5,11.57,36.96,30.09,11.8,375.55,1.66,1.96,0.43,2.09
6268.0,23.06,14.33,93.34,9.5,377.9,21.43,74.34,11.88,21.43,74.34,23.86,62.5,11.57,36.96,30.09,11.8,377.9,1.67,1.97,0.44,2.09
6269.0,23.06,14.33,93.34,9.5,377.9,21.43,74.34,11.88,21.43,74.34,23.86,62.5,11.57,36.96,30.09,11.8,377.9,1.67,1.97,0.46,2.09
6270.0,23.06,14.31,93.42,9.5,377.59,21.43,74.32,11.88,21.43,74.32,23.86,62.44,11.55,36.96,30.09,11.8,377.59,1.67,1.97,0.45,2.08
6271.0,23.06,14.31,93.42,9.5,378.36,21.43,74.32,11.88,21.43,74.32,23.86,62.44,11.55,36.96,30.09,11.8,378.36,1.68,1.97,0.47,2.08
6272.0,23.07,14.3,93.59,9.51,379.82,21.43,74.33,11.87,21.43,74.33,23.85,62.48,11.56,36.95,30.1,11.79,379.82,1.68,1.98,0.45,2.07
6273.0,23.07,14.3,93.59,9.51,380.24,21.43,74.33,11.87,21.43,74.33,23.85,62.48,11.56,36.95,30.1,11.79,380.24,1.68,1.98,0.45,2.07
6274.0,23.07,14.3,93.59,9.51,380.67,21.43,74.33,11.87,21.43,74.33,23.85,62.48,11.56,36.95,30.1,11.79,380.67,1.68,1.98,0.41,2.07
6275.0,23.07,14.3,93.87,9.54,381.74,21.42,74.3,11.87,21.42,74.3,23.85,62.42,11.55,36.94,30.11,11.79,381.74,1.69,1.99,0.41,2.07
6276.0,23.07,14.3,93.87,9.54,384.39,21.42,74.3,11.87,21.42,74.3,23.85,62.42,11.55,36.94,30.11,11.79,384.39,1.69,2.0,0.44,2.07
6277.0,23.07,14.3,93.87,9.54,384.74,21.42,74.3,11.87,21.42,74.3,23.85,62.42,11.55,36.94,30.11,11.79,384.74,1.69,2.01,0.44,2.07
6278.0,23.06,14.3,93.6,9.51,382.52,21.41,74.43,11.88,21.41,74.43,23.85,62.35,11.53,36.91,30.11,11.77,382.52,1.68,1.99,0.44,2.07
6279.0,23.06,14.3,93.6,9.51,382.46,21.41,74.43,11.88,21.41,74.43,23.85,62.35,11.53,36.91,30.11,11.77,382.46,1.69,1.98,0.44,2.07
6280.0,23.06,14.3,93.6,9.51,382.46,21.41,74.43,11.88,21.41,74.43,23.85,62.35,11.53,36.91,30.11,11.77,382.46,1.69,1.98,0.44,2.07
6281.0,23.07,14.3,93.73,9.52,382.54,21.42,74.39,11.88,21.42,74.39,23.86,62.49,11.57,36.94,30.09,11.78,382.54,1.69,1.98,0.4,2.07
6282.0,23.07,14.3,93.73,9.52,386.04,21.42,74.39,11.88,21.42,74.39,23.86,62.49,11.57,36.94,30.09,11.78,386.04,1.7,2.01,0.4,2.07
6283.0,23.07,14.3,93.73,9.52,388.88,21.42,74.39,11.88,21.42,74.39,23.86,62.49,11.57,36.94,30.09,11.78,388.88,1.71,2.02,0.41,2.07
6284.0,23.07,14.3,93.73,9.52,390.14,21.42,74.39,11.88,21.42,74.39,23.86,62.49,11.57,36.94,30.09,11.78,390.14,1.72,2.03,0.45,2.07
6285.0,23.09,14.3,93.55,9.5,386.25,21.41,74.37,11.87,21.41,74.37,23.86,62.39,11.54,36.92,30.09,11.77,386.25,1.7,2.01,0.43,2.07
6286.0,23.09,14.3,93.55,9.5,381.37,21.41,74.37,11.87,21.41,74.37,23.86,62.39,11.54,36.92,30.09,11.77,381.37,1.68,1.98,0.44,2.07
6287.0,23.11,14.32,93.46,9.51,384.04,21.42,74.46,11.89,21.42,74.46,23.86,62.55,11.58,36.96,30.07,11.79,384.04,1.69,2.0,0.44,2.08
6288.0,23.11,14.32,93.46,9.51,386.78,21.42,74.46,11.89,21.42,74.46,23.86,62.55,11.58,36.96,30.07,11.79,386.78,1.71,2.01,0.44,2.08
6289.0,23.11,14.32,93.46,9.51,385.38,21.42,74.46,11.89,21.42,74.46,23.86,62.55,11.58,36.96,30.07,11.79,385.38,1.71,2.01,0.46,2.08
6290.0,23.11,14.32,93.46,9.51,384.54,21.42,74.46,11.89,21.42,74.46,23.86,62.55,11.58,36.96,30.07,11.79,384.54,1.7,2.0,0.46,2.08
6291.0,23.08,14.32,93.44,9.51,380.1,21.4,74.49,11.88,21.4,74.49,23.85,62.5,11.56,36.91,30.1,11.76,380.1,1.68,1.97,0.45,2.08
6292.0,23.08,14.32,93.44,9.51,380.43,21.4,74.49,11.88,21.4,74.49,23.85,62.5,11.56,36.91,30.1,11.76,380.43,1.68,1.97,0.44,2.08
6293.0,23.08,14.3,93.61,9.51,382.12,21.42,74.46,11.89,21.42,74.46,23.85,62.52,11.57,36.94,30.07,11.78,382.12,1.69,1.98,0.45,2.07
6294.0,23.08,14.3,93.61,9.51,382.56,21.42,74.46,11.89,21.42,74.46,23.85,62.52,11.57,36.94,30.07,11.78,382.56,1.69,1.99,0.43,2.07
6295.0,23.08,14.3,93.61,9.51,382.51,21.42,74.46,11.89,21.42,74.46,23.85,62.52,11.57,36.94,30.07,11.78,382.51,1.69,1.99,0.43,2.07
6296.0,23.08,14.3,93.61,9.51,381.05,21.42,74.46,11.89,21.42,74.46,23.85,62.52,11.57,36.94,30.07,11.78,381.05,1.69,1.98,0.44,2.07
6297.0,23.09,14.31,93.57,9.51,376.83,21.43,74.46,11.89,21.43,74.46,23.86,62.47,11.56,36.96,30.06,11.78,376.83,1.67,1.96,0.45,2.08
6298.0,23.09,14.31,93.57,9.51,376.12,21.43,74.46,11.89,21.43,74.46,23.86,62.47,11.56,36.96,30.06,11.78,376.12,1.67,1.95,0.45,2.08
6299.0,23.1,14.3,93.56,9.5,375.53,21.42,74.38,11.88,21.42,74.38,23.85,62.49,11.56,36.96,30.06,11.78,375.53,1.66,1.95,0.44,2.07
6300.0,23.1,14.3,93.56,9.5,376.46,21.42,74.38,11.88,21.42,74.38,23.85,62.49,11.56,36.96,30.06,11.78,376.46,1.67,1.96,0.44,2.07
6301.0,23.1,14.3,93.56,9.5,378.73,21.42,74.38,11.88,21.42,74.38,23.85,62.49,11.56,36.96,30.06,11.78,378.73,1.68,1.97,0.42,2.07
6302.0,23.11,14.29,93.79,9.52,379.48,21.42,74.38,11.88,21.42,74.38,23.85,62.46,11.55,36.97,30.04,11.78,379.48,1.68,1.98,0.43,2.07
6303.0,23.11,14.29,93.79,9.52,377.71,21.42,74.38,11.88,21.42,74.38,23.85,62.46,11.55,36.97,30.04,11.78,377.71,1.67,1.97,0.42,2.07
6304.0,23.11,14.29,93.79,9.52,376.63,21.42,74.38,11.88,21.42,74.38,23.85,62.46,11.55,36.97,30.04,11.78,376.63,1.66,1.96,0.42,2.07
6305.0,23.11,14.3,93.58,9.51,374.41,21.43,74.38,11.88,21.43,74.38,23.85,62.45,11.55,36.98,30.04,11.79,374.41,1.65,1.95,0.45,2.07
6306.0,23.11,14.3,93.58,9.51,373.53,21.43,74.38,11.88,21.43,74.38,23.85,62.45,11.55,36.98,30.04,11.79,373.53,1.65,1.95,0.43,2.07
6307.0,23.11,14.3,93.58,9.51,377.24,21.43,74.38,11.88,21.43,74.38,23.85,62.45,11.55,36.98,30.04,11.79,377.24,1.67,1.97,0.46,2.07
6308.0,23.11,14.29,93.91,9.53,378.75,21.42,74.3,11.86,21.42,74.3,23.83,62.46,11.54,36.95,30.07,11.78,378.75,1.68,1.97,0.46,2.06
6309.0,23.11,14.29,93.91,9.53,379.82,21.42,74.3,11.86,21.42,74.3,23.83,62.46,11.54,36.95,30.07,11.78,379.82,1.67,1.98,0.45,2.06
6310.0,23.11,14.29,93.91,9.53,381.51,21.42,74.3,11.86,21.42,74.3,23.83,62.46,11.54,36.95,30.07,11.78,381.51,1.68,1.99,0.45,2.06
6311.0,23.1,14.29,93.59,9.5,382.72,21.43,74.32,11.87,21.43,74.32,23.83,62.47,11.54,36.97,30.05,11.79,382.72,1.68,2.0,0.43,2.06
6312.0,23.1,14.29,93.59,9.5,383.25,21.43,74.32,11.87,21.43,74.32,23.83,62.47,11.54,36.97,30.05,11.79,383.25,1.7,2.0,0.43,2.07
6313.0,23.1,14.29,93.59,9.5,386.49,21.43,74.32,11.87,21.43,74.32,23.83,62.47,11.54,36.97,30.05,11.79,386.49,1.71,2.02,0.44,2.07
6314.0,23.1,14.29,93.7,9.52,386.72,21.43,74.21,11.86,21.43,74.21,23.83,62.57,11.56,36.97,30.04,11.79,386.72,1.71,2.02,0.44,2.07
6315.0,23.1,14.29,93.7,9.52,383.36,21.43,74.21,11.86,21.43,74.21,23.83,62.57,11.56,36.97,30.04,11.79,383.36,1.69,2.01,0.44,2.07
6316.0,23.1,14.29,93.7,9.52,381.05,21.43,74.21,11.86,21.43,74.21,23.83,62.57,11.56,36.97,30.04,11.79,381.05,1.68,1.99,0.45,2.07
6317.0,23.1,14.29,93.7,9.52,375,21.43,74.21,11.86,21.43,74.21,23.83,62.57,11.56,36.97,30.04,11.79,375,1.65,1.96,0.45,2.07
6318.0,23.09,14.28,93.87,9.52,372.54,21.43,74.25,11.86,21.43,74.25,23.82,62.52,11.55,36.97,30.03,11.78,372.54,1.64,1.95,0.44,2.06
6319.0,23.09,14.28,93.87,9.52,371.01,21.43,74.25,11.86,21.43,74.25,23.82,62.52,11.55,36.97,30.03,11.78,371.01,1.63,1.94,0.43,2.06
6320.0,23.08,14.27,93.96,9.53,373.47,21.42,74.28,11.86,21.42,74.28,23.81,62.62,11.56,36.96,30.04,11.77,373.47,1.64,1.95,0.44,2.05
6321.0,23.08,14.27,93.96,9.53,375.27,21.42,74.28,11.86,21.42,74.28,23.81,62.62,11.56,36.96,30.04,11.77,375.27,1.65,1.96,0.44,2.05
6322.0,23.08,14.27,93.96,9.53,378.54,21.42,74.28,11.86,21.42,74.28,23.81,62.62,11.56,36.96,30.04,11.77,378.54,1.66,1.97,0.43,2.05
6323.0,23.08,14.31,93.54,9.51,380.82,21.43,74.34,11.87,21.43,74.34,23.81,62.58,11.55,36.98,30,11.77,380.82,1.67,1.99,0.44,2.07
6324.0,23.08,14.31,93.54,9.51,381.9,21.43,74.34,11.87,21.43,74.34,23.81,62.58,11.55,36.98,30,11.77,381.9,1.69,1.99,0.43,2.07
6325.0,23.08,14.31,93.54,9.51,379.69,21.43,74.34,11.87,21.43,74.34,23.81,62.58,11.55,36.98,30,11.77,379.69,1.68,1.98,0.43,2.07
6326.0,23.08,14.29,93.65,9.51,378.87,21.43,74.34,11.88,21.43,74.34,23.81,62.61,11.55,36.97,30.01,11.77,378.87,1.67,1.97,0.44,2.07
6327.0,23.08,14.29,93.65,9.51,378.55,21.43,74.34,11.88,21.43,74.34,23.81,62.61,11.55,36.97,30.01,11.77,378.55,1.67,1.97,0.44,2.06
6328.0,23.08,14.29,93.65,9.51,375.49,21.43,74.34,11.88,21.43,74.34,23.81,62.61,11.55,36.97,30.01,11.77,375.49,1.66,1.95,0.44,2.06
6329.0,23.07,14.28,93.65,9.5,374.56,21.43,74.34,11.88,21.43,74.34,23.8,62.63,11.55,36.97,30.01,11.77,374.56,1.66,1.95,0.44,2.06
6330.0,23.07,14.28,93.65,9.5,372.55,21.43,74.34,11.88,21.43,74.34,23.8,62.63,11.55,36.97,30.01,11.77,372.55,1.65,1.94,0.42,2.06
6331.0,23.07,14.28,93.65,9.5,370.23,21.43,74.34,11.88,21.43,74.34,23.8,62.63,11.55,36.97,30.01,11.77,370.23,1.64,1.92,0.44,2.06
6332.0,23.04,14.29,93.46,9.49,367.08,21.43,74.4,11.88,21.43,74.4,23.79,62.58,11.53,36.97,30.01,11.77,367.08,1.63,1.91,0.44,2.06
6333.0,23.04,14.29,93.46,9.49,364.66,21.43,74.4,11.88,21.43,74.4,23.79,62.58,11.53,36.97,30.01,11.77,364.66,1.62,1.89,0.44,2.06
6334.0,23.04,14.29,93.46,9.49,361.92,21.43,74.4,11.88,21.43,74.4,23.79,62.58,11.53,36.97,30.01,11.77,361.92,1.61,1.88,0.43,2.06
6335.0,23.04,14.29,93.49,9.49,360.98,21.43,74.41,11.89,21.43,74.41,23.79,62.65,11.55,36.98,30,11.77,360.98,1.61,1.87,0.43,2.06
6336.0,23.04,14.29,93.49,9.49,365.01,21.43,74.41,11.89,21.43,74.41,23.79,62.65,11.55,36.98,30,11.77,365.01,1.62,1.9,0.44,2.06
6337.0,23.04,14.29,93.49,9.49,366.25,21.43,74.41,11.89,21.43,74.41,23.79,62.65,11.55,36.98,30,11.77,366.25,1.63,1.9,0.45,2.06
6338.0,23.04,14.29,93.49,9.49,371.18,21.43,74.41,11.89,21.43,74.41,23.79,62.65,11.55,36.98,30,11.77,371.18,1.65,1.93,0.44,2.06
6339.0,23.04,14.28,93.53,9.49,374.89,21.43,74.34,11.88,21.43,74.34,23.79,62.54,11.52,36.97,30,11.77,374.89,1.66,1.95,0.41,2.06
6340.0,23.04,14.28,93.53,9.49,378.4,21.43,74.34,11.88,21.43,74.34,23.79,62.54,11.52,36.97,30,11.77,378.4,1.68,1.97,0.41,2.06
6341.0,23.06,14.28,93.47,9.48,382.86,21.42,74.28,11.86,21.42,74.28,23.78,62.59,11.53,36.96,30,11.76,382.86,1.7,1.99,0.42,2.06
6342.0,23.06,14.28,93.47,9.48,385,21.42,74.28,11.86,21.42,74.28,23.78,62.59,11.53,36.96,30,11.76,385,1.71,2.0,0.44,2.06
6343.0,23.06,14.28,93.47,9.48,385.98,21.42,74.28,11.86,21.42,74.28,23.78,62.59,11.53,36.96,30,11.76,385.98,1.71,2.01,0.42,2.06
6344.0,23.06,14.28,93.47,9.48,385.6,21.42,74.28,11.86,21.42,74.28,23.78,62.59,11.53,36.96,30,11.76,385.6,1.71,2.01,0.43,2.06
6345.0,23.07,14.28,93.62,9.5,383.93,21.42,74.27,11.86,21.42,74.27,23.78,62.49,11.51,36.97,30,11.76,383.93,1.7,2.0,0.45,2.05
6346.0,23.07,14.28,93.62,9.5,386.18,21.42,74.27,11.86,21.42,74.27,23.78,62.49,11.51,36.97,30,11.76,386.18,1.71,2.01,0.44,2.05
6347.0,23.06,14.28,93.74,9.51,389.46,21.42,74.2,11.85,21.42,74.2,23.79,62.51,11.52,36.98,30.01,11.77,389.46,1.72,2.03,0.42,2.06
6348.0,23.06,14.28,93.74,9.51,392.12,21.42,74.2,11.85,21.42,74.2,23.79,62.51,11.52,36.98,30.01,11.77,392.12,1.73,2.05,0.42,2.06
6349.0,23.06,14.28,93.74,9.51,392.55,21.42,74.2,11.85,21.42,74.2,23.79,62.51,11.52,36.98,30.01,11.77,392.55,1.73,2.05,0.44,2.06
6350.0,23.04,14.28,93.67,9.5,392.46,21.42,74.33,11.87,21.42,74.33,23.79,62.55,11.53,36.96,30.02,11.77,392.46,1.73,2.05,0.46,2.06
6351.0,23.04,14.28,93.67,9.5,391.95,21.42,74.33,11.87,21.42,74.33,23.79,62.55,11.53,36.96,30.02,11.77,391.95,1.73,2.04,0.46,2.05
6352.0,23.04,14.28,93.67,9.5,391.68,21.42,74.33,11.87,21.42,74.33,23.79,62.55,11.53,36.96,30.02,11.77,391.68,1.73,2.04,0.42,2.05
6353.0,23.03,14.28,93.65,9.5,391.39,21.42,74.29,11.86,21.42,74.29,23.79,62.6,11.54,36.97,30.02,11.77,391.39,1.73,2.04,0.44,2.05
6354.0,23.03,14.28,93.65,9.5,390.32,21.42,74.29,11.86,21.42,74.29,23.79,62.6,11.54,36.97,30.02,11.77,390.32,1.72,2.03,0.44,2.05
6355.0,23.03,14.28,93.65,9.5,388.68,21.42,74.29,11.86,21.42,74.29,23.79,62.6,11.54,36.97,30.02,11.77,388.68,1.72,2.03,0.45,2.05
6356.0,23.04,14.28,93.59,9.5,386.01,21.42,74.36,11.87,21.42,74.36,23.79,62.52,11.52,36.97,30.03,11.78,386.01,1.71,2.01,0.43,2.05
6357.0,23.04,14.28,93.59,9.5,383.92,21.42,74.36,11.87,21.42,74.36,23.79,62.52,11.52,36.97,30.03,11.78,383.92,1.7,2.0,0.43,2.05
6358.0,23.04,14.28,93.59,9.5,382.78,21.42,74.36,11.87,21.42,74.36,23.79,62.52,11.52,36.97,30.03,11.78,382.78,1.7,1.99,0.42,2.05
6359.0,23.04,14.3,93.47,9.49,382.81,21.42,74.45,11.89,21.42,74.45,23.8,62.6,11.54,36.97,30.05,11.78,382.81,1.7,2.0,0.44,2.06
6360.0,23.04,14.3,93.47,9.49,383.65,21.42,74.45,11.89,21.42,74.45,23.8,62.6,11.54,36.97,30.05,11.78,383.65,1.7,2.0,0.44,2.06
6361.0,23.04,14.3,93.47,9.49,382.98,21.42,74.45,11.89,21.42,74.45,23.8,62.6,11.54,36.97,30.05,11.78,382.98,1.7,1.99,0.43,2.06
6362.0,23.02,14.31,93.33,9.48,382.05,21.41,74.43,11.88,21.41,74.43,23.8,62.45,11.52,36.96,30.06,11.78,382.05,1.7,1.99,0.44,2.07
6363.0,23.02,14.31,93.33,9.48,382.02,21.41,74.43,11.88,21.41,74.43,23.8,62.45,11.52,36.96,30.06,11.78,382.02,1.7,1.99,0.42,2.07
6364.0,23.02,14.31,93.33,9.48,382.47,21.41,74.43,11.88,21.41,74.43,23.8,62.45,11.52,36.96,30.06,11.78,382.47,1.7,1.99,0.42,2.07
6365.0,23.02,14.3,93.36,9.49,382.58,21.42,74.45,11.89,21.42,74.45,23.82,62.42,11.52,36.98,30.05,11.79,382.58,1.7,1.99,0.42,2.07
6366.0,23.02,14.3,93.36,9.49,384.52,21.42,74.45,11.89,21.42,74.45,23.82,62.42,11.52,36.98,30.05,11.79,384.52,1.71,2.01,0.45,2.07
6367.0,23.02,14.3,93.36,9.49,385.26,21.42,74.45,11.89,21.42,74.45,23.82,62.42,11.52,36.98,30.05,11.79,385.26,1.71,2.01,0.44,2.07
6368.0,23.02,14.28,93.52,9.49,385.81,21.42,74.44,11.89,21.42,74.44,23.82,62.41,11.52,36.97,30.08,11.8,385.81,1.72,2.01,0.43,2.05
6369.0,23.02,14.28,93.52,9.49,385.91,21.42,74.44,11.89,21.42,74.44,23.82,62.41,11.52,36.97,30.08,11.8,385.91,1.72,2.02,0.42,2.05
6370.0,23.02,14.28,93.52,9.49,388.32,21.42,74.44,11.89,21.42,74.44,23.82,62.41,11.52,36.97,30.08,11.8,388.32,1.73,2.03,0.43,2.05
