SN,Date,Time,Time(Sec),Tr1 [C],T1 [C],RH1 [%],w1 [g/kg],CMHsa [m3/Hr],T2 [C],RH2 [%],w2 [g/kg],T3 [C],RH3 [%],T4 [C],RH4 [%],w4 [g/kg],Tr2 [C],RHr2 [%],wr2 [g/kg],CMHoa [m3/Hr],Qcoil [kW],Qiec [kW],ECompPower [kW]
,,,,"Wet channel outlet air
 enters to condenser","Supply Air to Room 
 after Evaporator","Supply Air to Room   
after Evaporator","Supply Air to Room  
after Evaporator","Supply Air to Room  
after Evaporator","Mixture of 
T3 and T4  (if mixed)","Mixture of 
T3 and T4  (if mixed)","Mixture of 
T3 and T4  (if mixed)","IEC Dry channel 
outlet & enters MVC 
Evaporator ","IEC Dry channel 
outlet & enters MVC 
Evaporator ","Room Exhaust Air 
Enters to IEC 
Wet channel","Room Exhaust Air 
Enters to IEC 
Wet channel","Room Exhaust Air 
Enters to IEC 
Wet channel","Outdoor air 
enters dry 
channel of IEC","Outdoor air 
enters dry 
channel of IEC","Outdoor air 
enters dry 
channel of IEC","Outdoor air 
enters dry 
channel of IEC",,,
0.0,2024-02-13,15:14:16,0.0,18.92,22.54,66.42,11.35,84.02,21.79,71.69,11.71,21.79,71.69,22.34,83.05,14.07,22.31,68.8,11.6,84.02,0.0,0.0,1.9
1.0,2024-02-13,15:14:17,1.0,18.92,22.54,66.42,11.35,126.07,21.79,71.71,11.71,21.79,71.71,22.34,83.05,14.08,22.32,68.79,11.6,126.07,0.01,0.01,0.0
2.0,2024-02-13,15:14:18,2.0,18.92,22.54,66.42,11.35,125.83,21.79,71.71,11.71,21.79,71.71,22.34,83.05,14.08,22.32,68.79,11.6,125.83,0.01,0.01,0.0
3.0,2024-02-13,15:14:19,3.0,18.92,22.54,66.42,11.35,126.52,21.79,71.71,11.71,21.79,71.71,22.34,83.05,14.08,22.32,68.79,11.6,126.52,0.01,0.01,0.0
4.0,2024-02-13,15:14:21,4.0,18.93,22.54,66.42,11.35,132.88,21.78,71.75,11.71,21.78,71.75,22.34,83.09,14.08,22.32,68.79,11.6,132.88,0.01,0.01,0.0
5.0,2024-02-13,15:14:22,5.0,18.93,22.54,66.42,11.35,142.32,21.78,71.75,11.71,21.78,71.75,22.34,83.09,14.08,22.32,68.79,11.6,142.32,0.01,0.01,0.0
6.0,2024-02-13,15:14:23,6.0,18.93,22.54,66.42,11.35,160.7,21.78,71.75,11.71,21.78,71.75,22.34,83.09,14.08,22.32,68.79,11.6,160.7,0.01,0.01,0.0
7.0,2024-02-13,15:14:24,7.0,18.92,22.54,66.44,11.35,204.3,21.78,71.79,11.72,21.78,71.79,22.34,83.11,14.09,22.32,68.8,11.6,204.3,0.01,0.02,0.0
8.0,2024-02-13,15:14:25,8.0,18.92,22.54,66.44,11.35,230.97,21.78,71.79,11.72,21.78,71.79,22.34,83.11,14.09,22.32,68.8,11.6,230.97,0.01,0.02,0.0
9.0,2024-02-13,15:14:26,9.0,18.92,22.54,66.44,11.35,286.79,21.78,71.79,11.72,21.78,71.79,22.34,83.11,14.09,22.32,68.8,11.6,286.79,0.01,0.02,0.0
10.0,2024-02-13,15:14:27,10.0,18.88,22.54,66.43,11.35,313.34,21.77,71.87,11.72,21.77,71.87,22.34,83.13,14.09,22.32,68.77,11.6,313.34,0.02,0.03,0.0
11.0,2024-02-13,15:14:28,11.0,18.88,22.54,66.43,11.35,357.59,21.77,71.87,11.72,21.77,71.87,22.34,83.13,14.09,22.32,68.77,11.6,357.59,0.02,0.03,0.0
12.0,2024-02-13,15:14:29,12.0,18.88,22.54,66.43,11.35,376.73,21.77,71.87,11.72,21.77,71.87,22.34,83.13,14.09,22.32,68.77,11.6,376.73,0.02,0.03,0.0
13.0,2024-02-13,15:14:30,13.0,18.83,22.55,66.37,11.34,405.26,21.74,71.99,11.72,21.74,71.99,22.34,83.12,14.09,22.32,68.72,11.59,405.26,0.02,0.03,0.0
14.0,2024-02-13,15:14:31,14.0,18.83,22.55,66.37,11.34,418.26,21.74,71.99,11.72,21.74,71.99,22.34,83.12,14.09,22.32,68.72,11.59,418.26,0.02,0.03,0.0
15.0,2024-02-13,15:14:32,15.0,18.83,22.55,66.37,11.34,438.38,21.74,71.99,11.72,21.74,71.99,22.34,83.12,14.09,22.32,68.72,11.59,438.38,0.02,0.04,0.0
16.0,2024-02-13,15:14:33,16.0,18.76,22.55,66.29,11.33,446.73,21.7,72.19,11.72,21.7,72.19,22.33,83.08,14.08,22.33,68.6,11.57,446.73,0.02,0.04,0.0
17.0,2024-02-13,15:14:34,17.0,18.76,22.55,66.29,11.33,458.82,21.7,72.19,11.72,21.7,72.19,22.33,83.08,14.08,22.33,68.6,11.57,458.82,0.02,0.04,0.0
18.0,2024-02-13,15:14:35,18.0,18.76,22.55,66.29,11.33,464.14,21.7,72.19,11.72,21.7,72.19,22.33,83.08,14.08,22.33,68.6,11.57,464.14,0.02,0.04,0.0
19.0,2024-02-13,15:14:36,19.0,18.7,22.55,66.25,11.33,471.21,21.65,72.44,11.73,21.65,72.44,22.33,83.02,14.06,22.34,68.42,11.55,471.21,0.02,0.04,0.0
20.0,2024-02-13,15:14:37,20.0,18.7,22.55,66.25,11.33,472.44,21.65,72.44,11.73,21.65,72.44,22.33,83.02,14.06,22.34,68.42,11.55,472.44,0.02,0.04,0.0
21.0,2024-02-13,15:14:38,21.0,18.7,22.55,66.25,11.33,475.45,21.65,72.44,11.73,21.65,72.44,22.33,83.02,14.06,22.34,68.42,11.55,475.45,0.02,0.04,0.0
22.0,2024-02-13,15:14:39,22.0,18.65,22.54,66.26,11.32,477.38,21.59,72.72,11.73,21.59,72.72,22.33,82.94,14.04,22.36,68.17,11.53,477.38,0.02,0.04,0.0
23.0,2024-02-13,15:14:40,23.0,18.65,22.54,66.26,11.32,482.67,21.59,72.72,11.73,21.59,72.72,22.33,82.94,14.04,22.36,68.17,11.53,482.67,0.01,0.04,0.0
24.0,2024-02-13,15:14:41,24.0,18.65,22.54,66.26,11.32,484.22,21.59,72.72,11.73,21.59,72.72,22.33,82.94,14.04,22.36,68.17,11.53,484.22,0.01,0.04,0.0
25.0,2024-02-13,15:14:42,25.0,18.63,22.52,66.34,11.32,483.1,21.53,73.03,11.74,21.53,73.03,22.32,82.79,14.02,22.39,67.87,11.49,483.1,0.01,0.04,0.0
26.0,2024-02-13,15:14:43,26.0,18.63,22.52,66.34,11.32,482.66,21.53,73.03,11.74,21.53,73.03,22.32,82.79,14.02,22.39,67.87,11.49,482.66,0.01,0.04,0.0
27.0,2024-02-13,15:14:44,27.0,18.63,22.52,66.34,11.32,482.04,21.53,73.03,11.74,21.53,73.03,22.32,82.79,14.02,22.39,67.87,11.49,482.04,0.01,0.04,0.0
28.0,2024-02-13,15:14:45,28.0,18.61,22.48,66.49,11.32,480.59,21.47,73.31,11.74,21.47,73.31,22.32,82.65,13.99,22.42,67.6,11.46,480.59,0.01,0.04,0.0
29.0,2024-02-13,15:14:46,29.0,18.61,22.48,66.49,11.32,480,21.47,73.31,11.74,21.47,73.31,22.32,82.65,13.99,22.42,67.6,11.46,480,0.01,0.04,0.0
30.0,2024-02-13,15:14:47,30.0,18.61,22.48,66.49,11.32,480.46,21.47,73.31,11.74,21.47,73.31,22.32,82.65,13.99,22.42,67.6,11.46,480.46,0.01,0.04,0.0
31.0,2024-02-13,15:14:48,31.0,18.61,22.44,66.7,11.32,481.67,21.42,73.57,11.75,21.42,73.57,22.32,82.48,13.96,22.44,67.35,11.44,481.67,0.0,0.04,0.0
32.0,2024-02-13,15:14:49,32.0,18.61,22.44,66.7,11.32,482.5,21.42,73.57,11.75,21.42,73.57,22.32,82.48,13.96,22.44,67.35,11.44,482.5,0.0,0.04,0.0
33.0,2024-02-13,15:14:50,33.0,18.61,22.44,66.7,11.32,483.09,21.42,73.57,11.75,21.42,73.57,22.32,82.48,13.96,22.44,67.35,11.44,483.09,0.0,0.04,0.0
34.0,2024-02-13,15:14:51,34.0,18.62,22.39,66.93,11.33,483.45,21.37,73.8,11.75,21.37,73.8,22.31,82.3,13.92,22.46,67.12,11.41,483.45,0.0,0.04,0.0
35.0,2024-02-13,15:14:52,35.0,18.62,22.39,66.93,11.33,483.87,21.37,73.8,11.75,21.37,73.8,22.31,82.3,13.92,22.46,67.12,11.41,483.87,0.0,0.04,0.0
36.0,2024-02-13,15:14:53,36.0,18.62,22.39,66.93,11.33,484.05,21.37,73.8,11.75,21.37,73.8,22.31,82.3,13.92,22.46,67.12,11.41,484.05,0.0,0.04,0.0
37.0,2024-02-13,15:14:54,37.0,18.63,22.33,67.2,11.34,484.37,21.33,74.03,11.75,21.33,74.03,22.31,82.09,13.88,22.48,66.9,11.39,484.37,0.0,0.04,0.0
38.0,2024-02-13,15:14:55,38.0,18.63,22.33,67.2,11.34,485.61,21.33,74.03,11.75,21.33,74.03,22.31,82.09,13.88,22.48,66.9,11.39,485.61,0.0,0.04,0.0
39.0,2024-02-13,15:14:56,39.0,18.63,22.33,67.2,11.34,485.92,21.33,74.03,11.75,21.33,74.03,22.31,82.09,13.88,22.48,66.9,11.39,485.92,0.0,0.04,0.0
40.0,2024-02-13,15:14:57,40.0,18.63,22.27,67.48,11.34,485.61,21.28,74.23,11.75,21.28,74.23,22.31,81.93,13.85,22.5,66.68,11.37,485.61,0.0,0.04,0.0
41.0,2024-02-13,15:14:58,41.0,18.63,22.27,67.48,11.34,484.99,21.28,74.23,11.75,21.28,74.23,22.31,81.93,13.85,22.5,66.68,11.37,484.99,0.0,0.04,0.0
42.0,2024-02-13,15:14:59,42.0,18.63,22.27,67.48,11.34,485.14,21.28,74.23,11.75,21.28,74.23,22.31,81.93,13.85,22.5,66.68,11.37,485.14,0.0,0.04,0.0
43.0,2024-02-13,15:15:00,43.0,18.64,22.22,67.77,11.35,485.27,21.24,74.42,11.75,21.24,74.42,22.31,81.72,13.82,22.52,66.55,11.36,485.27,0.0,0.05,0.0
44.0,2024-02-13,15:15:01,44.0,18.64,22.22,67.77,11.35,485,21.24,74.42,11.75,21.24,74.42,22.31,81.72,13.82,22.52,66.55,11.36,485,0.0,0.05,0.0
45.0,2024-02-13,15:15:02,45.0,18.64,22.22,67.77,11.35,484.35,21.24,74.42,11.75,21.24,74.42,22.31,81.72,13.82,22.52,66.55,11.36,484.35,0.0,0.05,0.0
46.0,2024-02-13,15:15:03,46.0,18.64,22.16,68.02,11.35,485.14,21.21,74.61,11.76,21.21,74.61,22.3,81.56,13.79,22.54,66.39,11.34,485.14,0.0,0.05,0.0
47.0,2024-02-13,15:15:04,47.0,18.64,22.16,68.02,11.35,487.91,21.21,74.61,11.76,21.21,74.61,22.3,81.56,13.79,22.54,66.39,11.34,487.91,0.01,0.05,0.0
48.0,2024-02-13,15:15:05,48.0,18.64,22.16,68.02,11.35,488.21,21.21,74.61,11.76,21.21,74.61,22.3,81.56,13.79,22.54,66.39,11.34,488.21,0.01,0.05,0.0
49.0,2024-02-13,15:15:06,49.0,18.65,22.11,68.26,11.36,483.59,21.17,74.77,11.76,21.17,74.77,22.3,81.39,13.76,22.56,66.28,11.33,483.59,0.01,0.05,0.0
50.0,2024-02-13,15:15:07,50.0,18.65,22.11,68.26,11.36,482.84,21.17,74.77,11.76,21.17,74.77,22.3,81.39,13.76,22.56,66.28,11.33,482.84,0.01,0.05,0.0
51.0,2024-02-13,15:15:08,51.0,18.65,22.11,68.26,11.36,483.86,21.17,74.77,11.76,21.17,74.77,22.3,81.39,13.76,22.56,66.28,11.33,483.86,0.01,0.05,0.0
52.0,2024-02-13,15:15:09,52.0,18.67,22.06,68.47,11.36,486.28,21.14,74.94,11.76,21.14,74.94,22.3,81.25,13.73,22.57,66.14,11.32,486.28,0.01,0.05,0.0
53.0,2024-02-13,15:15:10,53.0,18.67,22.06,68.47,11.36,490.75,21.14,74.94,11.76,21.14,74.94,22.3,81.25,13.73,22.57,66.14,11.32,490.75,0.01,0.05,0.0
54.0,2024-02-13,15:15:11,54.0,18.67,22.06,68.47,11.36,491.6,21.14,74.94,11.76,21.14,74.94,22.3,81.25,13.73,22.57,66.14,11.32,491.6,0.01,0.05,0.0
55.0,2024-02-13,15:15:12,55.0,18.67,22.02,68.66,11.37,492.34,21.12,75.07,11.76,21.12,75.07,22.3,81.14,13.71,22.58,66.04,11.31,492.34,0.01,0.06,0.0
56.0,2024-02-13,15:15:13,56.0,18.67,22.02,68.66,11.37,492.37,21.12,75.07,11.76,21.12,75.07,22.3,81.14,13.71,22.58,66.04,11.31,492.37,0.01,0.06,0.0
57.0,2024-02-13,15:15:14,57.0,18.67,22.02,68.66,11.37,491.92,21.12,75.07,11.76,21.12,75.07,22.3,81.14,13.71,22.58,66.04,11.31,491.92,0.01,0.06,0.0
58.0,2024-02-13,15:15:15,58.0,18.68,21.99,68.82,11.37,490.68,21.09,75.21,11.77,21.09,75.21,22.3,81.01,13.69,22.6,65.95,11.31,490.68,0.01,0.06,0.0
59.0,2024-02-13,15:15:16,59.0,18.68,21.99,68.82,11.37,490.37,21.09,75.21,11.77,21.09,75.21,22.3,81.01,13.69,22.6,65.95,11.31,490.37,0.02,0.06,0.0
60.0,2024-02-13,15:15:17,60.0,18.68,21.99,68.82,11.37,491.6,21.09,75.21,11.77,21.09,75.21,22.3,81.01,13.69,22.6,65.95,11.31,491.6,0.02,0.06,0.0
61.0,2024-02-13,15:15:18,61.0,18.69,21.95,68.97,11.37,492.82,21.06,75.34,11.77,21.06,75.34,22.3,80.9,13.67,22.61,65.86,11.3,492.82,0.02,0.06,0.0
62.0,2024-02-13,15:15:19,62.0,18.69,21.95,68.97,11.37,493.6,21.06,75.34,11.77,21.06,75.34,22.3,80.9,13.67,22.61,65.86,11.3,493.6,0.02,0.06,0.0
63.0,2024-02-13,15:15:20,63.0,18.69,21.95,68.97,11.37,490.5,21.06,75.34,11.77,21.06,75.34,22.3,80.9,13.67,22.61,65.86,11.3,490.5,0.02,0.06,0.0
64.0,2024-02-13,15:15:21,64.0,18.7,21.92,69.09,11.37,488.48,21.04,75.44,11.77,21.04,75.44,22.3,80.82,13.65,22.62,65.79,11.29,488.48,0.02,0.06,0.0
65.0,2024-02-13,15:15:22,65.0,18.7,21.92,69.09,11.37,487.45,21.04,75.44,11.77,21.04,75.44,22.3,80.82,13.65,22.62,65.79,11.29,487.45,0.02,0.07,0.0
66.0,2024-02-13,15:15:23,66.0,18.7,21.92,69.09,11.37,488.36,21.04,75.44,11.77,21.04,75.44,22.3,80.82,13.65,22.62,65.79,11.29,488.36,0.02,0.07,0.0
67.0,2024-02-13,15:15:24,67.0,18.71,21.9,69.19,11.37,489.13,21.02,75.55,11.77,21.02,75.55,22.3,80.75,13.64,22.63,65.72,11.29,489.13,0.02,0.07,0.0
68.0,2024-02-13,15:15:25,68.0,18.71,21.9,69.19,11.37,489.61,21.02,75.55,11.77,21.02,75.55,22.3,80.75,13.64,22.63,65.72,11.29,489.61,0.02,0.07,0.0
69.0,2024-02-13,15:15:26,69.0,18.71,21.9,69.19,11.37,489.81,21.02,75.55,11.77,21.02,75.55,22.3,80.75,13.64,22.63,65.72,11.29,489.81,0.02,0.07,0.0
70.0,2024-02-13,15:15:27,70.0,18.71,21.88,69.29,11.37,490.84,21,75.64,11.77,21,75.64,22.3,80.68,13.63,22.64,65.65,11.28,490.84,0.02,0.07,0.0
71.0,2024-02-13,15:15:28,71.0,18.71,21.88,69.29,11.37,490.36,21,75.64,11.77,21,75.64,22.3,80.68,13.63,22.64,65.65,11.28,490.36,0.02,0.07,0.0
72.0,2024-02-13,15:15:29,72.0,18.71,21.88,69.29,11.37,490.25,21,75.64,11.77,21,75.64,22.3,80.68,13.63,22.64,65.65,11.28,490.25,0.02,0.07,0.0
73.0,2024-02-13,15:15:30,73.0,18.71,21.86,69.34,11.37,490.06,20.98,75.72,11.77,20.98,75.72,22.3,80.61,13.62,22.65,65.6,11.28,490.06,0.02,0.07,0.0
74.0,2024-02-13,15:15:31,74.0,18.71,21.86,69.34,11.37,490.07,20.98,75.72,11.77,20.98,75.72,22.3,80.61,13.62,22.65,65.6,11.28,490.07,0.02,0.07,0.0
75.0,2024-02-13,15:15:32,75.0,18.71,21.86,69.34,11.37,489.76,20.98,75.72,11.77,20.98,75.72,22.3,80.61,13.62,22.65,65.6,11.28,489.76,0.02,0.07,0.0
76.0,2024-02-13,15:15:33,76.0,18.72,21.84,69.41,11.36,489.61,20.96,75.79,11.77,20.96,75.79,22.3,80.54,13.6,22.66,65.54,11.27,489.61,0.02,0.07,0.0
77.0,2024-02-13,15:15:34,77.0,18.72,21.84,69.41,11.36,490.79,20.96,75.79,11.77,20.96,75.79,22.3,80.54,13.6,22.66,65.54,11.27,490.79,0.02,0.08,0.0
78.0,2024-02-13,15:15:35,78.0,18.72,21.84,69.41,11.36,491.11,20.96,75.79,11.77,20.96,75.79,22.3,80.54,13.6,22.66,65.54,11.27,491.11,0.02,0.08,0.0
79.0,2024-02-13,15:15:36,79.0,18.73,21.83,69.46,11.36,491.25,20.95,75.87,11.77,20.95,75.87,22.3,80.45,13.59,22.67,65.47,11.27,491.25,0.02,0.08,0.0
80.0,2024-02-13,15:15:37,80.0,18.73,21.83,69.46,11.36,491.27,20.95,75.87,11.77,20.95,75.87,22.3,80.45,13.59,22.67,65.47,11.27,491.27,0.02,0.08,0.0
81.0,2024-02-13,15:15:38,81.0,18.73,21.83,69.46,11.36,488.37,20.95,75.87,11.77,20.95,75.87,22.3,80.45,13.59,22.67,65.47,11.27,488.37,0.02,0.08,0.0
82.0,2024-02-13,15:15:39,82.0,18.73,21.81,69.5,11.36,485.97,20.93,75.93,11.76,20.93,75.93,22.3,80.37,13.58,22.67,65.43,11.27,485.97,0.02,0.08,0.0
83.0,2024-02-13,15:15:40,83.0,18.73,21.81,69.5,11.36,484.35,20.93,75.93,11.76,20.93,75.93,22.3,80.37,13.58,22.67,65.43,11.27,484.35,0.02,0.08,0.0
84.0,2024-02-13,15:15:41,84.0,18.73,21.81,69.5,11.36,484.03,20.93,75.93,11.76,20.93,75.93,22.3,80.37,13.58,22.67,65.43,11.27,484.03,0.02,0.08,0.0
85.0,2024-02-13,15:15:42,85.0,18.76,21.8,69.53,11.36,485.46,20.91,76.01,11.76,20.91,76.01,22.3,80.33,13.57,22.68,65.39,11.27,485.46,0.02,0.08,0.0
86.0,2024-02-13,15:15:43,86.0,18.76,21.8,69.53,11.36,488.21,20.91,76.01,11.76,20.91,76.01,22.3,80.33,13.57,22.68,65.39,11.27,488.21,0.02,0.09,0.0
87.0,2024-02-13,15:15:44,87.0,18.76,21.8,69.53,11.36,489.51,20.91,76.01,11.76,20.91,76.01,22.3,80.33,13.57,22.68,65.39,11.27,489.51,0.02,0.09,0.0
88.0,2024-02-13,15:15:45,88.0,18.77,21.79,69.57,11.35,489.62,20.9,76.05,11.76,20.9,76.05,22.3,80.24,13.56,22.69,65.37,11.26,489.62,0.02,0.09,0.0
89.0,2024-02-13,15:15:46,89.0,18.77,21.79,69.57,11.35,487.29,20.9,76.05,11.76,20.9,76.05,22.3,80.24,13.56,22.69,65.37,11.26,487.29,0.02,0.09,0.0
90.0,2024-02-13,15:15:47,90.0,18.77,21.79,69.57,11.35,486.69,20.9,76.05,11.76,20.9,76.05,22.3,80.24,13.56,22.69,65.37,11.26,486.69,0.02,0.09,0.0
91.0,2024-02-13,15:15:48,91.0,18.8,21.78,69.62,11.36,486.71,20.89,76.1,11.76,20.89,76.1,22.3,80.2,13.55,22.69,65.34,11.26,486.71,0.02,0.09,0.0
92.0,2024-02-13,15:15:49,92.0,18.8,21.78,69.62,11.36,487.1,20.89,76.1,11.76,20.89,76.1,22.3,80.2,13.55,22.69,65.34,11.26,487.1,0.02,0.09,0.0
93.0,2024-02-13,15:15:50,93.0,18.8,21.78,69.62,11.36,483.96,20.89,76.1,11.76,20.89,76.1,22.3,80.2,13.55,22.69,65.34,11.26,483.96,0.02,0.09,0.0
94.0,2024-02-13,15:15:51,94.0,18.82,21.78,69.64,11.36,481.27,20.88,76.13,11.76,20.88,76.13,22.31,80.14,13.54,22.7,65.29,11.26,481.27,0.02,0.09,0.0
95.0,2024-02-13,15:15:52,95.0,18.82,21.78,69.64,11.36,481.98,20.88,76.13,11.76,20.88,76.13,22.31,80.14,13.54,22.7,65.29,11.26,481.98,0.02,0.1,0.0
96.0,2024-02-13,15:15:53,96.0,18.82,21.78,69.64,11.36,484.65,20.88,76.13,11.76,20.88,76.13,22.31,80.14,13.54,22.7,65.29,11.26,484.65,0.02,0.1,0.0
97.0,2024-02-13,15:15:54,97.0,18.83,21.77,69.68,11.36,485.41,20.87,76.19,11.76,20.87,76.19,22.31,80.09,13.54,22.71,65.26,11.26,485.41,0.02,0.1,0.0
98.0,2024-02-13,15:15:55,98.0,18.83,21.77,69.68,11.36,485.13,20.87,76.19,11.76,20.87,76.19,22.31,80.09,13.54,22.71,65.26,11.26,485.13,0.02,0.1,0.0
99.0,2024-02-13,15:15:56,99.0,18.83,21.77,69.68,11.36,484.48,20.87,76.19,11.76,20.87,76.19,22.31,80.09,13.54,22.71,65.26,11.26,484.48,0.02,0.1,0.0
100.0,2024-02-13,15:15:57,100.0,18.85,21.76,69.68,11.35,483.72,20.86,76.21,11.76,20.86,76.21,22.3,80.06,13.53,22.71,65.22,11.26,483.72,0.02,0.1,0.0
101.0,2024-02-13,15:15:58,101.0,18.85,21.76,69.68,11.35,485.17,20.86,76.21,11.76,20.86,76.21,22.3,80.06,13.53,22.71,65.22,11.26,485.17,0.02,0.1,0.0
102.0,2024-02-13,15:15:59,102.0,18.85,21.76,69.68,11.35,490.24,20.86,76.21,11.76,20.86,76.21,22.3,80.06,13.53,22.71,65.22,11.26,490.24,0.02,0.1,0.0
103.0,2024-02-13,15:16:00,103.0,18.87,21.76,69.69,11.35,491.46,20.85,76.25,11.76,20.85,76.25,22.31,80,13.52,22.72,65.19,11.25,491.46,0.02,0.1,0.0
104.0,2024-02-13,15:16:01,104.0,18.87,21.76,69.69,11.35,492.96,20.85,76.25,11.76,20.85,76.25,22.31,80,13.52,22.72,65.19,11.25,492.96,0.02,0.1,0.0
105.0,2024-02-13,15:16:02,105.0,18.87,21.76,69.69,11.35,492.38,20.85,76.25,11.76,20.85,76.25,22.31,80,13.52,22.72,65.19,11.25,492.38,0.02,0.1,0.0
106.0,2024-02-13,15:16:03,106.0,18.89,21.75,69.73,11.35,492.24,20.84,76.28,11.75,20.84,76.28,22.31,79.93,13.51,22.72,65.16,11.25,492.24,0.02,0.1,0.0
107.0,2024-02-13,15:16:04,107.0,18.89,21.75,69.73,11.35,490.35,20.84,76.28,11.75,20.84,76.28,22.31,79.93,13.51,22.72,65.16,11.25,490.35,0.01,0.1,0.0
108.0,2024-02-13,15:16:05,108.0,18.89,21.75,69.73,11.35,489.3,20.84,76.28,11.75,20.84,76.28,22.31,79.93,13.51,22.72,65.16,11.25,489.3,0.01,0.1,0.0
109.0,2024-02-13,15:16:06,109.0,18.9,21.75,69.72,11.35,488.1,20.84,76.27,11.75,20.84,76.27,22.31,79.84,13.5,22.72,65.11,11.25,488.1,0.01,0.11,0.0
110.0,2024-02-13,15:16:07,110.0,18.9,21.75,69.72,11.35,489.03,20.84,76.27,11.75,20.84,76.27,22.31,79.84,13.5,22.72,65.11,11.25,489.03,0.01,0.11,0.0
111.0,2024-02-13,15:16:08,111.0,18.9,21.75,69.72,11.35,490.51,20.84,76.27,11.75,20.84,76.27,22.31,79.84,13.5,22.72,65.11,11.25,490.51,0.01,0.11,0.0
112.0,2024-02-13,15:16:09,112.0,18.92,21.75,69.7,11.35,490.79,20.83,76.28,11.75,20.83,76.28,22.31,79.77,13.49,22.73,65.06,11.24,490.79,0.01,0.11,0.0
113.0,2024-02-13,15:16:10,113.0,18.92,21.75,69.7,11.35,491,20.83,76.28,11.75,20.83,76.28,22.31,79.77,13.49,22.73,65.06,11.24,491,0.01,0.11,0.0
114.0,2024-02-13,15:16:11,114.0,18.92,21.75,69.7,11.35,491.24,20.83,76.28,11.75,20.83,76.28,22.31,79.77,13.49,22.73,65.06,11.24,491.24,0.01,0.11,0.0
115.0,2024-02-13,15:16:12,115.0,18.93,21.74,69.68,11.34,492.05,20.82,76.29,11.74,20.82,76.29,22.31,79.72,13.48,22.73,65.02,11.23,492.05,0.01,0.11,0.0
116.0,2024-02-13,15:16:13,116.0,18.93,21.74,69.68,11.34,492.83,20.82,76.29,11.74,20.82,76.29,22.31,79.72,13.48,22.73,65.02,11.23,492.83,0.01,0.11,0.0
117.0,2024-02-13,15:16:14,117.0,18.93,21.74,69.68,11.34,492.67,20.82,76.29,11.74,20.82,76.29,22.31,79.72,13.48,22.73,65.02,11.23,492.67,0.01,0.11,0.0
118.0,2024-02-13,15:16:15,118.0,18.95,21.74,69.66,11.34,489.92,20.83,76.24,11.74,20.83,76.24,22.32,79.65,13.47,22.74,65,11.24,489.92,0.01,0.11,0.0
119.0,2024-02-13,15:16:16,119.0,18.95,21.74,69.66,11.34,488.38,20.83,76.24,11.74,20.83,76.24,22.32,79.65,13.47,22.74,65,11.24,488.38,0.01,0.11,0.0
120.0,2024-02-13,15:16:17,120.0,18.95,21.74,69.66,11.34,483.69,20.83,76.24,11.74,20.83,76.24,22.32,79.65,13.47,22.74,65,11.24,483.69,0.01,0.11,0.0
121.0,2024-02-13,15:16:18,121.0,18.98,21.74,69.64,11.33,482.49,20.83,76.24,11.74,20.83,76.24,22.32,79.61,13.46,22.74,64.98,11.24,482.49,0.01,0.11,0.0
122.0,2024-02-13,15:16:19,122.0,18.98,21.74,69.64,11.33,481.56,20.83,76.24,11.74,20.83,76.24,22.32,79.61,13.46,22.74,64.98,11.24,481.56,0.01,0.11,0.0
123.0,2024-02-13,15:16:20,123.0,18.98,21.74,69.64,11.33,481.92,20.83,76.24,11.74,20.83,76.24,22.32,79.61,13.46,22.74,64.98,11.24,481.92,0.01,0.11,0.0
124.0,2024-02-13,15:16:21,124.0,19,21.74,69.6,11.33,485.91,20.83,76.24,11.74,20.83,76.24,22.32,79.55,13.45,22.75,65.01,11.24,485.91,0.01,0.11,0.0
125.0,2024-02-13,15:16:22,125.0,19,21.74,69.6,11.33,487.73,20.83,76.24,11.74,20.83,76.24,22.32,79.55,13.45,22.75,65.01,11.24,487.73,0.02,0.11,0.0
126.0,2024-02-13,15:16:23,126.0,19,21.74,69.6,11.33,490.73,20.83,76.24,11.74,20.83,76.24,22.32,79.55,13.45,22.75,65.01,11.24,490.73,0.02,0.12,0.0
127.0,2024-02-13,15:16:24,127.0,19.02,21.74,69.62,11.33,491.15,20.82,76.23,11.73,20.82,76.23,22.32,79.5,13.45,22.75,65.03,11.25,491.15,0.02,0.12,0.0
128.0,2024-02-13,15:16:25,128.0,19.02,21.74,69.62,11.33,490.21,20.82,76.23,11.73,20.82,76.23,22.32,79.5,13.45,22.75,65.03,11.25,490.21,0.01,0.12,0.0
129.0,2024-02-13,15:16:26,129.0,19.02,21.74,69.62,11.33,489.93,20.82,76.23,11.73,20.82,76.23,22.32,79.5,13.45,22.75,65.03,11.25,489.93,0.01,0.12,0.0
130.0,2024-02-13,15:16:27,130.0,19.05,21.75,69.62,11.33,489.12,20.82,76.24,11.73,20.82,76.24,22.32,79.47,13.44,22.75,65.02,11.25,489.12,0.01,0.12,0.0
131.0,2024-02-13,15:16:28,131.0,19.05,21.75,69.62,11.33,488.39,20.82,76.24,11.73,20.82,76.24,22.32,79.47,13.44,22.75,65.02,11.25,488.39,0.01,0.12,0.0
132.0,2024-02-13,15:16:29,132.0,19.05,21.75,69.62,11.33,487.92,20.82,76.24,11.73,20.82,76.24,22.32,79.47,13.44,22.75,65.02,11.25,487.92,0.01,0.12,0.0
133.0,2024-02-13,15:16:30,133.0,19.08,21.75,69.61,11.33,488.09,20.82,76.24,11.73,20.82,76.24,22.32,79.47,13.44,22.76,65.04,11.26,488.09,0.01,0.12,0.0
134.0,2024-02-13,15:16:31,134.0,19.08,21.75,69.61,11.33,488.39,20.82,76.24,11.73,20.82,76.24,22.32,79.47,13.44,22.76,65.04,11.26,488.39,0.01,0.12,0.0
135.0,2024-02-13,15:16:32,135.0,19.08,21.75,69.61,11.33,488.4,20.82,76.24,11.73,20.82,76.24,22.32,79.47,13.44,22.76,65.04,11.26,488.4,0.01,0.12,0.0
136.0,2024-02-13,15:16:33,136.0,19.11,21.75,69.63,11.34,488.37,20.82,76.22,11.73,20.82,76.22,22.32,79.45,13.44,22.76,65.04,11.26,488.37,0.01,0.12,0.0
137.0,2024-02-13,15:16:34,137.0,19.11,21.75,69.63,11.34,487.14,20.82,76.22,11.73,20.82,76.22,22.32,79.45,13.44,22.76,65.04,11.26,487.14,0.01,0.13,0.0
138.0,2024-02-13,15:16:35,138.0,19.11,21.75,69.63,11.34,483.48,20.82,76.22,11.73,20.82,76.22,22.32,79.45,13.44,22.76,65.04,11.26,483.48,0.01,0.13,0.0
139.0,2024-02-13,15:16:36,139.0,19.13,21.75,69.65,11.34,484.01,20.83,76.21,11.73,20.83,76.21,22.32,79.47,13.44,22.77,65.03,11.26,484.01,0.01,0.13,0.0
140.0,2024-02-13,15:16:37,140.0,19.13,21.75,69.65,11.34,488.19,20.83,76.21,11.73,20.83,76.21,22.32,79.47,13.44,22.77,65.03,11.26,488.19,0.01,0.13,0.0
141.0,2024-02-13,15:16:38,141.0,19.13,21.75,69.65,11.34,489.32,20.83,76.21,11.73,20.83,76.21,22.32,79.47,13.44,22.77,65.03,11.26,489.32,0.01,0.13,0.0
142.0,2024-02-13,15:16:39,142.0,19.14,21.75,69.63,11.34,490.25,20.83,76.2,11.73,20.83,76.2,22.32,79.47,13.44,22.77,65.02,11.26,490.25,0.01,0.13,0.0
143.0,2024-02-13,15:16:40,143.0,19.14,21.75,69.63,11.34,490.19,20.83,76.2,11.73,20.83,76.2,22.32,79.47,13.44,22.77,65.02,11.26,490.19,0.01,0.13,0.0
144.0,2024-02-13,15:16:41,144.0,19.14,21.75,69.63,11.34,487.32,20.83,76.2,11.73,20.83,76.2,22.32,79.47,13.44,22.77,65.02,11.26,487.32,0.01,0.13,0.0
145.0,2024-02-13,15:16:42,145.0,19.15,21.75,69.63,11.34,486.53,20.82,76.2,11.73,20.82,76.2,22.31,79.48,13.44,22.77,65,11.26,486.53,0.01,0.13,0.0
146.0,2024-02-13,15:16:43,146.0,19.15,21.75,69.63,11.34,485.12,20.82,76.2,11.73,20.82,76.2,22.31,79.48,13.44,22.77,65,11.26,485.12,0.01,0.13,0.0
147.0,2024-02-13,15:16:44,147.0,19.15,21.75,69.63,11.34,483.15,20.82,76.2,11.73,20.82,76.2,22.31,79.48,13.44,22.77,65,11.26,483.15,0.01,0.13,0.0
148.0,2024-02-13,15:16:45,148.0,19.15,21.76,69.65,11.34,480.76,20.83,76.17,11.72,20.83,76.17,22.31,79.49,13.44,22.78,64.99,11.26,480.76,0.01,0.13,0.0
149.0,2024-02-13,15:16:46,149.0,19.15,21.76,69.65,11.34,478.59,20.83,76.17,11.72,20.83,76.17,22.31,79.49,13.44,22.78,64.99,11.26,478.59,0.0,0.13,0.0
150.0,2024-02-13,15:16:47,150.0,19.15,21.76,69.65,11.34,476.87,20.83,76.17,11.72,20.83,76.17,22.31,79.49,13.44,22.78,64.99,11.26,476.87,0.0,0.13,0.0
151.0,2024-02-13,15:16:48,151.0,19.15,21.76,69.61,11.34,476.39,20.83,76.15,11.72,20.83,76.15,22.31,79.46,13.43,22.78,65,11.27,476.39,0.0,0.13,0.0
152.0,2024-02-13,15:16:49,152.0,19.15,21.76,69.61,11.34,477.38,20.83,76.15,11.72,20.83,76.15,22.31,79.46,13.43,22.78,65,11.27,477.38,0.0,0.13,0.0
153.0,2024-02-13,15:16:50,153.0,19.15,21.76,69.61,11.34,478.91,20.83,76.15,11.72,20.83,76.15,22.31,79.46,13.43,22.78,65,11.27,478.91,0.0,0.13,0.0
154.0,2024-02-13,15:16:51,154.0,19.15,21.76,69.61,11.34,482.22,20.83,76.17,11.73,20.83,76.17,22.31,79.47,13.43,22.79,64.97,11.27,482.22,0.0,0.13,0.0
155.0,2024-02-13,15:16:52,155.0,19.15,21.76,69.61,11.34,480.02,20.83,76.17,11.73,20.83,76.17,22.31,79.47,13.43,22.79,64.97,11.27,480.02,0.01,0.13,0.0
156.0,2024-02-13,15:16:53,156.0,19.15,21.76,69.61,11.34,475.3,20.83,76.17,11.73,20.83,76.17,22.31,79.47,13.43,22.79,64.97,11.27,475.3,0.01,0.13,0.0
157.0,2024-02-13,15:16:54,157.0,19.15,21.76,69.61,11.34,476.91,20.82,76.18,11.73,20.82,76.18,22.31,79.45,13.42,22.79,64.99,11.27,476.91,0.01,0.13,0.0
158.0,2024-02-13,15:16:55,158.0,19.15,21.76,69.61,11.34,480.72,20.82,76.18,11.73,20.82,76.18,22.31,79.45,13.42,22.79,64.99,11.27,480.72,0.01,0.14,0.0
159.0,2024-02-13,15:16:56,159.0,19.15,21.76,69.61,11.34,483.59,20.82,76.18,11.73,20.82,76.18,22.31,79.45,13.42,22.79,64.99,11.27,483.59,0.01,0.14,0.0
160.0,2024-02-13,15:16:57,160.0,19.14,21.76,69.61,11.34,488.24,20.83,76.16,11.72,20.83,76.16,22.31,79.43,13.42,22.79,64.98,11.27,488.24,0.01,0.14,0.0
161.0,2024-02-13,15:16:58,161.0,19.14,21.76,69.61,11.34,488.63,20.83,76.16,11.72,20.83,76.16,22.31,79.43,13.42,22.79,64.98,11.27,488.63,0.0,0.14,0.0
162.0,2024-02-13,15:16:59,162.0,19.14,21.76,69.61,11.34,488.99,20.83,76.16,11.72,20.83,76.16,22.31,79.43,13.42,22.79,64.98,11.27,488.99,0.0,0.14,0.0
163.0,2024-02-13,15:17:00,163.0,19.14,21.76,69.59,11.34,488.96,20.82,76.19,11.73,20.82,76.19,22.31,79.42,13.42,22.8,64.99,11.28,488.96,0.0,0.14,0.0
164.0,2024-02-13,15:17:01,164.0,19.14,21.76,69.59,11.34,490.08,20.82,76.19,11.73,20.82,76.19,22.31,79.42,13.42,22.8,64.99,11.28,490.08,0.01,0.14,0.0
165.0,2024-02-13,15:17:02,165.0,19.14,21.76,69.59,11.34,491.77,20.82,76.19,11.73,20.82,76.19,22.31,79.42,13.42,22.8,64.99,11.28,491.77,0.01,0.14,0.0
166.0,2024-02-13,15:17:03,166.0,19.13,21.76,69.58,11.33,493.9,20.82,76.18,11.72,20.82,76.18,22.3,79.44,13.42,22.8,65,11.28,493.9,0.01,0.14,0.0
167.0,2024-02-13,15:17:04,167.0,19.13,21.76,69.58,11.33,494.2,20.82,76.18,11.72,20.82,76.18,22.3,79.44,13.42,22.8,65,11.28,494.2,0.01,0.15,0.0
168.0,2024-02-13,15:17:05,168.0,19.13,21.76,69.58,11.33,492.71,20.82,76.18,11.72,20.82,76.18,22.3,79.44,13.42,22.8,65,11.28,492.71,0.01,0.14,0.0
169.0,2024-02-13,15:17:06,169.0,19.13,21.76,69.61,11.34,492.35,20.83,76.16,11.72,20.83,76.16,22.3,79.42,13.42,22.8,64.97,11.28,492.35,0.01,0.14,0.0
170.0,2024-02-13,15:17:07,170.0,19.13,21.76,69.61,11.34,492.19,20.83,76.16,11.72,20.83,76.16,22.3,79.42,13.42,22.8,64.97,11.28,492.19,0.01,0.14,0.0
171.0,2024-02-13,15:17:08,171.0,19.13,21.76,69.61,11.34,491.29,20.83,76.16,11.72,20.83,76.16,22.3,79.42,13.42,22.8,64.97,11.28,491.29,0.01,0.14,0.0
172.0,2024-02-13,15:17:09,172.0,19.13,21.76,69.61,11.34,487.3,20.82,76.17,11.72,20.82,76.17,22.3,79.4,13.41,22.81,64.98,11.28,487.3,0.01,0.14,0.0
173.0,2024-02-13,15:17:10,173.0,19.13,21.76,69.61,11.34,486.39,20.82,76.17,11.72,20.82,76.17,22.3,79.4,13.41,22.81,64.98,11.28,486.39,0.01,0.15,0.0
174.0,2024-02-13,15:17:11,174.0,19.13,21.76,69.61,11.34,485.3,20.82,76.17,11.72,20.82,76.17,22.3,79.4,13.41,22.81,64.98,11.28,485.3,0.01,0.15,0.0
175.0,2024-02-13,15:17:12,175.0,19.14,21.75,69.62,11.34,484.68,20.82,76.18,11.72,20.82,76.18,22.31,79.36,13.41,22.81,65,11.29,484.68,0.01,0.15,0.0
176.0,2024-02-13,15:17:13,176.0,19.14,21.75,69.62,11.34,482.84,20.82,76.18,11.72,20.82,76.18,22.31,79.36,13.41,22.81,65,11.29,482.84,0.01,0.15,0.0
177.0,2024-02-13,15:17:14,177.0,19.14,21.75,69.62,11.34,482.83,20.82,76.18,11.72,20.82,76.18,22.31,79.36,13.41,22.81,65,11.29,482.83,0.01,0.15,0.0
178.0,2024-02-13,15:17:15,178.0,19.16,21.74,69.62,11.33,485.74,20.81,76.21,11.72,20.81,76.21,22.3,79.32,13.4,22.8,64.97,11.28,485.74,0.01,0.15,0.0
179.0,2024-02-13,15:17:16,179.0,19.16,21.74,69.62,11.33,486.71,20.81,76.21,11.72,20.81,76.21,22.3,79.32,13.4,22.8,64.97,11.28,486.71,0.01,0.15,0.0
180.0,2024-02-13,15:17:17,180.0,19.16,21.74,69.62,11.33,487.28,20.81,76.21,11.72,20.81,76.21,22.3,79.32,13.4,22.8,64.97,11.28,487.28,0.01,0.15,0.0
181.0,2024-02-13,15:17:18,181.0,19.19,21.74,69.66,11.33,487.42,20.81,76.21,11.72,20.81,76.21,22.31,79.31,13.4,22.81,64.97,11.28,487.42,0.01,0.15,0.0
182.0,2024-02-13,15:17:19,182.0,19.19,21.74,69.66,11.33,485.58,20.81,76.21,11.72,20.81,76.21,22.31,79.31,13.4,22.81,64.97,11.28,485.58,0.01,0.15,0.0
183.0,2024-02-13,15:17:20,183.0,19.19,21.74,69.66,11.33,485.87,20.81,76.21,11.72,20.81,76.21,22.31,79.31,13.4,22.81,64.97,11.28,485.87,0.01,0.15,0.0
184.0,2024-02-13,15:17:21,184.0,19.22,21.74,69.68,11.34,486.67,20.81,76.22,11.72,20.81,76.22,22.31,79.25,13.4,22.81,64.95,11.28,486.67,0.01,0.15,0.0
185.0,2024-02-13,15:17:22,185.0,19.22,21.74,69.68,11.34,487.15,20.81,76.22,11.72,20.81,76.22,22.31,79.25,13.4,22.81,64.95,11.28,487.15,0.01,0.15,0.0
186.0,2024-02-13,15:17:23,186.0,19.22,21.74,69.68,11.34,487.2,20.81,76.22,11.72,20.81,76.22,22.31,79.25,13.4,22.81,64.95,11.28,487.2,0.01,0.15,0.0
187.0,2024-02-13,15:17:24,187.0,19.25,21.74,69.66,11.33,487.02,20.82,76.2,11.72,20.82,76.2,22.32,79.21,13.4,22.82,64.88,11.27,487.02,0.01,0.15,0.0
188.0,2024-02-13,15:17:25,188.0,19.25,21.74,69.66,11.33,487.27,20.82,76.2,11.72,20.82,76.2,22.32,79.21,13.4,22.82,64.88,11.27,487.27,0.01,0.15,0.0
189.0,2024-02-13,15:17:26,189.0,19.25,21.74,69.66,11.33,487.46,20.82,76.2,11.72,20.82,76.2,22.32,79.21,13.4,22.82,64.88,11.27,487.46,0.01,0.15,0.0
190.0,2024-02-13,15:17:27,190.0,19.26,21.74,69.68,11.34,487.17,20.82,76.19,11.72,20.82,76.19,22.32,79.19,13.4,22.82,64.92,11.28,487.17,0.01,0.15,0.0
191.0,2024-02-13,15:17:28,191.0,19.26,21.74,69.68,11.34,485.47,20.82,76.19,11.72,20.82,76.19,22.32,79.19,13.4,22.82,64.92,11.28,485.47,0.01,0.15,0.0
192.0,2024-02-13,15:17:29,192.0,19.26,21.74,69.68,11.34,483.6,20.82,76.19,11.72,20.82,76.19,22.32,79.19,13.4,22.82,64.92,11.28,483.6,0.01,0.15,0.0
193.0,2024-02-13,15:17:30,193.0,19.28,21.74,69.67,11.33,483.1,20.82,76.18,11.72,20.82,76.18,22.33,79.16,13.39,22.83,64.91,11.28,483.1,0.01,0.15,0.0
194.0,2024-02-13,15:17:31,194.0,19.28,21.74,69.67,11.33,482.44,20.82,76.18,11.72,20.82,76.18,22.33,79.16,13.39,22.83,64.91,11.28,482.44,0.01,0.15,0.0
195.0,2024-02-13,15:17:32,195.0,19.28,21.74,69.67,11.33,482.2,20.82,76.18,11.72,20.82,76.18,22.33,79.16,13.39,22.83,64.91,11.28,482.2,0.01,0.15,0.0
196.0,2024-02-13,15:17:33,196.0,19.32,21.74,69.69,11.34,485,20.82,76.13,11.72,20.82,76.13,22.33,79.14,13.39,22.83,64.91,11.28,485,0.01,0.15,0.0
197.0,2024-02-13,15:17:34,197.0,19.32,21.74,69.69,11.34,486.19,20.82,76.13,11.72,20.82,76.13,22.33,79.14,13.39,22.83,64.91,11.28,486.19,0.0,0.15,0.0
198.0,2024-02-13,15:17:35,198.0,19.32,21.74,69.69,11.34,489.57,20.82,76.13,11.72,20.82,76.13,22.33,79.14,13.39,22.83,64.91,11.28,489.57,0.0,0.15,0.0
199.0,2024-02-13,15:17:36,199.0,19.35,21.74,69.69,11.34,489.6,20.83,76.11,11.71,20.83,76.11,22.33,79.13,13.39,22.83,64.91,11.28,489.6,0.0,0.15,0.0
200.0,2024-02-13,15:17:37,200.0,19.35,21.74,69.69,11.34,490.55,20.83,76.11,11.71,20.83,76.11,22.33,79.13,13.39,22.83,64.91,11.28,490.55,0.01,0.16,0.0
201.0,2024-02-13,15:17:38,201.0,19.35,21.74,69.69,11.34,491.28,20.83,76.11,11.71,20.83,76.11,22.33,79.13,13.39,22.83,64.91,11.28,491.28,0.01,0.16,0.0
202.0,2024-02-13,15:17:39,202.0,19.36,21.74,69.7,11.34,492.48,20.83,76.08,11.71,20.83,76.08,22.33,79.16,13.39,22.83,64.92,11.29,492.48,0.0,0.16,0.0
203.0,2024-02-13,15:17:40,203.0,19.36,21.74,69.7,11.34,492.81,20.83,76.08,11.71,20.83,76.08,22.33,79.16,13.39,22.83,64.92,11.29,492.81,0.0,0.16,0.0
204.0,2024-02-13,15:17:41,204.0,19.36,21.74,69.7,11.34,493.14,20.83,76.08,11.71,20.83,76.08,22.33,79.16,13.39,22.83,64.92,11.29,493.14,0.0,0.16,0.0
205.0,2024-02-13,15:17:42,205.0,19.36,21.74,69.7,11.34,493.14,20.83,76.09,11.72,20.83,76.09,22.32,79.18,13.39,22.84,64.95,11.3,493.14,0.0,0.16,0.0
206.0,2024-02-13,15:17:43,206.0,19.36,21.74,69.7,11.34,490.84,20.83,76.09,11.72,20.83,76.09,22.32,79.18,13.39,22.84,64.95,11.3,490.84,0.0,0.16,0.0
207.0,2024-02-13,15:17:44,207.0,19.36,21.74,69.7,11.34,490.22,20.83,76.09,11.72,20.83,76.09,22.32,79.18,13.39,22.84,64.95,11.3,490.22,0.0,0.16,0.0
208.0,2024-02-13,15:17:45,208.0,19.35,21.74,69.71,11.34,491.47,20.83,76.06,11.71,20.83,76.06,22.32,79.18,13.39,22.84,64.94,11.29,491.47,0.0,0.16,0.0
209.0,2024-02-13,15:17:46,209.0,19.35,21.74,69.71,11.34,491.45,20.83,76.06,11.71,20.83,76.06,22.32,79.18,13.39,22.84,64.94,11.29,491.45,0.0,0.16,0.0
210.0,2024-02-13,15:17:47,210.0,19.35,21.74,69.71,11.34,490,20.83,76.06,11.71,20.83,76.06,22.32,79.18,13.39,22.84,64.94,11.29,490,0.0,0.16,0.0
211.0,2024-02-13,15:17:48,211.0,19.35,21.75,69.7,11.35,489.62,20.84,76.08,11.72,20.84,76.08,22.32,79.15,13.39,22.84,64.7,11.26,489.62,0.0,0.16,0.0
212.0,2024-02-13,15:17:49,212.0,19.35,21.75,69.7,11.35,489.64,20.84,76.08,11.72,20.84,76.08,22.32,79.15,13.39,22.84,64.7,11.26,489.64,0.0,0.14,0.0
213.0,2024-02-13,15:17:50,213.0,19.35,21.75,69.7,11.35,488.66,20.84,76.08,11.72,20.84,76.08,22.32,79.15,13.39,22.84,64.7,11.26,488.66,0.0,0.14,0.0
214.0,2024-02-13,15:17:51,214.0,19.36,21.76,69.69,11.35,485.89,20.85,76.05,11.72,20.85,76.05,22.33,79.13,13.39,22.85,64.9,11.3,485.89,0.0,0.16,0.0
215.0,2024-02-13,15:17:52,215.0,19.36,21.76,69.69,11.35,486.04,20.85,76.05,11.72,20.85,76.05,22.33,79.13,13.39,22.85,64.9,11.3,486.04,0.0,0.16,0.0
216.0,2024-02-13,15:17:53,216.0,19.36,21.76,69.69,11.35,485.81,20.85,76.05,11.72,20.85,76.05,22.33,79.13,13.39,22.85,64.9,11.3,485.81,0.0,0.16,0.0
217.0,2024-02-13,15:17:54,217.0,19.35,21.76,69.66,11.35,484.69,20.85,76.03,11.72,20.85,76.03,22.33,79.13,13.39,22.85,64.96,11.3,484.69,0.0,0.16,0.0
218.0,2024-02-13,15:17:55,218.0,19.35,21.76,69.66,11.35,484.52,20.85,76.03,11.72,20.85,76.03,22.33,79.13,13.39,22.85,64.96,11.3,484.52,0.0,0.16,0.0
219.0,2024-02-13,15:17:56,219.0,19.35,21.76,69.66,11.35,483.92,20.85,76.03,11.72,20.85,76.03,22.33,79.13,13.39,22.85,64.96,11.3,483.92,0.0,0.16,0.0
220.0,2024-02-13,15:17:57,220.0,19.35,21.76,69.66,11.35,483.71,20.85,76.03,11.72,20.85,76.03,22.33,79.13,13.39,22.85,64.97,11.31,483.71,0.0,0.16,0.0
221.0,2024-02-13,15:17:58,221.0,19.35,21.76,69.66,11.35,484.06,20.85,76.03,11.72,20.85,76.03,22.33,79.13,13.39,22.85,64.97,11.31,484.06,0.0,0.16,0.0
222.0,2024-02-13,15:17:59,222.0,19.35,21.76,69.66,11.35,484.39,20.85,76.03,11.72,20.85,76.03,22.33,79.13,13.39,22.85,64.97,11.31,484.39,0.0,0.16,0.0
223.0,2024-02-13,15:18:00,223.0,19.34,21.77,69.67,11.36,483.77,20.85,76.05,11.73,20.85,76.05,22.34,79.12,13.39,22.86,64.96,11.31,483.77,0.0,0.16,0.0
224.0,2024-02-13,15:18:01,224.0,19.34,21.77,69.67,11.36,481.87,20.85,76.05,11.73,20.85,76.05,22.34,79.12,13.39,22.86,64.96,11.31,481.87,0.0,0.16,0.0
225.0,2024-02-13,15:18:02,225.0,19.34,21.77,69.67,11.36,478.27,20.85,76.05,11.73,20.85,76.05,22.34,79.12,13.39,22.86,64.96,11.31,478.27,0.0,0.16,0.0
226.0,2024-02-13,15:18:03,226.0,19.33,21.77,69.67,11.36,478.62,20.86,76.06,11.73,20.86,76.06,22.34,79.11,13.39,22.86,64.94,11.31,478.62,0.0,0.16,0.0
227.0,2024-02-13,15:18:04,227.0,19.33,21.77,69.67,11.36,479.39,20.86,76.06,11.73,20.86,76.06,22.34,79.11,13.39,22.86,64.94,11.31,479.39,0.0,0.16,0.0
228.0,2024-02-13,15:18:05,228.0,19.33,21.77,69.67,11.36,480.78,20.86,76.06,11.73,20.86,76.06,22.34,79.11,13.39,22.86,64.94,11.31,480.78,0.0,0.16,0.0
229.0,2024-02-13,15:18:06,229.0,19.32,21.77,69.66,11.36,482.94,20.86,76.08,11.73,20.86,76.08,22.33,79.13,13.39,22.86,65.02,11.33,482.94,0.0,0.16,0.0
230.0,2024-02-13,15:18:07,230.0,19.32,21.77,69.66,11.36,483.75,20.86,76.08,11.73,20.86,76.08,22.33,79.13,13.39,22.86,65.02,11.33,483.75,0.0,0.16,0.0
231.0,2024-02-13,15:18:08,231.0,19.32,21.77,69.66,11.36,486.06,20.86,76.08,11.73,20.86,76.08,22.33,79.13,13.39,22.86,65.02,11.33,486.06,0.0,0.16,0.0
232.0,2024-02-13,15:18:09,232.0,19.31,21.78,69.65,11.36,486.81,20.86,76.08,11.73,20.86,76.08,22.33,79.15,13.39,22.86,65.04,11.33,486.81,0.0,0.17,0.0
233.0,2024-02-13,15:18:10,233.0,19.31,21.78,69.65,11.36,487.47,20.86,76.08,11.73,20.86,76.08,22.33,79.15,13.39,22.86,65.04,11.33,487.47,0.0,0.17,0.0
234.0,2024-02-13,15:18:11,234.0,19.31,21.78,69.65,11.36,487.31,20.86,76.08,11.73,20.86,76.08,22.33,79.15,13.39,22.86,65.04,11.33,487.31,0.0,0.17,0.0
235.0,2024-02-13,15:18:12,235.0,19.3,21.78,69.66,11.36,487.14,20.86,76.08,11.73,20.86,76.08,22.33,79.15,13.39,22.87,65.02,11.33,487.14,0.0,0.17,0.0
236.0,2024-02-13,15:18:13,236.0,19.3,21.78,69.66,11.36,487.27,20.86,76.08,11.73,20.86,76.08,22.33,79.15,13.39,22.87,65.02,11.33,487.27,0.0,0.17,0.0
237.0,2024-02-13,15:18:14,237.0,19.3,21.78,69.66,11.36,486.98,20.86,76.08,11.73,20.86,76.08,22.33,79.15,13.39,22.87,65.02,11.33,486.98,0.0,0.17,0.0
238.0,2024-02-13,15:18:15,238.0,19.3,21.78,69.68,11.36,487.14,20.86,76.06,11.73,20.86,76.06,22.33,79.18,13.39,22.87,65.01,11.33,487.14,0.0,0.17,0.0
239.0,2024-02-13,15:18:16,239.0,19.3,21.78,69.68,11.36,487.33,20.86,76.06,11.73,20.86,76.06,22.33,79.18,13.39,22.87,65.01,11.33,487.33,0.0,0.17,0.0
240.0,2024-02-13,15:18:17,240.0,19.3,21.78,69.68,11.36,487.3,20.86,76.06,11.73,20.86,76.06,22.33,79.18,13.39,22.87,65.01,11.33,487.3,0.0,0.17,0.0
241.0,2024-02-13,15:18:18,241.0,19.29,21.78,69.7,11.37,487.04,20.86,76.07,11.73,20.86,76.07,22.32,79.15,13.39,22.87,65,11.33,487.04,0.0,0.17,0.0
242.0,2024-02-13,15:18:19,242.0,19.29,21.78,69.7,11.37,486.36,20.86,76.07,11.73,20.86,76.07,22.32,79.15,13.39,22.87,65,11.33,486.36,0.0,0.17,0.0
243.0,2024-02-13,15:18:20,243.0,19.29,21.78,69.7,11.37,485.76,20.86,76.07,11.73,20.86,76.07,22.32,79.15,13.39,22.87,65,11.33,485.76,0.0,0.17,0.0
244.0,2024-02-13,15:18:21,244.0,19.28,21.78,69.69,11.37,484.54,20.86,76.06,11.73,20.86,76.06,22.32,79.15,13.39,22.88,65,11.33,484.54,0.0,0.17,0.0
245.0,2024-02-13,15:18:22,245.0,19.28,21.78,69.69,11.37,484.05,20.86,76.06,11.73,20.86,76.06,22.32,79.15,13.39,22.88,65,11.33,484.05,0.0,0.17,0.0
246.0,2024-02-13,15:18:23,246.0,19.28,21.78,69.69,11.37,484.69,20.86,76.06,11.73,20.86,76.06,22.32,79.15,13.39,22.88,65,11.33,484.69,0.0,0.17,0.0
247.0,2024-02-13,15:18:24,247.0,19.28,21.77,69.68,11.36,485.24,20.86,76.07,11.73,20.86,76.07,22.32,79.16,13.38,22.87,65.01,11.33,485.24,0.0,0.17,0.0
248.0,2024-02-13,15:18:25,248.0,19.28,21.77,69.68,11.36,485.44,20.86,76.07,11.73,20.86,76.07,22.32,79.16,13.38,22.87,65.01,11.33,485.44,0.0,0.17,0.0
249.0,2024-02-13,15:18:26,249.0,19.28,21.77,69.68,11.36,486.05,20.86,76.07,11.73,20.86,76.07,22.32,79.16,13.38,22.87,65.01,11.33,486.05,0.0,0.17,0.0
250.0,2024-02-13,15:18:27,250.0,19.28,21.77,69.7,11.36,486.19,20.85,76.1,11.73,20.85,76.1,22.32,79.13,13.38,22.88,65.01,11.34,486.19,0.0,0.17,0.0
251.0,2024-02-13,15:18:28,251.0,19.28,21.77,69.7,11.36,486.53,20.85,76.1,11.73,20.85,76.1,22.32,79.13,13.38,22.88,65.01,11.34,486.53,0.0,0.17,0.0
252.0,2024-02-13,15:18:29,252.0,19.28,21.77,69.7,11.36,486.18,20.85,76.1,11.73,20.85,76.1,22.32,79.13,13.38,22.88,65.01,11.34,486.18,0.0,0.17,0.0
253.0,2024-02-13,15:18:30,253.0,19.29,21.78,69.7,11.37,486.06,20.86,76.08,11.73,20.86,76.08,22.32,79.13,13.38,22.88,64.97,11.33,486.06,0.0,0.17,0.0
254.0,2024-02-13,15:18:31,254.0,19.29,21.78,69.7,11.37,487.25,20.86,76.08,11.73,20.86,76.08,22.32,79.13,13.38,22.88,64.97,11.33,487.25,0.0,0.17,0.0
255.0,2024-02-13,15:18:32,255.0,19.29,21.78,69.7,11.37,486.71,20.86,76.08,11.73,20.86,76.08,22.32,79.13,13.38,22.88,64.97,11.33,486.71,0.0,0.17,0.0
256.0,2024-02-13,15:18:33,256.0,19.3,21.77,69.73,11.37,482.53,20.86,76.11,11.74,20.86,76.11,22.32,79.14,13.38,22.89,65.03,11.34,482.53,0.0,0.17,0.0
257.0,2024-02-13,15:18:34,257.0,19.3,21.77,69.73,11.37,482.04,20.86,76.11,11.74,20.86,76.11,22.32,79.14,13.38,22.89,65.03,11.34,482.04,0.0,0.17,0.0
258.0,2024-02-13,15:18:35,258.0,19.3,21.77,69.73,11.37,482.22,20.86,76.11,11.74,20.86,76.11,22.32,79.14,13.38,22.89,65.03,11.34,482.22,0.0,0.17,0.0
259.0,2024-02-13,15:18:36,259.0,19.3,21.77,69.74,11.37,480.93,20.86,76.11,11.74,20.86,76.11,22.32,79.15,13.38,22.89,65.01,11.34,480.93,0.0,0.17,0.0
260.0,2024-02-13,15:18:37,260.0,19.3,21.77,69.74,11.37,480.95,20.86,76.11,11.74,20.86,76.11,22.32,79.15,13.38,22.89,65.01,11.34,480.95,0.0,0.17,0.0
261.0,2024-02-13,15:18:38,261.0,19.3,21.77,69.74,11.37,481.29,20.86,76.11,11.74,20.86,76.11,22.32,79.15,13.38,22.89,65.01,11.34,481.29,0.0,0.17,0.0
262.0,2024-02-13,15:18:39,262.0,19.3,21.77,69.77,11.37,483.3,20.85,76.14,11.74,20.85,76.14,22.31,79.18,13.38,22.89,65,11.34,483.3,0.0,0.17,0.0
263.0,2024-02-13,15:18:40,263.0,19.3,21.77,69.77,11.37,483.74,20.85,76.14,11.74,20.85,76.14,22.31,79.18,13.38,22.89,65,11.34,483.74,0.0,0.17,0.0
264.0,2024-02-13,15:18:41,264.0,19.3,21.77,69.77,11.37,483.01,20.85,76.14,11.74,20.85,76.14,22.31,79.18,13.38,22.89,65,11.34,483.01,0.0,0.17,0.0
265.0,2024-02-13,15:18:42,265.0,19.3,21.76,69.79,11.37,481.73,20.85,76.13,11.73,20.85,76.13,22.3,79.15,13.37,22.89,64.99,11.34,481.73,0.0,0.17,0.0
266.0,2024-02-13,15:18:43,266.0,19.3,21.76,69.79,11.37,479.57,20.85,76.13,11.73,20.85,76.13,22.3,79.15,13.37,22.89,64.99,11.34,479.57,0.0,0.17,0.0
267.0,2024-02-13,15:18:44,267.0,19.3,21.76,69.79,11.37,479.24,20.85,76.13,11.73,20.85,76.13,22.3,79.15,13.37,22.89,64.99,11.34,479.24,0.0,0.17,0.0
268.0,2024-02-13,15:18:45,268.0,19.32,21.76,69.8,11.37,481.55,20.85,76.16,11.74,20.85,76.16,22.31,79.15,13.38,22.9,64.99,11.34,481.55,0.0,0.17,0.0
269.0,2024-02-13,15:18:46,269.0,19.32,21.76,69.8,11.37,482.16,20.85,76.16,11.74,20.85,76.16,22.31,79.15,13.38,22.9,64.99,11.34,482.16,0.0,0.17,0.0
270.0,2024-02-13,15:18:47,270.0,19.32,21.76,69.8,11.37,483.65,20.85,76.16,11.74,20.85,76.16,22.31,79.15,13.38,22.9,64.99,11.34,483.65,0.0,0.17,0.0
271.0,2024-02-13,15:18:48,271.0,19.33,21.76,69.83,11.38,484.72,20.85,76.19,11.75,20.85,76.19,22.31,79.13,13.37,22.9,64.97,11.34,484.72,0.0,0.17,0.0
272.0,2024-02-13,15:18:49,272.0,19.33,21.76,69.83,11.38,485.47,20.85,76.19,11.75,20.85,76.19,22.31,79.13,13.37,22.9,64.97,11.34,485.47,0.0,0.17,0.0
273.0,2024-02-13,15:18:50,273.0,19.33,21.76,69.83,11.38,484.53,20.85,76.19,11.75,20.85,76.19,22.31,79.13,13.37,22.9,64.97,11.34,484.53,0.0,0.17,0.0
274.0,2024-02-13,15:18:51,274.0,19.35,21.76,69.84,11.37,479.08,20.85,76.18,11.74,20.85,76.18,22.31,79.15,13.37,22.9,64.94,11.34,479.08,0.0,0.17,0.0
275.0,2024-02-13,15:18:52,275.0,19.35,21.76,69.84,11.37,477.84,20.85,76.18,11.74,20.85,76.18,22.31,79.15,13.37,22.9,64.94,11.34,477.84,0.0,0.17,0.0
276.0,2024-02-13,15:18:53,276.0,19.35,21.76,69.84,11.37,476.86,20.85,76.18,11.74,20.85,76.18,22.31,79.15,13.37,22.9,64.94,11.34,476.86,0.0,0.17,0.0
277.0,2024-02-13,15:18:54,277.0,19.37,21.76,69.82,11.37,477.32,20.85,76.22,11.75,20.85,76.22,22.31,79.13,13.37,22.91,64.93,11.34,477.32,0.0,0.17,0.0
278.0,2024-02-13,15:18:55,278.0,19.37,21.76,69.82,11.37,481.11,20.85,76.22,11.75,20.85,76.22,22.31,79.13,13.37,22.91,64.93,11.34,481.11,0.0,0.17,0.0
279.0,2024-02-13,15:18:56,279.0,19.37,21.76,69.82,11.37,482.22,20.85,76.22,11.75,20.85,76.22,22.31,79.13,13.37,22.91,64.93,11.34,482.22,0.0,0.17,0.0
280.0,2024-02-13,15:18:57,280.0,19.39,21.75,69.84,11.37,482.97,20.85,76.21,11.75,20.85,76.21,22.31,79.12,13.37,22.91,64.92,11.34,482.97,0.0,0.17,0.0
281.0,2024-02-13,15:18:58,281.0,19.39,21.75,69.84,11.37,482.2,20.85,76.21,11.75,20.85,76.21,22.31,79.12,13.37,22.91,64.92,11.34,482.2,0.0,0.17,0.0
282.0,2024-02-13,15:18:59,282.0,19.39,21.75,69.84,11.37,481.65,20.85,76.21,11.75,20.85,76.21,22.31,79.12,13.37,22.91,64.92,11.34,481.65,0.0,0.17,0.0
283.0,2024-02-13,15:19:00,283.0,19.42,21.75,69.83,11.37,483.87,20.85,76.2,11.74,20.85,76.2,22.31,79.1,13.37,22.91,64.89,11.34,483.87,0.0,0.17,0.0
284.0,2024-02-13,15:19:01,284.0,19.42,21.75,69.83,11.37,485.75,20.85,76.2,11.74,20.85,76.2,22.31,79.1,13.37,22.91,64.89,11.34,485.75,0.0,0.17,0.0
285.0,2024-02-13,15:19:02,285.0,19.42,21.75,69.83,11.37,484.67,20.85,76.2,11.74,20.85,76.2,22.31,79.1,13.37,22.91,64.89,11.34,484.67,0.0,0.17,0.0
286.0,2024-02-13,15:19:03,286.0,19.46,21.75,69.84,11.37,484.06,20.84,76.22,11.75,20.84,76.22,22.31,79.14,13.37,22.91,64.9,11.34,484.06,0.0,0.18,0.0
287.0,2024-02-13,15:19:04,287.0,19.46,21.75,69.84,11.37,484.97,20.84,76.22,11.75,20.84,76.22,22.31,79.14,13.37,22.91,64.9,11.34,484.97,0.0,0.18,0.0
288.0,2024-02-13,15:19:05,288.0,19.46,21.75,69.84,11.37,486.67,20.84,76.22,11.75,20.84,76.22,22.31,79.14,13.37,22.91,64.9,11.34,486.67,0.0,0.18,0.0
289.0,2024-02-13,15:19:06,289.0,19.49,21.75,69.84,11.37,486.83,20.84,76.23,11.74,20.84,76.23,22.3,79.15,13.37,22.92,64.87,11.34,486.83,0.0,0.18,0.0
290.0,2024-02-13,15:19:07,290.0,19.49,21.75,69.84,11.37,484.7,20.84,76.23,11.74,20.84,76.23,22.3,79.15,13.37,22.92,64.87,11.34,484.7,0.0,0.18,0.0
291.0,2024-02-13,15:19:08,291.0,19.49,21.75,69.84,11.37,485.33,20.84,76.23,11.74,20.84,76.23,22.3,79.15,13.37,22.92,64.87,11.34,485.33,0.0,0.18,0.0
292.0,2024-02-13,15:19:09,292.0,19.51,21.75,69.85,11.37,487.31,20.84,76.24,11.74,20.84,76.24,22.3,79.17,13.37,22.92,64.87,11.34,487.31,0.0,0.18,0.0
293.0,2024-02-13,15:19:10,293.0,19.51,21.75,69.85,11.37,485.89,20.84,76.24,11.74,20.84,76.24,22.3,79.17,13.37,22.92,64.87,11.34,485.89,0.0,0.18,0.0
294.0,2024-02-13,15:19:11,294.0,19.51,21.75,69.85,11.37,482.94,20.84,76.24,11.74,20.84,76.24,22.3,79.17,13.37,22.92,64.87,11.34,482.94,0.0,0.18,0.0
295.0,2024-02-13,15:19:12,295.0,19.54,21.75,69.86,11.37,482.79,20.84,76.23,11.74,20.84,76.23,22.3,79.17,13.37,22.92,64.83,11.33,482.79,0.0,0.18,0.0
296.0,2024-02-13,15:19:13,296.0,19.54,21.75,69.86,11.37,488.06,20.84,76.23,11.74,20.84,76.23,22.3,79.17,13.37,22.92,64.83,11.33,488.06,0.0,0.18,0.0
297.0,2024-02-13,15:19:14,297.0,19.54,21.75,69.86,11.37,489.45,20.84,76.23,11.74,20.84,76.23,22.3,79.17,13.37,22.92,64.83,11.33,489.45,0.0,0.18,0.0
298.0,2024-02-13,15:19:15,298.0,19.55,21.75,69.82,11.37,490.85,20.83,76.24,11.74,20.83,76.24,22.3,79.17,13.37,22.92,64.79,11.33,490.85,0.0,0.18,0.0
299.0,2024-02-13,15:19:16,299.0,19.55,21.75,69.82,11.37,491.16,20.83,76.24,11.74,20.83,76.24,22.3,79.17,13.37,22.92,64.79,11.33,491.16,0.0,0.18,0.0
300.0,2024-02-13,15:19:17,300.0,19.55,21.75,69.82,11.37,488.75,20.83,76.24,11.74,20.83,76.24,22.3,79.17,13.37,22.92,64.79,11.33,488.75,0.0,0.18,0.0
301.0,2024-02-13,15:19:18,301.0,19.56,21.75,69.84,11.37,485.76,20.83,76.23,11.74,20.83,76.23,22.31,79.15,13.37,22.92,64.76,11.32,485.76,0.0,0.18,0.0
302.0,2024-02-13,15:19:19,302.0,19.56,21.75,69.84,11.37,485.45,20.83,76.23,11.74,20.83,76.23,22.31,79.15,13.37,22.92,64.76,11.32,485.45,0.0,0.18,0.0
303.0,2024-02-13,15:19:20,303.0,19.56,21.75,69.84,11.37,485.87,20.83,76.23,11.74,20.83,76.23,22.31,79.15,13.37,22.92,64.76,11.32,485.87,0.0,0.18,0.0
304.0,2024-02-13,15:19:21,304.0,19.57,21.75,69.79,11.36,486.1,20.83,76.21,11.73,20.83,76.21,22.31,79.14,13.37,22.92,64.72,11.32,486.1,0.0,0.18,0.0
305.0,2024-02-13,15:19:22,305.0,19.57,21.75,69.79,11.36,485.13,20.83,76.21,11.73,20.83,76.21,22.31,79.14,13.37,22.92,64.72,11.32,485.13,0.0,0.17,0.0
306.0,2024-02-13,15:19:23,306.0,19.57,21.75,69.79,11.36,484.68,20.83,76.21,11.73,20.83,76.21,22.31,79.14,13.37,22.92,64.72,11.32,484.68,0.0,0.17,0.0
307.0,2024-02-13,15:19:24,307.0,19.57,21.75,69.74,11.36,484.2,20.83,76.2,11.73,20.83,76.2,22.32,79.1,13.37,22.93,64.71,11.32,484.2,0.0,0.17,0.0
308.0,2024-02-13,15:19:25,308.0,19.57,21.75,69.74,11.36,484.84,20.83,76.2,11.73,20.83,76.2,22.32,79.1,13.37,22.93,64.71,11.32,484.84,0.0,0.18,0.0
309.0,2024-02-13,15:19:26,309.0,19.57,21.75,69.74,11.36,485.76,20.83,76.2,11.73,20.83,76.2,22.32,79.1,13.37,22.93,64.71,11.32,485.76,0.0,0.18,0.0
310.0,2024-02-13,15:19:27,310.0,19.58,21.75,69.73,11.35,485.91,20.83,76.21,11.73,20.83,76.21,22.32,79.07,13.37,22.93,64.68,11.31,485.91,0.0,0.18,0.0
311.0,2024-02-13,15:19:28,311.0,19.58,21.75,69.73,11.35,485.62,20.83,76.21,11.73,20.83,76.21,22.32,79.07,13.37,22.93,64.68,11.31,485.62,0.0,0.17,0.0
312.0,2024-02-13,15:19:29,312.0,19.58,21.75,69.73,11.35,487.17,20.83,76.21,11.73,20.83,76.21,22.32,79.07,13.37,22.93,64.68,11.31,487.17,0.0,0.18,0.0
313.0,2024-02-13,15:19:30,313.0,19.58,21.75,69.7,11.35,484.88,20.83,76.17,11.72,20.83,76.17,22.33,79.01,13.37,22.93,64.65,11.31,484.88,0.0,0.17,0.0
314.0,2024-02-13,15:19:31,314.0,19.58,21.75,69.7,11.35,484.3,20.83,76.17,11.72,20.83,76.17,22.33,79.01,13.37,22.93,64.65,11.31,484.3,0.0,0.17,0.0
315.0,2024-02-13,15:19:32,315.0,19.58,21.75,69.7,11.35,484.16,20.83,76.17,11.72,20.83,76.17,22.33,79.01,13.37,22.93,64.65,11.31,484.16,0.0,0.17,0.0
316.0,2024-02-13,15:19:33,316.0,19.58,21.75,69.7,11.35,484.82,20.83,76.16,11.72,20.83,76.16,22.34,78.98,13.37,22.93,64.66,11.31,484.82,0.0,0.17,0.0
317.0,2024-02-13,15:19:34,317.0,19.58,21.75,69.7,11.35,485.92,20.83,76.16,11.72,20.83,76.16,22.34,78.98,13.37,22.93,64.66,11.31,485.92,0.0,0.18,0.0
318.0,2024-02-13,15:19:35,318.0,19.58,21.75,69.7,11.35,485.92,20.83,76.16,11.72,20.83,76.16,22.34,78.98,13.37,22.93,64.66,11.31,485.92,0.0,0.18,0.0
319.0,2024-02-13,15:19:36,319.0,19.59,21.75,69.69,11.34,486.23,20.83,76.17,11.72,20.83,76.17,22.34,79.01,13.38,22.93,64.64,11.31,486.23,0.0,0.18,0.0
320.0,2024-02-13,15:19:37,320.0,19.59,21.75,69.69,11.34,484.48,20.83,76.17,11.72,20.83,76.17,22.34,79.01,13.38,22.93,64.64,11.31,484.48,0.0,0.18,0.0
321.0,2024-02-13,15:19:38,321.0,19.59,21.75,69.69,11.34,481.58,20.83,76.17,11.72,20.83,76.17,22.34,79.01,13.38,22.93,64.64,11.31,481.58,0.0,0.17,0.0
322.0,2024-02-13,15:19:39,322.0,19.6,21.74,69.7,11.34,481.34,20.83,76.16,11.72,20.83,76.16,22.34,79.01,13.38,22.93,64.64,11.31,481.34,0.0,0.17,0.0
323.0,2024-02-13,15:19:40,323.0,19.6,21.74,69.7,11.34,483.12,20.83,76.16,11.72,20.83,76.16,22.34,79.01,13.38,22.93,64.64,11.31,483.12,0.0,0.18,0.0
324.0,2024-02-13,15:19:41,324.0,19.6,21.74,69.7,11.34,483.55,20.83,76.16,11.72,20.83,76.16,22.34,79.01,13.38,22.93,64.64,11.31,483.55,0.0,0.18,0.0
325.0,2024-02-13,15:19:42,325.0,19.61,21.74,69.72,11.35,484.55,20.83,76.15,11.72,20.83,76.15,22.35,78.91,13.37,22.93,64.64,11.31,484.55,0.0,0.18,0.0
326.0,2024-02-13,15:19:43,326.0,19.61,21.74,69.72,11.35,485.9,20.83,76.15,11.72,20.83,76.15,22.35,78.91,13.37,22.93,64.64,11.31,485.9,0.0,0.18,0.0
327.0,2024-02-13,15:19:44,327.0,19.61,21.74,69.72,11.35,487.13,20.83,76.15,11.72,20.83,76.15,22.35,78.91,13.37,22.93,64.64,11.31,487.13,0.0,0.18,0.0
328.0,2024-02-13,15:19:45,328.0,19.63,21.74,69.73,11.35,488.25,20.83,76.15,11.72,20.83,76.15,22.36,78.85,13.36,22.93,64.65,11.31,488.25,0.0,0.18,0.0
329.0,2024-02-13,15:19:46,329.0,19.63,21.74,69.73,11.35,488.39,20.83,76.15,11.72,20.83,76.15,22.36,78.85,13.36,22.93,64.65,11.31,488.39,0.0,0.18,0.0
330.0,2024-02-13,15:19:47,330.0,19.63,21.74,69.73,11.35,486.95,20.83,76.15,11.72,20.83,76.15,22.36,78.85,13.36,22.93,64.65,11.31,486.95,0.0,0.18,0.0
331.0,2024-02-13,15:19:48,331.0,19.68,21.74,69.74,11.35,485.89,20.83,76.13,11.72,20.83,76.13,22.36,78.82,13.36,22.94,64.64,11.31,485.89,0.0,0.18,0.0
332.0,2024-02-13,15:19:49,332.0,19.68,21.74,69.74,11.35,484.71,20.83,76.13,11.72,20.83,76.13,22.36,78.82,13.36,22.94,64.64,11.31,484.71,0.0,0.18,0.0
333.0,2024-02-13,15:19:50,333.0,19.68,21.74,69.74,11.35,483.72,20.83,76.13,11.72,20.83,76.13,22.36,78.82,13.36,22.94,64.64,11.31,483.72,0.0,0.18,0.0
334.0,2024-02-13,15:19:51,334.0,19.73,21.74,69.77,11.35,483.54,20.84,76.09,11.72,20.84,76.09,22.36,78.78,13.35,22.94,64.66,11.31,483.54,0.0,0.18,0.0
335.0,2024-02-13,15:19:52,335.0,19.73,21.74,69.77,11.35,483.32,20.84,76.09,11.72,20.84,76.09,22.36,78.78,13.35,22.94,64.66,11.31,483.32,0.0,0.18,0.0
336.0,2024-02-13,15:19:53,336.0,19.73,21.74,69.77,11.35,484.21,20.84,76.09,11.72,20.84,76.09,22.36,78.78,13.35,22.94,64.66,11.31,484.21,0.0,0.18,0.0
337.0,2024-02-13,15:19:54,337.0,19.77,21.74,69.81,11.36,484.03,20.84,76.05,11.72,20.84,76.05,22.35,78.72,13.34,22.94,64.68,11.32,484.03,0.0,0.18,0.0
338.0,2024-02-13,15:19:55,338.0,19.77,21.74,69.81,11.36,483.36,20.84,76.05,11.72,20.84,76.05,22.35,78.72,13.34,22.94,64.68,11.32,483.36,0.0,0.18,0.0
339.0,2024-02-13,15:19:56,339.0,19.77,21.74,69.81,11.36,484.7,20.84,76.05,11.72,20.84,76.05,22.35,78.72,13.34,22.94,64.68,11.32,484.7,0.0,0.18,0.0
340.0,2024-02-13,15:19:57,340.0,19.82,21.75,69.85,11.37,483.83,20.85,76.03,11.72,20.85,76.03,22.36,78.66,13.33,22.94,64.65,11.32,483.83,0.0,0.18,0.0
341.0,2024-02-13,15:19:58,341.0,19.82,21.75,69.85,11.37,482.46,20.85,76.03,11.72,20.85,76.03,22.36,78.66,13.33,22.94,64.65,11.32,482.46,0.0,0.18,0.0
342.0,2024-02-13,15:19:59,342.0,19.82,21.75,69.85,11.37,481.28,20.85,76.03,11.72,20.85,76.03,22.36,78.66,13.33,22.94,64.65,11.32,481.28,0.0,0.18,0.0
343.0,2024-02-13,15:20:00,343.0,19.84,21.75,69.86,11.37,478.6,20.86,75.98,11.72,20.86,75.98,22.35,78.64,13.32,22.94,64.66,11.32,478.6,0.0,0.18,0.0
344.0,2024-02-13,15:20:01,344.0,19.84,21.75,69.86,11.37,477.21,20.86,75.98,11.72,20.86,75.98,22.35,78.64,13.32,22.94,64.66,11.32,477.21,-0.01,0.18,0.0
345.0,2024-02-13,15:20:02,345.0,19.84,21.75,69.86,11.37,475.02,20.86,75.98,11.72,20.86,75.98,22.35,78.64,13.32,22.94,64.66,11.32,475.02,-0.01,0.18,0.0
346.0,2024-02-13,15:20:03,346.0,19.86,21.75,69.87,11.38,474.43,20.86,75.96,11.72,20.86,75.96,22.35,78.64,13.32,22.94,64.65,11.32,474.43,-0.01,0.18,0.0
347.0,2024-02-13,15:20:04,347.0,19.86,21.75,69.87,11.38,474.71,20.86,75.96,11.72,20.86,75.96,22.35,78.64,13.32,22.94,64.65,11.32,474.71,-0.01,0.17,0.0
348.0,2024-02-13,15:20:05,348.0,19.86,21.75,69.87,11.38,475.04,20.86,75.96,11.72,20.86,75.96,22.35,78.64,13.32,22.94,64.65,11.32,475.04,-0.01,0.17,0.0
349.0,2024-02-13,15:20:06,349.0,19.86,21.76,69.86,11.38,477.17,20.87,75.93,11.72,20.87,75.93,22.35,78.65,13.32,22.95,64.64,11.32,477.17,-0.01,0.18,0.0
350.0,2024-02-13,15:20:07,350.0,19.86,21.76,69.86,11.38,477.99,20.87,75.93,11.72,20.87,75.93,22.35,78.65,13.32,22.95,64.64,11.32,477.99,-0.01,0.18,0.0
351.0,2024-02-13,15:20:08,351.0,19.86,21.76,69.86,11.38,479.07,20.87,75.93,11.72,20.87,75.93,22.35,78.65,13.32,22.95,64.64,11.32,479.07,-0.01,0.18,0.0
352.0,2024-02-13,15:20:09,352.0,19.86,21.77,69.83,11.38,477.69,20.88,75.88,11.72,20.88,75.88,22.34,78.7,13.32,22.95,64.63,11.32,477.69,-0.01,0.18,0.0
353.0,2024-02-13,15:20:10,353.0,19.86,21.77,69.83,11.38,477.81,20.88,75.88,11.72,20.88,75.88,22.34,78.7,13.32,22.95,64.63,11.32,477.81,-0.01,0.18,0.0
354.0,2024-02-13,15:20:11,354.0,19.86,21.77,69.83,11.38,478.86,20.88,75.88,11.72,20.88,75.88,22.34,78.7,13.32,22.95,64.63,11.32,478.86,-0.01,0.18,0.0
355.0,2024-02-13,15:20:12,355.0,19.86,21.77,69.79,11.38,482.2,20.88,75.85,11.71,20.88,75.85,22.33,78.7,13.32,22.94,64.63,11.31,482.2,-0.01,0.18,0.0
356.0,2024-02-13,15:20:13,356.0,19.86,21.77,69.79,11.38,483.43,20.88,75.85,11.71,20.88,75.85,22.33,78.7,13.32,22.94,64.63,11.31,483.43,-0.01,0.18,0.0
357.0,2024-02-13,15:20:14,357.0,19.86,21.77,69.79,11.38,485.76,20.88,75.85,11.71,20.88,75.85,22.33,78.7,13.32,22.94,64.63,11.31,485.76,-0.01,0.18,0.0
358.0,2024-02-13,15:20:15,358.0,19.86,21.78,69.75,11.38,485.95,20.88,75.83,11.71,20.88,75.83,22.34,78.67,13.32,22.95,64.63,11.32,485.95,-0.01,0.18,0.0
359.0,2024-02-13,15:20:16,359.0,19.86,21.78,69.75,11.38,485.32,20.88,75.83,11.71,20.88,75.83,22.34,78.67,13.32,22.95,64.63,11.32,485.32,-0.01,0.18,0.0
360.0,2024-02-13,15:20:17,360.0,19.86,21.78,69.75,11.38,485.04,20.88,75.83,11.71,20.88,75.83,22.34,78.67,13.32,22.95,64.63,11.32,485.04,-0.01,0.18,0.0
361.0,2024-02-13,15:20:18,361.0,19.85,21.79,69.73,11.38,484.35,20.89,75.79,11.71,20.89,75.79,22.34,78.64,13.32,22.95,64.58,11.31,484.35,-0.01,0.18,0.0
362.0,2024-02-13,15:20:19,362.0,19.85,21.79,69.73,11.38,484.05,20.89,75.79,11.71,20.89,75.79,22.34,78.64,13.32,22.95,64.58,11.31,484.05,-0.01,0.17,0.0
363.0,2024-02-13,15:20:20,363.0,19.85,21.79,69.73,11.38,483.63,20.89,75.79,11.71,20.89,75.79,22.34,78.64,13.32,22.95,64.58,11.31,483.63,-0.01,0.17,0.0
364.0,2024-02-13,15:20:21,364.0,19.84,21.79,69.72,11.38,483.43,20.89,75.77,11.71,20.89,75.77,22.35,78.63,13.32,22.95,64.62,11.32,483.43,-0.01,0.17,0.0
365.0,2024-02-13,15:20:22,365.0,19.84,21.79,69.72,11.38,481.12,20.89,75.77,11.71,20.89,75.77,22.35,78.63,13.32,22.95,64.62,11.32,481.12,-0.01,0.18,0.0
366.0,2024-02-13,15:20:23,366.0,19.84,21.79,69.72,11.38,480.37,20.89,75.77,11.71,20.89,75.77,22.35,78.63,13.32,22.95,64.62,11.32,480.37,-0.01,0.18,0.0
367.0,2024-02-13,15:20:24,367.0,19.83,21.8,69.7,11.38,481.95,20.9,75.78,11.71,20.9,75.78,22.35,78.62,13.32,22.95,64.6,11.32,481.95,-0.01,0.17,0.0
368.0,2024-02-13,15:20:25,368.0,19.83,21.8,69.7,11.38,483.78,20.9,75.78,11.71,20.9,75.78,22.35,78.62,13.32,22.95,64.6,11.32,483.78,-0.01,0.18,0.0
369.0,2024-02-13,15:20:26,369.0,19.83,21.8,69.7,11.38,487.7,20.9,75.78,11.71,20.9,75.78,22.35,78.62,13.32,22.95,64.6,11.32,487.7,-0.01,0.18,0.0
370.0,2024-02-13,15:20:27,370.0,19.82,21.81,69.68,11.38,489.04,20.9,75.76,11.71,20.9,75.76,22.36,78.59,13.32,22.96,64.59,11.32,489.04,-0.01,0.18,0.0
371.0,2024-02-13,15:20:28,371.0,19.82,21.81,69.68,11.38,487.92,20.9,75.76,11.71,20.9,75.76,22.36,78.59,13.32,22.96,64.59,11.32,487.92,-0.01,0.18,0.0
372.0,2024-02-13,15:20:29,372.0,19.82,21.81,69.68,11.38,488.06,20.9,75.76,11.71,20.9,75.76,22.36,78.59,13.32,22.96,64.59,11.32,488.06,-0.01,0.18,0.0
373.0,2024-02-13,15:20:30,373.0,19.81,21.81,69.64,11.38,490.25,20.9,75.74,11.71,20.9,75.74,22.37,78.57,13.32,22.96,64.61,11.32,490.25,-0.01,0.18,0.0
374.0,2024-02-13,15:20:31,374.0,19.81,21.81,69.64,11.38,490.58,20.9,75.74,11.71,20.9,75.74,22.37,78.57,13.32,22.96,64.61,11.32,490.58,-0.01,0.18,0.0
375.0,2024-02-13,15:20:32,375.0,19.81,21.81,69.64,11.38,490.54,20.9,75.74,11.71,20.9,75.74,22.37,78.57,13.32,22.96,64.61,11.32,490.54,-0.01,0.18,0.0
376.0,2024-02-13,15:20:33,376.0,19.8,21.81,69.62,11.37,490.29,20.9,75.75,11.71,20.9,75.75,22.37,78.58,13.33,22.96,64.56,11.31,490.29,-0.01,0.18,0.0
377.0,2024-02-13,15:20:34,377.0,19.8,21.81,69.62,11.37,490.08,20.9,75.75,11.71,20.9,75.75,22.37,78.58,13.33,22.96,64.56,11.31,490.08,-0.01,0.18,0.0
378.0,2024-02-13,15:20:35,378.0,19.8,21.81,69.62,11.37,489.77,20.9,75.75,11.71,20.9,75.75,22.37,78.58,13.33,22.96,64.56,11.31,489.77,-0.01,0.18,0.0
379.0,2024-02-13,15:20:36,379.0,19.8,21.8,69.63,11.37,489.3,20.9,75.76,11.71,20.9,75.76,22.37,78.59,13.33,22.95,64.63,11.32,489.3,-0.01,0.18,0.0
380.0,2024-02-13,15:20:37,380.0,19.8,21.8,69.63,11.37,489.31,20.9,75.76,11.71,20.9,75.76,22.37,78.59,13.33,22.95,64.63,11.32,489.31,-0.01,0.18,0.0
381.0,2024-02-13,15:20:38,381.0,19.8,21.8,69.63,11.37,489.62,20.9,75.76,11.71,20.9,75.76,22.37,78.59,13.33,22.95,64.63,11.32,489.62,-0.01,0.18,0.0
382.0,2024-02-13,15:20:39,382.0,19.8,21.81,69.62,11.37,489.76,20.9,75.74,11.71,20.9,75.74,22.37,78.57,13.32,22.96,64.66,11.33,489.76,-0.01,0.18,0.0
383.0,2024-02-13,15:20:40,383.0,19.8,21.81,69.62,11.37,489.79,20.9,75.74,11.71,20.9,75.74,22.37,78.57,13.32,22.96,64.66,11.33,489.79,-0.01,0.18,0.0
384.0,2024-02-13,15:20:41,384.0,19.8,21.81,69.62,11.37,489.93,20.9,75.74,11.71,20.9,75.74,22.37,78.57,13.32,22.96,64.66,11.33,489.93,-0.01,0.18,0.0
385.0,2024-02-13,15:20:42,385.0,19.81,21.81,69.63,11.38,487.89,20.9,75.76,11.72,20.9,75.76,22.37,78.6,13.33,22.96,64.66,11.33,487.89,-0.01,0.18,0.0
386.0,2024-02-13,15:20:43,386.0,19.81,21.81,69.63,11.38,487.18,20.9,75.76,11.72,20.9,75.76,22.37,78.6,13.33,22.96,64.66,11.33,487.18,-0.01,0.18,0.0
387.0,2024-02-13,15:20:44,387.0,19.81,21.81,69.63,11.38,487.79,20.9,75.76,11.72,20.9,75.76,22.37,78.6,13.33,22.96,64.66,11.33,487.79,-0.01,0.18,0.0
388.0,2024-02-13,15:20:45,388.0,19.81,21.81,69.66,11.38,487.94,20.91,75.74,11.72,20.91,75.74,22.37,78.61,13.33,22.97,64.62,11.33,487.94,-0.01,0.18,0.0
389.0,2024-02-13,15:20:46,389.0,19.81,21.81,69.66,11.38,487.94,20.91,75.74,11.72,20.91,75.74,22.37,78.61,13.33,22.97,64.62,11.33,487.94,-0.01,0.18,0.0
390.0,2024-02-13,15:20:47,390.0,19.81,21.81,69.66,11.38,488.09,20.91,75.74,11.72,20.91,75.74,22.37,78.61,13.33,22.97,64.62,11.33,488.09,-0.01,0.18,0.0
391.0,2024-02-13,15:20:48,391.0,19.82,21.81,69.66,11.38,489.49,20.91,75.75,11.72,20.91,75.75,22.36,78.6,13.32,22.97,64.71,11.34,489.49,-0.01,0.19,0.0
392.0,2024-02-13,15:20:49,392.0,19.82,21.81,69.66,11.38,491.09,20.91,75.75,11.72,20.91,75.75,22.36,78.6,13.32,22.97,64.71,11.34,491.09,-0.01,0.19,0.0
393.0,2024-02-13,15:20:50,393.0,19.82,21.81,69.66,11.38,492.82,20.91,75.75,11.72,20.91,75.75,22.36,78.6,13.32,22.97,64.71,11.34,492.82,-0.01,0.19,0.0
394.0,2024-02-13,15:20:51,394.0,19.82,21.81,69.66,11.38,493.1,20.91,75.75,11.72,20.91,75.75,22.36,78.59,13.32,22.97,64.71,11.35,493.1,-0.01,0.19,0.0
395.0,2024-02-13,15:20:52,395.0,19.82,21.81,69.66,11.38,492.15,20.91,75.75,11.72,20.91,75.75,22.36,78.59,13.32,22.97,64.71,11.35,492.15,-0.01,0.19,0.0
396.0,2024-02-13,15:20:53,396.0,19.82,21.81,69.66,11.38,489.62,20.91,75.75,11.72,20.91,75.75,22.36,78.59,13.32,22.97,64.71,11.35,489.62,-0.01,0.19,0.0
397.0,2024-02-13,15:20:54,397.0,19.83,21.81,69.67,11.38,488.09,20.92,75.76,11.73,20.92,75.76,22.36,78.56,13.32,22.97,64.72,11.35,488.09,-0.01,0.19,0.0
398.0,2024-02-13,15:20:55,398.0,19.83,21.81,69.67,11.38,488.22,20.92,75.76,11.73,20.92,75.76,22.36,78.56,13.32,22.97,64.72,11.35,488.22,-0.01,0.19,0.0
399.0,2024-02-13,15:20:56,399.0,19.83,21.81,69.67,11.38,487.46,20.92,75.76,11.73,20.92,75.76,22.36,78.56,13.32,22.97,64.72,11.35,487.46,-0.01,0.18,0.0
400.0,2024-02-13,15:20:57,400.0,19.83,21.81,69.68,11.39,486.06,20.92,75.76,11.73,20.92,75.76,22.36,78.54,13.31,22.97,64.72,11.35,486.06,-0.01,0.18,0.0
401.0,2024-02-13,15:20:58,401.0,19.83,21.81,69.68,11.39,485.12,20.92,75.76,11.73,20.92,75.76,22.36,78.54,13.31,22.97,64.72,11.35,485.12,-0.01,0.18,0.0
402.0,2024-02-13,15:20:59,402.0,19.83,21.81,69.68,11.39,484.99,20.92,75.76,11.73,20.92,75.76,22.36,78.54,13.31,22.97,64.72,11.35,484.99,-0.01,0.18,0.0
403.0,2024-02-13,15:21:00,403.0,19.83,21.81,69.68,11.39,485.31,20.92,75.76,11.73,20.92,75.76,22.36,78.52,13.31,22.97,64.72,11.35,485.31,-0.01,0.18,0.0
404.0,2024-02-13,15:21:01,404.0,19.83,21.81,69.68,11.39,485.48,20.92,75.76,11.73,20.92,75.76,22.36,78.52,13.31,22.97,64.72,11.35,485.48,-0.01,0.18,0.0
405.0,2024-02-13,15:21:02,405.0,19.83,21.81,69.68,11.39,487.2,20.92,75.76,11.73,20.92,75.76,22.36,78.52,13.31,22.97,64.72,11.35,487.2,-0.01,0.18,0.0
406.0,2024-02-13,15:21:03,406.0,19.83,21.81,69.66,11.39,488.87,20.92,75.76,11.73,20.92,75.76,22.36,78.53,13.31,22.98,64.69,11.35,488.87,-0.01,0.18,0.0
407.0,2024-02-13,15:21:04,407.0,19.83,21.81,69.66,11.39,489.9,20.92,75.76,11.73,20.92,75.76,22.36,78.53,13.31,22.98,64.69,11.35,489.9,-0.01,0.18,0.0
408.0,2024-02-13,15:21:05,408.0,19.83,21.81,69.66,11.39,489.26,20.92,75.76,11.73,20.92,75.76,22.36,78.53,13.31,22.98,64.69,11.35,489.26,-0.01,0.18,0.0
409.0,2024-02-13,15:21:06,409.0,19.84,21.81,69.66,11.39,488.38,20.92,75.8,11.73,20.92,75.8,22.36,78.5,13.3,22.98,64.67,11.35,488.38,-0.01,0.18,0.0
410.0,2024-02-13,15:21:07,410.0,19.84,21.81,69.66,11.39,488.37,20.92,75.8,11.73,20.92,75.8,22.36,78.5,13.3,22.98,64.67,11.35,488.37,-0.01,0.18,0.0
411.0,2024-02-13,15:21:08,411.0,19.84,21.81,69.66,11.39,490.21,20.92,75.8,11.73,20.92,75.8,22.36,78.5,13.3,22.98,64.67,11.35,490.21,-0.01,0.18,0.0
412.0,2024-02-13,15:21:09,412.0,19.84,21.81,69.65,11.38,490.71,20.91,75.79,11.73,20.91,75.79,22.35,78.53,13.31,22.97,64.66,11.34,490.71,-0.01,0.18,0.0
413.0,2024-02-13,15:21:10,413.0,19.84,21.81,69.65,11.38,489.91,20.91,75.79,11.73,20.91,75.79,22.35,78.53,13.31,22.97,64.66,11.34,489.91,-0.01,0.18,0.0
414.0,2024-02-13,15:21:11,414.0,19.84,21.81,69.65,11.38,489.6,20.91,75.79,11.73,20.91,75.79,22.35,78.53,13.31,22.97,64.66,11.34,489.6,-0.01,0.18,0.0
415.0,2024-02-13,15:21:12,415.0,19.84,21.81,69.65,11.38,487.15,20.91,75.79,11.73,20.91,75.79,22.35,78.54,13.31,22.98,64.64,11.34,487.15,-0.01,0.18,0.0
416.0,2024-02-13,15:21:13,416.0,19.84,21.81,69.65,11.38,486.69,20.91,75.79,11.73,20.91,75.79,22.35,78.54,13.31,22.98,64.64,11.34,486.69,-0.01,0.18,0.0
417.0,2024-02-13,15:21:14,417.0,19.84,21.81,69.65,11.38,486.5,20.91,75.79,11.73,20.91,75.79,22.35,78.54,13.31,22.98,64.64,11.34,486.5,-0.01,0.18,0.0
418.0,2024-02-13,15:21:15,418.0,19.85,21.81,69.62,11.38,486.76,20.92,75.79,11.73,20.92,75.79,22.36,78.54,13.31,22.98,64.58,11.33,486.76,-0.01,0.18,0.0
419.0,2024-02-13,15:21:16,419.0,19.85,21.81,69.62,11.38,487.19,20.92,75.79,11.73,20.92,75.79,22.36,78.54,13.31,22.98,64.58,11.33,487.19,0.0,0.18,0.0
420.0,2024-02-13,15:21:17,420.0,19.85,21.81,69.62,11.38,489.48,20.92,75.79,11.73,20.92,75.79,22.36,78.54,13.31,22.98,64.58,11.33,489.48,0.0,0.18,0.0
421.0,2024-02-13,15:21:18,421.0,19.85,21.81,69.59,11.37,492.81,20.92,75.75,11.73,20.92,75.75,22.36,78.57,13.31,22.98,64.55,11.33,492.81,0.0,0.18,0.0
422.0,2024-02-13,15:21:19,422.0,19.85,21.81,69.59,11.37,493.44,20.92,75.75,11.73,20.92,75.75,22.36,78.57,13.31,22.98,64.55,11.33,493.44,0.0,0.18,0.0
423.0,2024-02-13,15:21:20,423.0,19.85,21.81,69.59,11.37,490.33,20.92,75.75,11.73,20.92,75.75,22.36,78.57,13.31,22.98,64.55,11.33,490.33,0.0,0.18,0.0
424.0,2024-02-13,15:21:21,424.0,19.85,21.81,69.58,11.37,490.23,20.91,75.76,11.72,20.91,75.76,22.35,78.62,13.32,22.98,64.52,11.32,490.23,0.0,0.18,0.0
425.0,2024-02-13,15:21:22,425.0,19.85,21.81,69.58,11.37,489.78,20.91,75.76,11.72,20.91,75.76,22.35,78.62,13.32,22.98,64.52,11.32,489.78,0.0,0.18,0.0
426.0,2024-02-13,15:21:23,426.0,19.85,21.81,69.58,11.37,488.47,20.91,75.76,11.72,20.91,75.76,22.35,78.62,13.32,22.98,64.52,11.32,488.47,0.0,0.18,0.0
427.0,2024-02-13,15:21:24,427.0,19.85,21.81,69.56,11.37,484.22,20.91,75.72,11.72,20.91,75.72,22.35,78.64,13.33,22.98,64.47,11.31,484.22,0.0,0.17,0.0
428.0,2024-02-13,15:21:25,428.0,19.85,21.81,69.56,11.37,483.33,20.91,75.72,11.72,20.91,75.72,22.35,78.64,13.33,22.98,64.47,11.31,483.33,0.0,0.17,0.0
429.0,2024-02-13,15:21:26,429.0,19.85,21.81,69.56,11.37,482.66,20.91,75.72,11.72,20.91,75.72,22.35,78.64,13.33,22.98,64.47,11.31,482.66,0.0,0.17,0.0
430.0,2024-02-13,15:21:27,430.0,19.84,21.81,69.51,11.36,482.36,20.91,75.71,11.72,20.91,75.71,22.35,78.68,13.33,22.98,64.42,11.3,482.36,0.0,0.17,0.0
431.0,2024-02-13,15:21:28,431.0,19.84,21.81,69.51,11.36,481.53,20.91,75.71,11.72,20.91,75.71,22.35,78.68,13.33,22.98,64.42,11.3,481.53,0.0,0.17,0.0
432.0,2024-02-13,15:21:29,432.0,19.84,21.81,69.51,11.36,483.46,20.91,75.71,11.72,20.91,75.71,22.35,78.68,13.33,22.98,64.42,11.3,483.46,0.0,0.17,0.0
433.0,2024-02-13,15:21:30,433.0,19.84,21.81,69.46,11.35,484.66,20.91,75.71,11.71,20.91,75.71,22.35,78.71,13.34,22.98,64.42,11.3,484.66,0.0,0.17,0.0
434.0,2024-02-13,15:21:31,434.0,19.84,21.81,69.46,11.35,484.26,20.91,75.71,11.71,20.91,75.71,22.35,78.71,13.34,22.98,64.42,11.3,484.26,0.0,0.17,0.0
435.0,2024-02-13,15:21:32,435.0,19.84,21.81,69.46,11.35,482.18,20.91,75.71,11.71,20.91,75.71,22.35,78.71,13.34,22.98,64.42,11.3,482.18,0.0,0.17,0.0
436.0,2024-02-13,15:21:33,436.0,19.84,21.81,69.46,11.35,483.28,20.91,75.71,11.71,20.91,75.71,22.35,78.73,13.34,22.98,64.4,11.3,483.28,0.0,0.17,0.0
437.0,2024-02-13,15:21:34,437.0,19.84,21.81,69.46,11.35,485.92,20.91,75.71,11.71,20.91,75.71,22.35,78.73,13.34,22.98,64.4,11.3,485.92,0.0,0.17,0.0
438.0,2024-02-13,15:21:35,438.0,19.84,21.81,69.46,11.35,486.4,20.91,75.71,11.71,20.91,75.71,22.35,78.73,13.34,22.98,64.4,11.3,486.4,0.0,0.17,0.0
439.0,2024-02-13,15:21:36,439.0,19.84,21.81,69.42,11.34,486.34,20.9,75.69,11.71,20.9,75.69,22.35,78.77,13.34,22.98,64.37,11.29,486.34,0.0,0.17,0.0
440.0,2024-02-13,15:21:37,440.0,19.84,21.81,69.42,11.34,486.37,20.9,75.69,11.71,20.9,75.69,22.35,78.77,13.34,22.98,64.37,11.29,486.37,0.0,0.17,0.0
441.0,2024-02-13,15:21:38,441.0,19.84,21.81,69.42,11.34,488.49,20.9,75.69,11.71,20.9,75.69,22.35,78.77,13.34,22.98,64.37,11.29,488.49,0.0,0.17,0.0
442.0,2024-02-13,15:21:39,442.0,19.85,21.81,69.41,11.34,489.54,20.9,75.69,11.71,20.9,75.69,22.35,78.8,13.35,22.98,64.38,11.3,489.54,0.0,0.17,0.0
443.0,2024-02-13,15:21:40,443.0,19.85,21.81,69.41,11.34,489.2,20.9,75.69,11.71,20.9,75.69,22.35,78.8,13.35,22.98,64.38,11.3,489.2,0.0,0.18,0.0
444.0,2024-02-13,15:21:41,444.0,19.85,21.81,69.41,11.34,487.82,20.9,75.69,11.71,20.9,75.69,22.35,78.8,13.35,22.98,64.38,11.3,487.82,0.0,0.18,0.0
445.0,2024-02-13,15:21:42,445.0,19.85,21.81,69.39,11.34,487.97,20.91,75.66,11.7,20.91,75.66,22.35,78.78,13.35,22.99,64.34,11.29,487.97,0.0,0.18,0.0
446.0,2024-02-13,15:21:43,446.0,19.85,21.81,69.39,11.34,488.03,20.91,75.66,11.7,20.91,75.66,22.35,78.78,13.35,22.99,64.34,11.29,488.03,0.0,0.17,0.0
447.0,2024-02-13,15:21:44,447.0,19.85,21.81,69.39,11.34,486.17,20.91,75.66,11.7,20.91,75.66,22.35,78.78,13.35,22.99,64.34,11.29,486.17,0.0,0.17,0.0
448.0,2024-02-13,15:21:45,448.0,19.85,21.81,69.38,11.34,484.33,20.9,75.64,11.7,20.9,75.64,22.35,78.8,13.35,22.98,64.35,11.29,484.33,0.0,0.17,0.0
449.0,2024-02-13,15:21:46,449.0,19.85,21.81,69.38,11.34,483.46,20.9,75.64,11.7,20.9,75.64,22.35,78.8,13.35,22.98,64.35,11.29,483.46,0.0,0.17,0.0
450.0,2024-02-13,15:21:47,450.0,19.85,21.81,69.38,11.34,483.89,20.9,75.64,11.7,20.9,75.64,22.35,78.8,13.35,22.98,64.35,11.29,483.89,0.0,0.17,0.0
451.0,2024-02-13,15:21:48,451.0,19.85,21.81,69.36,11.33,482.56,20.9,75.63,11.7,20.9,75.63,22.34,78.85,13.35,22.98,64.35,11.29,482.56,0.0,0.17,0.0
452.0,2024-02-13,15:21:49,452.0,19.85,21.81,69.36,11.33,481.9,20.9,75.63,11.7,20.9,75.63,22.34,78.85,13.35,22.98,64.35,11.29,481.9,0.0,0.17,0.0
453.0,2024-02-13,15:21:50,453.0,19.85,21.81,69.36,11.33,481.6,20.9,75.63,11.7,20.9,75.63,22.34,78.85,13.35,22.98,64.35,11.29,481.6,0.0,0.17,0.0
454.0,2024-02-13,15:21:51,454.0,19.86,21.81,69.35,11.33,481.56,20.91,75.6,11.69,20.91,75.6,22.34,78.89,13.36,22.98,64.34,11.29,481.56,0.0,0.17,0.0
455.0,2024-02-13,15:21:52,455.0,19.86,21.81,69.35,11.33,481.75,20.91,75.6,11.69,20.91,75.6,22.34,78.89,13.36,22.98,64.34,11.29,481.75,0.0,0.17,0.0
456.0,2024-02-13,15:21:53,456.0,19.86,21.81,69.35,11.33,484.67,20.91,75.6,11.69,20.91,75.6,22.34,78.89,13.36,22.98,64.34,11.29,484.67,0.0,0.18,0.0
457.0,2024-02-13,15:21:54,457.0,19.86,21.82,69.33,11.33,486.96,20.91,75.57,11.69,20.91,75.57,22.34,78.92,13.36,22.99,64.34,11.29,486.96,0.0,0.18,0.0
458.0,2024-02-13,15:21:55,458.0,19.86,21.82,69.33,11.33,491.03,20.91,75.57,11.69,20.91,75.57,22.34,78.92,13.36,22.99,64.34,11.29,491.03,0.0,0.18,0.0
459.0,2024-02-13,15:21:56,459.0,19.86,21.82,69.33,11.33,490.85,20.91,75.57,11.69,20.91,75.57,22.34,78.92,13.36,22.99,64.34,11.29,490.85,0.0,0.18,0.0
460.0,2024-02-13,15:21:57,460.0,19.87,21.81,69.35,11.33,488.48,20.91,75.55,11.69,20.91,75.55,22.34,78.94,13.36,22.98,64.33,11.29,488.48,0.0,0.18,0.0
461.0,2024-02-13,15:21:58,461.0,19.87,21.81,69.35,11.33,488.27,20.91,75.55,11.69,20.91,75.55,22.34,78.94,13.36,22.98,64.33,11.29,488.27,0.0,0.18,0.0
462.0,2024-02-13,15:21:59,462.0,19.87,21.81,69.35,11.33,487.62,20.91,75.55,11.69,20.91,75.55,22.34,78.94,13.36,22.98,64.33,11.29,487.62,0.0,0.18,0.0
463.0,2024-02-13,15:22:00,463.0,19.86,21.81,69.35,11.33,486.25,20.91,75.56,11.69,20.91,75.56,22.33,78.96,13.36,22.97,64.36,11.29,486.25,0.0,0.18,0.0
464.0,2024-02-13,15:22:01,464.0,19.86,21.81,69.35,11.33,484.84,20.91,75.56,11.69,20.91,75.56,22.33,78.96,13.36,22.97,64.36,11.29,484.84,0.0,0.18,0.0
465.0,2024-02-13,15:22:02,465.0,19.86,21.81,69.35,11.33,484.69,20.91,75.56,11.69,20.91,75.56,22.33,78.96,13.36,22.97,64.36,11.29,484.69,0.0,0.18,0.0
466.0,2024-02-13,15:22:03,466.0,19.87,21.82,69.36,11.34,484.67,20.91,75.56,11.69,20.91,75.56,22.34,78.98,13.37,22.98,64.34,11.29,484.67,0.0,0.18,0.0
467.0,2024-02-13,15:22:04,467.0,19.87,21.82,69.36,11.34,484.49,20.91,75.56,11.69,20.91,75.56,22.34,78.98,13.37,22.98,64.34,11.29,484.49,0.0,0.18,0.0
468.0,2024-02-13,15:22:05,468.0,19.87,21.82,69.36,11.34,484.85,20.91,75.56,11.69,20.91,75.56,22.34,78.98,13.37,22.98,64.34,11.29,484.85,0.0,0.18,0.0
469.0,2024-02-13,15:22:06,469.0,19.87,21.82,69.32,11.33,485.46,20.91,75.53,11.69,20.91,75.53,22.34,79,13.37,22.98,64.33,11.29,485.46,0.0,0.18,0.0
470.0,2024-02-13,15:22:07,470.0,19.87,21.82,69.32,11.33,485.77,20.91,75.53,11.69,20.91,75.53,22.34,79,13.37,22.98,64.33,11.29,485.77,0.0,0.18,0.0
471.0,2024-02-13,15:22:08,471.0,19.87,21.82,69.32,11.33,485.75,20.91,75.53,11.69,20.91,75.53,22.34,79,13.37,22.98,64.33,11.29,485.75,0.0,0.18,0.0
472.0,2024-02-13,15:22:09,472.0,19.87,21.82,69.35,11.34,487.15,20.91,75.54,11.69,20.91,75.54,22.33,79.03,13.38,22.98,64.31,11.28,487.15,0.0,0.18,0.0
473.0,2024-02-13,15:22:10,473.0,19.87,21.82,69.35,11.34,487.96,20.91,75.54,11.69,20.91,75.54,22.33,79.03,13.38,22.98,64.31,11.28,487.96,-0.01,0.18,0.0
474.0,2024-02-13,15:22:11,474.0,19.87,21.82,69.35,11.34,487.21,20.91,75.54,11.69,20.91,75.54,22.33,79.03,13.38,22.98,64.31,11.28,487.21,-0.01,0.18,0.0
475.0,2024-02-13,15:22:12,475.0,19.88,21.82,69.32,11.34,486.12,20.92,75.51,11.69,20.92,75.51,22.34,79.07,13.38,22.99,64.29,11.28,486.12,-0.01,0.18,0.0
476.0,2024-02-13,15:22:13,476.0,19.88,21.82,69.32,11.34,485.64,20.92,75.51,11.69,20.92,75.51,22.34,79.07,13.38,22.99,64.29,11.28,485.64,-0.01,0.18,0.0
477.0,2024-02-13,15:22:14,477.0,19.88,21.82,69.32,11.34,485,20.92,75.51,11.69,20.92,75.51,22.34,79.07,13.38,22.99,64.29,11.28,485,-0.01,0.18,0.0
478.0,2024-02-13,15:22:15,478.0,19.88,21.82,69.32,11.34,485.95,20.92,75.47,11.68,20.92,75.47,22.34,79.09,13.39,22.99,64.29,11.28,485.95,-0.01,0.18,0.0
479.0,2024-02-13,15:22:16,479.0,19.88,21.82,69.32,11.34,486.23,20.92,75.47,11.68,20.92,75.47,22.34,79.09,13.39,22.99,64.29,11.28,486.23,-0.01,0.18,0.0
480.0,2024-02-13,15:22:17,480.0,19.88,21.82,69.32,11.34,488.42,20.92,75.47,11.68,20.92,75.47,22.34,79.09,13.39,22.99,64.29,11.28,488.42,-0.01,0.18,0.0
481.0,2024-02-13,15:22:18,481.0,19.87,21.82,69.3,11.33,489.13,20.91,75.46,11.68,20.91,75.46,22.33,79.11,13.39,22.98,64.29,11.28,489.13,-0.01,0.18,0.0
482.0,2024-02-13,15:22:19,482.0,19.87,21.82,69.3,11.33,488.39,20.91,75.46,11.68,20.91,75.46,22.33,79.11,13.39,22.98,64.29,11.28,488.39,-0.01,0.18,0.0
483.0,2024-02-13,15:22:20,483.0,19.87,21.82,69.3,11.33,487.49,20.91,75.46,11.68,20.91,75.46,22.33,79.11,13.39,22.98,64.29,11.28,487.49,-0.01,0.18,0.0
484.0,2024-02-13,15:22:21,484.0,19.88,21.82,69.25,11.33,486.48,20.92,75.42,11.67,20.92,75.42,22.33,79.15,13.4,22.98,64.26,11.28,486.48,-0.01,0.18,0.0
485.0,2024-02-13,15:22:22,485.0,19.88,21.82,69.25,11.33,486.06,20.92,75.42,11.67,20.92,75.42,22.33,79.15,13.4,22.98,64.26,11.28,486.06,-0.01,0.18,0.0
486.0,2024-02-13,15:22:23,486.0,19.88,21.82,69.25,11.33,483.75,20.92,75.42,11.67,20.92,75.42,22.33,79.15,13.4,22.98,64.26,11.28,483.75,-0.01,0.18,0.0
487.0,2024-02-13,15:22:24,487.0,19.88,21.82,69.26,11.33,483.15,20.92,75.41,11.67,20.92,75.41,22.33,79.15,13.39,22.98,64.32,11.28,483.15,-0.01,0.18,0.0
488.0,2024-02-13,15:22:25,488.0,19.88,21.82,69.26,11.33,483.01,20.92,75.41,11.67,20.92,75.41,22.33,79.15,13.39,22.98,64.32,11.28,483.01,-0.01,0.18,0.0
489.0,2024-02-13,15:22:26,489.0,19.88,21.82,69.26,11.33,484.85,20.92,75.41,11.67,20.92,75.41,22.33,79.15,13.39,22.98,64.32,11.28,484.85,-0.01,0.18,0.0
490.0,2024-02-13,15:22:27,490.0,19.89,21.82,69.27,11.33,485.98,20.92,75.42,11.67,20.92,75.42,22.32,79.1,13.38,22.98,64.34,11.29,485.98,-0.01,0.18,0.0
491.0,2024-02-13,15:22:28,491.0,19.89,21.82,69.27,11.33,485.34,20.92,75.42,11.67,20.92,75.42,22.32,79.1,13.38,22.98,64.34,11.29,485.34,-0.01,0.18,0.0
492.0,2024-02-13,15:22:29,492.0,19.89,21.82,69.27,11.33,484.69,20.92,75.42,11.67,20.92,75.42,22.32,79.1,13.38,22.98,64.34,11.29,484.69,-0.01,0.18,0.0
493.0,2024-02-13,15:22:30,493.0,19.89,21.82,69.29,11.33,485.48,20.91,75.41,11.67,20.91,75.41,22.33,79.02,13.37,22.98,64.35,11.29,485.48,-0.01,0.18,0.0
494.0,2024-02-13,15:22:31,494.0,19.89,21.82,69.29,11.33,488.49,20.91,75.41,11.67,20.91,75.41,22.33,79.02,13.37,22.98,64.35,11.29,488.49,-0.01,0.18,0.0
495.0,2024-02-13,15:22:32,495.0,19.89,21.82,69.29,11.33,490.58,20.91,75.41,11.67,20.91,75.41,22.33,79.02,13.37,22.98,64.35,11.29,490.58,-0.01,0.19,0.0
496.0,2024-02-13,15:22:33,496.0,19.9,21.82,69.29,11.33,490.27,20.92,75.4,11.67,20.92,75.4,22.32,79.05,13.37,22.98,64.36,11.29,490.27,-0.01,0.19,0.0
497.0,2024-02-13,15:22:34,497.0,19.9,21.82,69.29,11.33,489.61,20.92,75.4,11.67,20.92,75.4,22.32,79.05,13.37,22.98,64.36,11.29,489.61,-0.01,0.19,0.0
498.0,2024-02-13,15:22:35,498.0,19.9,21.82,69.29,11.33,491.35,20.92,75.4,11.67,20.92,75.4,22.32,79.05,13.37,22.98,64.36,11.29,491.35,-0.01,0.19,0.0
499.0,2024-02-13,15:22:36,499.0,19.91,21.83,69.28,11.33,491.94,20.89,75.41,11.65,20.89,75.41,22.33,79,13.36,22.95,64.36,11.27,491.94,-0.01,0.19,0.0
500.0,2024-02-13,15:22:37,500.0,19.91,21.83,69.28,11.33,492.71,20.89,75.41,11.65,20.89,75.41,22.33,79,13.36,22.95,64.36,11.27,492.71,-0.02,0.19,0.0
501.0,2024-02-13,15:22:38,501.0,19.91,21.83,69.28,11.33,493.15,20.89,75.41,11.65,20.89,75.41,22.33,79,13.36,22.95,64.36,11.27,493.15,-0.02,0.19,0.0
502.0,2024-02-13,15:22:39,502.0,19.92,21.83,69.29,11.33,492.56,20.92,75.42,11.67,20.92,75.42,22.32,78.94,13.35,22.98,64.4,11.3,492.56,-0.01,0.19,0.0
503.0,2024-02-13,15:22:40,503.0,19.92,21.83,69.29,11.33,490.41,20.92,75.42,11.67,20.92,75.42,22.32,78.94,13.35,22.98,64.4,11.3,490.41,-0.01,0.19,0.0
504.0,2024-02-13,15:22:41,504.0,19.92,21.83,69.29,11.33,484.77,20.92,75.42,11.67,20.92,75.42,22.32,78.94,13.35,22.98,64.4,11.3,484.77,-0.01,0.19,0.0
505.0,2024-02-13,15:22:42,505.0,19.91,21.83,69.25,11.33,483.26,20.91,75.43,11.67,20.91,75.43,22.32,78.91,13.34,22.97,64.4,11.29,483.26,-0.01,0.19,0.0
506.0,2024-02-13,15:22:43,506.0,19.91,21.83,69.25,11.33,480.43,20.91,75.43,11.67,20.91,75.43,22.32,78.91,13.34,22.97,64.4,11.29,480.43,-0.01,0.18,0.0
507.0,2024-02-13,15:22:44,507.0,19.91,21.83,69.25,11.33,479.41,20.91,75.43,11.67,20.91,75.43,22.32,78.91,13.34,22.97,64.4,11.29,479.41,-0.01,0.18,0.0
508.0,2024-02-13,15:22:45,508.0,19.93,21.84,69.29,11.34,478.93,20.94,75.37,11.68,20.94,75.37,22.33,78.9,13.35,22.99,64.4,11.31,478.93,-0.01,0.18,0.0
509.0,2024-02-13,15:22:46,509.0,19.93,21.84,69.29,11.34,479.88,20.94,75.37,11.68,20.94,75.37,22.33,78.9,13.35,22.99,64.4,11.31,479.88,-0.01,0.18,0.0
510.0,2024-02-13,15:22:47,510.0,19.93,21.84,69.29,11.34,480.36,20.94,75.37,11.68,20.94,75.37,22.33,78.9,13.35,22.99,64.4,11.31,480.36,-0.01,0.18,0.0
511.0,2024-02-13,15:22:48,511.0,19.94,21.84,69.28,11.34,480.48,20.93,75.37,11.68,20.93,75.37,22.32,78.88,13.34,22.99,64.41,11.31,480.48,-0.01,0.18,0.0
512.0,2024-02-13,15:22:49,512.0,19.94,21.84,69.28,11.34,480.98,20.93,75.37,11.68,20.93,75.37,22.32,78.88,13.34,22.99,64.41,11.31,480.98,-0.01,0.19,0.0
513.0,2024-02-13,15:22:50,513.0,19.94,21.84,69.28,11.34,481.12,20.93,75.37,11.68,20.93,75.37,22.32,78.88,13.34,22.99,64.41,11.31,481.12,-0.01,0.19,0.0
514.0,2024-02-13,15:22:51,514.0,19.95,21.85,69.28,11.35,482.4,20.94,75.36,11.68,20.94,75.36,22.33,78.88,13.35,22.99,64.26,11.28,482.4,-0.01,0.17,0.0
515.0,2024-02-13,15:22:52,515.0,19.95,21.85,69.28,11.35,482.98,20.94,75.36,11.68,20.94,75.36,22.33,78.88,13.35,22.99,64.26,11.28,482.98,-0.01,0.17,0.0
516.0,2024-02-13,15:22:53,516.0,19.95,21.85,69.28,11.35,485.39,20.94,75.36,11.68,20.94,75.36,22.33,78.88,13.35,22.99,64.26,11.28,485.39,-0.01,0.18,0.0
517.0,2024-02-13,15:22:54,517.0,19.95,21.85,69.27,11.35,485.77,20.94,75.36,11.68,20.94,75.36,22.33,78.89,13.35,22.99,64.42,11.31,485.77,-0.01,0.18,0.0
518.0,2024-02-13,15:22:55,518.0,19.95,21.85,69.27,11.35,486.08,20.94,75.36,11.68,20.94,75.36,22.33,78.89,13.35,22.99,64.42,11.31,486.08,-0.01,0.19,0.0
519.0,2024-02-13,15:22:56,519.0,19.95,21.85,69.27,11.35,487.2,20.94,75.36,11.68,20.94,75.36,22.33,78.89,13.35,22.99,64.42,11.31,487.2,-0.01,0.19,0.0
520.0,2024-02-13,15:22:57,520.0,19.96,21.85,69.26,11.35,488.42,20.95,75.36,11.69,20.95,75.36,22.33,78.9,13.35,23,64.42,11.31,488.42,-0.01,0.19,0.0
521.0,2024-02-13,15:22:58,521.0,19.96,21.85,69.26,11.35,488.58,20.95,75.36,11.69,20.95,75.36,22.33,78.9,13.35,23,64.42,11.31,488.58,-0.01,0.19,0.0
522.0,2024-02-13,15:22:59,522.0,19.96,21.85,69.26,11.35,485.95,20.95,75.36,11.69,20.95,75.36,22.33,78.9,13.35,23,64.42,11.31,485.95,-0.01,0.19,0.0
523.0,2024-02-13,15:23:00,523.0,19.97,21.86,69.25,11.35,485.49,20.95,75.35,11.68,20.95,75.35,22.34,78.91,13.36,23,64.41,11.31,485.49,-0.01,0.19,0.0
524.0,2024-02-13,15:23:01,524.0,19.97,21.86,69.25,11.35,485.17,20.95,75.35,11.68,20.95,75.35,22.34,78.91,13.36,23,64.41,11.31,485.17,-0.01,0.19,0.0
525.0,2024-02-13,15:23:02,525.0,19.97,21.86,69.25,11.35,486.06,20.95,75.35,11.68,20.95,75.35,22.34,78.91,13.36,23,64.41,11.31,486.06,-0.01,0.19,0.0
526.0,2024-02-13,15:23:03,526.0,19.98,21.86,69.22,11.34,489.24,20.95,75.33,11.68,20.95,75.33,22.34,78.95,13.36,23,64.39,11.31,489.24,-0.01,0.19,0.0
527.0,2024-02-13,15:23:04,527.0,19.98,21.86,69.22,11.34,489.17,20.95,75.33,11.68,20.95,75.33,22.34,78.95,13.36,23,64.39,11.31,489.17,-0.01,0.19,0.0
528.0,2024-02-13,15:23:05,528.0,19.98,21.86,69.22,11.34,490.08,20.95,75.33,11.68,20.95,75.33,22.34,78.95,13.36,23,64.39,11.31,490.08,-0.01,0.19,0.0
529.0,2024-02-13,15:23:06,529.0,19.98,21.86,69.2,11.34,491.29,20.95,75.33,11.68,20.95,75.33,22.34,78.98,13.37,23,64.36,11.31,491.29,-0.01,0.19,0.0
530.0,2024-02-13,15:23:07,530.0,19.98,21.86,69.2,11.34,489.97,20.95,75.33,11.68,20.95,75.33,22.34,78.98,13.37,23,64.36,11.31,489.97,-0.01,0.18,0.0
531.0,2024-02-13,15:23:08,531.0,19.98,21.86,69.2,11.34,488.85,20.95,75.33,11.68,20.95,75.33,22.34,78.98,13.37,23,64.36,11.31,488.85,-0.01,0.18,0.0
532.0,2024-02-13,15:23:09,532.0,19.99,21.86,69.21,11.34,488.39,20.95,75.33,11.68,20.95,75.33,22.34,79.02,13.38,23,64.34,11.3,488.39,-0.01,0.18,0.0
533.0,2024-02-13,15:23:10,533.0,19.99,21.86,69.21,11.34,487.35,20.95,75.33,11.68,20.95,75.33,22.34,79.02,13.38,23,64.34,11.3,487.35,-0.01,0.18,0.0
534.0,2024-02-13,15:23:11,534.0,19.99,21.86,69.21,11.34,487.2,20.95,75.33,11.68,20.95,75.33,22.34,79.02,13.38,23,64.34,11.3,487.2,-0.01,0.18,0.0
535.0,2024-02-13,15:23:12,535.0,19.99,21.86,69.2,11.34,488.39,20.95,75.31,11.68,20.95,75.31,22.34,79.03,13.38,23,64.33,11.3,488.39,-0.01,0.18,0.0
536.0,2024-02-13,15:23:13,536.0,19.99,21.86,69.2,11.34,488.87,20.95,75.31,11.68,20.95,75.31,22.34,79.03,13.38,23,64.33,11.3,488.87,-0.01,0.18,0.0
537.0,2024-02-13,15:23:14,537.0,19.99,21.86,69.2,11.34,487.19,20.95,75.31,11.68,20.95,75.31,22.34,79.03,13.38,23,64.33,11.3,487.19,-0.01,0.18,0.0
538.0,2024-02-13,15:23:15,538.0,20,21.86,69.17,11.34,485.16,20.95,75.3,11.68,20.95,75.3,22.34,79.05,13.39,23,64.31,11.3,485.16,-0.01,0.18,0.0
539.0,2024-02-13,15:23:16,539.0,20,21.86,69.17,11.34,485.01,20.95,75.3,11.68,20.95,75.3,22.34,79.05,13.39,23,64.31,11.3,485.01,-0.01,0.18,0.0
540.0,2024-02-13,15:23:17,540.0,20,21.86,69.17,11.34,483.02,20.95,75.3,11.68,20.95,75.3,22.34,79.05,13.39,23,64.31,11.3,483.02,-0.01,0.18,0.0
541.0,2024-02-13,15:23:18,541.0,20.01,21.86,69.17,11.34,482.06,20.95,75.26,11.67,20.95,75.26,22.34,79.1,13.39,23,64.3,11.3,482.06,-0.01,0.18,0.0
542.0,2024-02-13,15:23:19,542.0,20.01,21.86,69.17,11.34,481.45,20.95,75.26,11.67,20.95,75.26,22.34,79.1,13.39,23,64.3,11.3,481.45,-0.01,0.18,0.0
543.0,2024-02-13,15:23:20,543.0,20.01,21.86,69.17,11.34,479.53,20.95,75.26,11.67,20.95,75.26,22.34,79.1,13.39,23,64.3,11.3,479.53,-0.01,0.18,0.0
544.0,2024-02-13,15:23:21,544.0,20.01,21.86,69.15,11.34,480.51,20.95,75.26,11.68,20.95,75.26,22.34,79.12,13.4,23,64.28,11.29,480.51,-0.01,0.18,0.0
545.0,2024-02-13,15:23:22,545.0,20.01,21.86,69.15,11.34,482.36,20.95,75.26,11.68,20.95,75.26,22.34,79.12,13.4,23,64.28,11.29,482.36,-0.01,0.18,0.0
546.0,2024-02-13,15:23:23,546.0,20.01,21.86,69.15,11.34,484.42,20.95,75.26,11.68,20.95,75.26,22.34,79.12,13.4,23,64.28,11.29,484.42,-0.01,0.18,0.0
547.0,2024-02-13,15:23:24,547.0,20.03,21.86,69.13,11.33,485.26,20.96,75.23,11.67,20.96,75.23,22.34,79.12,13.4,23,64.28,11.29,485.26,-0.01,0.18,0.0
548.0,2024-02-13,15:23:25,548.0,20.03,21.86,69.13,11.33,485.01,20.96,75.23,11.67,20.96,75.23,22.34,79.12,13.4,23,64.28,11.29,485.01,-0.01,0.18,0.0
549.0,2024-02-13,15:23:26,549.0,20.03,21.86,69.13,11.33,484.98,20.96,75.23,11.67,20.96,75.23,22.34,79.12,13.4,23,64.28,11.29,484.98,-0.01,0.18,0.0
550.0,2024-02-13,15:23:27,550.0,20.05,21.87,69.11,11.33,486.22,20.96,75.2,11.67,20.96,75.2,22.34,79.13,13.4,23,64.25,11.29,486.22,-0.01,0.18,0.0
551.0,2024-02-13,15:23:28,551.0,20.05,21.87,69.11,11.33,488.37,20.96,75.2,11.67,20.96,75.2,22.34,79.13,13.4,23,64.25,11.29,488.37,-0.01,0.18,0.0
552.0,2024-02-13,15:23:29,552.0,20.05,21.87,69.11,11.33,488.07,20.96,75.2,11.67,20.96,75.2,22.34,79.13,13.4,23,64.25,11.29,488.07,-0.01,0.18,0.0
553.0,2024-02-13,15:23:30,553.0,20.09,21.87,69.09,11.33,486.25,20.97,75.16,11.67,20.97,75.16,22.34,79.15,13.4,23,64.26,11.29,486.25,-0.01,0.18,0.0
554.0,2024-02-13,15:23:31,554.0,20.09,21.87,69.09,11.33,484.68,20.97,75.16,11.67,20.97,75.16,22.34,79.15,13.4,23,64.26,11.29,484.68,-0.01,0.18,0.0
555.0,2024-02-13,15:23:32,555.0,20.09,21.87,69.09,11.33,481.05,20.97,75.16,11.67,20.97,75.16,22.34,79.15,13.4,23,64.26,11.29,481.05,-0.01,0.18,0.0
556.0,2024-02-13,15:23:33,556.0,20.11,21.87,69.12,11.34,480.33,20.97,75.13,11.67,20.97,75.13,22.34,79.16,13.4,23,64.29,11.29,480.33,-0.01,0.18,0.0
557.0,2024-02-13,15:23:34,557.0,20.11,21.87,69.12,11.34,479.58,20.97,75.13,11.67,20.97,75.13,22.34,79.16,13.4,23,64.29,11.29,479.58,-0.01,0.18,0.0
558.0,2024-02-13,15:23:35,558.0,20.11,21.87,69.12,11.34,479.54,20.97,75.13,11.67,20.97,75.13,22.34,79.16,13.4,23,64.29,11.29,479.54,-0.01,0.18,0.0
559.0,2024-02-13,15:23:36,559.0,20.14,21.88,69.08,11.34,480.02,20.98,75.11,11.67,20.98,75.11,22.34,79.16,13.41,23.01,64.29,11.3,480.02,-0.01,0.18,0.0
560.0,2024-02-13,15:23:37,560.0,20.14,21.88,69.08,11.34,480.5,20.98,75.11,11.67,20.98,75.11,22.34,79.16,13.41,23.01,64.29,11.3,480.5,-0.01,0.18,0.0
561.0,2024-02-13,15:23:38,561.0,20.14,21.88,69.08,11.34,485.97,20.98,75.11,11.67,20.98,75.11,22.34,79.16,13.41,23.01,64.29,11.3,485.97,-0.01,0.18,0.0
562.0,2024-02-13,15:23:39,562.0,20.15,21.88,69.11,11.34,486.26,20.98,75.07,11.67,20.98,75.07,22.34,79.18,13.41,23.01,64.34,11.3,486.26,-0.01,0.18,0.0
563.0,2024-02-13,15:23:40,563.0,20.15,21.88,69.11,11.34,486.91,20.98,75.07,11.67,20.98,75.07,22.34,79.18,13.41,23.01,64.34,11.3,486.91,-0.02,0.19,0.0
564.0,2024-02-13,15:23:41,564.0,20.15,21.88,69.11,11.34,487.16,20.98,75.07,11.67,20.98,75.07,22.34,79.18,13.41,23.01,64.34,11.3,487.16,-0.02,0.19,0.0
565.0,2024-02-13,15:23:42,565.0,20.17,21.89,69.11,11.35,485.78,20.99,75.07,11.67,20.99,75.07,22.35,79.15,13.41,23.01,64.35,11.31,485.78,-0.02,0.18,0.0
566.0,2024-02-13,15:23:43,566.0,20.17,21.89,69.11,11.35,484.26,20.99,75.07,11.67,20.99,75.07,22.35,79.15,13.41,23.01,64.35,11.31,484.26,-0.02,0.18,0.0
567.0,2024-02-13,15:23:44,567.0,20.17,21.89,69.11,11.35,481.09,20.99,75.07,11.67,20.99,75.07,22.35,79.15,13.41,23.01,64.35,11.31,481.09,-0.02,0.18,0.0
568.0,2024-02-13,15:23:45,568.0,20.18,21.89,69.12,11.35,479.9,20.99,75.03,11.67,20.99,75.03,22.35,79.13,13.41,23.01,64.34,11.31,479.9,-0.02,0.18,0.0
569.0,2024-02-13,15:23:46,569.0,20.18,21.89,69.12,11.35,479.75,20.99,75.03,11.67,20.99,75.03,22.35,79.13,13.41,23.01,64.34,11.31,479.75,-0.02,0.18,0.0
570.0,2024-02-13,15:23:47,570.0,20.18,21.89,69.12,11.35,481.27,20.99,75.03,11.67,20.99,75.03,22.35,79.13,13.41,23.01,64.34,11.31,481.27,-0.02,0.18,0.0
571.0,2024-02-13,15:23:48,571.0,20.19,21.9,69.12,11.36,482.34,21,75.02,11.67,21,75.02,22.36,79.09,13.41,23.01,64.42,11.32,482.34,-0.02,0.19,0.0
572.0,2024-02-13,15:23:49,572.0,20.19,21.9,69.12,11.36,482.35,21,75.02,11.67,21,75.02,22.36,79.09,13.41,23.01,64.42,11.32,482.35,-0.02,0.19,0.0
573.0,2024-02-13,15:23:50,573.0,20.19,21.9,69.12,11.36,482.95,21,75.02,11.67,21,75.02,22.36,79.09,13.41,23.01,64.42,11.32,482.95,-0.02,0.19,0.0
574.0,2024-02-13,15:23:51,574.0,20.19,21.91,69.08,11.36,484.29,21.01,74.99,11.67,21.01,74.99,22.37,79.04,13.41,23.01,64.45,11.33,484.29,-0.02,0.19,0.0
575.0,2024-02-13,15:23:52,575.0,20.19,21.91,69.08,11.36,485.32,21.01,74.99,11.67,21.01,74.99,22.37,79.04,13.41,23.01,64.45,11.33,485.32,-0.02,0.19,0.0
576.0,2024-02-13,15:23:53,576.0,20.19,21.91,69.08,11.36,485.58,21.01,74.99,11.67,21.01,74.99,22.37,79.04,13.41,23.01,64.45,11.33,485.58,-0.02,0.19,0.0
577.0,2024-02-13,15:23:54,577.0,20.19,21.92,69.09,11.36,485.63,21.02,74.97,11.68,21.02,74.97,22.37,79,13.4,23.01,64.46,11.33,485.63,-0.02,0.19,0.0
578.0,2024-02-13,15:23:55,578.0,20.19,21.92,69.09,11.36,484.45,21.02,74.97,11.68,21.02,74.97,22.37,79,13.4,23.01,64.46,11.33,484.45,-0.02,0.19,0.0
579.0,2024-02-13,15:23:56,579.0,20.19,21.92,69.09,11.36,484.53,21.02,74.97,11.68,21.02,74.97,22.37,79,13.4,23.01,64.46,11.33,484.53,-0.02,0.19,0.0
580.0,2024-02-13,15:23:57,580.0,20.2,21.92,69.09,11.37,486.52,21.02,74.96,11.68,21.02,74.96,22.38,78.96,13.4,23.02,64.47,11.34,486.52,-0.02,0.19,0.0
581.0,2024-02-13,15:23:58,581.0,20.2,21.92,69.09,11.37,488,21.02,74.96,11.68,21.02,74.96,22.38,78.96,13.4,23.02,64.47,11.34,488,-0.02,0.19,0.0
582.0,2024-02-13,15:23:59,582.0,20.2,21.92,69.09,11.37,488.04,21.02,74.96,11.68,21.02,74.96,22.38,78.96,13.4,23.02,64.47,11.34,488.04,-0.02,0.19,0.0
583.0,2024-02-13,15:24:00,583.0,20.19,21.93,69.09,11.37,487.74,21.03,74.96,11.68,21.03,74.96,22.38,78.96,13.4,23.02,64.47,11.34,487.74,-0.02,0.19,0.0
584.0,2024-02-13,15:24:01,584.0,20.19,21.93,69.09,11.37,485.94,21.03,74.96,11.68,21.03,74.96,22.38,78.96,13.4,23.02,64.47,11.34,485.94,-0.02,0.19,0.0
585.0,2024-02-13,15:24:02,585.0,20.19,21.93,69.09,11.37,483.73,21.03,74.96,11.68,21.03,74.96,22.38,78.96,13.4,23.02,64.47,11.34,483.73,-0.02,0.19,0.0
586.0,2024-02-13,15:24:03,586.0,20.19,21.93,69.07,11.37,483.13,21.03,74.94,11.68,21.03,74.94,22.38,78.97,13.41,23.02,64.49,11.34,483.13,-0.02,0.19,0.0
587.0,2024-02-13,15:24:04,587.0,20.19,21.93,69.07,11.37,484.72,21.03,74.94,11.68,21.03,74.94,22.38,78.97,13.41,23.02,64.49,11.34,484.72,-0.02,0.19,0.0
588.0,2024-02-13,15:24:05,588.0,20.19,21.93,69.07,11.37,484.98,21.03,74.94,11.68,21.03,74.94,22.38,78.97,13.41,23.02,64.49,11.34,484.98,-0.02,0.19,0.0
589.0,2024-02-13,15:24:06,589.0,20.19,21.93,69.04,11.37,485.76,21.04,74.94,11.68,21.04,74.94,22.38,79.01,13.41,23.02,64.46,11.34,485.76,-0.02,0.19,0.0
590.0,2024-02-13,15:24:07,590.0,20.19,21.93,69.04,11.37,485.96,21.04,74.94,11.68,21.04,74.94,22.38,79.01,13.41,23.02,64.46,11.34,485.96,-0.02,0.19,0.0
591.0,2024-02-13,15:24:08,591.0,20.19,21.93,69.04,11.37,486.53,21.04,74.94,11.68,21.04,74.94,22.38,79.01,13.41,23.02,64.46,11.34,486.53,-0.02,0.19,0.0
592.0,2024-02-13,15:24:09,592.0,20.18,21.94,69.01,11.36,487.79,21.04,74.93,11.68,21.04,74.93,22.38,79.05,13.42,23.02,64.48,11.34,487.79,-0.02,0.19,0.0
593.0,2024-02-13,15:24:10,593.0,20.18,21.94,69.01,11.36,489.01,21.04,74.93,11.68,21.04,74.93,22.38,79.05,13.42,23.02,64.48,11.34,489.01,-0.02,0.19,0.0
594.0,2024-02-13,15:24:11,594.0,20.18,21.94,69.01,11.36,489.34,21.04,74.93,11.68,21.04,74.93,22.38,79.05,13.42,23.02,64.48,11.34,489.34,-0.02,0.19,0.0
595.0,2024-02-13,15:24:12,595.0,20.19,21.94,69.01,11.36,489.27,21.04,74.91,11.68,21.04,74.91,22.38,79.1,13.42,23.02,64.5,11.34,489.27,-0.02,0.19,0.0
596.0,2024-02-13,15:24:13,596.0,20.19,21.94,69.01,11.36,489.34,21.04,74.91,11.68,21.04,74.91,22.38,79.1,13.42,23.02,64.5,11.34,489.34,-0.02,0.19,0.0
597.0,2024-02-13,15:24:14,597.0,20.19,21.94,69.01,11.36,489.23,21.04,74.91,11.68,21.04,74.91,22.38,79.1,13.42,23.02,64.5,11.34,489.23,-0.02,0.19,0.0
598.0,2024-02-13,15:24:15,598.0,20.19,21.94,69.02,11.37,490.49,21.04,74.93,11.69,21.04,74.93,22.37,79.16,13.43,23.02,64.5,11.34,490.49,-0.02,0.19,0.0
599.0,2024-02-13,15:24:16,599.0,20.19,21.94,69.02,11.37,494.1,21.04,74.93,11.69,21.04,74.93,22.37,79.16,13.43,23.02,64.5,11.34,494.1,-0.02,0.19,0.0
600.0,2024-02-13,15:24:17,600.0,20.19,21.94,69.02,11.37,494.42,21.04,74.93,11.69,21.04,74.93,22.37,79.16,13.43,23.02,64.5,11.34,494.42,-0.02,0.19,0.0
601.0,2024-02-13,15:24:18,601.0,20.19,21.94,69.03,11.37,494.97,21.04,74.94,11.69,21.04,74.94,22.36,79.25,13.44,23.02,64.52,11.35,494.97,-0.02,0.19,0.0
602.0,2024-02-13,15:24:19,602.0,20.19,21.94,69.03,11.37,495.15,21.04,74.94,11.69,21.04,74.94,22.36,79.25,13.44,23.02,64.52,11.35,495.15,-0.02,0.19,0.0
603.0,2024-02-13,15:24:20,603.0,20.19,21.94,69.03,11.37,494.77,21.04,74.94,11.69,21.04,74.94,22.36,79.25,13.44,23.02,64.52,11.35,494.77,-0.02,0.19,0.0
604.0,2024-02-13,15:24:21,604.0,20.19,21.94,69,11.36,494.31,21.04,74.96,11.69,21.04,74.96,22.36,79.3,13.44,23.02,64.54,11.35,494.31,-0.02,0.19,0.0
605.0,2024-02-13,15:24:22,605.0,20.19,21.94,69,11.36,490.84,21.04,74.96,11.69,21.04,74.96,22.36,79.3,13.44,23.02,64.54,11.35,490.84,-0.01,0.19,0.0
606.0,2024-02-13,15:24:23,606.0,20.19,21.94,69,11.36,488.12,21.04,74.96,11.69,21.04,74.96,22.36,79.3,13.44,23.02,64.54,11.35,488.12,-0.01,0.19,0.0
607.0,2024-02-13,15:24:24,607.0,20.19,21.94,69.01,11.37,485,21.05,74.94,11.69,21.05,74.94,22.36,79.3,13.44,23.02,64.53,11.35,485,-0.01,0.19,0.0
608.0,2024-02-13,15:24:25,608.0,20.19,21.94,69.01,11.37,484.72,21.05,74.94,11.69,21.05,74.94,22.36,79.3,13.44,23.02,64.53,11.35,484.72,-0.02,0.19,0.0
609.0,2024-02-13,15:24:26,609.0,20.19,21.94,69.01,11.37,484.57,21.05,74.94,11.69,21.05,74.94,22.36,79.3,13.44,23.02,64.53,11.35,484.57,-0.02,0.19,0.0
610.0,2024-02-13,15:24:27,610.0,20.2,21.94,69.02,11.37,484.68,21.05,74.95,11.69,21.05,74.95,22.35,79.32,13.44,23.02,64.53,11.35,484.68,-0.02,0.19,0.0
611.0,2024-02-13,15:24:28,611.0,20.2,21.94,69.02,11.37,485.16,21.05,74.95,11.69,21.05,74.95,22.35,79.32,13.44,23.02,64.53,11.35,485.16,-0.01,0.18,0.0
612.0,2024-02-13,15:24:29,612.0,20.2,21.94,69.02,11.37,485.45,21.05,74.95,11.69,21.05,74.95,22.35,79.32,13.44,23.02,64.53,11.35,485.45,-0.01,0.18,0.0
613.0,2024-02-13,15:24:30,613.0,20.2,21.94,69.04,11.37,485.51,21.05,74.95,11.7,21.05,74.95,22.35,79.27,13.43,23.02,64.54,11.35,485.51,-0.01,0.19,0.0
614.0,2024-02-13,15:24:31,614.0,20.2,21.94,69.04,11.37,485.33,21.05,74.95,11.7,21.05,74.95,22.35,79.27,13.43,23.02,64.54,11.35,485.33,-0.01,0.19,0.0
615.0,2024-02-13,15:24:32,615.0,20.2,21.94,69.04,11.37,484.7,21.05,74.95,11.7,21.05,74.95,22.35,79.27,13.43,23.02,64.54,11.35,484.7,-0.01,0.18,0.0
616.0,2024-02-13,15:24:33,616.0,20.2,21.94,69.05,11.37,485.29,21.05,74.93,11.69,21.05,74.93,22.35,79.26,13.43,23.02,64.53,11.35,485.29,-0.01,0.19,0.0
617.0,2024-02-13,15:24:34,617.0,20.2,21.94,69.05,11.37,484.82,21.05,74.93,11.69,21.05,74.93,22.35,79.26,13.43,23.02,64.53,11.35,484.82,-0.01,0.18,0.0
618.0,2024-02-13,15:24:35,618.0,20.2,21.94,69.05,11.37,484.71,21.05,74.93,11.69,21.05,74.93,22.35,79.26,13.43,23.02,64.53,11.35,484.71,-0.01,0.18,0.0
619.0,2024-02-13,15:24:36,619.0,20.21,21.94,69.06,11.37,484.65,21.05,74.93,11.7,21.05,74.93,22.34,79.27,13.42,23.02,64.53,11.35,484.65,-0.01,0.18,0.0
620.0,2024-02-13,15:24:37,620.0,20.21,21.94,69.06,11.37,483.72,21.05,74.93,11.7,21.05,74.93,22.34,79.27,13.42,23.02,64.53,11.35,483.72,-0.01,0.18,0.0
621.0,2024-02-13,15:24:38,621.0,20.21,21.94,69.06,11.37,482.38,21.05,74.93,11.7,21.05,74.93,22.34,79.27,13.42,23.02,64.53,11.35,482.38,-0.01,0.18,0.0
622.0,2024-02-13,15:24:39,622.0,20.21,21.94,69.08,11.38,483.64,21.06,74.92,11.7,21.06,74.92,22.34,79.28,13.42,23.02,64.53,11.35,483.64,-0.01,0.18,0.0
623.0,2024-02-13,15:24:40,623.0,20.21,21.94,69.08,11.38,484.67,21.06,74.92,11.7,21.06,74.92,22.34,79.28,13.42,23.02,64.53,11.35,484.67,-0.01,0.18,0.0
624.0,2024-02-13,15:24:41,624.0,20.21,21.94,69.08,11.38,484.71,21.06,74.92,11.7,21.06,74.92,22.34,79.28,13.42,23.02,64.53,11.35,484.71,-0.01,0.18,0.0
625.0,2024-02-13,15:24:42,625.0,20.22,21.94,69.05,11.37,483.6,21.06,74.91,11.69,21.06,74.91,22.33,79.27,13.42,23.02,64.51,11.35,483.6,-0.01,0.18,0.0
626.0,2024-02-13,15:24:43,626.0,20.22,21.94,69.05,11.37,484.07,21.06,74.91,11.69,21.06,74.91,22.33,79.27,13.42,23.02,64.51,11.35,484.07,-0.01,0.18,0.0
627.0,2024-02-13,15:24:44,627.0,20.22,21.94,69.05,11.37,484.71,21.06,74.91,11.69,21.06,74.91,22.33,79.27,13.42,23.02,64.51,11.35,484.71,-0.01,0.18,0.0
628.0,2024-02-13,15:24:45,628.0,20.23,21.94,69.07,11.37,484.72,21.06,74.89,11.7,21.06,74.89,22.33,79.26,13.41,23.02,64.5,11.35,484.72,-0.01,0.18,0.0
629.0,2024-02-13,15:24:46,629.0,20.23,21.94,69.07,11.37,484.42,21.06,74.89,11.7,21.06,74.89,22.33,79.26,13.41,23.02,64.5,11.35,484.42,-0.01,0.18,0.0
630.0,2024-02-13,15:24:47,630.0,20.23,21.94,69.07,11.37,484.42,21.06,74.89,11.7,21.06,74.89,22.33,79.26,13.41,23.02,64.5,11.35,484.42,-0.01,0.18,0.0
631.0,2024-02-13,15:24:48,631.0,20.23,21.94,69.04,11.37,486.52,21.06,74.87,11.69,21.06,74.87,22.33,79.24,13.41,23.02,64.46,11.34,486.52,-0.01,0.18,0.0
632.0,2024-02-13,15:24:49,632.0,20.23,21.94,69.04,11.37,486.99,21.06,74.87,11.69,21.06,74.87,22.33,79.24,13.41,23.02,64.46,11.34,486.99,-0.01,0.18,0.0
633.0,2024-02-13,15:24:50,633.0,20.23,21.94,69.04,11.37,489.14,21.06,74.87,11.69,21.06,74.87,22.33,79.24,13.41,23.02,64.46,11.34,489.14,-0.01,0.18,0.0
634.0,2024-02-13,15:24:51,634.0,20.23,21.94,69.02,11.37,489.91,21.06,74.85,11.69,21.06,74.85,22.33,79.21,13.4,23.02,64.42,11.33,489.91,-0.01,0.18,0.0
635.0,2024-02-13,15:24:52,635.0,20.23,21.94,69.02,11.37,492.21,21.06,74.85,11.69,21.06,74.85,22.33,79.21,13.4,23.02,64.42,11.33,492.21,-0.01,0.18,0.0
636.0,2024-02-13,15:24:53,636.0,20.23,21.94,69.02,11.37,494.1,21.06,74.85,11.69,21.06,74.85,22.33,79.21,13.4,23.02,64.42,11.33,494.1,-0.01,0.18,0.0
637.0,2024-02-13,15:24:54,637.0,20.23,21.93,69.01,11.36,494.2,21.06,74.86,11.69,21.06,74.86,22.33,79.22,13.4,23.02,64.4,11.32,494.2,-0.01,0.18,0.0
638.0,2024-02-13,15:24:55,638.0,20.23,21.93,69.01,11.36,496.88,21.06,74.86,11.69,21.06,74.86,22.33,79.22,13.4,23.02,64.4,11.32,496.88,-0.01,0.18,0.0
639.0,2024-02-13,15:24:56,639.0,20.23,21.93,69.01,11.36,507.03,21.06,74.86,11.69,21.06,74.86,22.33,79.22,13.4,23.02,64.4,11.32,507.03,-0.01,0.18,0.0
640.0,2024-02-13,15:24:57,640.0,20.26,21.94,68.95,11.36,511.66,21.07,74.83,11.69,21.07,74.83,22.33,79.21,13.41,23.03,64.37,11.32,511.66,-0.01,0.18,0.0
641.0,2024-02-13,15:24:58,641.0,20.26,21.94,68.95,11.36,520.6,21.07,74.83,11.69,21.07,74.83,22.33,79.21,13.41,23.03,64.37,11.32,520.6,-0.01,0.19,0.0
642.0,2024-02-13,15:24:59,642.0,20.26,21.94,68.95,11.36,522.52,21.07,74.83,11.69,21.07,74.83,22.33,79.21,13.41,23.03,64.37,11.32,522.52,-0.01,0.19,0.0
643.0,2024-02-13,15:25:00,643.0,20.28,21.96,68.85,11.36,524.71,21.07,74.8,11.69,21.07,74.8,22.33,79.2,13.4,23.03,64.33,11.32,524.71,-0.01,0.19,0.0
644.0,2024-02-13,15:25:01,644.0,20.28,21.96,68.85,11.36,523.64,21.07,74.8,11.69,21.07,74.8,22.33,79.2,13.4,23.03,64.33,11.32,523.64,-0.01,0.19,0.0
645.0,2024-02-13,15:25:02,645.0,20.28,21.96,68.85,11.36,522.08,21.07,74.8,11.69,21.07,74.8,22.33,79.2,13.4,23.03,64.33,11.32,522.08,-0.01,0.18,0.0
646.0,2024-02-13,15:25:03,646.0,20.28,21.98,70.07,11.57,521.81,21.07,74.77,11.68,21.07,74.77,22.33,79.24,13.41,23.02,64.31,11.31,521.81,-0.01,0.18,0.0
647.0,2024-02-13,15:25:04,647.0,20.28,21.98,70.07,11.57,521.24,21.07,74.77,11.68,21.07,74.77,22.33,79.24,13.41,23.02,64.31,11.31,521.24,-0.11,0.18,0.0
648.0,2024-02-13,15:25:05,648.0,20.28,21.98,70.07,11.57,521.06,21.07,74.77,11.68,21.07,74.77,22.33,79.24,13.41,23.02,64.31,11.31,521.06,-0.11,0.18,0.0
649.0,2024-02-13,15:25:06,649.0,20.28,21.99,74.91,12.4,520.21,21.08,74.74,11.68,21.08,74.74,22.33,79.29,13.41,23.03,64.31,11.31,520.21,-0.11,0.18,0.0
650.0,2024-02-13,15:25:07,650.0,20.28,21.99,74.91,12.4,519.6,21.08,74.74,11.68,21.08,74.74,22.33,79.29,13.41,23.03,64.31,11.31,519.6,-0.48,0.18,0.0
651.0,2024-02-13,15:25:08,651.0,20.28,21.99,74.91,12.4,519.65,21.08,74.74,11.68,21.08,74.74,22.33,79.29,13.41,23.03,64.31,11.31,519.65,-0.48,0.18,0.0
652.0,2024-02-13,15:25:09,652.0,20.28,22,84.26,13.99,520.85,21.08,74.7,11.68,21.08,74.7,22.33,79.29,13.41,23.03,64.31,11.31,520.85,-0.48,0.18,0.0
653.0,2024-02-13,15:25:10,653.0,20.28,22,84.26,13.99,522.41,21.08,74.7,11.68,21.08,74.7,22.33,79.29,13.41,23.03,64.31,11.31,522.41,-1.19,0.18,0.0
654.0,2024-02-13,15:25:11,654.0,20.28,22,84.26,13.99,523.39,21.08,74.7,11.68,21.08,74.7,22.33,79.29,13.41,23.03,64.31,11.31,523.39,-1.19,0.18,0.0
655.0,2024-02-13,15:25:12,655.0,20.28,22.01,95.51,15.91,528.59,21.09,74.67,11.68,21.09,74.67,22.32,79.34,13.42,23.03,64.3,11.31,528.59,-2.06,0.18,0.0
656.0,2024-02-13,15:25:13,656.0,20.28,22.01,95.51,15.91,528.65,21.09,74.67,11.68,21.09,74.67,22.32,79.34,13.42,23.03,64.3,11.31,528.65,-2.06,0.18,0.0
657.0,2024-02-13,15:25:14,657.0,20.28,22.01,95.51,15.91,520.92,21.09,74.67,11.68,21.09,74.67,22.32,79.34,13.42,23.03,64.3,11.31,520.92,-2.03,0.18,0.0
658.0,2024-02-13,15:25:15,658.0,20.29,22.02,102.83,17.18,516,21.1,74.63,11.68,21.1,74.63,22.32,79.37,13.42,23.03,64.19,11.29,516,-2.01,0.18,0.0
659.0,2024-02-13,15:25:16,659.0,20.29,22.02,102.83,17.18,506.32,21.1,74.63,11.68,21.1,74.63,22.32,79.37,13.42,23.03,64.19,11.29,506.32,-2.52,0.17,0.0
660.0,2024-02-13,15:25:17,660.0,20.29,22.02,102.83,17.18,502.13,21.1,74.63,11.68,21.1,74.63,22.32,79.37,13.42,23.03,64.19,11.29,502.13,-2.5,0.17,0.0
661.0,2024-02-13,15:25:18,661.0,20.28,22.02,103.25,17.25,496.95,21.1,74.6,11.67,21.1,74.6,22.31,79.4,13.42,23.02,64.29,11.31,496.95,-2.5,0.17,0.0
662.0,2024-02-13,15:25:19,662.0,20.28,22.02,103.25,17.25,495.88,21.1,74.6,11.67,21.1,74.6,22.31,79.4,13.42,23.02,64.29,11.31,495.88,-2.5,0.17,0.0
663.0,2024-02-13,15:25:20,663.0,20.28,22.02,103.25,17.25,493.61,21.1,74.6,11.67,21.1,74.6,22.31,79.4,13.42,23.02,64.29,11.31,493.61,-2.48,0.17,0.0
664.0,2024-02-13,15:25:21,664.0,20.29,22.02,100.36,16.75,493.17,21.1,74.57,11.67,21.1,74.57,22.31,79.39,13.42,23.03,64.26,11.31,493.17,-2.48,0.17,0.0
665.0,2024-02-13,15:25:22,665.0,20.29,22.02,100.36,16.75,492.69,21.1,74.57,11.67,21.1,74.57,22.31,79.39,13.42,23.03,64.26,11.31,492.69,-2.27,0.17,0.0
666.0,2024-02-13,15:25:23,666.0,20.29,22.02,100.36,16.75,491.11,21.1,74.57,11.67,21.1,74.57,22.31,79.39,13.42,23.03,64.26,11.31,491.11,-2.27,0.17,0.0
667.0,2024-02-13,15:25:24,667.0,20.3,22.02,96.27,16.05,489.69,21.11,74.55,11.67,21.11,74.55,22.31,79.4,13.42,23.03,64.27,11.31,489.69,-1.97,0.17,0.0
668.0,2024-02-13,15:25:25,668.0,20.3,22.02,96.27,16.05,489.18,21.11,74.55,11.67,21.11,74.55,22.31,79.4,13.42,23.03,64.27,11.31,489.18,-1.97,0.17,0.0
669.0,2024-02-13,15:25:26,669.0,20.3,22.02,96.27,16.05,488.91,21.11,74.55,11.67,21.11,74.55,22.31,79.4,13.42,23.03,64.27,11.31,488.91,-1.96,0.17,0.0
670.0,2024-02-13,15:25:27,670.0,20.31,22.02,92.29,15.37,490.08,21.11,74.53,11.67,21.11,74.53,22.31,79.42,13.43,23.03,64.26,11.31,490.08,-1.97,0.17,0.0
671.0,2024-02-13,15:25:28,671.0,20.31,22.02,92.29,15.37,491.66,21.11,74.53,11.67,21.11,74.53,22.31,79.42,13.43,23.03,64.26,11.31,491.66,-1.69,0.17,0.0
672.0,2024-02-13,15:25:29,672.0,20.31,22.02,92.29,15.37,495.28,21.11,74.53,11.67,21.11,74.53,22.31,79.42,13.43,23.03,64.26,11.31,495.28,-1.7,0.17,0.0
673.0,2024-02-13,15:25:30,673.0,20.32,22.02,88.5,14.72,503.56,21.11,74.51,11.67,21.11,74.51,22.31,79.39,13.42,23.03,64.26,11.31,503.56,-1.73,0.17,0.0
674.0,2024-02-13,15:25:31,674.0,20.32,22.02,88.5,14.72,505.29,21.11,74.51,11.67,21.11,74.51,22.31,79.39,13.42,23.03,64.26,11.31,505.29,-1.46,0.17,0.0
675.0,2024-02-13,15:25:32,675.0,20.32,22.02,88.5,14.72,509.5,21.11,74.51,11.67,21.11,74.51,22.31,79.39,13.42,23.03,64.26,11.31,509.5,-1.47,0.18,0.0
676.0,2024-02-13,15:25:33,676.0,20.34,22.02,85.3,14.18,515.04,21.11,74.5,11.67,21.11,74.5,22.31,79.33,13.41,23.03,64.26,11.31,515.04,-1.49,0.18,0.0
677.0,2024-02-13,15:25:34,677.0,20.34,22.02,85.3,14.18,528.73,21.11,74.5,11.67,21.11,74.5,22.31,79.33,13.41,23.03,64.26,11.31,528.73,-1.29,0.18,0.0
678.0,2024-02-13,15:25:35,678.0,20.34,22.02,85.3,14.18,542.34,21.11,74.5,11.67,21.11,74.5,22.31,79.33,13.41,23.03,64.26,11.31,542.34,-1.32,0.19,0.0
679.0,2024-02-13,15:25:36,679.0,20.35,22.4,79.81,13.56,547.54,21.11,74.49,11.67,21.11,74.49,22.31,79.31,13.4,23.02,64.29,11.31,547.54,-1.33,0.19,0.0
680.0,2024-02-13,15:25:37,680.0,20.35,22.4,79.81,13.56,552.61,21.11,74.49,11.67,21.11,74.49,22.31,79.31,13.4,23.02,64.29,11.31,552.61,-1.13,0.19,0.0
681.0,2024-02-13,15:25:38,681.0,20.35,22.4,79.81,13.56,557.08,21.11,74.49,11.67,21.11,74.49,22.31,79.31,13.4,23.02,64.29,11.31,557.08,-1.14,0.19,0.0
682.0,2024-02-13,15:25:39,682.0,20.37,23.34,71.28,12.81,557.59,21.1,74.48,11.66,21.1,74.48,22.29,79.26,13.38,23.01,64.24,11.29,557.59,-1.14,0.19,0.0
683.0,2024-02-13,15:25:40,683.0,20.37,23.34,71.28,12.81,558.69,21.1,74.48,11.66,21.1,74.48,22.29,79.26,13.38,23.01,64.24,11.29,558.69,-0.97,0.19,0.0
684.0,2024-02-13,15:25:41,684.0,20.37,23.34,71.28,12.81,558.75,21.1,74.48,11.66,21.1,74.48,22.29,79.26,13.38,23.01,64.24,11.29,558.75,-0.97,0.19,0.0
685.0,2024-02-13,15:25:42,685.0,20.41,24.39,63.39,12.12,547.02,21.13,74.44,11.67,21.13,74.44,22.32,79.23,13.4,23.03,64.25,11.31,547.02,-0.95,0.18,0.0
686.0,2024-02-13,15:25:43,686.0,20.41,24.39,63.39,12.12,532.02,21.13,74.44,11.67,21.13,74.44,22.32,79.23,13.4,23.03,64.25,11.31,532.02,-0.79,0.18,0.0
687.0,2024-02-13,15:25:44,687.0,20.41,24.39,63.39,12.12,526.96,21.13,74.44,11.67,21.13,74.44,22.32,79.23,13.4,23.03,64.25,11.31,526.96,-0.79,0.18,0.0
688.0,2024-02-13,15:25:45,688.0,20.42,24.57,61.11,11.81,523.92,21.14,74.41,11.67,21.14,74.41,22.32,79.18,13.39,23.03,64.33,11.32,523.92,-0.78,0.18,0.0
689.0,2024-02-13,15:25:46,689.0,20.42,24.57,61.11,11.81,515.57,21.14,74.41,11.67,21.14,74.41,22.32,79.18,13.39,23.03,64.33,11.32,515.57,-0.66,0.18,0.0
690.0,2024-02-13,15:25:47,690.0,20.42,24.57,61.11,11.81,511.15,21.14,74.41,11.67,21.14,74.41,22.32,79.18,13.39,23.03,64.33,11.32,511.15,-0.66,0.18,0.0
691.0,2024-02-13,15:25:48,691.0,20.43,24.35,61.36,11.7,502.18,21.14,74.4,11.68,21.14,74.4,22.32,79.12,13.38,23.03,64.36,11.33,502.18,-0.65,0.18,0.0
692.0,2024-02-13,15:25:49,692.0,20.43,24.35,61.36,11.7,498.17,21.14,74.4,11.68,21.14,74.4,22.32,79.12,13.38,23.03,64.36,11.33,498.17,-0.55,0.18,0.0
693.0,2024-02-13,15:25:50,693.0,20.43,24.35,61.36,11.7,492.28,21.14,74.4,11.68,21.14,74.4,22.32,79.12,13.38,23.03,64.36,11.33,492.28,-0.55,0.17,0.0
694.0,2024-02-13,15:25:51,694.0,20.44,24,62.52,11.67,488.15,21.14,74.39,11.68,21.14,74.39,22.33,79.12,13.39,23.03,64.38,11.33,488.15,-0.47,0.17,0.0
695.0,2024-02-13,15:25:52,695.0,20.44,24,62.52,11.67,486.3,21.14,74.39,11.68,21.14,74.39,22.33,79.12,13.39,23.03,64.38,11.33,486.3,-0.47,0.17,0.0
696.0,2024-02-13,15:25:53,696.0,20.44,24,62.52,11.67,486.13,21.14,74.39,11.68,21.14,74.39,22.33,79.12,13.39,23.03,64.38,11.33,486.13,-0.47,0.17,0.0
697.0,2024-02-13,15:25:54,697.0,20.45,23.63,63.9,11.67,486.57,21.15,74.4,11.68,21.15,74.4,22.32,79.11,13.38,23.03,64.4,11.34,486.57,-0.47,0.17,0.0
698.0,2024-02-13,15:25:55,698.0,20.45,23.63,63.9,11.67,484.72,21.15,74.4,11.68,21.15,74.4,22.32,79.11,13.38,23.03,64.4,11.34,484.72,-0.4,0.17,0.0
699.0,2024-02-13,15:25:56,699.0,20.45,23.63,63.9,11.67,483.46,21.15,74.4,11.68,21.15,74.4,22.32,79.11,13.38,23.03,64.4,11.34,483.46,-0.4,0.17,0.0
700.0,2024-02-13,15:25:57,700.0,20.45,23.3,65.21,11.67,482.69,21.15,74.39,11.68,21.15,74.39,22.32,79.15,13.39,23.04,64.41,11.34,482.69,-0.4,0.17,0.0
701.0,2024-02-13,15:25:58,701.0,20.45,23.3,65.21,11.67,483.93,21.15,74.39,11.68,21.15,74.39,22.32,79.15,13.39,23.04,64.41,11.34,483.93,-0.35,0.17,0.0
702.0,2024-02-13,15:25:59,702.0,20.45,23.3,65.21,11.67,485.85,21.15,74.39,11.68,21.15,74.39,22.32,79.15,13.39,23.04,64.41,11.34,485.85,-0.35,0.17,0.0
703.0,2024-02-13,15:26:00,703.0,20.46,23.04,66.2,11.67,488.26,21.16,74.39,11.68,21.16,74.39,22.33,79.14,13.39,23.04,64.38,11.33,488.26,-0.31,0.17,0.0
704.0,2024-02-13,15:26:01,704.0,20.46,23.04,66.2,11.67,488.27,21.16,74.39,11.68,21.16,74.39,22.33,79.14,13.39,23.04,64.38,11.33,488.27,-0.31,0.17,0.0
705.0,2024-02-13,15:26:02,705.0,20.46,23.04,66.2,11.67,489.79,21.16,74.39,11.68,21.16,74.39,22.33,79.14,13.39,23.04,64.38,11.33,489.79,-0.31,0.17,0.0
706.0,2024-02-13,15:26:03,706.0,20.46,22.84,66.96,11.65,491.96,21.16,74.37,11.68,21.16,74.37,22.33,79.12,13.39,23.04,64.37,11.33,491.96,-0.31,0.17,0.0
707.0,2024-02-13,15:26:04,707.0,20.46,22.84,66.96,11.65,492.57,21.16,74.37,11.68,21.16,74.37,22.33,79.12,13.39,23.04,64.37,11.33,492.57,-0.27,0.17,0.0
708.0,2024-02-13,15:26:05,708.0,20.46,22.84,66.96,11.65,492.11,21.16,74.37,11.68,21.16,74.37,22.33,79.12,13.39,23.04,64.37,11.33,492.11,-0.27,0.17,0.0
709.0,2024-02-13,15:26:06,709.0,20.46,22.67,67.56,11.64,493.22,21.16,74.35,11.68,21.16,74.35,22.33,79.1,13.39,23.04,64.34,11.33,493.22,-0.24,0.17,0.0
710.0,2024-02-13,15:26:07,710.0,20.46,22.67,67.56,11.64,494.25,21.16,74.35,11.68,21.16,74.35,22.33,79.1,13.39,23.04,64.34,11.33,494.25,-0.24,0.17,0.0
711.0,2024-02-13,15:26:08,711.0,20.46,22.67,67.56,11.64,493.03,21.16,74.35,11.68,21.16,74.35,22.33,79.1,13.39,23.04,64.34,11.33,493.03,-0.23,0.17,0.0
712.0,2024-02-13,15:26:09,712.0,20.46,22.54,68,11.62,492.59,21.17,74.32,11.68,21.17,74.32,22.33,79.11,13.39,23.04,64.33,11.33,492.59,-0.23,0.17,0.0
713.0,2024-02-13,15:26:10,713.0,20.46,22.54,68,11.62,491.77,21.17,74.32,11.68,21.17,74.32,22.33,79.11,13.39,23.04,64.33,11.33,491.77,-0.2,0.17,0.0
714.0,2024-02-13,15:26:11,714.0,20.46,22.54,68,11.62,491.87,21.17,74.32,11.68,21.17,74.32,22.33,79.11,13.39,23.04,64.33,11.33,491.87,-0.2,0.17,0.0
715.0,2024-02-13,15:26:12,715.0,20.46,22.43,68.31,11.6,494.09,21.17,74.31,11.68,21.17,74.31,22.33,79.1,13.39,23.04,64.32,11.32,494.09,-0.18,0.17,0.0
716.0,2024-02-13,15:26:13,716.0,20.46,22.43,68.31,11.6,494.41,21.17,74.31,11.68,21.17,74.31,22.33,79.1,13.39,23.04,64.32,11.32,494.41,-0.18,0.17,0.0
717.0,2024-02-13,15:26:14,717.0,20.46,22.43,68.31,11.6,493.37,21.17,74.31,11.68,21.17,74.31,22.33,79.1,13.39,23.04,64.32,11.32,493.37,-0.18,0.16,0.0
718.0,2024-02-13,15:26:15,718.0,20.46,22.35,68.52,11.58,491.56,21.17,74.29,11.68,21.17,74.29,22.33,79.09,13.38,23.03,64.31,11.32,491.56,-0.18,0.16,0.0
719.0,2024-02-13,15:26:16,719.0,20.46,22.35,68.52,11.58,487.84,21.17,74.29,11.68,21.17,74.29,22.33,79.09,13.38,23.03,64.31,11.32,487.84,-0.15,0.16,0.0
720.0,2024-02-13,15:26:17,720.0,20.46,22.35,68.52,11.58,486.11,21.17,74.29,11.68,21.17,74.29,22.33,79.09,13.38,23.03,64.31,11.32,486.11,-0.15,0.16,0.0
721.0,2024-02-13,15:26:18,721.0,20.46,22.29,68.69,11.56,482.38,21.17,74.29,11.68,21.17,74.29,22.34,79.07,13.39,23.04,64.32,11.32,482.38,-0.13,0.16,0.0
722.0,2024-02-13,15:26:19,722.0,20.46,22.29,68.69,11.56,482.93,21.17,74.29,11.68,21.17,74.29,22.34,79.07,13.39,23.04,64.32,11.32,482.93,-0.13,0.16,0.0
723.0,2024-02-13,15:26:20,723.0,20.46,22.29,68.69,11.56,486.29,21.17,74.29,11.68,21.17,74.29,22.34,79.07,13.39,23.04,64.32,11.32,486.29,-0.14,0.16,0.0
724.0,2024-02-13,15:26:21,724.0,20.47,22.24,68.81,11.55,487.17,21.17,74.25,11.68,21.17,74.25,22.34,79.02,13.38,23.04,64.31,11.32,487.17,-0.14,0.16,0.0
725.0,2024-02-13,15:26:22,725.0,20.47,22.24,68.81,11.55,487.67,21.17,74.25,11.68,21.17,74.25,22.34,79.02,13.38,23.04,64.31,11.32,487.67,-0.12,0.16,0.0
726.0,2024-02-13,15:26:23,726.0,20.47,22.24,68.81,11.55,487.55,21.17,74.25,11.68,21.17,74.25,22.34,79.02,13.38,23.04,64.31,11.32,487.55,-0.12,0.16,0.0
727.0,2024-02-13,15:26:24,727.0,20.49,22.2,68.87,11.53,487.19,21.18,74.24,11.68,21.18,74.24,22.35,79,13.38,23.04,64.32,11.32,487.19,-0.11,0.16,0.0
728.0,2024-02-13,15:26:25,728.0,20.49,22.2,68.87,11.53,486.78,21.18,74.24,11.68,21.18,74.24,22.35,79,13.38,23.04,64.32,11.32,486.78,-0.11,0.16,0.0
729.0,2024-02-13,15:26:26,729.0,20.49,22.2,68.87,11.53,483.11,21.18,74.24,11.68,21.18,74.24,22.35,79,13.38,23.04,64.32,11.32,483.11,-0.11,0.16,0.0
730.0,2024-02-13,15:26:27,730.0,20.5,22.17,68.93,11.52,481.93,21.18,74.23,11.68,21.18,74.23,22.35,78.96,13.38,23.04,64.33,11.33,481.93,-0.11,0.16,0.0
731.0,2024-02-13,15:26:28,731.0,20.5,22.17,68.93,11.52,482.41,21.18,74.23,11.68,21.18,74.23,22.35,78.96,13.38,23.04,64.33,11.33,482.41,-0.1,0.16,0.0
732.0,2024-02-13,15:26:29,732.0,20.5,22.17,68.93,11.52,483.78,21.18,74.23,11.68,21.18,74.23,22.35,78.96,13.38,23.04,64.33,11.33,483.78,-0.1,0.16,0.0
733.0,2024-02-13,15:26:30,733.0,20.5,22.15,68.95,11.5,486.9,21.18,74.2,11.67,21.18,74.2,22.35,78.91,13.37,23.04,64.33,11.33,486.9,-0.09,0.16,0.0
734.0,2024-02-13,15:26:31,734.0,20.5,22.15,68.95,11.5,487.18,21.18,74.2,11.67,21.18,74.2,22.35,78.91,13.37,23.04,64.33,11.33,487.18,-0.09,0.16,0.0
735.0,2024-02-13,15:26:32,735.0,20.5,22.15,68.95,11.5,485.04,21.18,74.2,11.67,21.18,74.2,22.35,78.91,13.37,23.04,64.33,11.33,485.04,-0.09,0.16,0.0
736.0,2024-02-13,15:26:33,736.0,20.51,22.13,68.98,11.49,484.7,21.18,74.2,11.67,21.18,74.2,22.36,78.88,13.37,23.03,64.35,11.33,484.7,-0.09,0.16,0.0
737.0,2024-02-13,15:26:34,737.0,20.51,22.13,68.98,11.49,487.85,21.18,74.2,11.67,21.18,74.2,22.36,78.88,13.37,23.03,64.35,11.33,487.85,-0.08,0.16,0.0
738.0,2024-02-13,15:26:35,738.0,20.51,22.13,68.98,11.49,488.6,21.18,74.2,11.67,21.18,74.2,22.36,78.88,13.37,23.03,64.35,11.33,488.6,-0.08,0.16,0.0
739.0,2024-02-13,15:26:36,739.0,20.53,22.12,68.99,11.49,488.76,21.19,74.17,11.68,21.19,74.17,22.36,78.86,13.37,23.04,64.33,11.33,488.76,-0.08,0.16,0.0
740.0,2024-02-13,15:26:37,740.0,20.53,22.12,68.99,11.49,488.3,21.19,74.17,11.68,21.19,74.17,22.36,78.86,13.37,23.04,64.33,11.33,488.3,-0.08,0.16,0.0
741.0,2024-02-13,15:26:38,741.0,20.53,22.12,68.99,11.49,488.63,21.19,74.17,11.68,21.19,74.17,22.36,78.86,13.37,23.04,64.33,11.33,488.63,-0.08,0.16,0.0
742.0,2024-02-13,15:26:39,742.0,20.54,22.11,68.97,11.48,489.21,21.19,74.16,11.67,21.19,74.16,22.36,78.85,13.37,23.04,64.33,11.32,489.21,-0.08,0.16,0.0
743.0,2024-02-13,15:26:40,743.0,20.54,22.11,68.97,11.48,489.05,21.19,74.16,11.67,21.19,74.16,22.36,78.85,13.37,23.04,64.33,11.32,489.05,-0.07,0.16,0.0
744.0,2024-02-13,15:26:41,744.0,20.54,22.11,68.97,11.48,487.24,21.19,74.16,11.67,21.19,74.16,22.36,78.85,13.37,23.04,64.33,11.32,487.24,-0.07,0.16,0.0
745.0,2024-02-13,15:26:42,745.0,20.55,22.1,68.94,11.47,480.41,21.2,74.14,11.67,21.2,74.14,22.36,78.86,13.37,23.03,64.34,11.33,480.41,-0.06,0.16,0.0
746.0,2024-02-13,15:26:43,746.0,20.55,22.1,68.94,11.47,478.63,21.2,74.14,11.67,21.2,74.14,22.36,78.86,13.37,23.03,64.34,11.33,478.63,-0.06,0.16,0.0
747.0,2024-02-13,15:26:44,747.0,20.55,22.1,68.94,11.47,478.45,21.2,74.14,11.67,21.2,74.14,22.36,78.86,13.37,23.03,64.34,11.33,478.45,-0.06,0.16,0.0
748.0,2024-02-13,15:26:45,748.0,20.55,22.09,68.87,11.45,479.6,21.2,74.11,11.67,21.2,74.11,22.36,78.89,13.37,23.04,64.34,11.33,479.6,-0.06,0.16,0.0
749.0,2024-02-13,15:26:46,749.0,20.55,22.09,68.87,11.45,480.35,21.2,74.11,11.67,21.2,74.11,22.36,78.89,13.37,23.04,64.34,11.33,480.35,-0.06,0.16,0.0
750.0,2024-02-13,15:26:47,750.0,20.55,22.09,68.87,11.45,479.37,21.2,74.11,11.67,21.2,74.11,22.36,78.89,13.37,23.04,64.34,11.33,479.37,-0.06,0.16,0.0
751.0,2024-02-13,15:26:48,751.0,20.55,22.09,68.84,11.45,477.82,21.21,74.09,11.67,21.21,74.09,22.36,78.93,13.38,23.04,64.33,11.33,477.82,-0.05,0.16,0.0
752.0,2024-02-13,15:26:49,752.0,20.55,22.09,68.84,11.45,477.84,21.21,74.09,11.67,21.21,74.09,22.36,78.93,13.38,23.04,64.33,11.33,477.84,-0.05,0.16,0.0
753.0,2024-02-13,15:26:50,753.0,20.55,22.09,68.84,11.45,476.27,21.21,74.09,11.67,21.21,74.09,22.36,78.93,13.38,23.04,64.33,11.33,476.27,-0.05,0.16,0.0
754.0,2024-02-13,15:26:51,754.0,20.55,22.09,68.81,11.44,475.17,21.21,74.07,11.67,21.21,74.07,22.36,78.98,13.39,23.04,64.33,11.33,475.17,-0.05,0.16,0.0
755.0,2024-02-13,15:26:52,755.0,20.55,22.09,68.81,11.44,476.59,21.21,74.07,11.67,21.21,74.07,22.36,78.98,13.39,23.04,64.33,11.33,476.59,-0.05,0.16,0.0
756.0,2024-02-13,15:26:53,756.0,20.55,22.09,68.81,11.44,478.03,21.21,74.07,11.67,21.21,74.07,22.36,78.98,13.39,23.04,64.33,11.33,478.03,-0.05,0.16,0.0
757.0,2024-02-13,15:26:54,757.0,20.56,22.09,68.74,11.43,479.74,21.22,74.05,11.67,21.22,74.05,22.36,79,13.39,23.04,64.32,11.33,479.74,-0.04,0.16,0.0
758.0,2024-02-13,15:26:55,758.0,20.56,22.09,68.74,11.43,481.14,21.22,74.05,11.67,21.22,74.05,22.36,79,13.39,23.04,64.32,11.33,481.14,-0.04,0.16,0.0
759.0,2024-02-13,15:26:56,759.0,20.56,22.09,68.74,11.43,483.97,21.22,74.05,11.67,21.22,74.05,22.36,79,13.39,23.04,64.32,11.33,483.97,-0.04,0.16,0.0
760.0,2024-02-13,15:26:57,760.0,20.56,22.09,68.72,11.43,485.03,21.22,74.02,11.67,21.22,74.02,22.36,79.06,13.4,23.04,64.33,11.33,485.03,-0.05,0.16,0.0
761.0,2024-02-13,15:26:58,761.0,20.56,22.09,68.72,11.43,484.43,21.22,74.02,11.67,21.22,74.02,22.36,79.06,13.4,23.04,64.33,11.33,484.43,-0.04,0.16,0.0
762.0,2024-02-13,15:26:59,762.0,20.56,22.09,68.72,11.43,484.12,21.22,74.02,11.67,21.22,74.02,22.36,79.06,13.4,23.04,64.33,11.33,484.12,-0.04,0.16,0.0
763.0,2024-02-13,15:27:00,763.0,20.56,22.09,68.65,11.42,485.21,21.22,74.01,11.67,21.22,74.01,22.36,79.04,13.4,23.05,64.31,11.33,485.21,-0.04,0.16,0.0
764.0,2024-02-13,15:27:01,764.0,20.56,22.09,68.65,11.42,491.33,21.22,74.01,11.67,21.22,74.01,22.36,79.04,13.4,23.05,64.31,11.33,491.33,-0.04,0.16,0.0
765.0,2024-02-13,15:27:02,765.0,20.56,22.09,68.65,11.42,495.01,21.22,74.01,11.67,21.22,74.01,22.36,79.04,13.4,23.05,64.31,11.33,495.01,-0.04,0.16,0.0
766.0,2024-02-13,15:27:03,766.0,20.56,22.1,68.61,11.41,508.07,21.22,74.01,11.67,21.22,74.01,22.36,79.02,13.39,23.05,64.33,11.33,508.07,-0.04,0.17,0.0
767.0,2024-02-13,15:27:04,767.0,20.56,22.1,68.61,11.41,514.55,21.22,74.01,11.67,21.22,74.01,22.36,79.02,13.39,23.05,64.33,11.33,514.55,-0.04,0.17,0.0
768.0,2024-02-13,15:27:05,768.0,20.56,22.1,68.61,11.41,520.64,21.22,74.01,11.67,21.22,74.01,22.36,79.02,13.39,23.05,64.33,11.33,520.64,-0.04,0.17,0.0
769.0,2024-02-13,15:27:06,769.0,20.56,22.09,68.59,11.4,523.04,21.23,73.98,11.67,21.23,73.98,22.36,78.99,13.39,23.05,64.28,11.33,523.04,-0.04,0.17,0.0
770.0,2024-02-13,15:27:07,770.0,20.56,22.09,68.59,11.4,527.4,21.23,73.98,11.67,21.23,73.98,22.36,78.99,13.39,23.05,64.28,11.33,527.4,-0.04,0.17,0.0
771.0,2024-02-13,15:27:08,771.0,20.56,22.09,68.59,11.4,528.05,21.23,73.98,11.67,21.23,73.98,22.36,78.99,13.39,23.05,64.28,11.33,528.05,-0.04,0.17,0.0
772.0,2024-02-13,15:27:09,772.0,20.55,22.09,68.56,11.4,528.67,22.46,65.63,11.15,22.46,65.63,22.36,78.96,13.38,23.05,64.26,11.32,528.67,-0.04,0.18,0.0
773.0,2024-02-13,15:27:10,773.0,20.55,22.09,68.56,11.4,528.66,22.46,65.63,11.15,22.46,65.63,22.36,78.96,13.38,23.05,64.26,11.32,528.66,-0.04,0.18,0.0
774.0,2024-02-13,15:27:11,774.0,20.55,22.09,68.56,11.4,533,22.46,65.63,11.15,22.46,65.63,22.36,78.96,13.38,23.05,64.26,11.32,533,-0.04,0.18,0.0
775.0,2024-02-13,15:27:12,775.0,20.54,22.09,68.55,11.39,534.27,24.69,52.65,10.22,24.69,52.65,22.36,78.98,13.38,23.06,64.22,11.32,534.27,-0.04,0.19,0.0
776.0,2024-02-13,15:27:13,776.0,20.54,22.09,68.55,11.39,535.89,24.69,52.65,10.22,24.69,52.65,22.36,78.98,13.38,23.06,64.22,11.32,535.89,-0.06,0.2,0.0
777.0,2024-02-13,15:27:14,777.0,20.54,22.09,68.55,11.39,535.08,24.69,52.65,10.22,24.69,52.65,22.36,78.98,13.38,23.06,64.22,11.32,535.08,-0.06,0.2,0.0
778.0,2024-02-13,15:27:15,778.0,20.54,22.09,68.48,11.39,532.97,26.59,43.44,9.43,26.59,43.44,22.36,78.98,13.38,23.06,64.17,11.32,532.97,-0.07,0.22,0.0
779.0,2024-02-13,15:27:16,779.0,20.54,22.09,68.48,11.39,532.51,26.59,43.44,9.43,26.59,43.44,22.36,78.98,13.38,23.06,64.17,11.32,532.51,-0.07,0.22,0.0
780.0,2024-02-13,15:27:17,780.0,20.54,22.09,68.48,11.39,531.7,26.59,43.44,9.43,26.59,43.44,22.36,78.98,13.38,23.06,64.17,11.32,531.7,-0.07,0.22,0.0
781.0,2024-02-13,15:27:18,781.0,20.54,22.1,68.41,11.38,529.79,27.93,37.79,8.86,27.93,37.79,22.35,78.99,13.39,23.07,64.13,11.31,529.79,-0.07,0.21,0.0
782.0,2024-02-13,15:27:19,782.0,20.54,22.1,68.41,11.38,526.77,27.93,37.79,8.86,27.93,37.79,22.35,78.99,13.39,23.07,64.13,11.31,526.77,-0.08,0.22,0.0
783.0,2024-02-13,15:27:20,783.0,20.54,22.1,68.41,11.38,526.34,27.93,37.79,8.86,27.93,37.79,22.35,78.99,13.39,23.07,64.13,11.31,526.34,-0.08,0.22,0.0
784.0,2024-02-13,15:27:21,784.0,20.53,22.1,68.34,11.37,526.66,28.27,36.42,8.71,28.27,36.42,22.35,79.02,13.38,23.06,64.09,11.3,526.66,-0.09,0.23,0.0
785.0,2024-02-13,15:27:22,785.0,20.53,22.1,68.34,11.37,528.16,28.27,36.42,8.71,28.27,36.42,22.35,79.02,13.38,23.06,64.09,11.3,528.16,-0.09,0.23,0.0
786.0,2024-02-13,15:27:23,786.0,20.53,22.1,68.34,11.37,530.5,28.27,36.42,8.71,28.27,36.42,22.35,79.02,13.38,23.06,64.09,11.3,530.5,-0.09,0.23,0.0
787.0,2024-02-13,15:27:24,787.0,20.54,22.12,68.21,11.36,530.69,27.92,39.46,9.25,27.92,39.46,22.35,79.04,13.39,23.07,64.02,11.29,530.69,-0.09,0.23,0.0
788.0,2024-02-13,15:27:25,788.0,20.54,22.12,68.21,11.36,530.85,27.92,39.46,9.25,27.92,39.46,22.35,79.04,13.39,23.07,64.02,11.29,530.85,0.09,0.05,0.0
789.0,2024-02-13,15:27:26,789.0,20.54,22.12,68.21,11.36,530.69,27.92,39.46,9.25,27.92,39.46,22.35,79.04,13.39,23.07,64.02,11.29,530.69,0.09,0.05,0.0
790.0,2024-02-13,15:27:27,790.0,20.54,22.14,68.09,11.35,530.67,27.32,52.76,12,27.32,52.76,22.35,79.05,13.39,23.07,63.95,11.28,530.67,1.22,-1.09,0.0
791.0,2024-02-13,15:27:28,791.0,20.54,22.14,68.09,11.35,530.99,27.32,52.76,12,27.32,52.76,22.35,79.05,13.39,23.07,63.95,11.28,530.99,1.23,-1.09,0.0
792.0,2024-02-13,15:27:29,792.0,20.54,22.14,68.09,11.35,531.54,27.32,52.76,12,27.32,52.76,22.35,79.05,13.39,23.07,63.95,11.28,531.54,1.23,-1.09,0.0
793.0,2024-02-13,15:27:30,793.0,20.54,22.17,67.94,11.35,530.65,26.71,69.51,15.33,26.71,69.51,22.35,79.05,13.39,23.08,63.95,11.29,530.65,2.62,-2.48,0.0
794.0,2024-02-13,15:27:31,794.0,20.54,22.17,67.94,11.35,530.75,26.71,69.51,15.33,26.71,69.51,22.35,79.05,13.39,23.08,63.95,11.29,530.75,2.62,-2.48,0.0
795.0,2024-02-13,15:27:32,795.0,20.54,22.17,67.94,11.35,532.08,26.71,69.51,15.33,26.71,69.51,22.35,79.05,13.39,23.08,63.95,11.29,532.08,2.63,-2.49,0.0
796.0,2024-02-13,15:27:33,796.0,20.55,22.19,67.8,11.34,532.63,26.11,86.9,18.6,26.11,86.9,22.36,79.05,13.4,23.08,63.91,11.28,532.63,4.0,-3.86,0.0
797.0,2024-02-13,15:27:34,797.0,20.55,22.19,67.8,11.34,532.01,26.11,86.9,18.6,26.11,86.9,22.36,79.05,13.4,23.08,63.91,11.28,532.01,3.99,-3.86,0.0
798.0,2024-02-13,15:27:35,798.0,20.55,22.19,67.8,11.34,531.79,26.11,86.9,18.6,26.11,86.9,22.36,79.05,13.4,23.08,63.91,11.28,531.79,3.99,-3.85,0.0
799.0,2024-02-13,15:27:36,799.0,20.56,22.21,67.66,11.33,531.79,25.55,102.68,21.35,25.55,102.68,22.36,79.06,13.4,23.08,63.87,11.28,531.79,5.13,-4.99,0.0
800.0,2024-02-13,15:27:37,800.0,20.56,22.21,67.66,11.33,532.63,25.55,102.68,21.35,25.55,102.68,22.36,79.06,13.4,23.08,63.87,11.28,532.63,5.14,-5.0,0.0
801.0,2024-02-13,15:27:38,801.0,20.56,22.21,67.66,11.33,531.64,25.55,102.68,21.35,25.55,102.68,22.36,79.06,13.4,23.08,63.87,11.28,531.64,5.13,-4.99,0.0
802.0,2024-02-13,15:27:39,802.0,20.55,22.23,67.57,11.33,530.71,25.05,117.6,23.82,25.05,117.6,22.36,79.05,13.4,23.09,63.86,11.28,530.71,6.14,-6.01,0.0
803.0,2024-02-13,15:27:40,803.0,20.55,22.23,67.57,11.33,530,25.05,117.6,23.82,25.05,117.6,22.36,79.05,13.4,23.09,63.86,11.28,530,6.13,-6.0,0.0
804.0,2024-02-13,15:27:41,804.0,20.55,22.23,67.57,11.33,531.93,25.05,117.6,23.82,25.05,117.6,22.36,79.05,13.4,23.09,63.86,11.28,531.93,6.15,-6.02,0.0
805.0,2024-02-13,15:27:42,805.0,20.55,22.25,67.45,11.32,533.1,24.61,128.67,25.46,24.61,128.67,22.37,79.01,13.4,23.09,63.82,11.27,533.1,6.83,-6.7,0.0
806.0,2024-02-13,15:27:43,806.0,20.55,22.25,67.45,11.32,527.06,24.61,128.67,25.46,24.61,128.67,22.37,79.01,13.4,23.09,63.82,11.27,527.06,6.75,-6.62,0.0
807.0,2024-02-13,15:27:44,807.0,20.55,22.25,67.45,11.32,522.29,24.61,128.67,25.46,24.61,128.67,22.37,79.01,13.4,23.09,63.82,11.27,522.29,6.69,-6.56,0.0
808.0,2024-02-13,15:27:45,808.0,20.55,22.27,67.37,11.32,512.57,24.22,133.33,25.78,24.22,133.33,22.37,79,13.4,23.09,63.81,11.27,512.57,6.63,-6.51,0.0
809.0,2024-02-13,15:27:46,809.0,20.55,22.27,67.37,11.32,508.7,24.22,133.33,25.78,24.22,133.33,22.37,79,13.4,23.09,63.81,11.27,508.7,6.58,-6.46,0.0
810.0,2024-02-13,15:27:47,810.0,20.55,22.27,67.37,11.32,503.16,24.22,133.33,25.78,24.22,133.33,22.37,79,13.4,23.09,63.81,11.27,503.16,6.51,-6.39,0.0
811.0,2024-02-13,15:27:48,811.0,20.55,22.28,67.32,11.32,501.81,23.87,133.97,25.35,23.87,133.97,22.37,79.01,13.4,23.09,63.79,11.26,501.81,6.24,-6.13,0.0
812.0,2024-02-13,15:27:49,812.0,20.55,22.28,67.32,11.32,495.93,23.87,133.97,25.35,23.87,133.97,22.37,79.01,13.4,23.09,63.79,11.26,495.93,6.17,-6.06,0.0
813.0,2024-02-13,15:27:50,813.0,20.55,22.28,67.32,11.32,492.36,23.87,133.97,25.35,23.87,133.97,22.37,79.01,13.4,23.09,63.79,11.26,492.36,6.13,-6.01,0.0
814.0,2024-02-13,15:27:51,814.0,20.55,22.3,67.22,11.31,487.17,23.57,132.5,24.6,23.57,132.5,22.37,79.01,13.4,23.09,63.76,11.26,487.17,5.7,-5.59,0.0
815.0,2024-02-13,15:27:52,815.0,20.55,22.3,67.22,11.31,485.7,23.57,132.5,24.6,23.57,132.5,22.37,79.01,13.4,23.09,63.76,11.26,485.7,5.68,-5.57,0.0
816.0,2024-02-13,15:27:53,816.0,20.55,22.3,67.22,11.31,483.35,23.57,132.5,24.6,23.57,132.5,22.37,79.01,13.4,23.09,63.76,11.26,483.35,5.65,-5.55,0.0
817.0,2024-02-13,15:27:54,817.0,20.55,22.31,67.16,11.31,482.29,23.31,130.27,23.78,23.31,130.27,22.37,79.03,13.4,23.09,63.72,11.25,482.29,5.26,-5.16,0.0
818.0,2024-02-13,15:27:55,818.0,20.55,22.31,67.16,11.31,483.62,23.31,130.27,23.78,23.31,130.27,22.37,79.03,13.4,23.09,63.72,11.25,483.62,5.28,-5.17,0.0
819.0,2024-02-13,15:27:56,819.0,20.55,22.31,67.16,11.31,483.88,23.31,130.27,23.78,23.31,130.27,22.37,79.03,13.4,23.09,63.72,11.25,483.88,5.28,-5.18,0.0
820.0,2024-02-13,15:27:57,820.0,20.55,22.31,67.11,11.3,484.69,23.1,127.22,22.89,23.1,127.22,22.36,79.08,13.41,23.08,63.71,11.25,484.69,4.89,-4.79,0.0
821.0,2024-02-13,15:27:58,821.0,20.55,22.31,67.11,11.3,485.17,23.1,127.22,22.89,23.1,127.22,22.36,79.08,13.41,23.08,63.71,11.25,485.17,4.9,-4.79,0.0
822.0,2024-02-13,15:27:59,822.0,20.55,22.31,67.11,11.3,485.28,23.1,127.22,22.89,23.1,127.22,22.36,79.08,13.41,23.08,63.71,11.25,485.28,4.9,-4.79,0.0
823.0,2024-02-13,15:28:00,823.0,20.56,22.31,67.1,11.31,485.4,22.92,123.91,22.02,22.92,123.91,22.36,79.11,13.41,23.08,63.7,11.25,485.4,4.51,-4.4,0.0
824.0,2024-02-13,15:28:01,824.0,20.56,22.31,67.1,11.31,485.47,22.92,123.91,22.02,22.92,123.91,22.36,79.11,13.41,23.08,63.7,11.25,485.47,4.51,-4.41,0.0
825.0,2024-02-13,15:28:02,825.0,20.56,22.31,67.1,11.31,485.81,22.92,123.91,22.02,22.92,123.91,22.36,79.11,13.41,23.08,63.7,11.25,485.81,4.51,-4.41,0.0
826.0,2024-02-13,15:28:03,826.0,20.56,22.31,67.1,11.3,488.67,22.74,120.53,21.17,22.74,120.53,22.35,79.13,13.41,23.08,63.73,11.25,488.67,4.16,-4.05,0.0
827.0,2024-02-13,15:28:04,827.0,20.56,22.31,67.1,11.3,490.81,22.74,120.53,21.17,22.74,120.53,22.35,79.13,13.41,23.08,63.73,11.25,490.81,4.18,-4.07,0.0
828.0,2024-02-13,15:28:05,828.0,20.56,22.31,67.1,11.3,491.92,22.74,120.53,21.17,22.74,120.53,22.35,79.13,13.41,23.08,63.73,11.25,491.92,4.19,-4.08,0.0
829.0,2024-02-13,15:28:06,829.0,20.56,22.3,67.15,11.3,491.14,22.59,117.42,20.41,22.59,117.42,22.34,79.16,13.41,23.08,63.72,11.24,491.14,3.84,-3.73,0.0
830.0,2024-02-13,15:28:07,830.0,20.56,22.3,67.15,11.3,488.99,22.59,117.42,20.41,22.59,117.42,22.34,79.16,13.41,23.08,63.72,11.24,488.99,3.82,-3.72,0.0
831.0,2024-02-13,15:28:08,831.0,20.56,22.3,67.15,11.3,488.44,22.59,117.42,20.41,22.59,117.42,22.34,79.16,13.41,23.08,63.72,11.24,488.44,3.82,-3.71,0.0
832.0,2024-02-13,15:28:09,832.0,20.56,22.29,67.19,11.3,486.72,22.45,114.47,19.71,22.45,114.47,22.34,79.17,13.41,23.08,63.71,11.24,486.72,3.49,-3.39,0.0
833.0,2024-02-13,15:28:10,833.0,20.56,22.29,67.19,11.3,486.18,22.45,114.47,19.71,22.45,114.47,22.34,79.17,13.41,23.08,63.71,11.24,486.18,3.49,-3.38,0.0
834.0,2024-02-13,15:28:11,834.0,20.56,22.29,67.19,11.3,485.65,22.45,114.47,19.71,22.45,114.47,22.34,79.17,13.41,23.08,63.71,11.24,485.65,3.49,-3.38,0.0
835.0,2024-02-13,15:28:12,835.0,20.57,22.27,67.26,11.3,485.58,22.33,111.7,19.07,22.33,111.7,22.34,79.17,13.41,23.08,63.71,11.24,485.58,3.2,-3.1,0.0
836.0,2024-02-13,15:28:13,836.0,20.57,22.27,67.26,11.3,485.55,22.33,111.7,19.07,22.33,111.7,22.34,79.17,13.41,23.08,63.71,11.24,485.55,3.2,-3.1,0.0
837.0,2024-02-13,15:28:14,837.0,20.57,22.27,67.26,11.3,485.92,22.33,111.7,19.07,22.33,111.7,22.34,79.17,13.41,23.08,63.71,11.24,485.92,3.21,-3.1,0.0
838.0,2024-02-13,15:28:15,838.0,20.57,22.26,67.34,11.31,486.07,22.23,109.1,18.49,22.23,109.1,22.35,79.25,13.42,23.08,63.71,11.24,486.07,3.21,-3.1,0.0
839.0,2024-02-13,15:28:16,839.0,20.57,22.26,67.34,11.31,486.04,22.23,109.1,18.49,22.23,109.1,22.35,79.25,13.42,23.08,63.71,11.24,486.04,2.95,-2.84,0.0
840.0,2024-02-13,15:28:17,840.0,20.57,22.26,67.34,11.31,485.25,22.23,109.1,18.49,22.23,109.1,22.35,79.25,13.42,23.08,63.71,11.24,485.25,2.95,-2.84,0.0
841.0,2024-02-13,15:28:18,841.0,20.57,22.24,67.41,11.31,484.5,22.12,106.8,17.97,22.12,106.8,22.34,79.35,13.44,23.07,63.72,11.24,484.5,2.72,-2.61,0.0
842.0,2024-02-13,15:28:19,842.0,20.57,22.24,67.41,11.31,486.91,22.12,106.8,17.97,22.12,106.8,22.34,79.35,13.44,23.07,63.72,11.24,486.91,2.73,-2.62,0.0
843.0,2024-02-13,15:28:20,843.0,20.57,22.24,67.41,11.31,487.63,22.12,106.8,17.97,22.12,106.8,22.34,79.35,13.44,23.07,63.72,11.24,487.63,2.73,-2.62,0.0
844.0,2024-02-13,15:28:21,844.0,20.59,22.23,67.52,11.32,488.4,22.04,104.61,17.5,22.04,104.61,22.35,79.48,13.47,23.08,63.71,11.24,488.4,2.53,-2.42,0.0
845.0,2024-02-13,15:28:22,845.0,20.59,22.23,67.52,11.32,488.39,22.04,104.61,17.5,22.04,104.61,22.35,79.48,13.47,23.08,63.71,11.24,488.39,2.53,-2.42,0.0
846.0,2024-02-13,15:28:23,846.0,20.59,22.23,67.52,11.32,486.22,22.04,104.61,17.5,22.04,104.61,22.35,79.48,13.47,23.08,63.71,11.24,486.22,2.52,-2.41,0.0
847.0,2024-02-13,15:28:24,847.0,20.59,22.21,67.54,11.31,484.67,21.96,102.55,17.06,21.96,102.55,22.35,79.58,13.49,23.07,63.72,11.24,484.67,2.32,-2.21,0.0
848.0,2024-02-13,15:28:25,848.0,20.59,22.21,67.54,11.31,484.21,21.96,102.55,17.06,21.96,102.55,22.35,79.58,13.49,23.07,63.72,11.24,484.21,2.32,-2.2,0.0
849.0,2024-02-13,15:28:26,849.0,20.59,22.21,67.54,11.31,485.02,21.96,102.55,17.06,21.96,102.55,22.35,79.58,13.49,23.07,63.72,11.24,485.02,2.32,-2.21,0.0
850.0,2024-02-13,15:28:27,850.0,20.6,22.2,67.58,11.31,486.26,21.88,100.64,16.66,21.88,100.64,22.36,79.68,13.51,23.07,63.72,11.24,486.26,2.33,-2.21,0.0
851.0,2024-02-13,15:28:28,851.0,20.6,22.2,67.58,11.31,488.07,21.88,100.64,16.66,21.88,100.64,22.36,79.68,13.51,23.07,63.72,11.24,488.07,2.16,-2.04,0.0
852.0,2024-02-13,15:28:29,852.0,20.6,22.2,67.58,11.31,487.49,21.88,100.64,16.66,21.88,100.64,22.36,79.68,13.51,23.07,63.72,11.24,487.49,2.16,-2.04,0.0
853.0,2024-02-13,15:28:30,853.0,20.6,22.19,67.64,11.31,485.94,21.82,98.88,16.29,21.82,98.88,22.36,79.75,13.52,23.07,63.74,11.24,485.94,1.99,-1.87,0.0
854.0,2024-02-13,15:28:31,854.0,20.6,22.19,67.64,11.31,485.46,21.82,98.88,16.29,21.82,98.88,22.36,79.75,13.52,23.07,63.74,11.24,485.46,1.99,-1.87,0.0
855.0,2024-02-13,15:28:32,855.0,20.6,22.19,67.64,11.31,485.18,21.82,98.88,16.29,21.82,98.88,22.36,79.75,13.52,23.07,63.74,11.24,485.18,1.98,-1.87,0.0
856.0,2024-02-13,15:28:33,856.0,20.61,22.18,67.65,11.31,485.2,21.76,97.21,15.95,21.76,97.21,22.36,79.78,13.52,23.07,63.73,11.24,485.2,1.98,-1.87,0.0
857.0,2024-02-13,15:28:34,857.0,20.61,22.18,67.65,11.31,486.7,21.76,97.21,15.95,21.76,97.21,22.36,79.78,13.52,23.07,63.73,11.24,486.7,1.85,-1.72,0.0
858.0,2024-02-13,15:28:35,858.0,20.61,22.18,67.65,11.31,487.93,21.76,97.21,15.95,21.76,97.21,22.36,79.78,13.52,23.07,63.73,11.24,487.93,1.85,-1.73,0.0
859.0,2024-02-13,15:28:36,859.0,20.62,22.17,67.68,11.31,490.54,21.71,95.69,15.65,21.71,95.69,22.36,79.84,13.53,23.07,63.74,11.25,490.54,1.73,-1.6,0.0
860.0,2024-02-13,15:28:37,860.0,20.62,22.17,67.68,11.31,491.64,21.71,95.69,15.65,21.71,95.69,22.36,79.84,13.53,23.07,63.74,11.25,491.64,1.73,-1.6,0.0
861.0,2024-02-13,15:28:38,861.0,20.62,22.17,67.68,11.31,492.22,21.71,95.69,15.65,21.71,95.69,22.36,79.84,13.53,23.07,63.74,11.25,492.22,1.73,-1.61,0.0
862.0,2024-02-13,15:28:39,862.0,20.64,22.17,67.71,11.31,490.88,21.67,94.26,15.36,21.67,94.26,22.36,79.84,13.54,23.07,63.71,11.24,490.88,1.73,-1.6,0.0
863.0,2024-02-13,15:28:40,863.0,20.64,22.17,67.71,11.31,489.68,21.67,94.26,15.36,21.67,94.26,22.36,79.84,13.54,23.07,63.71,11.24,489.68,1.6,-1.48,0.0
864.0,2024-02-13,15:28:41,864.0,20.64,22.17,67.71,11.31,492.1,21.67,94.26,15.36,21.67,94.26,22.36,79.84,13.54,23.07,63.71,11.24,492.1,1.61,-1.48,0.0
865.0,2024-02-13,15:28:42,865.0,20.65,22.16,67.73,11.3,494.98,21.62,92.77,15.07,21.62,92.77,22.36,79.84,13.53,23.07,63.7,11.24,494.98,1.49,-1.37,0.0
866.0,2024-02-13,15:28:43,866.0,20.65,22.16,67.73,11.3,495.6,21.62,92.77,15.07,21.62,92.77,22.36,79.84,13.53,23.07,63.7,11.24,495.6,1.49,-1.37,0.0
867.0,2024-02-13,15:28:44,867.0,20.65,22.16,67.73,11.3,493.62,21.62,92.77,15.07,21.62,92.77,22.36,79.84,13.53,23.07,63.7,11.24,493.62,1.49,-1.36,0.0
868.0,2024-02-13,15:28:45,868.0,20.66,22.16,67.74,11.3,490.74,21.59,91.42,14.82,21.59,91.42,22.36,79.84,13.54,23.07,63.68,11.23,490.74,1.48,-1.35,0.0
869.0,2024-02-13,15:28:46,869.0,20.66,22.16,67.74,11.3,487.43,21.59,91.42,14.82,21.59,91.42,22.36,79.84,13.54,23.07,63.68,11.23,487.43,1.36,-1.23,0.0
870.0,2024-02-13,15:28:47,870.0,20.66,22.16,67.74,11.3,487.01,21.59,91.42,14.82,21.59,91.42,22.36,79.84,13.54,23.07,63.68,11.23,487.01,1.36,-1.23,0.0
871.0,2024-02-13,15:28:48,871.0,20.67,22.15,67.72,11.3,488.23,21.56,90.12,14.58,21.56,90.12,22.36,79.84,13.54,23.07,63.64,11.23,488.23,1.26,-1.13,0.0
872.0,2024-02-13,15:28:49,872.0,20.67,22.15,67.72,11.3,492.85,21.56,90.12,14.58,21.56,90.12,22.36,79.84,13.54,23.07,63.64,11.23,492.85,1.27,-1.15,0.0
873.0,2024-02-13,15:28:50,873.0,20.67,22.15,67.72,11.3,493.16,21.56,90.12,14.58,21.56,90.12,22.36,79.84,13.54,23.07,63.64,11.23,493.16,1.27,-1.15,0.0
874.0,2024-02-13,15:28:51,874.0,20.69,22.15,67.74,11.3,491.26,21.53,88.91,14.35,21.53,88.91,22.36,79.82,13.54,23.07,63.67,11.23,491.26,1.17,-1.04,0.0
875.0,2024-02-13,15:28:52,875.0,20.69,22.15,67.74,11.3,491.66,21.53,88.91,14.35,21.53,88.91,22.36,79.82,13.54,23.07,63.67,11.23,491.66,1.17,-1.04,0.0
876.0,2024-02-13,15:28:53,876.0,20.69,22.15,67.74,11.3,492.47,21.53,88.91,14.35,21.53,88.91,22.36,79.82,13.54,23.07,63.67,11.23,492.47,1.17,-1.05,0.0
877.0,2024-02-13,15:28:54,877.0,20.7,22.15,67.68,11.29,490.55,21.51,87.78,14.15,21.51,87.78,22.37,79.81,13.54,23.07,63.65,11.23,490.55,1.08,-0.95,0.0
878.0,2024-02-13,15:28:55,878.0,20.7,22.15,67.68,11.29,488.14,21.51,87.78,14.15,21.51,87.78,22.37,79.81,13.54,23.07,63.65,11.23,488.14,1.07,-0.95,0.0
879.0,2024-02-13,15:28:56,879.0,20.7,22.15,67.68,11.29,487.32,21.51,87.78,14.15,21.51,87.78,22.37,79.81,13.54,23.07,63.65,11.23,487.32,1.07,-0.95,0.0
880.0,2024-02-13,15:28:57,880.0,20.71,22.15,67.66,11.28,486.04,21.49,86.73,13.95,21.49,86.73,22.37,79.77,13.53,23.07,63.63,11.22,486.04,0.99,-0.86,0.0
881.0,2024-02-13,15:28:58,881.0,20.71,22.15,67.66,11.28,486.07,21.49,86.73,13.95,21.49,86.73,22.37,79.77,13.53,23.07,63.63,11.22,486.07,0.99,-0.86,0.0
882.0,2024-02-13,15:28:59,882.0,20.71,22.15,67.66,11.28,486.6,21.49,86.73,13.95,21.49,86.73,22.37,79.77,13.53,23.07,63.63,11.22,486.6,0.99,-0.86,0.0
883.0,2024-02-13,15:29:00,883.0,20.73,22.15,67.63,11.28,487.16,21.47,85.82,13.79,21.47,85.82,22.37,79.76,13.54,23.07,63.66,11.23,487.16,0.99,-0.86,0.0
884.0,2024-02-13,15:29:01,884.0,20.73,22.15,67.63,11.28,487.36,21.47,85.82,13.79,21.47,85.82,22.37,79.76,13.54,23.07,63.66,11.23,487.36,0.92,-0.79,0.0
885.0,2024-02-13,15:29:02,885.0,20.73,22.15,67.63,11.28,486.42,21.47,85.82,13.79,21.47,85.82,22.37,79.76,13.54,23.07,63.66,11.23,486.42,0.92,-0.79,0.0
886.0,2024-02-13,15:29:03,886.0,20.74,22.15,67.62,11.28,484.48,21.45,85,13.64,21.45,85,22.37,79.74,13.53,23.07,63.66,11.23,484.48,0.85,-0.72,0.0
887.0,2024-02-13,15:29:04,887.0,20.74,22.15,67.62,11.28,484.55,21.45,85,13.64,21.45,85,22.37,79.74,13.53,23.07,63.66,11.23,484.55,0.85,-0.72,0.0
888.0,2024-02-13,15:29:05,888.0,20.74,22.15,67.62,11.28,486.09,21.45,85,13.64,21.45,85,22.37,79.74,13.53,23.07,63.66,11.23,486.09,0.86,-0.72,0.0
889.0,2024-02-13,15:29:06,889.0,20.75,22.15,67.61,11.28,488.28,21.44,84.24,13.5,21.44,84.24,22.37,79.71,13.52,23.07,63.67,11.23,488.28,0.86,-0.73,0.0
890.0,2024-02-13,15:29:07,890.0,20.75,22.15,67.61,11.28,490.41,21.44,84.24,13.5,21.44,84.24,22.37,79.71,13.52,23.07,63.67,11.23,490.41,0.81,-0.67,0.0
891.0,2024-02-13,15:29:08,891.0,20.75,22.15,67.61,11.28,490.83,21.44,84.24,13.5,21.44,84.24,22.37,79.71,13.52,23.07,63.67,11.23,490.83,0.81,-0.67,0.0
892.0,2024-02-13,15:29:09,892.0,20.74,22.14,67.63,11.27,489.76,21.41,83.52,13.36,21.41,83.52,22.36,79.67,13.51,23.05,63.69,11.22,489.76,0.74,-0.61,0.0
893.0,2024-02-13,15:29:10,893.0,20.74,22.14,67.63,11.27,489.63,21.41,83.52,13.36,21.41,83.52,22.36,79.67,13.51,23.05,63.69,11.22,489.63,0.74,-0.61,0.0
894.0,2024-02-13,15:29:11,894.0,20.74,22.14,67.63,11.27,487.61,21.41,83.52,13.36,21.41,83.52,22.36,79.67,13.51,23.05,63.69,11.22,487.61,0.74,-0.61,0.0
895.0,2024-02-13,15:29:12,895.0,20.77,22.15,67.58,11.27,486.81,21.41,82.82,13.25,21.41,82.82,22.37,79.59,13.5,23.07,63.48,11.19,486.81,0.74,-0.61,0.0
896.0,2024-02-13,15:29:13,896.0,20.77,22.15,67.58,11.27,482.93,21.41,82.82,13.25,21.41,82.82,22.37,79.59,13.5,23.07,63.48,11.19,482.93,0.69,-0.57,0.0
897.0,2024-02-13,15:29:14,897.0,20.77,22.15,67.58,11.27,481.56,21.41,82.82,13.25,21.41,82.82,22.37,79.59,13.5,23.07,63.48,11.19,481.56,0.68,-0.57,0.0
898.0,2024-02-13,15:29:15,898.0,20.8,22.15,67.59,11.28,480.94,21.4,82.17,13.13,21.4,82.17,22.38,79.55,13.5,23.07,63.6,11.22,480.94,0.63,-0.51,0.0
899.0,2024-02-13,15:29:16,899.0,20.8,22.15,67.59,11.28,480.91,21.4,82.17,13.13,21.4,82.17,22.38,79.55,13.5,23.07,63.6,11.22,480.91,0.63,-0.51,0.0
900.0,2024-02-13,15:29:17,900.0,20.8,22.15,67.59,11.28,480.15,21.4,82.17,13.13,21.4,82.17,22.38,79.55,13.5,23.07,63.6,11.22,480.15,0.63,-0.51,0.0
901.0,2024-02-13,15:29:18,901.0,20.81,22.16,67.56,11.28,478.51,21.4,81.55,13.03,21.4,81.55,22.38,79.53,13.5,23.07,63.69,11.24,478.51,0.63,-0.51,0.0
902.0,2024-02-13,15:29:19,902.0,20.81,22.16,67.56,11.28,477.97,21.4,81.55,13.03,21.4,81.55,22.38,79.53,13.5,23.07,63.69,11.24,477.97,0.59,-0.45,0.0
903.0,2024-02-13,15:29:20,903.0,20.81,22.16,67.56,11.28,479.85,21.4,81.55,13.03,21.4,81.55,22.38,79.53,13.5,23.07,63.69,11.24,479.85,0.59,-0.46,0.0
904.0,2024-02-13,15:29:21,904.0,20.83,22.17,67.56,11.28,481.59,21.4,80.99,12.94,21.4,80.99,22.39,79.44,13.49,23.08,63.69,11.24,481.59,0.55,-0.42,0.0
905.0,2024-02-13,15:29:22,905.0,20.83,22.17,67.56,11.28,481.84,21.4,80.99,12.94,21.4,80.99,22.39,79.44,13.49,23.08,63.69,11.24,481.84,0.55,-0.42,0.0
906.0,2024-02-13,15:29:23,906.0,20.83,22.17,67.56,11.28,482.88,21.4,80.99,12.94,21.4,80.99,22.39,79.44,13.49,23.08,63.69,11.24,482.88,0.55,-0.42,0.0
907.0,2024-02-13,15:29:24,907.0,20.85,22.17,67.55,11.28,485.06,21.39,80.45,12.84,21.39,80.45,22.39,79.43,13.49,23.08,63.7,11.24,485.06,0.55,-0.42,0.0
908.0,2024-02-13,15:29:25,908.0,20.85,22.17,67.55,11.28,485.93,21.39,80.45,12.84,21.39,80.45,22.39,79.43,13.49,23.08,63.7,11.24,485.93,0.51,-0.38,0.0
909.0,2024-02-13,15:29:26,909.0,20.85,22.17,67.55,11.28,486.66,21.39,80.45,12.84,21.39,80.45,22.39,79.43,13.49,23.08,63.7,11.24,486.66,0.51,-0.38,0.0
910.0,2024-02-13,15:29:27,910.0,20.86,22.17,67.55,11.28,488.73,21.39,79.97,12.76,21.39,79.97,22.39,79.41,13.49,23.08,63.73,11.25,488.73,0.48,-0.35,0.0
911.0,2024-02-13,15:29:28,911.0,20.86,22.17,67.55,11.28,488.27,21.39,79.97,12.76,21.39,79.97,22.39,79.41,13.49,23.08,63.73,11.25,488.27,0.48,-0.35,0.0
912.0,2024-02-13,15:29:29,912.0,20.86,22.17,67.55,11.28,485.62,21.39,79.97,12.76,21.39,79.97,22.39,79.41,13.49,23.08,63.73,11.25,485.62,0.48,-0.34,0.0
913.0,2024-02-13,15:29:30,913.0,20.86,22.17,67.53,11.28,483.58,21.36,79.51,12.66,21.36,79.51,22.38,79.38,13.48,23.05,63.73,11.23,483.58,0.48,-0.34,0.0
914.0,2024-02-13,15:29:31,914.0,20.86,22.17,67.53,11.28,480.48,21.36,79.51,12.66,21.36,79.51,22.38,79.38,13.48,23.05,63.73,11.23,480.48,0.43,-0.31,0.0
915.0,2024-02-13,15:29:32,915.0,20.86,22.17,67.53,11.28,479.87,21.36,79.51,12.66,21.36,79.51,22.38,79.38,13.48,23.05,63.73,11.23,479.87,0.43,-0.31,0.0
916.0,2024-02-13,15:29:33,916.0,20.88,22.17,67.52,11.28,479.24,21.33,79.07,12.57,21.33,79.07,22.39,79.38,13.48,23.01,63.69,11.19,479.24,0.39,-0.29,0.0
917.0,2024-02-13,15:29:34,917.0,20.88,22.17,67.52,11.28,480.38,21.33,79.07,12.57,21.33,79.07,22.39,79.38,13.48,23.01,63.69,11.19,480.38,0.39,-0.29,0.0
918.0,2024-02-13,15:29:35,918.0,20.88,22.17,67.52,11.28,485.33,21.33,79.07,12.57,21.33,79.07,22.39,79.38,13.48,23.01,63.69,11.19,485.33,0.39,-0.29,0.0
919.0,2024-02-13,15:29:36,919.0,20.89,22.18,67.49,11.28,487.02,21.38,78.66,12.54,21.38,78.66,22.39,79.39,13.49,23.08,63.74,11.25,487.02,0.39,-0.29,0.0
920.0,2024-02-13,15:29:37,920.0,20.89,22.18,67.49,11.28,487.13,21.38,78.66,12.54,21.38,78.66,22.39,79.39,13.49,23.08,63.74,11.25,487.13,0.38,-0.25,0.0
921.0,2024-02-13,15:29:38,921.0,20.89,22.18,67.49,11.28,487.62,21.38,78.66,12.54,21.38,78.66,22.39,79.39,13.49,23.08,63.74,11.25,487.62,0.39,-0.25,0.0
922.0,2024-02-13,15:29:39,922.0,20.9,22.19,67.49,11.28,489.95,21.37,78.3,12.48,21.37,78.3,22.4,79.34,13.48,23.08,63.75,11.25,489.95,0.36,-0.23,0.0
923.0,2024-02-13,15:29:40,923.0,20.9,22.19,67.49,11.28,490.84,21.37,78.3,12.48,21.37,78.3,22.4,79.34,13.48,23.08,63.75,11.25,490.84,0.36,-0.23,0.0
924.0,2024-02-13,15:29:41,924.0,20.9,22.19,67.49,11.28,488.86,21.37,78.3,12.48,21.37,78.3,22.4,79.34,13.48,23.08,63.75,11.25,488.86,0.36,-0.23,0.0
925.0,2024-02-13,15:29:42,925.0,20.91,22.2,67.47,11.29,487.95,21.37,77.97,12.43,21.37,77.97,22.4,79.33,13.49,23.08,63.76,11.25,487.95,0.36,-0.23,0.0
926.0,2024-02-13,15:29:43,926.0,20.91,22.2,67.47,11.29,486.8,21.37,77.97,12.43,21.37,77.97,22.4,79.33,13.49,23.08,63.76,11.25,486.8,0.33,-0.2,0.0
927.0,2024-02-13,15:29:44,927.0,20.91,22.2,67.47,11.29,484.67,21.37,77.97,12.43,21.37,77.97,22.4,79.33,13.49,23.08,63.76,11.25,484.67,0.33,-0.2,0.0
928.0,2024-02-13,15:29:45,928.0,20.94,22.2,67.46,11.29,482.21,21.38,77.67,12.38,21.38,77.67,22.41,79.34,13.49,23.08,63.74,11.25,482.21,0.31,-0.18,0.0
929.0,2024-02-13,15:29:46,929.0,20.94,22.2,67.46,11.29,482.53,21.38,77.67,12.38,21.38,77.67,22.41,79.34,13.49,23.08,63.74,11.25,482.53,0.31,-0.18,0.0
930.0,2024-02-13,15:29:47,930.0,20.94,22.2,67.46,11.29,483.31,21.38,77.67,12.38,21.38,77.67,22.41,79.34,13.49,23.08,63.74,11.25,483.31,0.31,-0.18,0.0
931.0,2024-02-13,15:29:48,931.0,20.95,22.21,67.46,11.29,482.58,21.38,77.36,12.33,21.38,77.36,22.4,79.35,13.49,23.08,63.78,11.26,482.58,0.29,-0.16,0.0
932.0,2024-02-13,15:29:49,932.0,20.95,22.21,67.46,11.29,483.78,21.38,77.36,12.33,21.38,77.36,22.4,79.35,13.49,23.08,63.78,11.26,483.78,0.29,-0.16,0.0
933.0,2024-02-13,15:29:50,933.0,20.95,22.21,67.46,11.29,484.1,21.38,77.36,12.33,21.38,77.36,22.4,79.35,13.49,23.08,63.78,11.26,484.1,0.29,-0.16,0.0
934.0,2024-02-13,15:29:51,934.0,20.96,22.21,67.46,11.3,482.53,21.38,77.07,12.28,21.38,77.07,22.4,79.35,13.49,23.09,63.68,11.24,482.53,0.27,-0.14,0.0
935.0,2024-02-13,15:29:52,935.0,20.96,22.21,67.46,11.3,483.04,21.38,77.07,12.28,21.38,77.07,22.4,79.35,13.49,23.09,63.68,11.24,483.04,0.27,-0.15,0.0
936.0,2024-02-13,15:29:53,936.0,20.96,22.21,67.46,11.3,482.68,21.38,77.07,12.28,21.38,77.07,22.4,79.35,13.49,23.09,63.68,11.24,482.68,0.27,-0.14,0.0
937.0,2024-02-13,15:29:54,937.0,20.96,22.21,67.45,11.29,483.2,21.38,76.8,12.24,21.38,76.8,22.4,79.35,13.48,23.09,63.79,11.26,483.2,0.27,-0.15,0.0
938.0,2024-02-13,15:29:55,938.0,20.96,22.21,67.45,11.29,482.94,21.38,76.8,12.24,21.38,76.8,22.4,79.35,13.48,23.09,63.79,11.26,482.94,0.25,-0.12,0.0
939.0,2024-02-13,15:29:56,939.0,20.96,22.21,67.45,11.29,481.72,21.38,76.8,12.24,21.38,76.8,22.4,79.35,13.48,23.09,63.79,11.26,481.72,0.25,-0.12,0.0
940.0,2024-02-13,15:29:57,940.0,20.97,22.22,67.44,11.3,481.44,21.38,76.57,12.21,21.38,76.57,22.4,79.33,13.48,23.09,63.79,11.27,481.44,0.23,-0.1,0.0
941.0,2024-02-13,15:29:58,941.0,20.97,22.22,67.44,11.3,483.45,21.38,76.57,12.21,21.38,76.57,22.4,79.33,13.48,23.09,63.79,11.27,483.45,0.23,-0.1,0.0
942.0,2024-02-13,15:29:59,942.0,20.97,22.22,67.44,11.3,483.77,21.38,76.57,12.21,21.38,76.57,22.4,79.33,13.48,23.09,63.79,11.27,483.77,0.23,-0.1,0.0
943.0,2024-02-13,15:30:00,943.0,20.97,22.22,67.43,11.3,484.7,21.38,76.33,12.17,21.38,76.33,22.4,79.33,13.48,23.09,63.78,11.26,484.7,0.23,-0.1,0.0
944.0,2024-02-13,15:30:01,944.0,20.97,22.22,67.43,11.3,487.98,21.38,76.33,12.17,21.38,76.33,22.4,79.33,13.48,23.09,63.78,11.26,487.98,0.22,-0.09,0.0
945.0,2024-02-13,15:30:02,945.0,20.97,22.22,67.43,11.3,490.82,21.38,76.33,12.17,21.38,76.33,22.4,79.33,13.48,23.09,63.78,11.26,490.82,0.22,-0.09,0.0
946.0,2024-02-13,15:30:03,946.0,20.97,22.22,67.39,11.29,492.01,21.39,76.12,12.13,21.39,76.12,22.39,79.33,13.48,23.09,63.75,11.26,492.01,0.21,-0.08,0.0
947.0,2024-02-13,15:30:04,947.0,20.97,22.22,67.39,11.29,491.2,21.39,76.12,12.13,21.39,76.12,22.39,79.33,13.48,23.09,63.75,11.26,491.2,0.21,-0.08,0.0
948.0,2024-02-13,15:30:05,948.0,20.97,22.22,67.39,11.29,491.44,21.39,76.12,12.13,21.39,76.12,22.39,79.33,13.48,23.09,63.75,11.26,491.44,0.21,-0.08,0.0
949.0,2024-02-13,15:30:06,949.0,20.97,22.23,67.38,11.29,491.49,21.39,75.92,12.1,21.39,75.92,22.4,79.35,13.48,23.09,63.73,11.26,491.49,0.21,-0.08,0.0
950.0,2024-02-13,15:30:07,950.0,20.97,22.23,67.38,11.29,490.87,21.39,75.92,12.1,21.39,75.92,22.4,79.35,13.48,23.09,63.73,11.26,490.87,0.2,-0.07,0.0
951.0,2024-02-13,15:30:08,951.0,20.97,22.23,67.38,11.29,491.15,21.39,75.92,12.1,21.39,75.92,22.4,79.35,13.48,23.09,63.73,11.26,491.15,0.2,-0.07,0.0
952.0,2024-02-13,15:30:09,952.0,20.96,22.23,67.34,11.29,492.9,21.39,75.71,12.07,21.39,75.71,22.4,79.37,13.49,23.09,63.73,11.25,492.9,0.19,-0.06,0.0
953.0,2024-02-13,15:30:10,953.0,20.96,22.23,67.34,11.29,492.67,21.39,75.71,12.07,21.39,75.71,22.4,79.37,13.49,23.09,63.73,11.25,492.67,0.19,-0.06,0.0
954.0,2024-02-13,15:30:11,954.0,20.96,22.23,67.34,11.29,490.5,21.39,75.71,12.07,21.39,75.71,22.4,79.37,13.49,23.09,63.73,11.25,490.5,0.18,-0.05,0.0
955.0,2024-02-13,15:30:12,955.0,20.96,22.23,67.31,11.28,488.86,21.39,75.51,12.04,21.39,75.51,22.4,79.38,13.49,23.09,63.72,11.25,488.86,0.18,-0.05,0.0
956.0,2024-02-13,15:30:13,956.0,20.96,22.23,67.31,11.28,487.64,21.39,75.51,12.04,21.39,75.51,22.4,79.38,13.49,23.09,63.72,11.25,487.64,0.17,-0.04,0.0
957.0,2024-02-13,15:30:14,957.0,20.96,22.23,67.31,11.28,487.48,21.39,75.51,12.04,21.39,75.51,22.4,79.38,13.49,23.09,63.72,11.25,487.48,0.17,-0.04,0.0
958.0,2024-02-13,15:30:15,958.0,20.95,22.23,67.29,11.28,489.4,21.39,75.34,12.01,21.39,75.34,22.4,79.37,13.49,23.09,63.7,11.25,489.4,0.16,-0.03,0.0
959.0,2024-02-13,15:30:16,959.0,20.95,22.23,67.29,11.28,489.62,21.39,75.34,12.01,21.39,75.34,22.4,79.37,13.49,23.09,63.7,11.25,489.62,0.16,-0.03,0.0
960.0,2024-02-13,15:30:17,960.0,20.95,22.23,67.29,11.28,490.86,21.39,75.34,12.01,21.39,75.34,22.4,79.37,13.49,23.09,63.7,11.25,490.86,0.16,-0.03,0.0
961.0,2024-02-13,15:30:18,961.0,20.95,22.23,67.25,11.28,491.93,21.39,75.18,11.99,21.39,75.18,22.41,79.33,13.49,23.09,63.68,11.25,491.93,0.16,-0.03,0.0
962.0,2024-02-13,15:30:19,962.0,20.95,22.23,67.25,11.28,492.56,21.39,75.18,11.99,21.39,75.18,22.41,79.33,13.49,23.09,63.68,11.25,492.56,0.16,-0.03,0.0
963.0,2024-02-13,15:30:20,963.0,20.95,22.23,67.25,11.28,491.65,21.39,75.18,11.99,21.39,75.18,22.41,79.33,13.49,23.09,63.68,11.25,491.65,0.16,-0.02,0.0
964.0,2024-02-13,15:30:21,964.0,20.95,22.24,67.26,11.28,488.5,21.39,75.05,11.97,21.39,75.05,22.43,79.28,13.49,23.09,63.67,11.24,488.5,0.14,-0.02,0.0
965.0,2024-02-13,15:30:22,965.0,20.95,22.24,67.26,11.28,489,21.39,75.05,11.97,21.39,75.05,22.43,79.28,13.49,23.09,63.67,11.24,489,0.14,-0.02,0.0
966.0,2024-02-13,15:30:23,966.0,20.95,22.24,67.26,11.28,489.91,21.39,75.05,11.97,21.39,75.05,22.43,79.28,13.49,23.09,63.67,11.24,489.91,0.14,-0.02,0.0
967.0,2024-02-13,15:30:24,967.0,20.96,22.23,67.22,11.27,489.19,21.39,74.92,11.94,21.39,74.92,22.43,79.28,13.5,23.09,63.65,11.24,489.19,0.14,-0.02,0.0
968.0,2024-02-13,15:30:25,968.0,20.96,22.23,67.22,11.27,487.62,21.39,74.92,11.94,21.39,74.92,22.43,79.28,13.5,23.09,63.65,11.24,487.62,0.14,-0.01,0.0
969.0,2024-02-13,15:30:26,969.0,20.96,22.23,67.22,11.27,487.51,21.39,74.92,11.94,21.39,74.92,22.43,79.28,13.5,23.09,63.65,11.24,487.51,0.14,-0.01,0.0
970.0,2024-02-13,15:30:27,970.0,20.97,22.24,67.19,11.27,487.65,21.39,74.8,11.93,21.39,74.8,22.44,79.27,13.51,23.09,63.65,11.24,487.65,0.13,0.0,0.0
971.0,2024-02-13,15:30:28,971.0,20.97,22.24,67.19,11.27,487.15,21.39,74.8,11.93,21.39,74.8,22.44,79.27,13.51,23.09,63.65,11.24,487.15,0.13,0.0,0.0
972.0,2024-02-13,15:30:29,972.0,20.97,22.24,67.19,11.27,486.08,21.39,74.8,11.93,21.39,74.8,22.44,79.27,13.51,23.09,63.65,11.24,486.08,0.13,0.0,0.0
973.0,2024-02-13,15:30:30,973.0,20.98,22.24,67.17,11.27,485.91,21.4,74.68,11.91,21.4,74.68,22.44,79.34,13.52,23.1,63.65,11.24,485.91,0.13,0.0,0.0
974.0,2024-02-13,15:30:31,974.0,20.98,22.24,67.17,11.27,486.92,21.4,74.68,11.91,21.4,74.68,22.44,79.34,13.52,23.1,63.65,11.24,486.92,0.12,0.01,0.0
975.0,2024-02-13,15:30:32,975.0,20.98,22.24,67.17,11.27,486.77,21.4,74.68,11.91,21.4,74.68,22.44,79.34,13.52,23.1,63.65,11.24,486.77,0.12,0.01,0.0
976.0,2024-02-13,15:30:33,976.0,20.98,22.24,67.18,11.27,486.26,21.4,74.59,11.89,21.4,74.59,22.44,79.39,13.53,23.1,63.62,11.24,486.26,0.12,0.01,0.0
977.0,2024-02-13,15:30:34,977.0,20.98,22.24,67.18,11.27,486.92,21.4,74.59,11.89,21.4,74.59,22.44,79.39,13.53,23.1,63.62,11.24,486.92,0.12,0.01,0.0
978.0,2024-02-13,15:30:35,978.0,20.98,22.24,67.18,11.27,487.45,21.4,74.59,11.89,21.4,74.59,22.44,79.39,13.53,23.1,63.62,11.24,487.45,0.12,0.01,0.0
979.0,2024-02-13,15:30:36,979.0,20.98,22.24,67.17,11.26,487.86,21.39,74.5,11.88,21.39,74.5,22.43,79.46,13.53,23.09,63.63,11.24,487.86,0.12,0.01,0.0
980.0,2024-02-13,15:30:37,980.0,20.98,22.24,67.17,11.26,488.1,21.39,74.5,11.88,21.39,74.5,22.43,79.46,13.53,23.09,63.63,11.24,488.1,0.11,0.02,0.0
981.0,2024-02-13,15:30:38,981.0,20.98,22.24,67.17,11.26,488.4,21.39,74.5,11.88,21.39,74.5,22.43,79.46,13.53,23.09,63.63,11.24,488.4,0.11,0.02,0.0
982.0,2024-02-13,15:30:39,982.0,21,22.24,67.17,11.27,490.24,21.39,74.41,11.86,21.39,74.41,22.43,79.51,13.54,23.1,63.61,11.24,490.24,0.11,0.02,0.0
983.0,2024-02-13,15:30:40,983.0,21,22.24,67.17,11.27,491.92,21.39,74.41,11.86,21.39,74.41,22.43,79.51,13.54,23.1,63.61,11.24,491.92,0.11,0.02,0.0
984.0,2024-02-13,15:30:41,984.0,21,22.24,67.17,11.27,496.05,21.39,74.41,11.86,21.39,74.41,22.43,79.51,13.54,23.1,63.61,11.24,496.05,0.11,0.03,0.0
985.0,2024-02-13,15:30:42,985.0,21,22.24,67.16,11.26,496.98,21.4,74.28,11.84,21.4,74.28,22.43,79.54,13.55,23.1,63.64,11.24,496.98,0.1,0.04,0.0
986.0,2024-02-13,15:30:43,986.0,21,22.24,67.16,11.26,495.11,21.4,74.28,11.84,21.4,74.28,22.43,79.54,13.55,23.1,63.64,11.24,495.11,0.1,0.04,0.0
987.0,2024-02-13,15:30:44,987.0,21,22.24,67.16,11.26,494.37,21.4,74.28,11.84,21.4,74.28,22.43,79.54,13.55,23.1,63.64,11.24,494.37,0.1,0.04,0.0
988.0,2024-02-13,15:30:45,988.0,21.01,22.24,67.17,11.27,493.76,21.4,74.18,11.83,21.4,74.18,22.43,79.61,13.56,23.1,63.63,11.24,493.76,0.09,0.04,0.0
989.0,2024-02-13,15:30:46,989.0,21.01,22.24,67.17,11.27,493.32,21.4,74.18,11.83,21.4,74.18,22.43,79.61,13.56,23.1,63.63,11.24,493.32,0.09,0.04,0.0
990.0,2024-02-13,15:30:47,990.0,21.01,22.24,67.17,11.27,493.18,21.4,74.18,11.83,21.4,74.18,22.43,79.61,13.56,23.1,63.63,11.24,493.18,0.09,0.04,0.0
991.0,2024-02-13,15:30:48,991.0,21.01,22.24,67.17,11.27,493.16,21.4,74.07,11.81,21.4,74.07,22.43,79.67,13.57,23.1,63.59,11.24,493.16,0.09,0.04,0.0
992.0,2024-02-13,15:30:49,992.0,21.01,22.24,67.17,11.27,492.67,21.4,74.07,11.81,21.4,74.07,22.43,79.67,13.57,23.1,63.59,11.24,492.67,0.09,0.04,0.0
993.0,2024-02-13,15:30:50,993.0,21.01,22.24,67.17,11.27,492.69,21.4,74.07,11.81,21.4,74.07,22.43,79.67,13.57,23.1,63.59,11.24,492.69,0.09,0.04,0.0
994.0,2024-02-13,15:30:51,994.0,21.02,22.24,67.12,11.26,490.54,21.4,73.96,11.79,21.4,73.96,22.43,79.67,13.56,23.1,63.59,11.24,490.54,0.08,0.05,0.0
995.0,2024-02-13,15:30:52,995.0,21.02,22.24,67.12,11.26,489.92,21.4,73.96,11.79,21.4,73.96,22.43,79.67,13.56,23.1,63.59,11.24,489.92,0.08,0.05,0.0
996.0,2024-02-13,15:30:53,996.0,21.02,22.24,67.12,11.26,489.43,21.4,73.96,11.79,21.4,73.96,22.43,79.67,13.56,23.1,63.59,11.24,489.43,0.08,0.05,0.0
997.0,2024-02-13,15:30:54,997.0,21.02,22.24,67.14,11.26,488.12,21.4,73.88,11.78,21.4,73.88,22.42,79.69,13.56,23.1,63.59,11.24,488.12,0.08,0.06,0.0
998.0,2024-02-13,15:30:55,998.0,21.02,22.24,67.14,11.26,484.56,21.4,73.88,11.78,21.4,73.88,22.42,79.69,13.56,23.1,63.59,11.24,484.56,0.08,0.06,0.0
999.0,2024-02-13,15:30:56,999.0,21.02,22.24,67.14,11.26,483.59,21.4,73.88,11.78,21.4,73.88,22.42,79.69,13.56,23.1,63.59,11.24,483.59,0.08,0.06,0.0
1000.0,2024-02-13,15:30:57,1000.0,21.02,22.24,67.11,11.26,482.85,21.4,73.81,11.77,21.4,73.81,22.42,79.69,13.56,23.1,63.59,11.24,482.85,0.08,0.06,0.0
1001.0,2024-02-13,15:30:58,1001.0,21.02,22.24,67.11,11.26,482.36,21.4,73.81,11.77,21.4,73.81,22.42,79.69,13.56,23.1,63.59,11.24,482.36,0.07,0.06,0.0
1002.0,2024-02-13,15:30:59,1002.0,21.02,22.24,67.11,11.26,482.26,21.4,73.81,11.77,21.4,73.81,22.42,79.69,13.56,23.1,63.59,11.24,482.26,0.07,0.06,0.0
1003.0,2024-02-13,15:31:00,1003.0,21.02,22.24,67.11,11.26,482.01,21.41,73.7,11.76,21.41,73.7,22.41,79.65,13.55,23.1,63.6,11.24,482.01,0.07,0.07,0.0
1004.0,2024-02-13,15:31:01,1004.0,21.02,22.24,67.11,11.26,482.23,21.41,73.7,11.76,21.41,73.7,22.41,79.65,13.55,23.1,63.6,11.24,482.23,0.07,0.07,0.0
1005.0,2024-02-13,15:31:02,1005.0,21.02,22.24,67.11,11.26,484.61,21.41,73.7,11.76,21.41,73.7,22.41,79.65,13.55,23.1,63.6,11.24,484.61,0.07,0.07,0.0
1006.0,2024-02-13,15:31:03,1006.0,21.02,22.24,67.11,11.26,484.17,21.41,73.63,11.75,21.41,73.63,22.41,79.56,13.53,23.1,63.58,11.24,484.17,0.07,0.07,0.0
1007.0,2024-02-13,15:31:04,1007.0,21.02,22.24,67.11,11.26,485.15,21.41,73.63,11.75,21.41,73.63,22.41,79.56,13.53,23.1,63.58,11.24,485.15,0.06,0.07,0.0
1008.0,2024-02-13,15:31:05,1008.0,21.02,22.24,67.11,11.26,485.35,21.41,73.63,11.75,21.41,73.63,22.41,79.56,13.53,23.1,63.58,11.24,485.35,0.06,0.07,0.0
1009.0,2024-02-13,15:31:06,1009.0,21.01,22.24,67.1,11.26,482.47,21.41,73.57,11.74,21.41,73.57,22.41,79.55,13.53,23.1,63.56,11.23,482.47,0.06,0.07,0.0
1010.0,2024-02-13,15:31:07,1010.0,21.01,22.24,67.1,11.26,481.09,21.41,73.57,11.74,21.41,73.57,22.41,79.55,13.53,23.1,63.56,11.23,481.09,0.06,0.07,0.0
1011.0,2024-02-13,15:31:08,1011.0,21.01,22.24,67.1,11.26,482.5,21.41,73.57,11.74,21.41,73.57,22.41,79.55,13.53,23.1,63.56,11.23,482.5,0.06,0.07,0.0
1012.0,2024-02-13,15:31:09,1012.0,21.01,22.25,67.1,11.26,483.01,21.41,73.51,11.73,21.41,73.51,22.41,79.54,13.53,23.1,63.55,11.23,483.01,0.06,0.07,0.0
1013.0,2024-02-13,15:31:10,1013.0,21.01,22.25,67.1,11.26,485.35,21.41,73.51,11.73,21.41,73.51,22.41,79.54,13.53,23.1,63.55,11.23,485.35,0.06,0.07,0.0
1014.0,2024-02-13,15:31:11,1014.0,21.01,22.25,67.1,11.26,486.2,21.41,73.51,11.73,21.41,73.51,22.41,79.54,13.53,23.1,63.55,11.23,486.2,0.06,0.07,0.0
1015.0,2024-02-13,15:31:12,1015.0,21,22.25,67.07,11.25,486.74,21.41,73.45,11.72,21.41,73.45,22.41,79.54,13.53,23.11,63.53,11.23,486.74,0.05,0.08,0.0
1016.0,2024-02-13,15:31:13,1016.0,21,22.25,67.07,11.25,486.54,21.41,73.45,11.72,21.41,73.45,22.41,79.54,13.53,23.11,63.53,11.23,486.54,0.05,0.08,0.0
1017.0,2024-02-13,15:31:14,1017.0,21,22.25,67.07,11.26,486.35,21.42,73.39,11.71,21.42,73.39,22.41,79.52,13.52,23.11,63.54,11.23,486.35,0.05,0.08,0.0
1018.0,2024-02-13,15:31:15,1018.0,21,22.25,67.07,11.26,486.25,21.42,73.39,11.71,21.42,73.39,22.41,79.52,13.52,23.11,63.54,11.23,486.25,0.05,0.08,0.0
1019.0,2024-02-13,15:31:16,1019.0,21,22.25,67.07,11.26,487.15,21.42,73.39,11.71,21.42,73.39,22.41,79.52,13.52,23.11,63.54,11.23,487.15,0.05,0.08,0.0
1020.0,2024-02-13,15:31:17,1020.0,21,22.25,67.07,11.26,487.08,21.42,73.39,11.71,21.42,73.39,22.41,79.52,13.52,23.11,63.54,11.23,487.08,0.05,0.08,0.0
1021.0,2024-02-13,15:31:18,1021.0,20.99,22.25,67.06,11.25,487.95,21.42,73.33,11.7,21.42,73.33,22.4,79.54,13.52,23.1,63.54,11.23,487.95,0.05,0.08,0.0
1022.0,2024-02-13,15:31:19,1022.0,20.99,22.25,67.06,11.25,489.17,21.42,73.33,11.7,21.42,73.33,22.4,79.54,13.52,23.1,63.54,11.23,489.17,0.05,0.09,0.0
1023.0,2024-02-13,15:31:20,1023.0,20.99,22.25,67.06,11.25,489.98,21.42,73.33,11.7,21.42,73.33,22.4,79.54,13.52,23.1,63.54,11.23,489.98,0.05,0.09,0.0
1024.0,2024-02-13,15:31:21,1024.0,20.99,22.25,67.05,11.25,489.52,21.42,73.3,11.7,21.42,73.3,22.4,79.51,13.51,23.11,63.51,11.23,489.52,0.05,0.08,0.0
1025.0,2024-02-13,15:31:22,1025.0,20.99,22.25,67.05,11.25,487.9,21.42,73.3,11.7,21.42,73.3,22.4,79.51,13.51,23.11,63.51,11.23,487.9,0.05,0.08,0.0
1026.0,2024-02-13,15:31:23,1026.0,20.99,22.25,67.05,11.25,487.74,21.42,73.3,11.7,21.42,73.3,22.4,79.51,13.51,23.11,63.51,11.23,487.74,0.05,0.08,0.0
1027.0,2024-02-13,15:31:24,1027.0,20.99,22.26,67.05,11.26,487.1,21.42,73.23,11.69,21.42,73.23,22.4,79.51,13.51,23.11,63.5,11.23,487.1,0.04,0.09,0.0
1028.0,2024-02-13,15:31:25,1028.0,20.99,22.26,67.05,11.26,485.29,21.42,73.23,11.69,21.42,73.23,22.4,79.51,13.51,23.11,63.5,11.23,485.29,0.04,0.09,0.0
1029.0,2024-02-13,15:31:26,1029.0,20.99,22.26,67.05,11.26,484.81,21.42,73.23,11.69,21.42,73.23,22.4,79.51,13.51,23.11,63.5,11.23,484.81,0.04,0.09,0.0
1030.0,2024-02-13,15:31:27,1030.0,20.99,22.26,67.04,11.26,485.89,21.43,73.17,11.68,21.43,73.17,22.39,79.56,13.52,23.11,63.5,11.23,485.89,0.04,0.09,0.0
1031.0,2024-02-13,15:31:28,1031.0,20.99,22.26,67.04,11.26,486.01,21.43,73.17,11.68,21.43,73.17,22.39,79.56,13.52,23.11,63.5,11.23,486.01,0.04,0.09,0.0
1032.0,2024-02-13,15:31:29,1032.0,20.99,22.26,67.04,11.26,484.69,21.43,73.17,11.68,21.43,73.17,22.39,79.56,13.52,23.11,63.5,11.23,484.69,0.04,0.09,0.0
1033.0,2024-02-13,15:31:30,1033.0,20.98,22.26,67.02,11.25,485.98,21.43,73.13,11.68,21.43,73.13,22.39,79.59,13.52,23.11,63.49,11.23,485.98,0.04,0.09,0.0
1034.0,2024-02-13,15:31:31,1034.0,20.98,22.26,67.02,11.25,489.62,21.43,73.13,11.68,21.43,73.13,22.39,79.59,13.52,23.11,63.49,11.23,489.62,0.04,0.09,0.0
1035.0,2024-02-13,15:31:32,1035.0,20.98,22.26,67.02,11.25,490.38,21.43,73.13,11.68,21.43,73.13,22.39,79.59,13.52,23.11,63.49,11.23,490.38,0.04,0.09,0.0
1036.0,2024-02-13,15:31:33,1036.0,20.98,22.26,67,11.25,490.99,21.42,73.08,11.67,21.42,73.08,22.38,79.62,13.52,23.11,63.47,11.22,490.99,0.03,0.09,0.0
1037.0,2024-02-13,15:31:34,1037.0,20.98,22.26,67,11.25,491.54,21.42,73.08,11.67,21.42,73.08,22.38,79.62,13.52,23.11,63.47,11.22,491.54,0.03,0.09,0.0
1038.0,2024-02-13,15:31:35,1038.0,20.98,22.26,67,11.25,491.44,21.42,73.08,11.67,21.42,73.08,22.38,79.62,13.52,23.11,63.47,11.22,491.44,0.03,0.09,0.0
1039.0,2024-02-13,15:31:36,1039.0,20.98,22.26,67.02,11.26,492,21.43,73.05,11.67,21.43,73.05,22.39,79.61,13.52,23.11,63.45,11.22,492,0.03,0.09,0.0
1040.0,2024-02-13,15:31:37,1040.0,20.98,22.26,67.02,11.26,493.16,21.43,73.05,11.67,21.43,73.05,22.39,79.61,13.52,23.11,63.45,11.22,493.16,0.03,0.1,0.0
1041.0,2024-02-13,15:31:38,1041.0,20.98,22.26,67.02,11.26,493.37,21.43,73.05,11.67,21.43,73.05,22.39,79.61,13.52,23.11,63.45,11.22,493.37,0.03,0.1,0.0
1042.0,2024-02-13,15:31:39,1042.0,20.99,22.26,67,11.25,492.3,21.43,73.01,11.66,21.43,73.01,22.39,79.62,13.52,23.11,63.45,11.22,492.3,0.03,0.1,0.0
1043.0,2024-02-13,15:31:40,1043.0,20.99,22.26,67,11.25,491.86,21.43,73.01,11.66,21.43,73.01,22.39,79.62,13.52,23.11,63.45,11.22,491.86,0.03,0.1,0.0
1044.0,2024-02-13,15:31:41,1044.0,21.01,22.26,66.98,11.25,493.62,21.43,72.99,11.66,21.43,72.99,22.39,79.61,13.52,23.11,63.44,11.22,493.62,0.03,0.1,0.0
1045.0,2024-02-13,15:31:42,1045.0,21.01,22.26,66.98,11.25,495.52,21.43,72.99,11.66,21.43,72.99,22.39,79.61,13.52,23.11,63.44,11.22,495.52,0.03,0.1,0.0
1046.0,2024-02-13,15:31:43,1046.0,21.01,22.26,66.98,11.25,494.34,21.43,72.99,11.66,21.43,72.99,22.39,79.61,13.52,23.11,63.44,11.22,494.34,0.03,0.1,0.0
1047.0,2024-02-13,15:31:44,1047.0,21.01,22.26,66.98,11.25,493.29,21.43,72.99,11.66,21.43,72.99,22.39,79.61,13.52,23.11,63.44,11.22,493.29,0.03,0.1,0.0
1048.0,2024-02-13,15:31:45,1048.0,21.02,22.26,66.99,11.25,491,21.43,72.95,11.65,21.43,72.95,22.39,79.6,13.52,23.11,63.44,11.22,491,0.03,0.1,0.0
1049.0,2024-02-13,15:31:46,1049.0,21.02,22.26,66.99,11.25,490.33,21.43,72.95,11.65,21.43,72.95,22.39,79.6,13.52,23.11,63.44,11.22,490.33,0.03,0.1,0.0
1050.0,2024-02-13,15:31:47,1050.0,21.03,22.26,66.97,11.25,489.42,21.43,72.92,11.65,21.43,72.92,22.39,79.61,13.52,23.11,63.44,11.22,489.42,0.03,0.1,0.0
1051.0,2024-02-13,15:31:48,1051.0,21.03,22.26,66.97,11.25,489.68,21.43,72.92,11.65,21.43,72.92,22.39,79.61,13.52,23.11,63.44,11.22,489.68,0.03,0.1,0.0
1052.0,2024-02-13,15:31:49,1052.0,21.03,22.26,66.97,11.25,490.52,21.43,72.92,11.65,21.43,72.92,22.39,79.61,13.52,23.11,63.44,11.22,490.52,0.03,0.1,0.0
1053.0,2024-02-13,15:31:50,1053.0,21.03,22.26,66.97,11.25,490.97,21.43,72.92,11.65,21.43,72.92,22.39,79.61,13.52,23.11,63.44,11.22,490.97,0.03,0.1,0.0
1054.0,2024-02-13,15:31:51,1054.0,21.05,22.26,66.96,11.25,492.01,21.43,72.89,11.64,21.43,72.89,22.38,79.63,13.52,23.11,63.45,11.22,492.01,0.03,0.1,0.0
1055.0,2024-02-13,15:31:52,1055.0,21.05,22.26,66.96,11.25,493.36,21.43,72.89,11.64,21.43,72.89,22.38,79.63,13.52,23.11,63.45,11.22,493.36,0.03,0.1,0.0
1056.0,2024-02-13,15:31:53,1056.0,21.06,22.26,66.98,11.25,495.53,21.43,72.87,11.64,21.43,72.87,22.38,79.67,13.52,23.11,63.46,11.22,495.53,0.03,0.1,0.0
1057.0,2024-02-13,15:31:54,1057.0,21.06,22.26,66.98,11.25,495.87,21.43,72.87,11.64,21.43,72.87,22.38,79.67,13.52,23.11,63.46,11.22,495.87,0.02,0.1,0.0
1058.0,2024-02-13,15:31:55,1058.0,21.06,22.26,66.98,11.25,495.69,21.43,72.87,11.64,21.43,72.87,22.38,79.67,13.52,23.11,63.46,11.22,495.69,0.02,0.1,0.0
1059.0,2024-02-13,15:31:56,1059.0,21.06,22.26,66.98,11.25,495.53,21.43,72.87,11.64,21.43,72.87,22.38,79.67,13.52,23.11,63.46,11.22,495.53,0.02,0.1,0.0
1060.0,2024-02-13,15:31:57,1060.0,21.08,22.27,66.94,11.24,493.63,21.44,72.85,11.64,21.44,72.85,22.38,79.69,13.53,23.11,63.47,11.22,493.63,0.03,0.11,0.0
1061.0,2024-02-13,15:31:58,1061.0,21.08,22.27,66.94,11.24,492.55,21.44,72.85,11.64,21.44,72.85,22.38,79.69,13.53,23.11,63.47,11.22,492.55,0.03,0.11,0.0
1062.0,2024-02-13,15:31:59,1062.0,21.09,22.27,66.97,11.25,489.74,21.44,72.85,11.64,21.44,72.85,22.38,79.74,13.54,23.11,63.48,11.23,489.74,0.03,0.11,0.0
1063.0,2024-02-13,15:32:00,1063.0,21.09,22.27,66.97,11.25,490.08,21.44,72.85,11.64,21.44,72.85,22.38,79.74,13.54,23.11,63.48,11.23,490.08,0.02,0.11,0.0
1064.0,2024-02-13,15:32:01,1064.0,21.09,22.27,66.97,11.25,491.53,21.44,72.85,11.64,21.44,72.85,22.38,79.74,13.54,23.11,63.48,11.23,491.53,0.02,0.11,0.0
1065.0,2024-02-13,15:32:02,1065.0,21.09,22.27,66.97,11.25,492.23,21.44,72.85,11.64,21.44,72.85,22.38,79.74,13.54,23.11,63.48,11.23,492.23,0.02,0.11,0.0
1066.0,2024-02-13,15:32:03,1066.0,21.1,22.27,66.98,11.25,492.02,21.44,72.8,11.64,21.44,72.8,22.38,79.78,13.55,23.11,63.5,11.23,492.02,0.02,0.11,0.0
1067.0,2024-02-13,15:32:04,1067.0,21.1,22.27,66.98,11.25,490.27,21.44,72.8,11.64,21.44,72.8,22.38,79.78,13.55,23.11,63.5,11.23,490.27,0.02,0.11,0.0
1068.0,2024-02-13,15:32:05,1068.0,21.1,22.27,66.98,11.25,485.65,21.44,72.8,11.64,21.44,72.8,22.38,79.78,13.55,23.11,63.5,11.23,485.65,0.02,0.11,0.0
1069.0,2024-02-13,15:32:06,1069.0,21.11,22.27,66.97,11.25,482.71,21.44,72.82,11.64,21.44,72.82,22.38,79.84,13.55,23.11,63.51,11.23,482.71,0.02,0.11,0.0
1070.0,2024-02-13,15:32:07,1070.0,21.11,22.27,66.97,11.25,483.51,21.44,72.82,11.64,21.44,72.82,22.38,79.84,13.55,23.11,63.51,11.23,483.51,0.02,0.11,0.0
1071.0,2024-02-13,15:32:08,1071.0,21.11,22.27,66.97,11.25,484.68,21.44,72.82,11.64,21.44,72.82,22.38,79.84,13.55,23.11,63.51,11.23,484.68,0.02,0.11,0.0
1072.0,2024-02-13,15:32:09,1072.0,21.12,22.27,66.99,11.26,485.26,21.44,72.8,11.64,21.44,72.8,22.38,79.93,13.57,23.12,63.52,11.24,485.26,0.02,0.11,0.0
1073.0,2024-02-13,15:32:10,1073.0,21.12,22.27,66.99,11.26,486.5,21.44,72.8,11.64,21.44,72.8,22.38,79.93,13.57,23.12,63.52,11.24,486.5,0.02,0.11,0.0
1074.0,2024-02-13,15:32:11,1074.0,21.12,22.27,66.99,11.26,486.8,21.44,72.8,11.64,21.44,72.8,22.38,79.93,13.57,23.12,63.52,11.24,486.8,0.02,0.11,0.0
1075.0,2024-02-13,15:32:12,1075.0,21.12,22.27,67,11.26,484.64,21.44,72.8,11.64,21.44,72.8,22.38,80,13.58,23.11,63.53,11.24,484.64,0.02,0.11,0.0
1076.0,2024-02-13,15:32:13,1076.0,21.12,22.27,67,11.26,484.17,21.44,72.8,11.64,21.44,72.8,22.38,80,13.58,23.11,63.53,11.24,484.17,0.02,0.11,0.0
1077.0,2024-02-13,15:32:14,1077.0,21.12,22.27,67,11.26,484.67,21.44,72.8,11.64,21.44,72.8,22.38,80,13.58,23.11,63.53,11.24,484.67,0.02,0.11,0.0
1078.0,2024-02-13,15:32:15,1078.0,21.12,22.28,66.99,11.26,483.55,21.45,72.79,11.64,21.45,72.79,22.39,80.11,13.61,23.12,63.5,11.23,483.55,0.02,0.11,0.0
1079.0,2024-02-13,15:32:16,1079.0,21.12,22.28,66.99,11.26,483.54,21.45,72.79,11.64,21.45,72.79,22.39,80.11,13.61,23.12,63.5,11.23,483.54,0.02,0.11,0.0
1080.0,2024-02-13,15:32:17,1080.0,21.12,22.28,66.99,11.26,484.93,21.45,72.79,11.64,21.45,72.79,22.39,80.11,13.61,23.12,63.5,11.23,484.93,0.02,0.11,0.0
1081.0,2024-02-13,15:32:18,1081.0,21.12,22.28,66.99,11.26,485.11,21.45,72.76,11.64,21.45,72.76,22.38,80.02,13.59,23.12,63.5,11.23,485.11,0.02,0.11,0.0
1082.0,2024-02-13,15:32:19,1082.0,21.12,22.28,66.99,11.26,485.2,21.45,72.76,11.64,21.45,72.76,22.38,80.02,13.59,23.12,63.5,11.23,485.2,0.02,0.11,0.0
1083.0,2024-02-13,15:32:20,1083.0,21.12,22.28,66.99,11.26,486.13,21.45,72.76,11.64,21.45,72.76,22.38,80.02,13.59,23.12,63.5,11.23,486.13,0.02,0.11,0.0
1084.0,2024-02-13,15:32:21,1084.0,21.12,22.28,66.99,11.26,485.27,21.45,72.74,11.63,21.45,72.74,22.38,79.74,13.54,23.12,63.53,11.24,485.27,0.02,0.11,0.0
1085.0,2024-02-13,15:32:22,1085.0,21.12,22.28,66.99,11.26,484.81,21.45,72.74,11.63,21.45,72.74,22.38,79.74,13.54,23.12,63.53,11.24,484.81,0.02,0.11,0.0
1086.0,2024-02-13,15:32:23,1086.0,21.12,22.28,66.99,11.26,485.49,21.45,72.74,11.63,21.45,72.74,22.38,79.74,13.54,23.12,63.53,11.24,485.49,0.02,0.11,0.0
1087.0,2024-02-13,15:32:24,1087.0,21.12,22.28,66.98,11.26,485.97,21.45,72.72,11.63,21.45,72.72,22.39,79.31,13.47,23.12,63.5,11.23,485.97,0.02,0.11,0.0
1088.0,2024-02-13,15:32:25,1088.0,21.12,22.28,66.98,11.26,488.33,21.45,72.72,11.63,21.45,72.72,22.39,79.31,13.47,23.12,63.5,11.23,488.33,0.02,0.11,0.0
1089.0,2024-02-13,15:32:26,1089.0,21.12,22.28,66.98,11.26,489.41,21.45,72.72,11.63,21.45,72.72,22.39,79.31,13.47,23.12,63.5,11.23,489.41,0.02,0.11,0.0
1090.0,2024-02-13,15:32:27,1090.0,21.13,22.28,66.96,11.26,489.37,21.46,72.7,11.63,21.46,72.7,22.39,78.79,13.38,23.12,63.49,11.23,489.37,0.02,0.11,0.0
1091.0,2024-02-13,15:32:28,1091.0,21.13,22.28,66.96,11.26,489.7,21.46,72.7,11.63,21.46,72.7,22.39,78.79,13.38,23.12,63.49,11.23,489.7,0.02,0.11,0.0
1092.0,2024-02-13,15:32:29,1092.0,21.13,22.28,66.96,11.26,487.91,21.46,72.7,11.63,21.46,72.7,22.39,78.79,13.38,23.12,63.49,11.23,487.91,0.02,0.11,0.0
1093.0,2024-02-13,15:32:30,1093.0,21.14,22.28,66.92,11.25,487.42,21.46,72.65,11.62,21.46,72.65,22.4,78.28,13.3,23.12,63.45,11.22,487.42,0.02,0.11,0.0
1094.0,2024-02-13,15:32:31,1094.0,21.14,22.28,66.92,11.25,484.06,21.46,72.65,11.62,21.46,72.65,22.4,78.28,13.3,23.12,63.45,11.22,484.06,0.02,0.11,0.0
1095.0,2024-02-13,15:32:32,1095.0,21.14,22.28,66.92,11.25,483.49,21.46,72.65,11.62,21.46,72.65,22.4,78.28,13.3,23.12,63.45,11.22,483.49,0.02,0.11,0.0
1096.0,2024-02-13,15:32:33,1096.0,21.14,22.28,66.89,11.25,480.97,21.46,72.63,11.62,21.46,72.63,22.4,77.84,13.22,23.12,63.43,11.22,480.97,0.02,0.11,0.0
1097.0,2024-02-13,15:32:34,1097.0,21.14,22.28,66.89,11.25,481.19,21.46,72.63,11.62,21.46,72.63,22.4,77.84,13.22,23.12,63.43,11.22,481.19,0.02,0.11,0.0
1098.0,2024-02-13,15:32:35,1098.0,21.14,22.28,66.89,11.25,482.06,21.46,72.63,11.62,21.46,72.63,22.4,77.84,13.22,23.12,63.43,11.22,482.06,0.02,0.11,0.0
1099.0,2024-02-13,15:32:36,1099.0,21.15,22.28,66.85,11.24,481.01,21.46,72.61,11.62,21.46,72.61,22.4,77.38,13.14,23.12,63.39,11.21,481.01,0.02,0.11,0.0
1100.0,2024-02-13,15:32:37,1100.0,21.15,22.28,66.85,11.24,480.99,21.46,72.61,11.62,21.46,72.61,22.4,77.38,13.14,23.12,63.39,11.21,480.99,0.02,0.11,0.0
1101.0,2024-02-13,15:32:38,1101.0,21.15,22.28,66.85,11.24,481.29,21.46,72.61,11.62,21.46,72.61,22.4,77.38,13.14,23.12,63.39,11.21,481.29,0.02,0.11,0.0
1102.0,2024-02-13,15:32:39,1102.0,21.15,22.28,66.84,11.23,483.12,21.46,72.59,11.62,21.46,72.59,22.4,76.97,13.07,23.11,63.4,11.21,483.12,0.02,0.11,0.0
1103.0,2024-02-13,15:32:40,1103.0,21.15,22.28,66.84,11.23,488.55,21.46,72.59,11.62,21.46,72.59,22.4,76.97,13.07,23.11,63.4,11.21,488.55,0.02,0.11,0.0
1104.0,2024-02-13,15:32:41,1104.0,21.15,22.28,66.84,11.23,488.76,21.46,72.59,11.62,21.46,72.59,22.4,76.97,13.07,23.11,63.4,11.21,488.76,0.02,0.11,0.0
1105.0,2024-02-13,15:32:42,1105.0,21.15,22.28,66.79,11.23,488.38,21.46,72.56,11.61,21.46,72.56,22.4,76.57,13.01,23.12,63.36,11.21,488.38,0.02,0.11,0.0
1106.0,2024-02-13,15:32:43,1106.0,21.15,22.28,66.79,11.23,489.31,21.46,72.56,11.61,21.46,72.56,22.4,76.57,13.01,23.12,63.36,11.21,489.31,0.02,0.11,0.0
1107.0,2024-02-13,15:32:44,1107.0,21.15,22.28,66.79,11.23,490.83,21.46,72.56,11.61,21.46,72.56,22.4,76.57,13.01,23.12,63.36,11.21,490.83,0.02,0.11,0.0
1108.0,2024-02-13,15:32:45,1108.0,21.15,22.28,66.77,11.22,494.4,21.47,72.54,11.61,21.47,72.54,22.41,76.22,12.95,23.12,63.34,11.2,494.4,0.03,0.11,0.0
1109.0,2024-02-13,15:32:46,1109.0,21.15,22.28,66.77,11.22,495.9,21.47,72.54,11.61,21.47,72.54,22.41,76.22,12.95,23.12,63.34,11.2,495.9,0.03,0.11,0.0
1110.0,2024-02-13,15:32:47,1110.0,21.15,22.28,66.77,11.22,495.28,21.47,72.54,11.61,21.47,72.54,22.41,76.22,12.95,23.12,63.34,11.2,495.28,0.03,0.11,0.0
1111.0,2024-02-13,15:32:48,1111.0,21.15,22.29,66.73,11.22,492.95,21.47,72.52,11.61,21.47,72.52,22.41,75.92,12.9,23.12,63.26,11.19,492.95,0.03,0.1,0.0
1112.0,2024-02-13,15:32:49,1112.0,21.15,22.29,66.73,11.22,491.36,21.47,72.52,11.61,21.47,72.52,22.41,75.92,12.9,23.12,63.26,11.19,491.36,0.03,0.1,0.0
1113.0,2024-02-13,15:32:50,1113.0,21.15,22.29,66.73,11.22,491.93,21.47,72.52,11.61,21.47,72.52,22.41,75.92,12.9,23.12,63.26,11.19,491.93,0.03,0.1,0.0
1114.0,2024-02-13,15:32:51,1114.0,21.16,22.29,66.73,11.22,490.28,21.47,72.49,11.61,21.47,72.49,22.41,75.62,12.85,23.12,63.27,11.19,490.28,0.02,0.1,0.0
1115.0,2024-02-13,15:32:52,1115.0,21.16,22.29,66.73,11.22,489.19,21.47,72.49,11.61,21.47,72.49,22.41,75.62,12.85,23.12,63.27,11.19,489.19,0.02,0.1,0.0
1116.0,2024-02-13,15:32:53,1116.0,21.16,22.29,66.73,11.22,489.33,21.47,72.49,11.61,21.47,72.49,22.41,75.62,12.85,23.12,63.27,11.19,489.33,0.02,0.1,0.0
1117.0,2024-02-13,15:32:54,1117.0,21.16,22.29,66.71,11.22,488.76,21.47,72.48,11.61,21.47,72.48,22.41,75.35,12.8,23.12,63.28,11.19,488.76,0.02,0.1,0.0
1118.0,2024-02-13,15:32:55,1118.0,21.16,22.29,66.71,11.22,485.12,21.47,72.48,11.61,21.47,72.48,22.41,75.35,12.8,23.12,63.28,11.19,485.12,0.02,0.1,0.0
1119.0,2024-02-13,15:32:56,1119.0,21.16,22.29,66.71,11.22,484.35,21.47,72.48,11.61,21.47,72.48,22.41,75.35,12.8,23.12,63.28,11.19,484.35,0.02,0.1,0.0
1120.0,2024-02-13,15:32:57,1120.0,21.16,22.29,66.69,11.22,485.35,21.48,72.43,11.6,21.48,72.43,22.41,75.09,12.75,23.12,63.26,11.19,485.35,0.02,0.1,0.0
1121.0,2024-02-13,15:32:58,1121.0,21.16,22.29,66.69,11.22,485.04,21.48,72.43,11.6,21.48,72.43,22.41,75.09,12.75,23.12,63.26,11.19,485.04,0.02,0.1,0.0
1122.0,2024-02-13,15:32:59,1122.0,21.16,22.29,66.69,11.22,486.54,21.48,72.43,11.6,21.48,72.43,22.41,75.09,12.75,23.12,63.26,11.19,486.54,0.02,0.1,0.0
1123.0,2024-02-13,15:33:00,1123.0,21.16,22.29,66.64,11.21,486.24,21.48,72.4,11.6,21.48,72.4,22.41,74.81,12.71,23.12,63.24,11.19,486.24,0.02,0.1,0.0
1124.0,2024-02-13,15:33:01,1124.0,21.16,22.29,66.64,11.21,485.93,21.48,72.4,11.6,21.48,72.4,22.41,74.81,12.71,23.12,63.24,11.19,485.93,0.02,0.1,0.0
1125.0,2024-02-13,15:33:02,1125.0,21.16,22.29,66.64,11.21,485.37,21.48,72.4,11.6,21.48,72.4,22.41,74.81,12.71,23.12,63.24,11.19,485.37,0.02,0.1,0.0
1126.0,2024-02-13,15:33:03,1126.0,21.15,22.29,66.68,11.22,485.32,21.48,72.38,11.59,21.48,72.38,22.41,74.54,12.66,23.12,63.22,11.18,485.32,0.02,0.1,0.0
1127.0,2024-02-13,15:33:04,1127.0,21.15,22.29,66.68,11.22,485.99,21.48,72.38,11.59,21.48,72.38,22.41,74.54,12.66,23.12,63.22,11.18,485.99,0.02,0.1,0.0
1128.0,2024-02-13,15:33:05,1128.0,21.15,22.29,66.68,11.22,485.94,21.48,72.38,11.59,21.48,72.38,22.41,74.54,12.66,23.12,63.22,11.18,485.94,0.02,0.1,0.0
1129.0,2024-02-13,15:33:06,1129.0,21.16,22.29,66.64,11.21,485.95,21.48,72.35,11.59,21.48,72.35,22.41,74.28,12.62,23.12,63.23,11.18,485.95,0.02,0.1,0.0
1130.0,2024-02-13,15:33:07,1130.0,21.16,22.29,66.64,11.21,486.14,21.48,72.35,11.59,21.48,72.35,22.41,74.28,12.62,23.12,63.23,11.18,486.14,0.02,0.1,0.0
1131.0,2024-02-13,15:33:08,1131.0,21.16,22.29,66.64,11.21,486.08,21.48,72.35,11.59,21.48,72.35,22.41,74.28,12.62,23.12,63.23,11.18,486.08,0.02,0.1,0.0
1132.0,2024-02-13,15:33:09,1132.0,21.16,22.3,66.62,11.21,485.95,21.48,72.33,11.59,21.48,72.33,22.41,74.11,12.59,23.12,63.2,11.18,485.95,0.02,0.1,0.0
1133.0,2024-02-13,15:33:10,1133.0,21.16,22.3,66.62,11.21,485.79,21.48,72.33,11.59,21.48,72.33,22.41,74.11,12.59,23.12,63.2,11.18,485.79,0.02,0.1,0.0
1134.0,2024-02-13,15:33:11,1134.0,21.16,22.3,66.62,11.21,486.42,21.48,72.33,11.59,21.48,72.33,22.41,74.11,12.59,23.12,63.2,11.18,486.42,0.02,0.1,0.0
1135.0,2024-02-13,15:33:12,1135.0,21.16,22.3,66.6,11.21,487.89,21.48,72.29,11.58,21.48,72.29,22.41,73.9,12.55,23.12,63.17,11.17,487.89,0.02,0.1,0.0
1136.0,2024-02-13,15:33:13,1136.0,21.16,22.3,66.6,11.21,488.69,21.48,72.29,11.58,21.48,72.29,22.41,73.9,12.55,23.12,63.17,11.17,488.69,0.02,0.1,0.0
1137.0,2024-02-13,15:33:14,1137.0,21.16,22.3,66.6,11.21,487.65,21.48,72.29,11.58,21.48,72.29,22.41,73.9,12.55,23.12,63.17,11.17,487.65,0.02,0.1,0.0
1138.0,2024-02-13,15:33:15,1138.0,21.16,22.3,66.6,11.21,487.65,21.49,72.28,11.58,21.49,72.28,22.4,73.73,12.51,23.12,63.18,11.18,487.65,0.02,0.1,0.0
1139.0,2024-02-13,15:33:16,1139.0,21.16,22.3,66.6,11.21,487.75,21.49,72.28,11.58,21.49,72.28,22.4,73.73,12.51,23.12,63.18,11.18,487.75,0.02,0.1,0.0
1140.0,2024-02-13,15:33:17,1140.0,21.16,22.3,66.6,11.21,487.81,21.49,72.28,11.58,21.49,72.28,22.4,73.73,12.51,23.12,63.18,11.18,487.81,0.02,0.1,0.0
1141.0,2024-02-13,15:33:18,1141.0,21.16,22.31,66.55,11.21,487.63,21.49,72.26,11.58,21.49,72.26,22.4,73.57,12.48,23.12,63.18,11.18,487.63,0.02,0.1,0.0
1142.0,2024-02-13,15:33:19,1142.0,21.16,22.31,66.55,11.21,487.62,21.49,72.26,11.58,21.49,72.26,22.4,73.57,12.48,23.12,63.18,11.18,487.62,0.02,0.1,0.0
1143.0,2024-02-13,15:33:20,1143.0,21.15,22.31,66.55,11.21,487.45,21.49,72.24,11.58,21.49,72.24,22.4,73.42,12.46,23.12,63.14,11.17,487.45,0.02,0.1,0.0
1144.0,2024-02-13,15:33:21,1144.0,21.15,22.31,66.55,11.21,487.51,21.49,72.24,11.58,21.49,72.24,22.4,73.42,12.46,23.12,63.14,11.17,487.51,0.02,0.1,0.0
1145.0,2024-02-13,15:33:22,1145.0,21.15,22.31,66.55,11.21,485.93,21.49,72.24,11.58,21.49,72.24,22.4,73.42,12.46,23.12,63.14,11.17,485.93,0.02,0.1,0.0
1146.0,2024-02-13,15:33:23,1146.0,21.15,22.31,66.55,11.21,484.87,21.49,72.24,11.58,21.49,72.24,22.4,73.42,12.46,23.12,63.14,11.17,484.87,0.02,0.1,0.0
1147.0,2024-02-13,15:33:24,1147.0,21.14,22.31,66.56,11.21,484.1,21.49,72.2,11.57,21.49,72.2,22.4,73.25,12.43,23.12,63.15,11.17,484.1,0.02,0.1,0.0
1148.0,2024-02-13,15:33:25,1148.0,21.14,22.31,66.56,11.21,483.56,21.49,72.2,11.57,21.49,72.2,22.4,73.25,12.43,23.12,63.15,11.17,483.56,0.02,0.1,0.0
1149.0,2024-02-13,15:33:26,1149.0,21.14,22.31,66.56,11.21,486.5,21.49,72.2,11.57,21.49,72.2,22.4,73.25,12.43,23.12,63.15,11.17,486.5,0.02,0.1,0.0
1150.0,2024-02-13,15:33:27,1150.0,21.14,22.31,66.54,11.21,488.27,21.49,72.18,11.57,21.49,72.18,22.4,73.09,12.4,23.12,63.13,11.17,488.27,0.02,0.1,0.0
1151.0,2024-02-13,15:33:28,1151.0,21.14,22.31,66.54,11.21,489.62,21.49,72.18,11.57,21.49,72.18,22.4,73.09,12.4,23.12,63.13,11.17,489.62,0.02,0.1,0.0
1152.0,2024-02-13,15:33:29,1152.0,21.14,22.31,66.54,11.21,490.56,21.49,72.18,11.57,21.49,72.18,22.4,73.09,12.4,23.12,63.13,11.17,490.56,0.02,0.1,0.0
1153.0,2024-02-13,15:33:30,1153.0,21.13,22.31,66.53,11.2,486.41,21.49,72.15,11.57,21.49,72.15,22.4,72.91,12.37,23.12,63.1,11.16,486.41,0.01,0.1,0.0
1154.0,2024-02-13,15:33:31,1154.0,21.13,22.31,66.53,11.2,485.29,21.49,72.15,11.57,21.49,72.15,22.4,72.91,12.37,23.12,63.1,11.16,485.29,0.01,0.1,0.0
1155.0,2024-02-13,15:33:32,1155.0,21.13,22.31,66.53,11.2,484.38,21.49,72.15,11.57,21.49,72.15,22.4,72.91,12.37,23.12,63.1,11.16,484.38,0.01,0.1,0.0
1156.0,2024-02-13,15:33:33,1156.0,21.12,22.31,66.5,11.2,485.49,21.49,72.13,11.56,21.49,72.13,22.39,72.79,12.34,23.12,63.09,11.16,485.49,0.01,0.1,0.0
1157.0,2024-02-13,15:33:34,1157.0,21.12,22.31,66.5,11.2,491.45,21.49,72.13,11.56,21.49,72.13,22.39,72.79,12.34,23.12,63.09,11.16,491.45,0.02,0.1,0.0
1158.0,2024-02-13,15:33:35,1158.0,21.12,22.31,66.5,11.2,491.35,21.49,72.13,11.56,21.49,72.13,22.39,72.79,12.34,23.12,63.09,11.16,491.35,0.02,0.1,0.0
1159.0,2024-02-13,15:33:36,1159.0,21.12,22.31,66.5,11.2,489.9,21.49,72.1,11.56,21.49,72.1,22.39,72.66,12.32,23.12,63.04,11.15,489.9,0.01,0.1,0.0
1160.0,2024-02-13,15:33:37,1160.0,21.12,22.31,66.5,11.2,489.64,21.49,72.1,11.56,21.49,72.1,22.39,72.66,12.32,23.12,63.04,11.15,489.64,0.01,0.1,0.0
1161.0,2024-02-13,15:33:38,1161.0,21.12,22.31,66.5,11.2,490.7,21.49,72.1,11.56,21.49,72.1,22.39,72.66,12.32,23.12,63.04,11.15,490.7,0.01,0.1,0.0
1162.0,2024-02-13,15:33:39,1162.0,21.12,22.3,66.46,11.19,491.82,21.49,72.08,11.55,21.49,72.08,22.39,72.54,12.3,23.11,63.01,11.14,491.82,0.01,0.1,0.0
1163.0,2024-02-13,15:33:40,1163.0,21.12,22.3,66.46,11.19,492.4,21.49,72.08,11.55,21.49,72.08,22.39,72.54,12.3,23.11,63.01,11.14,492.4,0.02,0.1,0.0
1164.0,2024-02-13,15:33:41,1164.0,21.12,22.3,66.46,11.19,492.57,21.49,72.08,11.55,21.49,72.08,22.39,72.54,12.3,23.11,63.01,11.14,492.57,0.02,0.1,0.0
1165.0,2024-02-13,15:33:42,1165.0,21.13,22.3,66.43,11.18,493.23,21.49,72.06,11.55,21.49,72.06,22.39,72.43,12.28,23.12,62.96,11.14,493.23,0.02,0.1,0.0
1166.0,2024-02-13,15:33:43,1166.0,21.13,22.3,66.43,11.18,492.83,21.49,72.06,11.55,21.49,72.06,22.39,72.43,12.28,23.12,62.96,11.14,492.83,0.02,0.1,0.0
1167.0,2024-02-13,15:33:44,1167.0,21.13,22.3,66.43,11.18,492.55,21.49,72.06,11.55,21.49,72.06,22.39,72.43,12.28,23.12,62.96,11.14,492.55,0.02,0.1,0.0
1168.0,2024-02-13,15:33:45,1168.0,21.14,22.3,66.41,11.18,492.28,21.49,72.06,11.55,21.49,72.06,22.39,72.37,12.27,23.12,62.93,11.13,492.28,0.02,0.1,0.0
1169.0,2024-02-13,15:33:46,1169.0,21.14,22.3,66.41,11.18,491.84,21.49,72.06,11.55,21.49,72.06,22.39,72.37,12.27,23.12,62.93,11.13,491.84,0.02,0.1,0.0
1170.0,2024-02-13,15:33:47,1170.0,21.14,22.3,66.41,11.18,490.13,21.49,72.06,11.55,21.49,72.06,22.39,72.37,12.27,23.12,62.93,11.13,490.13,0.02,0.1,0.0
1171.0,2024-02-13,15:33:48,1171.0,21.14,22.29,66.39,11.17,489.43,21.48,72.04,11.54,21.48,72.04,22.39,72.26,12.25,23.11,62.94,11.12,489.43,0.02,0.1,0.0
1172.0,2024-02-13,15:33:49,1172.0,21.14,22.29,66.39,11.17,487.15,21.48,72.04,11.54,21.48,72.04,22.39,72.26,12.25,23.11,62.94,11.12,487.15,0.02,0.1,0.0
1173.0,2024-02-13,15:33:50,1173.0,21.14,22.29,66.39,11.17,486.52,21.48,72.04,11.54,21.48,72.04,22.39,72.26,12.25,23.11,62.94,11.12,486.52,0.02,0.1,0.0
1174.0,2024-02-13,15:33:51,1174.0,21.16,22.3,66.37,11.17,486.41,21.49,72.02,11.54,21.49,72.02,22.39,72.16,12.23,23.12,62.89,11.12,486.41,0.02,0.1,0.0
1175.0,2024-02-13,15:33:52,1175.0,21.16,22.3,66.37,11.17,487.65,21.49,72.02,11.54,21.49,72.02,22.39,72.16,12.23,23.12,62.89,11.12,487.65,0.02,0.1,0.0
1176.0,2024-02-13,15:33:53,1176.0,21.16,22.3,66.37,11.17,489.81,21.49,72.02,11.54,21.49,72.02,22.39,72.16,12.23,23.12,62.89,11.12,489.81,0.02,0.1,0.0
1177.0,2024-02-13,15:33:54,1177.0,21.15,22.29,66.38,11.17,490.81,21.48,72.01,11.53,21.48,72.01,22.39,72.11,12.22,23.1,62.89,11.11,490.81,0.02,0.1,0.0
1178.0,2024-02-13,15:33:55,1178.0,21.15,22.29,66.38,11.17,492.43,21.48,72.01,11.53,21.48,72.01,22.39,72.11,12.22,23.1,62.89,11.11,492.43,0.02,0.1,0.0
1179.0,2024-02-13,15:33:56,1179.0,21.15,22.29,66.38,11.17,492.41,21.48,72.01,11.53,21.48,72.01,22.39,72.11,12.22,23.1,62.89,11.11,492.41,0.02,0.1,0.0
1180.0,2024-02-13,15:33:57,1180.0,21.17,22.3,66.36,11.17,490.9,21.49,71.99,11.54,21.49,71.99,22.39,72.06,12.21,23.11,62.91,11.12,490.9,0.02,0.1,0.0
1181.0,2024-02-13,15:33:58,1181.0,21.17,22.3,66.36,11.17,489.06,21.49,71.99,11.54,21.49,71.99,22.39,72.06,12.21,23.11,62.91,11.12,489.06,0.02,0.1,0.0
1182.0,2024-02-13,15:33:59,1182.0,21.17,22.3,66.36,11.17,487.64,21.49,71.99,11.54,21.49,71.99,22.39,72.06,12.21,23.11,62.91,11.12,487.64,0.02,0.1,0.0
1183.0,2024-02-13,15:34:00,1183.0,21.14,22.29,66.37,11.17,486.49,21.45,71.98,11.51,21.45,71.98,22.38,71.99,12.2,23.07,62.9,11.09,486.49,0.0,0.09,0.0
1184.0,2024-02-13,15:34:01,1184.0,21.14,22.29,66.37,11.17,484.4,21.45,71.98,11.51,21.45,71.98,22.38,71.99,12.2,23.07,62.9,11.09,484.4,0.0,0.09,0.0
1185.0,2024-02-13,15:34:02,1185.0,21.14,22.29,66.37,11.17,484.72,21.45,71.98,11.51,21.45,71.98,22.38,71.99,12.2,23.07,62.9,11.09,484.72,0.0,0.09,0.0
1186.0,2024-02-13,15:34:03,1186.0,21.15,22.3,66.35,11.17,486.41,21.48,71.95,11.53,21.48,71.95,22.39,71.91,12.19,23.1,62.88,11.11,486.41,0.01,0.1,0.0
1187.0,2024-02-13,15:34:04,1187.0,21.15,22.3,66.35,11.17,486.88,21.48,71.95,11.53,21.48,71.95,22.39,71.91,12.19,23.1,62.88,11.11,486.88,0.01,0.1,0.0
1188.0,2024-02-13,15:34:05,1188.0,21.15,22.3,66.35,11.17,486.08,21.48,71.95,11.53,21.48,71.95,22.39,71.91,12.19,23.1,62.88,11.11,486.08,0.01,0.1,0.0
1189.0,2024-02-13,15:34:06,1189.0,21.11,22.29,66.35,11.16,485.98,21.49,71.92,11.53,21.49,71.92,22.38,71.82,12.17,23.11,62.73,11.09,485.98,0.02,0.09,0.0
1190.0,2024-02-13,15:34:07,1190.0,21.11,22.29,66.35,11.16,485.7,21.49,71.92,11.53,21.49,71.92,22.38,71.82,12.17,23.11,62.73,11.09,485.7,0.02,0.09,0.0
1191.0,2024-02-13,15:34:08,1191.0,21.11,22.29,66.35,11.16,484.4,21.49,71.92,11.53,21.49,71.92,22.38,71.82,12.17,23.11,62.73,11.09,484.4,0.02,0.09,0.0
1192.0,2024-02-13,15:34:09,1192.0,21.02,22.31,66.35,11.17,483.14,21.5,71.9,11.53,21.5,71.9,22.4,71.74,12.17,23.12,62.7,11.09,483.14,0.02,0.08,0.0
1193.0,2024-02-13,15:34:10,1193.0,21.02,22.31,66.35,11.17,484.51,21.5,71.9,11.53,21.5,71.9,22.4,71.74,12.17,23.12,62.7,11.09,484.51,0.02,0.08,0.0
1194.0,2024-02-13,15:34:11,1194.0,20.88,22.31,66.31,11.17,488.14,21.51,71.88,11.53,21.51,71.88,22.4,71.66,12.16,23.12,62.76,11.1,488.14,0.02,0.08,0.0
1195.0,2024-02-13,15:34:12,1195.0,20.88,22.31,66.31,11.17,488.6,21.51,71.88,11.53,21.51,71.88,22.4,71.66,12.16,23.12,62.76,11.1,488.6,0.02,0.09,0.0
1196.0,2024-02-13,15:34:13,1196.0,20.88,22.31,66.31,11.17,486.24,21.51,71.88,11.53,21.51,71.88,22.4,71.66,12.16,23.12,62.76,11.1,486.24,0.02,0.09,0.0
1197.0,2024-02-13,15:34:14,1197.0,20.88,22.31,66.31,11.17,485.01,21.51,71.88,11.53,21.51,71.88,22.4,71.66,12.16,23.12,62.76,11.1,485.01,0.02,0.09,0.0
1198.0,2024-02-13,15:34:15,1198.0,20.71,22.31,66.3,11.17,484.75,21.51,71.9,11.54,21.51,71.9,22.41,71.61,12.15,23.12,62.91,11.13,484.75,0.02,0.1,0.0
1199.0,2024-02-13,15:34:16,1199.0,20.71,22.31,66.3,11.17,484.83,21.51,71.9,11.54,21.51,71.9,22.41,71.61,12.15,23.12,62.91,11.13,484.83,0.02,0.1,0.0
1200.0,2024-02-13,15:34:17,1200.0,20.71,22.31,66.3,11.17,484.7,21.51,71.9,11.54,21.51,71.9,22.41,71.61,12.15,23.12,62.91,11.13,484.7,0.02,0.1,0.0
1201.0,2024-02-13,15:34:18,1201.0,20.52,22.31,66.29,11.17,485.94,21.5,71.9,11.53,21.5,71.9,22.41,71.52,12.14,23.12,62.85,11.12,485.94,0.02,0.1,0.0
1202.0,2024-02-13,15:34:19,1202.0,20.52,22.31,66.29,11.17,489.5,21.5,71.9,11.53,21.5,71.9,22.41,71.52,12.14,23.12,62.85,11.12,489.5,0.02,0.1,0.0
1203.0,2024-02-13,15:34:20,1203.0,20.52,22.31,66.29,11.17,488.57,21.5,71.9,11.53,21.5,71.9,22.41,71.52,12.14,23.12,62.85,11.12,488.57,0.02,0.1,0.0
1204.0,2024-02-13,15:34:21,1204.0,20.33,22.31,66.28,11.16,486.82,21.5,71.92,11.53,21.5,71.92,22.42,71.45,12.13,23.12,62.91,11.13,486.82,0.02,0.1,0.0
1205.0,2024-02-13,15:34:22,1205.0,20.33,22.31,66.28,11.16,486.55,21.5,71.92,11.53,21.5,71.92,22.42,71.45,12.13,23.12,62.91,11.13,486.55,0.02,0.1,0.0
1206.0,2024-02-13,15:34:23,1206.0,20.33,22.31,66.28,11.16,485.94,21.5,71.92,11.53,21.5,71.92,22.42,71.45,12.13,23.12,62.91,11.13,485.94,0.02,0.1,0.0
1207.0,2024-02-13,15:34:24,1207.0,20.14,22.31,66.25,11.15,485.93,21.49,71.96,11.53,21.49,71.96,22.42,71.4,12.13,23.12,62.91,11.13,485.93,0.02,0.1,0.0
1208.0,2024-02-13,15:34:25,1208.0,20.14,22.31,66.25,11.15,482.68,21.49,71.96,11.53,21.49,71.96,22.42,71.4,12.13,23.12,62.91,11.13,482.68,0.02,0.1,0.0
1209.0,2024-02-13,15:34:26,1209.0,20.14,22.31,66.25,11.15,482.81,21.49,71.96,11.53,21.49,71.96,22.42,71.4,12.13,23.12,62.91,11.13,482.81,0.02,0.1,0.0
1210.0,2024-02-13,15:34:27,1210.0,19.96,22.3,66.28,11.15,484.23,21.47,71.99,11.53,21.47,71.99,22.42,71.34,12.11,23.12,62.9,11.13,484.23,0.02,0.11,0.0
1211.0,2024-02-13,15:34:28,1211.0,19.96,22.3,66.28,11.15,484.53,21.47,71.99,11.53,21.47,71.99,22.42,71.34,12.11,23.12,62.9,11.13,484.53,0.02,0.11,0.0
1212.0,2024-02-13,15:34:29,1212.0,19.96,22.3,66.28,11.15,484.85,21.47,71.99,11.53,21.47,71.99,22.42,71.34,12.11,23.12,62.9,11.13,484.85,0.02,0.11,0.0
1213.0,2024-02-13,15:34:30,1213.0,19.81,22.29,66.32,11.15,484.85,21.46,72.08,11.53,21.46,72.08,22.42,71.3,12.1,23.12,62.88,11.12,484.85,0.02,0.11,0.0
1214.0,2024-02-13,15:34:31,1214.0,19.81,22.29,66.32,11.15,483.54,21.46,72.08,11.53,21.46,72.08,22.42,71.3,12.1,23.12,62.88,11.12,483.54,0.02,0.11,0.0
1215.0,2024-02-13,15:34:32,1215.0,19.81,22.29,66.32,11.15,482.54,21.46,72.08,11.53,21.46,72.08,22.42,71.3,12.1,23.12,62.88,11.12,482.54,0.02,0.11,0.0
1216.0,2024-02-13,15:34:33,1216.0,19.67,22.28,66.35,11.15,481.41,21.44,72.17,11.53,21.44,72.17,22.41,71.27,12.1,23.12,62.93,11.13,481.41,0.02,0.11,0.0
1217.0,2024-02-13,15:34:34,1217.0,19.67,22.28,66.35,11.15,480.98,21.44,72.17,11.53,21.44,72.17,22.41,71.27,12.1,23.12,62.93,11.13,480.98,0.02,0.11,0.0
1218.0,2024-02-13,15:34:35,1218.0,19.67,22.28,66.35,11.15,478.07,21.44,72.17,11.53,21.44,72.17,22.41,71.27,12.1,23.12,62.93,11.13,478.07,0.02,0.11,0.0
1219.0,2024-02-13,15:34:36,1219.0,19.55,22.26,66.42,11.15,478.78,21.42,72.29,11.54,21.42,72.29,22.41,71.23,12.09,23.12,62.94,11.14,478.78,0.02,0.11,0.0
1220.0,2024-02-13,15:34:37,1220.0,19.55,22.26,66.42,11.15,479.88,21.42,72.29,11.54,21.42,72.29,22.41,71.23,12.09,23.12,62.94,11.14,479.88,0.02,0.11,0.0
1221.0,2024-02-13,15:34:38,1221.0,19.55,22.26,66.42,11.15,480.01,21.42,72.29,11.54,21.42,72.29,22.41,71.23,12.09,23.12,62.94,11.14,480.01,0.02,0.11,0.0
1222.0,2024-02-13,15:34:39,1222.0,19.43,22.23,66.5,11.15,480.5,21.39,72.42,11.54,21.39,72.42,22.4,71.19,12.08,23.11,62.95,11.13,480.5,0.02,0.12,0.0
1223.0,2024-02-13,15:34:40,1223.0,19.43,22.23,66.5,11.15,482,21.39,72.42,11.54,21.39,72.42,22.4,71.19,12.08,23.11,62.95,11.13,482,0.02,0.12,0.0
1224.0,2024-02-13,15:34:41,1224.0,19.43,22.23,66.5,11.15,484.86,21.39,72.42,11.54,21.39,72.42,22.4,71.19,12.08,23.11,62.95,11.13,484.86,0.02,0.12,0.0
1225.0,2024-02-13,15:34:42,1225.0,19.35,22.22,66.59,11.15,485.78,21.38,72.54,11.55,21.38,72.54,22.41,71.15,12.08,23.12,62.96,11.14,485.78,0.02,0.12,0.0
1226.0,2024-02-13,15:34:43,1226.0,19.35,22.22,66.59,11.15,487.16,21.38,72.54,11.55,21.38,72.54,22.41,71.15,12.08,23.12,62.96,11.14,487.16,0.02,0.12,0.0
1227.0,2024-02-13,15:34:44,1227.0,19.35,22.22,66.59,11.15,485.48,21.38,72.54,11.55,21.38,72.54,22.41,71.15,12.08,23.12,62.96,11.14,485.48,0.02,0.12,0.0
1228.0,2024-02-13,15:34:45,1228.0,19.27,22.2,66.72,11.16,483.84,21.35,72.68,11.55,21.35,72.68,22.41,71.09,12.07,23.12,62.92,11.13,483.84,0.02,0.12,0.0
1229.0,2024-02-13,15:34:46,1229.0,19.27,22.2,66.72,11.16,486.46,21.35,72.68,11.55,21.35,72.68,22.41,71.09,12.07,23.12,62.92,11.13,486.46,0.02,0.12,0.0
1230.0,2024-02-13,15:34:47,1230.0,19.27,22.2,66.72,11.16,488.1,21.35,72.68,11.55,21.35,72.68,22.41,71.09,12.07,23.12,62.92,11.13,488.1,0.02,0.12,0.0
1231.0,2024-02-13,15:34:48,1231.0,19.2,22.17,66.83,11.16,485.75,21.32,72.85,11.56,21.32,72.85,22.42,71.05,12.06,23.13,62.93,11.14,485.75,0.02,0.12,0.0
1232.0,2024-02-13,15:34:49,1232.0,19.2,22.17,66.83,11.16,484.53,21.32,72.85,11.56,21.32,72.85,22.42,71.05,12.06,23.13,62.93,11.14,484.53,0.02,0.12,0.0
1233.0,2024-02-13,15:34:50,1233.0,19.2,22.17,66.83,11.16,486.2,21.32,72.85,11.56,21.32,72.85,22.42,71.05,12.06,23.13,62.93,11.14,486.2,0.02,0.12,0.0
1234.0,2024-02-13,15:34:51,1234.0,19.14,22.15,66.98,11.17,486.78,21.3,72.99,11.56,21.3,72.99,22.41,71.01,12.05,23.13,62.95,11.14,486.78,0.02,0.13,0.0
1235.0,2024-02-13,15:34:52,1235.0,19.14,22.15,66.98,11.17,486.88,21.3,72.99,11.56,21.3,72.99,22.41,71.01,12.05,23.13,62.95,11.14,486.88,0.02,0.13,0.0
1236.0,2024-02-13,15:34:53,1236.0,19.14,22.15,66.98,11.17,486.87,21.3,72.99,11.56,21.3,72.99,22.41,71.01,12.05,23.13,62.95,11.14,486.87,0.02,0.13,0.0
1237.0,2024-02-13,15:34:54,1237.0,19.1,22.11,67.13,11.17,488.69,21.27,73.14,11.57,21.27,73.14,22.41,70.97,12.04,23.13,62.95,11.14,488.69,0.02,0.13,0.0
1238.0,2024-02-13,15:34:55,1238.0,19.1,22.11,67.13,11.17,486.86,21.27,73.14,11.57,21.27,73.14,22.41,70.97,12.04,23.13,62.95,11.14,486.86,0.02,0.13,0.0
1239.0,2024-02-13,15:34:56,1239.0,19.06,22.09,67.27,11.18,483.64,21.24,73.26,11.57,21.24,73.26,22.42,70.92,12.04,23.13,62.93,11.14,483.64,0.02,0.13,0.0
1240.0,2024-02-13,15:34:57,1240.0,19.06,22.09,67.27,11.18,483.98,21.24,73.26,11.57,21.24,73.26,22.42,70.92,12.04,23.13,62.93,11.14,483.98,0.02,0.13,0.0
1241.0,2024-02-13,15:34:58,1241.0,19.06,22.09,67.27,11.18,485.99,21.24,73.26,11.57,21.24,73.26,22.42,70.92,12.04,23.13,62.93,11.14,485.99,0.02,0.13,0.0
1242.0,2024-02-13,15:34:59,1242.0,19.06,22.09,67.27,11.18,487.22,21.24,73.26,11.57,21.24,73.26,22.42,70.92,12.04,23.13,62.93,11.14,487.22,0.02,0.13,0.0
1243.0,2024-02-13,15:35:00,1243.0,19.02,22.06,67.38,11.17,488.55,21.22,73.42,11.57,21.22,73.42,22.42,70.88,12.03,23.13,62.97,11.14,488.55,0.03,0.14,0.0
1244.0,2024-02-13,15:35:01,1244.0,19.02,22.06,67.38,11.17,488.7,21.22,73.42,11.57,21.22,73.42,22.42,70.88,12.03,23.13,62.97,11.14,488.7,0.03,0.14,0.0
1245.0,2024-02-13,15:35:02,1245.0,18.98,22.02,67.53,11.18,485.68,21.19,73.54,11.57,21.19,73.54,22.41,70.87,12.03,23.13,63,11.15,485.68,0.03,0.14,0.0
1246.0,2024-02-13,15:35:03,1246.0,18.98,22.02,67.53,11.18,483.42,21.19,73.54,11.57,21.19,73.54,22.41,70.87,12.03,23.13,63,11.15,483.42,0.02,0.15,0.0
1247.0,2024-02-13,15:35:04,1247.0,18.98,22.02,67.53,11.18,482.35,21.19,73.54,11.57,21.19,73.54,22.41,70.87,12.03,23.13,63,11.15,482.35,0.02,0.15,0.0
1248.0,2024-02-13,15:35:05,1248.0,18.98,22.02,67.53,11.18,483.77,21.19,73.54,11.57,21.19,73.54,22.41,70.87,12.03,23.13,63,11.15,483.77,0.02,0.15,0.0
1249.0,2024-02-13,15:35:06,1249.0,18.94,21.99,67.7,11.18,485.07,21.16,73.66,11.57,21.16,73.66,22.41,70.87,12.02,23.13,62.97,11.14,485.07,0.02,0.15,0.0
1250.0,2024-02-13,15:35:07,1250.0,18.94,21.99,67.7,11.18,484.49,21.16,73.66,11.57,21.16,73.66,22.41,70.87,12.02,23.13,62.97,11.14,484.49,0.02,0.15,0.0
1251.0,2024-02-13,15:35:08,1251.0,18.94,21.99,67.7,11.18,481.12,21.16,73.66,11.57,21.16,73.66,22.41,70.87,12.02,23.13,62.97,11.14,481.12,0.02,0.15,0.0
1252.0,2024-02-13,15:35:09,1252.0,18.91,21.96,67.85,11.19,480.48,21.14,73.79,11.58,21.14,73.79,22.41,70.85,12.02,23.13,63,11.15,480.48,0.02,0.15,0.0
1253.0,2024-02-13,15:35:10,1253.0,18.91,21.96,67.85,11.19,480.5,21.14,73.79,11.58,21.14,73.79,22.41,70.85,12.02,23.13,63,11.15,480.5,0.02,0.15,0.0
1254.0,2024-02-13,15:35:11,1254.0,18.91,21.96,67.85,11.19,482.36,21.14,73.79,11.58,21.14,73.79,22.41,70.85,12.02,23.13,63,11.15,482.36,0.02,0.15,0.0
1255.0,2024-02-13,15:35:12,1255.0,18.87,21.93,68.02,11.19,484.4,21.12,73.91,11.58,21.12,73.91,22.4,70.89,12.02,23.13,63.01,11.15,484.4,0.02,0.16,0.0
1256.0,2024-02-13,15:35:13,1256.0,18.87,21.93,68.02,11.19,484.89,21.12,73.91,11.58,21.12,73.91,22.4,70.89,12.02,23.13,63.01,11.15,484.89,0.02,0.16,0.0
1257.0,2024-02-13,15:35:14,1257.0,18.87,21.93,68.02,11.19,486.88,21.12,73.91,11.58,21.12,73.91,22.4,70.89,12.02,23.13,63.01,11.15,486.88,0.02,0.16,0.0
1258.0,2024-02-13,15:35:15,1258.0,18.84,21.9,68.15,11.19,489.05,21.09,74.06,11.58,21.09,74.06,22.4,70.87,12.01,23.12,63.01,11.15,489.05,0.03,0.16,0.0
1259.0,2024-02-13,15:35:16,1259.0,18.84,21.9,68.15,11.19,490.09,21.09,74.06,11.58,21.09,74.06,22.4,70.87,12.01,23.12,63.01,11.15,490.09,0.03,0.16,0.0
1260.0,2024-02-13,15:35:17,1260.0,18.84,21.9,68.15,11.19,492.27,21.09,74.06,11.58,21.09,74.06,22.4,70.87,12.01,23.12,63.01,11.15,492.27,0.03,0.16,0.0
1261.0,2024-02-13,15:35:18,1261.0,18.82,21.88,68.34,11.21,493.77,21.07,74.19,11.59,21.07,74.19,22.4,70.83,12.01,23.13,63.02,11.16,493.77,0.02,0.17,0.0
1262.0,2024-02-13,15:35:19,1262.0,18.82,21.88,68.34,11.21,496.24,21.07,74.19,11.59,21.07,74.19,22.4,70.83,12.01,23.13,63.02,11.16,496.24,0.02,0.17,0.0
1263.0,2024-02-13,15:35:20,1263.0,18.82,21.88,68.34,11.21,496.17,21.07,74.19,11.59,21.07,74.19,22.4,70.83,12.01,23.13,63.02,11.16,496.17,0.02,0.17,0.0
1264.0,2024-02-13,15:35:21,1264.0,18.8,21.85,68.43,11.21,493.79,21.05,74.31,11.59,21.05,74.31,22.4,70.8,12.01,23.13,62.97,11.15,493.79,0.03,0.16,0.0
1265.0,2024-02-13,15:35:22,1265.0,18.8,21.85,68.43,11.21,493.33,21.05,74.31,11.59,21.05,74.31,22.4,70.8,12.01,23.13,62.97,11.15,493.33,0.03,0.16,0.0
1266.0,2024-02-13,15:35:23,1266.0,18.8,21.85,68.43,11.21,492.85,21.05,74.31,11.59,21.05,74.31,22.4,70.8,12.01,23.13,62.97,11.15,492.85,0.03,0.16,0.0
1267.0,2024-02-13,15:35:24,1267.0,18.79,21.83,68.55,11.21,492.74,21.03,74.43,11.6,21.03,74.43,22.39,70.8,12,23.13,63.04,11.16,492.74,0.03,0.17,0.0
1268.0,2024-02-13,15:35:25,1268.0,18.79,21.83,68.55,11.21,488.88,21.03,74.43,11.6,21.03,74.43,22.39,70.8,12,23.13,63.04,11.16,488.88,0.03,0.17,0.0
1269.0,2024-02-13,15:35:26,1269.0,18.79,21.83,68.55,11.21,487.13,21.03,74.43,11.6,21.03,74.43,22.39,70.8,12,23.13,63.04,11.16,487.13,0.03,0.17,0.0
1270.0,2024-02-13,15:35:27,1270.0,18.78,21.81,68.68,11.22,487.01,21.01,74.53,11.6,21.01,74.53,22.39,70.84,12,23.14,63.04,11.16,487.01,0.03,0.17,0.0
1271.0,2024-02-13,15:35:28,1271.0,18.78,21.81,68.68,11.22,488.12,21.01,74.53,11.6,21.01,74.53,22.39,70.84,12,23.14,63.04,11.16,488.12,0.03,0.17,0.0
1272.0,2024-02-13,15:35:29,1272.0,18.77,21.78,68.8,11.22,489.81,20.99,74.64,11.6,20.99,74.64,22.39,70.85,12,23.14,63.06,11.17,489.81,0.03,0.17,0.0
1273.0,2024-02-13,15:35:30,1273.0,18.77,21.78,68.8,11.22,490.17,20.99,74.64,11.6,20.99,74.64,22.39,70.85,12,23.14,63.06,11.17,490.17,0.03,0.18,0.0
1274.0,2024-02-13,15:35:31,1274.0,18.77,21.78,68.8,11.22,488.94,20.99,74.64,11.6,20.99,74.64,22.39,70.85,12,23.14,63.06,11.17,488.94,0.03,0.18,0.0
1275.0,2024-02-13,15:35:32,1275.0,18.77,21.78,68.8,11.22,486.76,20.99,74.64,11.6,20.99,74.64,22.39,70.85,12,23.14,63.06,11.17,486.76,0.03,0.17,0.0
1276.0,2024-02-13,15:35:33,1276.0,18.75,21.76,68.89,11.22,485.61,20.97,74.73,11.61,20.97,74.73,22.38,70.87,12.01,23.14,63.07,11.17,485.61,0.03,0.18,0.0
1277.0,2024-02-13,15:35:34,1277.0,18.75,21.76,68.89,11.22,485.81,20.97,74.73,11.61,20.97,74.73,22.38,70.87,12.01,23.14,63.07,11.17,485.81,0.03,0.18,0.0
1278.0,2024-02-13,15:35:35,1278.0,18.75,21.76,68.89,11.22,486.17,20.97,74.73,11.61,20.97,74.73,22.38,70.87,12.01,23.14,63.07,11.17,486.17,0.03,0.18,0.0
1279.0,2024-02-13,15:35:36,1279.0,18.75,21.75,68.96,11.22,487.07,20.96,74.82,11.61,20.96,74.82,22.38,70.86,12,23.14,63.06,11.17,487.07,0.03,0.18,0.0
1280.0,2024-02-13,15:35:37,1280.0,18.75,21.75,68.96,11.22,484.75,20.96,74.82,11.61,20.96,74.82,22.38,70.86,12,23.14,63.06,11.17,484.75,0.03,0.18,0.0
1281.0,2024-02-13,15:35:38,1281.0,18.75,21.75,68.96,11.22,483.62,20.96,74.82,11.61,20.96,74.82,22.38,70.86,12,23.14,63.06,11.17,483.62,0.03,0.18,0.0
1282.0,2024-02-13,15:35:39,1282.0,18.74,21.73,69.06,11.23,484.07,20.94,74.89,11.61,20.94,74.89,22.38,70.87,12,23.14,63.04,11.16,484.07,0.03,0.18,0.0
1283.0,2024-02-13,15:35:40,1283.0,18.74,21.73,69.06,11.23,480.98,20.94,74.89,11.61,20.94,74.89,22.38,70.87,12,23.14,63.04,11.16,480.98,0.03,0.18,0.0
1284.0,2024-02-13,15:35:41,1284.0,18.74,21.73,69.06,11.23,479.39,20.94,74.89,11.61,20.94,74.89,22.38,70.87,12,23.14,63.04,11.16,479.39,0.03,0.18,0.0
1285.0,2024-02-13,15:35:42,1285.0,18.74,21.72,69.12,11.23,481.13,20.92,75.03,11.62,20.92,75.03,22.38,70.84,12,23.14,63.04,11.16,481.13,0.03,0.18,0.0
1286.0,2024-02-13,15:35:43,1286.0,18.74,21.72,69.12,11.23,482.21,20.92,75.03,11.62,20.92,75.03,22.38,70.84,12,23.14,63.04,11.16,482.21,0.03,0.18,0.0
1287.0,2024-02-13,15:35:44,1287.0,18.74,21.72,69.12,11.23,479.34,20.92,75.03,11.62,20.92,75.03,22.38,70.84,12,23.14,63.04,11.16,479.34,0.03,0.18,0.0
1288.0,2024-02-13,15:35:45,1288.0,18.73,21.7,69.12,11.22,479.54,20.91,75.07,11.61,20.91,75.07,22.38,70.87,12,23.14,63.04,11.16,479.54,0.03,0.18,0.0
1289.0,2024-02-13,15:35:46,1289.0,18.73,21.7,69.12,11.22,479.86,20.91,75.07,11.61,20.91,75.07,22.38,70.87,12,23.14,63.04,11.16,479.86,0.03,0.18,0.0
1290.0,2024-02-13,15:35:47,1290.0,18.73,21.7,69.12,11.22,480.08,20.91,75.07,11.61,20.91,75.07,22.38,70.87,12,23.14,63.04,11.16,480.08,0.03,0.18,0.0
1291.0,2024-02-13,15:35:48,1291.0,18.73,21.69,69.25,11.23,480.31,20.9,75.12,11.61,20.9,75.12,22.38,70.85,12,23.14,63.05,11.17,480.31,0.03,0.18,0.0
1292.0,2024-02-13,15:35:49,1292.0,18.73,21.69,69.25,11.23,480.69,20.9,75.12,11.61,20.9,75.12,22.38,70.85,12,23.14,63.05,11.17,480.69,0.03,0.18,0.0
1293.0,2024-02-13,15:35:50,1293.0,18.73,21.69,69.25,11.23,480.77,20.9,75.12,11.61,20.9,75.12,22.38,70.85,12,23.14,63.05,11.17,480.77,0.03,0.18,0.0
1294.0,2024-02-13,15:35:51,1294.0,18.76,21.68,69.27,11.23,481.6,20.89,75.18,11.61,20.89,75.18,22.38,70.86,12,23.14,63.06,11.17,481.6,0.03,0.19,0.0
1295.0,2024-02-13,15:35:52,1295.0,18.76,21.68,69.27,11.23,484.78,20.89,75.18,11.61,20.89,75.18,22.38,70.86,12,23.14,63.06,11.17,484.78,0.03,0.19,0.0
1296.0,2024-02-13,15:35:53,1296.0,18.76,21.68,69.27,11.23,485.42,20.89,75.18,11.61,20.89,75.18,22.38,70.86,12,23.14,63.06,11.17,485.42,0.03,0.19,0.0
1297.0,2024-02-13,15:35:54,1297.0,18.82,21.67,69.35,11.23,487.17,20.88,75.21,11.62,20.88,75.21,22.38,70.91,12.01,23.14,63.09,11.17,487.17,0.03,0.19,0.0
1298.0,2024-02-13,15:35:55,1298.0,18.82,21.67,69.35,11.23,488.21,20.88,75.21,11.62,20.88,75.21,22.38,70.91,12.01,23.14,63.09,11.17,488.21,0.03,0.19,0.0
1299.0,2024-02-13,15:35:56,1299.0,18.82,21.67,69.35,11.23,488.88,20.88,75.21,11.62,20.88,75.21,22.38,70.91,12.01,23.14,63.09,11.17,488.88,0.03,0.19,0.0
1300.0,2024-02-13,15:35:57,1300.0,18.87,21.66,69.36,11.23,489,20.87,75.27,11.62,20.87,75.27,22.37,70.92,12,23.14,63.11,11.18,489,0.03,0.19,0.0
1301.0,2024-02-13,15:35:58,1301.0,18.87,21.66,69.36,11.23,487.98,20.87,75.27,11.62,20.87,75.27,22.37,70.92,12,23.14,63.11,11.18,487.98,0.03,0.19,0.0
1302.0,2024-02-13,15:35:59,1302.0,18.87,21.66,69.36,11.23,487.2,20.87,75.27,11.62,20.87,75.27,22.37,70.92,12,23.14,63.11,11.18,487.2,0.03,0.19,0.0
1303.0,2024-02-13,15:36:00,1303.0,18.91,21.66,69.4,11.23,486.23,20.87,75.3,11.62,20.87,75.3,22.37,70.9,12,23.14,63.11,11.18,486.23,0.03,0.19,0.0
1304.0,2024-02-13,15:36:01,1304.0,18.91,21.66,69.4,11.23,485.95,20.87,75.3,11.62,20.87,75.3,22.37,70.9,12,23.14,63.11,11.18,485.95,0.03,0.19,0.0
1305.0,2024-02-13,15:36:02,1305.0,18.92,21.65,69.46,11.24,482.87,20.86,75.33,11.62,20.86,75.33,22.37,70.89,12,23.14,63.12,11.18,482.87,0.03,0.19,0.0
1306.0,2024-02-13,15:36:03,1306.0,18.92,21.65,69.46,11.24,484.25,20.86,75.33,11.62,20.86,75.33,22.37,70.89,12,23.14,63.12,11.18,484.25,0.03,0.19,0.0
1307.0,2024-02-13,15:36:04,1307.0,18.92,21.65,69.46,11.24,487.44,20.86,75.33,11.62,20.86,75.33,22.37,70.89,12,23.14,63.12,11.18,487.44,0.03,0.2,0.0
1308.0,2024-02-13,15:36:05,1308.0,18.92,21.65,69.46,11.24,489.04,20.86,75.33,11.62,20.86,75.33,22.37,70.89,12,23.14,63.12,11.18,489.04,0.03,0.2,0.0
1309.0,2024-02-13,15:36:06,1309.0,18.9,21.64,69.5,11.24,488.98,20.85,75.37,11.62,20.85,75.37,22.36,70.92,12,23.14,63.13,11.18,488.98,0.03,0.2,0.0
1310.0,2024-02-13,15:36:07,1310.0,18.9,21.64,69.5,11.24,490.31,20.85,75.37,11.62,20.85,75.37,22.36,70.92,12,23.14,63.13,11.18,490.31,0.03,0.2,0.0
1311.0,2024-02-13,15:36:08,1311.0,18.88,21.64,69.52,11.24,491.48,20.85,75.4,11.62,20.85,75.4,22.36,70.9,11.99,23.14,63.11,11.18,491.48,0.03,0.2,0.0
1312.0,2024-02-13,15:36:09,1312.0,18.88,21.64,69.52,11.24,490.63,20.85,75.4,11.62,20.85,75.4,22.36,70.9,11.99,23.14,63.11,11.18,490.63,0.03,0.2,0.0
1313.0,2024-02-13,15:36:10,1313.0,18.88,21.64,69.52,11.24,485.59,20.85,75.4,11.62,20.85,75.4,22.36,70.9,11.99,23.14,63.11,11.18,485.59,0.03,0.2,0.0
1314.0,2024-02-13,15:36:11,1314.0,18.88,21.64,69.52,11.24,485.77,20.85,75.4,11.62,20.85,75.4,22.36,70.9,11.99,23.14,63.11,11.18,485.77,0.03,0.2,0.0
1315.0,2024-02-13,15:36:12,1315.0,18.86,21.63,69.52,11.23,486.79,20.84,75.42,11.62,20.84,75.42,22.36,70.9,11.99,23.13,63.13,11.18,486.79,0.03,0.2,0.0
1316.0,2024-02-13,15:36:13,1316.0,18.86,21.63,69.52,11.23,487.06,20.84,75.42,11.62,20.84,75.42,22.36,70.9,11.99,23.13,63.13,11.18,487.06,0.03,0.2,0.0
1317.0,2024-02-13,15:36:14,1317.0,18.85,21.63,69.53,11.24,488.69,20.84,75.45,11.62,20.84,75.45,22.37,70.92,12,23.14,63.11,11.18,488.69,0.03,0.2,0.0
1318.0,2024-02-13,15:36:15,1318.0,18.85,21.63,69.53,11.24,490.85,20.84,75.45,11.62,20.84,75.45,22.37,70.92,12,23.14,63.11,11.18,490.85,0.03,0.2,0.0
1319.0,2024-02-13,15:36:16,1319.0,18.85,21.63,69.53,11.24,492.68,20.84,75.45,11.62,20.84,75.45,22.37,70.92,12,23.14,63.11,11.18,492.68,0.03,0.2,0.0
1320.0,2024-02-13,15:36:17,1320.0,18.85,21.63,69.53,11.24,491.88,20.84,75.45,11.62,20.84,75.45,22.37,70.92,12,23.14,63.11,11.18,491.88,0.03,0.2,0.0
1321.0,2024-02-13,15:36:18,1321.0,18.83,21.63,69.52,11.23,490.51,20.83,75.47,11.62,20.83,75.47,22.37,70.93,12,23.14,63.11,11.17,490.51,0.03,0.2,0.0
1322.0,2024-02-13,15:36:19,1322.0,18.83,21.63,69.52,11.23,489.8,20.83,75.47,11.62,20.83,75.47,22.37,70.93,12,23.14,63.11,11.17,489.8,0.03,0.2,0.0
1323.0,2024-02-13,15:36:20,1323.0,18.8,21.62,69.52,11.23,486.7,20.82,75.52,11.62,20.82,75.52,22.37,70.95,12.01,23.14,63.09,11.17,486.7,0.03,0.2,0.0
1324.0,2024-02-13,15:36:21,1324.0,18.8,21.62,69.52,11.23,484.37,20.82,75.52,11.62,20.82,75.52,22.37,70.95,12.01,23.14,63.09,11.17,484.37,0.03,0.2,0.0
1325.0,2024-02-13,15:36:22,1325.0,18.8,21.62,69.52,11.23,483.68,20.82,75.52,11.62,20.82,75.52,22.37,70.95,12.01,23.14,63.09,11.17,483.68,0.03,0.2,0.0
1326.0,2024-02-13,15:36:23,1326.0,18.8,21.62,69.52,11.23,483.99,20.82,75.52,11.62,20.82,75.52,22.37,70.95,12.01,23.14,63.09,11.17,483.99,0.03,0.2,0.0
1327.0,2024-02-13,15:36:24,1327.0,18.82,21.61,69.54,11.22,486.06,20.8,75.54,11.61,20.8,75.54,22.36,70.99,12.01,23.12,63.06,11.16,486.06,0.02,0.2,0.0
1328.0,2024-02-13,15:36:25,1328.0,18.82,21.61,69.54,11.22,486.37,20.8,75.54,11.61,20.8,75.54,22.36,70.99,12.01,23.12,63.06,11.16,486.37,0.02,0.2,0.0
1329.0,2024-02-13,15:36:26,1329.0,18.82,21.61,69.54,11.22,489.02,20.8,75.54,11.61,20.8,75.54,22.36,70.99,12.01,23.12,63.06,11.16,489.02,0.02,0.2,0.0
1330.0,2024-02-13,15:36:27,1330.0,18.9,21.61,69.51,11.22,490.1,20.8,75.56,11.61,20.8,75.56,22.36,71.02,12.01,23.13,63.06,11.16,490.1,0.02,0.2,0.0
1331.0,2024-02-13,15:36:28,1331.0,18.9,21.61,69.51,11.22,492.82,20.8,75.56,11.61,20.8,75.56,22.36,71.02,12.01,23.13,63.06,11.16,492.82,0.03,0.21,0.0
1332.0,2024-02-13,15:36:29,1332.0,18.9,21.61,69.51,11.22,494.59,20.8,75.56,11.61,20.8,75.56,22.36,71.02,12.01,23.13,63.06,11.16,494.59,0.03,0.21,0.0
1333.0,2024-02-13,15:36:30,1333.0,19,21.61,69.49,11.21,494.53,20.79,75.61,11.61,20.79,75.61,22.36,71.04,12.02,23.13,63.03,11.16,494.53,0.03,0.21,0.0
1334.0,2024-02-13,15:36:31,1334.0,19,21.61,69.49,11.21,494.4,20.79,75.61,11.61,20.79,75.61,22.36,71.04,12.02,23.13,63.03,11.16,494.4,0.03,0.21,0.0
1335.0,2024-02-13,15:36:32,1335.0,19,21.61,69.49,11.21,492.34,20.79,75.61,11.61,20.79,75.61,22.36,71.04,12.02,23.13,63.03,11.16,492.34,0.03,0.21,0.0
1336.0,2024-02-13,15:36:33,1336.0,19.08,21.6,69.52,11.21,491.01,20.78,75.65,11.61,20.78,75.65,22.36,71.11,12.03,23.13,63.02,11.16,491.01,0.03,0.21,0.0
1337.0,2024-02-13,15:36:34,1337.0,19.08,21.6,69.52,11.21,489.62,20.78,75.65,11.61,20.78,75.65,22.36,71.11,12.03,23.13,63.02,11.16,489.62,0.03,0.21,0.0
1338.0,2024-02-13,15:36:35,1338.0,19.15,21.59,69.56,11.21,488.1,20.77,75.66,11.6,20.77,75.66,22.36,71.17,12.04,23.13,63.01,11.15,488.1,0.03,0.21,0.0
1339.0,2024-02-13,15:36:36,1339.0,19.15,21.59,69.56,11.21,488.57,20.77,75.66,11.6,20.77,75.66,22.36,71.17,12.04,23.13,63.01,11.15,488.57,0.02,0.21,0.0
1340.0,2024-02-13,15:36:37,1340.0,19.15,21.59,69.56,11.21,485.05,20.77,75.66,11.6,20.77,75.66,22.36,71.17,12.04,23.13,63.01,11.15,485.05,0.02,0.21,0.0
1341.0,2024-02-13,15:36:38,1341.0,19.15,21.59,69.56,11.21,482.43,20.77,75.66,11.6,20.77,75.66,22.36,71.17,12.04,23.13,63.01,11.15,482.43,0.02,0.2,0.0
1342.0,2024-02-13,15:36:39,1342.0,19.22,21.58,69.59,11.21,482.15,20.75,75.74,11.6,20.75,75.74,22.36,71.99,12.18,23.13,63,11.15,482.15,0.02,0.2,0.0
1343.0,2024-02-13,15:36:40,1343.0,19.22,21.58,69.59,11.21,481.23,20.75,75.74,11.6,20.75,75.74,22.36,71.99,12.18,23.13,63,11.15,481.23,0.02,0.2,0.0
1344.0,2024-02-13,15:36:41,1344.0,19.28,21.57,69.64,11.21,480.73,20.74,75.79,11.6,20.74,75.79,22.36,76.66,12.99,23.12,63.01,11.15,480.73,0.02,0.2,0.0
1345.0,2024-02-13,15:36:42,1345.0,19.28,21.57,69.64,11.21,481.3,20.74,75.79,11.6,20.74,75.79,22.36,76.66,12.99,23.12,63.01,11.15,481.3,0.02,0.21,0.0
1346.0,2024-02-13,15:36:43,1346.0,19.28,21.57,69.64,11.21,485.84,20.74,75.79,11.6,20.74,75.79,22.36,76.66,12.99,23.12,63.01,11.15,485.84,0.02,0.21,0.0
1347.0,2024-02-13,15:36:44,1347.0,19.28,21.57,69.64,11.21,487.14,20.74,75.79,11.6,20.74,75.79,22.36,76.66,12.99,23.12,63.01,11.15,487.14,0.02,0.21,0.0
1348.0,2024-02-13,15:36:45,1348.0,19.33,21.56,69.65,11.21,488.44,20.73,75.82,11.6,20.73,75.82,22.37,83.23,14.13,23.12,63.02,11.15,488.44,0.02,0.21,0.0
1349.0,2024-02-13,15:36:46,1349.0,19.33,21.56,69.65,11.21,488.68,20.73,75.82,11.6,20.73,75.82,22.37,83.23,14.13,23.12,63.02,11.15,488.68,0.02,0.21,0.0
1350.0,2024-02-13,15:36:47,1350.0,19.33,21.56,69.65,11.21,491.07,20.73,75.82,11.6,20.73,75.82,22.37,83.23,14.13,23.12,63.02,11.15,491.07,0.02,0.21,0.0
1351.0,2024-02-13,15:36:48,1351.0,19.39,21.56,69.66,11.21,491.95,20.73,75.83,11.6,20.73,75.83,22.38,88.56,15.07,23.13,63,11.15,491.95,0.03,0.21,0.0
1352.0,2024-02-13,15:36:49,1352.0,19.39,21.56,69.66,11.21,491.36,20.73,75.83,11.6,20.73,75.83,22.38,88.56,15.07,23.13,63,11.15,491.36,0.02,0.21,0.0
1353.0,2024-02-13,15:36:50,1353.0,19.39,21.56,69.66,11.21,491.67,20.73,75.83,11.6,20.73,75.83,22.38,88.56,15.07,23.13,63,11.15,491.67,0.02,0.21,0.0
1354.0,2024-02-13,15:36:51,1354.0,19.42,21.55,69.73,11.21,493.21,20.72,75.85,11.6,20.72,75.85,22.38,90.57,15.42,23.13,63.05,11.16,493.21,0.02,0.22,0.0
1355.0,2024-02-13,15:36:52,1355.0,19.42,21.55,69.73,11.21,493.05,20.72,75.85,11.6,20.72,75.85,22.38,90.57,15.42,23.13,63.05,11.16,493.05,0.02,0.22,0.0
1356.0,2024-02-13,15:36:53,1356.0,19.42,21.55,69.73,11.21,489.89,20.72,75.85,11.6,20.72,75.85,22.38,90.57,15.42,23.13,63.05,11.16,489.89,0.02,0.22,0.0
1357.0,2024-02-13,15:36:54,1357.0,19.46,21.54,69.76,11.21,489.29,20.71,75.88,11.6,20.71,75.88,22.39,94.56,16.13,23.12,63.09,11.16,489.29,0.02,0.22,0.0
1358.0,2024-02-13,15:36:55,1358.0,19.46,21.54,69.76,11.21,486.75,20.71,75.88,11.6,20.71,75.88,22.39,94.56,16.13,23.12,63.09,11.16,486.75,0.02,0.22,0.0
1359.0,2024-02-13,15:36:56,1359.0,19.46,21.54,69.76,11.21,486.11,20.71,75.88,11.6,20.71,75.88,22.39,94.56,16.13,23.12,63.09,11.16,486.11,0.02,0.22,0.0
1360.0,2024-02-13,15:36:57,1360.0,19.49,21.54,69.82,11.22,486,20.71,75.88,11.6,20.71,75.88,22.39,99.05,16.92,23.13,63.11,11.17,486,0.02,0.22,0.0
1361.0,2024-02-13,15:36:58,1361.0,19.49,21.54,69.82,11.22,488.24,20.71,75.88,11.6,20.71,75.88,22.39,99.05,16.92,23.13,63.11,11.17,488.24,0.02,0.22,0.0
1362.0,2024-02-13,15:36:59,1362.0,19.49,21.54,69.82,11.22,490.65,20.71,75.88,11.6,20.71,75.88,22.39,99.05,16.92,23.13,63.11,11.17,490.65,0.02,0.22,0.0
1363.0,2024-02-13,15:37:00,1363.0,19.51,21.54,69.86,11.22,495.49,20.71,75.88,11.6,20.71,75.88,22.39,102.26,17.48,23.13,63.11,11.17,495.49,0.02,0.23,0.0
1364.0,2024-02-13,15:37:01,1364.0,19.51,21.54,69.86,11.22,496.98,20.71,75.88,11.6,20.71,75.88,22.39,102.26,17.48,23.13,63.11,11.17,496.98,0.02,0.23,0.0
1365.0,2024-02-13,15:37:02,1365.0,19.51,21.54,69.86,11.22,492.74,20.71,75.88,11.6,20.71,75.88,22.39,102.26,17.48,23.13,63.11,11.17,492.74,0.02,0.23,0.0
1366.0,2024-02-13,15:37:03,1366.0,19.53,21.53,69.91,11.23,490.9,20.71,75.91,11.6,20.71,75.91,22.39,103.42,17.68,23.13,63.13,11.17,490.9,0.02,0.23,0.0
1367.0,2024-02-13,15:37:04,1367.0,19.53,21.53,69.91,11.23,488.6,20.71,75.91,11.6,20.71,75.91,22.39,103.42,17.68,23.13,63.13,11.17,488.6,0.02,0.23,0.0
1368.0,2024-02-13,15:37:05,1368.0,19.53,21.53,69.91,11.23,488.61,20.71,75.91,11.6,20.71,75.91,22.39,103.42,17.68,23.13,63.13,11.17,488.61,0.02,0.23,0.0
1369.0,2024-02-13,15:37:06,1369.0,19.54,21.52,69.94,11.22,490.31,20.7,75.91,11.59,20.7,75.91,22.39,104.81,17.93,23.12,63.15,11.17,490.31,0.02,0.23,0.0
1370.0,2024-02-13,15:37:07,1370.0,19.54,21.52,69.94,11.22,490.26,20.7,75.91,11.59,20.7,75.91,22.39,104.81,17.93,23.12,63.15,11.17,490.26,0.02,0.23,0.0
1371.0,2024-02-13,15:37:08,1371.0,19.56,21.52,69.97,11.23,489.18,20.71,75.91,11.6,20.71,75.91,22.4,105.79,18.1,23.13,63.15,11.18,489.18,0.02,0.23,0.0
1372.0,2024-02-13,15:37:09,1372.0,19.56,21.52,69.97,11.23,489.04,20.71,75.91,11.6,20.71,75.91,22.4,105.79,18.1,23.13,63.15,11.18,489.04,0.02,0.23,0.0
1373.0,2024-02-13,15:37:10,1373.0,19.56,21.52,69.97,11.23,489.38,20.71,75.91,11.6,20.71,75.91,22.4,105.79,18.1,23.13,63.15,11.18,489.38,0.02,0.23,0.0
1374.0,2024-02-13,15:37:11,1374.0,19.56,21.52,69.97,11.23,489.66,20.71,75.91,11.6,20.71,75.91,22.4,105.79,18.1,23.13,63.15,11.18,489.66,0.02,0.23,0.0
1375.0,2024-02-13,15:37:12,1375.0,19.57,21.51,70.05,11.24,490.76,20.7,75.9,11.59,20.7,75.9,22.4,106.65,18.26,23.13,63.17,11.18,490.76,0.01,0.23,0.0
1376.0,2024-02-13,15:37:13,1376.0,19.57,21.51,70.05,11.24,490.37,20.7,75.9,11.59,20.7,75.9,22.4,106.65,18.26,23.13,63.17,11.18,490.37,0.01,0.23,0.0
1377.0,2024-02-13,15:37:14,1377.0,19.57,21.51,70.05,11.23,487.65,20.7,75.93,11.59,20.7,75.93,22.4,107.45,18.4,23.12,63.18,11.18,487.65,0.01,0.23,0.0
1378.0,2024-02-13,15:37:15,1378.0,19.57,21.51,70.05,11.23,486.62,20.7,75.93,11.59,20.7,75.93,22.4,107.45,18.4,23.12,63.18,11.18,486.62,0.01,0.23,0.0
1379.0,2024-02-13,15:37:16,1379.0,19.57,21.51,70.05,11.23,485.02,20.7,75.93,11.59,20.7,75.93,22.4,107.45,18.4,23.12,63.18,11.18,485.02,0.01,0.23,0.0
1380.0,2024-02-13,15:37:17,1380.0,19.57,21.51,70.05,11.23,484.74,20.7,75.93,11.59,20.7,75.93,22.4,107.45,18.4,23.12,63.18,11.18,484.74,0.01,0.23,0.0
1381.0,2024-02-13,15:37:18,1381.0,19.57,21.5,70.06,11.23,483.61,20.7,75.92,11.59,20.7,75.92,22.4,107.63,18.43,23.13,63.17,11.18,483.61,0.02,0.23,0.0
1382.0,2024-02-13,15:37:19,1382.0,19.57,21.5,70.06,11.23,482.56,20.7,75.92,11.59,20.7,75.92,22.4,107.63,18.43,23.13,63.17,11.18,482.56,0.02,0.23,0.0
1383.0,2024-02-13,15:37:20,1383.0,19.57,21.5,70.06,11.23,482.7,20.7,75.92,11.59,20.7,75.92,22.4,107.63,18.43,23.13,63.17,11.18,482.7,0.02,0.23,0.0
1384.0,2024-02-13,15:37:21,1384.0,19.58,21.5,70.09,11.23,482.87,20.7,75.92,11.59,20.7,75.92,22.39,106.17,18.17,23.13,63.16,11.18,482.87,0.02,0.23,0.0
1385.0,2024-02-13,15:37:22,1385.0,19.58,21.5,70.09,11.23,484.69,20.7,75.92,11.59,20.7,75.92,22.39,106.17,18.17,23.13,63.16,11.18,484.69,0.02,0.23,0.0
1386.0,2024-02-13,15:37:23,1386.0,19.58,21.5,70.09,11.23,484.72,20.7,75.92,11.59,20.7,75.92,22.39,106.17,18.17,23.13,63.16,11.18,484.72,0.02,0.23,0.0
1387.0,2024-02-13,15:37:24,1387.0,19.58,21.48,70.08,11.22,482.86,20.69,75.93,11.58,20.69,75.93,22.39,103.38,17.67,23.12,63.17,11.17,482.86,0.02,0.23,0.0
1388.0,2024-02-13,15:37:25,1388.0,19.58,21.48,70.08,11.22,481.91,20.69,75.93,11.58,20.69,75.93,22.39,103.38,17.67,23.12,63.17,11.17,481.91,0.02,0.23,0.0
1389.0,2024-02-13,15:37:26,1389.0,19.58,21.48,70.08,11.22,480.04,20.69,75.93,11.58,20.69,75.93,22.39,103.38,17.67,23.12,63.17,11.17,480.04,0.02,0.23,0.0
1390.0,2024-02-13,15:37:27,1390.0,19.59,21.49,70.11,11.23,481.32,20.7,75.92,11.59,20.7,75.92,22.4,100.13,17.11,23.13,63.19,11.18,481.32,0.02,0.23,0.0
1391.0,2024-02-13,15:37:28,1391.0,19.59,21.49,70.11,11.23,481.79,20.7,75.92,11.59,20.7,75.92,22.4,100.13,17.11,23.13,63.19,11.18,481.79,0.02,0.23,0.0
1392.0,2024-02-13,15:37:29,1392.0,19.59,21.49,70.11,11.23,485.21,20.7,75.92,11.59,20.7,75.92,22.4,100.13,17.11,23.13,63.19,11.18,485.21,0.02,0.23,0.0
1393.0,2024-02-13,15:37:30,1393.0,19.59,21.49,70.14,11.23,486.11,20.7,75.9,11.59,20.7,75.9,22.41,96.86,16.55,23.13,63.2,11.19,486.11,0.01,0.24,0.0
1394.0,2024-02-13,15:37:31,1394.0,19.59,21.49,70.14,11.23,488.59,20.7,75.9,11.59,20.7,75.9,22.41,96.86,16.55,23.13,63.2,11.19,488.59,0.01,0.24,0.0
1395.0,2024-02-13,15:37:32,1395.0,19.59,21.49,70.14,11.23,489.2,20.7,75.9,11.59,20.7,75.9,22.41,96.86,16.55,23.13,63.2,11.19,489.2,0.01,0.24,0.0
1396.0,2024-02-13,15:37:33,1396.0,19.59,21.48,70.15,11.23,487.83,20.69,75.9,11.58,20.69,75.9,22.39,93.91,16.01,23.13,63.2,11.19,487.83,0.02,0.24,0.0
1397.0,2024-02-13,15:37:34,1397.0,19.59,21.48,70.15,11.23,487.67,20.69,75.9,11.58,20.69,75.9,22.39,93.91,16.01,23.13,63.2,11.19,487.67,0.02,0.24,0.0
1398.0,2024-02-13,15:37:35,1398.0,19.57,21.46,70.19,11.23,487.18,20.68,75.92,11.58,20.68,75.92,22.34,91.41,15.53,23.11,63.16,11.17,487.18,0.02,0.24,0.0
1399.0,2024-02-13,15:37:36,1399.0,19.57,21.46,70.19,11.23,485.98,20.68,75.92,11.58,20.68,75.92,22.34,91.41,15.53,23.11,63.16,11.17,485.98,0.01,0.23,0.0
1400.0,2024-02-13,15:37:37,1400.0,19.57,21.46,70.19,11.23,484.28,20.68,75.92,11.58,20.68,75.92,22.34,91.41,15.53,23.11,63.16,11.17,484.28,0.01,0.23,0.0
1401.0,2024-02-13,15:37:38,1401.0,19.57,21.46,70.19,11.23,483.61,20.68,75.92,11.58,20.68,75.92,22.34,91.41,15.53,23.11,63.16,11.17,483.61,0.01,0.23,0.0
1402.0,2024-02-13,15:37:39,1402.0,19.57,21.46,70.2,11.23,482.7,20.68,75.91,11.58,20.68,75.91,22.32,89.18,15.12,23.12,63.2,11.18,482.7,0.02,0.24,0.0
1403.0,2024-02-13,15:37:40,1403.0,19.57,21.46,70.2,11.23,482.55,20.68,75.91,11.58,20.68,75.91,22.32,89.18,15.12,23.12,63.2,11.18,482.55,0.02,0.24,0.0
1404.0,2024-02-13,15:37:41,1404.0,19.56,21.46,70.24,11.24,482.81,20.69,75.89,11.58,20.69,75.89,22.31,86.96,14.73,23.13,63.17,11.18,482.81,0.02,0.24,0.0
1405.0,2024-02-13,15:37:42,1405.0,19.56,21.46,70.24,11.24,483.62,20.69,75.89,11.58,20.69,75.89,22.31,86.96,14.73,23.13,63.17,11.18,483.62,0.01,0.24,0.0
1406.0,2024-02-13,15:37:43,1406.0,19.56,21.46,70.24,11.24,486.13,20.69,75.89,11.58,20.69,75.89,22.31,86.96,14.73,23.13,63.17,11.18,486.13,0.01,0.24,0.0
1407.0,2024-02-13,15:37:44,1407.0,19.56,21.46,70.24,11.24,486.74,20.69,75.89,11.58,20.69,75.89,22.31,86.96,14.73,23.13,63.17,11.18,486.74,0.01,0.24,0.0
1408.0,2024-02-13,15:37:45,1408.0,19.55,21.46,70.23,11.23,486.44,20.68,75.9,11.58,20.68,75.9,22.3,84.95,14.37,23.13,63.2,11.19,486.44,0.02,0.24,0.0
1409.0,2024-02-13,15:37:46,1409.0,19.55,21.46,70.23,11.23,488.56,20.68,75.9,11.58,20.68,75.9,22.3,84.95,14.37,23.13,63.2,11.19,488.56,0.02,0.24,0.0
1410.0,2024-02-13,15:37:47,1410.0,19.55,21.46,70.23,11.23,498.77,20.68,75.9,11.58,20.68,75.9,22.3,84.95,14.37,23.13,63.2,11.19,498.77,0.02,0.25,0.0
1411.0,2024-02-13,15:37:48,1411.0,19.55,21.46,70.26,11.23,503.74,20.68,75.89,11.58,20.68,75.89,22.31,83.13,14.06,23.13,63.21,11.19,503.74,0.02,0.25,0.0
1412.0,2024-02-13,15:37:49,1412.0,19.55,21.46,70.26,11.23,517.11,20.68,75.89,11.58,20.68,75.89,22.31,83.13,14.06,23.13,63.21,11.19,517.11,0.02,0.26,0.0
1413.0,2024-02-13,15:37:50,1413.0,19.55,21.46,70.26,11.23,521.31,20.68,75.89,11.58,20.68,75.89,22.31,83.13,14.06,23.13,63.21,11.19,521.31,0.02,0.26,0.0
1414.0,2024-02-13,15:37:51,1414.0,19.55,21.45,70.29,11.23,526.9,20.68,75.89,11.58,20.68,75.89,22.3,81.54,13.78,23.13,63.23,11.19,526.9,0.02,0.27,0.0
1415.0,2024-02-13,15:37:52,1415.0,19.55,21.45,70.29,11.23,529.13,20.68,75.89,11.58,20.68,75.89,22.3,81.54,13.78,23.13,63.23,11.19,529.13,0.02,0.27,0.0
1416.0,2024-02-13,15:37:53,1416.0,19.55,21.45,70.29,11.23,531.7,20.68,75.89,11.58,20.68,75.89,22.3,81.54,13.78,23.13,63.23,11.19,531.7,0.02,0.27,0.0
1417.0,2024-02-13,15:37:54,1417.0,19.54,21.44,70.35,11.24,531.1,20.72,76.77,11.74,20.72,76.77,22.3,80.17,13.54,23.13,63.2,11.19,531.1,0.09,0.19,0.0
1418.0,2024-02-13,15:37:55,1418.0,19.54,21.44,70.35,11.24,530.74,20.72,76.77,11.74,20.72,76.77,22.3,80.17,13.54,23.13,63.2,11.19,530.74,0.09,0.19,0.0
1419.0,2024-02-13,15:37:56,1419.0,19.54,21.44,70.35,11.24,532,20.72,76.77,11.74,20.72,76.77,22.3,80.17,13.54,23.13,63.2,11.19,532,0.09,0.19,0.0
1420.0,2024-02-13,15:37:57,1420.0,19.52,21.43,70.36,11.23,531.42,21.07,78.1,12.22,21.07,78.1,22.29,79.05,13.34,23.13,63.19,11.19,531.42,0.38,-0.09,0.0
1421.0,2024-02-13,15:37:58,1421.0,19.52,21.43,70.36,11.23,530.52,21.07,78.1,12.22,21.07,78.1,22.29,79.05,13.34,23.13,63.19,11.19,530.52,0.38,-0.09,0.0
1422.0,2024-02-13,15:37:59,1422.0,19.52,21.43,70.36,11.23,528.57,21.07,78.1,12.22,21.07,78.1,22.29,79.05,13.34,23.13,63.19,11.19,528.57,0.37,-0.09,0.0
1423.0,2024-02-13,15:38:00,1423.0,19.51,21.43,70.38,11.23,526.54,21.66,79.34,12.88,21.66,79.34,22.28,78.06,13.17,23.13,63.17,11.18,526.54,0.77,-0.49,0.0
1424.0,2024-02-13,15:38:01,1424.0,19.51,21.43,70.38,11.23,526.8,21.66,79.34,12.88,21.66,79.34,22.28,78.06,13.17,23.13,63.17,11.18,526.8,0.77,-0.49,0.0
1425.0,2024-02-13,15:38:02,1425.0,19.5,21.44,70.35,11.24,529.79,22.32,82.04,13.88,22.32,82.04,22.28,77.17,13.01,23.15,63.18,11.19,529.79,0.78,-0.49,0.0
1426.0,2024-02-13,15:38:03,1426.0,19.5,21.44,70.35,11.24,530.22,22.32,82.04,13.88,22.32,82.04,22.28,77.17,13.01,23.15,63.18,11.19,530.22,1.35,-1.06,0.0
1427.0,2024-02-13,15:38:04,1427.0,19.5,21.44,70.35,11.24,529.83,22.32,82.04,13.88,22.32,82.04,22.28,77.17,13.01,23.15,63.18,11.19,529.83,1.35,-1.06,0.0
1428.0,2024-02-13,15:38:05,1428.0,19.5,21.44,70.35,11.24,531.66,22.32,82.04,13.88,22.32,82.04,22.28,77.17,13.01,23.15,63.18,11.19,531.66,1.35,-1.06,0.0
1429.0,2024-02-13,15:38:06,1429.0,19.48,21.46,70.27,11.23,534.75,22.56,87.2,15,22.56,87.2,22.27,76.3,12.85,23.15,63.14,11.19,534.75,1.91,-1.62,0.0
1430.0,2024-02-13,15:38:07,1430.0,19.48,21.46,70.27,11.23,534.63,22.56,87.2,15,22.56,87.2,22.27,76.3,12.85,23.15,63.14,11.19,534.63,1.9,-1.62,0.0
1431.0,2024-02-13,15:38:08,1431.0,19.47,21.47,70.2,11.23,531.68,22.52,94.16,16.19,22.52,94.16,22.27,75.55,12.72,23.15,63.14,11.19,531.68,1.89,-1.61,0.0
1432.0,2024-02-13,15:38:09,1432.0,19.47,21.47,70.2,11.23,529.8,22.52,94.16,16.19,22.52,94.16,22.27,75.55,12.72,23.15,63.14,11.19,529.8,2.41,-2.13,0.0
1433.0,2024-02-13,15:38:10,1433.0,19.47,21.47,70.2,11.23,528.96,22.52,94.16,16.19,22.52,94.16,22.27,75.55,12.72,23.15,63.14,11.19,528.96,2.41,-2.13,0.0
1434.0,2024-02-13,15:38:11,1434.0,19.47,21.47,70.2,11.23,528.99,22.52,94.16,16.19,22.52,94.16,22.27,75.55,12.72,23.15,63.14,11.19,528.99,2.41,-2.13,0.0
1435.0,2024-02-13,15:38:12,1435.0,19.46,21.51,70,11.23,527.15,22.35,100.13,17.07,22.35,100.13,22.27,74.91,12.61,23.16,63.08,11.18,527.15,2.76,-2.48,0.0
1436.0,2024-02-13,15:38:13,1436.0,19.46,21.51,70,11.23,527.55,22.35,100.13,17.07,22.35,100.13,22.27,74.91,12.61,23.16,63.08,11.18,527.55,2.76,-2.48,0.0
1437.0,2024-02-13,15:38:14,1437.0,19.44,21.53,69.86,11.22,530.46,22.15,103.71,17.47,22.15,103.71,22.26,74.32,12.5,23.16,63.13,11.19,530.46,2.78,-2.5,0.0
1438.0,2024-02-13,15:38:15,1438.0,19.44,21.53,69.86,11.22,530.99,22.15,103.71,17.47,22.15,103.71,22.26,74.32,12.5,23.16,63.13,11.19,530.99,2.92,-2.64,0.0
1439.0,2024-02-13,15:38:16,1439.0,19.44,21.53,69.86,11.22,532.75,22.15,103.71,17.47,22.15,103.71,22.26,74.32,12.5,23.16,63.13,11.19,532.75,2.93,-2.65,0.0
1440.0,2024-02-13,15:38:17,1440.0,19.44,21.53,69.86,11.22,533.03,22.15,103.71,17.47,22.15,103.71,22.26,74.32,12.5,23.16,63.13,11.19,533.03,2.93,-2.65,0.0
1441.0,2024-02-13,15:38:18,1441.0,19.42,21.56,69.68,11.21,534.05,21.95,105.39,17.54,21.95,105.39,22.25,73.8,12.41,23.15,63.13,11.19,534.05,2.93,-2.65,0.0
1442.0,2024-02-13,15:38:19,1442.0,19.42,21.56,69.68,11.21,534.42,21.95,105.39,17.54,21.95,105.39,22.25,73.8,12.41,23.15,63.13,11.19,534.42,2.93,-2.65,0.0
1443.0,2024-02-13,15:38:20,1443.0,19.42,21.56,69.68,11.21,535.1,21.95,105.39,17.54,21.95,105.39,22.25,73.8,12.41,23.15,63.13,11.19,535.1,2.94,-2.66,0.0
1444.0,2024-02-13,15:38:21,1444.0,19.43,21.6,69.52,11.21,536.14,21.75,106.16,17.45,21.75,106.16,22.24,73.38,12.33,23.16,63.13,11.2,536.14,2.94,-2.66,0.0
1445.0,2024-02-13,15:38:22,1445.0,19.43,21.6,69.52,11.21,536.67,21.75,106.16,17.45,21.75,106.16,22.24,73.38,12.33,23.16,63.13,11.2,536.67,2.86,-2.58,0.0
1446.0,2024-02-13,15:38:23,1446.0,19.43,21.6,69.52,11.21,536.78,21.75,106.16,17.45,21.75,106.16,22.24,73.38,12.33,23.16,63.13,11.2,536.78,2.86,-2.59,0.0
1447.0,2024-02-13,15:38:24,1447.0,19.42,21.62,69.43,11.21,537.38,21.56,106.9,17.37,21.56,106.9,22.23,73.04,12.26,23.16,63.12,11.19,537.38,2.79,-2.52,0.0
1448.0,2024-02-13,15:38:25,1448.0,19.42,21.62,69.43,11.21,539.44,21.56,106.9,17.37,21.56,106.9,22.23,73.04,12.26,23.16,63.12,11.19,539.44,2.8,-2.53,0.0
1449.0,2024-02-13,15:38:26,1449.0,19.42,21.62,69.43,11.21,540.55,21.56,106.9,17.37,21.56,106.9,22.23,73.04,12.26,23.16,63.12,11.19,540.55,2.81,-2.53,0.0
1450.0,2024-02-13,15:38:27,1450.0,19.43,21.64,69.35,11.21,542.05,21.4,107.44,17.28,21.4,107.44,22.23,72.7,12.2,23.16,63.09,11.19,542.05,2.74,-2.47,0.0
1451.0,2024-02-13,15:38:28,1451.0,19.43,21.64,69.35,11.21,541.83,21.4,107.44,17.28,21.4,107.44,22.23,72.7,12.2,23.16,63.09,11.19,541.83,2.74,-2.47,0.0
1452.0,2024-02-13,15:38:29,1452.0,19.42,21.66,69.3,11.22,539.07,21.23,107.74,17.15,21.23,107.74,22.22,72.37,12.14,23.17,63.09,11.19,539.07,2.72,-2.46,0.0
1453.0,2024-02-13,15:38:30,1453.0,19.42,21.66,69.3,11.22,537.15,21.23,107.74,17.15,21.23,107.74,22.22,72.37,12.14,23.17,63.09,11.19,537.15,2.62,-2.36,0.0
1454.0,2024-02-13,15:38:31,1454.0,19.42,21.66,69.3,11.22,535.12,21.23,107.74,17.15,21.23,107.74,22.22,72.37,12.14,23.17,63.09,11.19,535.12,2.61,-2.35,0.0
1455.0,2024-02-13,15:38:32,1455.0,19.42,21.66,69.3,11.22,533.27,21.23,107.74,17.15,21.23,107.74,22.22,72.37,12.14,23.17,63.09,11.19,533.27,2.6,-2.34,0.0
1456.0,2024-02-13,15:38:33,1456.0,19.42,21.67,69.26,11.22,532.02,21.07,107.77,16.98,21.07,107.77,22.22,72.08,12.09,23.17,63.08,11.19,532.02,2.49,-2.23,0.0
1457.0,2024-02-13,15:38:34,1457.0,19.42,21.67,69.26,11.22,531.89,21.07,107.77,16.98,21.07,107.77,22.22,72.08,12.09,23.17,63.08,11.19,531.89,2.49,-2.23,0.0
1458.0,2024-02-13,15:38:35,1458.0,19.42,21.68,69.25,11.22,532.21,20.91,107.57,16.78,20.91,107.57,22.22,71.83,12.05,23.17,63.08,11.19,532.21,2.49,-2.23,0.0
1459.0,2024-02-13,15:38:36,1459.0,19.42,21.68,69.25,11.22,530.27,20.91,107.57,16.78,20.91,107.57,22.22,71.83,12.05,23.17,63.08,11.19,530.27,2.35,-2.1,0.0
1460.0,2024-02-13,15:38:37,1460.0,19.42,21.68,69.25,11.22,520.48,20.91,107.57,16.78,20.91,107.57,22.22,71.83,12.05,23.17,63.08,11.19,520.48,2.31,-2.06,0.0
1461.0,2024-02-13,15:38:38,1461.0,19.42,21.68,69.25,11.22,515.29,20.91,107.57,16.78,20.91,107.57,22.22,71.83,12.05,23.17,63.08,11.19,515.29,2.29,-2.04,0.0
1462.0,2024-02-13,15:38:39,1462.0,19.43,21.68,69.25,11.23,507.12,20.78,106.92,16.53,20.78,106.92,22.21,71.62,12.01,23.17,63.11,11.2,507.12,2.12,-1.88,0.0
1463.0,2024-02-13,15:38:40,1463.0,19.43,21.68,69.25,11.23,505.19,20.78,106.92,16.53,20.78,106.92,22.21,71.62,12.01,23.17,63.11,11.2,505.19,2.11,-1.87,0.0
1464.0,2024-02-13,15:38:41,1464.0,19.42,21.69,69.26,11.23,502.65,20.66,106.14,16.29,20.66,106.14,22.21,71.44,11.97,23.17,63.11,11.2,502.65,2.1,-1.86,0.0
1465.0,2024-02-13,15:38:42,1465.0,19.42,21.69,69.26,11.23,498.84,20.66,106.14,16.29,20.66,106.14,22.21,71.44,11.97,23.17,63.11,11.2,498.84,1.96,-1.73,0.0
1466.0,2024-02-13,15:38:43,1466.0,19.42,21.69,69.26,11.23,493.26,20.66,106.14,16.29,20.66,106.14,22.21,71.44,11.97,23.17,63.11,11.2,493.26,1.94,-1.71,0.0
1467.0,2024-02-13,15:38:44,1467.0,19.42,21.69,69.26,11.23,492.07,20.66,106.14,16.29,20.66,106.14,22.21,71.44,11.97,23.17,63.11,11.2,492.07,1.94,-1.7,0.0
1468.0,2024-02-13,15:38:45,1468.0,19.41,21.69,69.27,11.23,489.67,20.58,105.23,16.06,20.58,105.23,22.2,71.28,11.94,23.17,63.13,11.2,489.67,1.82,-1.58,0.0
1469.0,2024-02-13,15:38:46,1469.0,19.41,21.69,69.27,11.23,488.15,20.58,105.23,16.06,20.58,105.23,22.2,71.28,11.94,23.17,63.13,11.2,488.15,1.81,-1.58,0.0
1470.0,2024-02-13,15:38:47,1470.0,19.4,21.69,69.31,11.24,488.28,20.51,104.31,15.84,20.51,104.31,22.2,71.09,11.9,23.16,63.13,11.2,488.28,1.81,-1.58,0.0
1471.0,2024-02-13,15:38:48,1471.0,19.4,21.69,69.31,11.24,488.43,20.51,104.31,15.84,20.51,104.31,22.2,71.09,11.9,23.16,63.13,11.2,488.43,1.71,-1.48,0.0
1472.0,2024-02-13,15:38:49,1472.0,19.4,21.69,69.31,11.24,488.45,20.51,104.31,15.84,20.51,104.31,22.2,71.09,11.9,23.16,63.13,11.2,488.45,1.71,-1.48,0.0
1473.0,2024-02-13,15:38:50,1473.0,19.4,21.69,69.31,11.24,488.41,20.51,104.31,15.84,20.51,104.31,22.2,71.09,11.9,23.16,63.13,11.2,488.41,1.71,-1.48,0.0
1474.0,2024-02-13,15:38:51,1474.0,19.39,21.68,69.35,11.24,484.47,20.45,103.29,15.63,20.45,103.29,22.19,70.91,11.87,23.16,63.15,11.2,484.47,1.6,-1.37,0.0
1475.0,2024-02-13,15:38:52,1475.0,19.39,21.68,69.35,11.24,483.65,20.45,103.29,15.63,20.45,103.29,22.19,70.91,11.87,23.16,63.15,11.2,483.65,1.59,-1.37,0.0
1476.0,2024-02-13,15:38:53,1476.0,19.39,21.68,69.35,11.24,484.74,20.45,103.29,15.63,20.45,103.29,22.19,70.91,11.87,23.16,63.15,11.2,484.74,1.6,-1.37,0.0
1477.0,2024-02-13,15:38:54,1477.0,19.39,21.67,69.4,11.24,486.12,20.4,102.31,15.43,20.4,102.31,22.2,70.71,11.84,23.16,63.17,11.2,486.12,1.51,-1.28,0.0
1478.0,2024-02-13,15:38:55,1478.0,19.39,21.67,69.4,11.24,489.05,20.4,102.31,15.43,20.4,102.31,22.2,70.71,11.84,23.16,63.17,11.2,489.05,1.52,-1.29,0.0
1479.0,2024-02-13,15:38:56,1479.0,19.39,21.67,69.4,11.24,492.93,20.4,102.31,15.43,20.4,102.31,22.2,70.71,11.84,23.16,63.17,11.2,492.93,1.54,-1.3,0.0
1480.0,2024-02-13,15:38:57,1480.0,19.39,21.65,69.51,11.24,493.18,20.36,101.38,15.25,20.36,101.38,22.2,70.56,11.81,23.16,63.19,11.2,493.18,1.45,-1.22,0.0
1481.0,2024-02-13,15:38:58,1481.0,19.39,21.65,69.51,11.24,494.55,20.36,101.38,15.25,20.36,101.38,22.2,70.56,11.81,23.16,63.19,11.2,494.55,1.46,-1.22,0.0
1482.0,2024-02-13,15:38:59,1482.0,19.39,21.65,69.51,11.24,493.48,20.36,101.38,15.25,20.36,101.38,22.2,70.56,11.81,23.16,63.19,11.2,493.48,1.45,-1.22,0.0
1483.0,2024-02-13,15:39:00,1483.0,19.4,21.62,69.62,11.25,490.14,20.33,100.39,15.06,20.33,100.39,22.2,70.39,11.79,23.15,63.2,11.2,490.14,1.37,-1.13,0.0
1484.0,2024-02-13,15:39:01,1484.0,19.4,21.62,69.62,11.25,489.66,20.33,100.39,15.06,20.33,100.39,22.2,70.39,11.79,23.15,63.2,11.2,489.66,1.36,-1.13,0.0
1485.0,2024-02-13,15:39:02,1485.0,19.4,21.62,69.62,11.25,490.31,20.33,100.39,15.06,20.33,100.39,22.2,70.39,11.79,23.15,63.2,11.2,490.31,1.37,-1.13,0.0
1486.0,2024-02-13,15:39:03,1486.0,19.41,21.6,69.74,11.25,490.7,20.3,99.4,14.89,20.3,99.4,22.21,70.23,11.76,23.15,63.18,11.2,490.7,1.29,-1.06,0.0
1487.0,2024-02-13,15:39:04,1487.0,19.41,21.6,69.74,11.25,490.14,20.3,99.4,14.89,20.3,99.4,22.21,70.23,11.76,23.15,63.18,11.2,490.14,1.29,-1.05,0.0
1488.0,2024-02-13,15:39:05,1488.0,19.41,21.6,69.74,11.25,490.27,20.3,99.4,14.89,20.3,99.4,22.21,70.23,11.76,23.15,63.18,11.2,490.27,1.29,-1.05,0.0
1489.0,2024-02-13,15:39:06,1489.0,19.41,21.58,69.87,11.25,492.29,20.29,98.43,14.72,20.29,98.43,22.21,70.12,11.75,23.15,63.2,11.2,492.29,1.23,-0.99,0.0
1490.0,2024-02-13,15:39:07,1490.0,19.41,21.58,69.87,11.25,492.8,20.29,98.43,14.72,20.29,98.43,22.21,70.12,11.75,23.15,63.2,11.2,492.8,1.23,-0.99,0.0
1491.0,2024-02-13,15:39:08,1491.0,19.4,21.55,70.03,11.26,493.53,20.27,97.45,14.56,20.27,97.45,22.21,70.04,11.73,23.15,63.22,11.2,493.53,1.23,-0.99,0.0
1492.0,2024-02-13,15:39:09,1492.0,19.4,21.55,70.03,11.26,493.91,20.27,97.45,14.56,20.27,97.45,22.21,70.04,11.73,23.15,63.22,11.2,493.91,1.17,-0.92,0.0
1493.0,2024-02-13,15:39:10,1493.0,19.4,21.55,70.03,11.26,493.2,20.27,97.45,14.56,20.27,97.45,22.21,70.04,11.73,23.15,63.22,11.2,493.2,1.16,-0.92,0.0
1494.0,2024-02-13,15:39:11,1494.0,19.4,21.55,70.03,11.26,492.7,20.27,97.45,14.56,20.27,97.45,22.21,70.04,11.73,23.15,63.22,11.2,492.7,1.16,-0.92,0.0
1495.0,2024-02-13,15:39:12,1495.0,19.4,21.52,70.15,11.26,495.67,20.26,96.52,14.41,20.26,96.52,22.21,69.93,11.71,23.14,63.22,11.2,495.67,1.11,-0.86,0.0
1496.0,2024-02-13,15:39:13,1496.0,19.4,21.52,70.15,11.26,496.26,20.26,96.52,14.41,20.26,96.52,22.21,69.93,11.71,23.14,63.22,11.2,496.26,1.11,-0.86,0.0
1497.0,2024-02-13,15:39:14,1497.0,19.39,21.49,70.26,11.26,494.42,20.25,95.64,14.27,20.25,95.64,22.21,69.79,11.69,23.14,63.23,11.2,494.42,1.11,-0.86,0.0
1498.0,2024-02-13,15:39:15,1498.0,19.39,21.49,70.26,11.26,493.74,20.25,95.64,14.27,20.25,95.64,22.21,69.79,11.69,23.14,63.23,11.2,493.74,1.05,-0.8,0.0
1499.0,2024-02-13,15:39:16,1499.0,19.39,21.49,70.26,11.26,493.18,20.25,95.64,14.27,20.25,95.64,22.21,69.79,11.69,23.14,63.23,11.2,493.18,1.05,-0.8,0.0
1500.0,2024-02-13,15:39:17,1500.0,19.39,21.49,70.26,11.26,491.32,20.25,95.64,14.27,20.25,95.64,22.21,69.79,11.69,23.14,63.23,11.2,491.32,1.04,-0.79,0.0
1501.0,2024-02-13,15:39:18,1501.0,19.4,21.47,70.38,11.26,488.57,20.25,94.81,14.14,20.25,94.81,22.21,69.73,11.68,23.14,63.24,11.2,488.57,0.98,-0.73,0.0
1502.0,2024-02-13,15:39:19,1502.0,19.4,21.47,70.38,11.26,487.4,20.25,94.81,14.14,20.25,94.81,22.21,69.73,11.68,23.14,63.24,11.2,487.4,0.98,-0.73,0.0
1503.0,2024-02-13,15:39:20,1503.0,19.41,21.45,70.47,11.26,485.15,20.24,94,14.01,20.24,94,22.22,69.65,11.67,23.14,63.23,11.2,485.15,0.98,-0.73,0.0
1504.0,2024-02-13,15:39:21,1504.0,19.41,21.45,70.47,11.26,484.25,20.24,94,14.01,20.24,94,22.22,69.65,11.67,23.14,63.23,11.2,484.25,0.93,-0.67,0.0
1505.0,2024-02-13,15:39:22,1505.0,19.41,21.45,70.47,11.26,484.74,20.24,94,14.01,20.24,94,22.22,69.65,11.67,23.14,63.23,11.2,484.74,0.93,-0.68,0.0
1506.0,2024-02-13,15:39:23,1506.0,19.41,21.45,70.47,11.26,485.49,20.24,94,14.01,20.24,94,22.22,69.65,11.67,23.14,63.23,11.2,485.49,0.93,-0.68,0.0
1507.0,2024-02-13,15:39:24,1507.0,19.41,21.43,70.56,11.26,487.68,20.24,93.22,13.89,20.24,93.22,22.22,69.58,11.67,23.14,63.26,11.2,487.68,0.88,-0.63,0.0
1508.0,2024-02-13,15:39:25,1508.0,19.41,21.43,70.56,11.26,489,20.24,93.22,13.89,20.24,93.22,22.22,69.58,11.67,23.14,63.26,11.2,489,0.89,-0.63,0.0
1509.0,2024-02-13,15:39:26,1509.0,19.41,21.43,70.56,11.26,490.87,20.24,93.22,13.89,20.24,93.22,22.22,69.58,11.67,23.14,63.26,11.2,490.87,0.89,-0.63,0.0
1510.0,2024-02-13,15:39:27,1510.0,19.39,21.41,70.66,11.26,490.13,20.23,92.47,13.76,20.23,92.47,22.24,69.41,11.65,23.13,63.25,11.2,490.13,0.89,-0.63,0.0
1511.0,2024-02-13,15:39:28,1511.0,19.39,21.41,70.66,11.26,488.76,20.23,92.47,13.76,20.23,92.47,22.24,69.41,11.65,23.13,63.25,11.2,488.76,0.84,-0.58,0.0
1512.0,2024-02-13,15:39:29,1512.0,19.39,21.41,70.66,11.26,488.56,20.23,92.47,13.76,20.23,92.47,22.24,69.41,11.65,23.13,63.25,11.2,488.56,0.84,-0.58,0.0
1513.0,2024-02-13,15:39:30,1513.0,19.39,21.39,70.72,11.26,488.49,20.22,91.78,13.65,20.22,91.78,22.25,69.24,11.63,23.13,63.27,11.2,488.49,0.79,-0.53,0.0
1514.0,2024-02-13,15:39:31,1514.0,19.39,21.39,70.72,11.26,488.44,20.22,91.78,13.65,20.22,91.78,22.25,69.24,11.63,23.13,63.27,11.2,488.44,0.79,-0.53,0.0
1515.0,2024-02-13,15:39:32,1515.0,19.39,21.39,70.72,11.26,488.43,20.22,91.78,13.65,20.22,91.78,22.25,69.24,11.63,23.13,63.27,11.2,488.43,0.79,-0.53,0.0
1516.0,2024-02-13,15:39:33,1516.0,19.38,21.38,70.76,11.26,487.98,20.22,91.12,13.55,20.22,91.12,22.27,69.16,11.62,23.13,63.27,11.2,487.98,0.75,-0.49,0.0
1517.0,2024-02-13,15:39:34,1517.0,19.38,21.38,70.76,11.26,487.2,20.22,91.12,13.55,20.22,91.12,22.27,69.16,11.62,23.13,63.27,11.2,487.2,0.75,-0.49,0.0
1518.0,2024-02-13,15:39:35,1518.0,19.38,21.38,70.76,11.26,485.51,20.22,91.12,13.55,20.22,91.12,22.27,69.16,11.62,23.13,63.27,11.2,485.51,0.75,-0.48,0.0
1519.0,2024-02-13,15:39:36,1519.0,19.38,21.36,70.81,11.26,485.48,20.21,90.48,13.45,20.21,90.48,22.28,69.07,11.62,23.13,63.25,11.2,485.48,0.71,-0.44,0.0
1520.0,2024-02-13,15:39:37,1520.0,19.38,21.36,70.81,11.26,485.66,20.21,90.48,13.45,20.21,90.48,22.28,69.07,11.62,23.13,63.25,11.2,485.66,0.71,-0.44,0.0
1521.0,2024-02-13,15:39:38,1521.0,19.38,21.36,70.81,11.26,485.36,20.21,90.48,13.45,20.21,90.48,22.28,69.07,11.62,23.13,63.25,11.2,485.36,0.71,-0.44,0.0
1522.0,2024-02-13,15:39:39,1522.0,19.37,21.35,70.83,11.25,484.82,20.21,89.83,13.35,20.21,89.83,22.28,69.06,11.62,23.13,63.25,11.2,484.82,0.67,-0.4,0.0
1523.0,2024-02-13,15:39:40,1523.0,19.37,21.35,70.83,11.25,485.06,20.21,89.83,13.35,20.21,89.83,22.28,69.06,11.62,23.13,63.25,11.2,485.06,0.67,-0.4,0.0
1524.0,2024-02-13,15:39:41,1524.0,19.37,21.34,70.87,11.25,487.01,20.21,89.27,13.26,20.21,89.27,22.28,69.08,11.62,23.13,63.27,11.2,487.01,0.68,-0.4,0.0
1525.0,2024-02-13,15:39:42,1525.0,19.37,21.34,70.87,11.25,486.09,20.21,89.27,13.26,20.21,89.27,22.28,69.08,11.62,23.13,63.27,11.2,486.09,0.64,-0.36,0.0
1526.0,2024-02-13,15:39:43,1526.0,19.37,21.34,70.87,11.25,485.31,20.21,89.27,13.26,20.21,89.27,22.28,69.08,11.62,23.13,63.27,11.2,485.31,0.64,-0.36,0.0
1527.0,2024-02-13,15:39:44,1527.0,19.37,21.34,70.87,11.25,484.61,20.21,89.27,13.26,20.21,89.27,22.28,69.08,11.62,23.13,63.27,11.2,484.61,0.64,-0.36,0.0
1528.0,2024-02-13,15:39:45,1528.0,19.36,21.33,70.9,11.25,486.99,20.2,88.71,13.17,20.2,88.71,22.28,69.09,11.62,23.13,63.29,11.2,486.99,0.61,-0.33,0.0
1529.0,2024-02-13,15:39:46,1529.0,19.36,21.33,70.9,11.25,488.78,20.2,88.71,13.17,20.2,88.71,22.28,69.09,11.62,23.13,63.29,11.2,488.78,0.61,-0.33,0.0
1530.0,2024-02-13,15:39:47,1530.0,19.35,21.32,70.94,11.25,490.29,20.21,88.16,13.09,20.21,88.16,22.26,69.23,11.64,23.14,63.27,11.21,490.29,0.61,-0.33,0.0
1531.0,2024-02-13,15:39:48,1531.0,19.35,21.32,70.94,11.25,490.59,20.21,88.16,13.09,20.21,88.16,22.26,69.23,11.64,23.14,63.27,11.21,490.59,0.58,-0.29,0.0
1532.0,2024-02-13,15:39:49,1532.0,19.35,21.32,70.94,11.25,491.19,20.21,88.16,13.09,20.21,88.16,22.26,69.23,11.64,23.14,63.27,11.21,491.19,0.58,-0.29,0.0
1533.0,2024-02-13,15:39:50,1533.0,19.35,21.32,70.94,11.25,491.36,20.21,88.16,13.09,20.21,88.16,22.26,69.23,11.64,23.14,63.27,11.21,491.36,0.58,-0.29,0.0
1534.0,2024-02-13,15:39:51,1534.0,19.35,21.31,70.98,11.25,491.8,20.21,87.62,13.01,20.21,87.62,22.24,69.42,11.65,23.14,63.28,11.21,491.8,0.55,-0.26,0.0
1535.0,2024-02-13,15:39:52,1535.0,19.35,21.31,70.98,11.25,490.48,20.21,87.62,13.01,20.21,87.62,22.24,69.42,11.65,23.14,63.28,11.21,490.48,0.55,-0.26,0.0
1536.0,2024-02-13,15:39:53,1536.0,19.35,21.31,70.98,11.25,490.12,20.21,87.62,13.01,20.21,87.62,22.24,69.42,11.65,23.14,63.28,11.21,490.12,0.55,-0.26,0.0
1537.0,2024-02-13,15:39:54,1537.0,19.34,21.3,71.03,11.25,489.67,20.21,87.15,12.94,20.21,87.15,22.22,69.52,11.66,23.14,63.28,11.21,489.67,0.55,-0.26,0.0
1538.0,2024-02-13,15:39:55,1538.0,19.34,21.3,71.03,11.25,488.3,20.21,87.15,12.94,20.21,87.15,22.22,69.52,11.66,23.14,63.28,11.21,488.3,0.51,-0.23,0.0
1539.0,2024-02-13,15:39:56,1539.0,19.34,21.3,71.03,11.25,488.44,20.21,87.15,12.94,20.21,87.15,22.22,69.52,11.66,23.14,63.28,11.21,488.44,0.52,-0.23,0.0
1540.0,2024-02-13,15:39:57,1540.0,19.32,21.29,71.05,11.25,488.72,20.21,86.68,12.87,20.21,86.68,22.21,69.56,11.65,23.14,63.28,11.21,488.72,0.49,-0.2,0.0
1541.0,2024-02-13,15:39:58,1541.0,19.32,21.29,71.05,11.25,486,20.21,86.68,12.87,20.21,86.68,22.21,69.56,11.65,23.14,63.28,11.21,486,0.49,-0.2,0.0
1542.0,2024-02-13,15:39:59,1542.0,19.32,21.29,71.05,11.25,483.68,20.21,86.68,12.87,20.21,86.68,22.21,69.56,11.65,23.14,63.28,11.21,483.68,0.48,-0.2,0.0
1543.0,2024-02-13,15:40:00,1543.0,19.32,21.28,71.08,11.24,481,20.21,86.22,12.8,20.21,86.22,22.2,69.51,11.64,23.14,63.28,11.21,481,0.46,-0.17,0.0
1544.0,2024-02-13,15:40:01,1544.0,19.32,21.28,71.08,11.24,480.73,20.21,86.22,12.8,20.21,86.22,22.2,69.51,11.64,23.14,63.28,11.21,480.73,0.46,-0.17,0.0
1545.0,2024-02-13,15:40:02,1545.0,19.32,21.27,71.14,11.24,482.71,20.2,85.81,12.73,20.2,85.81,22.2,69.47,11.63,23.14,63.28,11.21,482.71,0.46,-0.17,0.0
1546.0,2024-02-13,15:40:03,1546.0,19.32,21.27,71.14,11.24,483.84,20.2,85.81,12.73,20.2,85.81,22.2,69.47,11.63,23.14,63.28,11.21,483.84,0.43,-0.14,0.0
1547.0,2024-02-13,15:40:04,1547.0,19.32,21.27,71.14,11.24,481.17,20.2,85.81,12.73,20.2,85.81,22.2,69.47,11.63,23.14,63.28,11.21,481.17,0.43,-0.14,0.0
1548.0,2024-02-13,15:40:05,1548.0,19.32,21.27,71.14,11.24,482.38,20.2,85.81,12.73,20.2,85.81,22.2,69.47,11.63,23.14,63.28,11.21,482.38,0.43,-0.14,0.0
1549.0,2024-02-13,15:40:06,1549.0,19.31,21.26,71.18,11.25,483.38,20.21,85.39,12.67,20.21,85.39,22.19,69.45,11.62,23.14,63.25,11.2,483.38,0.41,-0.12,0.0
1550.0,2024-02-13,15:40:07,1550.0,19.31,21.26,71.18,11.25,483.72,20.21,85.39,12.67,20.21,85.39,22.19,69.45,11.62,23.14,63.25,11.2,483.72,0.41,-0.12,0.0
1551.0,2024-02-13,15:40:08,1551.0,19.31,21.26,71.18,11.25,483.93,20.21,85.39,12.67,20.21,85.39,22.19,69.45,11.62,23.14,63.25,11.2,483.93,0.41,-0.12,0.0
1552.0,2024-02-13,15:40:09,1552.0,19.3,21.25,71.21,11.24,483.94,20.21,85.01,12.61,20.21,85.01,22.18,69.44,11.61,23.14,63.26,11.2,483.94,0.39,-0.09,0.0
1553.0,2024-02-13,15:40:10,1553.0,19.3,21.25,71.21,11.24,484.74,20.21,85.01,12.61,20.21,85.01,22.18,69.44,11.61,23.14,63.26,11.2,484.74,0.39,-0.09,0.0
1554.0,2024-02-13,15:40:11,1554.0,19.3,21.25,71.21,11.24,486.02,20.21,85.01,12.61,20.21,85.01,22.18,69.44,11.61,23.14,63.26,11.2,486.02,0.39,-0.09,0.0
1555.0,2024-02-13,15:40:12,1555.0,19.3,21.24,71.28,11.25,487.42,20.2,84.64,12.55,20.2,84.64,22.17,69.43,11.6,23.14,63.21,11.19,487.42,0.37,-0.07,0.0
1556.0,2024-02-13,15:40:13,1556.0,19.3,21.24,71.28,11.25,489.17,20.2,84.64,12.55,20.2,84.64,22.17,69.43,11.6,23.14,63.21,11.19,489.17,0.37,-0.07,0.0
1557.0,2024-02-13,15:40:14,1557.0,19.3,21.23,71.29,11.24,490.89,20.2,84.31,12.5,20.2,84.31,22.16,69.37,11.59,23.14,63.21,11.19,490.89,0.37,-0.07,0.0
1558.0,2024-02-13,15:40:15,1558.0,19.3,21.23,71.29,11.24,490.42,20.2,84.31,12.5,20.2,84.31,22.16,69.37,11.59,23.14,63.21,11.19,490.42,0.35,-0.05,0.0
1559.0,2024-02-13,15:40:16,1559.0,19.3,21.23,71.29,11.24,490.01,20.2,84.31,12.5,20.2,84.31,22.16,69.37,11.59,23.14,63.21,11.19,490.01,0.35,-0.05,0.0
1560.0,2024-02-13,15:40:17,1560.0,19.3,21.23,71.29,11.24,488.63,20.2,84.31,12.5,20.2,84.31,22.16,69.37,11.59,23.14,63.21,11.19,488.63,0.35,-0.05,0.0
1561.0,2024-02-13,15:40:18,1561.0,19.3,21.22,71.27,11.23,487.06,20.2,83.96,12.45,20.2,83.96,22.17,69.3,11.58,23.14,63.17,11.19,487.06,0.33,-0.03,0.0
1562.0,2024-02-13,15:40:19,1562.0,19.3,21.22,71.27,11.23,486.79,20.2,83.96,12.45,20.2,83.96,22.17,69.3,11.58,23.14,63.17,11.19,486.79,0.33,-0.03,0.0
1563.0,2024-02-13,15:40:20,1563.0,19.3,21.22,71.27,11.23,486.45,20.2,83.96,12.45,20.2,83.96,22.17,69.3,11.58,23.14,63.17,11.19,486.45,0.33,-0.03,0.0
1564.0,2024-02-13,15:40:21,1564.0,19.29,21.21,71.32,11.23,485.51,20.2,83.7,12.41,20.2,83.7,22.17,69.24,11.57,23.13,63.17,11.18,485.51,0.33,-0.03,0.0
1565.0,2024-02-13,15:40:22,1565.0,19.29,21.21,71.32,11.23,487.69,20.2,83.7,12.41,20.2,83.7,22.17,69.24,11.57,23.13,63.17,11.18,487.69,0.32,-0.02,0.0
1566.0,2024-02-13,15:40:23,1566.0,19.29,21.21,71.32,11.23,489.22,20.2,83.7,12.41,20.2,83.7,22.17,69.24,11.57,23.13,63.17,11.18,489.22,0.32,-0.02,0.0
1567.0,2024-02-13,15:40:24,1567.0,19.29,21.21,71.32,11.23,489.52,20.2,83.42,12.36,20.2,83.42,22.17,69.21,11.57,23.13,63.16,11.18,489.52,0.3,0.0,0.0
1568.0,2024-02-13,15:40:25,1568.0,19.29,21.21,71.32,11.23,484.58,20.2,83.42,12.36,20.2,83.42,22.17,69.21,11.57,23.13,63.16,11.18,484.58,0.3,0.0,0.0
1569.0,2024-02-13,15:40:26,1569.0,19.29,21.21,71.32,11.23,483.47,20.2,83.42,12.36,20.2,83.42,22.17,69.21,11.57,23.13,63.16,11.18,483.47,0.3,0.0,0.0
1570.0,2024-02-13,15:40:27,1570.0,19.28,21.2,71.33,11.23,483.16,20.2,83.16,12.33,20.2,83.16,22.18,69.11,11.55,23.13,63.11,11.17,483.16,0.28,0.01,0.0
1571.0,2024-02-13,15:40:28,1571.0,19.28,21.2,71.33,11.23,483.16,20.2,83.16,12.33,20.2,83.16,22.18,69.11,11.55,23.13,63.11,11.17,483.16,0.28,0.01,0.0
1572.0,2024-02-13,15:40:29,1572.0,19.28,21.2,71.34,11.22,483.63,20.2,82.93,12.29,20.2,82.93,22.19,69.03,11.55,23.13,63.14,11.18,483.63,0.28,0.01,0.0
1573.0,2024-02-13,15:40:30,1573.0,19.28,21.2,71.34,11.22,485.21,20.2,82.93,12.29,20.2,82.93,22.19,69.03,11.55,23.13,63.14,11.18,485.21,0.27,0.03,0.0
1574.0,2024-02-13,15:40:31,1574.0,19.28,21.2,71.34,11.22,488.88,20.2,82.93,12.29,20.2,82.93,22.19,69.03,11.55,23.13,63.14,11.18,488.88,0.27,0.03,0.0
1575.0,2024-02-13,15:40:32,1575.0,19.28,21.2,71.34,11.22,489.19,20.2,82.93,12.29,20.2,82.93,22.19,69.03,11.55,23.13,63.14,11.18,489.19,0.27,0.03,0.0
1576.0,2024-02-13,15:40:33,1576.0,19.28,21.19,71.35,11.22,487.56,20.19,82.72,12.26,20.19,82.72,22.21,68.88,11.53,23.14,63.13,11.18,487.56,0.26,0.04,0.0
1577.0,2024-02-13,15:40:34,1577.0,19.28,21.19,71.35,11.22,487.7,20.19,82.72,12.26,20.19,82.72,22.21,68.88,11.53,23.14,63.13,11.18,487.7,0.26,0.04,0.0
1578.0,2024-02-13,15:40:35,1578.0,19.27,21.18,71.35,11.22,487.81,20.19,82.52,12.22,20.19,82.52,22.21,68.8,11.52,23.13,63.11,11.17,487.81,0.26,0.04,0.0
1579.0,2024-02-13,15:40:36,1579.0,19.27,21.18,71.35,11.22,487.86,20.19,82.52,12.22,20.19,82.52,22.21,68.8,11.52,23.13,63.11,11.17,487.86,0.25,0.06,0.0
1580.0,2024-02-13,15:40:37,1580.0,19.27,21.18,71.35,11.22,485.48,20.19,82.52,12.22,20.19,82.52,22.21,68.8,11.52,23.13,63.11,11.17,485.48,0.25,0.06,0.0
1581.0,2024-02-13,15:40:38,1581.0,19.27,21.18,71.35,11.22,484.75,20.19,82.52,12.22,20.19,82.52,22.21,68.8,11.52,23.13,63.11,11.17,484.75,0.25,0.06,0.0
1582.0,2024-02-13,15:40:39,1582.0,19.27,21.18,71.33,11.21,482.76,20.19,82.33,12.19,20.19,82.33,22.22,68.7,11.51,23.13,63.13,11.18,482.76,0.24,0.07,0.0
1583.0,2024-02-13,15:40:40,1583.0,19.27,21.18,71.33,11.21,481.48,20.19,82.33,12.19,20.19,82.33,22.22,68.7,11.51,23.13,63.13,11.18,481.48,0.23,0.07,0.0
1584.0,2024-02-13,15:40:41,1584.0,19.27,21.18,71.38,11.22,481.63,20.19,82.11,12.16,20.19,82.11,22.22,68.67,11.51,23.13,63.07,11.16,481.63,0.23,0.07,0.0
1585.0,2024-02-13,15:40:42,1585.0,19.27,21.18,71.38,11.22,483.47,20.19,82.11,12.16,20.19,82.11,22.22,68.67,11.51,23.13,63.07,11.16,483.47,0.22,0.08,0.0
1586.0,2024-02-13,15:40:43,1586.0,19.27,21.18,71.38,11.22,483.64,20.19,82.11,12.16,20.19,82.11,22.22,68.67,11.51,23.13,63.07,11.16,483.64,0.22,0.08,0.0
1587.0,2024-02-13,15:40:44,1587.0,19.27,21.18,71.38,11.22,483.61,20.19,82.11,12.16,20.19,82.11,22.22,68.67,11.51,23.13,63.07,11.16,483.61,0.22,0.08,0.0
1588.0,2024-02-13,15:40:45,1588.0,19.27,21.17,71.41,11.22,487.16,20.19,81.94,12.13,20.19,81.94,22.22,68.65,11.51,23.13,63.03,11.16,487.16,0.21,0.09,0.0
1589.0,2024-02-13,15:40:46,1589.0,19.27,21.17,71.41,11.22,487.71,20.19,81.94,12.13,20.19,81.94,22.22,68.65,11.51,23.13,63.03,11.16,487.71,0.21,0.09,0.0
1590.0,2024-02-13,15:40:47,1590.0,19.27,21.17,71.38,11.21,486.24,20.19,81.76,12.1,20.19,81.76,22.23,68.61,11.5,23.13,63,11.15,486.24,0.21,0.09,0.0
1591.0,2024-02-13,15:40:48,1591.0,19.27,21.17,71.38,11.21,486.14,20.19,81.76,12.1,20.19,81.76,22.23,68.61,11.5,23.13,63,11.15,486.14,0.2,0.1,0.0
1592.0,2024-02-13,15:40:49,1592.0,19.27,21.17,71.38,11.21,486.02,20.19,81.76,12.1,20.19,81.76,22.23,68.61,11.5,23.13,63,11.15,486.02,0.2,0.1,0.0
1593.0,2024-02-13,15:40:50,1593.0,19.27,21.17,71.38,11.21,485.79,20.19,81.76,12.1,20.19,81.76,22.23,68.61,11.5,23.13,63,11.15,485.79,0.2,0.1,0.0
1594.0,2024-02-13,15:40:51,1594.0,19.28,21.16,71.4,11.21,485.98,20.18,81.63,12.08,20.18,81.63,22.23,68.58,11.5,23.13,62.98,11.15,485.98,0.19,0.1,0.0
1595.0,2024-02-13,15:40:52,1595.0,19.28,21.16,71.4,11.21,486.29,20.18,81.63,12.08,20.18,81.63,22.23,68.58,11.5,23.13,62.98,11.15,486.29,0.19,0.1,0.0
1596.0,2024-02-13,15:40:53,1596.0,19.28,21.16,71.4,11.21,487.52,20.18,81.63,12.08,20.18,81.63,22.23,68.58,11.5,23.13,62.98,11.15,487.52,0.19,0.1,0.0
1597.0,2024-02-13,15:40:54,1597.0,19.29,21.16,71.34,11.2,487.16,20.18,81.45,12.05,20.18,81.45,22.23,68.51,11.49,23.13,62.98,11.15,487.16,0.19,0.12,0.0
1598.0,2024-02-13,15:40:55,1598.0,19.29,21.16,71.34,11.2,486.46,20.18,81.45,12.05,20.18,81.45,22.23,68.51,11.49,23.13,62.98,11.15,486.46,0.19,0.12,0.0
1599.0,2024-02-13,15:40:56,1599.0,19.29,21.16,71.34,11.2,485.66,20.18,81.45,12.05,20.18,81.45,22.23,68.51,11.49,23.13,62.98,11.15,485.66,0.19,0.12,0.0
1600.0,2024-02-13,15:40:57,1600.0,19.28,21.16,71.32,11.19,484.75,20.18,81.27,12.03,20.18,81.27,22.24,68.5,11.49,23.13,62.96,11.14,484.75,0.18,0.12,0.0
1601.0,2024-02-13,15:40:58,1601.0,19.28,21.16,71.32,11.19,483.93,20.18,81.27,12.03,20.18,81.27,22.24,68.5,11.49,23.13,62.96,11.14,483.93,0.18,0.12,0.0
1602.0,2024-02-13,15:40:59,1602.0,19.28,21.16,71.32,11.19,485.07,20.18,81.27,12.03,20.18,81.27,22.24,68.5,11.49,23.13,62.96,11.14,485.07,0.18,0.12,0.0
1603.0,2024-02-13,15:41:00,1603.0,19.28,21.15,71.43,11.21,485.08,20.18,81.1,12,20.18,81.1,22.25,68.46,11.49,23.13,62.94,11.14,485.08,0.17,0.13,0.0
1604.0,2024-02-13,15:41:01,1604.0,19.28,21.15,71.43,11.21,484.71,20.18,81.1,12,20.18,81.1,22.25,68.46,11.49,23.13,62.94,11.14,484.71,0.16,0.13,0.0
1605.0,2024-02-13,15:41:02,1605.0,19.27,21.15,71.39,11.2,484.73,20.18,80.98,11.98,20.18,80.98,22.25,68.45,11.49,23.13,62.93,11.14,484.73,0.16,0.13,0.0
1606.0,2024-02-13,15:41:03,1606.0,19.27,21.15,71.39,11.2,485.52,20.18,80.98,11.98,20.18,80.98,22.25,68.45,11.49,23.13,62.93,11.14,485.52,0.16,0.14,0.0
1607.0,2024-02-13,15:41:04,1607.0,19.27,21.15,71.39,11.2,486.47,20.18,80.98,11.98,20.18,80.98,22.25,68.45,11.49,23.13,62.93,11.14,486.47,0.16,0.14,0.0
1608.0,2024-02-13,15:41:05,1608.0,19.27,21.15,71.39,11.2,486.57,20.18,80.98,11.98,20.18,80.98,22.25,68.45,11.49,23.13,62.93,11.14,486.57,0.16,0.14,0.0
1609.0,2024-02-13,15:41:06,1609.0,19.26,21.14,71.35,11.19,488.88,20.18,80.8,11.96,20.18,80.8,22.26,68.38,11.49,23.13,62.93,11.14,488.88,0.16,0.15,0.0
1610.0,2024-02-13,15:41:07,1610.0,19.26,21.14,71.35,11.19,491.49,20.18,80.8,11.96,20.18,80.8,22.26,68.38,11.49,23.13,62.93,11.14,491.49,0.16,0.15,0.0
1611.0,2024-02-13,15:41:08,1611.0,19.26,21.14,71.35,11.19,494.43,20.18,80.68,11.94,20.18,80.68,22.26,68.36,11.48,23.13,62.95,11.14,494.43,0.16,0.15,0.0
1612.0,2024-02-13,15:41:09,1612.0,19.26,21.14,71.35,11.19,495.3,20.18,80.68,11.94,20.18,80.68,22.26,68.36,11.48,23.13,62.95,11.14,495.3,0.15,0.16,0.0
1613.0,2024-02-13,15:41:10,1613.0,19.26,21.14,71.35,11.19,495.64,20.18,80.68,11.94,20.18,80.68,22.26,68.36,11.48,23.13,62.95,11.14,495.64,0.15,0.16,0.0
1614.0,2024-02-13,15:41:11,1614.0,19.26,21.14,71.35,11.19,494.42,20.18,80.68,11.94,20.18,80.68,22.26,68.36,11.48,23.13,62.95,11.14,494.42,0.15,0.16,0.0
1615.0,2024-02-13,15:41:12,1615.0,19.25,21.14,71.36,11.19,495.47,20.18,80.54,11.92,20.18,80.54,22.26,68.38,11.48,23.12,62.96,11.14,495.47,0.15,0.17,0.0
1616.0,2024-02-13,15:41:13,1616.0,19.25,21.14,71.36,11.19,496.85,20.18,80.54,11.92,20.18,80.54,22.26,68.38,11.48,23.12,62.96,11.14,496.85,0.15,0.17,0.0
1617.0,2024-02-13,15:41:14,1617.0,19.25,21.14,71.36,11.19,496.03,20.18,80.54,11.92,20.18,80.54,22.26,68.38,11.48,23.12,62.96,11.14,496.03,0.15,0.17,0.0
1618.0,2024-02-13,15:41:15,1618.0,19.24,21.13,71.35,11.18,494.38,20.19,80.39,11.9,20.19,80.39,22.25,68.45,11.49,23.12,62.96,11.14,494.38,0.14,0.18,0.0
1619.0,2024-02-13,15:41:16,1619.0,19.24,21.13,71.35,11.18,493.16,20.19,80.39,11.9,20.19,80.39,22.25,68.45,11.49,23.12,62.96,11.14,493.16,0.14,0.18,0.0
1620.0,2024-02-13,15:41:17,1620.0,19.24,21.13,71.35,11.18,493.37,20.2,80.22,11.88,20.2,80.22,22.25,68.47,11.5,23.12,62.95,11.14,493.37,0.14,0.18,0.0
1621.0,2024-02-13,15:41:18,1621.0,19.24,21.13,71.35,11.18,490.89,20.2,80.22,11.88,20.2,80.22,22.25,68.47,11.5,23.12,62.95,11.14,490.89,0.13,0.18,0.0
1622.0,2024-02-13,15:41:19,1622.0,19.24,21.13,71.35,11.18,487.93,20.2,80.22,11.88,20.2,80.22,22.25,68.47,11.5,23.12,62.95,11.14,487.93,0.13,0.18,0.0
1623.0,2024-02-13,15:41:20,1623.0,19.24,21.13,71.35,11.18,487.85,20.2,80.22,11.88,20.2,80.22,22.25,68.47,11.5,23.12,62.95,11.14,487.85,0.13,0.18,0.0
1624.0,2024-02-13,15:41:21,1624.0,19.24,21.13,71.4,11.19,489.36,20.21,80.03,11.86,20.21,80.03,22.24,68.51,11.5,23.13,62.92,11.13,489.36,0.12,0.19,0.0
1625.0,2024-02-13,15:41:22,1625.0,19.24,21.13,71.4,11.19,489.54,20.21,80.03,11.86,20.21,80.03,22.24,68.51,11.5,23.13,62.92,11.13,489.54,0.12,0.19,0.0
1626.0,2024-02-13,15:41:23,1626.0,19.24,21.12,71.39,11.18,483.18,20.22,79.83,11.84,20.22,79.83,22.23,68.58,11.5,23.12,62.9,11.13,483.18,0.12,0.18,0.0
1627.0,2024-02-13,15:41:24,1627.0,19.24,21.12,71.39,11.18,476.17,20.22,79.83,11.84,20.22,79.83,22.23,68.58,11.5,23.12,62.9,11.13,476.17,0.12,0.19,0.0
1628.0,2024-02-13,15:41:25,1628.0,19.24,21.12,71.39,11.18,454.86,20.22,79.83,11.84,20.22,79.83,22.23,68.58,11.5,23.12,62.9,11.13,454.86,0.11,0.18,0.0
1629.0,2024-02-13,15:41:26,1629.0,19.24,21.12,71.39,11.18,441.31,20.22,79.83,11.84,20.22,79.83,22.23,68.58,11.5,23.12,62.9,11.13,441.31,0.11,0.17,0.0
1630.0,2024-02-13,15:41:27,1630.0,19.24,21.11,71.42,11.18,409.64,20.22,79.69,11.82,20.22,79.69,22.22,68.59,11.5,23.12,62.84,11.12,409.64,0.1,0.16,0.0
1631.0,2024-02-13,15:41:28,1631.0,19.24,21.11,71.42,11.18,392.67,20.22,79.69,11.82,20.22,79.69,22.22,68.59,11.5,23.12,62.84,11.12,392.67,0.09,0.15,0.0
1632.0,2024-02-13,15:41:29,1632.0,19.24,21.1,71.48,11.18,357.74,20.23,79.51,11.8,20.23,79.51,22.2,68.72,11.5,23.12,62.84,11.12,357.74,0.08,0.14,0.0
1633.0,2024-02-13,15:41:30,1633.0,19.24,21.1,71.48,11.18,340.9,20.23,79.51,11.8,20.23,79.51,22.2,68.72,11.5,23.12,62.84,11.12,340.9,0.08,0.14,0.0
1634.0,2024-02-13,15:41:31,1634.0,19.24,21.1,71.48,11.18,309.85,20.23,79.51,11.8,20.23,79.51,22.2,68.72,11.5,23.12,62.84,11.12,309.85,0.07,0.13,0.0
1635.0,2024-02-13,15:41:32,1635.0,19.24,21.1,71.48,11.18,296.21,20.23,79.51,11.8,20.23,79.51,22.2,68.72,11.5,23.12,62.84,11.12,296.21,0.07,0.12,0.0
1636.0,2024-02-13,15:41:33,1636.0,19.23,21.09,71.54,11.18,274.66,20.24,79.36,11.78,20.24,79.36,22.17,68.9,11.51,23.12,62.81,11.11,274.66,0.06,0.11,0.0
1637.0,2024-02-13,15:41:34,1637.0,19.23,21.09,71.54,11.18,265.97,20.24,79.36,11.78,20.24,79.36,22.17,68.9,11.51,23.12,62.81,11.11,265.97,0.06,0.11,0.0
1638.0,2024-02-13,15:41:35,1638.0,19.23,21.07,71.62,11.18,251.75,20.24,79.25,11.76,20.24,79.25,22.15,69.04,11.52,23.13,62.76,11.11,251.75,0.05,0.11,0.0
1639.0,2024-02-13,15:41:36,1639.0,19.23,21.07,71.62,11.18,247.11,20.24,79.25,11.76,20.24,79.25,22.15,69.04,11.52,23.13,62.76,11.11,247.11,0.05,0.11,0.0
1640.0,2024-02-13,15:41:37,1640.0,19.23,21.07,71.62,11.18,241.35,20.24,79.25,11.76,20.24,79.25,22.15,69.04,11.52,23.13,62.76,11.11,241.35,0.05,0.1,0.0
1641.0,2024-02-13,15:41:38,1641.0,19.23,21.07,71.62,11.18,239.23,20.24,79.25,11.76,20.24,79.25,22.15,69.04,11.52,23.13,62.76,11.11,239.23,0.05,0.1,0.0
1642.0,2024-02-13,15:41:39,1642.0,19.22,21.05,71.7,11.18,235.13,20.24,79.13,11.75,20.24,79.13,22.14,69.1,11.52,23.13,62.71,11.1,235.13,0.05,0.1,0.0
1643.0,2024-02-13,15:41:40,1643.0,19.22,21.05,71.7,11.18,233.64,20.24,79.13,11.75,20.24,79.13,22.14,69.1,11.52,23.13,62.71,11.1,233.64,0.05,0.1,0.0
1644.0,2024-02-13,15:41:41,1644.0,19.21,21.03,71.83,11.18,230.44,20.24,79.01,11.73,20.24,79.01,22.14,69.12,11.53,23.13,62.68,11.09,230.44,0.05,0.1,0.0
1645.0,2024-02-13,15:41:42,1645.0,19.21,21.03,71.83,11.18,228.98,20.24,79.01,11.73,20.24,79.01,22.14,69.12,11.53,23.13,62.68,11.09,228.98,0.05,0.1,0.0
1646.0,2024-02-13,15:41:43,1646.0,19.21,21.03,71.83,11.18,226.72,20.24,79.01,11.73,20.24,79.01,22.14,69.12,11.53,23.13,62.68,11.09,226.72,0.05,0.1,0.0
1647.0,2024-02-13,15:41:44,1647.0,19.21,21.03,71.83,11.18,225.74,20.24,79.01,11.73,20.24,79.01,22.14,69.12,11.53,23.13,62.68,11.09,225.74,0.04,0.1,0.0
1648.0,2024-02-13,15:41:45,1648.0,19.19,21,71.95,11.19,224.31,20.24,78.93,11.72,20.24,78.93,22.14,69.13,11.53,23.13,62.65,11.09,224.31,0.04,0.1,0.0
1649.0,2024-02-13,15:41:46,1649.0,19.19,21,71.95,11.19,223.69,20.24,78.93,11.72,20.24,78.93,22.14,69.13,11.53,23.13,62.65,11.09,223.69,0.04,0.1,0.0
1650.0,2024-02-13,15:41:47,1650.0,19.19,20.98,72.07,11.19,222.48,20.24,78.84,11.71,20.24,78.84,22.15,69.09,11.53,23.14,62.61,11.08,222.48,0.04,0.1,0.0
1651.0,2024-02-13,15:41:48,1651.0,19.19,20.98,72.07,11.19,222.07,20.24,78.84,11.71,20.24,78.84,22.15,69.09,11.53,23.14,62.61,11.08,222.07,0.04,0.1,0.0
1652.0,2024-02-13,15:41:49,1652.0,19.19,20.98,72.07,11.19,221.43,20.24,78.84,11.71,20.24,78.84,22.15,69.09,11.53,23.14,62.61,11.08,221.43,0.04,0.1,0.0
1653.0,2024-02-13,15:41:50,1653.0,19.19,20.98,72.07,11.19,220.91,20.24,78.84,11.71,20.24,78.84,22.15,69.09,11.53,23.14,62.61,11.08,220.91,0.04,0.1,0.0
1654.0,2024-02-13,15:41:51,1654.0,19.18,20.97,72.16,11.2,220,20.24,78.75,11.69,20.24,78.75,22.14,69.14,11.53,23.13,62.57,11.07,220,0.04,0.1,0.0
1655.0,2024-02-13,15:41:52,1655.0,19.18,20.97,72.16,11.2,220.09,20.24,78.75,11.69,20.24,78.75,22.14,69.14,11.53,23.13,62.57,11.07,220.09,0.04,0.1,0.0
1656.0,2024-02-13,15:41:53,1656.0,19.17,20.95,72.25,11.2,219.37,20.24,78.69,11.68,20.24,78.69,22.13,69.2,11.53,23.14,62.55,11.08,219.37,0.04,0.1,0.0
1657.0,2024-02-13,15:41:54,1657.0,19.17,20.95,72.25,11.2,219.26,20.24,78.69,11.68,20.24,78.69,22.13,69.2,11.53,23.14,62.55,11.08,219.26,0.04,0.1,0.0
1658.0,2024-02-13,15:41:55,1658.0,19.17,20.95,72.25,11.2,219.32,20.24,78.69,11.68,20.24,78.69,22.13,69.2,11.53,23.14,62.55,11.08,219.32,0.04,0.1,0.0
1659.0,2024-02-13,15:41:56,1659.0,19.17,20.95,72.25,11.2,219.37,20.24,78.69,11.68,20.24,78.69,22.13,69.2,11.53,23.14,62.55,11.08,219.37,0.04,0.1,0.0
1660.0,2024-02-13,15:41:57,1660.0,19.16,20.93,72.33,11.2,219.28,20.24,78.63,11.67,20.24,78.63,22.12,69.24,11.53,23.14,62.54,11.08,219.28,0.04,0.11,0.0
1661.0,2024-02-13,15:41:58,1661.0,19.16,20.93,72.33,11.2,218.93,20.24,78.63,11.67,20.24,78.63,22.12,69.24,11.53,23.14,62.54,11.08,218.93,0.04,0.11,0.0
1662.0,2024-02-13,15:41:59,1662.0,19.14,20.91,72.44,11.2,219.02,20.23,78.59,11.66,20.23,78.59,22.11,69.3,11.54,23.14,62.52,11.07,219.02,0.04,0.11,0.0
1663.0,2024-02-13,15:42:00,1663.0,19.14,20.91,72.44,11.2,218.91,20.23,78.59,11.66,20.23,78.59,22.11,69.3,11.54,23.14,62.52,11.07,218.91,0.03,0.11,0.0
1664.0,2024-02-13,15:42:01,1664.0,19.14,20.91,72.44,11.2,218.99,20.23,78.59,11.66,20.23,78.59,22.11,69.3,11.54,23.14,62.52,11.07,218.99,0.03,0.11,0.0
1665.0,2024-02-13,15:42:02,1665.0,19.14,20.91,72.44,11.2,218.64,20.23,78.59,11.66,20.23,78.59,22.11,69.3,11.54,23.14,62.52,11.07,218.64,0.03,0.11,0.0
1666.0,2024-02-13,15:42:03,1666.0,19.13,20.89,72.52,11.2,218.99,20.23,78.51,11.65,20.23,78.51,22.09,69.45,11.55,23.15,62.5,11.07,218.99,0.03,0.11,0.0
1667.0,2024-02-13,15:42:04,1667.0,19.13,20.89,72.52,11.2,218.98,20.23,78.51,11.65,20.23,78.51,22.09,69.45,11.55,23.15,62.5,11.07,218.98,0.03,0.11,0.0
1668.0,2024-02-13,15:42:05,1668.0,19.12,20.88,72.58,11.2,219.03,20.23,78.45,11.64,20.23,78.45,22.06,69.67,11.57,23.15,62.46,11.07,219.03,0.03,0.11,0.0
1669.0,2024-02-13,15:42:06,1669.0,19.12,20.88,72.58,11.2,219.26,20.23,78.45,11.64,20.23,78.45,22.06,69.67,11.57,23.15,62.46,11.07,219.26,0.03,0.11,0.0
1670.0,2024-02-13,15:42:07,1670.0,19.12,20.88,72.58,11.2,219.35,20.23,78.45,11.64,20.23,78.45,22.06,69.67,11.57,23.15,62.46,11.07,219.35,0.03,0.11,0.0
1671.0,2024-02-13,15:42:08,1671.0,19.12,20.88,72.58,11.2,219.21,20.23,78.45,11.64,20.23,78.45,22.06,69.67,11.57,23.15,62.46,11.07,219.21,0.03,0.11,0.0
1672.0,2024-02-13,15:42:09,1672.0,19.12,20.86,72.71,11.21,219.48,20.22,78.42,11.63,20.22,78.42,22.05,69.74,11.57,23.15,62.44,11.06,219.48,0.03,0.11,0.0
1673.0,2024-02-13,15:42:10,1673.0,19.12,20.86,72.71,11.21,219.37,20.22,78.42,11.63,20.22,78.42,22.05,69.74,11.57,23.15,62.44,11.06,219.37,0.03,0.11,0.0
1674.0,2024-02-13,15:42:11,1674.0,19.11,20.84,72.78,11.2,219.23,20.22,78.41,11.62,20.22,78.41,22.05,69.75,11.57,23.15,62.43,11.06,219.23,0.03,0.11,0.0
1675.0,2024-02-13,15:42:12,1675.0,19.11,20.84,72.78,11.2,218.99,20.22,78.41,11.62,20.22,78.41,22.05,69.75,11.57,23.15,62.43,11.06,218.99,0.03,0.11,0.0
1676.0,2024-02-13,15:42:13,1676.0,19.11,20.84,72.78,11.2,218.9,20.22,78.41,11.62,20.22,78.41,22.05,69.75,11.57,23.15,62.43,11.06,218.9,0.03,0.11,0.0
1677.0,2024-02-13,15:42:14,1677.0,19.11,20.84,72.78,11.2,219.09,20.22,78.41,11.62,20.22,78.41,22.05,69.75,11.57,23.15,62.43,11.06,219.09,0.03,0.11,0.0
1678.0,2024-02-13,15:42:15,1678.0,19.1,20.82,72.9,11.21,218.94,20.21,78.37,11.61,20.21,78.37,22.05,69.7,11.56,23.15,62.42,11.06,218.94,0.03,0.12,0.0
1679.0,2024-02-13,15:42:16,1679.0,19.1,20.82,72.9,11.21,218.98,20.21,78.37,11.61,20.21,78.37,22.05,69.7,11.56,23.15,62.42,11.06,218.98,0.03,0.12,0.0
1680.0,2024-02-13,15:42:17,1680.0,19.1,20.82,72.9,11.21,218.98,20.21,78.37,11.61,20.21,78.37,22.05,69.7,11.56,23.15,62.42,11.06,218.98,0.03,0.12,0.0
1681.0,2024-02-13,15:42:18,1681.0,19.09,20.8,73.01,11.21,218.62,20.21,78.35,11.61,20.21,78.35,22.06,69.62,11.55,23.15,62.42,11.06,218.62,0.03,0.12,0.0
1682.0,2024-02-13,15:42:19,1682.0,19.09,20.8,73.01,11.21,218.49,20.21,78.35,11.61,20.21,78.35,22.06,69.62,11.55,23.15,62.42,11.06,218.49,0.03,0.12,0.0
1683.0,2024-02-13,15:42:20,1683.0,19.09,20.8,73.01,11.21,218.26,20.21,78.35,11.61,20.21,78.35,22.06,69.62,11.55,23.15,62.42,11.06,218.26,0.03,0.12,0.0
1684.0,2024-02-13,15:42:21,1684.0,19.09,20.78,73.09,11.21,218.31,20.2,78.33,11.6,20.2,78.33,22.07,69.52,11.54,23.15,62.41,11.06,218.31,0.03,0.12,0.0
1685.0,2024-02-13,15:42:22,1685.0,19.09,20.78,73.09,11.21,218.67,20.2,78.33,11.6,20.2,78.33,22.07,69.52,11.54,23.15,62.41,11.06,218.67,0.03,0.12,0.0
1686.0,2024-02-13,15:42:23,1686.0,19.09,20.78,73.09,11.21,218.67,20.2,78.33,11.6,20.2,78.33,22.07,69.52,11.54,23.15,62.41,11.06,218.67,0.03,0.12,0.0
1687.0,2024-02-13,15:42:24,1687.0,19.09,20.76,73.18,11.21,218.66,20.2,78.3,11.59,20.2,78.3,22.07,69.53,11.55,23.15,62.41,11.06,218.66,0.03,0.12,0.0
1688.0,2024-02-13,15:42:25,1688.0,19.09,20.76,73.18,11.21,219.06,20.2,78.3,11.59,20.2,78.3,22.07,69.53,11.55,23.15,62.41,11.06,219.06,0.03,0.12,0.0
1689.0,2024-02-13,15:42:26,1689.0,19.09,20.76,73.18,11.21,219.06,20.2,78.3,11.59,20.2,78.3,22.07,69.53,11.55,23.15,62.41,11.06,219.06,0.03,0.12,0.0
1690.0,2024-02-13,15:42:27,1690.0,19.09,20.75,73.24,11.21,218.73,20.2,78.27,11.59,20.2,78.27,22.08,69.45,11.54,23.15,62.41,11.06,218.73,0.03,0.12,0.0
1691.0,2024-02-13,15:42:28,1691.0,19.09,20.75,73.24,11.21,218.73,20.2,78.27,11.59,20.2,78.27,22.08,69.45,11.54,23.15,62.41,11.06,218.73,0.03,0.12,0.0
1692.0,2024-02-13,15:42:29,1692.0,19.09,20.75,73.24,11.21,218.63,20.2,78.27,11.59,20.2,78.27,22.08,69.45,11.54,23.15,62.41,11.06,218.63,0.03,0.12,0.0
1693.0,2024-02-13,15:42:30,1693.0,19.1,20.74,73.32,11.21,218.75,20.19,78.27,11.58,20.19,78.27,22.09,69.4,11.54,23.16,62.39,11.06,218.75,0.03,0.12,0.0
1694.0,2024-02-13,15:42:31,1694.0,19.1,20.74,73.32,11.21,218.62,20.19,78.27,11.58,20.19,78.27,22.09,69.4,11.54,23.16,62.39,11.06,218.62,0.03,0.12,0.0
1695.0,2024-02-13,15:42:32,1695.0,19.1,20.74,73.32,11.21,218.3,20.19,78.27,11.58,20.19,78.27,22.09,69.4,11.54,23.16,62.39,11.06,218.3,0.03,0.12,0.0
1696.0,2024-02-13,15:42:33,1696.0,19.09,20.72,73.4,11.22,218.32,20.18,78.26,11.58,20.18,78.26,22.08,69.35,11.52,23.15,62.41,11.06,218.32,0.03,0.13,0.0
1697.0,2024-02-13,15:42:34,1697.0,19.09,20.72,73.4,11.22,218.28,20.18,78.26,11.58,20.18,78.26,22.08,69.35,11.52,23.15,62.41,11.06,218.28,0.03,0.13,0.0
1698.0,2024-02-13,15:42:35,1698.0,19.09,20.72,73.4,11.22,218.35,20.18,78.26,11.58,20.18,78.26,22.08,69.35,11.52,23.15,62.41,11.06,218.35,0.03,0.13,0.0
1699.0,2024-02-13,15:42:36,1699.0,19.09,20.71,73.5,11.22,218.63,20.18,78.28,11.58,20.18,78.28,22.09,69.31,11.52,23.16,62.4,11.06,218.63,0.03,0.13,0.0
1700.0,2024-02-13,15:42:37,1700.0,19.09,20.71,73.5,11.22,218.8,20.18,78.28,11.58,20.18,78.28,22.09,69.31,11.52,23.16,62.4,11.06,218.8,0.03,0.13,0.0
1701.0,2024-02-13,15:42:38,1701.0,19.09,20.71,73.5,11.22,219.02,20.18,78.28,11.58,20.18,78.28,22.09,69.31,11.52,23.16,62.4,11.06,219.02,0.03,0.13,0.0
1702.0,2024-02-13,15:42:39,1702.0,19.08,20.69,73.53,11.21,219.01,20.17,78.26,11.57,20.17,78.26,22.08,69.31,11.51,23.15,62.4,11.06,219.01,0.03,0.13,0.0
1703.0,2024-02-13,15:42:40,1703.0,19.08,20.69,73.53,11.21,218.99,20.17,78.26,11.57,20.17,78.26,22.08,69.31,11.51,23.15,62.4,11.06,218.99,0.03,0.13,0.0
1704.0,2024-02-13,15:42:41,1704.0,19.08,20.69,73.53,11.21,218.87,20.17,78.26,11.57,20.17,78.26,22.08,69.31,11.51,23.15,62.4,11.06,218.87,0.03,0.13,0.0
1705.0,2024-02-13,15:42:42,1705.0,19.07,20.67,73.62,11.22,219.01,20.17,78.24,11.56,20.17,78.24,22.07,69.35,11.52,23.16,62.41,11.06,219.01,0.03,0.13,0.0
1706.0,2024-02-13,15:42:43,1706.0,19.07,20.67,73.62,11.22,219.34,20.17,78.24,11.56,20.17,78.24,22.07,69.35,11.52,23.16,62.41,11.06,219.34,0.03,0.13,0.0
1707.0,2024-02-13,15:42:44,1707.0,19.07,20.67,73.62,11.22,219.34,20.17,78.24,11.56,20.17,78.24,22.07,69.35,11.52,23.16,62.41,11.06,219.34,0.03,0.13,0.0
1708.0,2024-02-13,15:42:45,1708.0,19.06,20.66,73.69,11.22,219.45,20.16,78.26,11.56,20.16,78.26,22.06,69.35,11.51,23.15,62.42,11.06,219.45,0.03,0.13,0.0
1709.0,2024-02-13,15:42:46,1709.0,19.06,20.66,73.69,11.22,219.32,20.16,78.26,11.56,20.16,78.26,22.06,69.35,11.51,23.15,62.42,11.06,219.32,0.03,0.13,0.0
1710.0,2024-02-13,15:42:47,1710.0,19.06,20.66,73.69,11.22,219.36,20.16,78.26,11.56,20.16,78.26,22.06,69.35,11.51,23.15,62.42,11.06,219.36,0.03,0.13,0.0
1711.0,2024-02-13,15:42:48,1711.0,19.06,20.65,73.7,11.21,219.7,20.16,78.25,11.56,20.16,78.25,22.08,69.3,11.51,23.16,62.44,11.07,219.7,0.03,0.13,0.0
1712.0,2024-02-13,15:42:49,1712.0,19.06,20.65,73.7,11.21,219.72,20.16,78.25,11.56,20.16,78.25,22.08,69.3,11.51,23.16,62.44,11.07,219.72,0.03,0.13,0.0
1713.0,2024-02-13,15:42:50,1713.0,19.06,20.64,73.79,11.22,219.78,20.15,78.25,11.55,20.15,78.25,22.07,69.31,11.51,23.15,62.44,11.06,219.78,0.03,0.13,0.0
1714.0,2024-02-13,15:42:51,1714.0,19.06,20.64,73.79,11.22,220.01,20.15,78.25,11.55,20.15,78.25,22.07,69.31,11.51,23.15,62.44,11.06,220.01,0.03,0.13,0.0
1715.0,2024-02-13,15:42:52,1715.0,19.06,20.64,73.79,11.22,220.11,20.15,78.25,11.55,20.15,78.25,22.07,69.31,11.51,23.15,62.44,11.06,220.11,0.03,0.13,0.0
1716.0,2024-02-13,15:42:53,1716.0,19.06,20.64,73.79,11.22,220.03,20.15,78.25,11.55,20.15,78.25,22.07,69.31,11.51,23.15,62.44,11.06,220.03,0.03,0.13,0.0
1717.0,2024-02-13,15:42:54,1717.0,19.06,20.62,73.84,11.22,220.05,20.15,78.24,11.55,20.15,78.24,22.07,69.37,11.52,23.15,62.43,11.06,220.05,0.03,0.13,0.0
1718.0,2024-02-13,15:42:55,1718.0,19.06,20.62,73.84,11.22,219.61,20.15,78.24,11.55,20.15,78.24,22.07,69.37,11.52,23.15,62.43,11.06,219.61,0.03,0.13,0.0
1719.0,2024-02-13,15:42:56,1719.0,19.05,20.61,73.93,11.22,219.62,20.14,78.22,11.54,20.14,78.22,22.08,69.28,11.51,23.15,62.42,11.06,219.62,0.03,0.13,0.0
1720.0,2024-02-13,15:42:57,1720.0,19.05,20.61,73.93,11.22,219.75,20.14,78.22,11.54,20.14,78.22,22.08,69.28,11.51,23.15,62.42,11.06,219.75,0.02,0.13,0.0
1721.0,2024-02-13,15:42:58,1721.0,19.05,20.61,73.93,11.22,219.28,20.14,78.22,11.54,20.14,78.22,22.08,69.28,11.51,23.15,62.42,11.06,219.28,0.02,0.13,0.0
1722.0,2024-02-13,15:42:59,1722.0,19.05,20.61,73.93,11.22,219.4,20.14,78.22,11.54,20.14,78.22,22.08,69.28,11.51,23.15,62.42,11.06,219.4,0.02,0.13,0.0
1723.0,2024-02-13,15:43:00,1723.0,19.06,20.61,73.95,11.22,219.4,20.15,78.23,11.54,20.15,78.23,22.09,69.29,11.52,23.16,62.42,11.07,219.4,0.03,0.14,0.0
1724.0,2024-02-13,15:43:01,1724.0,19.06,20.61,73.95,11.22,219.26,20.15,78.23,11.54,20.15,78.23,22.09,69.29,11.52,23.16,62.42,11.07,219.26,0.03,0.14,0.0
1725.0,2024-02-13,15:43:02,1725.0,19.06,20.59,74.04,11.23,219.24,20.14,78.24,11.54,20.14,78.24,22.1,69.43,11.55,23.16,62.42,11.07,219.24,0.03,0.14,0.0
1726.0,2024-02-13,15:43:03,1726.0,19.06,20.59,74.04,11.23,219.24,20.14,78.24,11.54,20.14,78.24,22.1,69.43,11.55,23.16,62.42,11.07,219.24,0.03,0.14,0.0
1727.0,2024-02-13,15:43:04,1727.0,19.06,20.59,74.04,11.23,218.99,20.14,78.24,11.54,20.14,78.24,22.1,69.43,11.55,23.16,62.42,11.07,218.99,0.03,0.14,0.0
1728.0,2024-02-13,15:43:05,1728.0,19.06,20.59,74.04,11.23,219.26,20.14,78.24,11.54,20.14,78.24,22.1,69.43,11.55,23.16,62.42,11.07,219.26,0.03,0.14,0.0
1729.0,2024-02-13,15:43:06,1729.0,19.06,20.58,74.11,11.23,219.07,20.14,78.25,11.54,20.14,78.25,22.11,69.74,11.61,23.16,62.41,11.06,219.07,0.03,0.14,0.0
1730.0,2024-02-13,15:43:07,1730.0,19.06,20.58,74.11,11.23,219.06,20.14,78.25,11.54,20.14,78.25,22.11,69.74,11.61,23.16,62.41,11.06,219.06,0.03,0.14,0.0
1731.0,2024-02-13,15:43:08,1731.0,19.06,20.58,74.11,11.23,219.33,20.14,78.25,11.54,20.14,78.25,22.11,69.74,11.61,23.16,62.41,11.06,219.33,0.03,0.14,0.0
1732.0,2024-02-13,15:43:09,1732.0,19.06,20.57,74.16,11.23,219.43,20.14,78.23,11.54,20.14,78.23,22.11,70.06,11.67,23.16,62.4,11.06,219.43,0.03,0.14,0.0
1733.0,2024-02-13,15:43:10,1733.0,19.06,20.57,74.16,11.23,219.3,20.14,78.23,11.54,20.14,78.23,22.11,70.06,11.67,23.16,62.4,11.06,219.3,0.03,0.14,0.0
1734.0,2024-02-13,15:43:11,1734.0,19.06,20.57,74.16,11.23,219.3,20.14,78.23,11.54,20.14,78.23,22.11,70.06,11.67,23.16,62.4,11.06,219.3,0.03,0.14,0.0
1735.0,2024-02-13,15:43:12,1735.0,19.05,20.55,74.22,11.22,219.39,20.13,78.24,11.53,20.13,78.24,22.12,70.2,11.7,23.15,62.42,11.06,219.39,0.03,0.14,0.0
1736.0,2024-02-13,15:43:13,1736.0,19.05,20.55,74.22,11.22,219.37,20.13,78.24,11.53,20.13,78.24,22.12,70.2,11.7,23.15,62.42,11.06,219.37,0.03,0.14,0.0
1737.0,2024-02-13,15:43:14,1737.0,19.05,20.55,74.22,11.22,219.19,20.13,78.24,11.53,20.13,78.24,22.12,70.2,11.7,23.15,62.42,11.06,219.19,0.03,0.14,0.0
1738.0,2024-02-13,15:43:15,1738.0,19.06,20.55,74.27,11.23,219.29,20.13,78.26,11.54,20.13,78.26,22.12,70.35,11.72,23.16,62.45,11.07,219.29,0.03,0.14,0.0
1739.0,2024-02-13,15:43:16,1739.0,19.06,20.55,74.27,11.23,219.39,20.13,78.26,11.54,20.13,78.26,22.12,70.35,11.72,23.16,62.45,11.07,219.39,0.03,0.14,0.0
1740.0,2024-02-13,15:43:17,1740.0,19.06,20.54,74.35,11.23,219.32,20.13,78.25,11.53,20.13,78.25,22.12,70.57,11.76,23.16,62.46,11.08,219.32,0.03,0.14,0.0
1741.0,2024-02-13,15:43:18,1741.0,19.06,20.54,74.35,11.23,219.3,20.13,78.25,11.53,20.13,78.25,22.12,70.57,11.76,23.16,62.46,11.08,219.3,0.03,0.14,0.0
1742.0,2024-02-13,15:43:19,1742.0,19.06,20.54,74.35,11.23,219.76,20.13,78.25,11.53,20.13,78.25,22.12,70.57,11.76,23.16,62.46,11.08,219.76,0.03,0.14,0.0
1743.0,2024-02-13,15:43:20,1743.0,19.06,20.54,74.35,11.23,219.62,20.13,78.25,11.53,20.13,78.25,22.12,70.57,11.76,23.16,62.46,11.08,219.62,0.03,0.14,0.0
1744.0,2024-02-13,15:43:21,1744.0,19.06,20.53,74.38,11.23,219.77,20.13,78.24,11.53,20.13,78.24,22.12,70.75,11.79,23.16,62.48,11.08,219.77,0.03,0.14,0.0
1745.0,2024-02-13,15:43:22,1745.0,19.06,20.53,74.38,11.23,219.61,20.13,78.24,11.53,20.13,78.24,22.12,70.75,11.79,23.16,62.48,11.08,219.61,0.03,0.14,0.0
1746.0,2024-02-13,15:43:23,1746.0,19.06,20.52,74.47,11.24,220.01,20.12,78.25,11.53,20.12,78.25,22.13,70.78,11.8,23.16,62.49,11.08,220.01,0.03,0.14,0.0
1747.0,2024-02-13,15:43:24,1747.0,19.06,20.52,74.47,11.24,219.66,20.12,78.25,11.53,20.12,78.25,22.13,70.78,11.8,23.16,62.49,11.08,219.66,0.02,0.14,0.0
1748.0,2024-02-13,15:43:25,1748.0,19.06,20.52,74.47,11.24,219.7,20.12,78.25,11.53,20.12,78.25,22.13,70.78,11.8,23.16,62.49,11.08,219.7,0.02,0.14,0.0
1749.0,2024-02-13,15:43:26,1749.0,19.06,20.52,74.47,11.24,219.4,20.12,78.25,11.53,20.12,78.25,22.13,70.78,11.8,23.16,62.49,11.08,219.4,0.02,0.14,0.0
1750.0,2024-02-13,15:43:27,1750.0,19.07,20.51,74.54,11.24,219.38,20.12,78.27,11.53,20.12,78.27,22.14,70.76,11.81,23.16,62.51,11.09,219.38,0.02,0.14,0.0
1751.0,2024-02-13,15:43:28,1751.0,19.07,20.51,74.54,11.24,219.37,20.12,78.27,11.53,20.12,78.27,22.14,70.76,11.81,23.16,62.51,11.09,219.37,0.02,0.14,0.0
1752.0,2024-02-13,15:43:29,1752.0,19.07,20.51,74.54,11.24,219.33,20.12,78.27,11.53,20.12,78.27,22.14,70.76,11.81,23.16,62.51,11.09,219.33,0.02,0.14,0.0
1753.0,2024-02-13,15:43:30,1753.0,19.08,20.5,74.58,11.24,218.92,20.11,78.31,11.53,20.11,78.31,22.14,70.82,11.82,23.16,62.54,11.09,218.92,0.02,0.14,0.0
1754.0,2024-02-13,15:43:31,1754.0,19.08,20.5,74.58,11.24,219.29,20.11,78.31,11.53,20.11,78.31,22.14,70.82,11.82,23.16,62.54,11.09,219.29,0.03,0.15,0.0
1755.0,2024-02-13,15:43:32,1755.0,19.08,20.5,74.58,11.24,218.9,20.11,78.31,11.53,20.11,78.31,22.14,70.82,11.82,23.16,62.54,11.09,218.9,0.03,0.15,0.0
1756.0,2024-02-13,15:43:33,1756.0,19.08,20.49,74.59,11.24,218.91,20.11,78.33,11.53,20.11,78.33,22.14,70.86,11.82,23.16,62.56,11.09,218.91,0.03,0.15,0.0
1757.0,2024-02-13,15:43:34,1757.0,19.08,20.49,74.59,11.24,218.99,20.11,78.33,11.53,20.11,78.33,22.14,70.86,11.82,23.16,62.56,11.09,218.99,0.03,0.15,0.0
1758.0,2024-02-13,15:43:35,1758.0,19.08,20.49,74.59,11.24,218.65,20.11,78.33,11.53,20.11,78.33,22.14,70.86,11.82,23.16,62.56,11.09,218.65,0.03,0.15,0.0
1759.0,2024-02-13,15:43:36,1759.0,19.09,20.48,74.63,11.24,218.61,20.11,78.33,11.53,20.11,78.33,22.14,70.88,11.83,23.16,62.58,11.1,218.61,0.03,0.15,0.0
1760.0,2024-02-13,15:43:37,1760.0,19.09,20.48,74.63,11.24,218.55,20.11,78.33,11.53,20.11,78.33,22.14,70.88,11.83,23.16,62.58,11.1,218.55,0.03,0.15,0.0
1761.0,2024-02-13,15:43:38,1761.0,19.1,20.48,74.67,11.24,218.41,20.11,78.36,11.53,20.11,78.36,22.14,70.89,11.83,23.17,62.6,11.1,218.41,0.03,0.15,0.0
1762.0,2024-02-13,15:43:39,1762.0,19.1,20.48,74.67,11.24,218.2,20.11,78.36,11.53,20.11,78.36,22.14,70.89,11.83,23.17,62.6,11.1,218.2,0.03,0.15,0.0
1763.0,2024-02-13,15:43:40,1763.0,19.1,20.48,74.67,11.24,218.3,20.11,78.36,11.53,20.11,78.36,22.14,70.89,11.83,23.17,62.6,11.1,218.3,0.03,0.15,0.0
1764.0,2024-02-13,15:43:41,1764.0,19.1,20.48,74.67,11.24,218.29,20.11,78.36,11.53,20.11,78.36,22.14,70.89,11.83,23.17,62.6,11.1,218.29,0.03,0.15,0.0
1765.0,2024-02-13,15:43:42,1765.0,19.09,20.47,74.74,11.24,218.72,20.1,78.4,11.53,20.1,78.4,22.16,70.7,11.81,23.16,62.61,11.1,218.72,0.03,0.15,0.0
1766.0,2024-02-13,15:43:43,1766.0,19.09,20.47,74.74,11.24,218.35,20.1,78.4,11.53,20.1,78.4,22.16,70.7,11.81,23.16,62.61,11.1,218.35,0.03,0.15,0.0
1767.0,2024-02-13,15:43:44,1767.0,19.09,20.46,74.78,11.25,218.68,20.1,78.42,11.53,20.1,78.42,22.17,70.5,11.79,23.17,62.63,11.11,218.68,0.03,0.15,0.0
1768.0,2024-02-13,15:43:45,1768.0,19.09,20.46,74.78,11.25,218.77,20.1,78.42,11.53,20.1,78.42,22.17,70.5,11.79,23.17,62.63,11.11,218.77,0.03,0.15,0.0
1769.0,2024-02-13,15:43:46,1769.0,19.09,20.46,74.78,11.25,218.94,20.1,78.42,11.53,20.1,78.42,22.17,70.5,11.79,23.17,62.63,11.11,218.94,0.03,0.15,0.0
1770.0,2024-02-13,15:43:47,1770.0,19.09,20.46,74.78,11.25,218.97,20.1,78.42,11.53,20.1,78.42,22.17,70.5,11.79,23.17,62.63,11.11,218.97,0.03,0.15,0.0
1771.0,2024-02-13,15:43:48,1771.0,19.08,20.46,74.81,11.25,218.95,20.09,78.45,11.54,20.09,78.45,22.18,70.31,11.76,23.17,62.64,11.11,218.95,0.03,0.15,0.0
1772.0,2024-02-13,15:43:49,1772.0,19.08,20.46,74.81,11.25,218.99,20.09,78.45,11.54,20.09,78.45,22.18,70.31,11.76,23.17,62.64,11.11,218.99,0.03,0.15,0.0
1773.0,2024-02-13,15:43:50,1773.0,19.08,20.46,74.81,11.25,219.06,20.09,78.45,11.54,20.09,78.45,22.18,70.31,11.76,23.17,62.64,11.11,219.06,0.03,0.15,0.0
1774.0,2024-02-13,15:43:51,1774.0,19.07,20.45,74.88,11.25,218.87,20.09,78.45,11.54,20.09,78.45,22.19,70.13,11.73,23.17,62.67,11.12,218.87,0.03,0.15,0.0
1775.0,2024-02-13,15:43:52,1775.0,19.07,20.45,74.88,11.25,218.83,20.09,78.45,11.54,20.09,78.45,22.19,70.13,11.73,23.17,62.67,11.12,218.83,0.03,0.15,0.0
1776.0,2024-02-13,15:43:53,1776.0,19.06,20.44,74.9,11.25,218.97,20.08,78.49,11.54,20.08,78.49,22.2,69.88,11.7,23.17,62.67,11.12,218.97,0.03,0.15,0.0
1777.0,2024-02-13,15:43:54,1777.0,19.06,20.44,74.9,11.25,219.17,20.08,78.49,11.54,20.08,78.49,22.2,69.88,11.7,23.17,62.67,11.12,219.17,0.03,0.15,0.0
1778.0,2024-02-13,15:43:55,1778.0,19.06,20.44,74.9,11.25,219.05,20.08,78.49,11.54,20.08,78.49,22.2,69.88,11.7,23.17,62.67,11.12,219.05,0.03,0.15,0.0
1779.0,2024-02-13,15:43:56,1779.0,19.06,20.44,74.9,11.25,219.09,20.08,78.49,11.54,20.08,78.49,22.2,69.88,11.7,23.17,62.67,11.12,219.09,0.03,0.15,0.0
1780.0,2024-02-13,15:43:57,1780.0,19.06,20.44,74.99,11.26,218.96,20.09,78.48,11.54,20.09,78.48,22.22,69.69,11.68,23.17,62.68,11.12,218.96,0.03,0.15,0.0
1781.0,2024-02-13,15:43:58,1781.0,19.06,20.44,74.99,11.26,219.31,20.09,78.48,11.54,20.09,78.48,22.22,69.69,11.68,23.17,62.68,11.12,219.31,0.03,0.15,0.0
1782.0,2024-02-13,15:43:59,1782.0,19.06,20.42,75.05,11.26,219.3,20.08,78.52,11.54,20.08,78.52,22.22,69.52,11.65,23.18,62.7,11.13,219.3,0.03,0.15,0.0
1783.0,2024-02-13,15:44:00,1783.0,19.06,20.42,75.05,11.26,219.29,20.08,78.52,11.54,20.08,78.52,22.22,69.52,11.65,23.18,62.7,11.13,219.29,0.03,0.15,0.0
1784.0,2024-02-13,15:44:01,1784.0,19.06,20.42,75.05,11.26,219.34,20.08,78.52,11.54,20.08,78.52,22.22,69.52,11.65,23.18,62.7,11.13,219.34,0.03,0.15,0.0
1785.0,2024-02-13,15:44:02,1785.0,19.06,20.42,75.05,11.26,219.44,20.08,78.52,11.54,20.08,78.52,22.22,69.52,11.65,23.18,62.7,11.13,219.44,0.03,0.15,0.0
1786.0,2024-02-13,15:44:03,1786.0,19.06,20.41,75.13,11.27,219.32,20.08,78.54,11.54,20.08,78.54,22.22,69.4,11.63,23.17,62.69,11.13,219.32,0.03,0.15,0.0
1787.0,2024-02-13,15:44:04,1787.0,19.06,20.41,75.13,11.27,219.33,20.08,78.54,11.54,20.08,78.54,22.22,69.4,11.63,23.17,62.69,11.13,219.33,0.03,0.15,0.0
1788.0,2024-02-13,15:44:05,1788.0,19.06,20.41,75.13,11.27,219.32,20.08,78.54,11.54,20.08,78.54,22.22,69.4,11.63,23.17,62.69,11.13,219.32,0.03,0.15,0.0
1789.0,2024-02-13,15:44:06,1789.0,19.06,20.4,75.2,11.27,219.38,20.08,78.55,11.54,20.08,78.55,22.22,69.28,11.61,23.17,62.69,11.13,219.38,0.03,0.15,0.0
1790.0,2024-02-13,15:44:07,1790.0,19.06,20.4,75.2,11.27,219.34,20.08,78.55,11.54,20.08,78.55,22.22,69.28,11.61,23.17,62.69,11.13,219.34,0.03,0.15,0.0
1791.0,2024-02-13,15:44:08,1791.0,19.06,20.4,75.2,11.27,219.31,20.08,78.55,11.54,20.08,78.55,22.22,69.28,11.61,23.17,62.69,11.13,219.31,0.03,0.15,0.0
1792.0,2024-02-13,15:44:09,1792.0,19.06,20.4,75.24,11.27,219.28,20.08,78.6,11.55,20.08,78.6,22.22,69.2,11.6,23.18,62.69,11.13,219.28,0.03,0.15,0.0
1793.0,2024-02-13,15:44:10,1793.0,19.06,20.4,75.24,11.27,219.3,20.08,78.6,11.55,20.08,78.6,22.22,69.2,11.6,23.18,62.69,11.13,219.3,0.03,0.15,0.0
1794.0,2024-02-13,15:44:11,1794.0,19.06,20.4,75.24,11.27,219.41,20.08,78.6,11.55,20.08,78.6,22.22,69.2,11.6,23.18,62.69,11.13,219.41,0.03,0.15,0.0
1795.0,2024-02-13,15:44:12,1795.0,19.07,20.39,75.31,11.28,219.3,20.07,78.61,11.55,20.07,78.61,22.21,69.2,11.59,23.18,62.68,11.12,219.3,0.03,0.15,0.0
1796.0,2024-02-13,15:44:13,1796.0,19.07,20.39,75.31,11.28,219.36,20.07,78.61,11.55,20.07,78.61,22.21,69.2,11.59,23.18,62.68,11.12,219.36,0.03,0.15,0.0
1797.0,2024-02-13,15:44:14,1797.0,19.07,20.39,75.31,11.28,219.3,20.07,78.61,11.55,20.07,78.61,22.21,69.2,11.59,23.18,62.68,11.12,219.3,0.03,0.15,0.0
1798.0,2024-02-13,15:44:15,1798.0,19.07,20.39,75.31,11.27,219.42,20.07,78.61,11.55,20.07,78.61,22.2,69.21,11.59,23.18,62.68,11.13,219.42,0.03,0.15,0.0
1799.0,2024-02-13,15:44:16,1799.0,19.07,20.39,75.31,11.27,219.47,20.07,78.61,11.55,20.07,78.61,22.2,69.21,11.59,23.18,62.68,11.13,219.47,0.03,0.15,0.0
1800.0,2024-02-13,15:44:17,1800.0,19.07,20.39,75.31,11.27,218.98,20.07,78.61,11.55,20.07,78.61,22.2,69.21,11.59,23.18,62.68,11.13,218.98,0.03,0.15,0.0
1801.0,2024-02-13,15:44:18,1801.0,19.07,20.38,75.34,11.28,218.67,20.07,78.61,11.54,20.07,78.61,22.2,69.13,11.57,23.18,62.66,11.12,218.67,0.03,0.15,0.0
1802.0,2024-02-13,15:44:19,1802.0,19.07,20.38,75.34,11.28,218.6,20.07,78.61,11.54,20.07,78.61,22.2,69.13,11.57,23.18,62.66,11.12,218.6,0.03,0.15,0.0
1803.0,2024-02-13,15:44:20,1803.0,19.06,20.38,75.36,11.27,218.38,20.06,78.64,11.54,20.06,78.64,22.2,69.03,11.55,23.18,62.66,11.12,218.38,0.03,0.15,0.0
1804.0,2024-02-13,15:44:21,1804.0,19.06,20.38,75.36,11.27,218.43,20.06,78.64,11.54,20.06,78.64,22.2,69.03,11.55,23.18,62.66,11.12,218.43,0.03,0.15,0.0
1805.0,2024-02-13,15:44:22,1805.0,19.06,20.38,75.36,11.27,218.39,20.06,78.64,11.54,20.06,78.64,22.2,69.03,11.55,23.18,62.66,11.12,218.39,0.03,0.15,0.0
1806.0,2024-02-13,15:44:23,1806.0,19.06,20.38,75.36,11.27,218.35,20.06,78.64,11.54,20.06,78.64,22.2,69.03,11.55,23.18,62.66,11.12,218.35,0.03,0.15,0.0
1807.0,2024-02-13,15:44:24,1807.0,19.06,20.37,75.36,11.27,218.34,20.06,78.65,11.54,20.06,78.65,22.2,68.97,11.54,23.18,62.65,11.12,218.34,0.03,0.15,0.0
1808.0,2024-02-13,15:44:25,1808.0,19.06,20.37,75.36,11.27,218.66,20.06,78.65,11.54,20.06,78.65,22.2,68.97,11.54,23.18,62.65,11.12,218.66,0.03,0.15,0.0
1809.0,2024-02-13,15:44:26,1809.0,19.06,20.37,75.34,11.27,218.75,20.06,78.66,11.54,20.06,78.66,22.18,68.98,11.53,23.18,62.68,11.13,218.75,0.03,0.15,0.0
1810.0,2024-02-13,15:44:27,1810.0,19.06,20.37,75.34,11.27,218.59,20.06,78.66,11.54,20.06,78.66,22.18,68.98,11.53,23.18,62.68,11.13,218.59,0.03,0.16,0.0
1811.0,2024-02-13,15:44:28,1811.0,19.06,20.37,75.34,11.27,218.95,20.06,78.66,11.54,20.06,78.66,22.18,68.98,11.53,23.18,62.68,11.13,218.95,0.03,0.16,0.0
1812.0,2024-02-13,15:44:29,1812.0,19.06,20.37,75.34,11.27,219.07,20.06,78.66,11.54,20.06,78.66,22.18,68.98,11.53,23.18,62.68,11.13,219.07,0.03,0.16,0.0
1813.0,2024-02-13,15:44:30,1813.0,19.05,20.37,75.38,11.27,218.94,20.05,78.69,11.54,20.05,78.69,22.17,69.04,11.54,23.18,62.67,11.13,218.94,0.03,0.16,0.0
1814.0,2024-02-13,15:44:31,1814.0,19.05,20.37,75.38,11.27,219.01,20.05,78.69,11.54,20.05,78.69,22.17,69.04,11.54,23.18,62.67,11.13,219.01,0.03,0.16,0.0
1815.0,2024-02-13,15:44:32,1815.0,19.05,20.37,75.38,11.27,219.05,20.05,78.69,11.54,20.05,78.69,22.17,69.04,11.54,23.18,62.67,11.13,219.05,0.03,0.16,0.0
1816.0,2024-02-13,15:44:33,1816.0,19.04,20.36,75.4,11.27,219,20.05,78.68,11.54,20.05,78.68,22.17,69.03,11.53,23.18,62.68,11.13,219,0.03,0.16,0.0
1817.0,2024-02-13,15:44:34,1817.0,19.04,20.36,75.4,11.27,218.97,20.05,78.68,11.54,20.05,78.68,22.17,69.03,11.53,23.18,62.68,11.13,218.97,0.03,0.16,0.0
1818.0,2024-02-13,15:44:35,1818.0,19.04,20.36,75.4,11.27,219.07,20.05,78.68,11.54,20.05,78.68,22.17,69.03,11.53,23.18,62.68,11.13,219.07,0.03,0.16,0.0
1819.0,2024-02-13,15:44:36,1819.0,19.05,20.36,75.43,11.27,218.68,20.05,78.69,11.54,20.05,78.69,22.16,68.99,11.52,23.18,62.7,11.13,218.68,0.03,0.16,0.0
1820.0,2024-02-13,15:44:37,1820.0,19.05,20.36,75.43,11.27,218.65,20.05,78.69,11.54,20.05,78.69,22.16,68.99,11.52,23.18,62.7,11.13,218.65,0.03,0.16,0.0
1821.0,2024-02-13,15:44:38,1821.0,19.05,20.35,75.48,11.28,218.67,20.05,78.74,11.55,20.05,78.74,22.16,68.99,11.52,23.18,62.72,11.14,218.67,0.03,0.16,0.0
1822.0,2024-02-13,15:44:39,1822.0,19.05,20.35,75.48,11.28,218.77,20.05,78.74,11.55,20.05,78.74,22.16,68.99,11.52,23.18,62.72,11.14,218.77,0.03,0.16,0.0
1823.0,2024-02-13,15:44:40,1823.0,19.05,20.35,75.48,11.28,218.71,20.05,78.74,11.55,20.05,78.74,22.16,68.99,11.52,23.18,62.72,11.14,218.71,0.03,0.16,0.0
1824.0,2024-02-13,15:44:41,1824.0,19.05,20.35,75.48,11.28,218.55,20.05,78.74,11.55,20.05,78.74,22.16,68.99,11.52,23.18,62.72,11.14,218.55,0.03,0.16,0.0
1825.0,2024-02-13,15:44:42,1825.0,19.06,20.35,75.46,11.27,218.65,20.04,78.75,11.55,20.04,78.75,22.14,69.03,11.51,23.19,62.75,11.14,218.65,0.03,0.16,0.0
1826.0,2024-02-13,15:44:43,1826.0,19.06,20.35,75.46,11.27,218.77,20.04,78.75,11.55,20.04,78.75,22.14,69.03,11.51,23.19,62.75,11.14,218.77,0.03,0.16,0.0
1827.0,2024-02-13,15:44:44,1827.0,19.06,20.35,75.46,11.27,218.59,20.04,78.75,11.55,20.04,78.75,22.14,69.03,11.51,23.19,62.75,11.14,218.59,0.03,0.16,0.0
1828.0,2024-02-13,15:44:45,1828.0,19.05,20.35,75.45,11.27,218.93,20.04,78.79,11.55,20.04,78.79,22.12,69.1,11.51,23.19,62.75,11.14,218.93,0.03,0.16,0.0
1829.0,2024-02-13,15:44:46,1829.0,19.05,20.35,75.45,11.27,218.99,20.04,78.79,11.55,20.04,78.79,22.12,69.1,11.51,23.19,62.75,11.14,218.99,0.03,0.16,0.0
1830.0,2024-02-13,15:44:47,1830.0,19.05,20.34,75.49,11.27,219.34,20.03,78.82,11.55,20.03,78.82,22.1,69.18,11.51,23.19,62.77,11.15,219.34,0.03,0.16,0.0
1831.0,2024-02-13,15:44:48,1831.0,19.05,20.34,75.49,11.27,219.28,20.03,78.82,11.55,20.03,78.82,22.1,69.18,11.51,23.19,62.77,11.15,219.28,0.03,0.16,0.0
1832.0,2024-02-13,15:44:49,1832.0,19.05,20.34,75.49,11.27,219.34,20.03,78.82,11.55,20.03,78.82,22.1,69.18,11.51,23.19,62.77,11.15,219.34,0.03,0.16,0.0
1833.0,2024-02-13,15:44:50,1833.0,19.05,20.34,75.49,11.27,219.26,20.03,78.82,11.55,20.03,78.82,22.1,69.18,11.51,23.19,62.77,11.15,219.26,0.03,0.16,0.0
1834.0,2024-02-13,15:44:51,1834.0,19.04,20.34,75.53,11.27,219.01,20.03,78.85,11.55,20.03,78.85,22.09,69.23,11.51,23.18,62.77,11.15,219.01,0.03,0.16,0.0
1835.0,2024-02-13,15:44:52,1835.0,19.04,20.34,75.53,11.27,218.83,20.03,78.85,11.55,20.03,78.85,22.09,69.23,11.51,23.18,62.77,11.15,218.83,0.03,0.16,0.0
1836.0,2024-02-13,15:44:53,1836.0,19.03,20.33,75.6,11.28,219.01,20.02,78.87,11.55,20.02,78.87,22.07,69.21,11.49,23.18,62.76,11.14,219.01,0.03,0.16,0.0
1837.0,2024-02-13,15:44:54,1837.0,19.03,20.33,75.6,11.28,218.99,20.02,78.87,11.55,20.02,78.87,22.07,69.21,11.49,23.18,62.76,11.14,218.99,0.03,0.16,0.0
1838.0,2024-02-13,15:44:55,1838.0,19.03,20.33,75.6,11.28,219.09,20.02,78.87,11.55,20.02,78.87,22.07,69.21,11.49,23.18,62.76,11.14,219.09,0.03,0.16,0.0
1839.0,2024-02-13,15:44:56,1839.0,19.03,20.33,75.6,11.28,219.36,20.02,78.87,11.55,20.02,78.87,22.07,69.21,11.49,23.18,62.76,11.14,219.36,0.03,0.16,0.0
1840.0,2024-02-13,15:44:57,1840.0,19.02,20.32,75.61,11.28,219.47,20.02,78.89,11.55,20.02,78.89,22.07,69.18,11.49,23.19,62.74,11.14,219.47,0.03,0.16,0.0
1841.0,2024-02-13,15:44:58,1841.0,19.02,20.32,75.61,11.28,219.38,20.02,78.89,11.55,20.02,78.89,22.07,69.18,11.49,23.19,62.74,11.14,219.38,0.03,0.16,0.0
1842.0,2024-02-13,15:44:59,1842.0,19.02,20.32,75.61,11.28,219.35,20.02,78.89,11.55,20.02,78.89,22.07,69.18,11.49,23.19,62.74,11.14,219.35,0.03,0.16,0.0
1843.0,2024-02-13,15:45:00,1843.0,19.01,20.31,75.7,11.28,219.33,20.02,78.9,11.55,20.02,78.9,22.06,69.16,11.48,23.19,62.69,11.13,219.33,0.03,0.16,0.0
1844.0,2024-02-13,15:45:01,1844.0,19.01,20.31,75.7,11.28,219.39,20.02,78.9,11.55,20.02,78.9,22.06,69.16,11.48,23.19,62.69,11.13,219.39,0.03,0.16,0.0
1845.0,2024-02-13,15:45:02,1845.0,19.01,20.31,75.7,11.28,219.25,20.02,78.9,11.55,20.02,78.9,22.06,69.16,11.48,23.19,62.69,11.13,219.25,0.03,0.16,0.0
1846.0,2024-02-13,15:45:03,1846.0,19,20.3,75.75,11.28,219.4,20.02,78.92,11.55,20.02,78.92,22.05,69.08,11.46,23.18,62.66,11.13,219.4,0.03,0.16,0.0
1847.0,2024-02-13,15:45:04,1847.0,19,20.3,75.75,11.28,219.26,20.02,78.92,11.55,20.02,78.92,22.05,69.08,11.46,23.18,62.66,11.13,219.26,0.03,0.16,0.0
1848.0,2024-02-13,15:45:05,1848.0,19,20.3,75.75,11.28,219.4,20.02,78.92,11.55,20.02,78.92,22.05,69.08,11.46,23.18,62.66,11.13,219.4,0.03,0.16,0.0
1849.0,2024-02-13,15:45:06,1849.0,18.99,20.29,75.82,11.28,219.22,20.02,78.92,11.55,20.02,78.92,22.05,69.04,11.45,23.18,62.62,11.12,219.22,0.03,0.16,0.0
1850.0,2024-02-13,15:45:07,1850.0,18.99,20.29,75.82,11.28,219.42,20.02,78.92,11.55,20.02,78.92,22.05,69.04,11.45,23.18,62.62,11.12,219.42,0.03,0.16,0.0
1851.0,2024-02-13,15:45:08,1851.0,18.98,20.29,75.79,11.28,219.32,20.01,78.92,11.55,20.01,78.92,22.05,68.96,11.44,23.18,62.58,11.11,219.32,0.03,0.16,0.0
1852.0,2024-02-13,15:45:09,1852.0,18.98,20.29,75.79,11.28,219.29,20.01,78.92,11.55,20.01,78.92,22.05,68.96,11.44,23.18,62.58,11.11,219.29,0.03,0.16,0.0
1853.0,2024-02-13,15:45:10,1853.0,18.98,20.29,75.79,11.28,219.44,20.01,78.92,11.55,20.01,78.92,22.05,68.96,11.44,23.18,62.58,11.11,219.44,0.03,0.16,0.0
1854.0,2024-02-13,15:45:11,1854.0,18.98,20.29,75.79,11.28,219.38,20.01,78.92,11.55,20.01,78.92,22.05,68.96,11.44,23.18,62.58,11.11,219.38,0.03,0.16,0.0
1855.0,2024-02-13,15:45:12,1855.0,18.97,20.28,75.86,11.28,219.4,20.01,78.93,11.55,20.01,78.93,22.05,68.88,11.42,23.18,62.53,11.1,219.4,0.03,0.15,0.0
1856.0,2024-02-13,15:45:13,1856.0,18.97,20.28,75.86,11.28,219.4,20.01,78.93,11.55,20.01,78.93,22.05,68.88,11.42,23.18,62.53,11.1,219.4,0.03,0.15,0.0
1857.0,2024-02-13,15:45:14,1857.0,18.97,20.27,75.85,11.27,219.32,20,78.93,11.54,20,78.93,22.06,68.78,11.41,23.18,62.52,11.1,219.32,0.03,0.15,0.0
1858.0,2024-02-13,15:45:15,1858.0,18.97,20.27,75.85,11.27,219.3,20,78.93,11.54,20,78.93,22.06,68.78,11.41,23.18,62.52,11.1,219.3,0.03,0.15,0.0
1859.0,2024-02-13,15:45:16,1859.0,18.97,20.27,75.85,11.27,218.96,20,78.93,11.54,20,78.93,22.06,68.78,11.41,23.18,62.52,11.1,218.96,0.03,0.15,0.0
1860.0,2024-02-13,15:45:17,1860.0,18.97,20.27,75.85,11.27,218.76,20,78.93,11.54,20,78.93,22.06,68.78,11.41,23.18,62.52,11.1,218.76,0.03,0.15,0.0
1861.0,2024-02-13,15:45:18,1861.0,18.96,20.26,75.86,11.27,218.59,20,78.91,11.54,20,78.91,22.07,68.63,11.4,23.18,62.46,11.09,218.59,0.03,0.15,0.0
1862.0,2024-02-13,15:45:19,1862.0,18.96,20.26,75.86,11.27,218.62,20,78.91,11.54,20,78.91,22.07,68.63,11.4,23.18,62.46,11.09,218.62,0.03,0.15,0.0
1863.0,2024-02-13,15:45:20,1863.0,18.96,20.25,75.84,11.26,218.7,20,78.89,11.53,20,78.89,22.09,68.47,11.38,23.17,62.45,11.08,218.7,0.03,0.15,0.0
1864.0,2024-02-13,15:45:21,1864.0,18.96,20.25,75.84,11.26,218.65,20,78.89,11.53,20,78.89,22.09,68.47,11.38,23.17,62.45,11.08,218.65,0.03,0.15,0.0
1865.0,2024-02-13,15:45:22,1865.0,18.96,20.25,75.84,11.26,218.82,20,78.89,11.53,20,78.89,22.09,68.47,11.38,23.17,62.45,11.08,218.82,0.03,0.15,0.0
1866.0,2024-02-13,15:45:23,1866.0,18.96,20.25,75.84,11.26,218.62,20,78.89,11.53,20,78.89,22.09,68.47,11.38,23.17,62.45,11.08,218.62,0.03,0.15,0.0
1867.0,2024-02-13,15:45:24,1867.0,18.96,20.25,75.86,11.26,218.56,19.99,78.87,11.53,19.99,78.87,22.11,68.35,11.37,23.18,62.42,11.08,218.56,0.03,0.15,0.0
1868.0,2024-02-13,15:45:25,1868.0,18.96,20.25,75.86,11.26,218.63,19.99,78.87,11.53,19.99,78.87,22.11,68.35,11.37,23.18,62.42,11.08,218.63,0.03,0.15,0.0
1869.0,2024-02-13,15:45:26,1869.0,18.95,20.24,75.9,11.26,218.29,19.99,78.85,11.53,19.99,78.85,22.12,68.23,11.36,23.18,62.41,11.08,218.29,0.03,0.15,0.0
1870.0,2024-02-13,15:45:27,1870.0,18.95,20.24,75.9,11.26,218.28,19.99,78.85,11.53,19.99,78.85,22.12,68.23,11.36,23.18,62.41,11.08,218.28,0.03,0.15,0.0
1871.0,2024-02-13,15:45:28,1871.0,18.95,20.24,75.9,11.26,218.28,19.99,78.85,11.53,19.99,78.85,22.12,68.23,11.36,23.18,62.41,11.08,218.28,0.03,0.15,0.0
1872.0,2024-02-13,15:45:29,1872.0,18.95,20.24,75.9,11.26,218.71,19.99,78.85,11.53,19.99,78.85,22.12,68.23,11.36,23.18,62.41,11.08,218.71,0.03,0.15,0.0
1873.0,2024-02-13,15:45:30,1873.0,18.95,20.23,75.92,11.26,218.67,19.99,78.86,11.52,19.99,78.86,22.12,68.14,11.35,23.18,62.4,11.07,218.67,0.03,0.15,0.0
1874.0,2024-02-13,15:45:31,1874.0,18.95,20.23,75.92,11.26,218.55,19.99,78.86,11.52,19.99,78.86,22.12,68.14,11.35,23.18,62.4,11.07,218.55,0.03,0.15,0.0
1875.0,2024-02-13,15:45:32,1875.0,18.95,20.23,75.92,11.26,219,19.99,78.86,11.52,19.99,78.86,22.12,68.14,11.35,23.18,62.4,11.07,219,0.03,0.15,0.0
1876.0,2024-02-13,15:45:33,1876.0,18.95,20.23,75.93,11.26,218.94,19.98,78.85,11.52,19.98,78.85,22.14,67.96,11.33,23.18,62.41,11.08,218.94,0.03,0.15,0.0
1877.0,2024-02-13,15:45:34,1877.0,18.95,20.23,75.93,11.26,218.97,19.98,78.85,11.52,19.98,78.85,22.14,67.96,11.33,23.18,62.41,11.08,218.97,0.03,0.16,0.0
1878.0,2024-02-13,15:45:35,1878.0,18.95,20.23,75.93,11.26,218.94,19.98,78.85,11.52,19.98,78.85,22.14,67.96,11.33,23.18,62.41,11.08,218.94,0.03,0.16,0.0
1879.0,2024-02-13,15:45:36,1879.0,18.95,20.22,75.93,11.25,219.05,19.97,78.85,11.51,19.97,78.85,22.15,67.82,11.31,23.17,62.43,11.07,219.05,0.03,0.16,0.0
1880.0,2024-02-13,15:45:37,1880.0,18.95,20.22,75.93,11.25,219.08,19.97,78.85,11.51,19.97,78.85,22.15,67.82,11.31,23.17,62.43,11.07,219.08,0.03,0.16,0.0
1881.0,2024-02-13,15:45:38,1881.0,18.95,20.22,75.93,11.25,219.4,19.97,78.85,11.51,19.97,78.85,22.15,67.82,11.31,23.17,62.43,11.07,219.4,0.03,0.16,0.0
1882.0,2024-02-13,15:45:39,1882.0,18.96,20.22,75.9,11.25,219.4,19.98,78.84,11.51,19.98,78.84,22.16,67.76,11.31,23.17,62.45,11.08,219.4,0.03,0.16,0.0
1883.0,2024-02-13,15:45:40,1883.0,18.96,20.22,75.9,11.25,219.59,19.98,78.84,11.51,19.98,78.84,22.16,67.76,11.31,23.17,62.45,11.08,219.59,0.03,0.16,0.0
1884.0,2024-02-13,15:45:41,1884.0,18.96,20.22,75.9,11.25,219.78,19.98,78.84,11.51,19.98,78.84,22.16,67.76,11.31,23.17,62.45,11.08,219.78,0.03,0.16,0.0
1885.0,2024-02-13,15:45:42,1885.0,18.96,20.21,75.93,11.24,220.15,19.97,78.86,11.51,19.97,78.86,22.15,67.75,11.3,23.17,62.45,11.08,220.15,0.03,0.16,0.0
1886.0,2024-02-13,15:45:43,1886.0,18.96,20.21,75.93,11.24,220.06,19.97,78.86,11.51,19.97,78.86,22.15,67.75,11.3,23.17,62.45,11.08,220.06,0.03,0.16,0.0
1887.0,2024-02-13,15:45:44,1887.0,18.96,20.21,75.93,11.24,219.92,19.97,78.86,11.51,19.97,78.86,22.15,67.75,11.3,23.17,62.45,11.08,219.92,0.03,0.16,0.0
1888.0,2024-02-13,15:45:45,1888.0,18.95,20.21,75.92,11.24,219.72,19.96,78.85,11.5,19.96,78.85,22.15,67.72,11.3,23.17,62.44,11.07,219.72,0.03,0.16,0.0
1889.0,2024-02-13,15:45:46,1889.0,18.95,20.21,75.92,11.24,219.34,19.96,78.85,11.5,19.96,78.85,22.15,67.72,11.3,23.17,62.44,11.07,219.34,0.03,0.16,0.0
1890.0,2024-02-13,15:45:47,1890.0,18.96,20.2,75.94,11.24,219.33,19.97,78.85,11.51,19.97,78.85,22.14,67.77,11.3,23.17,62.49,11.09,219.33,0.03,0.16,0.0
1891.0,2024-02-13,15:45:48,1891.0,18.96,20.2,75.94,11.24,219.45,19.97,78.85,11.51,19.97,78.85,22.14,67.77,11.3,23.17,62.49,11.09,219.45,0.03,0.16,0.0
1892.0,2024-02-13,15:45:49,1892.0,18.96,20.2,75.94,11.24,219.25,19.97,78.85,11.51,19.97,78.85,22.14,67.77,11.3,23.17,62.49,11.09,219.25,0.03,0.16,0.0
1893.0,2024-02-13,15:45:50,1893.0,18.96,20.2,75.94,11.24,219.21,19.97,78.85,11.51,19.97,78.85,22.14,67.77,11.3,23.17,62.49,11.09,219.21,0.03,0.16,0.0
1894.0,2024-02-13,15:45:51,1894.0,18.96,20.2,76,11.25,218.92,19.96,78.88,11.51,19.96,78.88,22.15,67.71,11.3,23.18,62.5,11.09,218.92,0.03,0.16,0.0
1895.0,2024-02-13,15:45:52,1895.0,18.96,20.2,76,11.25,219.02,19.96,78.88,11.51,19.96,78.88,22.15,67.71,11.3,23.18,62.5,11.09,219.02,0.03,0.16,0.0
1896.0,2024-02-13,15:45:53,1896.0,18.96,20.2,76,11.25,218.72,19.96,78.88,11.51,19.96,78.88,22.15,67.71,11.3,23.18,62.5,11.09,218.72,0.03,0.16,0.0
1897.0,2024-02-13,15:45:54,1897.0,18.96,20.2,76.01,11.24,218.52,19.96,78.85,11.5,19.96,78.85,22.15,67.7,11.29,23.18,62.51,11.09,218.52,0.03,0.16,0.0
1898.0,2024-02-13,15:45:55,1898.0,18.96,20.2,76.01,11.24,218.64,19.96,78.85,11.5,19.96,78.85,22.15,67.7,11.29,23.18,62.51,11.09,218.64,0.03,0.16,0.0
1899.0,2024-02-13,15:45:56,1899.0,18.96,20.2,76.01,11.24,218.63,19.96,78.85,11.5,19.96,78.85,22.15,67.7,11.29,23.18,62.51,11.09,218.63,0.03,0.16,0.0
1900.0,2024-02-13,15:45:57,1900.0,18.97,20.18,76.08,11.25,218.71,19.96,78.91,11.51,19.96,78.91,22.14,67.74,11.3,23.18,62.55,11.1,218.71,0.03,0.16,0.0
1901.0,2024-02-13,15:45:58,1901.0,18.97,20.18,76.08,11.25,218.73,19.96,78.91,11.51,19.96,78.91,22.14,67.74,11.3,23.18,62.55,11.1,218.73,0.03,0.16,0.0
1902.0,2024-02-13,15:45:59,1902.0,18.97,20.18,76.08,11.25,218.64,19.96,78.91,11.51,19.96,78.91,22.14,67.74,11.3,23.18,62.55,11.1,218.64,0.03,0.16,0.0
1903.0,2024-02-13,15:46:00,1903.0,18.96,20.18,76.11,11.25,218.72,19.95,78.94,11.51,19.95,78.94,22.14,67.75,11.29,23.18,62.57,11.11,218.72,0.03,0.17,0.0
1904.0,2024-02-13,15:46:01,1904.0,18.96,20.18,76.11,11.25,218.92,19.95,78.94,11.51,19.95,78.94,22.14,67.75,11.29,23.18,62.57,11.11,218.92,0.03,0.17,0.0
1905.0,2024-02-13,15:46:02,1905.0,18.96,20.17,76.13,11.25,218.96,19.95,78.96,11.51,19.95,78.96,22.15,67.74,11.3,23.18,62.57,11.11,218.96,0.03,0.17,0.0
1906.0,2024-02-13,15:46:03,1906.0,18.96,20.17,76.13,11.25,218.93,19.95,78.96,11.51,19.95,78.96,22.15,67.74,11.3,23.18,62.57,11.11,218.93,0.03,0.17,0.0
1907.0,2024-02-13,15:46:04,1907.0,18.96,20.17,76.13,11.25,218.94,19.95,78.96,11.51,19.95,78.96,22.15,67.74,11.3,23.18,62.57,11.11,218.94,0.03,0.17,0.0
1908.0,2024-02-13,15:46:05,1908.0,18.96,20.17,76.13,11.25,219.03,19.95,78.96,11.51,19.95,78.96,22.15,67.74,11.3,23.18,62.57,11.11,219.03,0.03,0.17,0.0
1909.0,2024-02-13,15:46:06,1909.0,18.97,20.17,76.16,11.25,219.05,19.94,78.97,11.51,19.94,78.97,22.16,67.66,11.29,23.18,62.6,11.11,219.05,0.03,0.17,0.0
1910.0,2024-02-13,15:46:07,1910.0,18.97,20.17,76.16,11.25,219.05,19.94,78.97,11.51,19.94,78.97,22.16,67.66,11.29,23.18,62.6,11.11,219.05,0.03,0.17,0.0
1911.0,2024-02-13,15:46:08,1911.0,18.97,20.16,76.23,11.25,219.06,19.94,78.99,11.51,19.94,78.99,22.16,67.63,11.29,23.18,62.58,11.11,219.06,0.03,0.17,0.0
1912.0,2024-02-13,15:46:09,1912.0,18.97,20.16,76.23,11.25,219.08,19.94,78.99,11.51,19.94,78.99,22.16,67.63,11.29,23.18,62.58,11.11,219.08,0.03,0.17,0.0
1913.0,2024-02-13,15:46:10,1913.0,18.97,20.16,76.23,11.25,219,19.94,78.99,11.51,19.94,78.99,22.16,67.63,11.29,23.18,62.58,11.11,219,0.03,0.17,0.0
1914.0,2024-02-13,15:46:11,1914.0,18.97,20.16,76.23,11.25,219,19.94,78.99,11.51,19.94,78.99,22.16,67.63,11.29,23.18,62.58,11.11,219,0.03,0.17,0.0
1915.0,2024-02-13,15:46:12,1915.0,18.97,20.15,76.24,11.25,219.07,19.94,79.02,11.51,19.94,79.02,22.17,67.58,11.28,23.18,62.57,11.11,219.07,0.03,0.17,0.0
1916.0,2024-02-13,15:46:13,1916.0,18.97,20.15,76.24,11.25,219.33,19.94,79.02,11.51,19.94,79.02,22.17,67.58,11.28,23.18,62.57,11.11,219.33,0.03,0.17,0.0
1917.0,2024-02-13,15:46:14,1917.0,18.97,20.15,76.24,11.25,219.32,19.94,79.02,11.51,19.94,79.02,22.17,67.58,11.28,23.18,62.57,11.11,219.32,0.03,0.17,0.0
1918.0,2024-02-13,15:46:15,1918.0,18.97,20.15,76.25,11.25,219.3,19.94,79,11.51,19.94,79,22.17,67.56,11.28,23.18,62.56,11.11,219.3,0.03,0.17,0.0
1919.0,2024-02-13,15:46:16,1919.0,18.97,20.15,76.25,11.25,219.32,19.94,79,11.51,19.94,79,22.17,67.56,11.28,23.18,62.56,11.11,219.32,0.03,0.17,0.0
1920.0,2024-02-13,15:46:17,1920.0,18.97,20.15,76.25,11.25,219.26,19.94,79,11.51,19.94,79,22.17,67.56,11.28,23.18,62.56,11.11,219.26,0.03,0.17,0.0
1921.0,2024-02-13,15:46:18,1921.0,18.96,20.14,76.31,11.25,219.37,19.93,79.02,11.51,19.93,79.02,22.15,67.58,11.27,23.18,62.54,11.1,219.37,0.03,0.17,0.0
1922.0,2024-02-13,15:46:19,1922.0,18.96,20.14,76.31,11.25,219.17,19.93,79.02,11.51,19.93,79.02,22.15,67.58,11.27,23.18,62.54,11.1,219.17,0.03,0.17,0.0
1923.0,2024-02-13,15:46:20,1923.0,18.96,20.14,76.31,11.25,219.34,19.93,79.02,11.51,19.93,79.02,22.15,67.58,11.27,23.18,62.54,11.1,219.34,0.03,0.17,0.0
1924.0,2024-02-13,15:46:21,1924.0,18.96,20.14,76.38,11.26,219.4,19.93,79.02,11.51,19.93,79.02,22.15,67.59,11.27,23.18,62.5,11.1,219.4,0.03,0.17,0.0
1925.0,2024-02-13,15:46:22,1925.0,18.96,20.14,76.38,11.26,219.38,19.93,79.02,11.51,19.93,79.02,22.15,67.59,11.27,23.18,62.5,11.1,219.38,0.03,0.17,0.0
1926.0,2024-02-13,15:46:23,1926.0,18.95,20.13,76.4,11.25,219.47,19.93,79.05,11.51,19.93,79.05,22.13,67.63,11.27,23.18,62.48,11.09,219.47,0.03,0.17,0.0
1927.0,2024-02-13,15:46:24,1927.0,18.95,20.13,76.4,11.25,219.39,19.93,79.05,11.51,19.93,79.05,22.13,67.63,11.27,23.18,62.48,11.09,219.39,0.03,0.17,0.0
1928.0,2024-02-13,15:46:25,1928.0,18.95,20.13,76.4,11.25,219.47,19.93,79.05,11.51,19.93,79.05,22.13,67.63,11.27,23.18,62.48,11.09,219.47,0.03,0.17,0.0
1929.0,2024-02-13,15:46:26,1929.0,18.95,20.13,76.4,11.25,218.92,19.93,79.05,11.51,19.93,79.05,22.13,67.63,11.27,23.18,62.48,11.09,218.92,0.03,0.17,0.0
1930.0,2024-02-13,15:46:27,1930.0,18.94,20.12,76.43,11.26,219.18,19.92,79.01,11.5,19.92,79.01,22.12,67.68,11.27,23.18,62.45,11.09,219.18,0.03,0.17,0.0
1931.0,2024-02-13,15:46:28,1931.0,18.94,20.12,76.43,11.26,219.06,19.92,79.01,11.5,19.92,79.01,22.12,67.68,11.27,23.18,62.45,11.09,219.06,0.03,0.17,0.0
1932.0,2024-02-13,15:46:29,1932.0,18.94,20.12,76.39,11.25,219.15,19.92,79,11.5,19.92,79,22.13,67.65,11.27,23.18,62.44,11.08,219.15,0.03,0.17,0.0
1933.0,2024-02-13,15:46:30,1933.0,18.94,20.12,76.39,11.25,218.96,19.92,79,11.5,19.92,79,22.13,67.65,11.27,23.18,62.44,11.08,218.96,0.03,0.17,0.0
1934.0,2024-02-13,15:46:31,1934.0,18.94,20.12,76.39,11.25,218.89,19.92,79,11.5,19.92,79,22.13,67.65,11.27,23.18,62.44,11.08,218.89,0.03,0.17,0.0
1935.0,2024-02-13,15:46:32,1935.0,18.94,20.12,76.39,11.25,218.98,19.92,79,11.5,19.92,79,22.13,67.65,11.27,23.18,62.44,11.08,218.98,0.03,0.17,0.0
1936.0,2024-02-13,15:46:33,1936.0,18.93,20.12,76.37,11.25,219.34,19.92,79.01,11.49,19.92,79.01,22.15,67.56,11.27,23.18,62.43,11.08,219.34,0.03,0.17,0.0
1937.0,2024-02-13,15:46:34,1937.0,18.93,20.12,76.37,11.25,219.35,19.92,79.01,11.49,19.92,79.01,22.15,67.56,11.27,23.18,62.43,11.08,219.35,0.03,0.17,0.0
1938.0,2024-02-13,15:46:35,1938.0,18.93,20.12,76.37,11.25,219.4,19.92,79.01,11.49,19.92,79.01,22.15,67.56,11.27,23.18,62.43,11.08,219.4,0.03,0.17,0.0
1939.0,2024-02-13,15:46:36,1939.0,18.93,20.12,76.37,11.24,219.01,19.92,78.99,11.49,19.92,78.99,22.17,67.39,11.26,23.18,62.38,11.07,219.01,0.03,0.16,0.0
1940.0,2024-02-13,15:46:37,1940.0,18.93,20.12,76.37,11.24,218.95,19.92,78.99,11.49,19.92,78.99,22.17,67.39,11.26,23.18,62.38,11.07,218.95,0.03,0.16,0.0
1941.0,2024-02-13,15:46:38,1941.0,18.93,20.12,76.37,11.24,218.76,19.92,78.99,11.49,19.92,78.99,22.17,67.39,11.26,23.18,62.38,11.07,218.76,0.03,0.16,0.0
1942.0,2024-02-13,15:46:39,1942.0,18.93,20.11,76.31,11.23,218.6,19.92,78.97,11.49,19.92,78.97,22.19,67.3,11.25,23.18,62.34,11.06,218.6,0.03,0.16,0.0
1943.0,2024-02-13,15:46:40,1943.0,18.93,20.11,76.31,11.23,218.63,19.92,78.97,11.49,19.92,78.97,22.19,67.3,11.25,23.18,62.34,11.06,218.63,0.03,0.16,0.0
1944.0,2024-02-13,15:46:41,1944.0,18.93,20.11,76.31,11.23,218.42,19.92,78.97,11.49,19.92,78.97,22.19,67.3,11.25,23.18,62.34,11.06,218.42,0.03,0.16,0.0
1945.0,2024-02-13,15:46:42,1945.0,18.94,20.11,76.32,11.23,218.68,19.91,78.98,11.49,19.91,78.98,22.2,67.28,11.25,23.18,62.31,11.06,218.68,0.03,0.16,0.0
1946.0,2024-02-13,15:46:43,1946.0,18.94,20.11,76.32,11.23,218.28,19.91,78.98,11.49,19.91,78.98,22.2,67.28,11.25,23.18,62.31,11.06,218.28,0.03,0.16,0.0
1947.0,2024-02-13,15:46:44,1947.0,18.94,20.11,76.36,11.23,218.63,19.91,78.96,11.48,19.91,78.96,22.19,67.32,11.26,23.17,62.28,11.05,218.63,0.03,0.16,0.0
1948.0,2024-02-13,15:46:45,1948.0,18.94,20.11,76.36,11.23,218.54,19.91,78.96,11.48,19.91,78.96,22.19,67.32,11.26,23.17,62.28,11.05,218.54,0.03,0.16,0.0
1949.0,2024-02-13,15:46:46,1949.0,18.94,20.11,76.36,11.23,219.01,19.91,78.96,11.48,19.91,78.96,22.19,67.32,11.26,23.17,62.28,11.05,219.01,0.03,0.16,0.0
1950.0,2024-02-13,15:46:47,1950.0,18.94,20.11,76.36,11.23,218.64,19.91,78.96,11.48,19.91,78.96,22.19,67.32,11.26,23.17,62.28,11.05,218.64,0.03,0.16,0.0
1951.0,2024-02-13,15:46:48,1951.0,18.94,20.1,76.33,11.23,218.63,19.91,78.96,11.48,19.91,78.96,22.18,67.38,11.26,23.17,62.26,11.05,218.63,0.03,0.16,0.0
1952.0,2024-02-13,15:46:49,1952.0,18.94,20.1,76.33,11.23,218.62,19.91,78.96,11.48,19.91,78.96,22.18,67.38,11.26,23.17,62.26,11.05,218.62,0.03,0.16,0.0
1953.0,2024-02-13,15:46:50,1953.0,18.95,20.1,76.35,11.23,218.69,19.9,78.95,11.47,19.9,78.95,22.17,67.41,11.26,23.17,62.23,11.04,218.69,0.03,0.16,0.0
1954.0,2024-02-13,15:46:51,1954.0,18.95,20.1,76.35,11.23,219.03,19.9,78.95,11.47,19.9,78.95,22.17,67.41,11.26,23.17,62.23,11.04,219.03,0.03,0.16,0.0
1955.0,2024-02-13,15:46:52,1955.0,18.95,20.1,76.35,11.23,219.16,19.9,78.95,11.47,19.9,78.95,22.17,67.41,11.26,23.17,62.23,11.04,219.16,0.03,0.16,0.0
1956.0,2024-02-13,15:46:53,1956.0,18.95,20.1,76.35,11.23,219.09,19.9,78.95,11.47,19.9,78.95,22.17,67.41,11.26,23.17,62.23,11.04,219.09,0.03,0.16,0.0
1957.0,2024-02-13,15:46:54,1957.0,18.95,20.09,76.31,11.21,218.76,19.9,78.94,11.47,19.9,78.94,22.16,67.47,11.26,23.17,62.23,11.04,218.76,0.03,0.16,0.0
1958.0,2024-02-13,15:46:55,1958.0,18.95,20.09,76.31,11.21,219.04,19.9,78.94,11.47,19.9,78.94,22.16,67.47,11.26,23.17,62.23,11.04,219.04,0.03,0.16,0.0
1959.0,2024-02-13,15:46:56,1959.0,18.95,20.09,76.31,11.21,219.35,19.9,78.94,11.47,19.9,78.94,22.16,67.47,11.26,23.17,62.23,11.04,219.35,0.03,0.16,0.0
1960.0,2024-02-13,15:46:57,1960.0,18.95,20.08,76.33,11.21,220.06,19.89,78.95,11.47,19.89,78.95,22.16,67.49,11.26,23.17,62.21,11.03,220.06,0.03,0.16,0.0
1961.0,2024-02-13,15:46:58,1961.0,18.95,20.08,76.33,11.21,220.34,19.89,78.95,11.47,19.89,78.95,22.16,67.49,11.26,23.17,62.21,11.03,220.34,0.03,0.16,0.0
1962.0,2024-02-13,15:46:59,1962.0,18.94,20.08,76.29,11.21,220.62,19.9,78.94,11.47,19.9,78.94,22.15,67.48,11.26,23.17,62.21,11.03,220.62,0.03,0.16,0.0
1963.0,2024-02-13,15:47:00,1963.0,18.94,20.08,76.29,11.21,221.05,19.9,78.94,11.47,19.9,78.94,22.15,67.48,11.26,23.17,62.21,11.03,221.05,0.03,0.16,0.0
1964.0,2024-02-13,15:47:01,1964.0,18.94,20.08,76.29,11.21,221.17,19.9,78.94,11.47,19.9,78.94,22.15,67.48,11.26,23.17,62.21,11.03,221.17,0.03,0.16,0.0
1965.0,2024-02-13,15:47:02,1965.0,18.94,20.08,76.29,11.21,220.76,19.9,78.94,11.47,19.9,78.94,22.15,67.48,11.26,23.17,62.21,11.03,220.76,0.03,0.16,0.0
1966.0,2024-02-13,15:47:03,1966.0,18.94,20.08,76.27,11.2,220.42,19.9,78.91,11.46,19.9,78.91,22.15,67.48,11.26,23.17,62.2,11.03,220.42,0.04,0.16,0.0
1967.0,2024-02-13,15:47:04,1967.0,18.94,20.08,76.27,11.2,220.12,19.9,78.91,11.46,19.9,78.91,22.15,67.48,11.26,23.17,62.2,11.03,220.12,0.04,0.16,0.0
1968.0,2024-02-13,15:47:05,1968.0,18.94,20.08,76.26,11.2,219.74,19.89,78.9,11.46,19.89,78.9,22.15,67.47,11.25,23.16,62.22,11.03,219.74,0.04,0.16,0.0
1969.0,2024-02-13,15:47:06,1969.0,18.94,20.08,76.26,11.2,219.56,19.89,78.9,11.46,19.89,78.9,22.15,67.47,11.25,23.16,62.22,11.03,219.56,0.03,0.16,0.0
1970.0,2024-02-13,15:47:07,1970.0,18.94,20.08,76.26,11.2,219.73,19.89,78.9,11.46,19.89,78.9,22.15,67.47,11.25,23.16,62.22,11.03,219.73,0.03,0.17,0.0
1971.0,2024-02-13,15:47:08,1971.0,18.94,20.08,76.26,11.2,219.48,19.89,78.9,11.46,19.89,78.9,22.15,67.47,11.25,23.16,62.22,11.03,219.48,0.03,0.16,0.0
1972.0,2024-02-13,15:47:09,1972.0,18.94,20.08,76.24,11.2,219.44,19.89,78.89,11.46,19.89,78.89,22.16,67.42,11.25,23.16,62.21,11.03,219.44,0.03,0.16,0.0
1973.0,2024-02-13,15:47:10,1973.0,18.94,20.08,76.24,11.2,219.33,19.89,78.89,11.46,19.89,78.89,22.16,67.42,11.25,23.16,62.21,11.03,219.33,0.03,0.16,0.0
1974.0,2024-02-13,15:47:11,1974.0,18.93,20.07,76.22,11.19,219.01,19.89,78.89,11.46,19.89,78.89,22.17,67.32,11.24,23.16,62.22,11.03,219.01,0.03,0.16,0.0
1975.0,2024-02-13,15:47:12,1975.0,18.93,20.07,76.22,11.19,219.01,19.89,78.89,11.46,19.89,78.89,22.17,67.32,11.24,23.16,62.22,11.03,219.01,0.04,0.17,0.0
1976.0,2024-02-13,15:47:13,1976.0,18.93,20.07,76.22,11.19,218.96,19.89,78.89,11.46,19.89,78.89,22.17,67.32,11.24,23.16,62.22,11.03,218.96,0.04,0.17,0.0
1977.0,2024-02-13,15:47:14,1977.0,18.93,20.07,76.22,11.19,218.92,19.89,78.89,11.46,19.89,78.89,22.17,67.32,11.24,23.16,62.22,11.03,218.92,0.04,0.17,0.0
1978.0,2024-02-13,15:47:15,1978.0,18.92,20.06,76.23,11.18,219.3,19.88,78.88,11.45,19.88,78.88,22.17,67.23,11.23,23.15,62.21,11.03,219.3,0.04,0.17,0.0
1979.0,2024-02-13,15:47:16,1979.0,18.92,20.06,76.23,11.18,219.46,19.88,78.88,11.45,19.88,78.88,22.17,67.23,11.23,23.15,62.21,11.03,219.46,0.04,0.17,0.0
1980.0,2024-02-13,15:47:17,1980.0,18.93,20.06,76.25,11.19,218.99,19.89,78.85,11.45,19.89,78.85,22.19,67.17,11.23,23.16,62.25,11.04,218.99,0.04,0.16,0.0
1981.0,2024-02-13,15:47:18,1981.0,18.93,20.06,76.25,11.19,218.91,19.89,78.85,11.45,19.89,78.85,22.19,67.17,11.23,23.16,62.25,11.04,218.91,0.04,0.17,0.0
1982.0,2024-02-13,15:47:19,1982.0,18.93,20.06,76.25,11.19,219.07,19.89,78.85,11.45,19.89,78.85,22.19,67.17,11.23,23.16,62.25,11.04,219.07,0.04,0.17,0.0
1983.0,2024-02-13,15:47:20,1983.0,18.93,20.06,76.25,11.19,218.78,19.89,78.85,11.45,19.89,78.85,22.19,67.17,11.23,23.16,62.25,11.04,218.78,0.04,0.17,0.0
1984.0,2024-02-13,15:47:21,1984.0,18.93,20.06,76.24,11.18,218.91,19.88,78.87,11.45,19.88,78.87,22.2,67.07,11.22,23.16,62.26,11.04,218.91,0.04,0.17,0.0
1985.0,2024-02-13,15:47:22,1985.0,18.93,20.06,76.24,11.18,218.93,19.88,78.87,11.45,19.88,78.87,22.2,67.07,11.22,23.16,62.26,11.04,218.93,0.04,0.17,0.0
1986.0,2024-02-13,15:47:23,1986.0,18.93,20.06,76.24,11.18,219.05,19.88,78.87,11.45,19.88,78.87,22.2,67.07,11.22,23.16,62.26,11.04,219.05,0.04,0.17,0.0
1987.0,2024-02-13,15:47:24,1987.0,18.93,20.06,76.25,11.18,219.38,19.88,78.87,11.45,19.88,78.87,22.2,67.03,11.22,23.16,62.25,11.04,219.38,0.04,0.17,0.0
1988.0,2024-02-13,15:47:25,1988.0,18.93,20.06,76.25,11.18,218.96,19.88,78.87,11.45,19.88,78.87,22.2,67.03,11.22,23.16,62.25,11.04,218.96,0.04,0.17,0.0
1989.0,2024-02-13,15:47:26,1989.0,18.93,20.06,76.25,11.18,219.39,19.88,78.87,11.45,19.88,78.87,22.2,67.03,11.22,23.16,62.25,11.04,219.39,0.04,0.17,0.0
1990.0,2024-02-13,15:47:27,1990.0,18.93,20.05,76.31,11.19,219.35,19.88,78.88,11.45,19.88,78.88,22.2,67.02,11.21,23.16,62.26,11.04,219.35,0.04,0.17,0.0
1991.0,2024-02-13,15:47:28,1991.0,18.93,20.05,76.31,11.19,219.23,19.88,78.88,11.45,19.88,78.88,22.2,67.02,11.21,23.16,62.26,11.04,219.23,0.04,0.17,0.0
1992.0,2024-02-13,15:47:29,1992.0,18.93,20.05,76.31,11.19,219.36,19.88,78.88,11.45,19.88,78.88,22.2,67.02,11.21,23.16,62.26,11.04,219.36,0.04,0.17,0.0
1993.0,2024-02-13,15:47:30,1993.0,18.92,20.05,76.29,11.18,219.31,19.88,78.87,11.44,19.88,78.87,22.19,67.07,11.21,23.16,62.24,11.03,219.31,0.04,0.17,0.0
1994.0,2024-02-13,15:47:31,1994.0,18.92,20.05,76.29,11.18,219.39,19.88,78.87,11.44,19.88,78.87,22.19,67.07,11.21,23.16,62.24,11.03,219.39,0.04,0.17,0.0
1995.0,2024-02-13,15:47:32,1995.0,18.92,20.05,76.29,11.18,219.01,19.88,78.87,11.44,19.88,78.87,22.19,67.07,11.21,23.16,62.24,11.03,219.01,0.04,0.17,0.0
1996.0,2024-02-13,15:47:33,1996.0,18.93,20.05,76.28,11.18,219.17,19.88,78.85,11.44,19.88,78.85,22.17,67.13,11.21,23.16,62.23,11.03,219.17,0.04,0.17,0.0
1997.0,2024-02-13,15:47:34,1997.0,18.93,20.05,76.28,11.18,218.93,19.88,78.85,11.44,19.88,78.85,22.17,67.13,11.21,23.16,62.23,11.03,218.93,0.04,0.17,0.0
1998.0,2024-02-13,15:47:35,1998.0,18.93,20.05,76.28,11.18,218.75,19.88,78.85,11.44,19.88,78.85,22.17,67.13,11.21,23.16,62.23,11.03,218.75,0.04,0.17,0.0
1999.0,2024-02-13,15:47:36,1999.0,18.93,20.04,76.29,11.17,218.56,19.87,78.86,11.44,19.87,78.86,22.15,67.21,11.21,23.15,62.22,11.03,218.56,0.04,0.17,0.0
2000.0,2024-02-13,15:47:37,2000.0,18.93,20.04,76.29,11.17,219.01,19.87,78.86,11.44,19.87,78.86,22.15,67.21,11.21,23.15,62.22,11.03,219.01,0.04,0.17,0.0
2001.0,2024-02-13,15:47:38,2001.0,18.94,20.03,76.31,11.18,218.94,19.87,78.86,11.44,19.87,78.86,22.13,67.29,11.21,23.15,62.23,11.03,218.94,0.04,0.17,0.0
2002.0,2024-02-13,15:47:39,2002.0,18.94,20.03,76.31,11.18,218.55,19.87,78.86,11.44,19.87,78.86,22.13,67.29,11.21,23.15,62.23,11.03,218.55,0.04,0.17,0.0
2003.0,2024-02-13,15:47:40,2003.0,18.94,20.03,76.31,11.18,218.67,19.87,78.86,11.44,19.87,78.86,22.13,67.29,11.21,23.15,62.23,11.03,218.67,0.04,0.17,0.0
2004.0,2024-02-13,15:47:41,2004.0,18.94,20.03,76.31,11.18,218.35,19.87,78.86,11.44,19.87,78.86,22.13,67.29,11.21,23.15,62.23,11.03,218.35,0.04,0.17,0.0
2005.0,2024-02-13,15:47:42,2005.0,18.94,20.03,76.36,11.18,218.24,19.87,78.87,11.44,19.87,78.87,22.12,67.34,11.21,23.17,62.14,11.03,218.24,0.04,0.17,0.0
2006.0,2024-02-13,15:47:43,2006.0,18.94,20.03,76.36,11.18,218.33,19.87,78.87,11.44,19.87,78.87,22.12,67.34,11.21,23.17,62.14,11.03,218.33,0.04,0.17,0.0
2007.0,2024-02-13,15:47:44,2007.0,18.93,20.03,76.33,11.17,217.96,19.86,78.87,11.43,19.86,78.87,22.11,67.33,11.2,23.25,61.69,11,217.96,0.04,0.17,0.0
2008.0,2024-02-13,15:47:45,2008.0,18.93,20.03,76.33,11.17,217.64,19.86,78.87,11.43,19.86,78.87,22.11,67.33,11.2,23.25,61.69,11,217.64,0.04,0.17,0.0
2009.0,2024-02-13,15:47:46,2009.0,18.93,20.03,76.33,11.17,217.2,19.86,78.87,11.43,19.86,78.87,22.11,67.33,11.2,23.25,61.69,11,217.2,0.04,0.17,0.0
2010.0,2024-02-13,15:47:47,2010.0,18.93,20.03,76.33,11.17,217.34,19.86,78.87,11.43,19.86,78.87,22.11,67.33,11.2,23.25,61.69,11,217.34,0.04,0.17,0.0
2011.0,2024-02-13,15:47:48,2011.0,18.93,20.01,76.38,11.17,217.05,19.86,78.9,11.43,19.86,78.9,22.1,67.34,11.2,23.41,60.86,10.95,217.05,0.04,0.17,0.0
2012.0,2024-02-13,15:47:49,2012.0,18.93,20.01,76.38,11.17,217.02,19.86,78.9,11.43,19.86,78.9,22.1,67.34,11.2,23.41,60.86,10.95,217.02,0.04,0.17,0.0
2013.0,2024-02-13,15:47:50,2013.0,18.92,20.01,76.37,11.17,216.67,19.85,78.93,11.43,19.85,78.93,22.1,67.34,11.2,23.63,59.8,10.91,216.67,0.04,0.17,0.0
2014.0,2024-02-13,15:47:51,2014.0,18.92,20.01,76.37,11.17,216.56,19.85,78.93,11.43,19.85,78.93,22.1,67.34,11.2,23.63,59.8,10.91,216.56,0.04,0.18,0.0
2015.0,2024-02-13,15:47:52,2015.0,18.92,20.01,76.37,11.17,216.62,19.85,78.93,11.43,19.85,78.93,22.1,67.34,11.2,23.63,59.8,10.91,216.62,0.04,0.18,0.0
2016.0,2024-02-13,15:47:53,2016.0,18.92,20.01,76.37,11.17,216.65,19.85,78.93,11.43,19.85,78.93,22.1,67.34,11.2,23.63,59.8,10.91,216.65,0.04,0.18,0.0
2017.0,2024-02-13,15:47:54,2017.0,18.94,20.01,76.39,11.17,216.62,19.85,78.94,11.44,19.85,78.94,22.09,67.42,11.21,23.9,58.61,10.86,216.62,0.04,0.19,0.0
2018.0,2024-02-13,15:47:55,2018.0,18.94,20.01,76.39,11.17,216.6,19.85,78.94,11.44,19.85,78.94,22.09,67.42,11.21,23.9,58.61,10.86,216.6,0.04,0.19,0.0
2019.0,2024-02-13,15:47:56,2019.0,18.94,20.01,76.39,11.17,216.61,19.85,78.94,11.44,19.85,78.94,22.09,67.42,11.21,23.9,58.61,10.86,216.61,0.04,0.19,0.0
2020.0,2024-02-13,15:47:57,2020.0,18.95,20.01,76.41,11.17,216.61,19.85,78.95,11.44,19.85,78.95,22.09,67.45,11.21,24.17,57.46,10.82,216.61,0.04,0.2,0.0
2021.0,2024-02-13,15:47:58,2021.0,18.95,20.01,76.41,11.17,216.2,19.85,78.95,11.44,19.85,78.95,22.09,67.45,11.21,24.17,57.46,10.82,216.2,0.04,0.2,0.0
2022.0,2024-02-13,15:47:59,2022.0,18.95,20.01,76.41,11.17,216.23,19.85,78.95,11.44,19.85,78.95,22.09,67.45,11.21,24.17,57.46,10.82,216.23,0.04,0.2,0.0
2023.0,2024-02-13,15:48:00,2023.0,18.96,20.01,76.42,11.17,216.32,19.85,78.99,11.44,19.85,78.99,22.1,67.39,11.21,24.44,56.43,10.8,216.32,0.04,0.22,0.0
2024.0,2024-02-13,15:48:01,2024.0,18.96,20.01,76.42,11.17,216.58,19.85,78.99,11.44,19.85,78.99,22.1,67.39,11.21,24.44,56.43,10.8,216.58,0.04,0.22,0.0
2025.0,2024-02-13,15:48:02,2025.0,18.96,20.01,76.42,11.17,216.51,19.85,78.99,11.44,19.85,78.99,22.1,67.39,11.21,24.44,56.43,10.8,216.51,0.04,0.22,0.0
2026.0,2024-02-13,15:48:03,2026.0,18.97,20,76.48,11.18,216.57,19.85,79.01,11.44,19.85,79.01,22.16,67.07,11.19,24.69,55.51,10.79,216.57,0.04,0.24,0.0
2027.0,2024-02-13,15:48:04,2027.0,18.97,20,76.48,11.18,216.66,19.85,79.01,11.44,19.85,79.01,22.16,67.07,11.19,24.69,55.51,10.79,216.66,0.04,0.24,0.0
2028.0,2024-02-13,15:48:05,2028.0,19,19.99,76.57,11.18,216.98,19.84,79.02,11.44,19.84,79.02,22.24,66.66,11.18,24.93,54.7,10.78,216.98,0.04,0.24,0.0
2029.0,2024-02-13,15:48:06,2029.0,19,19.99,76.57,11.18,217.06,19.84,79.02,11.44,19.84,79.02,22.24,66.66,11.18,24.93,54.7,10.78,217.06,0.04,0.25,0.0
2030.0,2024-02-13,15:48:07,2030.0,19,19.99,76.57,11.18,217.21,19.84,79.02,11.44,19.84,79.02,22.24,66.66,11.18,24.93,54.7,10.78,217.21,0.04,0.25,0.0
2031.0,2024-02-13,15:48:08,2031.0,19,19.99,76.57,11.18,217.26,19.84,79.02,11.44,19.84,79.02,22.24,66.66,11.18,24.93,54.7,10.78,217.26,0.04,0.25,0.0
2032.0,2024-02-13,15:48:09,2032.0,19.03,19.99,76.61,11.19,217.56,19.84,79.05,11.45,19.84,79.05,22.27,66.67,11.2,25.17,53.95,10.78,217.56,0.04,0.27,0.0
2033.0,2024-02-13,15:48:10,2033.0,19.03,19.99,76.61,11.19,217.66,19.84,79.05,11.45,19.84,79.05,22.27,66.67,11.2,25.17,53.95,10.78,217.66,0.04,0.27,0.0
2034.0,2024-02-13,15:48:11,2034.0,19.03,19.99,76.61,11.19,218.28,19.84,79.05,11.45,19.84,79.05,22.27,66.67,11.2,25.17,53.95,10.78,218.28,0.04,0.27,0.0
2035.0,2024-02-13,15:48:12,2035.0,19.07,19.98,76.69,11.2,218.25,19.84,79.07,11.45,19.84,79.07,22.29,66.8,11.23,25.4,53.2,10.78,218.25,0.04,0.29,0.0
2036.0,2024-02-13,15:48:13,2036.0,19.07,19.98,76.69,11.2,219,19.84,79.07,11.45,19.84,79.07,22.29,66.8,11.23,25.4,53.2,10.78,219,0.04,0.29,0.0
2037.0,2024-02-13,15:48:14,2037.0,19.07,19.98,76.69,11.2,219.07,19.84,79.07,11.45,19.84,79.07,22.29,66.8,11.23,25.4,53.2,10.78,219.07,0.04,0.29,0.0
2038.0,2024-02-13,15:48:15,2038.0,19.1,19.98,76.76,11.2,219.32,19.84,79.12,11.45,19.84,79.12,22.28,67,11.26,25.61,52.53,10.78,219.32,0.04,0.31,0.0
2039.0,2024-02-13,15:48:16,2039.0,19.1,19.98,76.76,11.2,219.39,19.84,79.12,11.45,19.84,79.12,22.28,67,11.26,25.61,52.53,10.78,219.39,0.04,0.31,0.0
2040.0,2024-02-13,15:48:17,2040.0,19.14,19.97,76.8,11.2,219.3,19.83,79.15,11.45,19.83,79.15,22.26,67.21,11.29,25.82,51.89,10.79,219.3,0.04,0.31,0.0
2041.0,2024-02-13,15:48:18,2041.0,19.14,19.97,76.8,11.2,219.46,19.83,79.15,11.45,19.83,79.15,22.26,67.21,11.29,25.82,51.89,10.79,219.46,0.04,0.32,0.0
2042.0,2024-02-13,15:48:19,2042.0,19.14,19.97,76.8,11.2,219.29,19.83,79.15,11.45,19.83,79.15,22.26,67.21,11.29,25.82,51.89,10.79,219.29,0.04,0.32,0.0
2043.0,2024-02-13,15:48:20,2043.0,19.14,19.97,76.8,11.2,219.42,19.83,79.15,11.45,19.83,79.15,22.26,67.21,11.29,25.82,51.89,10.79,219.42,0.04,0.32,0.0
2044.0,2024-02-13,15:48:21,2044.0,19.18,19.97,76.89,11.21,219.41,19.83,79.21,11.46,19.83,79.21,22.25,67.38,11.31,26.02,51.31,10.79,219.41,0.04,0.34,0.0
2045.0,2024-02-13,15:48:22,2045.0,19.18,19.97,76.89,11.21,219.23,19.83,79.21,11.46,19.83,79.21,22.25,67.38,11.31,26.02,51.31,10.79,219.23,0.04,0.34,0.0
2046.0,2024-02-13,15:48:23,2046.0,19.21,19.96,76.94,11.22,219.26,19.83,79.23,11.46,19.83,79.23,22.24,67.47,11.32,26.2,50.78,10.79,219.26,0.04,0.34,0.0
2047.0,2024-02-13,15:48:24,2047.0,19.21,19.96,76.94,11.22,219.34,19.83,79.23,11.46,19.83,79.23,22.24,67.47,11.32,26.2,50.78,10.79,219.34,0.04,0.35,0.0
2048.0,2024-02-13,15:48:25,2048.0,19.21,19.96,76.94,11.22,219.5,19.83,79.23,11.46,19.83,79.23,22.24,67.47,11.32,26.2,50.78,10.79,219.5,0.04,0.35,0.0
2049.0,2024-02-13,15:48:26,2049.0,19.21,19.96,76.94,11.22,219.77,19.83,79.23,11.46,19.83,79.23,22.24,67.47,11.32,26.2,50.78,10.79,219.77,0.04,0.35,0.0
2050.0,2024-02-13,15:48:27,2050.0,19.24,19.96,77.01,11.23,219.55,19.83,79.27,11.47,19.83,79.27,22.23,67.58,11.33,26.36,50.32,10.8,219.55,0.04,0.36,0.0
2051.0,2024-02-13,15:48:28,2051.0,19.24,19.96,77.01,11.23,219.65,19.83,79.27,11.47,19.83,79.27,22.23,67.58,11.33,26.36,50.32,10.8,219.65,0.04,0.36,0.0
2052.0,2024-02-13,15:48:29,2052.0,19.26,19.95,77.03,11.23,219.38,19.83,79.28,11.47,19.83,79.28,22.21,67.67,11.33,26.51,49.9,10.8,219.38,0.04,0.36,0.0
2053.0,2024-02-13,15:48:30,2053.0,19.26,19.95,77.03,11.23,219.37,19.83,79.28,11.47,19.83,79.28,22.21,67.67,11.33,26.51,49.9,10.8,219.37,0.04,0.37,0.0
2054.0,2024-02-13,15:48:31,2054.0,19.26,19.95,77.03,11.23,219.72,19.83,79.28,11.47,19.83,79.28,22.21,67.67,11.33,26.51,49.9,10.8,219.72,0.04,0.37,0.0
2055.0,2024-02-13,15:48:32,2055.0,19.26,19.95,77.03,11.23,219.72,19.83,79.28,11.47,19.83,79.28,22.21,67.67,11.33,26.51,49.9,10.8,219.72,0.04,0.37,0.0
2056.0,2024-02-13,15:48:33,2056.0,19.28,19.95,77.05,11.23,220.03,19.83,79.28,11.47,19.83,79.28,22.2,67.77,11.34,26.65,49.53,10.81,220.03,0.04,0.39,0.0
2057.0,2024-02-13,15:48:34,2057.0,19.28,19.95,77.05,11.23,220,19.83,79.28,11.47,19.83,79.28,22.2,67.77,11.34,26.65,49.53,10.81,220,0.04,0.39,0.0
2058.0,2024-02-13,15:48:35,2058.0,19.3,19.95,77.11,11.24,220.4,19.83,79.3,11.47,19.83,79.3,22.19,67.84,11.35,26.77,49.22,10.82,220.4,0.04,0.39,0.0
2059.0,2024-02-13,15:48:36,2059.0,19.3,19.95,77.11,11.24,220.63,19.83,79.3,11.47,19.83,79.3,22.19,67.84,11.35,26.77,49.22,10.82,220.63,0.04,0.4,0.0
2060.0,2024-02-13,15:48:37,2060.0,19.3,19.95,77.11,11.24,220.61,19.83,79.3,11.47,19.83,79.3,22.19,67.84,11.35,26.77,49.22,10.82,220.61,0.04,0.4,0.0
2061.0,2024-02-13,15:48:38,2061.0,19.3,19.95,77.11,11.24,220.67,19.83,79.3,11.47,19.83,79.3,22.19,67.84,11.35,26.77,49.22,10.82,220.67,0.04,0.4,0.0
2062.0,2024-02-13,15:48:39,2062.0,19.32,19.95,77.13,11.24,220.66,19.83,79.3,11.47,19.83,79.3,22.18,67.87,11.34,26.88,48.94,10.83,220.66,0.04,0.41,0.0
2063.0,2024-02-13,15:48:40,2063.0,19.32,19.95,77.13,11.24,220.66,19.83,79.3,11.47,19.83,79.3,22.18,67.87,11.34,26.88,48.94,10.83,220.66,0.04,0.41,0.0
2064.0,2024-02-13,15:48:41,2064.0,19.32,19.95,77.13,11.24,221.09,19.83,79.3,11.47,19.83,79.3,22.18,67.87,11.34,26.88,48.94,10.83,221.09,0.04,0.41,0.0
2065.0,2024-02-13,15:48:42,2065.0,19.35,19.95,77.16,11.24,221.02,19.83,79.32,11.48,19.83,79.32,22.17,67.92,11.35,26.98,48.69,10.84,221.02,0.04,0.42,0.0
2066.0,2024-02-13,15:48:43,2066.0,19.35,19.95,77.16,11.24,221.1,19.83,79.32,11.48,19.83,79.32,22.17,67.92,11.35,26.98,48.69,10.84,221.1,0.04,0.42,0.0
2067.0,2024-02-13,15:48:44,2067.0,19.37,19.94,77.2,11.24,220.65,19.83,79.32,11.48,19.83,79.32,22.17,67.93,11.34,27.08,48.48,10.85,220.65,0.04,0.42,0.0
2068.0,2024-02-13,15:48:45,2068.0,19.37,19.94,77.2,11.24,220.75,19.83,79.32,11.48,19.83,79.32,22.17,67.93,11.34,27.08,48.48,10.85,220.75,0.03,0.43,0.0
2069.0,2024-02-13,15:48:46,2069.0,19.37,19.94,77.2,11.24,220.59,19.83,79.32,11.48,19.83,79.32,22.17,67.93,11.34,27.08,48.48,10.85,220.59,0.03,0.43,0.0
2070.0,2024-02-13,15:48:47,2070.0,19.37,19.94,77.2,11.24,220.64,19.83,79.32,11.48,19.83,79.32,22.17,67.93,11.34,27.08,48.48,10.85,220.64,0.03,0.43,0.0
2071.0,2024-02-13,15:48:48,2071.0,19.4,19.94,77.2,11.24,220.64,19.83,79.32,11.48,19.83,79.32,22.16,67.93,11.34,27.17,48.27,10.86,220.64,0.03,0.44,0.0
2072.0,2024-02-13,15:48:49,2072.0,19.4,19.94,77.2,11.24,220.86,19.83,79.32,11.48,19.83,79.32,22.16,67.93,11.34,27.17,48.27,10.86,220.86,0.03,0.44,0.0
2073.0,2024-02-13,15:48:50,2073.0,19.41,19.94,77.2,11.24,220.75,19.83,79.32,11.48,19.83,79.32,22.16,67.96,11.34,27.25,48.09,10.88,220.75,0.03,0.44,0.0
2074.0,2024-02-13,15:48:51,2074.0,19.41,19.94,77.2,11.24,220.65,19.83,79.32,11.48,19.83,79.32,22.16,67.96,11.34,27.25,48.09,10.88,220.65,0.03,0.44,0.0
2075.0,2024-02-13,15:48:52,2075.0,19.41,19.94,77.2,11.24,220.62,19.83,79.32,11.48,19.83,79.32,22.16,67.96,11.34,27.25,48.09,10.88,220.62,0.03,0.44,0.0
2076.0,2024-02-13,15:48:53,2076.0,19.41,19.94,77.2,11.24,220.61,19.83,79.32,11.48,19.83,79.32,22.16,67.96,11.34,27.25,48.09,10.88,220.61,0.03,0.44,0.0
2077.0,2024-02-13,15:48:54,2077.0,19.43,19.94,77.23,11.25,220.31,19.83,79.32,11.48,19.83,79.32,22.16,67.96,11.34,27.33,47.94,10.89,220.31,0.03,0.45,0.0
2078.0,2024-02-13,15:48:55,2078.0,19.43,19.94,77.23,11.25,220.34,19.83,79.32,11.48,19.83,79.32,22.16,67.96,11.34,27.33,47.94,10.89,220.34,0.03,0.45,0.0
2079.0,2024-02-13,15:48:56,2079.0,19.45,19.94,77.24,11.25,220.38,19.83,79.34,11.48,19.83,79.34,22.15,67.99,11.34,27.41,47.79,10.91,220.38,0.03,0.45,0.0
2080.0,2024-02-13,15:48:57,2080.0,19.45,19.94,77.24,11.25,220.09,19.83,79.34,11.48,19.83,79.34,22.15,67.99,11.34,27.41,47.79,10.91,220.09,0.04,0.46,0.0
2081.0,2024-02-13,15:48:58,2081.0,19.45,19.94,77.24,11.25,220,19.83,79.34,11.48,19.83,79.34,22.15,67.99,11.34,27.41,47.79,10.91,220,0.04,0.46,0.0
2082.0,2024-02-13,15:48:59,2082.0,19.45,19.94,77.24,11.25,219.94,19.83,79.34,11.48,19.83,79.34,22.15,67.99,11.34,27.41,47.79,10.91,219.94,0.04,0.46,0.0
2083.0,2024-02-13,15:49:00,2083.0,19.47,19.94,77.25,11.25,220.33,19.84,79.34,11.48,19.84,79.34,22.15,68.01,11.35,27.48,47.62,10.91,220.33,0.04,0.47,0.0
2084.0,2024-02-13,15:49:01,2084.0,19.47,19.94,77.25,11.25,220.47,19.84,79.34,11.48,19.84,79.34,22.15,68.01,11.35,27.48,47.62,10.91,220.47,0.04,0.47,0.0
2085.0,2024-02-13,15:49:02,2085.0,19.5,19.94,77.28,11.25,220.35,19.83,79.34,11.48,19.83,79.34,22.15,68.04,11.35,27.54,47.49,10.92,220.35,0.04,0.47,0.0
2086.0,2024-02-13,15:49:03,2086.0,19.5,19.94,77.28,11.25,220.38,19.83,79.34,11.48,19.83,79.34,22.15,68.04,11.35,27.54,47.49,10.92,220.38,0.04,0.47,0.0
2087.0,2024-02-13,15:49:04,2087.0,19.5,19.94,77.28,11.25,220.45,19.83,79.34,11.48,19.83,79.34,22.15,68.04,11.35,27.54,47.49,10.92,220.45,0.04,0.47,0.0
2088.0,2024-02-13,15:49:05,2088.0,19.53,19.94,77.3,11.26,220.29,19.84,79.35,11.49,19.84,79.35,22.14,68.07,11.35,27.6,47.37,10.93,220.29,0.04,0.47,0.0
2089.0,2024-02-13,15:49:06,2089.0,19.53,19.94,77.3,11.26,220.11,19.84,79.35,11.49,19.84,79.35,22.14,68.07,11.35,27.6,47.37,10.93,220.11,0.04,0.48,0.0
2090.0,2024-02-13,15:49:07,2090.0,19.53,19.94,77.3,11.26,220.23,19.84,79.35,11.49,19.84,79.35,22.14,68.07,11.35,27.6,47.37,10.93,220.23,0.04,0.48,0.0
2091.0,2024-02-13,15:49:08,2091.0,19.53,19.94,77.3,11.26,220.2,19.84,79.35,11.49,19.84,79.35,22.14,68.07,11.35,27.6,47.37,10.93,220.2,0.04,0.48,0.0
2092.0,2024-02-13,15:49:09,2092.0,19.55,19.94,77.35,11.26,219.84,19.84,79.35,11.49,19.84,79.35,22.14,68.06,11.35,27.66,47.26,10.94,219.84,0.03,0.48,0.0
2093.0,2024-02-13,15:49:10,2093.0,19.55,19.94,77.35,11.26,220.21,19.84,79.35,11.49,19.84,79.35,22.14,68.06,11.35,27.66,47.26,10.94,220.21,0.04,0.48,0.0
2094.0,2024-02-13,15:49:11,2094.0,19.58,19.93,77.35,11.26,219.91,19.83,79.38,11.49,19.83,79.38,22.14,67.99,11.34,27.71,47.14,10.95,219.91,0.04,0.48,0.0
2095.0,2024-02-13,15:49:12,2095.0,19.58,19.93,77.35,11.26,220.09,19.83,79.38,11.49,19.83,79.38,22.14,67.99,11.34,27.71,47.14,10.95,220.09,0.04,0.49,0.0
2096.0,2024-02-13,15:49:13,2096.0,19.58,19.93,77.35,11.26,220.05,19.83,79.38,11.49,19.83,79.38,22.14,67.99,11.34,27.71,47.14,10.95,220.05,0.04,0.49,0.0
2097.0,2024-02-13,15:49:14,2097.0,19.58,19.93,77.35,11.26,220.08,19.83,79.38,11.49,19.83,79.38,22.14,67.99,11.34,27.71,47.14,10.95,220.08,0.04,0.49,0.0
2098.0,2024-02-13,15:49:15,2098.0,19.62,19.93,77.38,11.26,220.35,19.84,79.4,11.5,19.84,79.4,22.15,67.96,11.34,27.79,46.99,10.96,220.35,0.04,0.5,0.0
2099.0,2024-02-13,15:49:16,2099.0,19.62,19.93,77.38,11.26,220.37,19.84,79.4,11.5,19.84,79.4,22.15,67.96,11.34,27.79,46.99,10.96,220.37,0.04,0.5,0.0
2100.0,2024-02-13,15:49:17,2100.0,19.65,19.93,77.39,11.27,220.41,19.84,79.4,11.5,19.84,79.4,22.15,67.96,11.34,27.85,46.85,10.97,220.41,0.04,0.5,0.0
2101.0,2024-02-13,15:49:18,2101.0,19.65,19.93,77.39,11.27,220.48,19.84,79.4,11.5,19.84,79.4,22.15,67.96,11.34,27.85,46.85,10.97,220.48,0.04,0.5,0.0
2102.0,2024-02-13,15:49:19,2102.0,19.65,19.93,77.39,11.27,220.35,19.84,79.4,11.5,19.84,79.4,22.15,67.96,11.34,27.85,46.85,10.97,220.35,0.04,0.5,0.0
2103.0,2024-02-13,15:49:20,2103.0,19.65,19.93,77.39,11.27,219.87,19.84,79.4,11.5,19.84,79.4,22.15,67.96,11.34,27.85,46.85,10.97,219.87,0.04,0.5,0.0
2104.0,2024-02-13,15:49:21,2104.0,19.68,19.93,77.41,11.27,220.08,19.84,79.38,11.5,19.84,79.38,22.15,68.02,11.35,27.91,46.7,10.98,220.08,0.04,0.51,0.0
2105.0,2024-02-13,15:49:22,2105.0,19.68,19.93,77.41,11.27,219.65,19.84,79.38,11.5,19.84,79.38,22.15,68.02,11.35,27.91,46.7,10.98,219.65,0.04,0.51,0.0
2106.0,2024-02-13,15:49:23,2106.0,19.7,19.93,77.47,11.28,219.65,19.85,79.41,11.5,19.85,79.41,22.15,68.01,11.35,27.98,46.54,10.98,219.65,0.04,0.51,0.0
2107.0,2024-02-13,15:49:24,2107.0,19.7,19.93,77.47,11.28,219.67,19.85,79.41,11.5,19.85,79.41,22.15,68.01,11.35,27.98,46.54,10.98,219.67,0.04,0.51,0.0
2108.0,2024-02-13,15:49:25,2108.0,19.7,19.93,77.47,11.28,219.67,19.85,79.41,11.5,19.85,79.41,22.15,68.01,11.35,27.98,46.54,10.98,219.67,0.04,0.51,0.0
2109.0,2024-02-13,15:49:26,2109.0,19.72,19.93,77.5,11.28,219.71,19.85,79.42,11.5,19.85,79.42,22.15,68.02,11.35,28.05,46.37,10.99,219.71,0.04,0.51,0.0
2110.0,2024-02-13,15:49:27,2110.0,19.72,19.93,77.5,11.28,219.99,19.85,79.42,11.5,19.85,79.42,22.15,68.02,11.35,28.05,46.37,10.99,219.99,0.04,0.52,0.0
2111.0,2024-02-13,15:49:28,2111.0,19.72,19.93,77.5,11.28,220,19.85,79.42,11.5,19.85,79.42,22.15,68.02,11.35,28.05,46.37,10.99,220,0.04,0.52,0.0
2112.0,2024-02-13,15:49:29,2112.0,19.72,19.93,77.5,11.28,220.1,19.85,79.42,11.5,19.85,79.42,22.15,68.02,11.35,28.05,46.37,10.99,220.1,0.04,0.52,0.0
2113.0,2024-02-13,15:49:30,2113.0,19.74,19.93,77.52,11.28,219.94,19.85,79.42,11.51,19.85,79.42,22.15,68.07,11.35,28.11,46.21,10.99,219.94,0.04,0.52,0.0
2114.0,2024-02-13,15:49:31,2114.0,19.74,19.93,77.52,11.28,220.07,19.85,79.42,11.51,19.85,79.42,22.15,68.07,11.35,28.11,46.21,10.99,220.07,0.04,0.52,0.0
2115.0,2024-02-13,15:49:32,2115.0,19.77,19.93,77.55,11.29,220.31,19.85,79.43,11.51,19.85,79.43,22.14,68.12,11.36,28.18,46.05,10.99,220.31,0.04,0.52,0.0
2116.0,2024-02-13,15:49:33,2116.0,19.77,19.93,77.55,11.29,220.33,19.85,79.43,11.51,19.85,79.43,22.14,68.12,11.36,28.18,46.05,10.99,220.33,0.04,0.53,0.0
2117.0,2024-02-13,15:49:34,2117.0,19.77,19.93,77.55,11.29,220.27,19.85,79.43,11.51,19.85,79.43,22.14,68.12,11.36,28.18,46.05,10.99,220.27,0.04,0.53,0.0
2118.0,2024-02-13,15:49:35,2118.0,19.77,19.93,77.55,11.29,220.37,19.85,79.43,11.51,19.85,79.43,22.14,68.12,11.36,28.18,46.05,10.99,220.37,0.04,0.53,0.0
2119.0,2024-02-13,15:49:36,2119.0,19.79,19.93,77.57,11.29,220.73,19.85,79.45,11.51,19.85,79.45,22.13,68.23,11.37,28.24,45.9,11,220.73,0.04,0.53,0.0
2120.0,2024-02-13,15:49:37,2120.0,19.79,19.93,77.57,11.29,220.48,19.85,79.45,11.51,19.85,79.45,22.13,68.23,11.37,28.24,45.9,11,220.48,0.04,0.53,0.0
2121.0,2024-02-13,15:49:38,2121.0,19.81,19.93,77.57,11.29,220.39,19.86,79.46,11.52,19.86,79.46,22.11,68.37,11.38,28.3,45.75,11,220.39,0.04,0.53,0.0
2122.0,2024-02-13,15:49:39,2122.0,19.81,19.93,77.57,11.29,220.34,19.86,79.46,11.52,19.86,79.46,22.11,68.37,11.38,28.3,45.75,11,220.34,0.04,0.54,0.0
2123.0,2024-02-13,15:49:40,2123.0,19.81,19.93,77.57,11.29,220.23,19.86,79.46,11.52,19.86,79.46,22.11,68.37,11.38,28.3,45.75,11,220.23,0.04,0.54,0.0
2124.0,2024-02-13,15:49:41,2124.0,19.81,19.93,77.57,11.29,220.43,19.86,79.46,11.52,19.86,79.46,22.11,68.37,11.38,28.3,45.75,11,220.43,0.04,0.54,0.0
2125.0,2024-02-13,15:49:42,2125.0,19.83,19.93,77.59,11.29,220.1,19.85,79.48,11.52,19.85,79.48,22.09,68.45,11.38,28.36,45.6,11,220.1,0.04,0.54,0.0
2126.0,2024-02-13,15:49:43,2126.0,19.83,19.93,77.59,11.29,219.58,19.85,79.48,11.52,19.85,79.48,22.09,68.45,11.38,28.36,45.6,11,219.58,0.04,0.54,0.0
2127.0,2024-02-13,15:49:44,2127.0,19.85,19.94,77.61,11.3,219.2,19.86,79.5,11.52,19.86,79.5,22.1,68.5,11.39,28.43,45.43,11.01,219.2,0.04,0.54,0.0
2128.0,2024-02-13,15:49:45,2128.0,19.85,19.94,77.61,11.3,219.21,19.86,79.5,11.52,19.86,79.5,22.1,68.5,11.39,28.43,45.43,11.01,219.21,0.04,0.54,0.0
2129.0,2024-02-13,15:49:46,2129.0,19.85,19.94,77.61,11.3,219.51,19.86,79.5,11.52,19.86,79.5,22.1,68.5,11.39,28.43,45.43,11.01,219.51,0.04,0.54,0.0
2130.0,2024-02-13,15:49:47,2130.0,19.85,19.94,77.61,11.3,219.44,19.86,79.5,11.52,19.86,79.5,22.1,68.5,11.39,28.43,45.43,11.01,219.44,0.04,0.54,0.0
2131.0,2024-02-13,15:49:48,2131.0,19.87,19.94,77.62,11.3,219.39,19.86,79.52,11.53,19.86,79.52,22.1,68.5,11.39,28.49,45.25,11,219.39,0.04,0.55,0.0
2132.0,2024-02-13,15:49:49,2132.0,19.87,19.94,77.62,11.3,219.34,19.86,79.52,11.53,19.86,79.52,22.1,68.5,11.39,28.49,45.25,11,219.34,0.04,0.55,0.0
2133.0,2024-02-13,15:49:50,2133.0,19.87,19.94,77.62,11.3,219.4,19.86,79.52,11.53,19.86,79.52,22.1,68.5,11.39,28.49,45.25,11,219.4,0.04,0.55,0.0
2134.0,2024-02-13,15:49:51,2134.0,19.88,19.94,77.6,11.3,219.4,19.86,79.54,11.53,19.86,79.54,22.1,68.53,11.4,28.55,45.05,10.99,219.4,0.04,0.55,0.0
2135.0,2024-02-13,15:49:52,2135.0,19.88,19.94,77.6,11.3,219.34,19.86,79.54,11.53,19.86,79.54,22.1,68.53,11.4,28.55,45.05,10.99,219.34,0.04,0.55,0.0
2136.0,2024-02-13,15:49:53,2136.0,19.9,19.94,77.58,11.3,219.4,19.86,79.55,11.53,19.86,79.55,22.1,68.52,11.4,28.62,44.83,10.98,219.4,0.04,0.55,0.0
2137.0,2024-02-13,15:49:54,2137.0,19.9,19.94,77.58,11.3,219.31,19.86,79.55,11.53,19.86,79.55,22.1,68.52,11.4,28.62,44.83,10.98,219.31,0.04,0.55,0.0
2138.0,2024-02-13,15:49:55,2138.0,19.9,19.94,77.58,11.3,219.31,19.86,79.55,11.53,19.86,79.55,22.1,68.52,11.4,28.62,44.83,10.98,219.31,0.04,0.55,0.0
2139.0,2024-02-13,15:49:56,2139.0,19.9,19.94,77.58,11.3,219.37,19.86,79.55,11.53,19.86,79.55,22.1,68.52,11.4,28.62,44.83,10.98,219.37,0.04,0.55,0.0
2140.0,2024-02-13,15:49:57,2140.0,19.92,19.94,77.56,11.3,219.36,19.86,79.53,11.53,19.86,79.53,22.11,68.52,11.4,28.69,44.64,10.98,219.36,0.04,0.56,0.0
2141.0,2024-02-13,15:49:58,2141.0,19.92,19.94,77.56,11.3,219.38,19.86,79.53,11.53,19.86,79.53,22.11,68.52,11.4,28.69,44.64,10.98,219.38,0.04,0.56,0.0
2142.0,2024-02-13,15:49:59,2142.0,19.93,19.94,77.54,11.29,219.48,19.86,79.52,11.53,19.86,79.52,22.11,68.5,11.4,28.75,44.43,10.97,219.48,0.04,0.56,0.0
2143.0,2024-02-13,15:50:00,2143.0,19.93,19.94,77.54,11.29,219.28,19.86,79.52,11.53,19.86,79.52,22.11,68.5,11.4,28.75,44.43,10.97,219.28,0.04,0.56,0.0
2144.0,2024-02-13,15:50:01,2144.0,19.93,19.94,77.54,11.29,219.6,19.86,79.52,11.53,19.86,79.52,22.11,68.5,11.4,28.75,44.43,10.97,219.6,0.04,0.56,0.0
2145.0,2024-02-13,15:50:02,2145.0,19.93,19.94,77.54,11.29,219.65,19.86,79.52,11.53,19.86,79.52,22.11,68.5,11.4,28.75,44.43,10.97,219.65,0.04,0.56,0.0
2146.0,2024-02-13,15:50:03,2146.0,19.95,19.95,77.55,11.3,219.52,19.87,79.49,11.53,19.87,79.49,22.12,68.47,11.4,28.82,44.26,10.97,219.52,0.04,0.56,0.0
2147.0,2024-02-13,15:50:04,2147.0,19.95,19.95,77.55,11.3,219.69,19.87,79.49,11.53,19.87,79.49,22.12,68.47,11.4,28.82,44.26,10.97,219.69,0.04,0.56,0.0
2148.0,2024-02-13,15:50:05,2148.0,19.97,19.95,77.51,11.29,219.98,19.87,79.46,11.53,19.87,79.46,22.11,68.55,11.41,28.89,44.09,10.97,219.98,0.04,0.56,0.0
2149.0,2024-02-13,15:50:06,2149.0,19.97,19.95,77.51,11.29,220.29,19.87,79.46,11.53,19.87,79.46,22.11,68.55,11.41,28.89,44.09,10.97,220.29,0.04,0.57,0.0
2150.0,2024-02-13,15:50:07,2150.0,19.97,19.95,77.51,11.29,220.34,19.87,79.46,11.53,19.87,79.46,22.11,68.55,11.41,28.89,44.09,10.97,220.34,0.04,0.57,0.0
2151.0,2024-02-13,15:50:08,2151.0,19.97,19.95,77.51,11.29,220.25,19.87,79.46,11.53,19.87,79.46,22.11,68.55,11.41,28.89,44.09,10.97,220.25,0.04,0.57,0.0
2152.0,2024-02-13,15:50:09,2152.0,19.97,19.95,77.49,11.29,220.35,19.87,79.44,11.52,19.87,79.44,22.1,68.64,11.42,28.95,43.94,10.97,220.35,0.04,0.58,0.0
2153.0,2024-02-13,15:50:10,2153.0,19.97,19.95,77.49,11.29,220.43,19.87,79.44,11.52,19.87,79.44,22.1,68.64,11.42,28.95,43.94,10.97,220.43,0.04,0.58,0.0
2154.0,2024-02-13,15:50:11,2154.0,19.97,19.95,77.49,11.29,220.41,19.87,79.44,11.52,19.87,79.44,22.1,68.64,11.42,28.95,43.94,10.97,220.41,0.04,0.58,0.0
2155.0,2024-02-13,15:50:12,2155.0,19.99,19.95,77.5,11.29,220.23,19.88,79.41,11.52,19.88,79.41,22.1,68.68,11.42,29.01,43.79,10.97,220.23,0.04,0.58,0.0
2156.0,2024-02-13,15:50:13,2156.0,19.99,19.95,77.5,11.29,220.1,19.88,79.41,11.52,19.88,79.41,22.1,68.68,11.42,29.01,43.79,10.97,220.1,0.04,0.58,0.0
2157.0,2024-02-13,15:50:14,2157.0,19.99,19.95,77.5,11.29,219.96,19.88,79.41,11.52,19.88,79.41,22.1,68.68,11.42,29.01,43.79,10.97,219.96,0.04,0.58,0.0
2158.0,2024-02-13,15:50:15,2158.0,20,19.95,77.47,11.29,220.05,19.88,79.38,11.52,19.88,79.38,22.1,68.66,11.42,29.07,43.65,10.97,220.05,0.04,0.59,0.0
2159.0,2024-02-13,15:50:16,2159.0,20,19.95,77.47,11.29,219.69,19.88,79.38,11.52,19.88,79.38,22.1,68.66,11.42,29.07,43.65,10.97,219.69,0.04,0.58,0.0
2160.0,2024-02-13,15:50:17,2160.0,20,19.95,77.47,11.29,219.69,19.88,79.38,11.52,19.88,79.38,22.1,68.66,11.42,29.07,43.65,10.97,219.69,0.04,0.58,0.0
2161.0,2024-02-13,15:50:18,2161.0,20.01,19.96,77.43,11.29,219.61,19.88,79.36,11.52,19.88,79.36,22.1,68.65,11.42,29.13,43.51,10.98,219.61,0.04,0.59,0.0
2162.0,2024-02-13,15:50:19,2162.0,20.01,19.96,77.43,11.29,219.63,19.88,79.36,11.52,19.88,79.36,22.1,68.65,11.42,29.13,43.51,10.98,219.63,0.04,0.59,0.0
2163.0,2024-02-13,15:50:20,2163.0,20.03,19.95,77.44,11.28,219.44,19.88,79.37,11.52,19.88,79.37,22.1,68.61,11.41,29.18,43.38,10.98,219.44,0.04,0.59,0.0
2164.0,2024-02-13,15:50:21,2164.0,20.03,19.95,77.44,11.28,219.21,19.88,79.37,11.52,19.88,79.37,22.1,68.61,11.41,29.18,43.38,10.98,219.21,0.04,0.59,0.0
2165.0,2024-02-13,15:50:22,2165.0,20.03,19.95,77.44,11.28,219.34,19.88,79.37,11.52,19.88,79.37,22.1,68.61,11.41,29.18,43.38,10.98,219.34,0.04,0.59,0.0
2166.0,2024-02-13,15:50:23,2166.0,20.03,19.95,77.44,11.28,219.4,19.88,79.37,11.52,19.88,79.37,22.1,68.61,11.41,29.18,43.38,10.98,219.4,0.04,0.59,0.0
2167.0,2024-02-13,15:50:24,2167.0,20.05,19.96,77.36,11.28,219.78,19.88,79.37,11.52,19.88,79.37,22.11,68.55,11.41,29.24,43.25,10.98,219.78,0.04,0.6,0.0
2168.0,2024-02-13,15:50:25,2168.0,20.05,19.96,77.36,11.28,219.74,19.88,79.37,11.52,19.88,79.37,22.11,68.55,11.41,29.24,43.25,10.98,219.74,0.04,0.6,0.0
2169.0,2024-02-13,15:50:26,2169.0,20.06,19.96,77.32,11.28,220.1,19.89,79.33,11.52,19.89,79.33,22.11,68.57,11.41,29.29,43.1,10.97,220.1,0.04,0.6,0.0
2170.0,2024-02-13,15:50:27,2170.0,20.06,19.96,77.32,11.28,220.1,19.89,79.33,11.52,19.89,79.33,22.11,68.57,11.41,29.29,43.1,10.97,220.1,0.04,0.6,0.0
2171.0,2024-02-13,15:50:28,2171.0,20.06,19.96,77.32,11.28,219.59,19.89,79.33,11.52,19.89,79.33,22.11,68.57,11.41,29.29,43.1,10.97,219.59,0.04,0.6,0.0
2172.0,2024-02-13,15:50:29,2172.0,20.06,19.96,77.32,11.28,219.67,19.89,79.33,11.52,19.89,79.33,22.11,68.57,11.41,29.29,43.1,10.97,219.67,0.04,0.6,0.0
2173.0,2024-02-13,15:50:30,2173.0,20.08,19.96,77.35,11.28,219.66,19.89,79.33,11.52,19.89,79.33,22.09,68.64,11.41,29.35,42.99,10.98,219.66,0.04,0.61,0.0
2174.0,2024-02-13,15:50:31,2174.0,20.08,19.96,77.35,11.28,219.68,19.89,79.33,11.52,19.89,79.33,22.09,68.64,11.41,29.35,42.99,10.98,219.68,0.04,0.61,0.0
2175.0,2024-02-13,15:50:32,2175.0,20.1,19.97,77.28,11.27,219.35,19.89,79.32,11.52,19.89,79.32,22.07,68.73,11.42,29.4,42.87,10.98,219.35,0.04,0.61,0.0
2176.0,2024-02-13,15:50:33,2176.0,20.1,19.97,77.28,11.27,219.26,19.89,79.32,11.52,19.89,79.32,22.07,68.73,11.42,29.4,42.87,10.98,219.26,0.04,0.61,0.0
2177.0,2024-02-13,15:50:34,2177.0,20.1,19.97,77.28,11.27,219.32,19.89,79.32,11.52,19.89,79.32,22.07,68.73,11.42,29.4,42.87,10.98,219.32,0.04,0.61,0.0
2178.0,2024-02-13,15:50:35,2178.0,20.1,19.97,77.28,11.27,219.32,19.89,79.32,11.52,19.89,79.32,22.07,68.73,11.42,29.4,42.87,10.98,219.32,0.04,0.61,0.0
2179.0,2024-02-13,15:50:36,2179.0,20.11,19.97,77.2,11.26,219.38,19.89,79.28,11.51,19.89,79.28,22.07,68.74,11.41,29.45,42.75,10.98,219.38,0.04,0.61,0.0
2180.0,2024-02-13,15:50:37,2180.0,20.11,19.97,77.2,11.26,219.38,19.89,79.28,11.51,19.89,79.28,22.07,68.74,11.41,29.45,42.75,10.98,219.38,0.04,0.61,0.0
2181.0,2024-02-13,15:50:38,2181.0,20.13,19.98,77.18,11.27,219,19.89,79.28,11.52,19.89,79.28,22.07,68.75,11.42,29.51,42.61,10.99,219,0.04,0.61,0.0
2182.0,2024-02-13,15:50:39,2182.0,20.13,19.98,77.18,11.27,218.95,19.89,79.28,11.52,19.89,79.28,22.07,68.75,11.42,29.51,42.61,10.99,218.95,0.04,0.62,0.0
2183.0,2024-02-13,15:50:40,2183.0,20.13,19.98,77.18,11.27,219.07,19.89,79.28,11.52,19.89,79.28,22.07,68.75,11.42,29.51,42.61,10.99,219.07,0.04,0.62,0.0
2184.0,2024-02-13,15:50:41,2184.0,20.14,19.98,77.19,11.27,218.92,19.89,79.27,11.52,19.89,79.27,22.08,68.76,11.42,29.57,42.49,11,218.92,0.04,0.62,0.0
2185.0,2024-02-13,15:50:42,2185.0,20.14,19.98,77.19,11.27,218.97,19.89,79.27,11.52,19.89,79.27,22.08,68.76,11.42,29.57,42.49,11,218.97,0.04,0.62,0.0
2186.0,2024-02-13,15:50:43,2186.0,20.14,19.98,77.19,11.27,218.94,19.89,79.27,11.52,19.89,79.27,22.08,68.76,11.42,29.57,42.49,11,218.94,0.04,0.62,0.0
2187.0,2024-02-13,15:50:44,2187.0,20.14,19.98,77.19,11.27,218.93,19.89,79.27,11.52,19.89,79.27,22.08,68.76,11.42,29.57,42.49,11,218.93,0.04,0.62,0.0
2188.0,2024-02-13,15:50:45,2188.0,20.15,19.98,77.15,11.26,218.91,19.9,79.25,11.52,19.9,79.25,22.08,68.81,11.43,29.63,42.39,11.01,218.91,0.04,0.63,0.0
2189.0,2024-02-13,15:50:46,2189.0,20.15,19.98,77.15,11.26,218.98,19.9,79.25,11.52,19.9,79.25,22.08,68.81,11.43,29.63,42.39,11.01,218.98,0.04,0.63,0.0
2190.0,2024-02-13,15:50:47,2190.0,20.16,19.99,77.08,11.26,218.94,19.9,79.24,11.51,19.9,79.24,22.07,68.86,11.44,29.68,42.29,11.01,218.94,0.04,0.63,0.0
2191.0,2024-02-13,15:50:48,2191.0,20.16,19.99,77.08,11.26,218.99,19.9,79.24,11.51,19.9,79.24,22.07,68.86,11.44,29.68,42.29,11.01,218.99,0.04,0.64,0.0
2192.0,2024-02-13,15:50:49,2192.0,20.16,19.99,77.08,11.26,218.94,19.9,79.24,11.51,19.9,79.24,22.07,68.86,11.44,29.68,42.29,11.01,218.94,0.04,0.64,0.0
2193.0,2024-02-13,15:50:50,2193.0,20.16,19.99,77.08,11.26,219.27,19.9,79.24,11.51,19.9,79.24,22.07,68.86,11.44,29.68,42.29,11.01,219.27,0.04,0.64,0.0
2194.0,2024-02-13,15:50:51,2194.0,20.17,19.99,77.14,11.27,219.37,19.9,79.22,11.51,19.9,79.22,22.06,68.92,11.44,29.74,42.17,11.02,219.37,0.04,0.64,0.0
2195.0,2024-02-13,15:50:52,2195.0,20.17,19.99,77.14,11.27,219.36,19.9,79.22,11.51,19.9,79.22,22.06,68.92,11.44,29.74,42.17,11.02,219.36,0.04,0.64,0.0
2196.0,2024-02-13,15:50:53,2196.0,20.19,19.99,77.14,11.27,219.2,19.9,79.22,11.51,19.9,79.22,22.06,68.96,11.44,29.79,42.03,11.02,219.2,0.04,0.64,0.0
2197.0,2024-02-13,15:50:54,2197.0,20.19,19.99,77.14,11.27,219.34,19.9,79.22,11.51,19.9,79.22,22.06,68.96,11.44,29.79,42.03,11.02,219.34,0.04,0.64,0.0
2198.0,2024-02-13,15:50:55,2198.0,20.19,19.99,77.14,11.27,219.36,19.9,79.22,11.51,19.9,79.22,22.06,68.96,11.44,29.79,42.03,11.02,219.36,0.04,0.65,0.0
2199.0,2024-02-13,15:50:56,2199.0,20.2,19.99,77.15,11.27,219.03,19.9,79.25,11.52,19.9,79.25,22.07,68.87,11.44,29.85,41.9,11.02,219.03,0.04,0.64,0.0
2200.0,2024-02-13,15:50:57,2200.0,20.2,19.99,77.15,11.27,219.01,19.9,79.25,11.52,19.9,79.25,22.07,68.87,11.44,29.85,41.9,11.02,219.01,0.04,0.65,0.0
2201.0,2024-02-13,15:50:58,2201.0,20.2,19.99,77.15,11.27,219,19.9,79.25,11.52,19.9,79.25,22.07,68.87,11.44,29.85,41.9,11.02,219,0.04,0.65,0.0
2202.0,2024-02-13,15:50:59,2202.0,20.2,19.99,77.15,11.27,218.94,19.9,79.25,11.52,19.9,79.25,22.07,68.87,11.44,29.85,41.9,11.02,218.94,0.04,0.65,0.0
2203.0,2024-02-13,15:51:00,2203.0,20.21,19.99,77.14,11.27,219.09,19.9,79.23,11.52,19.9,79.23,22.08,68.82,11.44,29.91,41.74,11.02,219.09,0.04,0.65,0.0
2204.0,2024-02-13,15:51:01,2204.0,20.21,19.99,77.14,11.27,219.05,19.9,79.23,11.52,19.9,79.23,22.08,68.82,11.44,29.91,41.74,11.02,219.05,0.04,0.65,0.0
2205.0,2024-02-13,15:51:02,2205.0,20.22,19.99,77.15,11.27,219.04,19.91,79.24,11.52,19.91,79.24,22.09,68.74,11.43,29.98,41.6,11.02,219.04,0.04,0.65,0.0
2206.0,2024-02-13,15:51:03,2206.0,20.22,19.99,77.15,11.27,219.47,19.91,79.24,11.52,19.91,79.24,22.09,68.74,11.43,29.98,41.6,11.02,219.47,0.04,0.66,0.0
2207.0,2024-02-13,15:51:04,2207.0,20.22,19.99,77.15,11.27,219.23,19.91,79.24,11.52,19.91,79.24,22.09,68.74,11.43,29.98,41.6,11.02,219.23,0.04,0.66,0.0
2208.0,2024-02-13,15:51:05,2208.0,20.22,19.99,77.15,11.27,219.42,19.91,79.24,11.52,19.91,79.24,22.09,68.74,11.43,29.98,41.6,11.02,219.42,0.04,0.66,0.0
2209.0,2024-02-13,15:51:06,2209.0,20.24,19.99,77.16,11.27,219.4,19.91,79.23,11.52,19.91,79.23,22.1,68.72,11.43,30.04,41.45,11.02,219.4,0.04,0.66,0.0
2210.0,2024-02-13,15:51:07,2210.0,20.24,19.99,77.16,11.27,219.33,19.91,79.23,11.52,19.91,79.23,22.1,68.72,11.43,30.04,41.45,11.02,219.33,0.04,0.66,0.0
2211.0,2024-02-13,15:51:08,2211.0,20.26,19.99,77.11,11.27,219.06,19.91,79.23,11.52,19.91,79.23,22.1,68.69,11.43,30.11,41.31,11.02,219.06,0.04,0.66,0.0
2212.0,2024-02-13,15:51:09,2212.0,20.26,19.99,77.11,11.27,218.97,19.91,79.23,11.52,19.91,79.23,22.1,68.69,11.43,30.11,41.31,11.02,218.97,0.04,0.67,0.0
2213.0,2024-02-13,15:51:10,2213.0,20.26,19.99,77.11,11.27,218.93,19.91,79.23,11.52,19.91,79.23,22.1,68.69,11.43,30.11,41.31,11.02,218.93,0.04,0.67,0.0
2214.0,2024-02-13,15:51:11,2214.0,20.26,19.99,77.11,11.27,218.92,19.91,79.23,11.52,19.91,79.23,22.1,68.69,11.43,30.11,41.31,11.02,218.92,0.04,0.67,0.0
2215.0,2024-02-13,15:51:12,2215.0,20.28,20,77.09,11.27,218.97,19.91,79.19,11.52,19.91,79.19,22.11,68.72,11.43,30.17,41.15,11.02,218.97,0.04,0.67,0.0
2216.0,2024-02-13,15:51:13,2216.0,20.28,20,77.09,11.27,218.97,19.91,79.19,11.52,19.91,79.19,22.11,68.72,11.43,30.17,41.15,11.02,218.97,0.04,0.67,0.0
2217.0,2024-02-13,15:51:14,2217.0,20.28,20,77.09,11.27,218.98,19.91,79.19,11.52,19.91,79.19,22.11,68.72,11.43,30.17,41.15,11.02,218.98,0.04,0.67,0.0
2218.0,2024-02-13,15:51:15,2218.0,20.31,20,77.08,11.27,219.1,19.91,79.19,11.52,19.91,79.19,22.11,68.74,11.44,30.23,41,11.02,219.1,0.04,0.68,0.0
2219.0,2024-02-13,15:51:16,2219.0,20.31,20,77.08,11.27,219.32,19.91,79.19,11.52,19.91,79.19,22.11,68.74,11.44,30.23,41,11.02,219.32,0.04,0.68,0.0
2220.0,2024-02-13,15:51:17,2220.0,20.32,20,77.06,11.27,219.36,19.91,79.19,11.52,19.91,79.19,22.11,68.78,11.45,30.29,40.87,11.03,219.36,0.04,0.68,0.0
2221.0,2024-02-13,15:51:18,2221.0,20.32,20,77.06,11.27,219.21,19.91,79.19,11.52,19.91,79.19,22.11,68.78,11.45,30.29,40.87,11.03,219.21,0.04,0.68,0.0
2222.0,2024-02-13,15:51:19,2222.0,20.32,20,77.06,11.27,218.9,19.91,79.19,11.52,19.91,79.19,22.11,68.78,11.45,30.29,40.87,11.03,218.9,0.04,0.68,0.0
2223.0,2024-02-13,15:51:20,2223.0,20.32,20,77.06,11.27,219.04,19.91,79.19,11.52,19.91,79.19,22.11,68.78,11.45,30.29,40.87,11.03,219.04,0.04,0.68,0.0
2224.0,2024-02-13,15:51:21,2224.0,20.34,20.01,77.05,11.27,219.05,19.92,79.15,11.51,19.92,79.15,22.12,68.73,11.45,30.35,40.72,11.02,219.05,0.04,0.69,0.0
2225.0,2024-02-13,15:51:22,2225.0,20.34,20.01,77.05,11.27,219.05,19.92,79.15,11.51,19.92,79.15,22.12,68.73,11.45,30.35,40.72,11.02,219.05,0.04,0.69,0.0
2226.0,2024-02-13,15:51:23,2226.0,20.35,20.01,77.06,11.27,219.35,19.92,79.14,11.51,19.92,79.14,22.13,68.69,11.45,30.41,40.58,11.02,219.35,0.04,0.69,0.0
2227.0,2024-02-13,15:51:24,2227.0,20.35,20.01,77.06,11.27,219.34,19.92,79.14,11.51,19.92,79.14,22.13,68.69,11.45,30.41,40.58,11.02,219.34,0.04,0.69,0.0
2228.0,2024-02-13,15:51:25,2228.0,20.35,20.01,77.06,11.27,219.32,19.92,79.14,11.51,19.92,79.14,22.13,68.69,11.45,30.41,40.58,11.02,219.32,0.04,0.69,0.0
2229.0,2024-02-13,15:51:26,2229.0,20.35,20.01,77.06,11.27,219.17,19.92,79.14,11.51,19.92,79.14,22.13,68.69,11.45,30.41,40.58,11.02,219.17,0.04,0.69,0.0
2230.0,2024-02-13,15:51:27,2230.0,20.35,20.01,77.04,11.26,219.28,19.92,79.1,11.51,19.92,79.1,22.13,68.69,11.45,30.46,40.44,11.01,219.28,0.04,0.69,0.0
2231.0,2024-02-13,15:51:28,2231.0,20.35,20.01,77.04,11.26,219.3,19.92,79.1,11.51,19.92,79.1,22.13,68.69,11.45,30.46,40.44,11.01,219.3,0.04,0.69,0.0
2232.0,2024-02-13,15:51:29,2232.0,20.36,20.01,77.03,11.27,219.33,19.93,79.1,11.51,19.93,79.1,22.14,68.67,11.45,30.53,40.31,11.02,219.33,0.04,0.69,0.0
2233.0,2024-02-13,15:51:30,2233.0,20.36,20.01,77.03,11.27,219.33,19.93,79.1,11.51,19.93,79.1,22.14,68.67,11.45,30.53,40.31,11.02,219.33,0.04,0.7,0.0
2234.0,2024-02-13,15:51:31,2234.0,20.36,20.01,77.03,11.27,219.39,19.93,79.1,11.51,19.93,79.1,22.14,68.67,11.45,30.53,40.31,11.02,219.39,0.04,0.7,0.0
2235.0,2024-02-13,15:51:32,2235.0,20.37,20.01,77.07,11.27,219.35,19.92,79.11,11.51,19.92,79.11,22.14,68.63,11.45,30.58,40.16,11.01,219.35,0.04,0.7,0.0
2236.0,2024-02-13,15:51:33,2236.0,20.37,20.01,77.07,11.27,219.41,19.92,79.11,11.51,19.92,79.11,22.14,68.63,11.45,30.58,40.16,11.01,219.41,0.04,0.7,0.0
2237.0,2024-02-13,15:51:34,2237.0,20.37,20.01,77.07,11.27,219.34,19.92,79.11,11.51,19.92,79.11,22.14,68.63,11.45,30.58,40.16,11.01,219.34,0.04,0.7,0.0
2238.0,2024-02-13,15:51:35,2238.0,20.37,20.01,77.07,11.27,219.29,19.92,79.11,11.51,19.92,79.11,22.14,68.63,11.45,30.58,40.16,11.01,219.29,0.04,0.7,0.0
2239.0,2024-02-13,15:51:36,2239.0,20.39,20.01,77.03,11.27,219.33,19.93,79.08,11.51,19.93,79.08,22.14,68.67,11.45,30.64,40.04,11.02,219.33,0.04,0.71,0.0
2240.0,2024-02-13,15:51:37,2240.0,20.39,20.01,77.03,11.27,219.28,19.93,79.08,11.51,19.93,79.08,22.14,68.67,11.45,30.64,40.04,11.02,219.28,0.04,0.71,0.0
2241.0,2024-02-13,15:51:38,2241.0,20.4,20.01,77.02,11.27,219.33,19.93,79.05,11.51,19.93,79.05,22.13,68.75,11.46,30.7,39.91,11.02,219.33,0.04,0.71,0.0
2242.0,2024-02-13,15:51:39,2242.0,20.4,20.01,77.02,11.27,219.32,19.93,79.05,11.51,19.93,79.05,22.13,68.75,11.46,30.7,39.91,11.02,219.32,0.04,0.71,0.0
2243.0,2024-02-13,15:51:40,2243.0,20.4,20.01,77.02,11.27,219.46,19.93,79.05,11.51,19.93,79.05,22.13,68.75,11.46,30.7,39.91,11.02,219.46,0.04,0.71,0.0
2244.0,2024-02-13,15:51:41,2244.0,20.4,20.01,77.02,11.27,219.27,19.93,79.05,11.51,19.93,79.05,22.13,68.75,11.46,30.7,39.91,11.02,219.27,0.04,0.71,0.0
2245.0,2024-02-13,15:51:42,2245.0,20.41,20.01,77.02,11.27,219.24,19.93,79.06,11.51,19.93,79.06,22.11,68.86,11.46,30.76,39.78,11.02,219.24,0.04,0.72,0.0
2246.0,2024-02-13,15:51:43,2246.0,20.41,20.01,77.02,11.27,219.34,19.93,79.06,11.51,19.93,79.06,22.11,68.86,11.46,30.76,39.78,11.02,219.34,0.04,0.72,0.0
2247.0,2024-02-13,15:51:44,2247.0,20.43,20.02,76.96,11.26,219.31,19.93,79.02,11.51,19.93,79.02,22.11,68.94,11.47,30.81,39.63,11.01,219.31,0.04,0.72,0.0
2248.0,2024-02-13,15:51:45,2248.0,20.43,20.02,76.96,11.26,219.28,19.93,79.02,11.51,19.93,79.02,22.11,68.94,11.47,30.81,39.63,11.01,219.28,0.04,0.72,0.0
2249.0,2024-02-13,15:51:46,2249.0,20.43,20.02,76.96,11.26,219.29,19.93,79.02,11.51,19.93,79.02,22.11,68.94,11.47,30.81,39.63,11.01,219.29,0.04,0.72,0.0
2250.0,2024-02-13,15:51:47,2250.0,20.43,20.02,76.96,11.26,219.35,19.93,79.02,11.51,19.93,79.02,22.11,68.94,11.47,30.81,39.63,11.01,219.35,0.04,0.72,0.0
2251.0,2024-02-13,15:51:48,2251.0,20.45,20.02,76.92,11.26,219.32,19.93,79.02,11.51,19.93,79.02,22.11,68.92,11.47,30.87,39.5,11.01,219.32,0.04,0.72,0.0
2252.0,2024-02-13,15:51:49,2252.0,20.45,20.02,76.92,11.26,219.34,19.93,79.02,11.51,19.93,79.02,22.11,68.92,11.47,30.87,39.5,11.01,219.34,0.04,0.72,0.0
2253.0,2024-02-13,15:51:50,2253.0,20.46,20.03,76.91,11.26,219.37,19.94,78.99,11.5,19.94,78.99,22.13,68.79,11.46,30.92,39.36,11.01,219.37,0.04,0.72,0.0
2254.0,2024-02-13,15:51:51,2254.0,20.46,20.03,76.91,11.26,219.31,19.94,78.99,11.5,19.94,78.99,22.13,68.79,11.46,30.92,39.36,11.01,219.31,0.04,0.73,0.0
2255.0,2024-02-13,15:51:52,2255.0,20.46,20.03,76.91,11.26,219.37,19.94,78.99,11.5,19.94,78.99,22.13,68.79,11.46,30.92,39.36,11.01,219.37,0.04,0.73,0.0
2256.0,2024-02-13,15:51:53,2256.0,20.46,20.03,76.91,11.26,219.34,19.94,78.99,11.5,19.94,78.99,22.13,68.79,11.46,30.92,39.36,11.01,219.34,0.04,0.73,0.0
2257.0,2024-02-13,15:51:54,2257.0,20.48,20.03,76.84,11.25,219.28,19.94,78.98,11.51,19.94,78.98,22.15,68.67,11.46,30.98,39.24,11.01,219.28,0.04,0.73,0.0
2258.0,2024-02-13,15:51:55,2258.0,20.48,20.03,76.84,11.25,219.34,19.94,78.98,11.51,19.94,78.98,22.15,68.67,11.46,30.98,39.24,11.01,219.34,0.04,0.73,0.0
2259.0,2024-02-13,15:51:56,2259.0,20.5,20.04,76.8,11.25,219.7,19.95,78.96,11.51,19.95,78.96,22.16,68.64,11.46,31.04,39.11,11.01,219.7,0.04,0.73,0.0
2260.0,2024-02-13,15:51:57,2260.0,20.5,20.04,76.8,11.25,219.36,19.95,78.96,11.51,19.95,78.96,22.16,68.64,11.46,31.04,39.11,11.01,219.36,0.04,0.74,0.0
2261.0,2024-02-13,15:51:58,2261.0,20.5,20.04,76.8,11.25,219.23,19.95,78.96,11.51,19.95,78.96,22.16,68.64,11.46,31.04,39.11,11.01,219.23,0.04,0.73,0.0
2262.0,2024-02-13,15:51:59,2262.0,20.51,20.04,76.79,11.25,219.4,19.94,78.94,11.5,19.94,78.94,22.15,68.66,11.46,31.08,39.02,11.01,219.4,0.04,0.74,0.0
2263.0,2024-02-13,15:52:00,2263.0,20.51,20.04,76.79,11.25,219.36,19.94,78.94,11.5,19.94,78.94,22.15,68.66,11.46,31.08,39.02,11.01,219.36,0.04,0.74,0.0
2264.0,2024-02-13,15:52:01,2264.0,20.51,20.04,76.79,11.25,219.04,19.94,78.94,11.5,19.94,78.94,22.15,68.66,11.46,31.08,39.02,11.01,219.04,0.04,0.74,0.0
2265.0,2024-02-13,15:52:02,2265.0,20.51,20.04,76.79,11.25,219.02,19.94,78.94,11.5,19.94,78.94,22.15,68.66,11.46,31.08,39.02,11.01,219.02,0.04,0.74,0.0
2266.0,2024-02-13,15:52:03,2266.0,20.53,20.04,76.76,11.25,218.6,19.95,78.93,11.5,19.95,78.93,22.17,68.56,11.45,31.13,38.92,11.01,218.6,0.04,0.74,0.0
2267.0,2024-02-13,15:52:04,2267.0,20.53,20.04,76.76,11.25,218.65,19.95,78.93,11.5,19.95,78.93,22.17,68.56,11.45,31.13,38.92,11.01,218.65,0.04,0.74,0.0
2268.0,2024-02-13,15:52:05,2268.0,20.55,20.05,76.71,11.25,218.65,19.95,78.9,11.5,19.95,78.9,22.17,68.54,11.45,31.19,38.82,11.02,218.65,0.04,0.74,0.0
2269.0,2024-02-13,15:52:06,2269.0,20.55,20.05,76.71,11.25,218.68,19.95,78.9,11.5,19.95,78.9,22.17,68.54,11.45,31.19,38.82,11.02,218.68,0.04,0.75,0.0
2270.0,2024-02-13,15:52:07,2270.0,20.55,20.05,76.71,11.25,218.58,19.95,78.9,11.5,19.95,78.9,22.17,68.54,11.45,31.19,38.82,11.02,218.58,0.04,0.75,0.0
2271.0,2024-02-13,15:52:08,2271.0,20.55,20.05,76.71,11.25,218.57,19.95,78.9,11.5,19.95,78.9,22.17,68.54,11.45,31.19,38.82,11.02,218.57,0.04,0.75,0.0
2272.0,2024-02-13,15:52:09,2272.0,20.55,20.05,76.69,11.24,218.5,19.95,78.9,11.5,19.95,78.9,22.18,68.46,11.44,31.22,38.76,11.03,218.5,0.04,0.75,0.0
2273.0,2024-02-13,15:52:10,2273.0,20.55,20.05,76.69,11.24,218.69,19.95,78.9,11.5,19.95,78.9,22.18,68.46,11.44,31.22,38.76,11.03,218.69,0.04,0.75,0.0
2274.0,2024-02-13,15:52:11,2274.0,20.56,20.05,76.67,11.24,218.62,19.95,78.88,11.5,19.95,78.88,22.18,68.48,11.45,31.28,38.69,11.04,218.62,0.04,0.75,0.0
2275.0,2024-02-13,15:52:12,2275.0,20.56,20.05,76.67,11.24,218.75,19.95,78.88,11.5,19.95,78.88,22.18,68.48,11.45,31.28,38.69,11.04,218.75,0.04,0.76,0.0
2276.0,2024-02-13,15:52:13,2276.0,20.56,20.05,76.67,11.24,218.74,19.95,78.88,11.5,19.95,78.88,22.18,68.48,11.45,31.28,38.69,11.04,218.74,0.04,0.76,0.0
2277.0,2024-02-13,15:52:14,2277.0,20.56,20.05,76.67,11.24,218.68,19.95,78.88,11.5,19.95,78.88,22.18,68.48,11.45,31.28,38.69,11.04,218.68,0.04,0.76,0.0
2278.0,2024-02-13,15:52:15,2278.0,20.57,20.06,76.7,11.25,218.29,19.95,78.9,11.5,19.95,78.9,22.18,68.52,11.45,31.33,38.62,11.05,218.29,0.04,0.76,0.0
2279.0,2024-02-13,15:52:16,2279.0,20.57,20.06,76.7,11.25,218.01,19.95,78.9,11.5,19.95,78.9,22.18,68.52,11.45,31.33,38.62,11.05,218.01,0.04,0.76,0.0
2280.0,2024-02-13,15:52:17,2280.0,20.58,20.06,76.67,11.25,218.19,19.96,78.88,11.5,19.96,78.88,22.17,68.58,11.45,31.38,38.56,11.07,218.19,0.04,0.76,0.0
2281.0,2024-02-13,15:52:18,2281.0,20.58,20.06,76.67,11.25,218.34,19.96,78.88,11.5,19.96,78.88,22.17,68.58,11.45,31.38,38.56,11.07,218.34,0.04,0.77,0.0
2282.0,2024-02-13,15:52:19,2282.0,20.58,20.06,76.67,11.25,218.32,19.96,78.88,11.5,19.96,78.88,22.17,68.58,11.45,31.38,38.56,11.07,218.32,0.04,0.77,0.0
2283.0,2024-02-13,15:52:20,2283.0,20.59,20.06,76.71,11.25,218.22,19.96,78.9,11.5,19.96,78.9,22.16,68.62,11.46,31.42,38.48,11.07,218.22,0.04,0.77,0.0
2284.0,2024-02-13,15:52:21,2284.0,20.59,20.06,76.71,11.25,218.71,19.96,78.9,11.5,19.96,78.9,22.16,68.62,11.46,31.42,38.48,11.07,218.71,0.04,0.77,0.0
2285.0,2024-02-13,15:52:22,2285.0,20.59,20.06,76.71,11.25,218.6,19.96,78.9,11.5,19.96,78.9,22.16,68.62,11.46,31.42,38.48,11.07,218.6,0.04,0.77,0.0
2286.0,2024-02-13,15:52:23,2286.0,20.59,20.06,76.71,11.25,218.67,19.96,78.9,11.5,19.96,78.9,22.16,68.62,11.46,31.42,38.48,11.07,218.67,0.04,0.77,0.0
2287.0,2024-02-13,15:52:24,2287.0,20.6,20.06,76.68,11.25,218.93,19.96,78.87,11.5,19.96,78.87,22.15,68.65,11.46,31.46,38.42,11.08,218.93,0.04,0.78,0.0
2288.0,2024-02-13,15:52:25,2288.0,20.6,20.06,76.68,11.25,219.23,19.96,78.87,11.5,19.96,78.87,22.15,68.65,11.46,31.46,38.42,11.08,219.23,0.04,0.78,0.0
2289.0,2024-02-13,15:52:26,2289.0,20.61,20.07,76.72,11.26,219.26,19.96,78.87,11.51,19.96,78.87,22.15,68.7,11.46,31.51,38.35,11.09,219.26,0.04,0.78,0.0
2290.0,2024-02-13,15:52:27,2290.0,20.61,20.07,76.72,11.26,219.59,19.96,78.87,11.51,19.96,78.87,22.15,68.7,11.46,31.51,38.35,11.09,219.59,0.04,0.78,0.0
2291.0,2024-02-13,15:52:28,2291.0,20.61,20.07,76.72,11.26,219.46,19.96,78.87,11.51,19.96,78.87,22.15,68.7,11.46,31.51,38.35,11.09,219.46,0.04,0.78,0.0
2292.0,2024-02-13,15:52:29,2292.0,20.61,20.07,76.72,11.26,219.56,19.96,78.87,11.51,19.96,78.87,22.15,68.7,11.46,31.51,38.35,11.09,219.56,0.04,0.78,0.0
2293.0,2024-02-13,15:52:30,2293.0,20.62,20.07,76.72,11.26,219.54,19.96,78.89,11.51,19.96,78.89,22.13,68.75,11.46,31.55,38.28,11.09,219.54,0.04,0.79,0.0
2294.0,2024-02-13,15:52:31,2294.0,20.62,20.07,76.72,11.26,219.42,19.96,78.89,11.51,19.96,78.89,22.13,68.75,11.46,31.55,38.28,11.09,219.42,0.04,0.79,0.0
2295.0,2024-02-13,15:52:32,2295.0,20.63,20.07,76.77,11.27,219.24,19.97,78.86,11.51,19.97,78.86,22.12,68.78,11.46,31.59,38.24,11.11,219.24,0.04,0.79,0.0
2296.0,2024-02-13,15:52:33,2296.0,20.63,20.07,76.77,11.27,219.32,19.97,78.86,11.51,19.97,78.86,22.12,68.78,11.46,31.59,38.24,11.11,219.32,0.04,0.79,0.0
2297.0,2024-02-13,15:52:34,2297.0,20.63,20.07,76.77,11.27,219.38,19.97,78.86,11.51,19.97,78.86,22.12,68.78,11.46,31.59,38.24,11.11,219.38,0.04,0.79,0.0
2298.0,2024-02-13,15:52:35,2298.0,20.63,20.07,76.77,11.27,219.11,19.97,78.86,11.51,19.97,78.86,22.12,68.78,11.46,31.59,38.24,11.11,219.11,0.04,0.79,0.0
2299.0,2024-02-13,15:52:36,2299.0,20.64,20.07,76.77,11.27,219.5,19.97,78.87,11.51,19.97,78.87,22.12,68.8,11.46,31.63,38.18,11.11,219.5,0.04,0.8,0.0
2300.0,2024-02-13,15:52:37,2300.0,20.64,20.07,76.77,11.27,219.23,19.97,78.87,11.51,19.97,78.87,22.12,68.8,11.46,31.63,38.18,11.11,219.23,0.04,0.8,0.0
2301.0,2024-02-13,15:52:38,2301.0,20.64,20.07,76.78,11.28,218.92,19.97,78.9,11.52,19.97,78.9,22.11,68.84,11.46,31.66,38.12,11.12,218.92,0.04,0.79,0.0
2302.0,2024-02-13,15:52:39,2302.0,20.64,20.07,76.78,11.28,218.96,19.97,78.9,11.52,19.97,78.9,22.11,68.84,11.46,31.66,38.12,11.12,218.96,0.04,0.8,0.0
2303.0,2024-02-13,15:52:40,2303.0,20.64,20.07,76.78,11.28,219.25,19.97,78.9,11.52,19.97,78.9,22.11,68.84,11.46,31.66,38.12,11.12,219.25,0.04,0.8,0.0
2304.0,2024-02-13,15:52:41,2304.0,20.64,20.08,76.77,11.28,219.06,19.97,78.89,11.52,19.97,78.89,22.11,68.91,11.47,31.7,38.05,11.12,219.06,0.04,0.8,0.0
2305.0,2024-02-13,15:52:42,2305.0,20.64,20.08,76.77,11.28,219.07,19.97,78.89,11.52,19.97,78.89,22.11,68.91,11.47,31.7,38.05,11.12,219.07,0.04,0.8,0.0
2306.0,2024-02-13,15:52:43,2306.0,20.64,20.08,76.77,11.28,218.96,19.97,78.89,11.52,19.97,78.89,22.11,68.91,11.47,31.7,38.05,11.12,218.96,0.04,0.8,0.0
2307.0,2024-02-13,15:52:44,2307.0,20.64,20.08,76.78,11.28,218.9,19.97,78.91,11.52,19.97,78.91,22.1,68.93,11.47,31.74,37.97,11.12,218.9,0.04,0.8,0.0
2308.0,2024-02-13,15:52:45,2308.0,20.64,20.08,76.78,11.28,219.28,19.97,78.91,11.52,19.97,78.91,22.1,68.93,11.47,31.74,37.97,11.12,219.28,0.04,0.8,0.0
2309.0,2024-02-13,15:52:46,2309.0,20.64,20.08,76.78,11.28,219.44,19.97,78.91,11.52,19.97,78.91,22.1,68.93,11.47,31.74,37.97,11.12,219.44,0.04,0.8,0.0
2310.0,2024-02-13,15:52:47,2310.0,20.64,20.08,76.75,11.28,219.38,19.98,78.91,11.52,19.98,78.91,22.1,68.97,11.48,31.78,37.91,11.13,219.38,0.04,0.8,0.0
2311.0,2024-02-13,15:52:48,2311.0,20.64,20.08,76.75,11.28,219.3,19.98,78.91,11.52,19.98,78.91,22.1,68.97,11.48,31.78,37.91,11.13,219.3,0.04,0.81,0.0
2312.0,2024-02-13,15:52:49,2312.0,20.64,20.08,76.75,11.28,219.21,19.98,78.91,11.52,19.98,78.91,22.1,68.97,11.48,31.78,37.91,11.13,219.21,0.04,0.81,0.0
2313.0,2024-02-13,15:52:50,2313.0,20.64,20.08,76.75,11.28,219.2,19.98,78.91,11.52,19.98,78.91,22.1,68.97,11.48,31.78,37.91,11.13,219.2,0.04,0.81,0.0
2314.0,2024-02-13,15:52:51,2314.0,20.65,20.09,76.77,11.28,219.58,19.98,78.87,11.52,19.98,78.87,22.1,68.99,11.48,31.82,37.84,11.13,219.58,0.04,0.81,0.0
2315.0,2024-02-13,15:52:52,2315.0,20.65,20.09,76.77,11.28,219.36,19.98,78.87,11.52,19.98,78.87,22.1,68.99,11.48,31.82,37.84,11.13,219.36,0.04,0.81,0.0
2316.0,2024-02-13,15:52:53,2316.0,20.66,20.09,76.79,11.28,219.23,19.98,78.9,11.52,19.98,78.9,22.11,68.98,11.48,31.85,37.77,11.13,219.23,0.04,0.81,0.0
2317.0,2024-02-13,15:52:54,2317.0,20.66,20.09,76.79,11.28,219.44,19.98,78.9,11.52,19.98,78.9,22.11,68.98,11.48,31.85,37.77,11.13,219.44,0.04,0.81,0.0
2318.0,2024-02-13,15:52:55,2318.0,20.66,20.09,76.79,11.28,219.26,19.98,78.9,11.52,19.98,78.9,22.11,68.98,11.48,31.85,37.77,11.13,219.26,0.04,0.81,0.0
2319.0,2024-02-13,15:52:56,2319.0,20.67,20.09,76.79,11.29,219.04,19.98,78.9,11.52,19.98,78.9,22.11,68.94,11.48,31.88,37.7,11.14,219.04,0.04,0.81,0.0
2320.0,2024-02-13,15:52:57,2320.0,20.67,20.09,76.79,11.29,218.91,19.98,78.9,11.52,19.98,78.9,22.11,68.94,11.48,31.88,37.7,11.14,218.91,0.04,0.81,0.0
2321.0,2024-02-13,15:52:58,2321.0,20.67,20.09,76.79,11.29,218.92,19.98,78.9,11.52,19.98,78.9,22.11,68.94,11.48,31.88,37.7,11.14,218.92,0.04,0.81,0.0
2322.0,2024-02-13,15:52:59,2322.0,20.68,20.09,76.78,11.29,218.87,19.99,78.88,11.53,19.99,78.88,22.12,68.88,11.47,31.93,37.6,11.13,218.87,0.04,0.81,0.0
2323.0,2024-02-13,15:53:00,2323.0,20.68,20.09,76.78,11.29,218.92,19.99,78.88,11.53,19.99,78.88,22.12,68.88,11.47,31.93,37.6,11.13,218.92,0.04,0.82,0.0
2324.0,2024-02-13,15:53:01,2324.0,20.68,20.09,76.78,11.29,218.95,19.99,78.88,11.53,19.99,78.88,22.12,68.88,11.47,31.93,37.6,11.13,218.95,0.04,0.82,0.0
2325.0,2024-02-13,15:53:02,2325.0,20.69,20.09,76.8,11.29,218.94,19.99,78.91,11.53,19.99,78.91,22.13,68.79,11.47,31.96,37.52,11.13,218.94,0.04,0.82,0.0
2326.0,2024-02-13,15:53:03,2326.0,20.69,20.09,76.8,11.29,218.91,19.99,78.91,11.53,19.99,78.91,22.13,68.79,11.47,31.96,37.52,11.13,218.91,0.04,0.82,0.0
2327.0,2024-02-13,15:53:04,2327.0,20.69,20.09,76.8,11.29,219.03,19.99,78.91,11.53,19.99,78.91,22.13,68.79,11.47,31.96,37.52,11.13,219.03,0.04,0.82,0.0
2328.0,2024-02-13,15:53:05,2328.0,20.7,20.1,76.77,11.29,218.9,19.99,78.9,11.53,19.99,78.9,22.14,68.73,11.46,31.99,37.43,11.12,218.9,0.04,0.82,0.0
2329.0,2024-02-13,15:53:06,2329.0,20.7,20.1,76.77,11.29,218.87,19.99,78.9,11.53,19.99,78.9,22.14,68.73,11.46,31.99,37.43,11.12,218.87,0.04,0.82,0.0
2330.0,2024-02-13,15:53:07,2330.0,20.7,20.1,76.77,11.29,219.35,19.99,78.9,11.53,19.99,78.9,22.14,68.73,11.46,31.99,37.43,11.12,219.35,0.04,0.82,0.0
2331.0,2024-02-13,15:53:08,2331.0,20.71,20.1,76.76,11.29,219.29,19.99,78.9,11.53,19.99,78.9,22.15,68.68,11.46,32.03,37.34,11.12,219.29,0.04,0.82,0.0
2332.0,2024-02-13,15:53:09,2332.0,20.71,20.1,76.76,11.29,219.46,19.99,78.9,11.53,19.99,78.9,22.15,68.68,11.46,32.03,37.34,11.12,219.46,0.04,0.82,0.0
2333.0,2024-02-13,15:53:10,2333.0,20.71,20.1,76.76,11.29,219.39,19.99,78.9,11.53,19.99,78.9,22.15,68.68,11.46,32.03,37.34,11.12,219.39,0.04,0.82,0.0
2334.0,2024-02-13,15:53:11,2334.0,20.73,20.1,76.75,11.29,219.43,19.99,78.91,11.53,19.99,78.91,22.15,68.66,11.46,32.06,37.26,11.12,219.43,0.04,0.82,0.0
2335.0,2024-02-13,15:53:12,2335.0,20.73,20.1,76.75,11.29,219.35,19.99,78.91,11.53,19.99,78.91,22.15,68.66,11.46,32.06,37.26,11.12,219.35,0.04,0.82,0.0
2336.0,2024-02-13,15:53:13,2336.0,20.73,20.1,76.75,11.29,219.28,19.99,78.91,11.53,19.99,78.91,22.15,68.66,11.46,32.06,37.26,11.12,219.28,0.04,0.82,0.0
2337.0,2024-02-13,15:53:14,2337.0,20.74,20.1,76.73,11.29,219.49,19.99,78.9,11.53,19.99,78.9,22.16,68.64,11.46,32.09,37.19,11.11,219.49,0.04,0.82,0.0
2338.0,2024-02-13,15:53:15,2338.0,20.74,20.1,76.73,11.29,219.36,19.99,78.9,11.53,19.99,78.9,22.16,68.64,11.46,32.09,37.19,11.11,219.36,0.04,0.83,0.0
2339.0,2024-02-13,15:53:16,2339.0,20.74,20.1,76.73,11.29,219.29,19.99,78.9,11.53,19.99,78.9,22.16,68.64,11.46,32.09,37.19,11.11,219.29,0.04,0.83,0.0
2340.0,2024-02-13,15:53:17,2340.0,20.76,20.11,76.72,11.29,219.33,19.99,78.88,11.53,19.99,78.88,22.16,68.6,11.45,32.12,37.12,11.11,219.33,0.04,0.83,0.0
2341.0,2024-02-13,15:53:18,2341.0,20.76,20.11,76.72,11.29,219.36,19.99,78.88,11.53,19.99,78.88,22.16,68.6,11.45,32.12,37.12,11.11,219.36,0.04,0.83,0.0
2342.0,2024-02-13,15:53:19,2342.0,20.76,20.11,76.72,11.29,219.31,19.99,78.88,11.53,19.99,78.88,22.16,68.6,11.45,32.12,37.12,11.11,219.31,0.04,0.83,0.0
2343.0,2024-02-13,15:53:20,2343.0,20.78,20.1,76.74,11.29,219.37,19.99,78.87,11.52,19.99,78.87,22.16,68.6,11.46,32.15,37.05,11.11,219.37,0.04,0.83,0.0
2344.0,2024-02-13,15:53:21,2344.0,20.78,20.1,76.74,11.29,219.32,19.99,78.87,11.52,19.99,78.87,22.16,68.6,11.46,32.15,37.05,11.11,219.32,0.03,0.83,0.0
2345.0,2024-02-13,15:53:22,2345.0,20.78,20.1,76.74,11.29,219.34,19.99,78.87,11.52,19.99,78.87,22.16,68.6,11.46,32.15,37.05,11.11,219.34,0.03,0.83,0.0
2346.0,2024-02-13,15:53:23,2346.0,20.78,20.1,76.74,11.29,219.33,19.99,78.87,11.52,19.99,78.87,22.16,68.6,11.46,32.15,37.05,11.11,219.33,0.03,0.83,0.0
2347.0,2024-02-13,15:53:24,2347.0,20.78,20.11,76.67,11.28,219.26,19.99,78.85,11.52,19.99,78.85,22.16,68.61,11.45,32.18,37,11.11,219.26,0.04,0.83,0.0
2348.0,2024-02-13,15:53:25,2348.0,20.78,20.11,76.67,11.28,219.01,19.99,78.85,11.52,19.99,78.85,22.16,68.61,11.45,32.18,37,11.11,219.01,0.04,0.83,0.0
2349.0,2024-02-13,15:53:26,2349.0,20.79,20.11,76.64,11.28,218.96,19.99,78.84,11.52,19.99,78.84,22.16,68.6,11.46,32.21,36.93,11.11,218.96,0.04,0.83,0.0
2350.0,2024-02-13,15:53:27,2350.0,20.79,20.11,76.64,11.28,219.13,19.99,78.84,11.52,19.99,78.84,22.16,68.6,11.46,32.21,36.93,11.11,219.13,0.04,0.83,0.0
2351.0,2024-02-13,15:53:28,2351.0,20.79,20.11,76.64,11.28,218.95,19.99,78.84,11.52,19.99,78.84,22.16,68.6,11.46,32.21,36.93,11.11,218.95,0.04,0.83,0.0
2352.0,2024-02-13,15:53:29,2352.0,20.8,20.12,76.61,11.28,219.04,20,78.82,11.52,20,78.82,22.16,68.58,11.45,32.24,36.88,11.11,219.04,0.04,0.83,0.0
2353.0,2024-02-13,15:53:30,2353.0,20.8,20.12,76.61,11.28,218.81,20,78.82,11.52,20,78.82,22.16,68.58,11.45,32.24,36.88,11.11,218.81,0.04,0.84,0.0
2354.0,2024-02-13,15:53:31,2354.0,20.8,20.12,76.61,11.28,218.6,20,78.82,11.52,20,78.82,22.16,68.58,11.45,32.24,36.88,11.11,218.6,0.04,0.83,0.0
2355.0,2024-02-13,15:53:32,2355.0,20.81,20.11,76.6,11.27,218.7,19.99,78.83,11.52,19.99,78.83,22.16,68.56,11.45,32.26,36.82,11.11,218.7,0.04,0.84,0.0
2356.0,2024-02-13,15:53:33,2356.0,20.81,20.11,76.6,11.27,218.75,19.99,78.83,11.52,19.99,78.83,22.16,68.56,11.45,32.26,36.82,11.11,218.75,0.04,0.84,0.0
2357.0,2024-02-13,15:53:34,2357.0,20.81,20.11,76.6,11.27,218.8,19.99,78.83,11.52,19.99,78.83,22.16,68.56,11.45,32.26,36.82,11.11,218.8,0.04,0.84,0.0
2358.0,2024-02-13,15:53:35,2358.0,20.82,20.12,76.58,11.27,218.61,20,78.81,11.52,20,78.81,22.17,68.5,11.44,32.29,36.77,11.11,218.61,0.04,0.84,0.0
2359.0,2024-02-13,15:53:36,2359.0,20.82,20.12,76.58,11.27,218.65,20,78.81,11.52,20,78.81,22.17,68.5,11.44,32.29,36.77,11.11,218.65,0.04,0.84,0.0
2360.0,2024-02-13,15:53:37,2360.0,20.82,20.12,76.58,11.27,218.62,20,78.81,11.52,20,78.81,22.17,68.5,11.44,32.29,36.77,11.11,218.62,0.04,0.84,0.0
2361.0,2024-02-13,15:53:38,2361.0,20.82,20.12,76.58,11.27,218.29,20,78.81,11.52,20,78.81,22.17,68.5,11.44,32.29,36.77,11.11,218.29,0.04,0.84,0.0
2362.0,2024-02-13,15:53:39,2362.0,20.82,20.12,76.54,11.27,218.66,20,78.8,11.52,20,78.8,22.17,68.49,11.44,32.32,36.72,11.12,218.66,0.04,0.84,0.0
2363.0,2024-02-13,15:53:40,2363.0,20.82,20.12,76.54,11.27,218.55,20,78.8,11.52,20,78.8,22.17,68.49,11.44,32.32,36.72,11.12,218.55,0.04,0.84,0.0
2364.0,2024-02-13,15:53:41,2364.0,20.83,20.13,76.51,11.27,218.64,20,78.81,11.52,20,78.81,22.16,68.51,11.44,32.35,36.66,11.12,218.64,0.04,0.84,0.0
2365.0,2024-02-13,15:53:42,2365.0,20.83,20.13,76.51,11.27,218.64,20,78.81,11.52,20,78.81,22.16,68.51,11.44,32.35,36.66,11.12,218.64,0.04,0.84,0.0
2366.0,2024-02-13,15:53:43,2366.0,20.83,20.13,76.51,11.27,218.66,20,78.81,11.52,20,78.81,22.16,68.51,11.44,32.35,36.66,11.12,218.66,0.04,0.84,0.0
2367.0,2024-02-13,15:53:44,2367.0,20.83,20.13,76.51,11.27,218.35,20,78.81,11.52,20,78.81,22.16,68.51,11.44,32.35,36.66,11.12,218.35,0.04,0.84,0.0
2368.0,2024-02-13,15:53:45,2368.0,20.84,20.13,76.49,11.27,218.23,20,78.78,11.52,20,78.78,22.14,68.61,11.44,32.37,36.61,11.11,218.23,0.04,0.84,0.0
2369.0,2024-02-13,15:53:46,2369.0,20.84,20.13,76.49,11.27,218.45,20,78.78,11.52,20,78.78,22.14,68.61,11.44,32.37,36.61,11.11,218.45,0.04,0.84,0.0
2370.0,2024-02-13,15:53:47,2370.0,20.85,20.13,76.43,11.26,218.58,20.01,78.76,11.52,20.01,78.76,22.44,66.65,11.32,32.4,36.54,11.12,218.58,0.04,0.84,0.0
2371.0,2024-02-13,15:53:48,2371.0,20.85,20.13,76.43,11.26,218.71,20.01,78.76,11.52,20.01,78.76,22.44,66.65,11.32,32.4,36.54,11.12,218.71,0.04,0.85,0.0
2372.0,2024-02-13,15:53:49,2372.0,20.85,20.13,76.43,11.26,218.67,20.01,78.76,11.52,20.01,78.76,22.44,66.65,11.32,32.4,36.54,11.12,218.67,0.04,0.85,0.0
2373.0,2024-02-13,15:53:50,2373.0,20.86,20.14,76.4,11.26,218.56,20.01,78.75,11.52,20.01,78.75,22.76,64.54,11.17,32.43,36.49,11.11,218.56,0.04,0.85,0.0
2374.0,2024-02-13,15:53:51,2374.0,20.86,20.14,76.4,11.26,218.75,20.01,78.75,11.52,20.01,78.75,22.76,64.54,11.17,32.43,36.49,11.11,218.75,0.04,0.85,0.0
2375.0,2024-02-13,15:53:52,2375.0,20.86,20.14,76.4,11.26,218.71,20.01,78.75,11.52,20.01,78.75,22.76,64.54,11.17,32.43,36.49,11.11,218.71,0.04,0.85,0.0
2376.0,2024-02-13,15:53:53,2376.0,20.88,20.14,76.39,11.26,218.77,20.01,78.76,11.52,20.01,78.76,22.83,64.01,11.12,32.46,36.43,11.11,218.77,0.04,0.85,0.0
2377.0,2024-02-13,15:53:54,2377.0,20.88,20.14,76.39,11.26,218.65,20.01,78.76,11.52,20.01,78.76,22.83,64.01,11.12,32.46,36.43,11.11,218.65,0.04,0.85,0.0
2378.0,2024-02-13,15:53:55,2378.0,20.88,20.14,76.39,11.26,218.61,20.01,78.76,11.52,20.01,78.76,22.83,64.01,11.12,32.46,36.43,11.11,218.61,0.04,0.85,0.0
2379.0,2024-02-13,15:53:56,2379.0,20.88,20.15,76.35,11.26,218.25,20.01,78.73,11.52,20.01,78.73,22.81,64.53,11.21,32.48,36.39,11.11,218.25,0.04,0.85,0.0
2380.0,2024-02-13,15:53:57,2380.0,20.88,20.15,76.35,11.26,218.29,20.01,78.73,11.52,20.01,78.73,22.81,64.53,11.21,32.48,36.39,11.11,218.29,0.04,0.85,0.0
2381.0,2024-02-13,15:53:58,2381.0,20.88,20.15,76.35,11.26,218.02,20.01,78.73,11.52,20.01,78.73,22.81,64.53,11.21,32.48,36.39,11.11,218.02,0.04,0.85,0.0
2382.0,2024-02-13,15:53:59,2382.0,20.88,20.15,76.35,11.26,218.22,20.01,78.73,11.52,20.01,78.73,22.81,64.53,11.21,32.48,36.39,11.11,218.22,0.04,0.85,0.0
2383.0,2024-02-13,15:54:00,2383.0,20.9,20.15,76.31,11.26,218.03,20.02,78.71,11.52,20.02,78.71,22.77,68.18,11.82,32.5,36.34,11.11,218.03,0.04,0.85,0.0
2384.0,2024-02-13,15:54:01,2384.0,20.9,20.15,76.31,11.26,218.31,20.02,78.71,11.52,20.02,78.71,22.77,68.18,11.82,32.5,36.34,11.11,218.31,0.04,0.85,0.0
2385.0,2024-02-13,15:54:02,2385.0,20.89,20.15,76.31,11.26,218.34,20.01,78.68,11.51,20.01,78.68,22.72,70.44,12.18,32.51,36.29,11.11,218.34,0.04,0.85,0.0
2386.0,2024-02-13,15:54:03,2386.0,20.89,20.15,76.31,11.26,218.55,20.01,78.68,11.51,20.01,78.68,22.72,70.44,12.18,32.51,36.29,11.11,218.55,0.04,0.85,0.0
2387.0,2024-02-13,15:54:04,2387.0,20.89,20.15,76.31,11.26,219,20.01,78.68,11.51,20.01,78.68,22.72,70.44,12.18,32.51,36.29,11.11,219,0.04,0.86,0.0
2388.0,2024-02-13,15:54:05,2388.0,20.9,20.16,76.23,11.25,218.93,20.02,78.66,11.51,20.02,78.66,22.68,72.02,12.43,32.55,36.23,11.11,218.93,0.04,0.86,0.0
2389.0,2024-02-13,15:54:06,2389.0,20.9,20.16,76.23,11.25,219.29,20.02,78.66,11.51,20.02,78.66,22.68,72.02,12.43,32.55,36.23,11.11,219.29,0.04,0.86,0.0
2390.0,2024-02-13,15:54:07,2390.0,20.9,20.16,76.23,11.25,219.42,20.02,78.66,11.51,20.02,78.66,22.68,72.02,12.43,32.55,36.23,11.11,219.42,0.04,0.86,0.0
2391.0,2024-02-13,15:54:08,2391.0,20.91,20.16,76.23,11.25,219.36,20.02,78.64,11.51,20.02,78.64,22.62,73.28,12.61,32.57,36.17,11.11,219.36,0.04,0.86,0.0
2392.0,2024-02-13,15:54:09,2392.0,20.91,20.16,76.23,11.25,219.26,20.02,78.64,11.51,20.02,78.64,22.62,73.28,12.61,32.57,36.17,11.11,219.26,0.04,0.86,0.0
2393.0,2024-02-13,15:54:10,2393.0,20.91,20.16,76.23,11.25,219.37,20.02,78.64,11.51,20.02,78.64,22.62,73.28,12.61,32.57,36.17,11.11,219.37,0.04,0.86,0.0
2394.0,2024-02-13,15:54:11,2394.0,20.9,20.16,76.21,11.25,219.41,20.02,78.62,11.51,20.02,78.62,22.56,74.24,12.72,32.6,36.13,11.11,219.41,0.04,0.86,0.0
2395.0,2024-02-13,15:54:12,2395.0,20.9,20.16,76.21,11.25,219.38,20.02,78.62,11.51,20.02,78.62,22.56,74.24,12.72,32.6,36.13,11.11,219.38,0.04,0.86,0.0
2396.0,2024-02-13,15:54:13,2396.0,20.9,20.16,76.21,11.25,219.34,20.02,78.62,11.51,20.02,78.62,22.56,74.24,12.72,32.6,36.13,11.11,219.34,0.04,0.86,0.0
2397.0,2024-02-13,15:54:14,2397.0,20.9,20.16,76.21,11.25,219.34,20.02,78.62,11.51,20.02,78.62,22.56,74.24,12.72,32.6,36.13,11.11,219.34,0.04,0.86,0.0
2398.0,2024-02-13,15:54:15,2398.0,20.91,20.17,76.14,11.24,219.04,20.02,78.63,11.51,20.02,78.63,22.5,74.93,12.8,32.62,36.08,11.11,219.04,0.04,0.86,0.0
2399.0,2024-02-13,15:54:16,2399.0,20.91,20.17,76.14,11.24,219.09,20.02,78.63,11.51,20.02,78.63,22.5,74.93,12.8,32.62,36.08,11.11,219.09,0.04,0.86,0.0
2400.0,2024-02-13,15:54:17,2400.0,20.91,20.16,76.15,11.24,219.06,20.01,78.62,11.51,20.01,78.62,22.46,75.39,12.84,32.63,36.04,11.11,219.06,0.04,0.86,0.0
2401.0,2024-02-13,15:54:18,2401.0,20.91,20.16,76.15,11.24,218.58,20.01,78.62,11.51,20.01,78.62,22.46,75.39,12.84,32.63,36.04,11.11,218.58,0.04,0.86,0.0
2402.0,2024-02-13,15:54:19,2402.0,20.91,20.16,76.15,11.24,218.67,20.01,78.62,11.51,20.01,78.62,22.46,75.39,12.84,32.63,36.04,11.11,218.67,0.04,0.86,0.0
2403.0,2024-02-13,15:54:20,2403.0,20.91,20.16,76.15,11.24,218.68,20.01,78.62,11.51,20.01,78.62,22.46,75.39,12.84,32.63,36.04,11.11,218.68,0.04,0.86,0.0
2404.0,2024-02-13,15:54:21,2404.0,20.92,20.17,76.14,11.25,218.63,20.02,78.6,11.51,20.02,78.6,22.43,75.66,12.87,32.67,35.99,11.11,218.63,0.04,0.87,0.0
2405.0,2024-02-13,15:54:22,2405.0,20.92,20.17,76.14,11.25,218.7,20.02,78.6,11.51,20.02,78.6,22.43,75.66,12.87,32.67,35.99,11.11,218.7,0.04,0.87,0.0
2406.0,2024-02-13,15:54:23,2406.0,20.92,20.17,76.14,11.25,218.68,20.02,78.6,11.51,20.02,78.6,22.41,75.8,12.88,32.69,35.94,11.11,218.68,0.04,0.87,0.0
2407.0,2024-02-13,15:54:24,2407.0,20.92,20.17,76.14,11.25,218.16,20.02,78.6,11.51,20.02,78.6,22.41,75.8,12.88,32.69,35.94,11.11,218.16,0.04,0.87,0.0
2408.0,2024-02-13,15:54:25,2408.0,20.92,20.17,76.14,11.25,218.34,20.02,78.6,11.51,20.02,78.6,22.41,75.8,12.88,32.69,35.94,11.11,218.34,0.04,0.87,0.0
2409.0,2024-02-13,15:54:26,2409.0,20.93,20.18,76.08,11.24,217.92,20.02,78.6,11.51,20.02,78.6,22.39,75.82,12.87,32.71,35.91,11.11,217.92,0.04,0.87,0.0
2410.0,2024-02-13,15:54:27,2410.0,20.93,20.18,76.08,11.24,217.93,20.02,78.6,11.51,20.02,78.6,22.39,75.82,12.87,32.71,35.91,11.11,217.93,0.04,0.87,0.0
2411.0,2024-02-13,15:54:28,2411.0,20.93,20.18,76.08,11.24,218,20.02,78.6,11.51,20.02,78.6,22.39,75.82,12.87,32.71,35.91,11.11,218,0.04,0.87,0.0
2412.0,2024-02-13,15:54:29,2412.0,20.93,20.18,76.09,11.24,217.87,20.03,78.59,11.51,20.03,78.59,22.37,75.84,12.86,32.73,35.87,11.12,217.87,0.04,0.87,0.0
2413.0,2024-02-13,15:54:30,2413.0,20.93,20.18,76.09,11.24,217.98,20.03,78.59,11.51,20.03,78.59,22.37,75.84,12.86,32.73,35.87,11.12,217.98,0.04,0.87,0.0
2414.0,2024-02-13,15:54:31,2414.0,20.93,20.18,76.09,11.24,217.63,20.03,78.59,11.51,20.03,78.59,22.37,75.84,12.86,32.73,35.87,11.12,217.63,0.04,0.87,0.0
2415.0,2024-02-13,15:54:32,2415.0,20.95,20.18,76.06,11.24,217.63,20.03,78.54,11.51,20.03,78.54,22.35,75.84,12.84,32.75,35.84,11.12,217.63,0.04,0.87,0.0
2416.0,2024-02-13,15:54:33,2416.0,20.95,20.18,76.06,11.24,218.06,20.03,78.54,11.51,20.03,78.54,22.35,75.84,12.84,32.75,35.84,11.12,218.06,0.04,0.87,0.0
2417.0,2024-02-13,15:54:34,2417.0,20.95,20.18,76.06,11.24,218.02,20.03,78.54,11.51,20.03,78.54,22.35,75.84,12.84,32.75,35.84,11.12,218.02,0.04,0.87,0.0
2418.0,2024-02-13,15:54:35,2418.0,20.95,20.18,76.05,11.24,218.34,20.03,78.54,11.51,20.03,78.54,22.32,75.82,12.81,32.77,35.81,11.12,218.34,0.04,0.87,0.0
2419.0,2024-02-13,15:54:36,2419.0,20.95,20.18,76.05,11.24,218.71,20.03,78.54,11.51,20.03,78.54,22.32,75.82,12.81,32.77,35.81,11.12,218.71,0.04,0.88,0.0
2420.0,2024-02-13,15:54:37,2420.0,20.95,20.18,76.05,11.24,218.63,20.03,78.54,11.51,20.03,78.54,22.32,75.82,12.81,32.77,35.81,11.12,218.63,0.04,0.87,0.0
2421.0,2024-02-13,15:54:38,2421.0,20.96,20.19,76.02,11.24,218.65,20.04,78.53,11.51,20.04,78.53,22.31,75.75,12.79,32.79,35.76,11.12,218.65,0.04,0.87,0.0
2422.0,2024-02-13,15:54:39,2422.0,20.96,20.19,76.02,11.24,218.64,20.04,78.53,11.51,20.04,78.53,22.31,75.75,12.79,32.79,35.76,11.12,218.64,0.04,0.88,0.0
2423.0,2024-02-13,15:54:40,2423.0,20.96,20.19,76.02,11.24,219.02,20.04,78.53,11.51,20.04,78.53,22.31,75.75,12.79,32.79,35.76,11.12,219.02,0.04,0.88,0.0
2424.0,2024-02-13,15:54:41,2424.0,20.97,20.19,75.99,11.24,218.61,20.04,78.49,11.51,20.04,78.49,22.29,75.63,12.75,32.81,35.72,11.11,218.61,0.04,0.88,0.0
2425.0,2024-02-13,15:54:42,2425.0,20.97,20.19,75.99,11.24,219.05,20.04,78.49,11.51,20.04,78.49,22.29,75.63,12.75,32.81,35.72,11.11,219.05,0.04,0.88,0.0
2426.0,2024-02-13,15:54:43,2426.0,20.97,20.19,75.99,11.24,218.94,20.04,78.49,11.51,20.04,78.49,22.29,75.63,12.75,32.81,35.72,11.11,218.94,0.04,0.88,0.0
2427.0,2024-02-13,15:54:44,2427.0,20.99,20.19,75.97,11.24,219.04,20.04,78.48,11.51,20.04,78.48,22.26,75.54,12.71,32.82,35.68,11.11,219.04,0.04,0.88,0.0
2428.0,2024-02-13,15:54:45,2428.0,20.99,20.19,75.97,11.24,219.06,20.04,78.48,11.51,20.04,78.48,22.26,75.54,12.71,32.82,35.68,11.11,219.06,0.04,0.88,0.0
2429.0,2024-02-13,15:54:46,2429.0,20.99,20.19,75.97,11.24,218.6,20.04,78.48,11.51,20.04,78.48,22.26,75.54,12.71,32.82,35.68,11.11,218.6,0.04,0.88,0.0
2430.0,2024-02-13,15:54:47,2430.0,20.99,20.19,75.97,11.24,218.53,20.04,78.48,11.51,20.04,78.48,22.26,75.54,12.71,32.82,35.68,11.11,218.53,0.04,0.88,0.0
2431.0,2024-02-13,15:54:48,2431.0,21.01,20.2,75.94,11.24,218.21,20.05,78.45,11.51,20.05,78.45,22.25,75.4,12.68,32.84,35.64,11.11,218.21,0.04,0.88,0.0
2432.0,2024-02-13,15:54:49,2432.0,21.01,20.2,75.94,11.24,218.31,20.05,78.45,11.51,20.05,78.45,22.25,75.4,12.68,32.84,35.64,11.11,218.31,0.04,0.88,0.0
2433.0,2024-02-13,15:54:50,2433.0,21.02,20.2,75.91,11.23,218.27,20.05,78.42,11.5,20.05,78.42,22.23,75.23,12.64,32.86,35.59,11.11,218.27,0.04,0.88,0.0
2434.0,2024-02-13,15:54:51,2434.0,21.02,20.2,75.91,11.23,218.4,20.05,78.42,11.5,20.05,78.42,22.23,75.23,12.64,32.86,35.59,11.11,218.4,0.04,0.88,0.0
2435.0,2024-02-13,15:54:52,2435.0,21.02,20.2,75.91,11.23,218.35,20.05,78.42,11.5,20.05,78.42,22.23,75.23,12.64,32.86,35.59,11.11,218.35,0.04,0.88,0.0
2436.0,2024-02-13,15:54:53,2436.0,21.03,20.2,75.88,11.23,218.66,20.06,78.39,11.5,20.06,78.39,22.22,75.08,12.61,32.88,35.56,11.11,218.66,0.04,0.88,0.0
2437.0,2024-02-13,15:54:54,2437.0,21.03,20.2,75.88,11.23,218.6,20.06,78.39,11.5,20.06,78.39,22.22,75.08,12.61,32.88,35.56,11.11,218.6,0.04,0.88,0.0
2438.0,2024-02-13,15:54:55,2438.0,21.03,20.2,75.88,11.23,218.54,20.06,78.39,11.5,20.06,78.39,22.22,75.08,12.61,32.88,35.56,11.11,218.54,0.04,0.88,0.0
2439.0,2024-02-13,15:54:56,2439.0,21.04,20.21,75.81,11.23,218.72,20.06,78.39,11.5,20.06,78.39,22.21,74.92,12.57,32.9,35.53,11.12,218.72,0.04,0.88,0.0
2440.0,2024-02-13,15:54:57,2440.0,21.04,20.21,75.81,11.23,218.64,20.06,78.39,11.5,20.06,78.39,22.21,74.92,12.57,32.9,35.53,11.12,218.64,0.04,0.88,0.0
2441.0,2024-02-13,15:54:58,2441.0,21.04,20.21,75.81,11.23,218.72,20.06,78.39,11.5,20.06,78.39,22.21,74.92,12.57,32.9,35.53,11.12,218.72,0.04,0.88,0.0
2442.0,2024-02-13,15:54:59,2442.0,21.05,20.22,75.8,11.23,218.69,20.06,78.36,11.5,20.06,78.36,22.19,74.8,12.53,32.92,35.51,11.12,218.69,0.04,0.88,0.0
2443.0,2024-02-13,15:55:00,2443.0,21.05,20.22,75.8,11.23,218.58,20.06,78.36,11.5,20.06,78.36,22.19,74.8,12.53,32.92,35.51,11.12,218.58,0.04,0.89,0.0
2444.0,2024-02-13,15:55:01,2444.0,21.05,20.22,75.8,11.23,218.35,20.06,78.36,11.5,20.06,78.36,22.19,74.8,12.53,32.92,35.51,11.12,218.35,0.04,0.88,0.0
2445.0,2024-02-13,15:55:02,2445.0,21.06,20.22,75.77,11.22,218.29,20.06,78.34,11.5,20.06,78.34,22.18,74.62,12.5,32.94,35.47,11.12,218.29,0.04,0.88,0.0
2446.0,2024-02-13,15:55:03,2446.0,21.06,20.22,75.77,11.22,218.33,20.06,78.34,11.5,20.06,78.34,22.18,74.62,12.5,32.94,35.47,11.12,218.33,0.04,0.89,0.0
2447.0,2024-02-13,15:55:04,2447.0,21.06,20.22,75.77,11.22,218.33,20.06,78.34,11.5,20.06,78.34,22.18,74.62,12.5,32.94,35.47,11.12,218.33,0.04,0.89,0.0
2448.0,2024-02-13,15:55:05,2448.0,21.07,20.22,75.75,11.22,218.36,20.07,78.32,11.5,20.07,78.32,22.18,74.41,12.46,32.96,35.43,11.12,218.36,0.04,0.89,0.0
2449.0,2024-02-13,15:55:06,2449.0,21.07,20.22,75.75,11.22,218.37,20.07,78.32,11.5,20.07,78.32,22.18,74.41,12.46,32.96,35.43,11.12,218.37,0.04,0.89,0.0
2450.0,2024-02-13,15:55:07,2450.0,21.07,20.22,75.75,11.22,218.28,20.07,78.32,11.5,20.07,78.32,22.18,74.41,12.46,32.96,35.43,11.12,218.28,0.04,0.89,0.0
2451.0,2024-02-13,15:55:08,2451.0,21.07,20.22,75.75,11.22,218.04,20.07,78.32,11.5,20.07,78.32,22.18,74.41,12.46,32.96,35.43,11.12,218.04,0.04,0.89,0.0
2452.0,2024-02-13,15:55:09,2452.0,21.08,20.22,75.73,11.22,218.34,20.07,78.31,11.5,20.07,78.31,22.17,74.22,12.42,32.98,35.38,11.12,218.34,0.04,0.89,0.0
2453.0,2024-02-13,15:55:10,2453.0,21.08,20.22,75.73,11.22,218.37,20.07,78.31,11.5,20.07,78.31,22.17,74.22,12.42,32.98,35.38,11.12,218.37,0.04,0.89,0.0
2454.0,2024-02-13,15:55:11,2454.0,21.09,20.22,75.74,11.22,218.37,20.07,78.29,11.5,20.07,78.29,22.17,74.03,12.38,33,35.33,11.12,218.37,0.04,0.89,0.0
2455.0,2024-02-13,15:55:12,2455.0,21.09,20.22,75.74,11.22,218.69,20.07,78.29,11.5,20.07,78.29,22.17,74.03,12.38,33,35.33,11.12,218.69,0.04,0.89,0.0
2456.0,2024-02-13,15:55:13,2456.0,21.09,20.22,75.74,11.22,218.54,20.07,78.29,11.5,20.07,78.29,22.17,74.03,12.38,33,35.33,11.12,218.54,0.04,0.89,0.0
2457.0,2024-02-13,15:55:14,2457.0,21.09,20.23,75.69,11.22,218.28,20.07,78.3,11.5,20.07,78.3,22.17,73.84,12.35,33.02,35.3,11.12,218.28,0.04,0.89,0.0
2458.0,2024-02-13,15:55:15,2458.0,21.09,20.23,75.69,11.22,218.31,20.07,78.3,11.5,20.07,78.3,22.17,73.84,12.35,33.02,35.3,11.12,218.31,0.04,0.89,0.0
2459.0,2024-02-13,15:55:16,2459.0,21.09,20.23,75.69,11.22,218.37,20.07,78.3,11.5,20.07,78.3,22.17,73.84,12.35,33.02,35.3,11.12,218.37,0.04,0.89,0.0
2460.0,2024-02-13,15:55:17,2460.0,21.09,20.23,75.66,11.22,219.31,20.07,78.27,11.49,20.07,78.27,22.16,73.61,12.31,33.04,35.28,11.12,219.31,0.04,0.89,0.0
2461.0,2024-02-13,15:55:18,2461.0,21.09,20.23,75.66,11.22,219.63,20.07,78.27,11.49,20.07,78.27,22.16,73.61,12.31,33.04,35.28,11.12,219.63,0.04,0.9,0.0
2462.0,2024-02-13,15:55:19,2462.0,21.09,20.23,75.66,11.22,219.3,20.07,78.27,11.49,20.07,78.27,22.16,73.61,12.31,33.04,35.28,11.12,219.3,0.04,0.9,0.0
2463.0,2024-02-13,15:55:20,2463.0,21.08,20.24,75.64,11.22,219.21,20.07,78.27,11.49,20.07,78.27,22.17,73.39,12.27,33.05,35.27,11.13,219.21,0.04,0.9,0.0
2464.0,2024-02-13,15:55:21,2464.0,21.08,20.24,75.64,11.22,219.09,20.07,78.27,11.49,20.07,78.27,22.17,73.39,12.27,33.05,35.27,11.13,219.09,0.04,0.9,0.0
2465.0,2024-02-13,15:55:22,2465.0,21.08,20.24,75.64,11.22,218.18,20.07,78.27,11.49,20.07,78.27,22.17,73.39,12.27,33.05,35.27,11.13,218.18,0.04,0.9,0.0
2466.0,2024-02-13,15:55:23,2466.0,21.08,20.24,75.61,11.22,217.99,20.07,78.24,11.49,20.07,78.24,22.16,73.2,12.24,33.07,35.25,11.13,217.99,0.04,0.89,0.0
2467.0,2024-02-13,15:55:24,2467.0,21.08,20.24,75.61,11.22,218.01,20.07,78.24,11.49,20.07,78.24,22.16,73.2,12.24,33.07,35.25,11.13,218.01,0.04,0.9,0.0
2468.0,2024-02-13,15:55:25,2468.0,21.08,20.24,75.61,11.22,217.63,20.07,78.24,11.49,20.07,78.24,22.16,73.2,12.24,33.07,35.25,11.13,217.63,0.04,0.9,0.0
2469.0,2024-02-13,15:55:26,2469.0,21.09,20.24,75.59,11.22,217.64,20.07,78.24,11.49,20.07,78.24,22.15,73.07,12.21,33.09,35.24,11.14,217.64,0.04,0.9,0.0
2470.0,2024-02-13,15:55:27,2470.0,21.09,20.24,75.59,11.22,217.85,20.07,78.24,11.49,20.07,78.24,22.15,73.07,12.21,33.09,35.24,11.14,217.85,0.04,0.9,0.0
2471.0,2024-02-13,15:55:28,2471.0,21.09,20.24,75.59,11.22,217.98,20.07,78.24,11.49,20.07,78.24,22.15,73.07,12.21,33.09,35.24,11.14,217.98,0.04,0.9,0.0
2472.0,2024-02-13,15:55:30,2472.0,21.1,20.25,75.6,11.22,217.94,20.07,78.26,11.49,20.07,78.26,22.15,72.93,12.18,33.11,35.22,11.15,217.94,0.04,0.9,0.0
2473.0,2024-02-13,15:55:31,2473.0,21.1,20.25,75.6,11.22,217.93,20.07,78.26,11.49,20.07,78.26,22.15,72.93,12.18,33.11,35.22,11.15,217.93,0.04,0.9,0.0
2474.0,2024-02-13,15:55:32,2474.0,21.1,20.25,75.6,11.22,218.26,20.07,78.26,11.49,20.07,78.26,22.15,72.93,12.18,33.11,35.22,11.15,218.26,0.04,0.9,0.0
2475.0,2024-02-13,15:55:33,2475.0,21.1,20.24,75.6,11.22,218.31,20.06,78.32,11.5,20.06,78.32,22.15,72.71,12.14,33.11,35.22,11.15,218.31,0.04,0.9,0.0
2476.0,2024-02-13,15:55:34,2476.0,21.1,20.24,75.6,11.22,218.3,20.06,78.32,11.5,20.06,78.32,22.15,72.71,12.14,33.11,35.22,11.15,218.3,0.04,0.9,0.0
2477.0,2024-02-13,15:55:35,2477.0,21.1,20.24,75.6,11.22,218.31,20.06,78.32,11.5,20.06,78.32,22.15,72.71,12.14,33.11,35.22,11.15,218.31,0.04,0.9,0.0
2478.0,2024-02-13,15:55:36,2478.0,21.11,20.25,75.61,11.22,218.38,20.06,78.39,11.51,20.06,78.39,22.15,72.59,12.12,33.13,35.19,11.15,218.38,0.04,0.91,0.0
2479.0,2024-02-13,15:55:37,2479.0,21.11,20.25,75.61,11.22,218.26,20.06,78.39,11.51,20.06,78.39,22.15,72.59,12.12,33.13,35.19,11.15,218.26,0.04,0.91,0.0
2480.0,2024-02-13,15:55:38,2480.0,21.11,20.25,75.61,11.22,218.61,20.06,78.39,11.51,20.06,78.39,22.15,72.59,12.12,33.13,35.19,11.15,218.61,0.04,0.91,0.0
2481.0,2024-02-13,15:55:39,2481.0,21.12,20.25,75.61,11.23,218.52,20.06,78.42,11.51,20.06,78.42,22.15,72.42,12.1,33.15,35.17,11.16,218.52,0.04,0.91,0.0
2482.0,2024-02-13,15:55:40,2482.0,21.12,20.25,75.61,11.23,218.68,20.06,78.42,11.51,20.06,78.42,22.15,72.42,12.1,33.15,35.17,11.16,218.68,0.04,0.91,0.0
2483.0,2024-02-13,15:55:41,2483.0,21.12,20.25,75.61,11.23,218.56,20.06,78.42,11.51,20.06,78.42,22.15,72.42,12.1,33.15,35.17,11.16,218.56,0.04,0.91,0.0
2484.0,2024-02-13,15:55:42,2484.0,21.11,20.25,75.57,11.22,218.71,20.06,78.5,11.52,20.06,78.5,22.15,72.28,12.07,33.15,35.16,11.15,218.71,0.04,0.91,0.0
2485.0,2024-02-13,15:55:43,2485.0,21.11,20.25,75.57,11.22,218.66,20.06,78.5,11.52,20.06,78.5,22.15,72.28,12.07,33.15,35.16,11.15,218.66,0.04,0.91,0.0
2486.0,2024-02-13,15:55:44,2486.0,21.11,20.25,75.57,11.22,218.31,20.06,78.5,11.52,20.06,78.5,22.15,72.28,12.07,33.15,35.16,11.15,218.31,0.04,0.9,0.0
2487.0,2024-02-13,15:55:45,2487.0,21.12,20.26,75.6,11.23,218.34,20.06,78.51,11.53,20.06,78.51,22.15,72.14,12.05,33.13,35.15,11.14,218.34,0.04,0.91,0.0
2488.0,2024-02-13,15:55:46,2488.0,21.12,20.26,75.6,11.23,218.02,20.06,78.51,11.53,20.06,78.51,22.15,72.14,12.05,33.13,35.15,11.14,218.02,0.04,0.9,0.0
2489.0,2024-02-13,15:55:47,2489.0,21.12,20.26,75.6,11.23,217.87,20.06,78.51,11.53,20.06,78.51,22.15,72.14,12.05,33.13,35.15,11.14,217.87,0.04,0.9,0.0
2490.0,2024-02-13,15:55:48,2490.0,21.13,20.27,75.59,11.23,217.98,20.07,78.53,11.53,20.07,78.53,22.15,72.02,12.03,33.19,35.09,11.16,217.98,0.04,0.9,0.0
2491.0,2024-02-13,15:55:49,2491.0,21.13,20.27,75.59,11.23,217.94,20.07,78.53,11.53,20.07,78.53,22.15,72.02,12.03,33.19,35.09,11.16,217.94,0.04,0.9,0.0
2492.0,2024-02-13,15:55:50,2492.0,21.13,20.27,75.59,11.23,218.28,20.07,78.53,11.53,20.07,78.53,22.15,72.02,12.03,33.19,35.09,11.16,218.28,0.04,0.9,0.0
2493.0,2024-02-13,15:55:51,2493.0,21.14,20.26,75.62,11.23,218.23,20.07,78.56,11.54,20.07,78.56,22.15,71.86,12,33.2,35.04,11.15,218.23,0.04,0.9,0.0
2494.0,2024-02-13,15:55:52,2494.0,21.14,20.26,75.62,11.23,218.23,20.07,78.56,11.54,20.07,78.56,22.15,71.86,12,33.2,35.04,11.15,218.23,0.04,0.9,0.0
2495.0,2024-02-13,15:55:53,2495.0,21.14,20.26,75.62,11.23,218.14,20.07,78.56,11.54,20.07,78.56,22.15,71.86,12,33.2,35.04,11.15,218.14,0.04,0.9,0.0
2496.0,2024-02-13,15:55:54,2496.0,21.16,20.27,75.58,11.23,218,20.08,78.59,11.55,20.08,78.59,22.14,71.77,11.98,33.23,34.99,11.15,218,0.04,0.9,0.0
2497.0,2024-02-13,15:55:55,2497.0,21.16,20.27,75.58,11.23,218.07,20.08,78.59,11.55,20.08,78.59,22.14,71.77,11.98,33.23,34.99,11.15,218.07,0.04,0.9,0.0
2498.0,2024-02-13,15:55:56,2498.0,21.16,20.27,75.58,11.23,218.09,20.08,78.59,11.55,20.08,78.59,22.14,71.77,11.98,33.23,34.99,11.15,218.09,0.04,0.9,0.0
2499.0,2024-02-13,15:55:57,2499.0,21.17,20.27,75.55,11.23,217.99,20.08,78.6,11.55,20.08,78.6,22.15,71.57,11.95,33.25,34.94,11.15,217.99,0.04,0.9,0.0
2500.0,2024-02-13,15:55:58,2500.0,21.17,20.27,75.55,11.23,217.95,20.08,78.6,11.55,20.08,78.6,22.15,71.57,11.95,33.25,34.94,11.15,217.95,0.05,0.9,0.0
2501.0,2024-02-13,15:55:59,2501.0,21.17,20.27,75.55,11.23,217.94,20.08,78.6,11.55,20.08,78.6,22.15,71.57,11.95,33.25,34.94,11.15,217.94,0.05,0.9,0.0
2502.0,2024-02-13,15:56:00,2502.0,21.17,20.27,75.55,11.23,217.99,20.08,78.6,11.55,20.08,78.6,22.15,71.57,11.95,33.25,34.94,11.15,217.99,0.05,0.9,0.0
2503.0,2024-02-13,15:56:01,2503.0,21.19,20.28,75.51,11.23,218.08,20.09,78.63,11.56,20.09,78.63,22.15,71.45,11.93,33.27,34.89,11.14,218.08,0.05,0.9,0.0
2504.0,2024-02-13,15:56:02,2504.0,21.19,20.28,75.51,11.23,218.37,20.09,78.63,11.56,20.09,78.63,22.15,71.45,11.93,33.27,34.89,11.14,218.37,0.05,0.9,0.0
2505.0,2024-02-13,15:56:03,2505.0,21.19,20.28,75.5,11.23,218.33,20.09,78.67,11.57,20.09,78.67,22.15,71.32,11.91,33.29,34.86,11.14,218.33,0.05,0.9,0.0
2506.0,2024-02-13,15:56:04,2506.0,21.19,20.28,75.5,11.23,218.29,20.09,78.67,11.57,20.09,78.67,22.15,71.32,11.91,33.29,34.86,11.14,218.29,0.05,0.9,0.0
2507.0,2024-02-13,15:56:05,2507.0,21.19,20.28,75.5,11.23,218.23,20.09,78.67,11.57,20.09,78.67,22.15,71.32,11.91,33.29,34.86,11.14,218.23,0.05,0.9,0.0
2508.0,2024-02-13,15:56:06,2508.0,21.19,20.28,75.5,11.23,218.23,20.09,78.68,11.57,20.09,78.68,22.16,71.18,11.89,33.3,34.82,11.14,218.23,0.05,0.9,0.0
2509.0,2024-02-13,15:56:07,2509.0,21.19,20.28,75.5,11.23,218.34,20.09,78.68,11.57,20.09,78.68,22.16,71.18,11.89,33.3,34.82,11.14,218.34,0.05,0.9,0.0
2510.0,2024-02-13,15:56:08,2510.0,21.19,20.28,75.5,11.23,218.31,20.09,78.68,11.57,20.09,78.68,22.16,71.18,11.89,33.3,34.82,11.14,218.31,0.05,0.9,0.0
2511.0,2024-02-13,15:56:09,2511.0,21.19,20.28,75.45,11.22,218.34,20.09,78.68,11.57,20.09,78.68,22.16,71,11.86,33.31,34.8,11.14,218.34,0.05,0.9,0.0
2512.0,2024-02-13,15:56:10,2512.0,21.19,20.28,75.45,11.22,218.37,20.09,78.68,11.57,20.09,78.68,22.16,71,11.86,33.31,34.8,11.14,218.37,0.05,0.9,0.0
2513.0,2024-02-13,15:56:11,2513.0,21.19,20.28,75.45,11.22,218.3,20.09,78.68,11.57,20.09,78.68,22.16,71,11.86,33.31,34.8,11.14,218.3,0.05,0.9,0.0
2514.0,2024-02-13,15:56:12,2514.0,21.19,20.28,75.42,11.21,218.3,20.09,78.69,11.57,20.09,78.69,22.17,70.81,11.84,33.31,34.78,11.13,218.3,0.05,0.9,0.0
2515.0,2024-02-13,15:56:13,2515.0,21.19,20.28,75.42,11.21,218.26,20.09,78.69,11.57,20.09,78.69,22.17,70.81,11.84,33.31,34.78,11.13,218.26,0.05,0.9,0.0
2516.0,2024-02-13,15:56:14,2516.0,21.19,20.28,75.42,11.21,218.67,20.09,78.69,11.57,20.09,78.69,22.17,70.81,11.84,33.31,34.78,11.13,218.67,0.05,0.9,0.0
2517.0,2024-02-13,15:56:15,2517.0,21.21,20.29,75.39,11.22,218.67,20.1,78.69,11.58,20.1,78.69,22.19,70.59,11.81,33.33,34.76,11.14,218.67,0.05,0.9,0.0
2518.0,2024-02-13,15:56:16,2518.0,21.21,20.29,75.39,11.22,218.62,20.1,78.69,11.58,20.1,78.69,22.19,70.59,11.81,33.33,34.76,11.14,218.62,0.05,0.9,0.0
2519.0,2024-02-13,15:56:17,2519.0,21.21,20.29,75.39,11.22,218.64,20.1,78.69,11.58,20.1,78.69,22.19,70.59,11.81,33.33,34.76,11.14,218.64,0.05,0.9,0.0
2520.0,2024-02-13,15:56:18,2520.0,21.21,20.29,75.35,11.21,218.98,20.11,78.7,11.58,20.11,78.7,22.21,70.41,11.79,33.35,34.74,11.14,218.98,0.05,0.9,0.0
2521.0,2024-02-13,15:56:19,2521.0,21.21,20.29,75.35,11.21,219.06,20.11,78.7,11.58,20.11,78.7,22.21,70.41,11.79,33.35,34.74,11.14,219.06,0.05,0.9,0.0
2522.0,2024-02-13,15:56:20,2522.0,21.21,20.29,75.35,11.21,218.92,20.11,78.7,11.58,20.11,78.7,22.21,70.41,11.79,33.35,34.74,11.14,218.92,0.05,0.9,0.0
2523.0,2024-02-13,15:56:21,2523.0,21.21,20.29,75.35,11.21,219.01,20.11,78.7,11.58,20.11,78.7,22.21,70.41,11.79,33.35,34.74,11.14,219.01,0.05,0.9,0.0
2524.0,2024-02-13,15:56:22,2524.0,21.21,20.3,75.33,11.21,219.09,20.11,78.71,11.59,20.11,78.71,22.22,70.19,11.77,33.35,34.74,11.15,219.09,0.06,0.91,0.0
2525.0,2024-02-13,15:56:23,2525.0,21.21,20.3,75.33,11.21,219.06,20.11,78.71,11.59,20.11,78.71,22.22,70.19,11.77,33.35,34.74,11.15,219.06,0.06,0.9,0.0
2526.0,2024-02-13,15:56:24,2526.0,21.22,20.3,75.32,11.21,218.67,20.11,78.7,11.59,20.11,78.7,22.24,69.96,11.74,33.36,34.74,11.15,218.67,0.06,0.9,0.0
2527.0,2024-02-13,15:56:25,2527.0,21.22,20.3,75.32,11.21,218.62,20.11,78.7,11.59,20.11,78.7,22.24,69.96,11.74,33.36,34.74,11.15,218.62,0.06,0.9,0.0
2528.0,2024-02-13,15:56:26,2528.0,21.22,20.3,75.32,11.21,218.64,20.11,78.7,11.59,20.11,78.7,22.24,69.96,11.74,33.36,34.74,11.15,218.64,0.06,0.9,0.0
2529.0,2024-02-13,15:56:27,2529.0,21.2,20.29,75.25,11.2,218.28,20.09,78.74,11.58,20.09,78.74,22.25,69.71,11.71,33.32,34.77,11.14,218.28,0.06,0.9,0.0
2530.0,2024-02-13,15:56:28,2530.0,21.2,20.29,75.25,11.2,218.3,20.09,78.74,11.58,20.09,78.74,22.25,69.71,11.71,33.32,34.77,11.14,218.3,0.06,0.9,0.0
2531.0,2024-02-13,15:56:29,2531.0,21.2,20.29,75.25,11.2,218.4,20.09,78.74,11.58,20.09,78.74,22.25,69.71,11.71,33.32,34.77,11.14,218.4,0.06,0.9,0.0
2532.0,2024-02-13,15:56:30,2532.0,21.21,20.3,75.28,11.21,218.34,20.11,78.73,11.59,20.11,78.73,22.25,69.74,11.71,33.37,34.74,11.16,218.34,0.06,0.9,0.0
2533.0,2024-02-13,15:56:31,2533.0,21.21,20.3,75.28,11.21,218.29,20.11,78.73,11.59,20.11,78.73,22.25,69.74,11.71,33.37,34.74,11.16,218.29,0.06,0.9,0.0
2534.0,2024-02-13,15:56:32,2534.0,21.21,20.3,75.28,11.21,218.25,20.11,78.73,11.59,20.11,78.73,22.25,69.74,11.71,33.37,34.74,11.16,218.25,0.06,0.9,0.0
2535.0,2024-02-13,15:56:33,2535.0,21.22,20.3,75.3,11.21,218.27,20.11,78.76,11.6,20.11,78.76,22.24,69.7,11.7,33.38,34.73,11.16,218.27,0.06,0.9,0.0
2536.0,2024-02-13,15:56:34,2536.0,21.22,20.3,75.3,11.21,218.22,20.11,78.76,11.6,20.11,78.76,22.24,69.7,11.7,33.38,34.73,11.16,218.22,0.06,0.9,0.0
2537.0,2024-02-13,15:56:35,2537.0,21.22,20.3,75.3,11.21,218.23,20.11,78.76,11.6,20.11,78.76,22.24,69.7,11.7,33.38,34.73,11.16,218.23,0.06,0.9,0.0
2538.0,2024-02-13,15:56:36,2538.0,21.22,20.31,75.27,11.21,218.27,20.11,78.76,11.6,20.11,78.76,22.24,69.65,11.69,33.39,34.71,11.16,218.27,0.06,0.9,0.0
2539.0,2024-02-13,15:56:37,2539.0,21.22,20.31,75.27,11.21,217.97,20.11,78.76,11.6,20.11,78.76,22.24,69.65,11.69,33.39,34.71,11.16,217.97,0.06,0.9,0.0
2540.0,2024-02-13,15:56:38,2540.0,21.22,20.31,75.27,11.21,217.96,20.11,78.76,11.6,20.11,78.76,22.24,69.65,11.69,33.39,34.71,11.16,217.96,0.06,0.9,0.0
2541.0,2024-02-13,15:56:39,2541.0,21.22,20.31,75.25,11.21,217.9,20.11,78.8,11.6,20.11,78.8,22.24,69.57,11.68,33.4,34.68,11.15,217.9,0.06,0.9,0.0
2542.0,2024-02-13,15:56:40,2542.0,21.22,20.31,75.25,11.21,217.96,20.11,78.8,11.6,20.11,78.8,22.24,69.57,11.68,33.4,34.68,11.15,217.96,0.06,0.9,0.0
2543.0,2024-02-13,15:56:41,2543.0,21.22,20.31,75.25,11.21,217.97,20.11,78.8,11.6,20.11,78.8,22.24,69.57,11.68,33.4,34.68,11.15,217.97,0.06,0.9,0.0
2544.0,2024-02-13,15:56:42,2544.0,21.25,20.32,75.23,11.21,218.04,20.12,78.79,11.61,20.12,78.79,22.24,69.54,11.67,33.42,34.64,11.16,218.04,0.06,0.9,0.0
2545.0,2024-02-13,15:56:43,2545.0,21.25,20.32,75.23,11.21,217.63,20.12,78.79,11.61,20.12,78.79,22.24,69.54,11.67,33.42,34.64,11.16,217.63,0.06,0.9,0.0
2546.0,2024-02-13,15:56:44,2546.0,21.25,20.32,75.23,11.21,217.57,20.12,78.79,11.61,20.12,78.79,22.24,69.54,11.67,33.42,34.64,11.16,217.57,0.06,0.9,0.0
2547.0,2024-02-13,15:56:45,2547.0,21.26,20.32,75.24,11.22,217.63,20.12,78.83,11.61,20.12,78.83,22.23,69.56,11.67,33.43,34.61,11.15,217.63,0.06,0.9,0.0
2548.0,2024-02-13,15:56:46,2548.0,21.26,20.32,75.24,11.22,217.6,20.12,78.83,11.61,20.12,78.83,22.23,69.56,11.67,33.43,34.61,11.15,217.6,0.06,0.9,0.0
2549.0,2024-02-13,15:56:47,2549.0,21.26,20.32,75.24,11.22,218.04,20.12,78.83,11.61,20.12,78.83,22.23,69.56,11.67,33.43,34.61,11.15,218.04,0.06,0.9,0.0
2550.0,2024-02-13,15:56:48,2550.0,21.26,20.32,75.21,11.21,217.96,20.12,78.81,11.61,20.12,78.81,22.22,69.56,11.66,33.44,34.58,11.15,217.96,0.06,0.9,0.0
2551.0,2024-02-13,15:56:49,2551.0,21.26,20.32,75.21,11.21,218.02,20.12,78.81,11.61,20.12,78.81,22.22,69.56,11.66,33.44,34.58,11.15,218.02,0.06,0.9,0.0
2552.0,2024-02-13,15:56:50,2552.0,21.26,20.32,75.21,11.21,218.35,20.12,78.81,11.61,20.12,78.81,22.22,69.56,11.66,33.44,34.58,11.15,218.35,0.06,0.9,0.0
2553.0,2024-02-13,15:56:51,2553.0,21.28,20.33,75.17,11.21,218.27,20.13,78.83,11.62,20.13,78.83,22.21,69.54,11.65,33.45,34.56,11.15,218.27,0.06,0.9,0.0
2554.0,2024-02-13,15:56:52,2554.0,21.28,20.33,75.17,11.21,218.27,20.13,78.83,11.62,20.13,78.83,22.21,69.54,11.65,33.45,34.56,11.15,218.27,0.06,0.9,0.0
2555.0,2024-02-13,15:56:53,2555.0,21.28,20.33,75.17,11.21,218.3,20.13,78.83,11.62,20.13,78.83,22.21,69.54,11.65,33.45,34.56,11.15,218.3,0.06,0.9,0.0
2556.0,2024-02-13,15:56:54,2556.0,21.28,20.33,75.17,11.21,218.4,20.13,78.83,11.62,20.13,78.83,22.21,69.54,11.65,33.45,34.56,11.15,218.4,0.06,0.9,0.0
2557.0,2024-02-13,15:56:55,2557.0,21.29,20.33,75.14,11.21,218.27,20.13,78.82,11.62,20.13,78.82,22.2,69.55,11.64,33.46,34.55,11.15,218.27,0.06,0.9,0.0
2558.0,2024-02-13,15:56:56,2558.0,21.29,20.33,75.14,11.21,218.36,20.13,78.82,11.62,20.13,78.82,22.2,69.55,11.64,33.46,34.55,11.15,218.36,0.06,0.9,0.0
2559.0,2024-02-13,15:56:57,2559.0,21.29,20.33,75.13,11.21,218.23,20.13,78.84,11.62,20.13,78.84,22.19,69.57,11.64,33.47,34.53,11.15,218.23,0.06,0.9,0.0
2560.0,2024-02-13,15:56:58,2560.0,21.29,20.33,75.13,11.21,217.96,20.13,78.84,11.62,20.13,78.84,22.19,69.57,11.64,33.47,34.53,11.15,217.96,0.06,0.9,0.0
2561.0,2024-02-13,15:56:59,2561.0,21.29,20.33,75.13,11.21,217.95,20.13,78.84,11.62,20.13,78.84,22.19,69.57,11.64,33.47,34.53,11.15,217.95,0.06,0.9,0.0
2562.0,2024-02-13,15:57:00,2562.0,21.3,20.33,75.11,11.21,218.04,20.14,78.81,11.62,20.14,78.81,22.18,69.57,11.63,33.49,34.51,11.16,218.04,0.06,0.9,0.0
2563.0,2024-02-13,15:57:01,2563.0,21.3,20.33,75.11,11.21,218.04,20.14,78.81,11.62,20.14,78.81,22.18,69.57,11.63,33.49,34.51,11.16,218.04,0.06,0.9,0.0
2564.0,2024-02-13,15:57:02,2564.0,21.3,20.33,75.11,11.21,217.91,20.14,78.81,11.62,20.14,78.81,22.18,69.57,11.63,33.49,34.51,11.16,217.91,0.06,0.9,0.0
2565.0,2024-02-13,15:57:03,2565.0,21.3,20.34,75.1,11.21,217.68,20.13,78.85,11.63,20.13,78.85,22.17,69.55,11.62,33.5,34.51,11.16,217.68,0.06,0.9,0.0
2566.0,2024-02-13,15:57:04,2566.0,21.3,20.34,75.1,11.21,217.97,20.13,78.85,11.63,20.13,78.85,22.17,69.55,11.62,33.5,34.51,11.16,217.97,0.06,0.9,0.0
2567.0,2024-02-13,15:57:05,2567.0,21.3,20.34,75.1,11.21,217.95,20.13,78.85,11.63,20.13,78.85,22.17,69.55,11.62,33.5,34.51,11.16,217.95,0.06,0.9,0.0
2568.0,2024-02-13,15:57:06,2568.0,21.29,20.34,75.06,11.21,218.29,20.14,78.84,11.63,20.14,78.84,22.17,69.53,11.62,33.51,34.5,11.17,218.29,0.06,0.91,0.0
2569.0,2024-02-13,15:57:07,2569.0,21.29,20.34,75.06,11.21,218.4,20.14,78.84,11.63,20.14,78.84,22.17,69.53,11.62,33.51,34.5,11.17,218.4,0.06,0.91,0.0
2570.0,2024-02-13,15:57:08,2570.0,21.29,20.34,75.06,11.21,218.67,20.14,78.84,11.63,20.14,78.84,22.17,69.53,11.62,33.51,34.5,11.17,218.67,0.06,0.91,0.0
2571.0,2024-02-13,15:57:09,2571.0,21.29,20.34,75.06,11.21,218.63,20.14,78.84,11.63,20.14,78.84,22.17,69.53,11.62,33.51,34.5,11.17,218.63,0.06,0.91,0.0
2572.0,2024-02-13,15:57:10,2572.0,21.28,20.34,75.06,11.21,218.59,20.14,78.84,11.63,20.14,78.84,22.16,69.56,11.61,33.52,34.5,11.17,218.59,0.06,0.91,0.0
2573.0,2024-02-13,15:57:11,2573.0,21.28,20.34,75.06,11.21,218.67,20.14,78.84,11.63,20.14,78.84,22.16,69.56,11.61,33.52,34.5,11.17,218.67,0.06,0.91,0.0
2574.0,2024-02-13,15:57:12,2574.0,21.28,20.34,75.07,11.21,218.58,20.14,78.83,11.63,20.14,78.83,22.15,69.54,11.61,33.53,34.48,11.18,218.58,0.06,0.91,0.0
2575.0,2024-02-13,15:57:13,2575.0,21.28,20.34,75.07,11.21,218.62,20.14,78.83,11.63,20.14,78.83,22.15,69.54,11.61,33.53,34.48,11.18,218.62,0.06,0.91,0.0
2576.0,2024-02-13,15:57:14,2576.0,21.28,20.34,75.07,11.21,218.68,20.14,78.83,11.63,20.14,78.83,22.15,69.54,11.61,33.53,34.48,11.18,218.68,0.06,0.91,0.0
2577.0,2024-02-13,15:57:15,2577.0,21.28,20.35,75.08,11.21,218.72,20.15,78.81,11.63,20.15,78.81,22.14,69.56,11.6,33.54,34.45,11.17,218.72,0.06,0.91,0.0
2578.0,2024-02-13,15:57:16,2578.0,21.28,20.35,75.08,11.21,218.72,20.15,78.81,11.63,20.15,78.81,22.14,69.56,11.6,33.54,34.45,11.17,218.72,0.06,0.91,0.0
2579.0,2024-02-13,15:57:17,2579.0,21.28,20.35,75.08,11.21,218.49,20.15,78.81,11.63,20.15,78.81,22.14,69.56,11.6,33.54,34.45,11.17,218.49,0.06,0.91,0.0
2580.0,2024-02-13,15:57:18,2580.0,21.27,20.35,75.07,11.21,218.74,20.14,78.85,11.63,20.14,78.85,22.14,69.48,11.59,33.54,34.44,11.17,218.74,0.06,0.91,0.0
2581.0,2024-02-13,15:57:19,2581.0,21.27,20.35,75.07,11.21,219.02,20.14,78.85,11.63,20.14,78.85,22.14,69.48,11.59,33.54,34.44,11.17,219.02,0.06,0.91,0.0
2582.0,2024-02-13,15:57:20,2582.0,21.27,20.35,75.07,11.21,218.98,20.14,78.85,11.63,20.14,78.85,22.14,69.48,11.59,33.54,34.44,11.17,218.98,0.06,0.91,0.0
2583.0,2024-02-13,15:57:21,2583.0,21.27,20.35,75.08,11.21,218.99,20.15,78.81,11.63,20.15,78.81,22.16,69.36,11.58,33.56,34.41,11.17,218.99,0.06,0.91,0.0
2584.0,2024-02-13,15:57:22,2584.0,21.27,20.35,75.08,11.21,218.7,20.15,78.81,11.63,20.15,78.81,22.16,69.36,11.58,33.56,34.41,11.17,218.7,0.06,0.91,0.0
2585.0,2024-02-13,15:57:23,2585.0,21.27,20.35,75.08,11.21,218.57,20.15,78.81,11.63,20.15,78.81,22.16,69.36,11.58,33.56,34.41,11.17,218.57,0.06,0.91,0.0
2586.0,2024-02-13,15:57:24,2586.0,21.28,20.36,75.05,11.22,218.7,20.16,78.81,11.64,20.16,78.81,22.19,69.11,11.56,33.58,34.38,11.18,218.7,0.06,0.91,0.0
2587.0,2024-02-13,15:57:25,2587.0,21.28,20.36,75.05,11.22,218.29,20.16,78.81,11.64,20.16,78.81,22.19,69.11,11.56,33.58,34.38,11.18,218.29,0.06,0.91,0.0
2588.0,2024-02-13,15:57:26,2588.0,21.28,20.36,75.05,11.22,217.89,20.16,78.81,11.64,20.16,78.81,22.19,69.11,11.56,33.58,34.38,11.18,217.89,0.06,0.91,0.0
2589.0,2024-02-13,15:57:27,2589.0,21.29,20.36,75.03,11.21,217.95,20.16,78.81,11.64,20.16,78.81,22.22,68.91,11.55,33.59,34.36,11.17,217.95,0.06,0.91,0.0
2590.0,2024-02-13,15:57:28,2590.0,21.29,20.36,75.03,11.21,217.92,20.16,78.81,11.64,20.16,78.81,22.22,68.91,11.55,33.59,34.36,11.17,217.92,0.06,0.91,0.0
2591.0,2024-02-13,15:57:29,2591.0,21.29,20.36,75.03,11.21,217.87,20.16,78.81,11.64,20.16,78.81,22.22,68.91,11.55,33.59,34.36,11.17,217.87,0.06,0.91,0.0
2592.0,2024-02-13,15:57:30,2592.0,21.29,20.36,75.01,11.21,218.24,20.16,78.8,11.64,20.16,78.8,22.23,68.83,11.54,33.6,34.33,11.17,218.24,0.06,0.91,0.0
2593.0,2024-02-13,15:57:31,2593.0,21.29,20.36,75.01,11.21,218.28,20.16,78.8,11.64,20.16,78.8,22.23,68.83,11.54,33.6,34.33,11.17,218.28,0.06,0.91,0.0
2594.0,2024-02-13,15:57:32,2594.0,21.29,20.36,75.01,11.21,218.23,20.16,78.8,11.64,20.16,78.8,22.23,68.83,11.54,33.6,34.33,11.17,218.23,0.06,0.91,0.0
2595.0,2024-02-13,15:57:33,2595.0,21.3,20.36,74.97,11.21,218.29,20.16,78.8,11.64,20.16,78.8,22.24,68.82,11.55,33.6,34.32,11.17,218.29,0.06,0.91,0.0
2596.0,2024-02-13,15:57:34,2596.0,21.3,20.36,74.97,11.21,218.4,20.16,78.8,11.64,20.16,78.8,22.24,68.82,11.55,33.6,34.32,11.17,218.4,0.06,0.91,0.0
2597.0,2024-02-13,15:57:35,2597.0,21.3,20.36,74.97,11.21,218.37,20.16,78.8,11.64,20.16,78.8,22.24,68.82,11.55,33.6,34.32,11.17,218.37,0.06,0.91,0.0
2598.0,2024-02-13,15:57:36,2598.0,21.32,20.37,74.93,11.2,218.41,20.16,78.81,11.64,20.16,78.81,22.26,68.78,11.55,33.62,34.31,11.17,218.41,0.06,0.91,0.0
2599.0,2024-02-13,15:57:37,2599.0,21.32,20.37,74.93,11.2,218.25,20.16,78.81,11.64,20.16,78.81,22.26,68.78,11.55,33.62,34.31,11.17,218.25,0.07,0.91,0.0
2600.0,2024-02-13,15:57:38,2600.0,21.32,20.37,74.93,11.2,218.35,20.16,78.81,11.64,20.16,78.81,22.26,68.78,11.55,33.62,34.31,11.17,218.35,0.07,0.91,0.0
2601.0,2024-02-13,15:57:39,2601.0,21.33,20.37,74.95,11.21,218.34,20.17,78.77,11.64,20.17,78.77,22.27,68.78,11.56,33.63,34.32,11.18,218.34,0.07,0.91,0.0
2602.0,2024-02-13,15:57:40,2602.0,21.33,20.37,74.95,11.21,218.01,20.17,78.77,11.64,20.17,78.77,22.27,68.78,11.56,33.63,34.32,11.18,218.01,0.06,0.91,0.0
2603.0,2024-02-13,15:57:41,2603.0,21.33,20.37,74.95,11.21,217.97,20.17,78.77,11.64,20.17,78.77,22.27,68.78,11.56,33.63,34.32,11.18,217.97,0.06,0.91,0.0
2604.0,2024-02-13,15:57:42,2604.0,21.35,20.37,74.92,11.2,218.03,20.16,78.78,11.64,20.16,78.78,22.27,68.86,11.58,33.63,34.32,11.18,218.03,0.06,0.91,0.0
2605.0,2024-02-13,15:57:43,2605.0,21.35,20.37,74.92,11.2,217.52,20.16,78.78,11.64,20.16,78.78,22.27,68.86,11.58,33.63,34.32,11.18,217.52,0.06,0.91,0.0
2606.0,2024-02-13,15:57:44,2606.0,21.35,20.37,74.92,11.2,217.67,20.16,78.78,11.64,20.16,78.78,22.27,68.86,11.58,33.63,34.32,11.18,217.67,0.06,0.91,0.0
2607.0,2024-02-13,15:57:45,2607.0,21.36,20.37,74.95,11.21,217.65,20.17,78.78,11.64,20.17,78.78,22.26,69.34,11.65,33.64,34.31,11.19,217.65,0.06,0.91,0.0
2608.0,2024-02-13,15:57:46,2608.0,21.36,20.37,74.95,11.21,217.56,20.17,78.78,11.64,20.17,78.78,22.26,69.34,11.65,33.64,34.31,11.19,217.56,0.06,0.91,0.0
2609.0,2024-02-13,15:57:47,2609.0,21.36,20.37,74.95,11.21,217.52,20.17,78.78,11.64,20.17,78.78,22.26,69.34,11.65,33.64,34.31,11.19,217.52,0.06,0.91,0.0
2610.0,2024-02-13,15:57:48,2610.0,21.37,20.38,74.89,11.21,217.59,20.17,78.79,11.64,20.17,78.79,22.26,69.77,11.73,33.65,34.3,11.19,217.59,0.06,0.91,0.0
2611.0,2024-02-13,15:57:49,2611.0,21.37,20.38,74.89,11.21,217.68,20.17,78.79,11.64,20.17,78.79,22.26,69.77,11.73,33.65,34.3,11.19,217.68,0.06,0.91,0.0
2612.0,2024-02-13,15:57:50,2612.0,21.37,20.38,74.89,11.21,217.69,20.17,78.79,11.64,20.17,78.79,22.26,69.77,11.73,33.65,34.3,11.19,217.69,0.06,0.91,0.0
2613.0,2024-02-13,15:57:51,2613.0,21.38,20.39,74.93,11.22,217.59,20.17,78.82,11.65,20.17,78.82,22.28,70.17,11.81,33.66,34.28,11.19,217.59,0.06,0.91,0.0
2614.0,2024-02-13,15:57:52,2614.0,21.38,20.39,74.93,11.22,218.02,20.17,78.82,11.65,20.17,78.82,22.28,70.17,11.81,33.66,34.28,11.19,218.02,0.06,0.92,0.0
2615.0,2024-02-13,15:57:53,2615.0,21.38,20.39,74.93,11.22,217.94,20.17,78.82,11.65,20.17,78.82,22.28,70.17,11.81,33.66,34.28,11.19,217.94,0.06,0.92,0.0
2616.0,2024-02-13,15:57:54,2616.0,21.38,20.38,74.91,11.21,217.93,20.17,78.81,11.65,20.17,78.81,22.28,70.47,11.86,33.67,34.28,11.19,217.93,0.06,0.92,0.0
2617.0,2024-02-13,15:57:55,2617.0,21.38,20.38,74.91,11.21,218.05,20.17,78.81,11.65,20.17,78.81,22.28,70.47,11.86,33.67,34.28,11.19,218.05,0.06,0.92,0.0
2618.0,2024-02-13,15:57:56,2618.0,21.38,20.38,74.91,11.21,217.78,20.17,78.81,11.65,20.17,78.81,22.28,70.47,11.86,33.67,34.28,11.19,217.78,0.06,0.92,0.0
2619.0,2024-02-13,15:57:57,2619.0,21.38,20.38,74.91,11.21,218.04,20.17,78.79,11.65,20.17,78.79,22.28,70.63,11.88,33.68,34.27,11.2,218.04,0.06,0.92,0.0
2620.0,2024-02-13,15:57:58,2620.0,21.38,20.38,74.91,11.21,217.96,20.17,78.79,11.65,20.17,78.79,22.28,70.63,11.88,33.68,34.27,11.2,217.96,0.06,0.92,0.0
2621.0,2024-02-13,15:57:59,2621.0,21.38,20.38,74.91,11.21,217.98,20.17,78.79,11.65,20.17,78.79,22.28,70.63,11.88,33.68,34.27,11.2,217.98,0.06,0.92,0.0
2622.0,2024-02-13,15:58:00,2622.0,21.38,20.39,74.91,11.21,217.55,20.17,78.82,11.65,20.17,78.82,22.27,70.69,11.89,33.69,34.25,11.2,217.55,0.06,0.92,0.0
2623.0,2024-02-13,15:58:01,2623.0,21.38,20.39,74.91,11.21,217.6,20.17,78.82,11.65,20.17,78.82,22.27,70.69,11.89,33.69,34.25,11.2,217.6,0.06,0.92,0.0
2624.0,2024-02-13,15:58:02,2624.0,21.38,20.39,74.91,11.21,217.53,20.17,78.82,11.65,20.17,78.82,22.27,70.69,11.89,33.69,34.25,11.2,217.53,0.06,0.92,0.0
2625.0,2024-02-13,15:58:03,2625.0,21.39,20.4,74.86,11.21,217.59,20.18,78.8,11.65,20.18,78.8,22.27,70.58,11.87,33.7,34.25,11.21,217.59,0.06,0.92,0.0
2626.0,2024-02-13,15:58:04,2626.0,21.39,20.4,74.86,11.21,217.19,20.18,78.8,11.65,20.18,78.8,22.27,70.58,11.87,33.7,34.25,11.21,217.19,0.07,0.92,0.0
2627.0,2024-02-13,15:58:05,2627.0,21.39,20.4,74.86,11.21,217.24,20.18,78.8,11.65,20.18,78.8,22.27,70.58,11.87,33.7,34.25,11.21,217.24,0.07,0.92,0.0
2628.0,2024-02-13,15:58:06,2628.0,21.4,20.4,74.88,11.22,217.24,20.18,78.8,11.65,20.18,78.8,22.26,70.44,11.84,33.71,34.24,11.21,217.24,0.07,0.92,0.0
2629.0,2024-02-13,15:58:07,2629.0,21.4,20.4,74.88,11.22,217.7,20.18,78.8,11.65,20.18,78.8,22.26,70.44,11.84,33.71,34.24,11.21,217.7,0.06,0.92,0.0
2630.0,2024-02-13,15:58:08,2630.0,21.4,20.4,74.88,11.22,217.74,20.18,78.8,11.65,20.18,78.8,22.26,70.44,11.84,33.71,34.24,11.21,217.74,0.06,0.92,0.0
2631.0,2024-02-13,15:58:09,2631.0,21.41,20.39,74.9,11.22,217.98,20.18,78.79,11.65,20.18,78.79,22.25,70.24,11.8,33.71,34.23,11.21,217.98,0.06,0.92,0.0
2632.0,2024-02-13,15:58:10,2632.0,21.41,20.39,74.9,11.22,218.02,20.18,78.79,11.65,20.18,78.79,22.25,70.24,11.8,33.71,34.23,11.21,218.02,0.06,0.92,0.0
2633.0,2024-02-13,15:58:11,2633.0,21.41,20.39,74.9,11.22,218.3,20.18,78.79,11.65,20.18,78.79,22.25,70.24,11.8,33.71,34.23,11.21,218.3,0.06,0.92,0.0
2634.0,2024-02-13,15:58:12,2634.0,21.42,20.4,74.9,11.22,218.35,20.18,78.81,11.66,20.18,78.81,22.25,70.05,11.77,33.73,34.21,11.21,218.35,0.06,0.92,0.0
2635.0,2024-02-13,15:58:13,2635.0,21.42,20.4,74.9,11.22,218.39,20.18,78.81,11.66,20.18,78.81,22.25,70.05,11.77,33.73,34.21,11.21,218.39,0.06,0.92,0.0
2636.0,2024-02-13,15:58:14,2636.0,21.42,20.4,74.9,11.22,218.39,20.18,78.81,11.66,20.18,78.81,22.25,70.05,11.77,33.73,34.21,11.21,218.39,0.06,0.92,0.0
2637.0,2024-02-13,15:58:15,2637.0,21.43,20.4,74.86,11.21,218.35,20.18,78.8,11.66,20.18,78.8,22.24,69.88,11.73,33.73,34.19,11.21,218.35,0.06,0.92,0.0
2638.0,2024-02-13,15:58:16,2638.0,21.43,20.4,74.86,11.21,218.26,20.18,78.8,11.66,20.18,78.8,22.24,69.88,11.73,33.73,34.19,11.21,218.26,0.07,0.92,0.0
2639.0,2024-02-13,15:58:17,2639.0,21.43,20.4,74.86,11.21,217.92,20.18,78.8,11.66,20.18,78.8,22.24,69.88,11.73,33.73,34.19,11.21,217.92,0.07,0.92,0.0
2640.0,2024-02-13,15:58:18,2640.0,21.44,20.41,74.9,11.23,218.07,20.19,78.79,11.66,20.19,78.79,22.24,69.7,11.7,33.75,34.15,11.21,218.07,0.07,0.92,0.0
2641.0,2024-02-13,15:58:19,2641.0,21.44,20.41,74.9,11.23,217.63,20.19,78.79,11.66,20.19,78.79,22.24,69.7,11.7,33.75,34.15,11.21,217.63,0.06,0.92,0.0
2642.0,2024-02-13,15:58:20,2642.0,21.44,20.41,74.9,11.23,217.54,20.19,78.79,11.66,20.19,78.79,22.24,69.7,11.7,33.75,34.15,11.21,217.54,0.06,0.92,0.0
2643.0,2024-02-13,15:58:21,2643.0,21.44,20.41,74.87,11.22,217.62,20.19,78.79,11.66,20.19,78.79,22.23,69.52,11.66,33.76,34.13,11.2,217.62,0.06,0.92,0.0
2644.0,2024-02-13,15:58:22,2644.0,21.44,20.41,74.87,11.22,217.62,20.19,78.79,11.66,20.19,78.79,22.23,69.52,11.66,33.76,34.13,11.2,217.62,0.06,0.92,0.0
2645.0,2024-02-13,15:58:23,2645.0,21.44,20.41,74.87,11.22,217.96,20.19,78.79,11.66,20.19,78.79,22.23,69.52,11.66,33.76,34.13,11.2,217.96,0.06,0.92,0.0
2646.0,2024-02-13,15:58:24,2646.0,21.45,20.41,74.86,11.22,217.92,20.2,78.76,11.66,20.2,78.76,22.24,69.33,11.63,33.78,34.1,11.2,217.92,0.06,0.92,0.0
2647.0,2024-02-13,15:58:25,2647.0,21.45,20.41,74.86,11.22,217.58,20.2,78.76,11.66,20.2,78.76,22.24,69.33,11.63,33.78,34.1,11.2,217.58,0.07,0.92,0.0
2648.0,2024-02-13,15:58:26,2648.0,21.45,20.41,74.86,11.22,217.58,20.2,78.76,11.66,20.2,78.76,22.24,69.33,11.63,33.78,34.1,11.2,217.58,0.07,0.92,0.0
2649.0,2024-02-13,15:58:27,2649.0,21.45,20.41,74.82,11.22,217.61,20.2,78.74,11.66,20.2,78.74,22.23,69.19,11.6,33.78,34.08,11.2,217.61,0.07,0.92,0.0
2650.0,2024-02-13,15:58:28,2650.0,21.45,20.41,74.82,11.22,217.62,20.2,78.74,11.66,20.2,78.74,22.23,69.19,11.6,33.78,34.08,11.2,217.62,0.07,0.92,0.0
2651.0,2024-02-13,15:58:29,2651.0,21.45,20.41,74.82,11.22,217.58,20.2,78.74,11.66,20.2,78.74,22.23,69.19,11.6,33.78,34.08,11.2,217.58,0.07,0.92,0.0
2652.0,2024-02-13,15:58:30,2652.0,21.46,20.41,74.85,11.22,215.2,20.21,78.71,11.66,20.21,78.71,22.22,69.05,11.58,33.79,34.07,11.2,215.2,0.07,0.91,0.0
2653.0,2024-02-13,15:58:31,2653.0,21.46,20.41,74.85,11.22,202.34,20.21,78.71,11.66,20.21,78.71,22.22,69.05,11.58,33.79,34.07,11.2,202.34,0.06,0.86,0.0
2654.0,2024-02-13,15:58:32,2654.0,21.46,20.41,74.85,11.22,196.9,20.21,78.71,11.66,20.21,78.71,22.22,69.05,11.58,33.79,34.07,11.2,196.9,0.06,0.83,0.0
2655.0,2024-02-13,15:58:33,2655.0,21.46,20.42,74.79,11.22,184.7,20.21,78.72,11.66,20.21,78.72,22.22,68.93,11.55,33.8,34.05,11.21,184.7,0.06,0.78,0.0
2656.0,2024-02-13,15:58:34,2656.0,21.46,20.42,74.79,11.22,181.03,20.21,78.72,11.66,20.21,78.72,22.22,68.93,11.55,33.8,34.05,11.21,181.03,0.05,0.77,0.0
2657.0,2024-02-13,15:58:35,2657.0,21.46,20.42,74.79,11.22,176.44,20.21,78.72,11.66,20.21,78.72,22.22,68.93,11.55,33.8,34.05,11.21,176.44,0.05,0.75,0.0
2658.0,2024-02-13,15:58:36,2658.0,21.46,20.43,74.73,11.22,174.2,20.21,78.69,11.66,20.21,78.69,22.2,68.82,11.52,33.82,34.03,11.21,174.2,0.05,0.74,0.0
2659.0,2024-02-13,15:58:37,2659.0,21.46,20.43,74.73,11.22,170.73,20.21,78.69,11.66,20.21,78.69,22.2,68.82,11.52,33.82,34.03,11.21,170.73,0.05,0.72,0.0
2660.0,2024-02-13,15:58:38,2660.0,21.46,20.43,74.73,11.22,168.53,20.21,78.69,11.66,20.21,78.69,22.2,68.82,11.52,33.82,34.03,11.21,168.53,0.05,0.72,0.0
2661.0,2024-02-13,15:58:39,2661.0,21.45,20.43,74.67,11.21,165.14,20.21,78.68,11.66,20.21,78.68,22.19,68.68,11.49,33.81,34.03,11.2,165.14,0.05,0.7,0.0
2662.0,2024-02-13,15:58:40,2662.0,21.45,20.43,74.67,11.21,163.04,20.21,78.68,11.66,20.21,78.68,22.19,68.68,11.49,33.81,34.03,11.2,163.04,0.05,0.69,0.0
2663.0,2024-02-13,15:58:41,2663.0,21.45,20.43,74.67,11.21,161.78,20.21,78.68,11.66,20.21,78.68,22.19,68.68,11.49,33.81,34.03,11.2,161.78,0.05,0.69,0.0
2664.0,2024-02-13,15:58:42,2664.0,21.47,20.44,74.64,11.21,159.99,20.23,79.1,11.74,20.23,79.1,22.19,68.58,11.47,33.83,34.01,11.21,159.99,0.05,0.68,0.0
2665.0,2024-02-13,15:58:43,2665.0,21.47,20.44,74.64,11.21,158.98,20.23,79.1,11.74,20.23,79.1,22.19,68.58,11.47,33.83,34.01,11.21,158.98,0.06,0.66,0.0
2666.0,2024-02-13,15:58:44,2666.0,21.47,20.44,74.64,11.21,157.46,20.23,79.1,11.74,20.23,79.1,22.19,68.58,11.47,33.83,34.01,11.21,157.46,0.06,0.66,0.0
2667.0,2024-02-13,15:58:45,2667.0,21.47,20.45,74.59,11.21,156.46,20.24,79.62,11.82,20.24,79.62,22.18,68.46,11.45,33.83,34.02,11.21,156.46,0.06,0.65,0.0
2668.0,2024-02-13,15:58:46,2668.0,21.47,20.45,74.59,11.21,155.05,20.24,79.62,11.82,20.24,79.62,22.18,68.46,11.45,33.83,34.02,11.21,155.05,0.07,0.64,0.0
2669.0,2024-02-13,15:58:47,2669.0,21.47,20.45,74.59,11.21,154.63,20.24,79.62,11.82,20.24,79.62,22.18,68.46,11.45,33.83,34.02,11.21,154.63,0.07,0.63,0.0
2670.0,2024-02-13,15:58:48,2670.0,21.47,20.46,74.53,11.21,154.63,20.26,79.81,11.86,20.26,79.81,22.18,68.35,11.43,33.85,34.01,11.22,154.63,0.07,0.63,0.0
2671.0,2024-02-13,15:58:49,2671.0,21.47,20.46,74.53,11.21,154.74,20.26,79.81,11.86,20.26,79.81,22.18,68.35,11.43,33.85,34.01,11.22,154.74,0.07,0.63,0.0
2672.0,2024-02-13,15:58:50,2672.0,21.47,20.46,74.53,11.21,155.01,20.26,79.81,11.86,20.26,79.81,22.18,68.35,11.43,33.85,34.01,11.22,155.01,0.07,0.63,0.0
2673.0,2024-02-13,15:58:51,2673.0,21.48,20.47,74.48,11.21,155.18,20.27,79.81,11.87,20.27,79.81,22.18,68.22,11.4,33.85,34.01,11.22,155.18,0.07,0.63,0.0
2674.0,2024-02-13,15:58:52,2674.0,21.48,20.47,74.48,11.21,155.19,20.27,79.81,11.87,20.27,79.81,22.18,68.22,11.4,33.85,34.01,11.22,155.19,0.08,0.63,0.0
2675.0,2024-02-13,15:58:53,2675.0,21.48,20.47,74.48,11.21,154.71,20.27,79.81,11.87,20.27,79.81,22.18,68.22,11.4,33.85,34.01,11.22,154.71,0.08,0.63,0.0
2676.0,2024-02-13,15:58:54,2676.0,21.49,20.48,74.45,11.21,154.19,20.28,79.76,11.87,20.28,79.76,22.18,68.07,11.38,33.86,34.01,11.23,154.19,0.08,0.63,0.0
2677.0,2024-02-13,15:58:55,2677.0,21.49,20.48,74.45,11.21,154.07,20.28,79.76,11.87,20.28,79.76,22.18,68.07,11.38,33.86,34.01,11.23,154.07,0.07,0.63,0.0
2678.0,2024-02-13,15:58:56,2678.0,21.49,20.48,74.45,11.21,153.15,20.28,79.76,11.87,20.28,79.76,22.18,68.07,11.38,33.86,34.01,11.23,153.15,0.07,0.62,0.0
2679.0,2024-02-13,15:58:57,2679.0,21.51,20.5,74.42,11.22,152.56,20.29,79.63,11.86,20.29,79.63,22.18,67.97,11.36,33.87,34,11.23,152.56,0.07,0.62,0.0
2680.0,2024-02-13,15:58:58,2680.0,21.51,20.5,74.42,11.22,151.69,20.29,79.63,11.86,20.29,79.63,22.18,67.97,11.36,33.87,34,11.23,151.69,0.07,0.62,0.0
2681.0,2024-02-13,15:58:59,2681.0,21.51,20.5,74.42,11.22,151.64,20.29,79.63,11.86,20.29,79.63,22.18,67.97,11.36,33.87,34,11.23,151.64,0.07,0.62,0.0
2682.0,2024-02-13,15:59:00,2682.0,21.52,20.5,74.4,11.21,151.84,20.29,79.5,11.84,20.29,79.5,22.17,67.9,11.34,33.86,33.99,11.22,151.84,0.07,0.62,0.0
2683.0,2024-02-13,15:59:01,2683.0,21.52,20.5,74.4,11.21,151.16,20.29,79.5,11.84,20.29,79.5,22.17,67.9,11.34,33.86,33.99,11.22,151.16,0.07,0.62,0.0
2684.0,2024-02-13,15:59:02,2684.0,21.52,20.5,74.4,11.21,151.21,20.29,79.5,11.84,20.29,79.5,22.17,67.9,11.34,33.86,33.99,11.22,151.21,0.07,0.62,0.0
2685.0,2024-02-13,15:59:03,2685.0,21.53,20.51,74.38,11.22,151.16,20.3,79.39,11.83,20.3,79.39,22.16,67.82,11.32,33.87,33.98,11.22,151.16,0.07,0.62,0.0
2686.0,2024-02-13,15:59:04,2686.0,21.53,20.51,74.38,11.22,154.32,20.3,79.39,11.83,20.3,79.39,22.16,67.82,11.32,33.87,33.98,11.22,154.32,0.07,0.63,0.0
2687.0,2024-02-13,15:59:05,2687.0,21.53,20.51,74.38,11.22,168.15,20.3,79.39,11.83,20.3,79.39,22.16,67.82,11.32,33.87,33.98,11.22,168.15,0.08,0.69,0.0
2688.0,2024-02-13,15:59:06,2688.0,21.54,20.52,74.35,11.22,176.33,20.32,79.29,11.83,20.32,79.29,22.15,67.78,11.31,33.88,33.95,11.22,176.33,0.08,0.72,0.0
2689.0,2024-02-13,15:59:07,2689.0,21.54,20.52,74.35,11.22,186.91,20.32,79.29,11.83,20.32,79.29,22.15,67.78,11.31,33.88,33.95,11.22,186.91,0.08,0.77,0.0
2690.0,2024-02-13,15:59:08,2690.0,21.54,20.52,74.35,11.22,193.78,20.32,79.29,11.83,20.32,79.29,22.15,67.78,11.31,33.88,33.95,11.22,193.78,0.09,0.79,0.0
2691.0,2024-02-13,15:59:09,2691.0,21.56,20.52,74.37,11.22,200.29,20.32,79.22,11.82,20.32,79.22,22.14,67.74,11.29,33.88,33.94,11.22,200.29,0.09,0.82,0.0
2692.0,2024-02-13,15:59:10,2692.0,21.56,20.52,74.37,11.22,202.11,20.32,79.22,11.82,20.32,79.22,22.14,67.74,11.29,33.88,33.94,11.22,202.11,0.09,0.83,0.0
2693.0,2024-02-13,15:59:11,2693.0,21.56,20.52,74.37,11.22,205.59,20.32,79.22,11.82,20.32,79.22,22.14,67.74,11.29,33.88,33.94,11.22,205.59,0.09,0.84,0.0
2694.0,2024-02-13,15:59:12,2694.0,21.56,20.52,74.37,11.23,207.02,20.33,79.11,11.81,20.33,79.11,22.14,67.65,11.28,33.89,33.93,11.22,207.02,0.09,0.85,0.0
2695.0,2024-02-13,15:59:13,2695.0,21.56,20.52,74.37,11.23,209.43,20.33,79.11,11.81,20.33,79.11,22.14,67.65,11.28,33.89,33.93,11.22,209.43,0.09,0.86,0.0
2696.0,2024-02-13,15:59:14,2696.0,21.56,20.52,74.37,11.23,210.61,20.33,79.11,11.81,20.33,79.11,22.14,67.65,11.28,33.89,33.93,11.22,210.61,0.09,0.86,0.0
2697.0,2024-02-13,15:59:15,2697.0,21.57,20.53,74.35,11.23,211.8,20.33,79,11.8,20.33,79,22.15,67.56,11.27,33.89,33.92,11.22,211.8,0.09,0.87,0.0
2698.0,2024-02-13,15:59:16,2698.0,21.57,20.53,74.35,11.23,212.77,20.33,79,11.8,20.33,79,22.15,67.56,11.27,33.89,33.92,11.22,212.77,0.09,0.88,0.0
2699.0,2024-02-13,15:59:17,2699.0,21.57,20.53,74.35,11.23,213.75,20.33,79,11.8,20.33,79,22.15,67.56,11.27,33.89,33.92,11.22,213.75,0.09,0.88,0.0
2700.0,2024-02-13,15:59:18,2700.0,21.58,20.52,74.36,11.23,214.43,20.34,78.86,11.78,20.34,78.86,22.15,67.46,11.26,33.9,33.92,11.22,214.43,0.09,0.88,0.0
2701.0,2024-02-13,15:59:19,2701.0,21.58,20.52,74.36,11.23,215.54,20.34,78.86,11.78,20.34,78.86,22.15,67.46,11.26,33.9,33.92,11.22,215.54,0.09,0.89,0.0
2702.0,2024-02-13,15:59:20,2702.0,21.58,20.52,74.36,11.23,216.28,20.34,78.86,11.78,20.34,78.86,22.15,67.46,11.26,33.9,33.92,11.22,216.28,0.09,0.89,0.0
2703.0,2024-02-13,15:59:21,2703.0,21.58,20.52,74.36,11.23,216.27,20.34,78.75,11.76,20.34,78.75,22.16,67.4,11.25,33.9,33.92,11.22,216.27,0.09,0.89,0.0
2704.0,2024-02-13,15:59:22,2704.0,21.58,20.52,74.36,11.23,216.66,20.34,78.75,11.76,20.34,78.75,22.16,67.4,11.25,33.9,33.92,11.22,216.66,0.08,0.9,0.0
2705.0,2024-02-13,15:59:23,2705.0,21.58,20.52,74.36,11.23,216.61,20.34,78.75,11.76,20.34,78.75,22.16,67.4,11.25,33.9,33.92,11.22,216.61,0.08,0.9,0.0
2706.0,2024-02-13,15:59:24,2706.0,21.58,20.52,74.36,11.23,216.93,20.34,78.75,11.76,20.34,78.75,22.16,67.4,11.25,33.9,33.92,11.22,216.93,0.08,0.9,0.0
2707.0,2024-02-13,15:59:25,2707.0,21.59,20.52,74.39,11.23,216.98,20.34,78.57,11.74,20.34,78.57,22.16,67.37,11.24,33.91,33.92,11.23,216.98,0.08,0.91,0.0
2708.0,2024-02-13,15:59:26,2708.0,21.59,20.52,74.39,11.23,217.35,20.34,78.57,11.74,20.34,78.57,22.16,67.37,11.24,33.91,33.92,11.23,217.35,0.08,0.91,0.0
2709.0,2024-02-13,15:59:27,2709.0,21.61,20.53,74.37,11.23,217.32,20.35,78.45,11.72,20.35,78.45,22.16,67.3,11.23,33.92,33.92,11.23,217.32,0.08,0.91,0.0
2710.0,2024-02-13,15:59:28,2710.0,21.61,20.53,74.37,11.23,217.62,20.35,78.45,11.72,20.35,78.45,22.16,67.3,11.23,33.92,33.92,11.23,217.62,0.08,0.91,0.0
2711.0,2024-02-13,15:59:29,2711.0,21.61,20.53,74.37,11.23,217.64,20.35,78.45,11.72,20.35,78.45,22.16,67.3,11.23,33.92,33.92,11.23,217.64,0.08,0.91,0.0
2712.0,2024-02-13,15:59:30,2712.0,21.62,20.53,74.32,11.23,217.68,20.35,78.35,11.71,20.35,78.35,22.16,67.27,11.23,33.92,33.92,11.24,217.68,0.08,0.91,0.0
2713.0,2024-02-13,15:59:31,2713.0,21.62,20.53,74.32,11.23,217.69,20.35,78.35,11.71,20.35,78.35,22.16,67.27,11.23,33.92,33.92,11.24,217.69,0.08,0.92,0.0
2714.0,2024-02-13,15:59:32,2714.0,21.62,20.53,74.32,11.23,218.06,20.35,78.35,11.71,20.35,78.35,22.16,67.27,11.23,33.92,33.92,11.24,218.06,0.08,0.92,0.0
2715.0,2024-02-13,15:59:33,2715.0,21.62,20.53,74.3,11.22,218.02,20.34,78.27,11.69,20.34,78.27,22.16,67.24,11.22,33.93,33.92,11.24,218.02,0.08,0.92,0.0
2716.0,2024-02-13,15:59:34,2716.0,21.62,20.53,74.3,11.22,218.02,20.34,78.27,11.69,20.34,78.27,22.16,67.24,11.22,33.93,33.92,11.24,218.02,0.07,0.92,0.0
2717.0,2024-02-13,15:59:35,2717.0,21.62,20.53,74.3,11.22,218.06,20.34,78.27,11.69,20.34,78.27,22.16,67.24,11.22,33.93,33.92,11.24,218.06,0.07,0.92,0.0
2718.0,2024-02-13,15:59:36,2718.0,21.62,20.54,74.31,11.23,218.38,20.35,78.18,11.68,20.35,78.18,22.17,67.16,11.21,33.94,33.91,11.24,218.38,0.07,0.92,0.0
2719.0,2024-02-13,15:59:37,2719.0,21.62,20.54,74.31,11.23,218.36,20.35,78.18,11.68,20.35,78.18,22.17,67.16,11.21,33.94,33.91,11.24,218.36,0.07,0.93,0.0
2720.0,2024-02-13,15:59:38,2720.0,21.62,20.54,74.31,11.23,218,20.35,78.18,11.68,20.35,78.18,22.17,67.16,11.21,33.94,33.91,11.24,218,0.07,0.93,0.0
2721.0,2024-02-13,15:59:39,2721.0,21.62,20.53,74.33,11.23,218.09,20.35,78.05,11.66,20.35,78.05,22.17,67.15,11.21,33.94,33.91,11.24,218.09,0.07,0.93,0.0
2722.0,2024-02-13,15:59:40,2722.0,21.62,20.53,74.33,11.23,218.37,20.35,78.05,11.66,20.35,78.05,22.17,67.15,11.21,33.94,33.91,11.24,218.37,0.07,0.93,0.0
2723.0,2024-02-13,15:59:41,2723.0,21.62,20.53,74.33,11.23,218.42,20.35,78.05,11.66,20.35,78.05,22.17,67.15,11.21,33.94,33.91,11.24,218.42,0.07,0.93,0.0
2724.0,2024-02-13,15:59:42,2724.0,21.62,20.53,74.37,11.23,218.35,20.35,77.96,11.65,20.35,77.96,22.17,67.11,11.21,33.94,33.91,11.25,218.35,0.07,0.93,0.0
2725.0,2024-02-13,15:59:43,2725.0,21.62,20.53,74.37,11.23,217.95,20.35,77.96,11.65,20.35,77.96,22.17,67.11,11.21,33.94,33.91,11.25,217.95,0.06,0.93,0.0
2726.0,2024-02-13,15:59:44,2726.0,21.62,20.53,74.37,11.23,218.04,20.35,77.96,11.65,20.35,77.96,22.17,67.11,11.21,33.94,33.91,11.25,218.04,0.06,0.93,0.0
2727.0,2024-02-13,15:59:45,2727.0,21.63,20.54,74.33,11.23,217.98,20.35,77.88,11.64,20.35,77.88,22.17,67.06,11.2,33.95,33.92,11.25,217.98,0.06,0.93,0.0
2728.0,2024-02-13,15:59:46,2728.0,21.63,20.54,74.33,11.23,217.59,20.35,77.88,11.64,20.35,77.88,22.17,67.06,11.2,33.95,33.92,11.25,217.59,0.06,0.93,0.0
2729.0,2024-02-13,15:59:47,2729.0,21.63,20.54,74.33,11.23,217.77,20.35,77.88,11.64,20.35,77.88,22.17,67.06,11.2,33.95,33.92,11.25,217.77,0.06,0.94,0.0
2730.0,2024-02-13,15:59:48,2730.0,21.63,20.54,74.28,11.23,217.69,20.35,77.8,11.63,20.35,77.8,22.16,67.09,11.2,33.94,33.93,11.25,217.69,0.06,0.93,0.0
2731.0,2024-02-13,15:59:49,2731.0,21.63,20.54,74.28,11.23,217.93,20.35,77.8,11.63,20.35,77.8,22.16,67.09,11.2,33.94,33.93,11.25,217.93,0.06,0.94,0.0
2732.0,2024-02-13,15:59:50,2732.0,21.63,20.54,74.28,11.23,218,20.35,77.8,11.63,20.35,77.8,22.16,67.09,11.2,33.94,33.93,11.25,218,0.06,0.94,0.0
2733.0,2024-02-13,15:59:51,2733.0,21.63,20.54,74.27,11.23,218.05,20.35,77.76,11.62,20.35,77.76,22.16,67.09,11.19,33.95,33.94,11.26,218.05,0.06,0.94,0.0
2734.0,2024-02-13,15:59:52,2734.0,21.63,20.54,74.27,11.23,218.01,20.35,77.76,11.62,20.35,77.76,22.16,67.09,11.19,33.95,33.94,11.26,218.01,0.06,0.94,0.0
2735.0,2024-02-13,15:59:53,2735.0,21.63,20.54,74.27,11.23,218.03,20.35,77.76,11.62,20.35,77.76,22.16,67.09,11.19,33.95,33.94,11.26,218.03,0.06,0.94,0.0
2736.0,2024-02-13,15:59:54,2736.0,21.64,20.55,74.28,11.23,218.07,20.36,77.69,11.61,20.36,77.69,22.15,67.1,11.19,33.97,33.93,11.27,218.07,0.06,0.94,0.0
2737.0,2024-02-13,15:59:55,2737.0,21.64,20.55,74.28,11.23,218.02,20.36,77.69,11.61,20.36,77.69,22.15,67.1,11.19,33.97,33.93,11.27,218.02,0.06,0.95,0.0
2738.0,2024-02-13,15:59:56,2738.0,21.64,20.55,74.28,11.23,217.97,20.36,77.69,11.61,20.36,77.69,22.15,67.1,11.19,33.97,33.93,11.27,217.97,0.06,0.95,0.0
2739.0,2024-02-13,15:59:57,2739.0,21.65,20.55,74.3,11.23,218.06,20.36,77.6,11.6,20.36,77.6,22.14,67.09,11.18,33.97,33.93,11.27,218.06,0.06,0.95,0.0
2740.0,2024-02-13,15:59:58,2740.0,21.65,20.55,74.3,11.23,218.08,20.36,77.6,11.6,20.36,77.6,22.14,67.09,11.18,33.97,33.93,11.27,218.08,0.05,0.95,0.0
2741.0,2024-02-13,15:59:59,2741.0,21.65,20.55,74.3,11.23,218.1,20.36,77.6,11.6,20.36,77.6,22.14,67.09,11.18,33.97,33.93,11.27,218.1,0.05,0.95,0.0
2742.0,2024-02-13,16:00:00,2742.0,21.64,20.54,74.34,11.24,218.43,20.36,77.56,11.6,20.36,77.56,22.13,67.12,11.18,33.98,33.93,11.27,218.43,0.05,0.95,0.0
2743.0,2024-02-13,16:00:01,2743.0,21.64,20.54,74.34,11.24,218.4,20.36,77.56,11.6,20.36,77.56,22.13,67.12,11.18,33.98,33.93,11.27,218.4,0.05,0.95,0.0
2744.0,2024-02-13,16:00:02,2744.0,21.64,20.54,74.34,11.24,218.37,20.36,77.56,11.6,20.36,77.56,22.13,67.12,11.18,33.98,33.93,11.27,218.37,0.05,0.95,0.0
2745.0,2024-02-13,16:00:03,2745.0,21.63,20.54,74.37,11.24,218.29,20.36,77.51,11.59,20.36,77.51,22.12,67.1,11.17,33.98,33.92,11.28,218.29,0.05,0.95,0.0
2746.0,2024-02-13,16:00:04,2746.0,21.63,20.54,74.37,11.24,218.34,20.36,77.51,11.59,20.36,77.51,22.12,67.1,11.17,33.98,33.92,11.28,218.34,0.05,0.95,0.0
2747.0,2024-02-13,16:00:05,2747.0,21.63,20.54,74.37,11.24,218.37,20.36,77.51,11.59,20.36,77.51,22.12,67.1,11.17,33.98,33.92,11.28,218.37,0.05,0.95,0.0
2748.0,2024-02-13,16:00:06,2748.0,21.62,20.55,74.33,11.24,219.36,20.36,77.46,11.58,20.36,77.46,22.12,67.1,11.17,33.99,33.91,11.28,219.36,0.05,0.96,0.0
2749.0,2024-02-13,16:00:07,2749.0,21.62,20.55,74.33,11.24,219.7,20.36,77.46,11.58,20.36,77.46,22.12,67.1,11.17,33.99,33.91,11.28,219.7,0.05,0.96,0.0
2750.0,2024-02-13,16:00:08,2750.0,21.62,20.55,74.33,11.24,219.43,20.36,77.46,11.58,20.36,77.46,22.12,67.1,11.17,33.99,33.91,11.28,219.43,0.05,0.96,0.0
2751.0,2024-02-13,16:00:09,2751.0,21.62,20.55,74.35,11.25,219.38,20.37,77.41,11.58,20.37,77.41,22.12,67.07,11.17,34.01,33.89,11.28,219.38,0.05,0.96,0.0
2752.0,2024-02-13,16:00:10,2752.0,21.62,20.55,74.35,11.25,219.37,20.37,77.41,11.58,20.37,77.41,22.12,67.07,11.17,34.01,33.89,11.28,219.37,0.05,0.96,0.0
2753.0,2024-02-13,16:00:11,2753.0,21.62,20.55,74.35,11.25,219.06,20.37,77.41,11.58,20.37,77.41,22.12,67.07,11.17,34.01,33.89,11.28,219.06,0.05,0.96,0.0
2754.0,2024-02-13,16:00:12,2754.0,21.62,20.55,74.35,11.25,218.67,20.36,77.39,11.57,20.36,77.39,22.11,67.07,11.16,34.01,33.86,11.27,218.67,0.05,0.96,0.0
2755.0,2024-02-13,16:00:13,2755.0,21.62,20.55,74.35,11.25,218.72,20.36,77.39,11.57,20.36,77.39,22.11,67.07,11.16,34.01,33.86,11.27,218.72,0.05,0.96,0.0
2756.0,2024-02-13,16:00:14,2756.0,21.62,20.55,74.35,11.25,218.67,20.36,77.39,11.57,20.36,77.39,22.11,67.07,11.16,34.01,33.86,11.27,218.67,0.05,0.96,0.0
2757.0,2024-02-13,16:00:15,2757.0,21.62,20.55,74.33,11.24,218.74,20.33,77.52,11.57,20.33,77.52,22.11,67.02,11.15,33.96,33.73,11.2,218.74,0.05,0.96,0.0
2758.0,2024-02-13,16:00:16,2758.0,21.62,20.55,74.33,11.24,218.67,20.33,77.52,11.57,20.33,77.52,22.11,67.02,11.15,33.96,33.73,11.2,218.67,0.05,0.94,0.0
2759.0,2024-02-13,16:00:17,2759.0,21.62,20.55,74.33,11.24,218.72,20.33,77.52,11.57,20.33,77.52,22.11,67.02,11.15,33.96,33.73,11.2,218.72,0.05,0.94,0.0
2760.0,2024-02-13,16:00:18,2760.0,21.62,20.55,74.33,11.24,218.39,20.36,77.32,11.56,20.36,77.32,22.12,66.92,11.14,34.01,33.82,11.26,218.39,0.05,0.94,0.0
2761.0,2024-02-13,16:00:19,2761.0,21.62,20.55,74.33,11.24,218.36,20.36,77.32,11.56,20.36,77.32,22.12,66.92,11.14,34.01,33.82,11.26,218.36,0.05,0.96,0.0
2762.0,2024-02-13,16:00:20,2762.0,21.62,20.55,74.33,11.24,218.39,20.36,77.32,11.56,20.36,77.32,22.12,66.92,11.14,34.01,33.82,11.26,218.39,0.05,0.96,0.0
2763.0,2024-02-13,16:00:21,2763.0,21.62,20.55,74.28,11.24,218.34,20.35,77.27,11.55,20.35,77.27,22.14,66.82,11.13,33.98,33.82,11.24,218.34,0.04,0.95,0.0
2764.0,2024-02-13,16:00:22,2764.0,21.62,20.55,74.28,11.24,218.31,20.35,77.27,11.55,20.35,77.27,22.14,66.82,11.13,33.98,33.82,11.24,218.31,0.04,0.95,0.0
2765.0,2024-02-13,16:00:23,2765.0,21.62,20.55,74.28,11.24,218.32,20.35,77.27,11.55,20.35,77.27,22.14,66.82,11.13,33.98,33.82,11.24,218.32,0.04,0.95,0.0
2766.0,2024-02-13,16:00:24,2766.0,21.63,20.56,74.28,11.24,218.32,20.36,77.25,11.55,20.36,77.25,22.16,66.72,11.13,34.03,33.76,11.25,218.32,0.04,0.95,0.0
2767.0,2024-02-13,16:00:25,2767.0,21.63,20.56,74.28,11.24,218.39,20.36,77.25,11.55,20.36,77.25,22.16,66.72,11.13,34.03,33.76,11.25,218.39,0.04,0.96,0.0
2768.0,2024-02-13,16:00:26,2768.0,21.63,20.56,74.28,11.24,218.76,20.36,77.25,11.55,20.36,77.25,22.16,66.72,11.13,34.03,33.76,11.25,218.76,0.04,0.96,0.0
2769.0,2024-02-13,16:00:27,2769.0,21.63,20.56,74.3,11.24,218.82,20.37,77.18,11.55,20.37,77.18,22.18,66.63,11.13,34.05,33.72,11.25,218.82,0.04,0.96,0.0
2770.0,2024-02-13,16:00:28,2770.0,21.63,20.56,74.3,11.24,218.71,20.37,77.18,11.55,20.37,77.18,22.18,66.63,11.13,34.05,33.72,11.25,218.71,0.04,0.96,0.0
2771.0,2024-02-13,16:00:29,2771.0,21.63,20.56,74.3,11.24,218.72,20.37,77.18,11.55,20.37,77.18,22.18,66.63,11.13,34.05,33.72,11.25,218.72,0.04,0.96,0.0
2772.0,2024-02-13,16:00:30,2772.0,21.62,20.55,74.3,11.24,218.55,20.36,77.16,11.54,20.36,77.16,22.18,66.57,11.12,34.04,33.7,11.24,218.55,0.04,0.96,0.0
2773.0,2024-02-13,16:00:31,2773.0,21.62,20.55,74.3,11.24,218.37,20.36,77.16,11.54,20.36,77.16,22.18,66.57,11.12,34.04,33.7,11.24,218.37,0.04,0.96,0.0
2774.0,2024-02-13,16:00:32,2774.0,21.62,20.55,74.3,11.24,218.35,20.36,77.16,11.54,20.36,77.16,22.18,66.57,11.12,34.04,33.7,11.24,218.35,0.04,0.96,0.0
2775.0,2024-02-13,16:00:33,2775.0,21.63,20.56,74.26,11.24,218.39,20.37,77.12,11.54,20.37,77.12,22.19,66.53,11.12,34.06,33.66,11.24,218.39,0.04,0.96,0.0
2776.0,2024-02-13,16:00:34,2776.0,21.63,20.56,74.26,11.24,217.97,20.37,77.12,11.54,20.37,77.12,22.19,66.53,11.12,34.06,33.66,11.24,217.97,0.04,0.96,0.0
2777.0,2024-02-13,16:00:35,2777.0,21.63,20.56,74.26,11.24,218,20.37,77.12,11.54,20.37,77.12,22.19,66.53,11.12,34.06,33.66,11.24,218,0.04,0.96,0.0
2778.0,2024-02-13,16:00:36,2778.0,21.62,20.56,74.15,11.22,217.74,20.36,77.06,11.52,20.36,77.06,22.2,66.48,11.12,34.05,33.64,11.22,217.74,0.04,0.96,0.0
2779.0,2024-02-13,16:00:37,2779.0,21.62,20.56,74.15,11.22,217.65,20.36,77.06,11.52,20.36,77.06,22.2,66.48,11.12,34.05,33.64,11.22,217.65,0.04,0.96,0.0
2780.0,2024-02-13,16:00:38,2780.0,21.62,20.56,74.15,11.22,217.69,20.36,77.06,11.52,20.36,77.06,22.2,66.48,11.12,34.05,33.64,11.22,217.69,0.04,0.96,0.0
2781.0,2024-02-13,16:00:39,2781.0,21.63,20.56,74.18,11.22,217.61,20.36,77.02,11.52,20.36,77.02,22.21,66.43,11.12,34.07,33.61,11.22,217.61,0.04,0.96,0.0
2782.0,2024-02-13,16:00:40,2782.0,21.63,20.56,74.18,11.22,217.68,20.36,77.02,11.52,20.36,77.02,22.21,66.43,11.12,34.07,33.61,11.22,217.68,0.04,0.96,0.0
2783.0,2024-02-13,16:00:41,2783.0,21.63,20.56,74.18,11.22,217.63,20.36,77.02,11.52,20.36,77.02,22.21,66.43,11.12,34.07,33.61,11.22,217.63,0.04,0.96,0.0
2784.0,2024-02-13,16:00:42,2784.0,21.65,20.57,74.16,11.23,217.71,20.38,76.96,11.52,20.38,76.96,22.22,66.44,11.12,34.09,33.58,11.23,217.71,0.04,0.96,0.0
2785.0,2024-02-13,16:00:43,2785.0,21.65,20.57,74.16,11.23,217.67,20.38,76.96,11.52,20.38,76.96,22.22,66.44,11.12,34.09,33.58,11.23,217.67,0.04,0.96,0.0
2786.0,2024-02-13,16:00:44,2786.0,21.65,20.57,74.16,11.23,217.66,20.38,76.96,11.52,20.38,76.96,22.22,66.44,11.12,34.09,33.58,11.23,217.66,0.04,0.96,0.0
2787.0,2024-02-13,16:00:45,2787.0,21.64,20.56,74.12,11.22,217.7,20.37,76.92,11.51,20.37,76.92,22.21,66.45,11.12,34.09,33.58,11.23,217.7,0.04,0.96,0.0
2788.0,2024-02-13,16:00:46,2788.0,21.64,20.56,74.12,11.22,217.62,20.37,76.92,11.51,20.37,76.92,22.21,66.45,11.12,34.09,33.58,11.23,217.62,0.04,0.96,0.0
2789.0,2024-02-13,16:00:47,2789.0,21.64,20.56,74.12,11.22,217.77,20.37,76.92,11.51,20.37,76.92,22.21,66.45,11.12,34.09,33.58,11.23,217.77,0.04,0.97,0.0
2790.0,2024-02-13,16:00:48,2790.0,21.65,20.57,74.13,11.22,217.73,20.38,76.89,11.51,20.38,76.89,22.21,66.47,11.13,34.11,33.58,11.24,217.73,0.04,0.97,0.0
2791.0,2024-02-13,16:00:49,2791.0,21.65,20.57,74.13,11.22,217.61,20.38,76.89,11.51,20.38,76.89,22.21,66.47,11.13,34.11,33.58,11.24,217.61,0.04,0.97,0.0
2792.0,2024-02-13,16:00:50,2792.0,21.65,20.57,74.13,11.22,217.6,20.38,76.89,11.51,20.38,76.89,22.21,66.47,11.13,34.11,33.58,11.24,217.6,0.04,0.97,0.0
2793.0,2024-02-13,16:00:51,2793.0,21.66,20.57,74.1,11.22,217.6,20.38,76.85,11.5,20.38,76.85,22.21,66.49,11.13,34.11,33.57,11.24,217.6,0.04,0.97,0.0
2794.0,2024-02-13,16:00:52,2794.0,21.66,20.57,74.1,11.22,217.62,20.38,76.85,11.5,20.38,76.85,22.21,66.49,11.13,34.11,33.57,11.24,217.62,0.04,0.97,0.0
2795.0,2024-02-13,16:00:53,2795.0,21.66,20.57,74.1,11.22,217.64,20.38,76.85,11.5,20.38,76.85,22.21,66.49,11.13,34.11,33.57,11.24,217.64,0.04,0.97,0.0
2796.0,2024-02-13,16:00:54,2796.0,21.65,20.57,74.1,11.22,217.63,20.37,76.89,11.5,20.37,76.89,22.2,66.51,11.13,34.09,33.58,11.23,217.63,0.04,0.96,0.0
2797.0,2024-02-13,16:00:55,2797.0,21.65,20.57,74.1,11.22,217.65,20.37,76.89,11.5,20.37,76.89,22.2,66.51,11.13,34.09,33.58,11.23,217.65,0.04,0.97,0.0
2798.0,2024-02-13,16:00:56,2798.0,21.65,20.57,74.1,11.22,217.76,20.37,76.89,11.5,20.37,76.89,22.2,66.51,11.13,34.09,33.58,11.23,217.76,0.04,0.97,0.0
2799.0,2024-02-13,16:00:57,2799.0,21.66,20.57,74.1,11.22,217.67,20.37,76.82,11.5,20.37,76.82,22.2,66.55,11.13,34.12,33.54,11.23,217.67,0.04,0.97,0.0
2800.0,2024-02-13,16:00:58,2800.0,21.66,20.57,74.1,11.22,217.6,20.37,76.82,11.5,20.37,76.82,22.2,66.55,11.13,34.12,33.54,11.23,217.6,0.04,0.97,0.0
2801.0,2024-02-13,16:00:59,2801.0,21.66,20.57,74.1,11.22,217.77,20.37,76.82,11.5,20.37,76.82,22.2,66.55,11.13,34.12,33.54,11.23,217.77,0.04,0.97,0.0
2802.0,2024-02-13,16:01:00,2802.0,21.66,20.57,74.09,11.22,218.09,20.37,76.8,11.49,20.37,76.8,22.19,66.59,11.13,34.12,33.52,11.23,218.09,0.04,0.97,0.0
2803.0,2024-02-13,16:01:01,2803.0,21.66,20.57,74.09,11.22,217.99,20.37,76.8,11.49,20.37,76.8,22.19,66.59,11.13,34.12,33.52,11.23,217.99,0.04,0.97,0.0
2804.0,2024-02-13,16:01:02,2804.0,21.66,20.57,74.09,11.22,218,20.37,76.8,11.49,20.37,76.8,22.19,66.59,11.13,34.12,33.52,11.23,218,0.04,0.97,0.0
2805.0,2024-02-13,16:01:03,2805.0,21.66,20.57,74.07,11.22,218.28,20.38,76.77,11.49,20.38,76.77,22.18,66.64,11.13,34.13,33.49,11.22,218.28,0.04,0.97,0.0
2806.0,2024-02-13,16:01:04,2806.0,21.66,20.57,74.07,11.22,218.32,20.38,76.77,11.49,20.38,76.77,22.18,66.64,11.13,34.13,33.49,11.22,218.32,0.04,0.97,0.0
2807.0,2024-02-13,16:01:05,2807.0,21.66,20.57,74.07,11.22,218.38,20.38,76.77,11.49,20.38,76.77,22.18,66.64,11.13,34.13,33.49,11.22,218.38,0.04,0.97,0.0
2808.0,2024-02-13,16:01:06,2808.0,21.65,20.58,73.94,11.2,218.24,20.36,76.8,11.48,20.36,76.8,22.18,66.64,11.13,34.1,33.49,11.2,218.24,0.04,0.97,0.0
2809.0,2024-02-13,16:01:07,2809.0,21.65,20.58,73.94,11.2,218.29,20.36,76.8,11.48,20.36,76.8,22.18,66.64,11.13,34.1,33.49,11.2,218.29,0.04,0.97,0.0
2810.0,2024-02-13,16:01:08,2810.0,21.65,20.58,73.94,11.2,218.03,20.36,76.8,11.48,20.36,76.8,22.18,66.64,11.13,34.1,33.49,11.2,218.03,0.04,0.97,0.0
2811.0,2024-02-13,16:01:09,2811.0,21.67,20.58,73.98,11.21,217.99,20.38,76.66,11.48,20.38,76.66,22.17,66.67,11.13,34.14,33.45,11.22,217.99,0.04,0.97,0.0
2812.0,2024-02-13,16:01:10,2812.0,21.67,20.58,73.98,11.21,217.63,20.38,76.66,11.48,20.38,76.66,22.17,66.67,11.13,34.14,33.45,11.22,217.63,0.04,0.97,0.0
2813.0,2024-02-13,16:01:11,2813.0,21.67,20.58,73.98,11.21,217.73,20.38,76.66,11.48,20.38,76.66,22.17,66.67,11.13,34.14,33.45,11.22,217.73,0.04,0.97,0.0
2814.0,2024-02-13,16:01:12,2814.0,21.66,20.59,73.94,11.2,217.37,20.38,76.63,11.47,20.38,76.63,22.17,66.66,11.13,34.15,33.42,11.22,217.37,0.04,0.97,0.0
2815.0,2024-02-13,16:01:13,2815.0,21.66,20.59,73.94,11.2,217.28,20.38,76.63,11.47,20.38,76.63,22.17,66.66,11.13,34.15,33.42,11.22,217.28,0.03,0.97,0.0
2816.0,2024-02-13,16:01:14,2816.0,21.66,20.59,73.94,11.2,217.31,20.38,76.63,11.47,20.38,76.63,22.17,66.66,11.13,34.15,33.42,11.22,217.31,0.03,0.97,0.0
2817.0,2024-02-13,16:01:15,2817.0,21.66,20.58,73.96,11.21,217.36,20.39,76.57,11.47,20.39,76.57,22.19,66.57,11.13,34.16,33.4,11.21,217.36,0.03,0.97,0.0
2818.0,2024-02-13,16:01:16,2818.0,21.66,20.58,73.96,11.21,217.38,20.39,76.57,11.47,20.39,76.57,22.19,66.57,11.13,34.16,33.4,11.21,217.38,0.03,0.97,0.0
2819.0,2024-02-13,16:01:17,2819.0,21.66,20.58,73.96,11.21,217.32,20.39,76.57,11.47,20.39,76.57,22.19,66.57,11.13,34.16,33.4,11.21,217.32,0.03,0.97,0.0
2820.0,2024-02-13,16:01:18,2820.0,21.66,20.58,73.9,11.2,217.29,20.39,76.53,11.46,20.39,76.53,22.21,66.45,11.12,34.17,33.35,11.2,217.29,0.03,0.97,0.0
2821.0,2024-02-13,16:01:19,2821.0,21.66,20.58,73.9,11.2,217.32,20.39,76.53,11.46,20.39,76.53,22.21,66.45,11.12,34.17,33.35,11.2,217.32,0.03,0.97,0.0
2822.0,2024-02-13,16:01:20,2822.0,21.66,20.58,73.9,11.2,217.32,20.39,76.53,11.46,20.39,76.53,22.21,66.45,11.12,34.17,33.35,11.2,217.32,0.03,0.97,0.0
2823.0,2024-02-13,16:01:21,2823.0,21.65,20.59,73.87,11.19,217.27,20.39,76.47,11.45,20.39,76.47,22.23,66.34,11.11,34.17,33.33,11.2,217.27,0.03,0.97,0.0
2824.0,2024-02-13,16:01:22,2824.0,21.65,20.59,73.87,11.19,217.42,20.39,76.47,11.45,20.39,76.47,22.23,66.34,11.11,34.17,33.33,11.2,217.42,0.03,0.97,0.0
2825.0,2024-02-13,16:01:23,2825.0,21.65,20.59,73.87,11.19,217.25,20.39,76.47,11.45,20.39,76.47,22.23,66.34,11.11,34.17,33.33,11.2,217.25,0.03,0.97,0.0
2826.0,2024-02-13,16:01:24,2826.0,21.65,20.59,73.84,11.19,217.28,20.39,76.42,11.45,20.39,76.42,22.23,66.31,11.11,34.18,33.33,11.2,217.28,0.03,0.97,0.0
2827.0,2024-02-13,16:01:25,2827.0,21.65,20.59,73.84,11.19,217.32,20.39,76.42,11.45,20.39,76.42,22.23,66.31,11.11,34.18,33.33,11.2,217.32,0.03,0.97,0.0
2828.0,2024-02-13,16:01:26,2828.0,21.65,20.59,73.84,11.19,217.66,20.39,76.42,11.45,20.39,76.42,22.23,66.31,11.11,34.18,33.33,11.2,217.66,0.03,0.97,0.0
2829.0,2024-02-13,16:01:27,2829.0,21.65,20.59,73.78,11.18,217.66,20.39,76.39,11.44,20.39,76.39,22.23,66.35,11.12,34.19,33.33,11.2,217.66,0.03,0.97,0.0
2830.0,2024-02-13,16:01:28,2830.0,21.65,20.59,73.78,11.18,217.65,20.39,76.39,11.44,20.39,76.39,22.23,66.35,11.12,34.19,33.33,11.2,217.65,0.03,0.98,0.0
2831.0,2024-02-13,16:01:29,2831.0,21.65,20.59,73.78,11.18,217.75,20.39,76.39,11.44,20.39,76.39,22.23,66.35,11.12,34.19,33.33,11.2,217.75,0.03,0.98,0.0
2832.0,2024-02-13,16:01:30,2832.0,21.63,20.59,73.8,11.18,218.08,20.39,76.33,11.44,20.39,76.33,22.21,66.39,11.11,34.18,33.33,11.2,218.08,0.03,0.98,0.0
2833.0,2024-02-13,16:01:31,2833.0,21.63,20.59,73.8,11.18,218.14,20.39,76.33,11.44,20.39,76.33,22.21,66.39,11.11,34.18,33.33,11.2,218.14,0.03,0.98,0.0
2834.0,2024-02-13,16:01:32,2834.0,21.63,20.59,73.8,11.18,218.02,20.39,76.33,11.44,20.39,76.33,22.21,66.39,11.11,34.18,33.33,11.2,218.02,0.03,0.98,0.0
2835.0,2024-02-13,16:01:33,2835.0,21.64,20.6,73.76,11.19,218.01,20.4,76.32,11.44,20.4,76.32,22.21,66.48,11.12,34.2,33.32,11.21,218.01,0.03,0.98,0.0
2836.0,2024-02-13,16:01:34,2836.0,21.64,20.6,73.76,11.19,218.05,20.4,76.32,11.44,20.4,76.32,22.21,66.48,11.12,34.2,33.32,11.21,218.05,0.03,0.98,0.0
2837.0,2024-02-13,16:01:35,2837.0,21.64,20.6,73.76,11.19,217.98,20.4,76.32,11.44,20.4,76.32,22.21,66.48,11.12,34.2,33.32,11.21,217.98,0.03,0.98,0.0
2838.0,2024-02-13,16:01:36,2838.0,21.65,20.6,73.74,11.18,218.02,20.4,76.29,11.44,20.4,76.29,22.2,66.49,11.12,34.21,33.32,11.22,218.02,0.03,0.98,0.0
2839.0,2024-02-13,16:01:37,2839.0,21.65,20.6,73.74,11.18,217.98,20.4,76.29,11.44,20.4,76.29,22.2,66.49,11.12,34.21,33.32,11.22,217.98,0.03,0.98,0.0
2840.0,2024-02-13,16:01:38,2840.0,21.65,20.6,73.74,11.18,218.07,20.4,76.29,11.44,20.4,76.29,22.2,66.49,11.12,34.21,33.32,11.22,218.07,0.03,0.98,0.0
2841.0,2024-02-13,16:01:39,2841.0,21.65,20.6,73.72,11.18,218.31,20.41,76.26,11.43,20.41,76.26,22.2,66.52,11.12,34.21,33.33,11.22,218.31,0.03,0.98,0.0
2842.0,2024-02-13,16:01:40,2842.0,21.65,20.6,73.72,11.18,218.43,20.41,76.26,11.43,20.41,76.26,22.2,66.52,11.12,34.21,33.33,11.22,218.43,0.03,0.99,0.0
2843.0,2024-02-13,16:01:41,2843.0,21.65,20.6,73.72,11.18,218.44,20.41,76.26,11.43,20.41,76.26,22.2,66.52,11.12,34.21,33.33,11.22,218.44,0.03,0.99,0.0
2844.0,2024-02-13,16:01:42,2844.0,21.65,20.61,73.7,11.18,218.13,20.41,76.24,11.43,20.41,76.24,22.19,66.52,11.12,34.22,33.32,11.22,218.13,0.03,0.98,0.0
2845.0,2024-02-13,16:01:43,2845.0,21.65,20.61,73.7,11.18,218.03,20.41,76.24,11.43,20.41,76.24,22.19,66.52,11.12,34.22,33.32,11.22,218.03,0.03,0.99,0.0
2846.0,2024-02-13,16:01:44,2846.0,21.65,20.61,73.7,11.18,218.03,20.41,76.24,11.43,20.41,76.24,22.19,66.52,11.12,34.22,33.32,11.22,218.03,0.03,0.99,0.0
2847.0,2024-02-13,16:01:45,2847.0,21.65,20.61,73.69,11.18,217.97,20.41,76.24,11.43,20.41,76.24,22.19,66.53,11.12,34.22,33.32,11.22,217.97,0.03,0.99,0.0
2848.0,2024-02-13,16:01:46,2848.0,21.65,20.61,73.69,11.18,217.99,20.41,76.24,11.43,20.41,76.24,22.19,66.53,11.12,34.22,33.32,11.22,217.99,0.03,0.99,0.0
2849.0,2024-02-13,16:01:47,2849.0,21.65,20.61,73.69,11.18,218.07,20.41,76.24,11.43,20.41,76.24,22.19,66.53,11.12,34.22,33.32,11.22,218.07,0.03,0.99,0.0
2850.0,2024-02-13,16:01:48,2850.0,21.65,20.61,73.67,11.18,218.01,20.41,76.25,11.43,20.41,76.25,22.2,66.51,11.12,34.23,33.31,11.22,218.01,0.03,0.99,0.0
2851.0,2024-02-13,16:01:49,2851.0,21.65,20.61,73.67,11.18,217.99,20.41,76.25,11.43,20.41,76.25,22.2,66.51,11.12,34.23,33.31,11.22,217.99,0.03,0.99,0.0
2852.0,2024-02-13,16:01:50,2852.0,21.65,20.61,73.67,11.18,218.01,20.41,76.25,11.43,20.41,76.25,22.2,66.51,11.12,34.23,33.31,11.22,218.01,0.03,0.99,0.0
2853.0,2024-02-13,16:01:51,2853.0,21.64,20.61,73.64,11.18,218.02,20.41,76.22,11.43,20.41,76.22,22.2,66.53,11.13,34.23,33.3,11.22,218.02,0.03,0.99,0.0
2854.0,2024-02-13,16:01:52,2854.0,21.64,20.61,73.64,11.18,217.68,20.41,76.22,11.43,20.41,76.22,22.2,66.53,11.13,34.23,33.3,11.22,217.68,0.03,0.99,0.0
2855.0,2024-02-13,16:01:53,2855.0,21.64,20.61,73.64,11.18,217.57,20.41,76.22,11.43,20.41,76.22,22.2,66.53,11.13,34.23,33.3,11.22,217.57,0.03,0.98,0.0
2856.0,2024-02-13,16:01:54,2856.0,21.64,20.61,73.66,11.18,217.7,20.41,76.24,11.43,20.41,76.24,22.2,66.53,11.13,34.24,33.28,11.22,217.7,0.03,0.99,0.0
2857.0,2024-02-13,16:01:55,2857.0,21.64,20.61,73.66,11.18,217.24,20.41,76.24,11.43,20.41,76.24,22.2,66.53,11.13,34.24,33.28,11.22,217.24,0.03,0.98,0.0
2858.0,2024-02-13,16:01:56,2858.0,21.64,20.61,73.66,11.18,217.31,20.41,76.24,11.43,20.41,76.24,22.2,66.53,11.13,34.24,33.28,11.22,217.31,0.03,0.98,0.0
2859.0,2024-02-13,16:01:57,2859.0,21.65,20.62,73.64,11.18,217.32,20.41,76.21,11.43,20.41,76.21,22.19,66.53,11.13,34.24,33.24,11.21,217.32,0.03,0.98,0.0
2860.0,2024-02-13,16:01:58,2860.0,21.65,20.62,73.64,11.18,217.34,20.41,76.21,11.43,20.41,76.21,22.19,66.53,11.13,34.24,33.24,11.21,217.34,0.03,0.98,0.0
2861.0,2024-02-13,16:01:59,2861.0,21.65,20.62,73.64,11.18,217.24,20.41,76.21,11.43,20.41,76.21,22.19,66.53,11.13,34.24,33.24,11.21,217.24,0.03,0.98,0.0
2862.0,2024-02-13,16:02:00,2862.0,21.66,20.62,73.61,11.18,217.34,20.41,76.19,11.42,20.41,76.19,22.19,66.53,11.12,34.25,33.22,11.21,217.34,0.03,0.98,0.0
2863.0,2024-02-13,16:02:01,2863.0,21.66,20.62,73.61,11.18,217.25,20.41,76.19,11.42,20.41,76.19,22.19,66.53,11.12,34.25,33.22,11.21,217.25,0.03,0.98,0.0
2864.0,2024-02-13,16:02:02,2864.0,21.66,20.62,73.61,11.18,217.38,20.41,76.19,11.42,20.41,76.19,22.19,66.53,11.12,34.25,33.22,11.21,217.38,0.03,0.98,0.0
2865.0,2024-02-13,16:02:03,2865.0,21.67,20.61,73.64,11.18,217.35,20.41,76.17,11.42,20.41,76.17,22.18,66.55,11.12,34.25,33.2,11.2,217.35,0.03,0.98,0.0
2866.0,2024-02-13,16:02:04,2866.0,21.67,20.61,73.64,11.18,217.68,20.41,76.17,11.42,20.41,76.17,22.18,66.55,11.12,34.25,33.2,11.2,217.68,0.03,0.98,0.0
2867.0,2024-02-13,16:02:05,2867.0,21.67,20.61,73.64,11.18,217.71,20.41,76.17,11.42,20.41,76.17,22.18,66.55,11.12,34.25,33.2,11.2,217.71,0.03,0.98,0.0
2868.0,2024-02-13,16:02:06,2868.0,21.67,20.62,73.56,11.17,217.75,20.41,76.15,11.42,20.41,76.15,22.17,66.59,11.12,34.26,33.18,11.2,217.75,0.03,0.98,0.0
2869.0,2024-02-13,16:02:07,2869.0,21.67,20.62,73.56,11.17,217.85,20.41,76.15,11.42,20.41,76.15,22.17,66.59,11.12,34.26,33.18,11.2,217.85,0.03,0.99,0.0
2870.0,2024-02-13,16:02:08,2870.0,21.67,20.62,73.56,11.17,217.66,20.41,76.15,11.42,20.41,76.15,22.17,66.59,11.12,34.26,33.18,11.2,217.66,0.03,0.98,0.0
2871.0,2024-02-13,16:02:09,2871.0,21.67,20.62,73.55,11.17,217.65,20.41,76.14,11.41,20.41,76.14,22.17,66.59,11.12,34.26,33.17,11.2,217.65,0.03,0.98,0.0
2872.0,2024-02-13,16:02:10,2872.0,21.67,20.62,73.55,11.17,217.66,20.41,76.14,11.41,20.41,76.14,22.17,66.59,11.12,34.26,33.17,11.2,217.66,0.03,0.99,0.0
2873.0,2024-02-13,16:02:11,2873.0,21.67,20.62,73.55,11.17,217.94,20.41,76.14,11.41,20.41,76.14,22.17,66.59,11.12,34.26,33.17,11.2,217.94,0.03,0.99,0.0
2874.0,2024-02-13,16:02:12,2874.0,21.65,20.61,73.52,11.16,217.95,20.39,76.12,11.4,20.39,76.12,22.15,66.62,11.11,34.22,33.2,11.18,217.95,0.03,0.99,0.0
2875.0,2024-02-13,16:02:13,2875.0,21.65,20.61,73.52,11.16,217.92,20.39,76.12,11.4,20.39,76.12,22.15,66.62,11.11,34.22,33.2,11.18,217.92,0.03,0.98,0.0
2876.0,2024-02-13,16:02:14,2876.0,21.65,20.61,73.52,11.16,217.98,20.39,76.12,11.4,20.39,76.12,22.15,66.62,11.11,34.22,33.2,11.18,217.98,0.03,0.99,0.0
2877.0,2024-02-13,16:02:15,2877.0,21.66,20.62,73.47,11.16,217.98,20.4,76.1,11.4,20.4,76.1,22.15,66.68,11.12,34.24,33.2,11.2,217.98,0.03,0.99,0.0
2878.0,2024-02-13,16:02:16,2878.0,21.66,20.62,73.47,11.16,218.01,20.4,76.1,11.4,20.4,76.1,22.15,66.68,11.12,34.24,33.2,11.2,218.01,0.03,0.99,0.0
2879.0,2024-02-13,16:02:17,2879.0,21.66,20.62,73.47,11.16,218.03,20.4,76.1,11.4,20.4,76.1,22.15,66.68,11.12,34.24,33.2,11.2,218.03,0.03,0.99,0.0
2880.0,2024-02-13,16:02:18,2880.0,21.67,20.63,73.48,11.17,217.6,20.41,76.06,11.41,20.41,76.06,22.16,66.68,11.12,34.27,33.2,11.21,217.6,0.03,0.99,0.0
2881.0,2024-02-13,16:02:19,2881.0,21.67,20.63,73.48,11.17,217.73,20.41,76.06,11.41,20.41,76.06,22.16,66.68,11.12,34.27,33.2,11.21,217.73,0.03,0.99,0.0
2882.0,2024-02-13,16:02:20,2882.0,21.67,20.63,73.48,11.17,217.98,20.41,76.06,11.41,20.41,76.06,22.16,66.68,11.12,34.27,33.2,11.21,217.98,0.03,0.99,0.0
2883.0,2024-02-13,16:02:21,2883.0,21.68,20.63,73.48,11.17,218,20.42,76.06,11.41,20.42,76.06,22.15,66.72,11.13,34.28,33.2,11.22,218,0.03,0.99,0.0
2884.0,2024-02-13,16:02:22,2884.0,21.68,20.63,73.48,11.17,218.02,20.42,76.06,11.41,20.42,76.06,22.15,66.72,11.13,34.28,33.2,11.22,218.02,0.03,0.99,0.0
2885.0,2024-02-13,16:02:23,2885.0,21.68,20.63,73.48,11.17,218.04,20.42,76.06,11.41,20.42,76.06,22.15,66.72,11.13,34.28,33.2,11.22,218.04,0.03,0.99,0.0
2886.0,2024-02-13,16:02:24,2886.0,21.68,20.63,73.47,11.16,217.95,20.41,76.07,11.41,20.41,76.07,22.15,66.73,11.13,34.28,33.19,11.21,217.95,0.03,0.99,0.0
2887.0,2024-02-13,16:02:25,2887.0,21.68,20.63,73.47,11.16,217.96,20.41,76.07,11.41,20.41,76.07,22.15,66.73,11.13,34.28,33.19,11.21,217.96,0.03,0.99,0.0
2888.0,2024-02-13,16:02:26,2888.0,21.68,20.63,73.47,11.16,217.71,20.41,76.07,11.41,20.41,76.07,22.15,66.73,11.13,34.28,33.19,11.21,217.71,0.03,0.99,0.0
2889.0,2024-02-13,16:02:27,2889.0,21.7,20.64,73.45,11.16,217.69,20.42,76.02,11.41,20.42,76.02,22.15,66.71,11.13,34.29,33.17,11.22,217.69,0.03,0.99,0.0
2890.0,2024-02-13,16:02:28,2890.0,21.7,20.64,73.45,11.16,217.32,20.42,76.02,11.41,20.42,76.02,22.15,66.71,11.13,34.29,33.17,11.22,217.32,0.03,0.99,0.0
2891.0,2024-02-13,16:02:29,2891.0,21.7,20.64,73.45,11.16,217.29,20.42,76.02,11.41,20.42,76.02,22.15,66.71,11.13,34.29,33.17,11.22,217.29,0.03,0.99,0.0
2892.0,2024-02-13,16:02:30,2892.0,21.72,20.64,73.47,11.17,217.41,20.42,76.03,11.41,20.42,76.03,22.15,66.75,11.13,34.3,33.16,11.22,217.41,0.03,0.99,0.0
2893.0,2024-02-13,16:02:31,2893.0,21.72,20.64,73.47,11.17,217.34,20.42,76.03,11.41,20.42,76.03,22.15,66.75,11.13,34.3,33.16,11.22,217.34,0.03,0.99,0.0
2894.0,2024-02-13,16:02:32,2894.0,21.72,20.64,73.47,11.17,217.26,20.42,76.03,11.41,20.42,76.03,22.15,66.75,11.13,34.3,33.16,11.22,217.26,0.03,0.99,0.0
2895.0,2024-02-13,16:02:33,2895.0,21.73,20.64,73.43,11.16,217.36,20.42,76,11.4,20.42,76,22.15,66.77,11.14,34.3,33.15,11.22,217.36,0.03,0.99,0.0
2896.0,2024-02-13,16:02:34,2896.0,21.73,20.64,73.43,11.16,217.76,20.42,76,11.4,20.42,76,22.15,66.77,11.14,34.3,33.15,11.22,217.76,0.03,0.99,0.0
2897.0,2024-02-13,16:02:35,2897.0,21.73,20.64,73.43,11.16,217.66,20.42,76,11.4,20.42,76,22.15,66.77,11.14,34.3,33.15,11.22,217.66,0.03,0.99,0.0
2898.0,2024-02-13,16:02:36,2898.0,21.74,20.64,73.43,11.16,218.06,20.42,76,11.4,20.42,76,22.15,66.79,11.14,34.31,33.16,11.22,218.06,0.03,1.0,0.0
2899.0,2024-02-13,16:02:37,2899.0,21.74,20.64,73.43,11.16,218,20.42,76,11.4,20.42,76,22.15,66.79,11.14,34.31,33.16,11.22,218,0.03,1.0,0.0
2900.0,2024-02-13,16:02:38,2900.0,21.74,20.64,73.43,11.16,218.02,20.42,76,11.4,20.42,76,22.15,66.79,11.14,34.31,33.16,11.22,218.02,0.03,1.0,0.0
2901.0,2024-02-13,16:02:39,2901.0,21.75,20.64,73.43,11.17,218,20.42,75.99,11.4,20.42,75.99,22.16,66.79,11.14,34.31,33.15,11.22,218,0.03,1.0,0.0
2902.0,2024-02-13,16:02:40,2902.0,21.75,20.64,73.43,11.17,218.35,20.42,75.99,11.4,20.42,75.99,22.16,66.79,11.14,34.31,33.15,11.22,218.35,0.03,1.0,0.0
2903.0,2024-02-13,16:02:41,2903.0,21.75,20.64,73.43,11.17,218.34,20.42,75.99,11.4,20.42,75.99,22.16,66.79,11.14,34.31,33.15,11.22,218.34,0.03,1.0,0.0
2904.0,2024-02-13,16:02:42,2904.0,21.75,20.64,73.43,11.17,218.33,20.42,75.99,11.4,20.42,75.99,22.17,66.71,11.14,34.32,33.14,11.23,218.33,0.03,1.0,0.0
2905.0,2024-02-13,16:02:43,2905.0,21.75,20.64,73.43,11.17,218.36,20.42,75.99,11.4,20.42,75.99,22.17,66.71,11.14,34.32,33.14,11.23,218.36,0.03,1.0,0.0
2906.0,2024-02-13,16:02:44,2906.0,21.75,20.64,73.43,11.17,218.44,20.42,75.99,11.4,20.42,75.99,22.17,66.71,11.14,34.32,33.14,11.23,218.44,0.03,1.0,0.0
2907.0,2024-02-13,16:02:45,2907.0,21.75,20.65,73.44,11.17,217.93,20.43,75.96,11.4,20.43,75.96,22.19,66.62,11.14,34.33,33.14,11.23,217.93,0.03,1.0,0.0
2908.0,2024-02-13,16:02:46,2908.0,21.75,20.65,73.44,11.17,218.04,20.43,75.96,11.4,20.43,75.96,22.19,66.62,11.14,34.33,33.14,11.23,218.04,0.03,1.0,0.0
2909.0,2024-02-13,16:02:47,2909.0,21.75,20.65,73.44,11.17,217.88,20.43,75.96,11.4,20.43,75.96,22.19,66.62,11.14,34.33,33.14,11.23,217.88,0.03,1.0,0.0
2910.0,2024-02-13,16:02:48,2910.0,21.76,20.65,73.47,11.17,217.68,20.43,75.96,11.4,20.43,75.96,22.2,66.59,11.14,34.34,33.14,11.24,217.68,0.03,1.0,0.0
2911.0,2024-02-13,16:02:49,2911.0,21.76,20.65,73.47,11.17,217.66,20.43,75.96,11.4,20.43,75.96,22.2,66.59,11.14,34.34,33.14,11.24,217.66,0.03,1.0,0.0
2912.0,2024-02-13,16:02:50,2912.0,21.76,20.65,73.47,11.17,217.62,20.43,75.96,11.4,20.43,75.96,22.2,66.59,11.14,34.34,33.14,11.24,217.62,0.03,1.0,0.0
2913.0,2024-02-13,16:02:51,2913.0,21.76,20.65,73.46,11.18,217.78,20.43,75.96,11.41,20.43,75.96,22.2,66.57,11.14,34.34,33.15,11.24,217.78,0.03,1.0,0.0
2914.0,2024-02-13,16:02:52,2914.0,21.76,20.65,73.46,11.18,217.7,20.43,75.96,11.41,20.43,75.96,22.2,66.57,11.14,34.34,33.15,11.24,217.7,0.03,1.0,0.0
2915.0,2024-02-13,16:02:53,2915.0,21.76,20.65,73.46,11.18,217.68,20.43,75.96,11.41,20.43,75.96,22.2,66.57,11.14,34.34,33.15,11.24,217.68,0.03,1.0,0.0
2916.0,2024-02-13,16:02:54,2916.0,21.77,20.65,73.5,11.18,217.68,20.43,75.96,11.41,20.43,75.96,22.21,66.59,11.14,34.35,33.15,11.24,217.68,0.03,1.0,0.0
2917.0,2024-02-13,16:02:55,2917.0,21.77,20.65,73.5,11.18,217.61,20.43,75.96,11.41,20.43,75.96,22.21,66.59,11.14,34.35,33.15,11.24,217.61,0.03,1.0,0.0
2918.0,2024-02-13,16:02:56,2918.0,21.77,20.65,73.5,11.18,217.76,20.43,75.96,11.41,20.43,75.96,22.21,66.59,11.14,34.35,33.15,11.24,217.76,0.03,1.0,0.0
2919.0,2024-02-13,16:02:57,2919.0,21.78,20.65,73.48,11.18,217.64,20.43,75.96,11.41,20.43,75.96,22.21,66.57,11.14,34.35,33.14,11.24,217.64,0.03,1.0,0.0
2920.0,2024-02-13,16:02:58,2920.0,21.78,20.65,73.48,11.18,217.98,20.43,75.96,11.41,20.43,75.96,22.21,66.57,11.14,34.35,33.14,11.24,217.98,0.03,1.0,0.0
2921.0,2024-02-13,16:02:59,2921.0,21.78,20.65,73.48,11.18,218.02,20.43,75.96,11.41,20.43,75.96,22.21,66.57,11.14,34.35,33.14,11.24,218.02,0.03,1.0,0.0
2922.0,2024-02-13,16:03:00,2922.0,21.77,20.65,73.47,11.18,217.89,20.43,75.93,11.4,20.43,75.93,22.22,66.54,11.14,34.35,33.12,11.24,217.89,0.03,1.0,0.0
2923.0,2024-02-13,16:03:01,2923.0,21.77,20.65,73.47,11.18,217.95,20.43,75.93,11.4,20.43,75.93,22.22,66.54,11.14,34.35,33.12,11.24,217.95,0.02,1.0,0.0
2924.0,2024-02-13,16:03:02,2924.0,21.77,20.65,73.47,11.18,218.38,20.43,75.93,11.4,20.43,75.93,22.22,66.54,11.14,34.35,33.12,11.24,218.38,0.02,1.0,0.0
2925.0,2024-02-13,16:03:03,2925.0,21.78,20.66,73.47,11.18,218.36,20.44,75.93,11.41,20.44,75.93,22.22,66.57,11.15,34.36,33.11,11.24,218.36,0.02,1.0,0.0
2926.0,2024-02-13,16:03:04,2926.0,21.78,20.66,73.47,11.18,218.31,20.44,75.93,11.41,20.44,75.93,22.22,66.57,11.15,34.36,33.11,11.24,218.31,0.02,1.0,0.0
2927.0,2024-02-13,16:03:05,2927.0,21.78,20.66,73.47,11.18,218.32,20.44,75.93,11.41,20.44,75.93,22.22,66.57,11.15,34.36,33.11,11.24,218.32,0.02,1.0,0.0
2928.0,2024-02-13,16:03:06,2928.0,21.77,20.66,73.44,11.18,218.65,20.43,75.9,11.4,20.43,75.9,22.21,66.56,11.14,34.36,33.1,11.24,218.65,0.02,1.0,0.0
2929.0,2024-02-13,16:03:07,2929.0,21.77,20.66,73.44,11.18,218.45,20.43,75.9,11.4,20.43,75.9,22.21,66.56,11.14,34.36,33.1,11.24,218.45,0.02,1.0,0.0
2930.0,2024-02-13,16:03:08,2930.0,21.77,20.66,73.44,11.18,218.39,20.43,75.9,11.4,20.43,75.9,22.21,66.56,11.14,34.36,33.1,11.24,218.39,0.02,1.0,0.0
2931.0,2024-02-13,16:03:09,2931.0,21.77,20.65,73.43,11.17,218.35,20.44,75.89,11.4,20.44,75.89,22.21,66.52,11.13,34.36,33.09,11.23,218.35,0.02,1.0,0.0
2932.0,2024-02-13,16:03:10,2932.0,21.77,20.65,73.43,11.17,218.39,20.44,75.89,11.4,20.44,75.89,22.21,66.52,11.13,34.36,33.09,11.23,218.39,0.02,1.0,0.0
2933.0,2024-02-13,16:03:11,2933.0,21.77,20.65,73.43,11.17,218.34,20.44,75.89,11.4,20.44,75.89,22.21,66.52,11.13,34.36,33.09,11.23,218.34,0.02,1.0,0.0
2934.0,2024-02-13,16:03:12,2934.0,21.77,20.65,73.44,11.17,218.01,20.43,75.87,11.39,20.43,75.87,22.2,66.53,11.13,34.36,33.08,11.23,218.01,0.02,1.0,0.0
2935.0,2024-02-13,16:03:13,2935.0,21.77,20.65,73.44,11.17,218.01,20.43,75.87,11.39,20.43,75.87,22.2,66.53,11.13,34.36,33.08,11.23,218.01,0.02,1.0,0.0
2936.0,2024-02-13,16:03:14,2936.0,21.77,20.65,73.44,11.17,217.63,20.43,75.87,11.39,20.43,75.87,22.2,66.53,11.13,34.36,33.08,11.23,217.63,0.02,1.0,0.0
2937.0,2024-02-13,16:03:15,2937.0,21.78,20.66,73.41,11.18,217.71,20.44,75.83,11.39,20.44,75.83,22.19,66.61,11.14,34.38,33.07,11.24,217.71,0.02,1.0,0.0
2938.0,2024-02-13,16:03:16,2938.0,21.78,20.66,73.41,11.18,217.72,20.44,75.83,11.39,20.44,75.83,22.19,66.61,11.14,34.38,33.07,11.24,217.72,0.02,1.0,0.0
2939.0,2024-02-13,16:03:17,2939.0,21.78,20.66,73.41,11.18,218.04,20.44,75.83,11.39,20.44,75.83,22.19,66.61,11.14,34.38,33.07,11.24,218.04,0.02,1.0,0.0
2940.0,2024-02-13,16:03:18,2940.0,21.78,20.66,73.36,11.17,217.93,20.43,75.84,11.39,20.43,75.84,22.17,66.68,11.14,34.36,33.08,11.23,217.93,0.02,1.0,0.0
2941.0,2024-02-13,16:03:19,2941.0,21.78,20.66,73.36,11.17,218.08,20.43,75.84,11.39,20.43,75.84,22.17,66.68,11.14,34.36,33.08,11.23,218.08,0.02,1.0,0.0
2942.0,2024-02-13,16:03:20,2942.0,21.78,20.66,73.36,11.17,218.39,20.43,75.84,11.39,20.43,75.84,22.17,66.68,11.14,34.36,33.08,11.23,218.39,0.02,1.01,0.0
2943.0,2024-02-13,16:03:21,2943.0,21.8,20.67,73.36,11.17,218.71,20.43,75.87,11.39,20.43,75.87,22.17,66.68,11.14,34.36,33.08,11.23,218.71,0.02,1.01,0.0
2944.0,2024-02-13,16:03:22,2944.0,21.8,20.67,73.36,11.17,218.94,20.43,75.87,11.39,20.43,75.87,22.17,66.68,11.14,34.36,33.08,11.23,218.94,0.02,1.01,0.0
2945.0,2024-02-13,16:03:23,2945.0,21.8,20.67,73.36,11.17,219.02,20.43,75.87,11.39,20.43,75.87,22.17,66.68,11.14,34.36,33.08,11.23,219.02,0.02,1.01,0.0
2946.0,2024-02-13,16:03:24,2946.0,21.81,20.67,73.41,11.18,219.3,20.45,75.8,11.39,20.45,75.8,22.17,66.68,11.13,34.39,33.04,11.23,219.3,0.02,1.01,0.0
2947.0,2024-02-13,16:03:25,2947.0,21.81,20.67,73.41,11.18,218.99,20.45,75.8,11.39,20.45,75.8,22.17,66.68,11.13,34.39,33.04,11.23,218.99,0.02,1.01,0.0
2948.0,2024-02-13,16:03:26,2948.0,21.81,20.67,73.41,11.18,219.16,20.45,75.8,11.39,20.45,75.8,22.17,66.68,11.13,34.39,33.04,11.23,219.16,0.02,1.01,0.0
2949.0,2024-02-13,16:03:27,2949.0,21.82,20.67,73.4,11.18,219.05,20.45,75.78,11.39,20.45,75.78,22.17,66.65,11.13,34.39,33.02,11.23,219.05,0.02,1.01,0.0
2950.0,2024-02-13,16:03:28,2950.0,21.82,20.67,73.4,11.18,219.08,20.45,75.78,11.39,20.45,75.78,22.17,66.65,11.13,34.39,33.02,11.23,219.08,0.02,1.01,0.0
2951.0,2024-02-13,16:03:29,2951.0,21.82,20.67,73.4,11.18,218.72,20.45,75.78,11.39,20.45,75.78,22.17,66.65,11.13,34.39,33.02,11.23,218.72,0.02,1.01,0.0
2952.0,2024-02-13,16:03:30,2952.0,21.82,20.67,73.38,11.18,218.68,20.45,75.77,11.39,20.45,75.77,22.17,66.6,11.12,34.4,33,11.22,218.68,0.02,1.01,0.0
2953.0,2024-02-13,16:03:31,2953.0,21.82,20.67,73.38,11.18,218.71,20.45,75.77,11.39,20.45,75.77,22.17,66.6,11.12,34.4,33,11.22,218.71,0.02,1.01,0.0
2954.0,2024-02-13,16:03:32,2954.0,21.82,20.67,73.38,11.18,218.65,20.45,75.77,11.39,20.45,75.77,22.17,66.6,11.12,34.4,33,11.22,218.65,0.02,1.01,0.0
2955.0,2024-02-13,16:03:33,2955.0,21.83,20.67,73.38,11.18,218.37,20.45,75.73,11.39,20.45,75.73,22.17,66.55,11.11,34.4,32.97,11.22,218.37,0.02,1.0,0.0
2956.0,2024-02-13,16:03:34,2956.0,21.83,20.67,73.38,11.18,218.39,20.45,75.73,11.39,20.45,75.73,22.17,66.55,11.11,34.4,32.97,11.22,218.39,0.02,1.0,0.0
2957.0,2024-02-13,16:03:35,2957.0,21.83,20.67,73.38,11.18,218.34,20.45,75.73,11.39,20.45,75.73,22.17,66.55,11.11,34.4,32.97,11.22,218.34,0.02,1.0,0.0
2958.0,2024-02-13,16:03:36,2958.0,21.85,20.68,73.32,11.17,218.38,20.46,75.71,11.39,20.46,75.71,22.18,66.5,11.11,34.41,32.94,11.21,218.38,0.02,1.0,0.0
2959.0,2024-02-13,16:03:37,2959.0,21.85,20.68,73.32,11.17,218.3,20.46,75.71,11.39,20.46,75.71,22.18,66.5,11.11,34.41,32.94,11.21,218.3,0.02,1.0,0.0
2960.0,2024-02-13,16:03:38,2960.0,21.85,20.68,73.32,11.17,218.33,20.46,75.71,11.39,20.46,75.71,22.18,66.5,11.11,34.41,32.94,11.21,218.33,0.02,1.0,0.0
2961.0,2024-02-13,16:03:39,2961.0,21.86,20.68,73.28,11.17,218.39,20.46,75.66,11.38,20.46,75.66,22.18,66.53,11.11,34.42,32.92,11.21,218.39,0.02,1.0,0.0
2962.0,2024-02-13,16:03:40,2962.0,21.86,20.68,73.28,11.17,218.3,20.46,75.66,11.38,20.46,75.66,22.18,66.53,11.11,34.42,32.92,11.21,218.3,0.02,1.0,0.0
2963.0,2024-02-13,16:03:41,2963.0,21.86,20.68,73.28,11.17,218.27,20.46,75.66,11.38,20.46,75.66,22.18,66.53,11.11,34.42,32.92,11.21,218.27,0.02,1.0,0.0
2964.0,2024-02-13,16:03:42,2964.0,21.86,20.67,73.29,11.16,218.22,20.45,75.68,11.38,20.45,75.68,22.17,66.56,11.11,34.4,32.91,11.2,218.22,0.02,1.0,0.0
2965.0,2024-02-13,16:03:43,2965.0,21.86,20.67,73.29,11.16,218.35,20.45,75.68,11.38,20.45,75.68,22.17,66.56,11.11,34.4,32.91,11.2,218.35,0.02,1.0,0.0
2966.0,2024-02-13,16:03:44,2966.0,21.86,20.67,73.29,11.16,218.33,20.45,75.68,11.38,20.45,75.68,22.17,66.56,11.11,34.4,32.91,11.2,218.33,0.02,1.0,0.0
2967.0,2024-02-13,16:03:45,2967.0,21.87,20.68,73.25,11.16,218.31,20.46,75.65,11.38,20.46,75.65,22.17,66.6,11.12,34.42,32.86,11.19,218.31,0.02,1.0,0.0
2968.0,2024-02-13,16:03:46,2968.0,21.87,20.68,73.25,11.16,218.41,20.46,75.65,11.38,20.46,75.65,22.17,66.6,11.12,34.42,32.86,11.19,218.41,0.02,1.0,0.0
2969.0,2024-02-13,16:03:47,2969.0,21.87,20.68,73.25,11.16,218.41,20.46,75.65,11.38,20.46,75.65,22.17,66.6,11.12,34.42,32.86,11.19,218.41,0.02,1.0,0.0
2970.0,2024-02-13,16:03:48,2970.0,21.87,20.67,73.24,11.16,218.44,20.46,75.64,11.38,20.46,75.64,22.17,66.64,11.12,34.42,32.87,11.19,218.44,0.02,1.0,0.0
2971.0,2024-02-13,16:03:49,2971.0,21.87,20.67,73.24,11.16,218.37,20.46,75.64,11.38,20.46,75.64,22.17,66.64,11.12,34.42,32.87,11.19,218.37,0.02,1.0,0.0
2972.0,2024-02-13,16:03:50,2972.0,21.87,20.67,73.24,11.16,218.36,20.46,75.64,11.38,20.46,75.64,22.17,66.64,11.12,34.42,32.87,11.19,218.36,0.02,1.0,0.0
2973.0,2024-02-13,16:03:51,2973.0,21.87,20.68,73.22,11.16,218.64,20.46,75.62,11.38,20.46,75.62,22.17,66.65,11.13,34.42,32.85,11.19,218.64,0.02,1.0,0.0
2974.0,2024-02-13,16:03:52,2974.0,21.87,20.68,73.22,11.16,218.7,20.46,75.62,11.38,20.46,75.62,22.17,66.65,11.13,34.42,32.85,11.19,218.7,0.02,1.0,0.0
2975.0,2024-02-13,16:03:53,2975.0,21.87,20.68,73.22,11.16,218.7,20.46,75.62,11.38,20.46,75.62,22.17,66.65,11.13,34.42,32.85,11.19,218.7,0.02,1.0,0.0
2976.0,2024-02-13,16:03:54,2976.0,21.86,20.68,73.15,11.15,218.72,20.47,75.58,11.37,20.47,75.58,22.18,66.62,11.13,34.43,32.84,11.19,218.72,0.02,1.0,0.0
2977.0,2024-02-13,16:03:55,2977.0,21.86,20.68,73.15,11.15,218.77,20.47,75.58,11.37,20.47,75.58,22.18,66.62,11.13,34.43,32.84,11.19,218.77,0.02,1.0,0.0
2978.0,2024-02-13,16:03:56,2978.0,21.86,20.68,73.15,11.15,218.32,20.47,75.58,11.37,20.47,75.58,22.18,66.62,11.13,34.43,32.84,11.19,218.32,0.02,1.0,0.0
2979.0,2024-02-13,16:03:57,2979.0,21.86,20.69,73.13,11.15,218.33,20.47,75.54,11.37,20.47,75.54,22.18,66.62,11.13,34.43,32.83,11.19,218.33,0.02,1.0,0.0
2980.0,2024-02-13,16:03:58,2980.0,21.86,20.69,73.13,11.15,218.06,20.47,75.54,11.37,20.47,75.54,22.18,66.62,11.13,34.43,32.83,11.19,218.06,0.02,1.0,0.0
2981.0,2024-02-13,16:03:59,2981.0,21.86,20.69,73.13,11.15,218.1,20.47,75.54,11.37,20.47,75.54,22.18,66.62,11.13,34.43,32.83,11.19,218.1,0.02,1.0,0.0
2982.0,2024-02-13,16:04:00,2982.0,21.86,20.68,73.12,11.15,217.97,20.47,75.52,11.36,20.47,75.52,22.18,66.61,11.13,34.42,32.83,11.18,217.97,0.02,1.0,0.0
2983.0,2024-02-13,16:04:01,2983.0,21.86,20.68,73.12,11.15,218.03,20.47,75.52,11.36,20.47,75.52,22.18,66.61,11.13,34.42,32.83,11.18,218.03,0.02,1.0,0.0
2984.0,2024-02-13,16:04:02,2984.0,21.86,20.68,73.12,11.15,218.09,20.47,75.52,11.36,20.47,75.52,22.18,66.61,11.13,34.42,32.83,11.18,218.09,0.02,1.0,0.0
2985.0,2024-02-13,16:04:03,2985.0,21.88,20.69,73.08,11.15,218.41,20.47,75.49,11.36,20.47,75.49,22.19,66.54,11.13,34.44,32.81,11.19,218.41,0.02,1.0,0.0
2986.0,2024-02-13,16:04:04,2986.0,21.88,20.69,73.08,11.15,218.34,20.47,75.49,11.36,20.47,75.49,22.19,66.54,11.13,34.44,32.81,11.19,218.34,0.02,1.0,0.0
2987.0,2024-02-13,16:04:05,2987.0,21.88,20.69,73.08,11.15,218.4,20.47,75.49,11.36,20.47,75.49,22.19,66.54,11.13,34.44,32.81,11.19,218.4,0.02,1.0,0.0
2988.0,2024-02-13,16:04:06,2988.0,21.88,20.69,73.03,11.14,218.39,20.47,75.48,11.36,20.47,75.48,22.2,66.48,11.12,34.44,32.82,11.19,218.39,0.02,1.01,0.0
2989.0,2024-02-13,16:04:07,2989.0,21.88,20.69,73.03,11.14,218.42,20.47,75.48,11.36,20.47,75.48,22.2,66.48,11.12,34.44,32.82,11.19,218.42,0.02,1.01,0.0
2990.0,2024-02-13,16:04:08,2990.0,21.88,20.69,73.03,11.14,218.07,20.47,75.48,11.36,20.47,75.48,22.2,66.48,11.12,34.44,32.82,11.19,218.07,0.02,1.0,0.0
2991.0,2024-02-13,16:04:09,2991.0,21.88,20.69,73.06,11.14,218.39,20.47,75.45,11.36,20.47,75.45,22.21,66.44,11.12,34.45,32.81,11.19,218.39,0.02,1.01,0.0
2992.0,2024-02-13,16:04:10,2992.0,21.88,20.69,73.06,11.14,218.37,20.47,75.45,11.36,20.47,75.45,22.21,66.44,11.12,34.45,32.81,11.19,218.37,0.02,1.01,0.0
2993.0,2024-02-13,16:04:11,2993.0,21.88,20.69,73.06,11.14,218.31,20.47,75.45,11.36,20.47,75.45,22.21,66.44,11.12,34.45,32.81,11.19,218.31,0.02,1.01,0.0
2994.0,2024-02-13,16:04:12,2994.0,21.88,20.69,73.04,11.14,218.28,20.48,75.42,11.36,20.48,75.42,22.22,66.38,11.12,34.45,32.82,11.2,218.28,0.02,1.01,0.0
2995.0,2024-02-13,16:04:13,2995.0,21.88,20.69,73.04,11.14,218.27,20.48,75.42,11.36,20.48,75.42,22.22,66.38,11.12,34.45,32.82,11.2,218.27,0.02,1.01,0.0
2996.0,2024-02-13,16:04:14,2996.0,21.88,20.69,73.04,11.14,218.31,20.48,75.42,11.36,20.48,75.42,22.22,66.38,11.12,34.45,32.82,11.2,218.31,0.02,1.01,0.0
2997.0,2024-02-13,16:04:15,2997.0,21.87,20.7,73.02,11.14,218.35,20.48,75.43,11.36,20.48,75.43,22.23,66.34,11.12,34.46,32.83,11.2,218.35,0.02,1.01,0.0
2998.0,2024-02-13,16:04:16,2998.0,21.87,20.7,73.02,11.14,218.49,20.48,75.43,11.36,20.48,75.43,22.23,66.34,11.12,34.46,32.83,11.2,218.49,0.02,1.01,0.0
2999.0,2024-02-13,16:04:17,2999.0,21.87,20.7,73.02,11.14,218.33,20.48,75.43,11.36,20.48,75.43,22.23,66.34,11.12,34.46,32.83,11.2,218.33,0.02,1.01,0.0
3000.0,2024-02-13,16:04:18,3000.0,21.86,20.7,73.01,11.14,218.4,20.48,75.42,11.36,20.48,75.42,22.24,66.33,11.12,34.46,32.83,11.21,218.4,0.02,1.01,0.0
3001.0,2024-02-13,16:04:19,3001.0,21.86,20.7,73.01,11.14,218.35,20.48,75.42,11.36,20.48,75.42,22.24,66.33,11.12,34.46,32.83,11.21,218.35,0.02,1.01,0.0
3002.0,2024-02-13,16:04:20,3002.0,21.86,20.7,73.01,11.14,218.41,20.48,75.42,11.36,20.48,75.42,22.24,66.33,11.12,34.46,32.83,11.21,218.41,0.02,1.01,0.0
3003.0,2024-02-13,16:04:21,3003.0,21.85,20.7,73.01,11.14,218.7,20.48,75.42,11.36,20.48,75.42,22.24,66.31,11.12,34.47,32.82,11.2,218.7,0.02,1.01,0.0
3004.0,2024-02-13,16:04:22,3004.0,21.85,20.7,73.01,11.14,218.71,20.48,75.42,11.36,20.48,75.42,22.24,66.31,11.12,34.47,32.82,11.2,218.71,0.02,1.01,0.0
3005.0,2024-02-13,16:04:23,3005.0,21.85,20.7,73.01,11.14,218.71,20.48,75.42,11.36,20.48,75.42,22.24,66.31,11.12,34.47,32.82,11.2,218.71,0.02,1.01,0.0
3006.0,2024-02-13,16:04:24,3006.0,21.85,20.71,72.98,11.14,218.54,20.49,75.42,11.36,20.49,75.42,22.25,66.29,11.12,34.47,32.8,11.2,218.54,0.02,1.01,0.0
3007.0,2024-02-13,16:04:25,3007.0,21.85,20.71,72.98,11.14,219.1,20.49,75.42,11.36,20.49,75.42,22.25,66.29,11.12,34.47,32.8,11.2,219.1,0.02,1.01,0.0
3008.0,2024-02-13,16:04:26,3008.0,21.85,20.71,72.98,11.14,219.03,20.49,75.42,11.36,20.49,75.42,22.25,66.29,11.12,34.47,32.8,11.2,219.03,0.02,1.01,0.0
3009.0,2024-02-13,16:04:27,3009.0,21.85,20.71,72.97,11.14,219.02,20.49,75.38,11.36,20.49,75.38,22.26,66.3,11.13,34.48,32.79,11.2,219.02,0.02,1.01,0.0
3010.0,2024-02-13,16:04:28,3010.0,21.85,20.71,72.97,11.14,218.81,20.49,75.38,11.36,20.49,75.38,22.26,66.3,11.13,34.48,32.79,11.2,218.81,0.02,1.01,0.0
3011.0,2024-02-13,16:04:29,3011.0,21.85,20.71,72.97,11.14,218.76,20.49,75.38,11.36,20.49,75.38,22.26,66.3,11.13,34.48,32.79,11.2,218.76,0.02,1.01,0.0
3012.0,2024-02-13,16:04:30,3012.0,21.85,20.71,72.97,11.14,218.67,20.49,75.37,11.36,20.49,75.37,22.26,66.27,11.12,34.47,32.79,11.2,218.67,0.02,1.01,0.0
3013.0,2024-02-13,16:04:31,3013.0,21.85,20.71,72.97,11.14,218.68,20.49,75.37,11.36,20.49,75.37,22.26,66.27,11.12,34.47,32.79,11.2,218.68,0.02,1.01,0.0
3014.0,2024-02-13,16:04:32,3014.0,21.85,20.71,72.97,11.14,218.73,20.49,75.37,11.36,20.49,75.37,22.26,66.27,11.12,34.47,32.79,11.2,218.73,0.02,1.01,0.0
3015.0,2024-02-13,16:04:33,3015.0,21.87,20.71,72.95,11.14,218.71,20.49,75.36,11.36,20.49,75.36,22.27,66.23,11.13,34.48,32.78,11.2,218.71,0.02,1.01,0.0
3016.0,2024-02-13,16:04:34,3016.0,21.87,20.71,72.95,11.14,218.67,20.49,75.36,11.36,20.49,75.36,22.27,66.23,11.13,34.48,32.78,11.2,218.67,0.02,1.01,0.0
3017.0,2024-02-13,16:04:35,3017.0,21.87,20.71,72.95,11.14,218.66,20.49,75.36,11.36,20.49,75.36,22.27,66.23,11.13,34.48,32.78,11.2,218.66,0.02,1.01,0.0
3018.0,2024-02-13,16:04:36,3018.0,21.88,20.71,72.92,11.14,218.71,20.5,75.34,11.36,20.5,75.34,22.28,66.16,11.12,34.49,32.77,11.2,218.71,0.02,1.01,0.0
3019.0,2024-02-13,16:04:37,3019.0,21.88,20.71,72.92,11.14,218.7,20.5,75.34,11.36,20.5,75.34,22.28,66.16,11.12,34.49,32.77,11.2,218.7,0.02,1.01,0.0
3020.0,2024-02-13,16:04:38,3020.0,21.88,20.71,72.92,11.14,218.7,20.5,75.34,11.36,20.5,75.34,22.28,66.16,11.12,34.49,32.77,11.2,218.7,0.02,1.01,0.0
3021.0,2024-02-13,16:04:39,3021.0,21.89,20.72,72.94,11.14,218.71,20.5,75.33,11.36,20.5,75.33,22.29,66.15,11.12,34.49,32.75,11.2,218.71,0.02,1.01,0.0
3022.0,2024-02-13,16:04:40,3022.0,21.89,20.72,72.94,11.14,218.68,20.5,75.33,11.36,20.5,75.33,22.29,66.15,11.12,34.49,32.75,11.2,218.68,0.02,1.01,0.0
3023.0,2024-02-13,16:04:41,3023.0,21.89,20.72,72.94,11.14,218.75,20.5,75.33,11.36,20.5,75.33,22.29,66.15,11.12,34.49,32.75,11.2,218.75,0.02,1.01,0.0
3024.0,2024-02-13,16:04:42,3024.0,21.87,20.72,72.88,11.13,218.64,20.49,75.35,11.36,20.49,75.35,22.28,66.13,11.12,34.48,32.75,11.19,218.64,0.02,1.01,0.0
3025.0,2024-02-13,16:04:43,3025.0,21.87,20.72,72.88,11.13,218.73,20.49,75.35,11.36,20.49,75.35,22.28,66.13,11.12,34.48,32.75,11.19,218.73,0.02,1.01,0.0
3026.0,2024-02-13,16:04:44,3026.0,21.87,20.72,72.88,11.13,218.68,20.49,75.35,11.36,20.49,75.35,22.28,66.13,11.12,34.48,32.75,11.19,218.68,0.02,1.01,0.0
3027.0,2024-02-13,16:04:45,3027.0,21.89,20.72,72.9,11.14,218.96,20.5,75.35,11.36,20.5,75.35,22.29,66.1,11.12,34.5,32.72,11.19,218.96,0.02,1.01,0.0
3028.0,2024-02-13,16:04:46,3028.0,21.89,20.72,72.9,11.14,219.09,20.5,75.35,11.36,20.5,75.35,22.29,66.1,11.12,34.5,32.72,11.19,219.09,0.02,1.01,0.0
3029.0,2024-02-13,16:04:47,3029.0,21.89,20.72,72.9,11.14,219.07,20.5,75.35,11.36,20.5,75.35,22.29,66.1,11.12,34.5,32.72,11.19,219.07,0.02,1.01,0.0
3030.0,2024-02-13,16:04:48,3030.0,21.89,20.72,72.83,11.13,218.94,20.5,75.3,11.35,20.5,75.3,22.3,66.04,11.11,34.49,32.71,11.18,218.94,0.02,1.01,0.0
3031.0,2024-02-13,16:04:49,3031.0,21.89,20.72,72.83,11.13,219.01,20.5,75.3,11.35,20.5,75.3,22.3,66.04,11.11,34.49,32.71,11.18,219.01,0.02,1.01,0.0
3032.0,2024-02-13,16:04:50,3032.0,21.89,20.72,72.83,11.13,218.97,20.5,75.3,11.35,20.5,75.3,22.3,66.04,11.11,34.49,32.71,11.18,218.97,0.02,1.01,0.0
3033.0,2024-02-13,16:04:51,3033.0,21.9,20.72,72.84,11.13,219.05,20.5,75.29,11.35,20.5,75.29,22.31,65.97,11.11,34.5,32.7,11.19,219.05,0.02,1.01,0.0
3034.0,2024-02-13,16:04:52,3034.0,21.9,20.72,72.84,11.13,219.12,20.5,75.29,11.35,20.5,75.29,22.31,65.97,11.11,34.5,32.7,11.19,219.12,0.02,1.01,0.0
3035.0,2024-02-13,16:04:53,3035.0,21.9,20.72,72.84,11.13,218.75,20.5,75.29,11.35,20.5,75.29,22.31,65.97,11.11,34.5,32.7,11.19,218.75,0.02,1.01,0.0
3036.0,2024-02-13,16:04:54,3036.0,21.91,20.73,72.83,11.13,218.75,20.51,75.26,11.35,20.51,75.26,22.31,65.97,11.11,34.51,32.7,11.19,218.75,0.02,1.01,0.0
3037.0,2024-02-13,16:04:55,3037.0,21.91,20.73,72.83,11.13,218.67,20.51,75.26,11.35,20.51,75.26,22.31,65.97,11.11,34.51,32.7,11.19,218.67,0.02,1.01,0.0
3038.0,2024-02-13,16:04:56,3038.0,21.91,20.73,72.83,11.13,218.61,20.51,75.26,11.35,20.51,75.26,22.31,65.97,11.11,34.51,32.7,11.19,218.61,0.02,1.01,0.0
3039.0,2024-02-13,16:04:57,3039.0,21.91,20.73,72.82,11.13,218.68,20.51,75.26,11.35,20.51,75.26,22.31,65.91,11.1,34.5,32.7,11.19,218.68,0.02,1.01,0.0
3040.0,2024-02-13,16:04:58,3040.0,21.91,20.73,72.82,11.13,218.72,20.51,75.26,11.35,20.51,75.26,22.31,65.91,11.1,34.5,32.7,11.19,218.72,0.02,1.01,0.0
3041.0,2024-02-13,16:04:59,3041.0,21.91,20.73,72.82,11.13,218.66,20.51,75.26,11.35,20.51,75.26,22.31,65.91,11.1,34.5,32.7,11.19,218.66,0.02,1.01,0.0
3042.0,2024-02-13,16:05:00,3042.0,21.9,20.73,72.74,11.12,218.73,20.5,75.23,11.35,20.5,75.23,22.33,65.83,11.1,34.5,32.7,11.19,218.73,0.02,1.01,0.0
3043.0,2024-02-13,16:05:01,3043.0,21.9,20.73,72.74,11.12,218.78,20.5,75.23,11.35,20.5,75.23,22.33,65.83,11.1,34.5,32.7,11.19,218.78,0.02,1.01,0.0
3044.0,2024-02-13,16:05:02,3044.0,21.9,20.73,72.74,11.12,218.73,20.5,75.23,11.35,20.5,75.23,22.33,65.83,11.1,34.5,32.7,11.19,218.73,0.02,1.01,0.0
3045.0,2024-02-13,16:05:03,3045.0,21.9,20.74,72.77,11.13,218.82,20.52,75.21,11.35,20.52,75.21,22.34,65.77,11.09,34.53,32.69,11.2,218.82,0.02,1.01,0.0
3046.0,2024-02-13,16:05:04,3046.0,21.9,20.74,72.77,11.13,218.55,20.52,75.21,11.35,20.52,75.21,22.34,65.77,11.09,34.53,32.69,11.2,218.55,0.02,1.01,0.0
3047.0,2024-02-13,16:05:05,3047.0,21.9,20.74,72.77,11.13,218.44,20.52,75.21,11.35,20.52,75.21,22.34,65.77,11.09,34.53,32.69,11.2,218.44,0.02,1.01,0.0
3048.0,2024-02-13,16:05:06,3048.0,21.9,20.74,72.74,11.12,218.48,20.51,75.18,11.34,20.51,75.18,22.35,65.7,11.09,34.52,32.69,11.19,218.48,0.02,1.01,0.0
3049.0,2024-02-13,16:05:07,3049.0,21.9,20.74,72.74,11.12,218,20.51,75.18,11.34,20.51,75.18,22.35,65.7,11.09,34.52,32.69,11.19,218,0.02,1.01,0.0
3050.0,2024-02-13,16:05:08,3050.0,21.9,20.74,72.74,11.12,217.99,20.51,75.18,11.34,20.51,75.18,22.35,65.7,11.09,34.52,32.69,11.19,217.99,0.02,1.01,0.0
3051.0,2024-02-13,16:05:09,3051.0,21.91,20.74,72.77,11.13,218,20.52,75.19,11.35,20.52,75.19,22.35,65.71,11.09,34.53,32.68,11.2,218,0.02,1.01,0.0
3052.0,2024-02-13,16:05:10,3052.0,21.91,20.74,72.77,11.13,218.02,20.52,75.19,11.35,20.52,75.19,22.35,65.71,11.09,34.53,32.68,11.2,218.02,0.02,1.01,0.0
3053.0,2024-02-13,16:05:11,3053.0,21.91,20.74,72.77,11.13,218.36,20.52,75.19,11.35,20.52,75.19,22.35,65.71,11.09,34.53,32.68,11.2,218.36,0.02,1.01,0.0
3054.0,2024-02-13,16:05:12,3054.0,21.91,20.74,72.73,11.13,218.49,20.52,75.15,11.35,20.52,75.15,22.34,65.77,11.1,34.53,32.67,11.2,218.49,0.02,1.01,0.0
3055.0,2024-02-13,16:05:13,3055.0,21.91,20.74,72.73,11.13,218.76,20.52,75.15,11.35,20.52,75.15,22.34,65.77,11.1,34.53,32.67,11.2,218.76,0.02,1.01,0.0
3056.0,2024-02-13,16:05:14,3056.0,21.91,20.74,72.73,11.13,219.13,20.52,75.15,11.35,20.52,75.15,22.34,65.77,11.1,34.53,32.67,11.2,219.13,0.02,1.02,0.0
3057.0,2024-02-13,16:05:15,3057.0,21.9,20.74,72.69,11.12,219.07,20.51,75.14,11.34,20.51,75.14,22.32,65.85,11.1,34.51,32.68,11.18,219.07,0.02,1.02,0.0
3058.0,2024-02-13,16:05:16,3058.0,21.9,20.74,72.69,11.12,218.98,20.51,75.14,11.34,20.51,75.14,22.32,65.85,11.1,34.51,32.68,11.18,218.98,0.02,1.01,0.0
3059.0,2024-02-13,16:05:17,3059.0,21.9,20.74,72.69,11.12,218.81,20.51,75.14,11.34,20.51,75.14,22.32,65.85,11.1,34.51,32.68,11.18,218.81,0.02,1.01,0.0
3060.0,2024-02-13,16:05:18,3060.0,21.88,20.74,72.59,11.11,218.6,20.5,75.15,11.33,20.5,75.15,22.3,65.93,11.1,34.49,32.68,11.17,218.6,0.02,1.01,0.0
3061.0,2024-02-13,16:05:19,3061.0,21.88,20.74,72.59,11.11,218.65,20.5,75.15,11.33,20.5,75.15,22.3,65.93,11.1,34.49,32.68,11.17,218.65,0.02,1.01,0.0
3062.0,2024-02-13,16:05:20,3062.0,21.88,20.74,72.59,11.11,218.73,20.5,75.15,11.33,20.5,75.15,22.3,65.93,11.1,34.49,32.68,11.17,218.73,0.02,1.01,0.0
3063.0,2024-02-13,16:05:21,3063.0,21.9,20.75,72.71,11.13,218.68,20.53,75.11,11.35,20.53,75.11,22.29,65.98,11.1,34.55,32.64,11.19,218.68,0.02,1.01,0.0
3064.0,2024-02-13,16:05:22,3064.0,21.9,20.75,72.71,11.13,218.72,20.53,75.11,11.35,20.53,75.11,22.29,65.98,11.1,34.55,32.64,11.19,218.72,0.02,1.01,0.0
3065.0,2024-02-13,16:05:23,3065.0,21.9,20.75,72.71,11.13,218.71,20.53,75.11,11.35,20.53,75.11,22.29,65.98,11.1,34.55,32.64,11.19,218.71,0.02,1.01,0.0
3066.0,2024-02-13,16:05:24,3066.0,21.9,20.75,72.67,11.12,218.73,20.53,75.1,11.34,20.53,75.1,22.28,66.03,11.1,34.54,32.62,11.19,218.73,0.02,1.01,0.0
3067.0,2024-02-13,16:05:25,3067.0,21.9,20.75,72.67,11.12,218.48,20.53,75.1,11.34,20.53,75.1,22.28,66.03,11.1,34.54,32.62,11.19,218.48,0.02,1.01,0.0
3068.0,2024-02-13,16:05:26,3068.0,21.9,20.75,72.67,11.12,218.56,20.53,75.1,11.34,20.53,75.1,22.28,66.03,11.1,34.54,32.62,11.19,218.56,0.02,1.01,0.0
3069.0,2024-02-13,16:05:27,3069.0,21.89,20.75,72.67,11.12,218.67,20.52,75.14,11.34,20.52,75.14,22.26,66.15,11.1,34.52,32.62,11.17,218.67,0.02,1.01,0.0
3070.0,2024-02-13,16:05:28,3070.0,21.89,20.75,72.67,11.12,218.6,20.52,75.14,11.34,20.52,75.14,22.26,66.15,11.1,34.52,32.62,11.17,218.6,0.02,1.01,0.0
3071.0,2024-02-13,16:05:29,3071.0,21.89,20.75,72.67,11.12,218.72,20.52,75.14,11.34,20.52,75.14,22.26,66.15,11.1,34.52,32.62,11.17,218.72,0.02,1.01,0.0
3072.0,2024-02-13,16:05:30,3072.0,21.89,20.75,72.61,11.12,218.74,20.52,75.05,11.33,20.52,75.05,22.23,66.28,11.11,34.52,32.61,11.17,218.74,0.02,1.01,0.0
3073.0,2024-02-13,16:05:31,3073.0,21.89,20.75,72.61,11.12,218.7,20.52,75.05,11.33,20.52,75.05,22.23,66.28,11.11,34.52,32.61,11.17,218.7,0.02,1.01,0.0
3074.0,2024-02-13,16:05:32,3074.0,21.89,20.75,72.61,11.12,218.78,20.52,75.05,11.33,20.52,75.05,22.23,66.28,11.11,34.52,32.61,11.17,218.78,0.02,1.01,0.0
3075.0,2024-02-13,16:05:33,3075.0,21.9,20.76,72.58,11.11,218.64,20.53,75.03,11.33,20.53,75.03,22.21,66.38,11.11,34.53,32.59,11.17,218.64,0.02,1.01,0.0
3076.0,2024-02-13,16:05:34,3076.0,21.9,20.76,72.58,11.11,218.7,20.53,75.03,11.33,20.53,75.03,22.21,66.38,11.11,34.53,32.59,11.17,218.7,0.02,1.01,0.0
3077.0,2024-02-13,16:05:35,3077.0,21.9,20.76,72.58,11.11,218.7,20.53,75.03,11.33,20.53,75.03,22.21,66.38,11.11,34.53,32.59,11.17,218.7,0.02,1.01,0.0
3078.0,2024-02-13,16:05:36,3078.0,21.91,20.76,72.52,11.11,219,20.53,75.04,11.33,20.53,75.04,22.19,66.5,11.12,34.55,32.58,11.17,219,0.02,1.01,0.0
3079.0,2024-02-13,16:05:37,3079.0,21.91,20.76,72.52,11.11,219.08,20.53,75.04,11.33,20.53,75.04,22.19,66.5,11.12,34.55,32.58,11.17,219.08,0.02,1.01,0.0
3080.0,2024-02-13,16:05:38,3080.0,21.91,20.76,72.52,11.11,219.01,20.53,75.04,11.33,20.53,75.04,22.19,66.5,11.12,34.55,32.58,11.17,219.01,0.02,1.01,0.0
3081.0,2024-02-13,16:05:39,3081.0,21.92,20.76,72.56,11.11,219.07,20.54,75.04,11.34,20.54,75.04,22.17,66.52,11.11,34.56,32.56,11.18,219.07,0.02,1.01,0.0
3082.0,2024-02-13,16:05:40,3082.0,21.92,20.76,72.56,11.11,219.08,20.54,75.04,11.34,20.54,75.04,22.17,66.52,11.11,34.56,32.56,11.18,219.08,0.02,1.02,0.0
3083.0,2024-02-13,16:05:41,3083.0,21.92,20.76,72.56,11.11,219.1,20.54,75.04,11.34,20.54,75.04,22.17,66.52,11.11,34.56,32.56,11.18,219.1,0.02,1.02,0.0
3084.0,2024-02-13,16:05:42,3084.0,21.92,20.76,72.56,11.11,219.04,20.54,75.03,11.34,20.54,75.03,22.16,66.57,11.11,34.57,32.56,11.18,219.04,0.02,1.02,0.0
3085.0,2024-02-13,16:05:43,3085.0,21.92,20.76,72.56,11.11,219.02,20.54,75.03,11.34,20.54,75.03,22.16,66.57,11.11,34.57,32.56,11.18,219.02,0.02,1.02,0.0
3086.0,2024-02-13,16:05:44,3086.0,21.92,20.76,72.56,11.11,218.7,20.54,75.03,11.34,20.54,75.03,22.16,66.57,11.11,34.57,32.56,11.18,218.7,0.02,1.01,0.0
3087.0,2024-02-13,16:05:45,3087.0,21.93,20.77,72.52,11.11,218.72,20.54,75.03,11.34,20.54,75.03,22.16,66.56,11.11,34.58,32.55,11.18,218.72,0.02,1.01,0.0
3088.0,2024-02-13,16:05:46,3088.0,21.93,20.77,72.52,11.11,218.72,20.54,75.03,11.34,20.54,75.03,22.16,66.56,11.11,34.58,32.55,11.18,218.72,0.02,1.02,0.0
3089.0,2024-02-13,16:05:47,3089.0,21.93,20.77,72.52,11.11,218.68,20.54,75.03,11.34,20.54,75.03,22.16,66.56,11.11,34.58,32.55,11.18,218.68,0.02,1.01,0.0
3090.0,2024-02-13,16:05:48,3090.0,21.94,20.77,72.5,11.11,218.7,20.54,75.03,11.34,20.54,75.03,22.15,66.57,11.1,34.59,32.53,11.18,218.7,0.02,1.01,0.0
3091.0,2024-02-13,16:05:49,3091.0,21.94,20.77,72.5,11.11,218.77,20.54,75.03,11.34,20.54,75.03,22.15,66.57,11.1,34.59,32.53,11.18,218.77,0.03,1.02,0.0
3092.0,2024-02-13,16:05:50,3092.0,21.94,20.77,72.5,11.11,218.72,20.54,75.03,11.34,20.54,75.03,22.15,66.57,11.1,34.59,32.53,11.18,218.72,0.03,1.02,0.0
3093.0,2024-02-13,16:05:51,3093.0,21.95,20.77,72.5,11.11,218.75,20.55,75.01,11.34,20.55,75.01,22.15,66.61,11.11,34.6,32.53,11.19,218.75,0.03,1.02,0.0
3094.0,2024-02-13,16:05:52,3094.0,21.95,20.77,72.5,11.11,218.68,20.55,75.01,11.34,20.55,75.01,22.15,66.61,11.11,34.6,32.53,11.19,218.68,0.03,1.02,0.0
3095.0,2024-02-13,16:05:53,3095.0,21.95,20.77,72.5,11.11,218.74,20.55,75.01,11.34,20.55,75.01,22.15,66.61,11.11,34.6,32.53,11.19,218.74,0.03,1.02,0.0
3096.0,2024-02-13,16:05:54,3096.0,21.95,20.77,72.5,11.11,218.41,20.55,75,11.34,20.55,75,22.13,66.64,11.1,34.6,32.53,11.19,218.41,0.03,1.01,0.0
3097.0,2024-02-13,16:05:55,3097.0,21.95,20.77,72.5,11.11,218.34,20.55,75,11.34,20.55,75,22.13,66.64,11.1,34.6,32.53,11.19,218.34,0.03,1.02,0.0
3098.0,2024-02-13,16:05:56,3098.0,21.95,20.77,72.5,11.11,218.31,20.55,75,11.34,20.55,75,22.13,66.64,11.1,34.6,32.53,11.19,218.31,0.03,1.02,0.0
3099.0,2024-02-13,16:05:57,3099.0,21.97,20.78,72.49,11.11,218.43,20.55,75.01,11.34,20.55,75.01,22.2,66.2,11.07,34.6,32.54,11.19,218.43,0.03,1.02,0.0
3100.0,2024-02-13,16:05:58,3100.0,21.97,20.78,72.49,11.11,218.3,20.55,75.01,11.34,20.55,75.01,22.2,66.2,11.07,34.6,32.54,11.19,218.3,0.03,1.02,0.0
3101.0,2024-02-13,16:05:59,3101.0,21.97,20.78,72.49,11.11,218.71,20.55,75.01,11.34,20.55,75.01,22.2,66.2,11.07,34.6,32.54,11.19,218.71,0.03,1.02,0.0
3102.0,2024-02-13,16:06:00,3102.0,22,20.78,72.49,11.11,218.72,20.55,74.99,11.34,20.55,74.99,22.67,63.24,10.88,34.6,32.54,11.2,218.72,0.03,1.02,0.0
3103.0,2024-02-13,16:06:01,3103.0,22,20.78,72.49,11.11,218.67,20.55,74.99,11.34,20.55,74.99,22.67,63.24,10.88,34.6,32.54,11.2,218.67,0.03,1.02,0.0
3104.0,2024-02-13,16:06:02,3104.0,22,20.78,72.49,11.11,218.64,20.55,74.99,11.34,20.55,74.99,22.67,63.24,10.88,34.6,32.54,11.2,218.64,0.03,1.02,0.0
3105.0,2024-02-13,16:06:03,3105.0,22.03,20.78,72.46,11.11,218.66,20.55,74.97,11.34,20.55,74.97,23.4,59.33,10.66,34.61,32.55,11.2,218.66,0.03,1.02,0.0
3106.0,2024-02-13,16:06:04,3106.0,22.03,20.78,72.46,11.11,218.68,20.55,74.97,11.34,20.55,74.97,23.4,59.33,10.66,34.61,32.55,11.2,218.68,0.03,1.02,0.0
3107.0,2024-02-13,16:06:05,3107.0,22.03,20.78,72.46,11.11,218.74,20.55,74.97,11.34,20.55,74.97,23.4,59.33,10.66,34.61,32.55,11.2,218.74,0.03,1.02,0.0
3108.0,2024-02-13,16:06:06,3108.0,22.06,20.78,72.48,11.12,218.64,20.55,74.98,11.34,20.55,74.98,24.27,55.06,10.43,34.61,32.55,11.2,218.64,0.02,1.02,0.0
3109.0,2024-02-13,16:06:07,3109.0,22.06,20.78,72.48,11.12,218.6,20.55,74.98,11.34,20.55,74.98,24.27,55.06,10.43,34.61,32.55,11.2,218.6,0.02,1.02,0.0
3110.0,2024-02-13,16:06:08,3110.0,22.06,20.78,72.48,11.12,218.7,20.55,74.98,11.34,20.55,74.98,24.27,55.06,10.43,34.61,32.55,11.2,218.7,0.02,1.02,0.0
3111.0,2024-02-13,16:06:09,3111.0,22.1,20.79,72.47,11.12,218.73,20.56,74.97,11.34,20.56,74.97,25.1,51.52,10.25,34.62,32.53,11.2,218.73,0.02,1.02,0.0
3112.0,2024-02-13,16:06:10,3112.0,22.1,20.79,72.47,11.12,218.71,20.56,74.97,11.34,20.56,74.97,25.1,51.52,10.25,34.62,32.53,11.2,218.71,0.02,1.02,0.0
3113.0,2024-02-13,16:06:11,3113.0,22.1,20.79,72.47,11.12,218.75,20.56,74.97,11.34,20.56,74.97,25.1,51.52,10.25,34.62,32.53,11.2,218.75,0.02,1.02,0.0
3114.0,2024-02-13,16:06:12,3114.0,22.14,20.79,72.47,11.12,218.69,20.56,74.96,11.34,20.56,74.96,25.86,48.67,10.12,34.62,32.53,11.2,218.69,0.02,1.02,0.0
3115.0,2024-02-13,16:06:13,3115.0,22.14,20.79,72.47,11.12,218.67,20.56,74.96,11.34,20.56,74.96,25.86,48.67,10.12,34.62,32.53,11.2,218.67,0.02,1.02,0.0
3116.0,2024-02-13,16:06:14,3116.0,22.14,20.79,72.47,11.12,218.76,20.56,74.96,11.34,20.56,74.96,25.86,48.67,10.12,34.62,32.53,11.2,218.76,0.02,1.02,0.0
3117.0,2024-02-13,16:06:15,3117.0,22.17,20.79,72.47,11.12,218.74,20.56,74.95,11.34,20.56,74.95,26.51,46.59,10.07,34.63,32.52,11.2,218.74,0.02,1.02,0.0
3118.0,2024-02-13,16:06:16,3118.0,22.17,20.79,72.47,11.12,219.06,20.56,74.95,11.34,20.56,74.95,26.51,46.59,10.07,34.63,32.52,11.2,219.06,0.02,1.02,0.0
3119.0,2024-02-13,16:06:17,3119.0,22.17,20.79,72.47,11.12,218.97,20.56,74.95,11.34,20.56,74.95,26.51,46.59,10.07,34.63,32.52,11.2,218.97,0.02,1.02,0.0
3120.0,2024-02-13,16:06:18,3120.0,22.21,20.79,72.47,11.12,219.05,20.56,74.93,11.34,20.56,74.93,27.1,44.85,10.04,34.63,32.5,11.2,219.05,0.02,1.02,0.0
3121.0,2024-02-13,16:06:19,3121.0,22.21,20.79,72.47,11.12,219.04,20.56,74.93,11.34,20.56,74.93,27.1,44.85,10.04,34.63,32.5,11.2,219.04,0.02,1.02,0.0
3122.0,2024-02-13,16:06:20,3122.0,22.21,20.79,72.47,11.12,219.02,20.56,74.93,11.34,20.56,74.93,27.1,44.85,10.04,34.63,32.5,11.2,219.02,0.02,1.02,0.0
3123.0,2024-02-13,16:06:21,3123.0,22.25,20.79,72.48,11.12,219.07,20.57,74.91,11.34,20.57,74.91,27.71,43.14,10.01,34.64,32.49,11.2,219.07,0.02,1.02,0.0
3124.0,2024-02-13,16:06:22,3124.0,22.25,20.79,72.48,11.12,218.78,20.57,74.91,11.34,20.57,74.91,27.71,43.14,10.01,34.64,32.49,11.2,218.78,0.02,1.02,0.0
3125.0,2024-02-13,16:06:23,3125.0,22.25,20.79,72.48,11.12,218.74,20.57,74.91,11.34,20.57,74.91,27.71,43.14,10.01,34.64,32.49,11.2,218.74,0.02,1.02,0.0
3126.0,2024-02-13,16:06:24,3126.0,22.29,20.8,72.51,11.13,218.69,20.57,74.9,11.34,20.57,74.9,28.38,41.3,9.96,34.64,32.48,11.2,218.69,0.02,1.02,0.0
3127.0,2024-02-13,16:06:25,3127.0,22.29,20.8,72.51,11.13,218.31,20.57,74.9,11.34,20.57,74.9,28.38,41.3,9.96,34.64,32.48,11.2,218.31,0.02,1.02,0.0
3128.0,2024-02-13,16:06:26,3128.0,22.29,20.8,72.51,11.13,218.33,20.57,74.9,11.34,20.57,74.9,28.38,41.3,9.96,34.64,32.48,11.2,218.33,0.02,1.02,0.0
3129.0,2024-02-13,16:06:27,3129.0,22.35,20.8,72.51,11.13,218.07,20.57,74.89,11.34,20.57,74.89,29.02,39.65,9.92,34.64,32.47,11.19,218.07,0.02,1.02,0.0
3130.0,2024-02-13,16:06:28,3130.0,22.35,20.8,72.51,11.13,218.04,20.57,74.89,11.34,20.57,74.89,29.02,39.65,9.92,34.64,32.47,11.19,218.04,0.02,1.02,0.0
3131.0,2024-02-13,16:06:29,3131.0,22.35,20.8,72.51,11.13,217.66,20.57,74.89,11.34,20.57,74.89,29.02,39.65,9.92,34.64,32.47,11.19,217.66,0.02,1.01,0.0
3132.0,2024-02-13,16:06:30,3132.0,22.4,20.8,72.5,11.13,217.7,20.58,74.87,11.34,20.58,74.87,29.61,38.2,9.89,34.65,32.46,11.19,217.7,0.02,1.01,0.0
3133.0,2024-02-13,16:06:31,3133.0,22.4,20.8,72.5,11.13,217.65,20.58,74.87,11.34,20.58,74.87,29.61,38.2,9.89,34.65,32.46,11.19,217.65,0.02,1.01,0.0
3134.0,2024-02-13,16:06:32,3134.0,22.4,20.8,72.5,11.13,218.06,20.58,74.87,11.34,20.58,74.87,29.61,38.2,9.89,34.65,32.46,11.19,218.06,0.02,1.02,0.0
3135.0,2024-02-13,16:06:33,3135.0,22.45,20.81,72.48,11.13,218.39,20.59,74.85,11.35,20.59,74.85,30.18,36.85,9.86,34.65,32.44,11.19,218.39,0.02,1.02,0.0
3136.0,2024-02-13,16:06:34,3136.0,22.45,20.81,72.48,11.13,218.36,20.59,74.85,11.35,20.59,74.85,30.18,36.85,9.86,34.65,32.44,11.19,218.36,0.02,1.01,0.0
3137.0,2024-02-13,16:06:35,3137.0,22.45,20.81,72.48,11.13,218.77,20.59,74.85,11.35,20.59,74.85,30.18,36.85,9.86,34.65,32.44,11.19,218.77,0.02,1.02,0.0
3138.0,2024-02-13,16:06:36,3138.0,22.5,20.81,72.48,11.14,218.68,20.6,74.81,11.35,20.6,74.81,30.65,35.93,9.87,34.66,32.49,11.21,218.68,0.02,1.02,0.0
3139.0,2024-02-13,16:06:37,3139.0,22.5,20.81,72.48,11.14,219.08,20.6,74.81,11.35,20.6,74.81,30.65,35.93,9.87,34.66,32.49,11.21,219.08,0.02,1.02,0.0
3140.0,2024-02-13,16:06:38,3140.0,22.5,20.81,72.48,11.14,219.04,20.6,74.81,11.35,20.6,74.81,30.65,35.93,9.87,34.66,32.49,11.21,219.04,0.02,1.02,0.0
3141.0,2024-02-13,16:06:39,3141.0,22.55,20.82,72.47,11.14,219.12,20.6,74.81,11.35,20.6,74.81,30.97,35.46,9.93,34.66,32.51,11.22,219.12,0.02,1.02,0.0
3142.0,2024-02-13,16:06:40,3142.0,22.55,20.82,72.47,11.14,219.15,20.6,74.81,11.35,20.6,74.81,30.97,35.46,9.93,34.66,32.51,11.22,219.15,0.02,1.02,0.0
3143.0,2024-02-13,16:06:41,3143.0,22.55,20.82,72.47,11.14,219.08,20.6,74.81,11.35,20.6,74.81,30.97,35.46,9.93,34.66,32.51,11.22,219.08,0.02,1.02,0.0
3144.0,2024-02-13,16:06:42,3144.0,22.6,20.82,72.5,11.14,219.13,20.61,74.8,11.36,20.61,74.8,31.31,34.91,9.97,34.66,32.52,11.23,219.13,0.02,1.02,0.0
3145.0,2024-02-13,16:06:43,3145.0,22.6,20.82,72.5,11.14,219.06,20.61,74.8,11.36,20.61,74.8,31.31,34.91,9.97,34.66,32.52,11.23,219.06,0.02,1.02,0.0
3146.0,2024-02-13,16:06:44,3146.0,22.6,20.82,72.5,11.14,218.99,20.61,74.8,11.36,20.61,74.8,31.31,34.91,9.97,34.66,32.52,11.23,218.99,0.02,1.02,0.0
3147.0,2024-02-13,16:06:45,3147.0,22.65,20.83,72.49,11.15,219.07,20.62,74.77,11.36,20.62,74.77,31.66,34.32,9.99,34.67,32.53,11.23,219.07,0.02,1.02,0.0
3148.0,2024-02-13,16:06:46,3148.0,22.65,20.83,72.49,11.15,219.03,20.62,74.77,11.36,20.62,74.77,31.66,34.32,9.99,34.67,32.53,11.23,219.03,0.02,1.02,0.0
3149.0,2024-02-13,16:06:47,3149.0,22.65,20.83,72.49,11.15,218.59,20.62,74.77,11.36,20.62,74.77,31.66,34.32,9.99,34.67,32.53,11.23,218.59,0.02,1.02,0.0
3150.0,2024-02-13,16:06:48,3150.0,22.69,20.84,72.47,11.15,218.63,20.63,74.78,11.37,20.63,74.78,31.88,34.08,10.05,34.67,32.54,11.24,218.63,0.02,1.02,0.0
3151.0,2024-02-13,16:06:49,3151.0,22.69,20.84,72.47,11.15,218.64,20.63,74.78,11.37,20.63,74.78,31.88,34.08,10.05,34.67,32.54,11.24,218.64,0.02,1.02,0.0
3152.0,2024-02-13,16:06:50,3152.0,22.69,20.84,72.47,11.15,218.71,20.63,74.78,11.37,20.63,74.78,31.88,34.08,10.05,34.67,32.54,11.24,218.71,0.02,1.02,0.0
3153.0,2024-02-13,16:06:51,3153.0,22.72,20.84,72.48,11.16,219.04,20.64,74.77,11.37,20.64,74.77,31.97,34.24,10.15,34.67,32.56,11.24,219.04,0.02,1.02,0.0
3154.0,2024-02-13,16:06:52,3154.0,22.72,20.84,72.48,11.16,219.05,20.64,74.77,11.37,20.64,74.77,31.97,34.24,10.15,34.67,32.56,11.24,219.05,0.02,1.02,0.0
3155.0,2024-02-13,16:06:53,3155.0,22.72,20.84,72.48,11.16,219.38,20.64,74.77,11.37,20.64,74.77,31.97,34.24,10.15,34.67,32.56,11.24,219.38,0.02,1.02,0.0
3156.0,2024-02-13,16:06:54,3156.0,22.75,20.85,72.45,11.16,219.36,20.65,74.75,11.38,20.65,74.75,32.09,34.27,10.23,34.68,32.56,11.25,219.36,0.03,1.02,0.0
3157.0,2024-02-13,16:06:55,3157.0,22.75,20.85,72.45,11.16,219.37,20.65,74.75,11.38,20.65,74.75,32.09,34.27,10.23,34.68,32.56,11.25,219.37,0.03,1.02,0.0
3158.0,2024-02-13,16:06:56,3158.0,22.75,20.85,72.45,11.16,218.95,20.65,74.75,11.38,20.65,74.75,32.09,34.27,10.23,34.68,32.56,11.25,218.95,0.03,1.02,0.0
3159.0,2024-02-13,16:06:57,3159.0,22.78,20.86,72.44,11.16,219.1,20.66,74.75,11.39,20.66,74.75,32.21,34.26,10.3,34.68,32.57,11.25,219.1,0.03,1.02,0.0
3160.0,2024-02-13,16:06:58,3160.0,22.78,20.86,72.44,11.16,218.99,20.66,74.75,11.39,20.66,74.75,32.21,34.26,10.3,34.68,32.57,11.25,218.99,0.03,1.02,0.0
3161.0,2024-02-13,16:06:59,3161.0,22.78,20.86,72.44,11.16,219.4,20.66,74.75,11.39,20.66,74.75,32.21,34.26,10.3,34.68,32.57,11.25,219.4,0.03,1.02,0.0
3162.0,2024-02-13,16:07:00,3162.0,22.81,20.87,72.44,11.17,219.3,20.67,74.75,11.39,20.67,74.75,32.34,34.25,10.37,34.68,32.58,11.25,219.3,0.03,1.02,0.0
3163.0,2024-02-13,16:07:01,3163.0,22.81,20.87,72.44,11.17,219.3,20.67,74.75,11.39,20.67,74.75,32.34,34.25,10.37,34.68,32.58,11.25,219.3,0.03,1.02,0.0
3164.0,2024-02-13,16:07:02,3164.0,22.81,20.87,72.44,11.17,219.33,20.67,74.75,11.39,20.67,74.75,32.34,34.25,10.37,34.68,32.58,11.25,219.33,0.03,1.02,0.0
3165.0,2024-02-13,16:07:03,3165.0,22.85,20.88,72.4,11.17,219.08,20.69,74.71,11.4,20.69,74.71,32.43,34.3,10.44,34.68,32.58,11.26,219.08,0.03,1.02,0.0
3166.0,2024-02-13,16:07:04,3166.0,22.85,20.88,72.4,11.17,218.99,20.69,74.71,11.4,20.69,74.71,32.43,34.3,10.44,34.68,32.58,11.26,218.99,0.03,1.02,0.0
3167.0,2024-02-13,16:07:05,3167.0,22.85,20.88,72.4,11.17,219.03,20.69,74.71,11.4,20.69,74.71,32.43,34.3,10.44,34.68,32.58,11.26,219.03,0.03,1.02,0.0
3168.0,2024-02-13,16:07:06,3168.0,22.88,20.89,72.36,11.17,219.08,20.7,74.69,11.4,20.7,74.69,32.56,34.18,10.48,34.68,32.58,11.26,219.08,0.03,1.02,0.0
3169.0,2024-02-13,16:07:07,3169.0,22.88,20.89,72.36,11.17,219.2,20.7,74.69,11.4,20.7,74.69,32.56,34.18,10.48,34.68,32.58,11.26,219.2,0.03,1.02,0.0
3170.0,2024-02-13,16:07:08,3170.0,22.88,20.89,72.36,11.17,218.67,20.7,74.69,11.4,20.7,74.69,32.56,34.18,10.48,34.68,32.58,11.26,218.67,0.03,1.01,0.0
3171.0,2024-02-13,16:07:09,3171.0,22.91,20.9,72.32,11.17,218.62,20.71,74.65,11.4,20.71,74.65,32.7,33.99,10.5,34.68,32.56,11.25,218.62,0.03,1.01,0.0
3172.0,2024-02-13,16:07:10,3172.0,22.91,20.9,72.32,11.17,218.3,20.71,74.65,11.4,20.71,74.65,32.7,33.99,10.5,34.68,32.56,11.25,218.3,0.03,1.01,0.0
3173.0,2024-02-13,16:07:11,3173.0,22.91,20.9,72.32,11.17,218.32,20.71,74.65,11.4,20.71,74.65,32.7,33.99,10.5,34.68,32.56,11.25,218.32,0.03,1.01,0.0
3174.0,2024-02-13,16:07:12,3174.0,22.94,20.91,72.25,11.17,218.36,20.72,74.63,11.41,20.72,74.63,32.84,33.81,10.53,34.68,32.55,11.25,218.36,0.03,1.01,0.0
3175.0,2024-02-13,16:07:13,3175.0,22.94,20.91,72.25,11.17,218.35,20.72,74.63,11.41,20.72,74.63,32.84,33.81,10.53,34.68,32.55,11.25,218.35,0.03,1.01,0.0
3176.0,2024-02-13,16:07:14,3176.0,22.94,20.91,72.25,11.17,218.47,20.72,74.63,11.41,20.72,74.63,32.84,33.81,10.53,34.68,32.55,11.25,218.47,0.03,1.01,0.0
3177.0,2024-02-13,16:07:15,3177.0,22.98,20.92,72.17,11.17,218.37,20.73,74.58,11.41,20.73,74.58,32.83,34.12,10.62,34.69,32.52,11.24,218.37,0.03,1.01,0.0
3178.0,2024-02-13,16:07:16,3178.0,22.98,20.92,72.17,11.17,218.71,20.73,74.58,11.41,20.73,74.58,32.83,34.12,10.62,34.69,32.52,11.24,218.71,0.03,1.01,0.0
3179.0,2024-02-13,16:07:17,3179.0,22.98,20.92,72.17,11.17,218.74,20.73,74.58,11.41,20.73,74.58,32.83,34.12,10.62,34.69,32.52,11.24,218.74,0.03,1.01,0.0
3180.0,2024-02-13,16:07:18,3180.0,23.01,20.94,72.09,11.16,219.06,20.74,74.57,11.41,20.74,74.57,32.75,34.61,10.73,34.69,32.51,11.24,219.06,0.03,1.01,0.0
3181.0,2024-02-13,16:07:19,3181.0,23.01,20.94,72.09,11.16,219.06,20.74,74.57,11.41,20.74,74.57,32.75,34.61,10.73,34.69,32.51,11.24,219.06,0.03,1.01,0.0
3182.0,2024-02-13,16:07:20,3182.0,23.01,20.94,72.09,11.16,219.4,20.74,74.57,11.41,20.74,74.57,32.75,34.61,10.73,34.69,32.51,11.24,219.4,0.03,1.01,0.0
3183.0,2024-02-13,16:07:21,3183.0,23.03,20.95,71.99,11.16,219.43,20.75,74.56,11.42,20.75,74.56,32.72,34.88,10.8,34.7,32.49,11.24,219.43,0.03,1.01,0.0
3184.0,2024-02-13,16:07:22,3184.0,23.03,20.95,71.99,11.16,219.42,20.75,74.56,11.42,20.75,74.56,32.72,34.88,10.8,34.7,32.49,11.24,219.42,0.03,1.01,0.0
3185.0,2024-02-13,16:07:23,3185.0,23.03,20.95,71.99,11.16,219.47,20.75,74.56,11.42,20.75,74.56,32.72,34.88,10.8,34.7,32.49,11.24,219.47,0.03,1.01,0.0
3186.0,2024-02-13,16:07:24,3186.0,23.04,20.97,71.9,11.15,219.45,20.76,74.51,11.42,20.76,74.51,32.84,34.66,10.8,34.68,32.48,11.22,219.45,0.03,1.01,0.0
3187.0,2024-02-13,16:07:25,3187.0,23.04,20.97,71.9,11.15,219.32,20.76,74.51,11.42,20.76,74.51,32.84,34.66,10.8,34.68,32.48,11.22,219.32,0.03,1.0,0.0
3188.0,2024-02-13,16:07:26,3188.0,23.04,20.97,71.9,11.15,219.32,20.76,74.51,11.42,20.76,74.51,32.84,34.66,10.8,34.68,32.48,11.22,219.32,0.03,1.0,0.0
3189.0,2024-02-13,16:07:27,3189.0,23.07,20.99,71.82,11.15,219.4,20.78,74.44,11.42,20.78,74.44,32.9,34.66,10.84,34.71,32.44,11.23,219.4,0.03,1.0,0.0
3190.0,2024-02-13,16:07:28,3190.0,23.07,20.99,71.82,11.15,219.46,20.78,74.44,11.42,20.78,74.44,32.9,34.66,10.84,34.71,32.44,11.23,219.46,0.03,1.0,0.0
3191.0,2024-02-13,16:07:29,3191.0,23.07,20.99,71.82,11.15,219.12,20.78,74.44,11.42,20.78,74.44,32.9,34.66,10.84,34.71,32.44,11.23,219.12,0.03,1.0,0.0
3192.0,2024-02-13,16:07:30,3192.0,23.09,21,71.74,11.15,219.03,20.8,74.39,11.42,20.8,74.39,32.92,34.77,10.89,34.71,32.43,11.23,219.03,0.03,1.0,0.0
3193.0,2024-02-13,16:07:31,3193.0,23.09,21,71.74,11.15,218.7,20.8,74.39,11.42,20.8,74.39,32.92,34.77,10.89,34.71,32.43,11.23,218.7,0.04,1.0,0.0
3194.0,2024-02-13,16:07:32,3194.0,23.09,21,71.74,11.15,218.63,20.8,74.39,11.42,20.8,74.39,32.92,34.77,10.89,34.71,32.43,11.23,218.63,0.04,1.0,0.0
3195.0,2024-02-13,16:07:33,3195.0,23.12,21.02,71.64,11.15,218.64,20.81,74.35,11.43,20.81,74.35,32.91,35.03,10.96,34.72,32.42,11.23,218.64,0.04,1.0,0.0
3196.0,2024-02-13,16:07:34,3196.0,23.12,21.02,71.64,11.15,219.04,20.81,74.35,11.43,20.81,74.35,32.91,35.03,10.96,34.72,32.42,11.23,219.04,0.04,1.0,0.0
3197.0,2024-02-13,16:07:35,3197.0,23.12,21.02,71.64,11.15,219.08,20.81,74.35,11.43,20.81,74.35,32.91,35.03,10.96,34.72,32.42,11.23,219.08,0.04,1.0,0.0
3198.0,2024-02-13,16:07:36,3198.0,23.14,21.04,71.52,11.14,219.08,20.83,74.3,11.43,20.83,74.3,32.99,34.96,10.99,34.73,32.42,11.23,219.08,0.04,1.0,0.0
3199.0,2024-02-13,16:07:37,3199.0,23.14,21.04,71.52,11.14,219.02,20.83,74.3,11.43,20.83,74.3,32.99,34.96,10.99,34.73,32.42,11.23,219.02,0.04,1.0,0.0
3200.0,2024-02-13,16:07:38,3200.0,23.14,21.04,71.52,11.14,219.12,20.83,74.3,11.43,20.83,74.3,32.99,34.96,10.99,34.73,32.42,11.23,219.12,0.04,1.0,0.0
3201.0,2024-02-13,16:07:39,3201.0,23.16,21.05,71.44,11.14,219.09,20.84,74.26,11.43,20.84,74.26,33.15,34.62,10.98,34.73,32.41,11.23,219.09,0.04,1.0,0.0
3202.0,2024-02-13,16:07:40,3202.0,23.16,21.05,71.44,11.14,219.32,20.84,74.26,11.43,20.84,74.26,33.15,34.62,10.98,34.73,32.41,11.23,219.32,0.04,1.0,0.0
3203.0,2024-02-13,16:07:41,3203.0,23.16,21.05,71.44,11.14,219.35,20.84,74.26,11.43,20.84,74.26,33.15,34.62,10.98,34.73,32.41,11.23,219.35,0.04,1.0,0.0
3204.0,2024-02-13,16:07:42,3204.0,23.19,21.07,71.34,11.13,219.13,20.85,74.21,11.43,20.85,74.21,33.31,34.17,10.94,34.72,32.41,11.22,219.13,0.04,1.0,0.0
3205.0,2024-02-13,16:07:43,3205.0,23.19,21.07,71.34,11.13,219.01,20.85,74.21,11.43,20.85,74.21,33.31,34.17,10.94,34.72,32.41,11.22,219.01,0.04,0.99,0.0
3206.0,2024-02-13,16:07:44,3206.0,23.19,21.07,71.34,11.13,219.09,20.85,74.21,11.43,20.85,74.21,33.31,34.17,10.94,34.72,32.41,11.22,219.09,0.04,0.99,0.0
3207.0,2024-02-13,16:07:45,3207.0,23.21,21.08,71.26,11.13,219.09,20.86,74.21,11.44,20.86,74.21,33.43,33.89,10.92,34.72,32.4,11.22,219.09,0.04,0.99,0.0
3208.0,2024-02-13,16:07:46,3208.0,23.21,21.08,71.26,11.13,219.1,20.86,74.21,11.44,20.86,74.21,33.43,33.89,10.92,34.72,32.4,11.22,219.1,0.04,0.99,0.0
3209.0,2024-02-13,16:07:47,3209.0,23.21,21.08,71.26,11.13,219.09,20.86,74.21,11.44,20.86,74.21,33.43,33.89,10.92,34.72,32.4,11.22,219.09,0.04,0.99,0.0
3210.0,2024-02-13,16:07:48,3210.0,23.23,21.1,71.15,11.13,218.98,20.87,74.12,11.44,20.87,74.12,33.42,34.05,10.96,34.73,32.39,11.22,218.98,0.04,0.99,0.0
3211.0,2024-02-13,16:07:49,3211.0,23.23,21.1,71.15,11.13,219.04,20.87,74.12,11.44,20.87,74.12,33.42,34.05,10.96,34.73,32.39,11.22,219.04,0.04,0.99,0.0
3212.0,2024-02-13,16:07:50,3212.0,23.23,21.1,71.15,11.13,218.71,20.87,74.12,11.44,20.87,74.12,33.42,34.05,10.96,34.73,32.39,11.22,218.71,0.04,0.99,0.0
3213.0,2024-02-13,16:07:51,3213.0,23.25,21.12,71.04,11.13,218.72,20.9,74.06,11.44,20.9,74.06,33.42,34.18,11,34.74,32.39,11.23,218.72,0.04,0.99,0.0
3214.0,2024-02-13,16:07:52,3214.0,23.25,21.12,71.04,11.13,218.71,20.9,74.06,11.44,20.9,74.06,33.42,34.18,11,34.74,32.39,11.23,218.71,0.04,0.99,0.0
3215.0,2024-02-13,16:07:53,3215.0,23.25,21.12,71.04,11.13,218.69,20.9,74.06,11.44,20.9,74.06,33.42,34.18,11,34.74,32.39,11.23,218.69,0.04,0.99,0.0
3216.0,2024-02-13,16:07:54,3216.0,23.27,21.14,70.97,11.13,218.63,20.91,74,11.44,20.91,74,33.45,34.17,11.02,34.74,32.4,11.23,218.63,0.04,0.99,0.0
3217.0,2024-02-13,16:07:55,3217.0,23.27,21.14,70.97,11.13,218.96,20.91,74,11.44,20.91,74,33.45,34.17,11.02,34.74,32.4,11.23,218.96,0.04,0.99,0.0
3218.0,2024-02-13,16:07:56,3218.0,23.27,21.14,70.97,11.13,218.93,20.91,74,11.44,20.91,74,33.45,34.17,11.02,34.74,32.4,11.23,218.93,0.04,0.99,0.0
3219.0,2024-02-13,16:07:57,3219.0,23.29,21.16,70.86,11.12,219.08,20.92,73.97,11.45,20.92,73.97,33.61,33.71,10.97,34.74,32.41,11.23,219.08,0.04,0.99,0.0
3220.0,2024-02-13,16:07:58,3220.0,23.29,21.16,70.86,11.12,219,20.92,73.97,11.45,20.92,73.97,33.61,33.71,10.97,34.74,32.41,11.23,219,0.04,0.99,0.0
3221.0,2024-02-13,16:07:59,3221.0,23.29,21.16,70.86,11.12,218.99,20.92,73.97,11.45,20.92,73.97,33.61,33.71,10.97,34.74,32.41,11.23,218.99,0.04,0.99,0.0
3222.0,2024-02-13,16:08:00,3222.0,23.29,21.16,70.77,11.11,219.34,20.92,73.93,11.44,20.92,73.93,33.79,33.17,10.9,34.71,32.44,11.23,219.34,0.04,0.99,0.0
3223.0,2024-02-13,16:08:01,3223.0,23.29,21.16,70.77,11.11,219.36,20.92,73.93,11.44,20.92,73.93,33.79,33.17,10.9,34.71,32.44,11.23,219.36,0.04,0.99,0.0
3224.0,2024-02-13,16:08:02,3224.0,23.29,21.16,70.77,11.11,219.3,20.92,73.93,11.44,20.92,73.93,33.79,33.17,10.9,34.71,32.44,11.23,219.3,0.04,0.99,0.0
3225.0,2024-02-13,16:08:03,3225.0,23.32,21.19,70.7,11.12,219.12,20.95,73.85,11.45,20.95,73.85,33.93,32.84,10.88,34.73,32.43,11.24,219.12,0.04,0.99,0.0
3226.0,2024-02-13,16:08:04,3226.0,23.32,21.19,70.7,11.12,219.04,20.95,73.85,11.45,20.95,73.85,33.93,32.84,10.88,34.73,32.43,11.24,219.04,0.04,0.99,0.0
3227.0,2024-02-13,16:08:05,3227.0,23.32,21.19,70.7,11.12,219.07,20.95,73.85,11.45,20.95,73.85,33.93,32.84,10.88,34.73,32.43,11.24,219.07,0.04,0.99,0.0
3228.0,2024-02-13,16:08:06,3228.0,23.33,21.21,70.61,11.12,218.92,20.95,73.83,11.45,20.95,73.83,34,32.66,10.86,34.73,32.42,11.24,218.92,0.04,0.99,0.0
3229.0,2024-02-13,16:08:07,3229.0,23.33,21.21,70.61,11.12,218.94,20.95,73.83,11.45,20.95,73.83,34,32.66,10.86,34.73,32.42,11.24,218.94,0.04,0.99,0.0
3230.0,2024-02-13,16:08:08,3230.0,23.33,21.21,70.61,11.12,219.17,20.95,73.83,11.45,20.95,73.83,34,32.66,10.86,34.73,32.42,11.24,219.17,0.04,0.99,0.0
3231.0,2024-02-13,16:08:09,3231.0,23.33,21.22,70.49,11.11,219.13,20.96,73.82,11.45,20.96,73.82,33.9,33.01,10.91,34.72,32.43,11.23,219.13,0.04,0.98,0.0
3232.0,2024-02-13,16:08:10,3232.0,23.33,21.22,70.49,11.11,218.99,20.96,73.82,11.45,20.96,73.82,33.9,33.01,10.91,34.72,32.43,11.23,218.99,0.04,0.98,0.0
3233.0,2024-02-13,16:08:11,3233.0,23.33,21.22,70.49,11.11,219.09,20.96,73.82,11.45,20.96,73.82,33.9,33.01,10.91,34.72,32.43,11.23,219.09,0.04,0.98,0.0
3234.0,2024-02-13,16:08:12,3234.0,23.36,21.25,70.4,11.11,219.01,20.98,73.8,11.46,20.98,73.8,33.81,33.37,10.98,34.74,32.41,11.23,219.01,0.04,0.98,0.0
3235.0,2024-02-13,16:08:13,3235.0,23.36,21.25,70.4,11.11,218.74,20.98,73.8,11.46,20.98,73.8,33.81,33.37,10.98,34.74,32.41,11.23,218.74,0.04,0.98,0.0
3236.0,2024-02-13,16:08:14,3236.0,23.36,21.25,70.4,11.11,218.74,20.98,73.8,11.46,20.98,73.8,33.81,33.37,10.98,34.74,32.41,11.23,218.74,0.04,0.98,0.0
3237.0,2024-02-13,16:08:15,3237.0,23.37,21.27,70.3,11.11,218.71,20.99,73.74,11.46,20.99,73.74,33.73,33.63,11.02,34.73,32.4,11.23,218.71,0.04,0.98,0.0
3238.0,2024-02-13,16:08:16,3238.0,23.37,21.27,70.3,11.11,218.66,20.99,73.74,11.46,20.99,73.74,33.73,33.63,11.02,34.73,32.4,11.23,218.66,0.04,0.98,0.0
3239.0,2024-02-13,16:08:17,3239.0,23.37,21.27,70.3,11.11,218.72,20.99,73.74,11.46,20.99,73.74,33.73,33.63,11.02,34.73,32.4,11.23,218.72,0.04,0.98,0.0
3240.0,2024-02-13,16:08:18,3240.0,23.38,21.28,70.22,11.11,218.65,20.99,73.71,11.46,20.99,73.71,33.7,33.75,11.04,34.73,32.4,11.22,218.65,0.04,0.98,0.0
3241.0,2024-02-13,16:08:19,3241.0,23.38,21.28,70.22,11.11,218.49,20.99,73.71,11.46,20.99,73.71,33.7,33.75,11.04,34.73,32.4,11.22,218.49,0.04,0.98,0.0
3242.0,2024-02-13,16:08:20,3242.0,23.38,21.28,70.22,11.11,218.41,20.99,73.71,11.46,20.99,73.71,33.7,33.75,11.04,34.73,32.4,11.22,218.41,0.04,0.98,0.0
3243.0,2024-02-13,16:08:21,3243.0,23.4,21.31,70.11,11.1,218.33,21.01,73.66,11.46,21.01,73.66,33.65,33.94,11.07,34.74,32.38,11.22,218.33,0.04,0.98,0.0
3244.0,2024-02-13,16:08:22,3244.0,23.4,21.31,70.11,11.1,218.41,21.01,73.66,11.46,21.01,73.66,33.65,33.94,11.07,34.74,32.38,11.22,218.41,0.04,0.98,0.0
3245.0,2024-02-13,16:08:23,3245.0,23.4,21.31,70.11,11.1,218.7,21.01,73.66,11.46,21.01,73.66,33.65,33.94,11.07,34.74,32.38,11.22,218.7,0.04,0.98,0.0
3246.0,2024-02-13,16:08:24,3246.0,23.39,21.33,69.99,11.1,218.8,21,73.62,11.45,21,73.62,33.64,33.98,11.08,34.69,32.41,11.2,218.8,0.04,0.98,0.0
3247.0,2024-02-13,16:08:25,3247.0,23.39,21.33,69.99,11.1,218.8,21,73.62,11.45,21,73.62,33.64,33.98,11.08,34.69,32.41,11.2,218.8,0.04,0.97,0.0
3248.0,2024-02-13,16:08:26,3248.0,23.39,21.33,69.99,11.1,219.11,21,73.62,11.45,21,73.62,33.64,33.98,11.08,34.69,32.41,11.2,219.11,0.04,0.98,0.0
3249.0,2024-02-13,16:08:27,3249.0,23.42,21.34,69.88,11.09,219,21.02,73.56,11.45,21.02,73.56,33.56,34.21,11.11,34.7,32.26,11.16,219,0.04,0.96,0.0
3250.0,2024-02-13,16:08:28,3250.0,23.42,21.34,69.88,11.09,218.96,21.02,73.56,11.45,21.02,73.56,33.56,34.21,11.11,34.7,32.26,11.16,218.96,0.04,0.96,0.0
3251.0,2024-02-13,16:08:29,3251.0,23.42,21.34,69.88,11.09,219,21.02,73.56,11.45,21.02,73.56,33.56,34.21,11.11,34.7,32.26,11.16,219,0.04,0.96,0.0
3252.0,2024-02-13,16:08:30,3252.0,23.46,21.36,69.78,11.09,218.97,21.02,73.67,11.47,21.02,73.67,33.57,34.27,11.13,34.69,32.39,11.2,218.97,0.05,0.97,0.0
3253.0,2024-02-13,16:08:31,3253.0,23.46,21.36,69.78,11.09,219.27,21.02,73.67,11.47,21.02,73.67,33.57,34.27,11.13,34.69,32.39,11.2,219.27,0.05,0.97,0.0
3254.0,2024-02-13,16:08:32,3254.0,23.46,21.36,69.78,11.09,219.44,21.02,73.67,11.47,21.02,73.67,33.57,34.27,11.13,34.69,32.39,11.2,219.44,0.05,0.97,0.0
3255.0,2024-02-13,16:08:33,3255.0,23.47,21.38,69.67,11.09,219.37,21.06,73.43,11.46,21.06,73.43,33.68,34.02,11.11,34.75,32.34,11.22,219.37,0.05,0.97,0.0
3256.0,2024-02-13,16:08:34,3256.0,23.47,21.38,69.67,11.09,219.46,21.06,73.43,11.46,21.06,73.43,33.68,34.02,11.11,34.75,32.34,11.22,219.46,0.05,0.98,0.0
3257.0,2024-02-13,16:08:35,3257.0,23.47,21.38,69.67,11.09,219.35,21.06,73.43,11.46,21.06,73.43,33.68,34.02,11.11,34.75,32.34,11.22,219.35,0.05,0.98,0.0
3258.0,2024-02-13,16:08:36,3258.0,23.48,21.4,69.61,11.09,219.47,21.07,73.38,11.46,21.07,73.38,33.73,33.91,11.11,34.75,32.33,11.21,219.47,0.05,0.97,0.0
3259.0,2024-02-13,16:08:37,3259.0,23.48,21.4,69.61,11.09,219.1,21.07,73.38,11.46,21.07,73.38,33.73,33.91,11.11,34.75,32.33,11.21,219.1,0.05,0.97,0.0
3260.0,2024-02-13,16:08:38,3260.0,23.48,21.4,69.61,11.09,219.4,21.07,73.38,11.46,21.07,73.38,33.73,33.91,11.11,34.75,32.33,11.21,219.4,0.05,0.97,0.0
3261.0,2024-02-13,16:08:39,3261.0,23.51,21.42,69.52,11.09,219.4,21.09,73.32,11.46,21.09,73.32,33.83,33.71,11.11,34.76,32.32,11.22,219.4,0.05,0.97,0.0
3262.0,2024-02-13,16:08:40,3262.0,23.51,21.42,69.52,11.09,219.43,21.09,73.32,11.46,21.09,73.32,33.83,33.71,11.11,34.76,32.32,11.22,219.43,0.05,0.97,0.0
3263.0,2024-02-13,16:08:41,3263.0,23.51,21.42,69.52,11.09,219.51,21.09,73.32,11.46,21.09,73.32,33.83,33.71,11.11,34.76,32.32,11.22,219.51,0.05,0.97,0.0
3264.0,2024-02-13,16:08:42,3264.0,23.52,21.43,69.45,11.08,219.45,21.1,73.27,11.46,21.1,73.27,33.86,33.68,11.12,34.76,32.26,11.2,219.45,0.05,0.97,0.0
3265.0,2024-02-13,16:08:43,3265.0,23.52,21.43,69.45,11.08,219.04,21.1,73.27,11.46,21.1,73.27,33.86,33.68,11.12,34.76,32.26,11.2,219.04,0.05,0.97,0.0
3266.0,2024-02-13,16:08:44,3266.0,23.52,21.43,69.45,11.08,219.07,21.1,73.27,11.46,21.1,73.27,33.86,33.68,11.12,34.76,32.26,11.2,219.07,0.05,0.97,0.0
3267.0,2024-02-13,16:08:45,3267.0,23.54,21.44,69.39,11.08,218.9,21.11,73.23,11.46,21.11,73.23,33.88,33.71,11.14,34.76,32.29,11.21,218.9,0.05,0.97,0.0
3268.0,2024-02-13,16:08:46,3268.0,23.54,21.44,69.39,11.08,219.04,21.11,73.23,11.46,21.11,73.23,33.88,33.71,11.14,34.76,32.29,11.21,219.04,0.05,0.97,0.0
3269.0,2024-02-13,16:08:47,3269.0,23.56,21.46,69.29,11.08,219.42,21.12,73.2,11.47,21.12,73.2,33.95,33.53,11.12,34.77,32.25,11.2,219.42,0.05,0.97,0.0
3270.0,2024-02-13,16:08:48,3270.0,23.56,21.46,69.29,11.08,219.45,21.12,73.2,11.47,21.12,73.2,33.95,33.53,11.12,34.77,32.25,11.2,219.45,0.05,0.97,0.0
3271.0,2024-02-13,16:08:49,3271.0,23.56,21.46,69.29,11.08,219.39,21.12,73.2,11.47,21.12,73.2,33.95,33.53,11.12,34.77,32.25,11.2,219.39,0.05,0.97,0.0
3272.0,2024-02-13,16:08:50,3272.0,23.56,21.46,69.29,11.08,219.29,21.12,73.2,11.47,21.12,73.2,33.95,33.53,11.12,34.77,32.25,11.2,219.29,0.05,0.97,0.0
3273.0,2024-02-13,16:08:51,3273.0,23.57,21.48,69.18,11.07,219.37,21.13,73.18,11.47,21.13,73.18,33.88,33.78,11.17,34.77,32.22,11.19,219.37,0.05,0.97,0.0
3274.0,2024-02-13,16:08:52,3274.0,23.57,21.48,69.18,11.07,219.09,21.13,73.18,11.47,21.13,73.18,33.88,33.78,11.17,34.77,32.22,11.19,219.09,0.05,0.96,0.0
3275.0,2024-02-13,16:08:53,3275.0,23.57,21.48,69.18,11.07,219,21.13,73.18,11.47,21.13,73.18,33.88,33.78,11.17,34.77,32.22,11.19,219,0.05,0.96,0.0
3276.0,2024-02-13,16:08:54,3276.0,23.59,21.49,69.11,11.07,219.09,21.14,73.15,11.47,21.14,73.15,33.91,33.75,11.18,34.77,32.26,11.2,219.09,0.05,0.96,0.0
3277.0,2024-02-13,16:08:55,3277.0,23.59,21.49,69.11,11.07,219.07,21.14,73.15,11.47,21.14,73.15,33.91,33.75,11.18,34.77,32.26,11.2,219.07,0.05,0.97,0.0
3278.0,2024-02-13,16:08:56,3278.0,23.59,21.49,69.11,11.07,219.14,21.14,73.15,11.47,21.14,73.15,33.91,33.75,11.18,34.77,32.26,11.2,219.14,0.05,0.97,0.0
3279.0,2024-02-13,16:08:57,3279.0,23.61,21.5,69.07,11.07,219.06,21.14,73.11,11.47,21.14,73.11,33.96,33.64,11.17,34.77,32.25,11.2,219.06,0.05,0.96,0.0
3280.0,2024-02-13,16:08:58,3280.0,23.61,21.5,69.07,11.07,218.99,21.14,73.11,11.47,21.14,73.11,33.96,33.64,11.17,34.77,32.25,11.2,218.99,0.05,0.96,0.0
3281.0,2024-02-13,16:08:59,3281.0,23.61,21.5,69.07,11.07,219.11,21.14,73.11,11.47,21.14,73.11,33.96,33.64,11.17,34.77,32.25,11.2,219.11,0.05,0.96,0.0
3282.0,2024-02-13,16:09:00,3282.0,23.64,21.52,69,11.07,219.07,21.16,73.06,11.47,21.16,73.06,33.91,33.94,11.24,34.79,32.21,11.2,219.07,0.05,0.96,0.0
3283.0,2024-02-13,16:09:01,3283.0,23.64,21.52,69,11.07,219.4,21.16,73.06,11.47,21.16,73.06,33.91,33.94,11.24,34.79,32.21,11.2,219.4,0.05,0.96,0.0
3284.0,2024-02-13,16:09:02,3284.0,23.64,21.52,69,11.07,219.48,21.16,73.06,11.47,21.16,73.06,33.91,33.94,11.24,34.79,32.21,11.2,219.48,0.05,0.97,0.0
3285.0,2024-02-13,16:09:03,3285.0,23.66,21.54,68.92,11.07,219.5,21.17,73.03,11.47,21.17,73.03,33.87,34.15,11.28,34.79,32.21,11.2,219.5,0.05,0.96,0.0
3286.0,2024-02-13,16:09:04,3286.0,23.66,21.54,68.92,11.07,219.33,21.17,73.03,11.47,21.17,73.03,33.87,34.15,11.28,34.79,32.21,11.2,219.33,0.05,0.96,0.0
3287.0,2024-02-13,16:09:05,3287.0,23.66,21.54,68.92,11.07,219.03,21.17,73.03,11.47,21.17,73.03,33.87,34.15,11.28,34.79,32.21,11.2,219.03,0.05,0.96,0.0
3288.0,2024-02-13,16:09:06,3288.0,23.67,21.55,68.84,11.07,219.09,21.17,73,11.47,21.17,73,33.93,34.05,11.28,34.78,32.2,11.19,219.09,0.05,0.96,0.0
3289.0,2024-02-13,16:09:07,3289.0,23.67,21.55,68.84,11.07,219.11,21.17,73,11.47,21.17,73,33.93,34.05,11.28,34.78,32.2,11.19,219.11,0.05,0.96,0.0
3290.0,2024-02-13,16:09:08,3290.0,23.67,21.55,68.84,11.07,219.09,21.17,73,11.47,21.17,73,33.93,34.05,11.28,34.78,32.2,11.19,219.09,0.05,0.96,0.0
3291.0,2024-02-13,16:09:09,3291.0,23.68,21.56,68.78,11.06,219.02,21.18,72.95,11.47,21.18,72.95,33.96,34.03,11.3,34.79,32.19,11.19,219.02,0.05,0.96,0.0
3292.0,2024-02-13,16:09:10,3292.0,23.68,21.56,68.78,11.06,219.02,21.18,72.95,11.47,21.18,72.95,33.96,34.03,11.3,34.79,32.19,11.19,219.02,0.05,0.96,0.0
3293.0,2024-02-13,16:09:11,3293.0,23.68,21.56,68.78,11.06,219.07,21.18,72.95,11.47,21.18,72.95,33.96,34.03,11.3,34.79,32.19,11.19,219.07,0.05,0.96,0.0
3294.0,2024-02-13,16:09:12,3294.0,23.69,21.58,68.7,11.06,219.03,21.19,72.9,11.47,21.19,72.9,33.86,34.4,11.36,34.8,32.2,11.2,219.03,0.05,0.96,0.0
3295.0,2024-02-13,16:09:13,3295.0,23.69,21.58,68.7,11.06,219.01,21.19,72.9,11.47,21.19,72.9,33.86,34.4,11.36,34.8,32.2,11.2,219.01,0.05,0.96,0.0
3296.0,2024-02-13,16:09:14,3296.0,23.7,21.6,68.61,11.06,219.01,21.21,72.86,11.48,21.21,72.86,33.88,34.38,11.36,34.81,32.2,11.2,219.01,0.05,0.96,0.0
3297.0,2024-02-13,16:09:15,3297.0,23.7,21.6,68.61,11.06,218.96,21.21,72.86,11.48,21.21,72.86,33.88,34.38,11.36,34.81,32.2,11.2,218.96,0.05,0.96,0.0
3298.0,2024-02-13,16:09:16,3298.0,23.7,21.6,68.61,11.06,219.14,21.21,72.86,11.48,21.21,72.86,33.88,34.38,11.36,34.81,32.2,11.2,219.14,0.05,0.96,0.0
3299.0,2024-02-13,16:09:17,3299.0,23.7,21.6,68.61,11.06,219.09,21.21,72.86,11.48,21.21,72.86,33.88,34.38,11.36,34.81,32.2,11.2,219.09,0.05,0.96,0.0
3300.0,2024-02-13,16:09:18,3300.0,23.71,21.62,68.52,11.06,219.06,21.22,72.8,11.48,21.22,72.8,33.96,34.13,11.33,34.81,32.21,11.21,219.06,0.05,0.96,0.0
3301.0,2024-02-13,16:09:19,3301.0,23.71,21.62,68.52,11.06,219.09,21.22,72.8,11.48,21.22,72.8,33.96,34.13,11.33,34.81,32.21,11.21,219.09,0.05,0.96,0.0
3302.0,2024-02-13,16:09:20,3302.0,23.71,21.62,68.52,11.06,219.04,21.22,72.8,11.48,21.22,72.8,33.96,34.13,11.33,34.81,32.21,11.21,219.04,0.05,0.96,0.0
3303.0,2024-02-13,16:09:21,3303.0,23.72,21.63,68.46,11.06,219.03,21.23,72.75,11.48,21.23,72.75,34.06,33.78,11.28,34.81,32.22,11.22,219.03,0.05,0.96,0.0
3304.0,2024-02-13,16:09:22,3304.0,23.72,21.63,68.46,11.06,219.12,21.23,72.75,11.48,21.23,72.75,34.06,33.78,11.28,34.81,32.22,11.22,219.12,0.05,0.96,0.0
3305.0,2024-02-13,16:09:23,3305.0,23.72,21.63,68.46,11.06,219.06,21.23,72.75,11.48,21.23,72.75,34.06,33.78,11.28,34.81,32.22,11.22,219.06,0.05,0.96,0.0
3306.0,2024-02-13,16:09:24,3306.0,23.72,21.64,68.41,11.06,219.04,21.24,72.71,11.48,21.24,72.71,34.16,33.48,11.24,34.81,32.22,11.21,219.04,0.05,0.96,0.0
3307.0,2024-02-13,16:09:25,3307.0,23.72,21.64,68.41,11.06,219.02,21.24,72.71,11.48,21.24,72.71,34.16,33.48,11.24,34.81,32.22,11.21,219.02,0.05,0.96,0.0
3308.0,2024-02-13,16:09:26,3308.0,23.72,21.64,68.41,11.06,219.35,21.24,72.71,11.48,21.24,72.71,34.16,33.48,11.24,34.81,32.22,11.21,219.35,0.05,0.96,0.0
3309.0,2024-02-13,16:09:27,3309.0,23.73,21.65,68.38,11.06,219.42,21.24,72.74,11.48,21.24,72.74,34.16,33.45,11.23,34.8,32.24,11.21,219.42,0.05,0.96,0.0
3310.0,2024-02-13,16:09:28,3310.0,23.73,21.65,68.38,11.06,219.33,21.24,72.74,11.48,21.24,72.74,34.16,33.45,11.23,34.8,32.24,11.21,219.33,0.05,0.96,0.0
3311.0,2024-02-13,16:09:29,3311.0,23.73,21.65,68.38,11.06,219.38,21.24,72.74,11.48,21.24,72.74,34.16,33.45,11.23,34.8,32.24,11.21,219.38,0.05,0.96,0.0
3312.0,2024-02-13,16:09:30,3312.0,23.74,21.67,68.32,11.06,219.36,21.26,72.66,11.48,21.26,72.66,34.15,33.48,11.23,34.81,32.21,11.21,219.36,0.05,0.96,0.0
3313.0,2024-02-13,16:09:31,3313.0,23.74,21.67,68.32,11.06,219.42,21.26,72.66,11.48,21.26,72.66,34.15,33.48,11.23,34.81,32.21,11.21,219.42,0.05,0.96,0.0
3314.0,2024-02-13,16:09:32,3314.0,23.74,21.67,68.32,11.06,219.45,21.26,72.66,11.48,21.26,72.66,34.15,33.48,11.23,34.81,32.21,11.21,219.45,0.05,0.96,0.0
3315.0,2024-02-13,16:09:33,3315.0,23.75,21.68,68.26,11.06,219.44,21.27,72.61,11.48,21.27,72.61,34.11,33.66,11.27,34.81,32.2,11.21,219.44,0.05,0.96,0.0
3316.0,2024-02-13,16:09:34,3316.0,23.75,21.68,68.26,11.06,219.34,21.27,72.61,11.48,21.27,72.61,34.11,33.66,11.27,34.81,32.2,11.21,219.34,0.05,0.96,0.0
3317.0,2024-02-13,16:09:35,3317.0,23.75,21.68,68.26,11.06,219.39,21.27,72.61,11.48,21.27,72.61,34.11,33.66,11.27,34.81,32.2,11.21,219.39,0.05,0.96,0.0
3318.0,2024-02-13,16:09:36,3318.0,23.76,21.7,68.17,11.06,219.39,21.28,72.56,11.48,21.28,72.56,34.05,33.91,11.32,34.82,32.18,11.21,219.39,0.05,0.96,0.0
3319.0,2024-02-13,16:09:37,3319.0,23.76,21.7,68.17,11.06,219.03,21.28,72.56,11.48,21.28,72.56,34.05,33.91,11.32,34.82,32.18,11.21,219.03,0.05,0.96,0.0
3320.0,2024-02-13,16:09:38,3320.0,23.76,21.7,68.17,11.06,219.01,21.28,72.56,11.48,21.28,72.56,34.05,33.91,11.32,34.82,32.18,11.21,219.01,0.05,0.96,0.0
3321.0,2024-02-13,16:09:39,3321.0,23.75,21.71,68.14,11.06,218.98,21.29,72.51,11.48,21.29,72.51,34.14,33.68,11.3,34.81,32.19,11.2,218.98,0.05,0.96,0.0
3322.0,2024-02-13,16:09:40,3322.0,23.75,21.71,68.14,11.06,219.16,21.29,72.51,11.48,21.29,72.51,34.14,33.68,11.3,34.81,32.19,11.2,219.16,0.05,0.96,0.0
3323.0,2024-02-13,16:09:41,3323.0,23.75,21.71,68.14,11.06,219.06,21.29,72.51,11.48,21.29,72.51,34.14,33.68,11.3,34.81,32.19,11.2,219.06,0.05,0.96,0.0
3324.0,2024-02-13,16:09:42,3324.0,23.75,21.72,68.09,11.06,219.03,21.29,72.47,11.47,21.29,72.47,34.32,33.2,11.25,34.8,32.18,11.2,219.03,0.05,0.96,0.0
3325.0,2024-02-13,16:09:43,3325.0,23.75,21.72,68.09,11.06,218.96,21.29,72.47,11.47,21.29,72.47,34.32,33.2,11.25,34.8,32.18,11.2,218.96,0.04,0.95,0.0
3326.0,2024-02-13,16:09:44,3326.0,23.75,21.72,68.09,11.06,219.42,21.29,72.47,11.47,21.29,72.47,34.32,33.2,11.25,34.8,32.18,11.2,219.42,0.04,0.96,0.0
3327.0,2024-02-13,16:09:45,3327.0,23.76,21.73,68.02,11.06,219.41,21.3,72.43,11.47,21.3,72.43,34.49,32.79,11.21,34.81,32.17,11.2,219.41,0.05,0.96,0.0
3328.0,2024-02-13,16:09:46,3328.0,23.76,21.73,68.02,11.06,219.05,21.3,72.43,11.47,21.3,72.43,34.49,32.79,11.21,34.81,32.17,11.2,219.05,0.05,0.96,0.0
3329.0,2024-02-13,16:09:47,3329.0,23.76,21.73,68.02,11.06,219.06,21.3,72.43,11.47,21.3,72.43,34.49,32.79,11.21,34.81,32.17,11.2,219.06,0.05,0.96,0.0
3330.0,2024-02-13,16:09:48,3330.0,23.78,21.75,67.93,11.05,219.04,21.32,72.37,11.48,21.32,72.37,34.6,32.55,11.2,34.83,32.16,11.2,219.04,0.05,0.96,0.0
3331.0,2024-02-13,16:09:49,3331.0,23.78,21.75,67.93,11.05,219.03,21.32,72.37,11.48,21.32,72.37,34.6,32.55,11.2,34.83,32.16,11.2,219.03,0.05,0.96,0.0
3332.0,2024-02-13,16:09:50,3332.0,23.78,21.75,67.93,11.05,219.1,21.32,72.37,11.48,21.32,72.37,34.6,32.55,11.2,34.83,32.16,11.2,219.1,0.05,0.96,0.0
3333.0,2024-02-13,16:09:51,3333.0,23.8,21.77,67.89,11.06,219.04,21.34,72.33,11.48,21.34,72.33,34.72,32.29,11.18,34.84,32.08,11.19,219.04,0.05,0.96,0.0
3334.0,2024-02-13,16:09:52,3334.0,23.8,21.77,67.89,11.06,219,21.34,72.33,11.48,21.34,72.33,34.72,32.29,11.18,34.84,32.08,11.19,219,0.05,0.95,0.0
3335.0,2024-02-13,16:09:53,3335.0,23.8,21.77,67.89,11.06,219.03,21.34,72.33,11.48,21.34,72.33,34.72,32.29,11.18,34.84,32.08,11.19,219.03,0.05,0.95,0.0
3336.0,2024-02-13,16:09:54,3336.0,23.81,21.78,67.83,11.06,218.99,21.35,72.28,11.48,21.35,72.28,34.77,32.22,11.19,34.85,32.15,11.21,218.99,0.05,0.95,0.0
3337.0,2024-02-13,16:09:55,3337.0,23.81,21.78,67.83,11.06,219.02,21.35,72.28,11.48,21.35,72.28,34.77,32.22,11.19,34.85,32.15,11.21,219.02,0.05,0.95,0.0
3338.0,2024-02-13,16:09:56,3338.0,23.81,21.78,67.83,11.06,218.72,21.35,72.28,11.48,21.35,72.28,34.77,32.22,11.19,34.85,32.15,11.21,218.72,0.05,0.95,0.0
3339.0,2024-02-13,16:09:57,3339.0,23.82,21.8,67.76,11.06,218.69,21.36,72.24,11.49,21.36,72.24,34.71,32.44,11.23,34.85,32.15,11.21,218.69,0.05,0.95,0.0
3340.0,2024-02-13,16:09:58,3340.0,23.82,21.8,67.76,11.06,218.74,21.36,72.24,11.49,21.36,72.24,34.71,32.44,11.23,34.85,32.15,11.21,218.74,0.05,0.95,0.0
3341.0,2024-02-13,16:09:59,3341.0,23.82,21.8,67.76,11.06,218.68,21.36,72.24,11.49,21.36,72.24,34.71,32.44,11.23,34.85,32.15,11.21,218.68,0.05,0.95,0.0
3342.0,2024-02-13,16:10:00,3342.0,23.84,21.81,67.72,11.06,218.71,21.37,72.2,11.49,21.37,72.2,34.55,32.95,11.31,34.85,32.15,11.21,218.71,0.05,0.95,0.0
3343.0,2024-02-13,16:10:01,3343.0,23.84,21.81,67.72,11.06,218.65,21.37,72.2,11.49,21.37,72.2,34.55,32.95,11.31,34.85,32.15,11.21,218.65,0.05,0.95,0.0
3344.0,2024-02-13,16:10:02,3344.0,23.84,21.81,67.72,11.06,218.72,21.37,72.2,11.49,21.37,72.2,34.55,32.95,11.31,34.85,32.15,11.21,218.72,0.05,0.95,0.0
3345.0,2024-02-13,16:10:03,3345.0,23.85,21.81,67.68,11.06,218.74,21.37,72.17,11.48,21.37,72.17,34.46,33.23,11.34,34.84,32.15,11.21,218.74,0.05,0.95,0.0
3346.0,2024-02-13,16:10:04,3346.0,23.85,21.81,67.68,11.06,218.72,21.37,72.17,11.48,21.37,72.17,34.46,33.23,11.34,34.84,32.15,11.21,218.72,0.05,0.95,0.0
3347.0,2024-02-13,16:10:05,3347.0,23.85,21.81,67.68,11.06,218.73,21.37,72.17,11.48,21.37,72.17,34.46,33.23,11.34,34.84,32.15,11.21,218.73,0.05,0.95,0.0
3348.0,2024-02-13,16:10:06,3348.0,23.86,21.83,67.61,11.06,218.71,21.39,72.16,11.49,21.39,72.16,34.49,33.14,11.33,34.85,32.14,11.21,218.71,0.05,0.95,0.0
3349.0,2024-02-13,16:10:07,3349.0,23.86,21.83,67.61,11.06,218.74,21.39,72.16,11.49,21.39,72.16,34.49,33.14,11.33,34.85,32.14,11.21,218.74,0.05,0.95,0.0
3350.0,2024-02-13,16:10:08,3350.0,23.86,21.83,67.61,11.06,218.64,21.39,72.16,11.49,21.39,72.16,34.49,33.14,11.33,34.85,32.14,11.21,218.64,0.05,0.95,0.0
3351.0,2024-02-13,16:10:09,3351.0,23.86,21.84,67.57,11.06,218.74,21.39,72.12,11.49,21.39,72.12,34.61,32.71,11.26,34.85,32.14,11.21,218.74,0.05,0.95,0.0
3352.0,2024-02-13,16:10:10,3352.0,23.86,21.84,67.57,11.06,218.66,21.39,72.12,11.49,21.39,72.12,34.61,32.71,11.26,34.85,32.14,11.21,218.66,0.05,0.95,0.0
3353.0,2024-02-13,16:10:11,3353.0,23.86,21.85,67.52,11.05,219.01,21.4,72.09,11.49,21.4,72.09,34.73,32.3,11.19,34.85,32.14,11.21,219.01,0.05,0.95,0.0
3354.0,2024-02-13,16:10:12,3354.0,23.86,21.85,67.52,11.05,219.14,21.4,72.09,11.49,21.4,72.09,34.73,32.3,11.19,34.85,32.14,11.21,219.14,0.05,0.95,0.0
3355.0,2024-02-13,16:10:13,3355.0,23.86,21.85,67.52,11.05,218.95,21.4,72.09,11.49,21.4,72.09,34.73,32.3,11.19,34.85,32.14,11.21,218.95,0.05,0.95,0.0
3356.0,2024-02-13,16:10:14,3356.0,23.86,21.85,67.52,11.05,219.01,21.4,72.09,11.49,21.4,72.09,34.73,32.3,11.19,34.85,32.14,11.21,219.01,0.05,0.95,0.0
3357.0,2024-02-13,16:10:15,3357.0,23.86,21.85,67.51,11.05,219.06,21.4,72.06,11.49,21.4,72.06,34.85,31.91,11.13,34.84,32.14,11.2,219.06,0.05,0.95,0.0
3358.0,2024-02-13,16:10:16,3358.0,23.86,21.85,67.51,11.05,219.07,21.4,72.06,11.49,21.4,72.06,34.85,31.91,11.13,34.84,32.14,11.2,219.07,0.05,0.95,0.0
3359.0,2024-02-13,16:10:17,3359.0,23.86,21.85,67.51,11.05,218.73,21.4,72.06,11.49,21.4,72.06,34.85,31.91,11.13,34.84,32.14,11.2,218.73,0.05,0.95,0.0
3360.0,2024-02-13,16:10:18,3360.0,23.87,21.86,67.46,11.05,218.67,21.41,72.02,11.49,21.41,72.02,34.92,31.69,11.09,34.84,32.14,11.2,218.67,0.05,0.95,0.0
3361.0,2024-02-13,16:10:19,3361.0,23.87,21.86,67.46,11.05,218.73,21.41,72.02,11.49,21.41,72.02,34.92,31.69,11.09,34.84,32.14,11.2,218.73,0.05,0.95,0.0
3362.0,2024-02-13,16:10:20,3362.0,23.87,21.86,67.46,11.05,218.75,21.41,72.02,11.49,21.41,72.02,34.92,31.69,11.09,34.84,32.14,11.2,218.75,0.05,0.95,0.0
3363.0,2024-02-13,16:10:21,3363.0,23.87,21.88,67.41,11.05,218.79,21.42,71.98,11.48,21.42,71.98,34.99,31.49,11.07,34.83,32.13,11.2,218.79,0.05,0.94,0.0
3364.0,2024-02-13,16:10:22,3364.0,23.87,21.88,67.41,11.05,218.65,21.42,71.98,11.48,21.42,71.98,34.99,31.49,11.07,34.83,32.13,11.2,218.65,0.05,0.94,0.0
3365.0,2024-02-13,16:10:23,3365.0,23.87,21.88,67.41,11.05,218.69,21.42,71.98,11.48,21.42,71.98,34.99,31.49,11.07,34.83,32.13,11.2,218.69,0.05,0.94,0.0
3366.0,2024-02-13,16:10:24,3366.0,23.89,21.89,67.36,11.06,218.66,21.42,72.05,11.5,21.42,72.05,35.06,31.34,11.05,34.83,32.12,11.19,218.66,0.05,0.94,0.0
3367.0,2024-02-13,16:10:25,3367.0,23.89,21.89,67.36,11.06,219.08,21.42,72.05,11.5,21.42,72.05,35.06,31.34,11.05,34.83,32.12,11.19,219.08,0.05,0.94,0.0
3368.0,2024-02-13,16:10:26,3368.0,23.89,21.89,67.36,11.06,219.06,21.42,72.05,11.5,21.42,72.05,35.06,31.34,11.05,34.83,32.12,11.19,219.06,0.05,0.94,0.0
3369.0,2024-02-13,16:10:27,3369.0,23.9,21.9,67.3,11.05,219.01,21.45,71.88,11.49,21.45,71.88,35.07,31.37,11.07,34.87,32.1,11.21,219.01,0.05,0.95,0.0
3370.0,2024-02-13,16:10:28,3370.0,23.9,21.9,67.3,11.05,219.05,21.45,71.88,11.49,21.45,71.88,35.07,31.37,11.07,34.87,32.1,11.21,219.05,0.05,0.95,0.0
3371.0,2024-02-13,16:10:29,3371.0,23.9,21.9,67.3,11.05,219.09,21.45,71.88,11.49,21.45,71.88,35.07,31.37,11.07,34.87,32.1,11.21,219.09,0.05,0.95,0.0
3372.0,2024-02-13,16:10:30,3372.0,23.91,21.91,67.24,11.05,219.05,21.46,71.85,11.49,21.46,71.85,35.05,31.48,11.1,34.87,32.09,11.21,219.05,0.05,0.95,0.0
3373.0,2024-02-13,16:10:31,3373.0,23.91,21.91,67.24,11.05,218.99,21.46,71.85,11.49,21.46,71.85,35.05,31.48,11.1,34.87,32.09,11.21,218.99,0.05,0.95,0.0
3374.0,2024-02-13,16:10:32,3374.0,23.91,21.91,67.24,11.05,219.02,21.46,71.85,11.49,21.46,71.85,35.05,31.48,11.1,34.87,32.09,11.21,219.02,0.05,0.95,0.0
3375.0,2024-02-13,16:10:33,3375.0,23.9,21.92,67.24,11.05,219,21.46,71.81,11.49,21.46,71.81,35.07,31.49,11.11,34.87,32.08,11.21,219,0.05,0.95,0.0
3376.0,2024-02-13,16:10:34,3376.0,23.9,21.92,67.24,11.05,219.14,21.46,71.81,11.49,21.46,71.81,35.07,31.49,11.11,34.87,32.08,11.21,219.14,0.05,0.95,0.0
3377.0,2024-02-13,16:10:35,3377.0,23.9,21.92,67.24,11.05,219.09,21.46,71.81,11.49,21.46,71.81,35.07,31.49,11.11,34.87,32.08,11.21,219.09,0.05,0.95,0.0
3378.0,2024-02-13,16:10:36,3378.0,23.9,21.92,67.23,11.05,219.36,21.47,71.79,11.49,21.47,71.79,35.09,31.41,11.1,34.87,32.08,11.2,219.36,0.05,0.95,0.0
3379.0,2024-02-13,16:10:37,3379.0,23.9,21.92,67.23,11.05,219.41,21.47,71.79,11.49,21.47,71.79,35.09,31.41,11.1,34.87,32.08,11.2,219.41,0.05,0.95,0.0
3380.0,2024-02-13,16:10:38,3380.0,23.9,21.92,67.23,11.05,219.36,21.47,71.79,11.49,21.47,71.79,35.09,31.41,11.1,34.87,32.08,11.2,219.36,0.05,0.95,0.0
3381.0,2024-02-13,16:10:39,3381.0,23.9,21.93,67.2,11.06,219.34,21.46,71.92,11.5,21.46,71.92,35.18,31.18,11.07,34.84,32.11,11.19,219.34,0.05,0.95,0.0
3382.0,2024-02-13,16:10:40,3382.0,23.9,21.93,67.2,11.06,219.38,21.46,71.92,11.5,21.46,71.92,35.18,31.18,11.07,34.84,32.11,11.19,219.38,0.05,0.94,0.0
3383.0,2024-02-13,16:10:41,3383.0,23.9,21.93,67.2,11.06,219.41,21.46,71.92,11.5,21.46,71.92,35.18,31.18,11.07,34.84,32.11,11.19,219.41,0.05,0.94,0.0
3384.0,2024-02-13,16:10:42,3384.0,23.88,21.94,67.15,11.06,219.31,21.47,71.78,11.49,21.47,71.78,35.28,30.91,11.04,34.84,32.12,11.2,219.31,0.04,0.94,0.0
3385.0,2024-02-13,16:10:43,3385.0,23.88,21.94,67.15,11.06,219.37,21.47,71.78,11.49,21.47,71.78,35.28,30.91,11.04,34.84,32.12,11.2,219.37,0.04,0.94,0.0
3386.0,2024-02-13,16:10:44,3386.0,23.88,21.94,67.15,11.06,219.37,21.47,71.78,11.49,21.47,71.78,35.28,30.91,11.04,34.84,32.12,11.2,219.37,0.04,0.94,0.0
3387.0,2024-02-13,16:10:45,3387.0,23.86,21.96,67.11,11.06,219.4,21.45,71.76,11.47,21.45,71.76,35.42,30.57,11,34.79,32.15,11.17,219.4,0.04,0.94,0.0
3388.0,2024-02-13,16:10:46,3388.0,23.86,21.96,67.11,11.06,219.45,21.45,71.76,11.47,21.45,71.76,35.42,30.57,11,34.79,32.15,11.17,219.45,0.04,0.94,0.0
3389.0,2024-02-13,16:10:47,3389.0,23.94,21.97,67.06,11.06,219.36,21.5,71.7,11.5,21.5,71.7,35.5,30.38,10.98,34.89,32.12,11.22,219.36,0.04,0.94,0.0
3390.0,2024-02-13,16:10:48,3390.0,23.94,21.97,67.06,11.06,219.28,21.5,71.7,11.5,21.5,71.7,35.5,30.38,10.98,34.89,32.12,11.22,219.28,0.05,0.95,0.0
3391.0,2024-02-13,16:10:49,3391.0,23.94,21.97,67.06,11.06,219.43,21.5,71.7,11.5,21.5,71.7,35.5,30.38,10.98,34.89,32.12,11.22,219.43,0.05,0.95,0.0
3392.0,2024-02-13,16:10:50,3392.0,23.94,21.97,67.06,11.06,219.41,21.5,71.7,11.5,21.5,71.7,35.5,30.38,10.98,34.89,32.12,11.22,219.41,0.05,0.95,0.0
3393.0,2024-02-13,16:10:51,3393.0,23.97,21.98,67.01,11.06,219.41,21.52,71.65,11.5,21.52,71.65,35.47,30.53,11.02,34.9,32.11,11.23,219.41,0.05,0.95,0.0
3394.0,2024-02-13,16:10:52,3394.0,23.97,21.98,67.01,11.06,219.48,21.52,71.65,11.5,21.52,71.65,35.47,30.53,11.02,34.9,32.11,11.23,219.48,0.05,0.95,0.0
3395.0,2024-02-13,16:10:53,3395.0,23.98,22,66.94,11.06,219.44,21.52,71.61,11.5,21.52,71.61,35.41,30.72,11.05,34.9,32.11,11.23,219.44,0.05,0.95,0.0
3396.0,2024-02-13,16:10:54,3396.0,23.98,22,66.94,11.06,219.31,21.52,71.61,11.5,21.52,71.61,35.41,30.72,11.05,34.9,32.11,11.23,219.31,0.05,0.95,0.0
3397.0,2024-02-13,16:10:55,3397.0,23.98,22,66.94,11.06,219.34,21.52,71.61,11.5,21.52,71.61,35.41,30.72,11.05,34.9,32.11,11.23,219.34,0.05,0.95,0.0
3398.0,2024-02-13,16:10:56,3398.0,23.98,22,66.94,11.06,219.09,21.52,71.61,11.5,21.52,71.61,35.41,30.72,11.05,34.9,32.11,11.23,219.09,0.05,0.95,0.0
3399.0,2024-02-13,16:10:57,3399.0,23.99,22.01,66.9,11.06,218.65,21.52,71.68,11.51,21.52,71.68,35.32,30.99,11.09,34.88,32.13,11.22,218.65,0.05,0.94,0.0
3400.0,2024-02-13,16:10:58,3400.0,23.99,22.01,66.9,11.06,218.73,21.52,71.68,11.51,21.52,71.68,35.32,30.99,11.09,34.88,32.13,11.22,218.73,0.05,0.94,0.0
3401.0,2024-02-13,16:10:59,3401.0,24,22.02,66.84,11.06,218.71,21.54,71.56,11.51,21.54,71.56,35.32,31.01,11.1,34.9,32.11,11.23,218.71,0.05,0.94,0.0
3402.0,2024-02-13,16:11:00,3402.0,24,22.02,66.84,11.06,218.66,21.54,71.56,11.51,21.54,71.56,35.32,31.01,11.1,34.9,32.11,11.23,218.66,0.05,0.94,0.0
3403.0,2024-02-13,16:11:01,3403.0,24,22.02,66.84,11.06,218.73,21.54,71.56,11.51,21.54,71.56,35.32,31.01,11.1,34.9,32.11,11.23,218.73,0.05,0.94,0.0
3404.0,2024-02-13,16:11:02,3404.0,24,22.02,66.84,11.06,218.74,21.54,71.56,11.51,21.54,71.56,35.32,31.01,11.1,34.9,32.11,11.23,218.74,0.05,0.94,0.0
3405.0,2024-02-13,16:11:03,3405.0,23.99,22.03,66.81,11.06,219.12,21.54,71.53,11.5,21.54,71.53,35.34,30.97,11.09,34.89,32.11,11.23,219.12,0.05,0.94,0.0
3406.0,2024-02-13,16:11:04,3406.0,23.99,22.03,66.81,11.06,219.02,21.54,71.53,11.5,21.54,71.53,35.34,30.97,11.09,34.89,32.11,11.23,219.02,0.05,0.94,0.0
3407.0,2024-02-13,16:11:05,3407.0,23.99,22.03,66.81,11.06,218.92,21.54,71.53,11.5,21.54,71.53,35.34,30.97,11.09,34.89,32.11,11.23,218.92,0.05,0.94,0.0
3408.0,2024-02-13,16:11:06,3408.0,24,22.04,66.76,11.06,219,21.55,71.5,11.5,21.55,71.5,35.35,30.92,11.08,34.89,32.11,11.23,219,0.05,0.94,0.0
3409.0,2024-02-13,16:11:07,3409.0,24,22.04,66.76,11.06,218.95,21.55,71.5,11.5,21.55,71.5,35.35,30.92,11.08,34.89,32.11,11.23,218.95,0.05,0.94,0.0
3410.0,2024-02-13,16:11:08,3410.0,24,22.04,66.76,11.06,219.1,21.55,71.5,11.5,21.55,71.5,35.35,30.92,11.08,34.89,32.11,11.23,219.1,0.05,0.94,0.0
3411.0,2024-02-13,16:11:09,3411.0,23.99,22.03,66.74,11.05,219.15,21.54,71.52,11.5,21.54,71.52,35.27,31.05,11.08,34.85,32.1,11.19,219.15,0.05,0.94,0.0
3412.0,2024-02-13,16:11:10,3412.0,23.99,22.03,66.74,11.05,219.01,21.54,71.52,11.5,21.54,71.52,35.27,31.05,11.08,34.85,32.1,11.19,219.01,0.05,0.93,0.0
3413.0,2024-02-13,16:11:11,3413.0,23.99,22.03,66.74,11.05,219.03,21.54,71.52,11.5,21.54,71.52,35.27,31.05,11.08,34.85,32.1,11.19,219.03,0.05,0.94,0.0
3414.0,2024-02-13,16:11:12,3414.0,24.02,22.06,66.7,11.06,219,21.56,71.48,11.51,21.56,71.48,35.33,30.92,11.07,34.88,32.1,11.22,219,0.05,0.93,0.0
3415.0,2024-02-13,16:11:13,3415.0,24.02,22.06,66.7,11.06,219.01,21.56,71.48,11.51,21.56,71.48,35.33,30.92,11.07,34.88,32.1,11.22,219.01,0.05,0.94,0.0
3416.0,2024-02-13,16:11:14,3416.0,24.02,22.06,66.7,11.06,219.04,21.56,71.48,11.51,21.56,71.48,35.33,30.92,11.07,34.88,32.1,11.22,219.04,0.05,0.94,0.0
3417.0,2024-02-13,16:11:15,3417.0,24.03,22.07,66.68,11.07,218.98,21.58,71.41,11.51,21.58,71.41,35.43,30.65,11.04,34.91,32.08,11.22,218.98,0.05,0.94,0.0
3418.0,2024-02-13,16:11:16,3418.0,24.03,22.07,66.68,11.07,219.2,21.58,71.41,11.51,21.58,71.41,35.43,30.65,11.04,34.91,32.08,11.22,219.2,0.05,0.94,0.0
3419.0,2024-02-13,16:11:17,3419.0,24.03,22.07,66.68,11.07,219,21.58,71.41,11.51,21.58,71.41,35.43,30.65,11.04,34.91,32.08,11.22,219,0.05,0.94,0.0
3420.0,2024-02-13,16:11:18,3420.0,24.03,22.08,66.64,11.06,219.11,21.57,71.52,11.52,21.57,71.52,35.49,30.53,11.03,34.87,32.1,11.21,219.11,0.05,0.93,0.0
3421.0,2024-02-13,16:11:19,3421.0,24.03,22.08,66.64,11.06,219.04,21.57,71.52,11.52,21.57,71.52,35.49,30.53,11.03,34.87,32.1,11.21,219.04,0.05,0.93,0.0
3422.0,2024-02-13,16:11:20,3422.0,24.04,22.09,66.59,11.06,218.71,21.6,71.31,11.51,21.6,71.31,35.44,30.68,11.05,34.91,32.07,11.22,218.71,0.05,0.93,0.0
3423.0,2024-02-13,16:11:21,3423.0,24.04,22.09,66.59,11.06,218.73,21.6,71.31,11.51,21.6,71.31,35.44,30.68,11.05,34.91,32.07,11.22,218.73,0.05,0.94,0.0
3424.0,2024-02-13,16:11:22,3424.0,24.04,22.09,66.59,11.06,218.78,21.6,71.31,11.51,21.6,71.31,35.44,30.68,11.05,34.91,32.07,11.22,218.78,0.05,0.94,0.0
3425.0,2024-02-13,16:11:23,3425.0,24.04,22.09,66.59,11.06,218.7,21.6,71.31,11.51,21.6,71.31,35.44,30.68,11.05,34.91,32.07,11.22,218.7,0.05,0.94,0.0
3426.0,2024-02-13,16:11:24,3426.0,24.03,22.1,66.54,11.06,218.74,21.59,71.31,11.5,21.59,71.31,35.4,30.86,11.09,34.87,32.09,11.2,218.74,0.04,0.93,0.0
3427.0,2024-02-13,16:11:25,3427.0,24.03,22.1,66.54,11.06,218.66,21.59,71.31,11.5,21.59,71.31,35.4,30.86,11.09,34.87,32.09,11.2,218.66,0.04,0.93,0.0
3428.0,2024-02-13,16:11:26,3428.0,24.03,22.1,66.54,11.06,219.09,21.59,71.31,11.5,21.59,71.31,35.4,30.86,11.09,34.87,32.09,11.2,219.09,0.04,0.93,0.0
3429.0,2024-02-13,16:11:27,3429.0,24.06,22.11,66.5,11.06,219,21.62,71.24,11.51,21.62,71.24,35.33,31.06,11.12,34.9,32.07,11.22,219,0.04,0.93,0.0
3430.0,2024-02-13,16:11:28,3430.0,24.06,22.11,66.5,11.06,218.8,21.62,71.24,11.51,21.62,71.24,35.33,31.06,11.12,34.9,32.07,11.22,218.8,0.05,0.94,0.0
3431.0,2024-02-13,16:11:29,3431.0,24.06,22.11,66.5,11.06,218.68,21.62,71.24,11.51,21.62,71.24,35.33,31.06,11.12,34.9,32.07,11.22,218.68,0.05,0.93,0.0
3432.0,2024-02-13,16:11:30,3432.0,24.07,22.11,66.48,11.06,218.73,21.62,71.24,11.51,21.62,71.24,35.31,31.14,11.14,34.89,32.08,11.22,218.73,0.05,0.93,0.0
3433.0,2024-02-13,16:11:31,3433.0,24.07,22.11,66.48,11.06,218.73,21.62,71.24,11.51,21.62,71.24,35.31,31.14,11.14,34.89,32.08,11.22,218.73,0.05,0.93,0.0
3434.0,2024-02-13,16:11:32,3434.0,24.07,22.11,66.48,11.06,218.65,21.62,71.24,11.51,21.62,71.24,35.31,31.14,11.14,34.89,32.08,11.22,218.65,0.05,0.93,0.0
3435.0,2024-02-13,16:11:33,3435.0,24.09,22.13,66.44,11.06,218.73,21.63,71.22,11.51,21.63,71.22,35.35,31.09,11.15,34.9,32.08,11.22,218.73,0.05,0.93,0.0
3436.0,2024-02-13,16:11:34,3436.0,24.09,22.13,66.44,11.06,218.68,21.63,71.22,11.51,21.63,71.22,35.35,31.09,11.15,34.9,32.08,11.22,218.68,0.05,0.93,0.0
3437.0,2024-02-13,16:11:35,3437.0,24.09,22.13,66.44,11.06,218.7,21.63,71.22,11.51,21.63,71.22,35.35,31.09,11.15,34.9,32.08,11.22,218.7,0.05,0.93,0.0
3438.0,2024-02-13,16:11:36,3438.0,24.1,22.14,66.41,11.07,218.76,21.64,71.17,11.52,21.64,71.17,35.39,31.01,11.14,34.91,32.07,11.23,218.76,0.05,0.93,0.0
3439.0,2024-02-13,16:11:37,3439.0,24.1,22.14,66.41,11.07,218.7,21.64,71.17,11.52,21.64,71.17,35.39,31.01,11.14,34.91,32.07,11.23,218.7,0.05,0.93,0.0
3440.0,2024-02-13,16:11:38,3440.0,24.1,22.14,66.41,11.07,218.71,21.64,71.17,11.52,21.64,71.17,35.39,31.01,11.14,34.91,32.07,11.23,218.71,0.05,0.93,0.0
3441.0,2024-02-13,16:11:39,3441.0,24.11,22.14,66.41,11.07,218.74,21.65,71.14,11.51,21.65,71.14,35.46,30.83,11.12,34.9,32.08,11.22,218.74,0.05,0.93,0.0
3442.0,2024-02-13,16:11:40,3442.0,24.11,22.14,66.41,11.07,218.7,21.65,71.14,11.51,21.65,71.14,35.46,30.83,11.12,34.9,32.08,11.22,218.7,0.05,0.93,0.0
3443.0,2024-02-13,16:11:41,3443.0,24.11,22.16,66.35,11.07,219.07,21.65,71.08,11.51,21.65,71.08,35.55,30.61,11.09,34.9,32.1,11.23,219.07,0.05,0.93,0.0
3444.0,2024-02-13,16:11:42,3444.0,24.11,22.16,66.35,11.07,218.96,21.65,71.08,11.51,21.65,71.08,35.55,30.61,11.09,34.9,32.1,11.23,218.96,0.04,0.93,0.0
3445.0,2024-02-13,16:11:43,3445.0,24.11,22.16,66.35,11.07,219.1,21.65,71.08,11.51,21.65,71.08,35.55,30.61,11.09,34.9,32.1,11.23,219.1,0.04,0.94,0.0
3446.0,2024-02-13,16:11:44,3446.0,24.11,22.16,66.35,11.07,219.45,21.65,71.08,11.51,21.65,71.08,35.55,30.61,11.09,34.9,32.1,11.23,219.45,0.04,0.94,0.0
3447.0,2024-02-13,16:11:45,3447.0,24.14,22.16,66.34,11.07,218.96,21.67,71.06,11.52,21.67,71.06,35.48,30.79,11.11,34.92,32.1,11.24,218.96,0.05,0.93,0.0
3448.0,2024-02-13,16:11:46,3448.0,24.14,22.16,66.34,11.07,219.14,21.67,71.06,11.52,21.67,71.06,35.48,30.79,11.11,34.92,32.1,11.24,219.14,0.05,0.94,0.0
3449.0,2024-02-13,16:11:47,3449.0,24.14,22.16,66.34,11.07,219.09,21.67,71.06,11.52,21.67,71.06,35.48,30.79,11.11,34.92,32.1,11.24,219.09,0.05,0.94,0.0
3450.0,2024-02-13,16:11:48,3450.0,24.14,22.17,66.32,11.07,218.71,21.68,71.03,11.51,21.68,71.03,35.36,31.11,11.16,34.92,32.1,11.24,218.71,0.05,0.93,0.0
3451.0,2024-02-13,16:11:49,3451.0,24.14,22.17,66.32,11.07,218.68,21.68,71.03,11.51,21.68,71.03,35.36,31.11,11.16,34.92,32.1,11.24,218.68,0.05,0.93,0.0
3452.0,2024-02-13,16:11:50,3452.0,24.14,22.17,66.32,11.07,218.72,21.68,71.03,11.51,21.68,71.03,35.36,31.11,11.16,34.92,32.1,11.24,218.72,0.05,0.93,0.0
3453.0,2024-02-13,16:11:51,3453.0,24.14,22.18,66.3,11.08,218.61,21.68,71.07,11.52,21.68,71.07,35.32,31.27,11.19,34.91,32.11,11.24,218.61,0.05,0.93,0.0
3454.0,2024-02-13,16:11:52,3454.0,24.14,22.18,66.3,11.08,218.64,21.68,71.07,11.52,21.68,71.07,35.32,31.27,11.19,34.91,32.11,11.24,218.64,0.05,0.93,0.0
3455.0,2024-02-13,16:11:53,3455.0,24.14,22.18,66.3,11.08,219.09,21.68,71.07,11.52,21.68,71.07,35.32,31.27,11.19,34.91,32.11,11.24,219.09,0.05,0.93,0.0
3456.0,2024-02-13,16:11:54,3456.0,24.15,22.19,66.24,11.08,219.03,21.7,70.99,11.52,21.7,70.99,35.32,31.29,11.2,34.93,32.09,11.25,219.03,0.05,0.93,0.0
3457.0,2024-02-13,16:11:55,3457.0,24.15,22.19,66.24,11.08,219.16,21.7,70.99,11.52,21.7,70.99,35.32,31.29,11.2,34.93,32.09,11.25,219.16,0.05,0.93,0.0
3458.0,2024-02-13,16:11:56,3458.0,24.15,22.19,66.24,11.08,219.01,21.7,70.99,11.52,21.7,70.99,35.32,31.29,11.2,34.93,32.09,11.25,219.01,0.05,0.93,0.0
3459.0,2024-02-13,16:11:57,3459.0,24.14,22.2,66.22,11.08,219.05,21.7,71.01,11.53,21.7,71.01,35.37,31.12,11.17,34.92,32.1,11.24,219.05,0.05,0.93,0.0
3460.0,2024-02-13,16:11:58,3460.0,24.14,22.2,66.22,11.08,219.06,21.7,71.01,11.53,21.7,71.01,35.37,31.12,11.17,34.92,32.1,11.24,219.06,0.05,0.93,0.0
3461.0,2024-02-13,16:11:59,3461.0,24.14,22.2,66.22,11.08,219.06,21.7,71.01,11.53,21.7,71.01,35.37,31.12,11.17,34.92,32.1,11.24,219.06,0.05,0.93,0.0
3462.0,2024-02-13,16:12:00,3462.0,24.14,22.22,66.16,11.08,218.75,21.72,70.94,11.53,21.72,70.94,35.43,30.92,11.14,34.94,32.09,11.25,218.75,0.05,0.93,0.0
3463.0,2024-02-13,16:12:01,3463.0,24.14,22.22,66.16,11.08,218.7,21.72,70.94,11.53,21.72,70.94,35.43,30.92,11.14,34.94,32.09,11.25,218.7,0.05,0.93,0.0
3464.0,2024-02-13,16:12:02,3464.0,24.14,22.22,66.16,11.08,218.65,21.72,70.94,11.53,21.72,70.94,35.43,30.92,11.14,34.94,32.09,11.25,218.65,0.05,0.93,0.0
3465.0,2024-02-13,16:12:03,3465.0,24.14,22.23,66.11,11.08,219.09,21.72,70.92,11.53,21.72,70.92,35.44,30.88,11.13,34.94,32.1,11.25,219.09,0.05,0.93,0.0
3466.0,2024-02-13,16:12:04,3466.0,24.14,22.23,66.11,11.08,219.07,21.72,70.92,11.53,21.72,70.92,35.44,30.88,11.13,34.94,32.1,11.25,219.07,0.05,0.93,0.0
3467.0,2024-02-13,16:12:05,3467.0,24.14,22.23,66.11,11.08,219.03,21.72,70.92,11.53,21.72,70.92,35.44,30.88,11.13,34.94,32.1,11.25,219.03,0.05,0.93,0.0
3468.0,2024-02-13,16:12:06,3468.0,24.15,22.24,66.07,11.08,219.4,21.73,70.88,11.53,21.73,70.88,35.44,30.87,11.13,34.94,32.1,11.25,219.4,0.05,0.93,0.0
3469.0,2024-02-13,16:12:07,3469.0,24.15,22.24,66.07,11.08,219.06,21.73,70.88,11.53,21.73,70.88,35.44,30.87,11.13,34.94,32.1,11.25,219.06,0.05,0.93,0.0
3470.0,2024-02-13,16:12:08,3470.0,24.15,22.24,66.06,11.08,219.44,21.72,70.89,11.53,21.72,70.89,35.38,30.99,11.13,34.92,32.11,11.25,219.44,0.05,0.94,0.0
3471.0,2024-02-13,16:12:09,3471.0,24.15,22.24,66.06,11.08,219.45,21.72,70.89,11.53,21.72,70.89,35.38,30.99,11.13,34.92,32.11,11.25,219.45,0.05,0.93,0.0
3472.0,2024-02-13,16:12:10,3472.0,24.15,22.24,66.06,11.08,219.41,21.72,70.89,11.53,21.72,70.89,35.38,30.99,11.13,34.92,32.11,11.25,219.41,0.05,0.93,0.0
3473.0,2024-02-13,16:12:11,3473.0,24.15,22.24,66.06,11.08,219.49,21.72,70.89,11.53,21.72,70.89,35.38,30.99,11.13,34.92,32.11,11.25,219.49,0.05,0.93,0.0
3474.0,2024-02-13,16:12:12,3474.0,24.18,22.26,66.02,11.09,219.44,21.75,70.82,11.53,21.75,70.82,35.27,31.37,11.19,34.96,32.1,11.26,219.44,0.05,0.94,0.0
3475.0,2024-02-13,16:12:13,3475.0,24.18,22.26,66.02,11.09,219.33,21.75,70.82,11.53,21.75,70.82,35.27,31.37,11.19,34.96,32.1,11.26,219.33,0.05,0.93,0.0
3476.0,2024-02-13,16:12:14,3476.0,24.19,22.27,65.98,11.09,219.53,21.76,70.81,11.54,21.76,70.81,35.1,31.81,11.25,34.96,32.09,11.26,219.53,0.05,0.94,0.0
3477.0,2024-02-13,16:12:15,3477.0,24.19,22.27,65.98,11.09,219.41,21.76,70.81,11.54,21.76,70.81,35.1,31.81,11.25,34.96,32.09,11.26,219.41,0.05,0.93,0.0
3478.0,2024-02-13,16:12:16,3478.0,24.19,22.27,65.98,11.09,219.34,21.76,70.81,11.54,21.76,70.81,35.1,31.81,11.25,34.96,32.09,11.26,219.34,0.05,0.93,0.0
3479.0,2024-02-13,16:12:17,3479.0,24.19,22.27,65.98,11.09,219.48,21.76,70.81,11.54,21.76,70.81,35.1,31.81,11.25,34.96,32.09,11.26,219.48,0.05,0.93,0.0
3480.0,2024-02-13,16:12:18,3480.0,24.2,22.28,65.96,11.09,219.39,21.76,70.8,11.54,21.76,70.8,35.03,31.99,11.27,34.96,32.09,11.26,219.39,0.05,0.93,0.0
3481.0,2024-02-13,16:12:19,3481.0,24.2,22.28,65.96,11.09,219.46,21.76,70.8,11.54,21.76,70.8,35.03,31.99,11.27,34.96,32.09,11.26,219.46,0.05,0.93,0.0
3482.0,2024-02-13,16:12:20,3482.0,24.2,22.28,65.96,11.09,219,21.76,70.8,11.54,21.76,70.8,35.03,31.99,11.27,34.96,32.09,11.26,219,0.05,0.93,0.0
3483.0,2024-02-13,16:12:21,3483.0,24.22,22.29,65.92,11.09,219,21.77,70.78,11.54,21.77,70.78,35.07,31.87,11.25,34.96,32.08,11.26,219,0.05,0.93,0.0
3484.0,2024-02-13,16:12:22,3484.0,24.22,22.29,65.92,11.09,219.13,21.77,70.78,11.54,21.77,70.78,35.07,31.87,11.25,34.96,32.08,11.26,219.13,0.05,0.93,0.0
3485.0,2024-02-13,16:12:23,3485.0,24.22,22.29,65.92,11.09,219.33,21.77,70.78,11.54,21.77,70.78,35.07,31.87,11.25,34.96,32.08,11.26,219.33,0.05,0.93,0.0
3486.0,2024-02-13,16:12:24,3486.0,24.24,22.3,65.87,11.09,219.39,21.78,70.78,11.55,21.78,70.78,35.09,31.84,11.25,34.97,32.04,11.25,219.39,0.05,0.93,0.0
3487.0,2024-02-13,16:12:25,3487.0,24.24,22.3,65.87,11.09,219.48,21.78,70.78,11.55,21.78,70.78,35.09,31.84,11.25,34.97,32.04,11.25,219.48,0.05,0.93,0.0
3488.0,2024-02-13,16:12:26,3488.0,24.24,22.3,65.87,11.09,219.39,21.78,70.78,11.55,21.78,70.78,35.09,31.84,11.25,34.97,32.04,11.25,219.39,0.05,0.93,0.0
3489.0,2024-02-13,16:12:27,3489.0,24.25,22.31,65.85,11.09,219.33,21.79,70.74,11.55,21.79,70.74,35.13,31.72,11.23,34.97,32.05,11.26,219.33,0.05,0.93,0.0
3490.0,2024-02-13,16:12:28,3490.0,24.25,22.31,65.85,11.09,219.33,21.79,70.74,11.55,21.79,70.74,35.13,31.72,11.23,34.97,32.05,11.26,219.33,0.05,0.93,0.0
3491.0,2024-02-13,16:12:29,3491.0,24.25,22.31,65.85,11.09,219.38,21.79,70.74,11.55,21.79,70.74,35.13,31.72,11.23,34.97,32.05,11.26,219.38,0.05,0.93,0.0
3492.0,2024-02-13,16:12:30,3492.0,24.25,22.32,65.78,11.08,219.42,21.79,70.71,11.55,21.79,70.71,35.13,31.72,11.23,34.97,32.05,11.25,219.42,0.05,0.93,0.0
3493.0,2024-02-13,16:12:31,3493.0,24.25,22.32,65.78,11.08,219.06,21.79,70.71,11.55,21.79,70.71,35.13,31.72,11.23,34.97,32.05,11.25,219.06,0.05,0.93,0.0
3494.0,2024-02-13,16:12:32,3494.0,24.25,22.32,65.78,11.08,219.09,21.79,70.71,11.55,21.79,70.71,35.13,31.72,11.23,34.97,32.05,11.25,219.09,0.05,0.93,0.0
3495.0,2024-02-13,16:12:33,3495.0,24.24,22.32,65.76,11.08,219.07,21.78,70.67,11.53,21.78,70.67,35.1,31.78,11.24,34.95,32.06,11.24,219.07,0.04,0.93,0.0
3496.0,2024-02-13,16:12:34,3496.0,24.24,22.32,65.76,11.08,218.97,21.78,70.67,11.53,21.78,70.67,35.1,31.78,11.24,34.95,32.06,11.24,218.97,0.04,0.93,0.0
3497.0,2024-02-13,16:12:35,3497.0,24.24,22.32,65.76,11.08,219.05,21.78,70.67,11.53,21.78,70.67,35.1,31.78,11.24,34.95,32.06,11.24,219.05,0.04,0.93,0.0
3498.0,2024-02-13,16:12:36,3498.0,24.24,22.33,65.71,11.08,219.31,21.8,70.65,11.54,21.8,70.65,35.12,31.7,11.22,34.93,32.07,11.24,219.31,0.05,0.92,0.0
3499.0,2024-02-13,16:12:37,3499.0,24.24,22.33,65.71,11.08,219.4,21.8,70.65,11.54,21.8,70.65,35.12,31.7,11.22,34.93,32.07,11.24,219.4,0.05,0.92,0.0
3500.0,2024-02-13,16:12:38,3500.0,24.24,22.34,65.66,11.08,219.32,21.81,70.61,11.54,21.81,70.61,35.13,31.66,11.22,34.96,32.06,11.25,219.32,0.05,0.92,0.0
3501.0,2024-02-13,16:12:39,3501.0,24.24,22.34,65.66,11.08,219.36,21.81,70.61,11.54,21.81,70.61,35.13,31.66,11.22,34.96,32.06,11.25,219.36,0.05,0.93,0.0
3502.0,2024-02-13,16:12:40,3502.0,24.24,22.34,65.66,11.08,219.42,21.81,70.61,11.54,21.81,70.61,35.13,31.66,11.22,34.96,32.06,11.25,219.42,0.05,0.93,0.0
3503.0,2024-02-13,16:12:41,3503.0,24.24,22.34,65.66,11.08,219.49,21.81,70.61,11.54,21.81,70.61,35.13,31.66,11.22,34.96,32.06,11.25,219.49,0.05,0.93,0.0
3504.0,2024-02-13,16:12:42,3504.0,24.23,22.34,65.62,11.07,219.38,21.8,70.61,11.54,21.8,70.61,35.06,31.81,11.23,34.93,32.09,11.24,219.38,0.05,0.93,0.0
3505.0,2024-02-13,16:12:43,3505.0,24.23,22.34,65.62,11.07,219.36,21.8,70.61,11.54,21.8,70.61,35.06,31.81,11.23,34.93,32.09,11.24,219.36,0.05,0.92,0.0
3506.0,2024-02-13,16:12:44,3506.0,24.26,22.36,65.6,11.08,219.41,21.83,70.55,11.54,21.83,70.55,35.03,31.95,11.26,34.96,32.08,11.26,219.41,0.05,0.93,0.0
3507.0,2024-02-13,16:12:45,3507.0,24.26,22.36,65.6,11.08,219.05,21.83,70.55,11.54,21.83,70.55,35.03,31.95,11.26,34.96,32.08,11.26,219.05,0.05,0.93,0.0
3508.0,2024-02-13,16:12:46,3508.0,24.26,22.36,65.6,11.08,219.14,21.83,70.55,11.54,21.83,70.55,35.03,31.95,11.26,34.96,32.08,11.26,219.14,0.05,0.93,0.0
3509.0,2024-02-13,16:12:47,3509.0,24.26,22.36,65.6,11.08,219.14,21.83,70.55,11.54,21.83,70.55,35.03,31.95,11.26,34.96,32.08,11.26,219.14,0.05,0.93,0.0
3510.0,2024-02-13,16:12:48,3510.0,24.29,22.37,65.58,11.08,219.17,21.84,70.52,11.55,21.84,70.52,35.07,31.86,11.25,34.96,32.08,11.26,219.17,0.05,0.93,0.0
3511.0,2024-02-13,16:12:49,3511.0,24.29,22.37,65.58,11.08,219.03,21.84,70.52,11.55,21.84,70.52,35.07,31.86,11.25,34.96,32.08,11.26,219.03,0.05,0.93,0.0
3512.0,2024-02-13,16:12:50,3512.0,24.29,22.37,65.58,11.08,219.09,21.84,70.52,11.55,21.84,70.52,35.07,31.86,11.25,34.96,32.08,11.26,219.09,0.05,0.93,0.0
3513.0,2024-02-13,16:12:51,3513.0,24.3,22.38,65.52,11.08,218.92,21.83,70.56,11.55,21.83,70.56,35.16,31.62,11.22,34.95,32.05,11.24,218.92,0.05,0.92,0.0
3514.0,2024-02-13,16:12:52,3514.0,24.3,22.38,65.52,11.08,218.99,21.83,70.56,11.55,21.83,70.56,35.16,31.62,11.22,34.95,32.05,11.24,218.99,0.05,0.92,0.0
3515.0,2024-02-13,16:12:53,3515.0,24.3,22.38,65.52,11.08,219.18,21.83,70.56,11.55,21.83,70.56,35.16,31.62,11.22,34.95,32.05,11.24,219.18,0.05,0.92,0.0
3516.0,2024-02-13,16:12:54,3516.0,24.3,22.39,65.49,11.08,219.01,21.85,70.47,11.55,21.85,70.47,35.21,31.5,11.21,34.96,32.09,11.26,219.01,0.05,0.92,0.0
3517.0,2024-02-13,16:12:55,3517.0,24.3,22.39,65.49,11.08,219.4,21.85,70.47,11.55,21.85,70.47,35.21,31.5,11.21,34.96,32.09,11.26,219.4,0.05,0.92,0.0
3518.0,2024-02-13,16:12:56,3518.0,24.3,22.39,65.49,11.08,219.35,21.85,70.47,11.55,21.85,70.47,35.21,31.5,11.21,34.96,32.09,11.26,219.35,0.05,0.92,0.0
3519.0,2024-02-13,16:12:57,3519.0,24.3,22.4,65.42,11.08,219.42,21.86,70.44,11.55,21.86,70.44,35.31,31.23,11.17,34.95,32.1,11.26,219.42,0.05,0.92,0.0
3520.0,2024-02-13,16:12:58,3520.0,24.3,22.4,65.42,11.08,219.38,21.86,70.44,11.55,21.86,70.44,35.31,31.23,11.17,34.95,32.1,11.26,219.38,0.05,0.92,0.0
3521.0,2024-02-13,16:12:59,3521.0,24.32,22.41,65.4,11.08,219.39,21.88,70.39,11.55,21.88,70.39,35.41,30.95,11.13,34.97,32.09,11.27,219.39,0.05,0.92,0.0
3522.0,2024-02-13,16:13:00,3522.0,24.32,22.41,65.4,11.08,219.35,21.88,70.39,11.55,21.88,70.39,35.41,30.95,11.13,34.97,32.09,11.27,219.35,0.05,0.92,0.0
3523.0,2024-02-13,16:13:01,3523.0,24.32,22.41,65.4,11.08,219.49,21.88,70.39,11.55,21.88,70.39,35.41,30.95,11.13,34.97,32.09,11.27,219.49,0.05,0.92,0.0
3524.0,2024-02-13,16:13:02,3524.0,24.32,22.41,65.4,11.08,219.32,21.88,70.39,11.55,21.88,70.39,35.41,30.95,11.13,34.97,32.09,11.27,219.32,0.05,0.92,0.0
3525.0,2024-02-13,16:13:03,3525.0,24.34,22.42,65.38,11.08,219.39,21.88,70.36,11.55,21.88,70.36,35.59,30.48,11.07,34.97,32.09,11.27,219.39,0.05,0.92,0.0
3526.0,2024-02-13,16:13:04,3526.0,24.34,22.42,65.38,11.08,219.34,21.88,70.36,11.55,21.88,70.36,35.59,30.48,11.07,34.97,32.09,11.27,219.34,0.05,0.92,0.0
3527.0,2024-02-13,16:13:05,3527.0,24.34,22.42,65.38,11.08,219.45,21.88,70.36,11.55,21.88,70.36,35.59,30.48,11.07,34.97,32.09,11.27,219.45,0.05,0.92,0.0
3528.0,2024-02-13,16:13:06,3528.0,24.35,22.43,65.38,11.09,219.34,21.89,70.33,11.55,21.89,70.33,35.68,30.27,11.05,34.96,32.11,11.27,219.34,0.05,0.92,0.0
3529.0,2024-02-13,16:13:07,3529.0,24.35,22.43,65.38,11.09,219.4,21.89,70.33,11.55,21.89,70.33,35.68,30.27,11.05,34.96,32.11,11.27,219.4,0.05,0.92,0.0
3530.0,2024-02-13,16:13:08,3530.0,24.35,22.43,65.38,11.09,219.36,21.89,70.33,11.55,21.89,70.33,35.68,30.27,11.05,34.96,32.11,11.27,219.36,0.05,0.92,0.0
3531.0,2024-02-13,16:13:09,3531.0,24.37,22.43,65.33,11.09,219.33,21.89,70.33,11.55,21.89,70.33,35.77,30.11,11.05,34.96,32.13,11.27,219.33,0.05,0.92,0.0
3532.0,2024-02-13,16:13:10,3532.0,24.37,22.43,65.33,11.09,219.34,21.89,70.33,11.55,21.89,70.33,35.77,30.11,11.05,34.96,32.13,11.27,219.34,0.05,0.92,0.0
3533.0,2024-02-13,16:13:11,3533.0,24.37,22.43,65.33,11.09,219.42,21.89,70.33,11.55,21.89,70.33,35.77,30.11,11.05,34.96,32.13,11.27,219.42,0.05,0.92,0.0
3534.0,2024-02-13,16:13:12,3534.0,24.37,22.45,65.31,11.09,219.51,21.9,70.29,11.55,21.9,70.29,35.78,30.16,11.07,34.96,32.15,11.28,219.51,0.05,0.92,0.0
3535.0,2024-02-13,16:13:13,3535.0,24.37,22.45,65.31,11.09,219.42,21.9,70.29,11.55,21.9,70.29,35.78,30.16,11.07,34.96,32.15,11.28,219.42,0.05,0.92,0.0
3536.0,2024-02-13,16:13:14,3536.0,24.38,22.45,65.32,11.1,219.34,21.92,70.27,11.56,21.92,70.27,35.71,30.46,11.14,34.97,32.15,11.29,219.34,0.05,0.92,0.0
3537.0,2024-02-13,16:13:15,3537.0,24.38,22.45,65.32,11.1,219.35,21.92,70.27,11.56,21.92,70.27,35.71,30.46,11.14,34.97,32.15,11.29,219.35,0.05,0.92,0.0
3538.0,2024-02-13,16:13:16,3538.0,24.38,22.45,65.32,11.1,219.06,21.92,70.27,11.56,21.92,70.27,35.71,30.46,11.14,34.97,32.15,11.29,219.06,0.05,0.92,0.0
3539.0,2024-02-13,16:13:17,3539.0,24.38,22.45,65.32,11.1,219.03,21.92,70.27,11.56,21.92,70.27,35.71,30.46,11.14,34.97,32.15,11.29,219.03,0.05,0.92,0.0
3540.0,2024-02-13,16:13:18,3540.0,24.4,22.46,65.32,11.1,218.96,21.92,70.24,11.56,21.92,70.24,35.6,30.83,11.21,34.98,32.14,11.29,218.96,0.05,0.92,0.0
3541.0,2024-02-13,16:13:19,3541.0,24.4,22.46,65.32,11.1,219.09,21.92,70.24,11.56,21.92,70.24,35.6,30.83,11.21,34.98,32.14,11.29,219.09,0.05,0.92,0.0
3542.0,2024-02-13,16:13:20,3542.0,24.4,22.45,65.35,11.1,219.04,21.91,70.29,11.56,21.91,70.29,35.5,31.12,11.25,34.95,32.16,11.28,219.04,0.05,0.92,0.0
3543.0,2024-02-13,16:13:21,3543.0,24.4,22.45,65.35,11.1,219.06,21.91,70.29,11.56,21.91,70.29,35.5,31.12,11.25,34.95,32.16,11.28,219.06,0.05,0.92,0.0
3544.0,2024-02-13,16:13:22,3544.0,24.4,22.45,65.35,11.1,219.05,21.91,70.29,11.56,21.91,70.29,35.5,31.12,11.25,34.95,32.16,11.28,219.05,0.05,0.92,0.0
3545.0,2024-02-13,16:13:23,3545.0,24.4,22.45,65.35,11.1,218.76,21.91,70.29,11.56,21.91,70.29,35.5,31.12,11.25,34.95,32.16,11.28,218.76,0.05,0.92,0.0
3546.0,2024-02-13,16:13:24,3546.0,24.42,22.46,65.36,11.11,218.67,21.93,70.23,11.57,21.93,70.23,35.55,31.02,11.25,34.98,32.15,11.29,218.67,0.05,0.92,0.0
3547.0,2024-02-13,16:13:25,3547.0,24.42,22.46,65.36,11.11,218.67,21.93,70.23,11.57,21.93,70.23,35.55,31.02,11.25,34.98,32.15,11.29,218.67,0.05,0.92,0.0
3548.0,2024-02-13,16:13:26,3548.0,24.42,22.46,65.36,11.11,218.31,21.93,70.23,11.57,21.93,70.23,35.55,31.02,11.25,34.98,32.15,11.29,218.31,0.05,0.92,0.0
3549.0,2024-02-13,16:13:27,3549.0,24.41,22.46,65.35,11.11,218.42,21.93,70.23,11.57,21.93,70.23,35.48,31.19,11.26,34.97,32.16,11.29,218.42,0.05,0.92,0.0
3550.0,2024-02-13,16:13:28,3550.0,24.41,22.46,65.35,11.11,218.33,21.93,70.23,11.57,21.93,70.23,35.48,31.19,11.26,34.97,32.16,11.29,218.33,0.05,0.92,0.0
3551.0,2024-02-13,16:13:29,3551.0,24.41,22.46,65.35,11.11,218.41,21.93,70.23,11.57,21.93,70.23,35.48,31.19,11.26,34.97,32.16,11.29,218.41,0.05,0.92,0.0
3552.0,2024-02-13,16:13:30,3552.0,24.41,22.47,65.32,11.11,218.37,21.94,70.19,11.57,21.94,70.19,35.35,31.56,11.32,34.98,32.15,11.29,218.37,0.05,0.92,0.0
3553.0,2024-02-13,16:13:31,3553.0,24.41,22.47,65.32,11.11,218.83,21.94,70.19,11.57,21.94,70.19,35.35,31.56,11.32,34.98,32.15,11.29,218.83,0.05,0.92,0.0
3554.0,2024-02-13,16:13:32,3554.0,24.41,22.47,65.32,11.11,218.64,21.94,70.19,11.57,21.94,70.19,35.35,31.56,11.32,34.98,32.15,11.29,218.64,0.05,0.92,0.0
3555.0,2024-02-13,16:13:33,3555.0,24.41,22.48,65.34,11.12,218.75,21.95,70.18,11.57,21.95,70.18,35.29,31.75,11.34,34.98,32.14,11.29,218.75,0.05,0.92,0.0
3556.0,2024-02-13,16:13:34,3556.0,24.41,22.48,65.34,11.12,219.12,21.95,70.18,11.57,21.95,70.18,35.29,31.75,11.34,34.98,32.14,11.29,219.12,0.04,0.92,0.0
3557.0,2024-02-13,16:13:35,3557.0,24.41,22.48,65.34,11.12,219.05,21.95,70.18,11.57,21.95,70.18,35.29,31.75,11.34,34.98,32.14,11.29,219.05,0.04,0.92,0.0
3558.0,2024-02-13,16:13:36,3558.0,24.42,22.48,65.33,11.12,219.02,21.96,70.17,11.57,21.96,70.17,35.26,31.81,11.35,34.99,32.13,11.29,219.02,0.05,0.92,0.0
3559.0,2024-02-13,16:13:37,3559.0,24.42,22.48,65.33,11.12,219.05,21.96,70.17,11.57,21.96,70.17,35.26,31.81,11.35,34.99,32.13,11.29,219.05,0.05,0.92,0.0
3560.0,2024-02-13,16:13:38,3560.0,24.42,22.48,65.33,11.12,218.68,21.96,70.17,11.57,21.96,70.17,35.26,31.81,11.35,34.99,32.13,11.29,218.68,0.04,0.92,0.0
3561.0,2024-02-13,16:13:39,3561.0,24.45,22.5,65.31,11.12,218.72,21.97,70.17,11.58,21.97,70.17,35.37,31.54,11.32,35.01,32.12,11.3,218.72,0.05,0.92,0.0
3562.0,2024-02-13,16:13:40,3562.0,24.45,22.5,65.31,11.12,218.68,21.97,70.17,11.58,21.97,70.17,35.37,31.54,11.32,35.01,32.12,11.3,218.68,0.05,0.92,0.0
3563.0,2024-02-13,16:13:41,3563.0,24.45,22.5,65.31,11.12,218.79,21.97,70.17,11.58,21.97,70.17,35.37,31.54,11.32,35.01,32.12,11.3,218.79,0.05,0.92,0.0
3564.0,2024-02-13,16:13:42,3564.0,24.46,22.5,65.29,11.12,218.72,21.97,70.16,11.58,21.97,70.16,35.34,31.6,11.33,35,32.12,11.3,218.72,0.05,0.92,0.0
3565.0,2024-02-13,16:13:43,3565.0,24.46,22.5,65.29,11.12,218.75,21.97,70.16,11.58,21.97,70.16,35.34,31.6,11.33,35,32.12,11.3,218.75,0.05,0.92,0.0
3566.0,2024-02-13,16:13:44,3566.0,24.46,22.5,65.29,11.12,218.7,21.97,70.16,11.58,21.97,70.16,35.34,31.6,11.33,35,32.12,11.3,218.7,0.05,0.92,0.0
3567.0,2024-02-13,16:13:45,3567.0,24.46,22.51,65.26,11.12,218.75,21.98,70.14,11.58,21.98,70.14,35.24,31.9,11.37,35,32.13,11.3,218.75,0.05,0.92,0.0
3568.0,2024-02-13,16:13:46,3568.0,24.46,22.51,65.26,11.12,218.62,21.98,70.14,11.58,21.98,70.14,35.24,31.9,11.37,35,32.13,11.3,218.62,0.05,0.92,0.0
3569.0,2024-02-13,16:13:47,3569.0,24.46,22.51,65.26,11.12,218.73,21.98,70.14,11.58,21.98,70.14,35.24,31.9,11.37,35,32.13,11.3,218.73,0.05,0.92,0.0
3570.0,2024-02-13,16:13:48,3570.0,24.48,22.53,65.23,11.13,218.66,21.99,70.14,11.59,21.99,70.14,35.05,32.5,11.46,35.02,32.07,11.29,218.66,0.05,0.91,0.0
3571.0,2024-02-13,16:13:49,3571.0,24.48,22.53,65.23,11.13,218.64,21.99,70.14,11.59,21.99,70.14,35.05,32.5,11.46,35.02,32.07,11.29,218.64,0.05,0.91,0.0
3572.0,2024-02-13,16:13:50,3572.0,24.48,22.53,65.23,11.13,219.09,21.99,70.14,11.59,21.99,70.14,35.05,32.5,11.46,35.02,32.07,11.29,219.09,0.05,0.92,0.0
3573.0,2024-02-13,16:13:51,3573.0,24.48,22.52,65.25,11.13,219,21.99,70.11,11.59,21.99,70.11,34.9,32.88,11.51,35.01,32.11,11.3,219,0.05,0.92,0.0
3574.0,2024-02-13,16:13:52,3574.0,24.48,22.52,65.25,11.13,219.07,21.99,70.11,11.59,21.99,70.11,34.9,32.88,11.51,35.01,32.11,11.3,219.07,0.05,0.92,0.0
3575.0,2024-02-13,16:13:53,3575.0,24.48,22.53,65.25,11.13,219.09,22,70.1,11.59,22,70.1,34.87,32.96,11.52,35.02,32.1,11.3,219.09,0.05,0.92,0.0
3576.0,2024-02-13,16:13:54,3576.0,24.48,22.53,65.25,11.13,219.06,22,70.1,11.59,22,70.1,34.87,32.96,11.52,35.02,32.1,11.3,219.06,0.05,0.92,0.0
3577.0,2024-02-13,16:13:55,3577.0,24.48,22.53,65.25,11.13,219.49,22,70.1,11.59,22,70.1,34.87,32.96,11.52,35.02,32.1,11.3,219.49,0.05,0.92,0.0
3578.0,2024-02-13,16:13:56,3578.0,24.48,22.53,65.25,11.13,219.41,22,70.1,11.59,22,70.1,34.87,32.96,11.52,35.02,32.1,11.3,219.41,0.05,0.92,0.0
3579.0,2024-02-13,16:13:57,3579.0,24.48,22.54,65.2,11.13,219.43,22,70.13,11.6,22,70.13,34.95,32.76,11.5,35.01,32.1,11.3,219.43,0.05,0.92,0.0
3580.0,2024-02-13,16:13:58,3580.0,24.48,22.54,65.2,11.13,219.36,22,70.13,11.6,22,70.13,34.95,32.76,11.5,35.01,32.1,11.3,219.36,0.05,0.91,0.0
3581.0,2024-02-13,16:13:59,3581.0,24.48,22.54,65.2,11.13,219.33,22,70.13,11.6,22,70.13,34.95,32.76,11.5,35.01,32.1,11.3,219.33,0.05,0.91,0.0
3582.0,2024-02-13,16:14:00,3582.0,24.46,22.55,65.19,11.14,219.31,21.99,70.13,11.59,21.99,70.13,35.06,32.47,11.46,34.98,32.13,11.29,219.31,0.05,0.91,0.0
3583.0,2024-02-13,16:14:01,3583.0,24.46,22.55,65.19,11.14,219.67,21.99,70.13,11.59,21.99,70.13,35.06,32.47,11.46,34.98,32.13,11.29,219.67,0.04,0.91,0.0
3584.0,2024-02-13,16:14:02,3584.0,24.46,22.55,65.19,11.14,219.74,21.99,70.13,11.59,21.99,70.13,35.06,32.47,11.46,34.98,32.13,11.29,219.74,0.04,0.91,0.0
3585.0,2024-02-13,16:14:03,3585.0,24.48,22.56,65.15,11.14,219.8,22.03,70,11.6,22.03,70,35.22,32,11.39,35.03,32.1,11.31,219.8,0.05,0.92,0.0
3586.0,2024-02-13,16:14:04,3586.0,24.48,22.56,65.15,11.14,219.64,22.03,70,11.6,22.03,70,35.22,32,11.39,35.03,32.1,11.31,219.64,0.05,0.92,0.0
3587.0,2024-02-13,16:14:05,3587.0,24.48,22.56,65.15,11.14,219.78,22.03,70,11.6,22.03,70,35.22,32,11.39,35.03,32.1,11.31,219.78,0.05,0.92,0.0
3588.0,2024-02-13,16:14:06,3588.0,24.5,22.57,65.14,11.14,219.79,22.04,69.98,11.6,22.04,69.98,35.34,31.66,11.35,35.04,32.1,11.32,219.79,0.05,0.92,0.0
3589.0,2024-02-13,16:14:07,3589.0,24.5,22.57,65.14,11.14,219.75,22.04,69.98,11.6,22.04,69.98,35.34,31.66,11.35,35.04,32.1,11.32,219.75,0.05,0.92,0.0
3590.0,2024-02-13,16:14:08,3590.0,24.5,22.57,65.13,11.15,219.68,22.05,69.97,11.61,22.05,69.97,35.42,31.44,11.32,35.04,32.1,11.32,219.68,0.05,0.92,0.0
3591.0,2024-02-13,16:14:09,3591.0,24.5,22.57,65.13,11.15,219.73,22.05,69.97,11.61,22.05,69.97,35.42,31.44,11.32,35.04,32.1,11.32,219.73,0.05,0.92,0.0
3592.0,2024-02-13,16:14:10,3592.0,24.5,22.57,65.13,11.15,219.74,22.05,69.97,11.61,22.05,69.97,35.42,31.44,11.32,35.04,32.1,11.32,219.74,0.05,0.92,0.0
3593.0,2024-02-13,16:14:11,3593.0,24.5,22.57,65.13,11.15,219.79,22.05,69.97,11.61,22.05,69.97,35.42,31.44,11.32,35.04,32.1,11.32,219.79,0.05,0.92,0.0
3594.0,2024-02-13,16:14:12,3594.0,24.5,22.58,65.11,11.15,219.33,22.06,69.94,11.61,22.06,69.94,35.47,31.29,11.3,35.05,32.11,11.32,219.33,0.05,0.92,0.0
3595.0,2024-02-13,16:14:13,3595.0,24.5,22.58,65.11,11.15,219.39,22.06,69.94,11.61,22.06,69.94,35.47,31.29,11.3,35.05,32.11,11.32,219.39,0.05,0.92,0.0
3596.0,2024-02-13,16:14:14,3596.0,24.5,22.58,65.11,11.15,219.37,22.06,69.94,11.61,22.06,69.94,35.47,31.29,11.3,35.05,32.11,11.32,219.37,0.05,0.92,0.0
3597.0,2024-02-13,16:14:15,3597.0,24.49,22.58,65.08,11.14,219.47,22.06,69.94,11.61,22.06,69.94,35.44,31.36,11.3,35.04,32.12,11.32,219.47,0.05,0.92,0.0
3598.0,2024-02-13,16:14:16,3598.0,24.49,22.58,65.08,11.14,219.41,22.06,69.94,11.61,22.06,69.94,35.44,31.36,11.3,35.04,32.12,11.32,219.41,0.05,0.92,0.0
3599.0,2024-02-13,16:14:17,3599.0,24.49,22.58,65.08,11.14,219.45,22.06,69.94,11.61,22.06,69.94,35.44,31.36,11.3,35.04,32.12,11.32,219.45,0.05,0.92,0.0
3600.0,2024-02-13,16:14:18,3600.0,24.49,22.6,65.05,11.15,219.33,22.07,69.93,11.61,22.07,69.93,35.44,31.38,11.31,35.05,32.12,11.33,219.33,0.05,0.92,0.0
3601.0,2024-02-13,16:14:19,3601.0,24.49,22.6,65.05,11.15,218.99,22.07,69.93,11.61,22.07,69.93,35.44,31.38,11.31,35.05,32.12,11.33,218.99,0.05,0.91,0.0
3602.0,2024-02-13,16:14:20,3602.0,24.49,22.6,65.05,11.15,219.03,22.07,69.93,11.61,22.07,69.93,35.44,31.38,11.31,35.05,32.12,11.33,219.03,0.05,0.91,0.0
3603.0,2024-02-13,16:14:21,3603.0,24.5,22.6,65.08,11.15,219.03,22.07,69.91,11.61,22.07,69.91,35.43,31.39,11.31,35.05,32.13,11.33,219.03,0.05,0.91,0.0
3604.0,2024-02-13,16:14:22,3604.0,24.5,22.6,65.08,11.15,219.15,22.07,69.91,11.61,22.07,69.91,35.43,31.39,11.31,35.05,32.13,11.33,219.15,0.05,0.91,0.0
3605.0,2024-02-13,16:14:23,3605.0,24.5,22.6,65.08,11.15,219.02,22.07,69.91,11.61,22.07,69.91,35.43,31.39,11.31,35.05,32.13,11.33,219.02,0.05,0.91,0.0
3606.0,2024-02-13,16:14:24,3606.0,24.51,22.6,65.05,11.15,219.02,22.08,69.88,11.61,22.08,69.88,35.31,31.73,11.35,35.05,32.13,11.33,219.02,0.05,0.91,0.0
3607.0,2024-02-13,16:14:25,3607.0,24.51,22.6,65.05,11.15,219.06,22.08,69.88,11.61,22.08,69.88,35.31,31.73,11.35,35.05,32.13,11.33,219.06,0.05,0.91,0.0
3608.0,2024-02-13,16:14:26,3608.0,24.51,22.6,65.05,11.15,219.11,22.08,69.88,11.61,22.08,69.88,35.31,31.73,11.35,35.05,32.13,11.33,219.11,0.05,0.91,0.0
3609.0,2024-02-13,16:14:27,3609.0,24.52,22.61,65.04,11.15,219.47,22.08,69.86,11.61,22.08,69.86,35.23,31.92,11.37,35.04,32.14,11.33,219.47,0.05,0.91,0.0
3610.0,2024-02-13,16:14:28,3610.0,24.52,22.61,65.04,11.15,219.38,22.08,69.86,11.61,22.08,69.86,35.23,31.92,11.37,35.04,32.14,11.33,219.38,0.05,0.91,0.0
3611.0,2024-02-13,16:14:29,3611.0,24.52,22.61,65.04,11.15,219.39,22.08,69.86,11.61,22.08,69.86,35.23,31.92,11.37,35.04,32.14,11.33,219.39,0.05,0.91,0.0
3612.0,2024-02-13,16:14:30,3612.0,24.54,22.62,65,11.16,219.41,22.1,69.83,11.62,22.1,69.83,35.3,31.78,11.36,35.05,32.13,11.33,219.41,0.05,0.91,0.0
3613.0,2024-02-13,16:14:31,3613.0,24.54,22.62,65,11.16,219.76,22.1,69.83,11.62,22.1,69.83,35.3,31.78,11.36,35.05,32.13,11.33,219.76,0.05,0.92,0.0
3614.0,2024-02-13,16:14:32,3614.0,24.54,22.62,65,11.16,219.46,22.1,69.83,11.62,22.1,69.83,35.3,31.78,11.36,35.05,32.13,11.33,219.46,0.05,0.91,0.0
3615.0,2024-02-13,16:14:33,3615.0,24.54,22.63,64.97,11.16,219.42,22.1,69.81,11.61,22.1,69.81,35.33,31.71,11.36,35.05,32.12,11.33,219.42,0.05,0.91,0.0
3616.0,2024-02-13,16:14:34,3616.0,24.54,22.63,64.97,11.16,219.42,22.1,69.81,11.61,22.1,69.81,35.33,31.71,11.36,35.05,32.12,11.33,219.42,0.05,0.91,0.0
3617.0,2024-02-13,16:14:35,3617.0,24.55,22.63,64.93,11.15,219.44,22.1,69.83,11.62,22.1,69.83,35.28,31.89,11.39,35.05,32.11,11.32,219.44,0.05,0.91,0.0
3618.0,2024-02-13,16:14:36,3618.0,24.55,22.63,64.93,11.15,219.36,22.1,69.83,11.62,22.1,69.83,35.28,31.89,11.39,35.05,32.11,11.32,219.36,0.05,0.91,0.0
3619.0,2024-02-13,16:14:37,3619.0,24.55,22.63,64.93,11.15,219.37,22.1,69.83,11.62,22.1,69.83,35.28,31.89,11.39,35.05,32.11,11.32,219.37,0.05,0.91,0.0
3620.0,2024-02-13,16:14:38,3620.0,24.55,22.63,64.93,11.15,218.98,22.1,69.83,11.62,22.1,69.83,35.28,31.89,11.39,35.05,32.11,11.32,218.98,0.05,0.91,0.0
3621.0,2024-02-13,16:14:39,3621.0,24.55,22.64,64.95,11.16,219.08,22.11,69.79,11.62,22.11,69.79,35.18,32.23,11.45,35.05,32.1,11.33,219.08,0.05,0.91,0.0
3622.0,2024-02-13,16:14:40,3622.0,24.55,22.64,64.95,11.16,219.05,22.11,69.79,11.62,22.11,69.79,35.18,32.23,11.45,35.05,32.1,11.33,219.05,0.05,0.91,0.0
3623.0,2024-02-13,16:14:41,3623.0,24.55,22.64,64.95,11.16,219.38,22.11,69.79,11.62,22.11,69.79,35.18,32.23,11.45,35.05,32.1,11.33,219.38,0.05,0.91,0.0
3624.0,2024-02-13,16:14:42,3624.0,24.55,22.64,64.94,11.16,219.4,22.12,69.77,11.62,22.12,69.77,35.11,32.45,11.49,35.06,32.09,11.32,219.4,0.05,0.91,0.0
3625.0,2024-02-13,16:14:43,3625.0,24.55,22.64,64.94,11.16,219.09,22.12,69.77,11.62,22.12,69.77,35.11,32.45,11.49,35.06,32.09,11.32,219.09,0.05,0.91,0.0
3626.0,2024-02-13,16:14:44,3626.0,24.55,22.64,64.94,11.16,219.12,22.12,69.77,11.62,22.12,69.77,35.11,32.45,11.49,35.06,32.09,11.32,219.12,0.05,0.91,0.0
3627.0,2024-02-13,16:14:45,3627.0,24.54,22.65,64.92,11.16,219.07,22.12,69.76,11.62,22.12,69.76,35.1,32.5,11.5,35.06,32.08,11.32,219.07,0.05,0.91,0.0
3628.0,2024-02-13,16:14:46,3628.0,24.54,22.65,64.92,11.16,219.12,22.12,69.76,11.62,22.12,69.76,35.1,32.5,11.5,35.06,32.08,11.32,219.12,0.05,0.91,0.0
3629.0,2024-02-13,16:14:47,3629.0,24.54,22.65,64.92,11.16,219.02,22.12,69.76,11.62,22.12,69.76,35.1,32.5,11.5,35.06,32.08,11.32,219.02,0.05,0.91,0.0
3630.0,2024-02-13,16:14:48,3630.0,24.54,22.65,64.89,11.16,218.68,22.13,69.73,11.62,22.13,69.73,35.1,32.54,11.51,35.07,32.07,11.32,218.68,0.05,0.91,0.0
3631.0,2024-02-13,16:14:49,3631.0,24.54,22.65,64.89,11.16,218.63,22.13,69.73,11.62,22.13,69.73,35.1,32.54,11.51,35.07,32.07,11.32,218.63,0.05,0.91,0.0
3632.0,2024-02-13,16:14:50,3632.0,24.54,22.66,64.86,11.16,218.69,22.14,69.69,11.62,22.14,69.69,35.08,32.6,11.52,35.07,32.07,11.32,218.69,0.05,0.91,0.0
3633.0,2024-02-13,16:14:51,3633.0,24.54,22.66,64.86,11.16,218.64,22.14,69.69,11.62,22.14,69.69,35.08,32.6,11.52,35.07,32.07,11.32,218.64,0.05,0.91,0.0
3634.0,2024-02-13,16:14:52,3634.0,24.54,22.66,64.86,11.16,218.7,22.14,69.69,11.62,22.14,69.69,35.08,32.6,11.52,35.07,32.07,11.32,218.7,0.05,0.91,0.0
3635.0,2024-02-13,16:14:53,3635.0,24.54,22.66,64.86,11.16,218.71,22.14,69.69,11.62,22.14,69.69,35.08,32.6,11.52,35.07,32.07,11.32,218.71,0.05,0.91,0.0
3636.0,2024-02-13,16:14:54,3636.0,24.55,22.67,64.82,11.16,218.32,22.14,69.7,11.63,22.14,69.7,35.19,32.29,11.48,35.07,32.07,11.33,218.32,0.05,0.9,0.0
3637.0,2024-02-13,16:14:55,3637.0,24.55,22.67,64.82,11.16,218.02,22.14,69.7,11.63,22.14,69.7,35.19,32.29,11.48,35.07,32.07,11.33,218.02,0.05,0.9,0.0
3638.0,2024-02-13,16:14:56,3638.0,24.55,22.67,64.82,11.16,217.96,22.14,69.7,11.63,22.14,69.7,35.19,32.29,11.48,35.07,32.07,11.33,217.96,0.05,0.9,0.0
3639.0,2024-02-13,16:14:57,3639.0,24.56,22.68,64.8,11.16,218.31,22.15,69.65,11.63,22.15,69.65,35.34,31.88,11.43,35.08,32.07,11.33,218.31,0.05,0.9,0.0
3640.0,2024-02-13,16:14:58,3640.0,24.56,22.68,64.8,11.16,218.35,22.15,69.65,11.63,22.15,69.65,35.34,31.88,11.43,35.08,32.07,11.33,218.35,0.05,0.91,0.0
3641.0,2024-02-13,16:14:59,3641.0,24.56,22.68,64.8,11.16,218.77,22.15,69.65,11.63,22.15,69.65,35.34,31.88,11.43,35.08,32.07,11.33,218.77,0.05,0.91,0.0
3642.0,2024-02-13,16:15:00,3642.0,24.56,22.69,64.74,11.16,218.74,22.16,69.62,11.63,22.16,69.62,35.4,31.7,11.4,35.08,32.07,11.33,218.74,0.05,0.91,0.0
3643.0,2024-02-13,16:15:01,3643.0,24.56,22.69,64.74,11.16,218.72,22.16,69.62,11.63,22.16,69.62,35.4,31.7,11.4,35.08,32.07,11.33,218.72,0.05,0.91,0.0
3644.0,2024-02-13,16:15:02,3644.0,24.56,22.69,64.74,11.16,218.67,22.16,69.62,11.63,22.16,69.62,35.4,31.7,11.4,35.08,32.07,11.33,218.67,0.05,0.91,0.0
3645.0,2024-02-13,16:15:03,3645.0,24.56,22.7,64.74,11.16,218.78,22.17,69.6,11.63,22.17,69.6,35.41,31.67,11.39,35.08,32.07,11.33,218.78,0.05,0.91,0.0
3646.0,2024-02-13,16:15:04,3646.0,24.56,22.7,64.74,11.16,218.75,22.17,69.6,11.63,22.17,69.6,35.41,31.67,11.39,35.08,32.07,11.33,218.75,0.05,0.91,0.0
3647.0,2024-02-13,16:15:05,3647.0,24.55,22.7,64.71,11.16,218.84,22.18,69.58,11.63,22.18,69.58,35.43,31.57,11.37,35.09,32.07,11.34,218.84,0.05,0.91,0.0
3648.0,2024-02-13,16:15:06,3648.0,24.55,22.7,64.71,11.16,218.74,22.18,69.58,11.63,22.18,69.58,35.43,31.57,11.37,35.09,32.07,11.34,218.74,0.05,0.91,0.0
3649.0,2024-02-13,16:15:07,3649.0,24.55,22.7,64.71,11.16,218.77,22.18,69.58,11.63,22.18,69.58,35.43,31.57,11.37,35.09,32.07,11.34,218.77,0.05,0.91,0.0
3650.0,2024-02-13,16:15:08,3650.0,24.55,22.7,64.71,11.16,218.72,22.18,69.58,11.63,22.18,69.58,35.43,31.57,11.37,35.09,32.07,11.34,218.72,0.05,0.91,0.0
3651.0,2024-02-13,16:15:09,3651.0,24.55,22.71,64.68,11.16,218.75,22.18,69.56,11.63,22.18,69.56,35.45,31.53,11.37,35.09,32.07,11.34,218.75,0.05,0.91,0.0
3652.0,2024-02-13,16:15:10,3652.0,24.55,22.71,64.68,11.16,218.8,22.18,69.56,11.63,22.18,69.56,35.45,31.53,11.37,35.09,32.07,11.34,218.8,0.05,0.91,0.0
3653.0,2024-02-13,16:15:11,3653.0,24.55,22.71,64.68,11.16,218.79,22.18,69.56,11.63,22.18,69.56,35.45,31.53,11.37,35.09,32.07,11.34,218.79,0.05,0.91,0.0
3654.0,2024-02-13,16:15:12,3654.0,24.56,22.72,64.66,11.16,218.26,22.19,69.57,11.64,22.19,69.57,35.44,31.57,11.38,35.09,32.09,11.34,218.26,0.05,0.9,0.0
3655.0,2024-02-13,16:15:13,3655.0,24.56,22.72,64.66,11.16,218.36,22.19,69.57,11.64,22.19,69.57,35.44,31.57,11.38,35.09,32.09,11.34,218.36,0.05,0.9,0.0
3656.0,2024-02-13,16:15:14,3656.0,24.56,22.72,64.66,11.16,218.73,22.19,69.57,11.64,22.19,69.57,35.44,31.57,11.38,35.09,32.09,11.34,218.73,0.05,0.91,0.0
3657.0,2024-02-13,16:15:15,3657.0,24.58,22.73,64.63,11.16,218.65,22.19,69.55,11.64,22.19,69.55,35.37,31.78,11.41,35.09,32.09,11.34,218.65,0.05,0.91,0.0
3658.0,2024-02-13,16:15:16,3658.0,24.58,22.73,64.63,11.16,218.64,22.19,69.55,11.64,22.19,69.55,35.37,31.78,11.41,35.09,32.09,11.34,218.64,0.05,0.91,0.0
3659.0,2024-02-13,16:15:17,3659.0,24.58,22.73,64.63,11.16,218.78,22.19,69.55,11.64,22.19,69.55,35.37,31.78,11.41,35.09,32.09,11.34,218.78,0.05,0.91,0.0
3660.0,2024-02-13,16:15:18,3660.0,24.58,22.73,64.59,11.16,219.14,22.2,69.54,11.64,22.2,69.54,35.3,31.99,11.44,35.09,32.1,11.35,219.14,0.05,0.91,0.0
3661.0,2024-02-13,16:15:19,3661.0,24.58,22.73,64.59,11.16,219.07,22.2,69.54,11.64,22.2,69.54,35.3,31.99,11.44,35.09,32.1,11.35,219.07,0.05,0.91,0.0
3662.0,2024-02-13,16:15:20,3662.0,24.58,22.73,64.59,11.16,219.06,22.2,69.54,11.64,22.2,69.54,35.3,31.99,11.44,35.09,32.1,11.35,219.06,0.05,0.91,0.0
3663.0,2024-02-13,16:15:21,3663.0,24.59,22.74,64.59,11.17,218.71,22.2,69.54,11.64,22.2,69.54,35.35,31.85,11.42,35.09,32.1,11.35,218.71,0.05,0.9,0.0
3664.0,2024-02-13,16:15:22,3664.0,24.59,22.74,64.59,11.17,219.06,22.2,69.54,11.64,22.2,69.54,35.35,31.85,11.42,35.09,32.1,11.35,219.06,0.05,0.91,0.0
3665.0,2024-02-13,16:15:23,3665.0,24.59,22.74,64.59,11.17,219.08,22.2,69.54,11.64,22.2,69.54,35.35,31.85,11.42,35.09,32.1,11.35,219.08,0.05,0.91,0.0
3666.0,2024-02-13,16:15:24,3666.0,24.59,22.75,64.57,11.17,219,22.21,69.54,11.65,22.21,69.54,35.38,31.73,11.4,35.09,32.09,11.35,219,0.05,0.9,0.0
3667.0,2024-02-13,16:15:25,3667.0,24.59,22.75,64.57,11.17,218.97,22.21,69.54,11.65,22.21,69.54,35.38,31.73,11.4,35.09,32.09,11.35,218.97,0.05,0.9,0.0
3668.0,2024-02-13,16:15:26,3668.0,24.6,22.76,64.54,11.17,219.01,22.21,69.54,11.65,22.21,69.54,35.36,31.81,11.41,35.09,32.08,11.34,219.01,0.05,0.9,0.0
3669.0,2024-02-13,16:15:27,3669.0,24.6,22.76,64.54,11.17,219.04,22.21,69.54,11.65,22.21,69.54,35.36,31.81,11.41,35.09,32.08,11.34,219.04,0.05,0.9,0.0
3670.0,2024-02-13,16:15:28,3670.0,24.6,22.76,64.54,11.17,218.97,22.21,69.54,11.65,22.21,69.54,35.36,31.81,11.41,35.09,32.08,11.34,218.97,0.05,0.9,0.0
3671.0,2024-02-13,16:15:29,3671.0,24.6,22.76,64.54,11.17,219.11,22.21,69.54,11.65,22.21,69.54,35.36,31.81,11.41,35.09,32.08,11.34,219.11,0.05,0.9,0.0
3672.0,2024-02-13,16:15:30,3672.0,24.61,22.76,64.53,11.17,218.98,22.22,69.52,11.65,22.22,69.52,35.31,31.96,11.44,35.09,32.08,11.34,218.98,0.05,0.9,0.0
3673.0,2024-02-13,16:15:31,3673.0,24.61,22.76,64.53,11.17,219.01,22.22,69.52,11.65,22.22,69.52,35.31,31.96,11.44,35.09,32.08,11.34,219.01,0.05,0.9,0.0
3674.0,2024-02-13,16:15:32,3674.0,24.61,22.76,64.53,11.17,219.04,22.22,69.52,11.65,22.22,69.52,35.31,31.96,11.44,35.09,32.08,11.34,219.04,0.05,0.9,0.0
3675.0,2024-02-13,16:15:33,3675.0,24.61,22.77,64.49,11.17,219,22.22,69.49,11.65,22.22,69.49,35.21,32.29,11.49,35.09,32.09,11.34,219,0.05,0.9,0.0
3676.0,2024-02-13,16:15:34,3676.0,24.61,22.77,64.49,11.17,219.07,22.22,69.49,11.65,22.22,69.49,35.21,32.29,11.49,35.09,32.09,11.34,219.07,0.05,0.9,0.0
3677.0,2024-02-13,16:15:35,3677.0,24.61,22.77,64.49,11.17,218.98,22.22,69.49,11.65,22.22,69.49,35.21,32.29,11.49,35.09,32.09,11.34,218.98,0.05,0.9,0.0
3678.0,2024-02-13,16:15:36,3678.0,24.6,22.77,64.49,11.17,219,22.22,69.52,11.65,22.22,69.52,35.13,32.52,11.53,35.08,32.11,11.34,219,0.05,0.9,0.0
3679.0,2024-02-13,16:15:37,3679.0,24.6,22.77,64.49,11.17,218.93,22.22,69.52,11.65,22.22,69.52,35.13,32.52,11.53,35.08,32.11,11.34,218.93,0.05,0.9,0.0
3680.0,2024-02-13,16:15:38,3680.0,24.6,22.77,64.49,11.17,218.66,22.22,69.52,11.65,22.22,69.52,35.13,32.52,11.53,35.08,32.11,11.34,218.66,0.05,0.9,0.0
3681.0,2024-02-13,16:15:39,3681.0,24.6,22.78,64.44,11.17,218.62,22.24,69.45,11.65,22.24,69.45,35.01,32.89,11.58,35.1,32.12,11.36,218.62,0.05,0.9,0.0
3682.0,2024-02-13,16:15:40,3682.0,24.6,22.78,64.44,11.17,218.67,22.24,69.45,11.65,22.24,69.45,35.01,32.89,11.58,35.1,32.12,11.36,218.67,0.05,0.9,0.0
3683.0,2024-02-13,16:15:41,3683.0,24.6,22.78,64.44,11.17,218.78,22.24,69.45,11.65,22.24,69.45,35.01,32.89,11.58,35.1,32.12,11.36,218.78,0.05,0.9,0.0
3684.0,2024-02-13,16:15:42,3684.0,24.6,22.79,64.46,11.17,218.69,22.24,69.44,11.65,22.24,69.44,34.77,33.56,11.67,35.1,32.15,11.37,218.69,0.05,0.9,0.0
3685.0,2024-02-13,16:15:43,3685.0,24.6,22.79,64.46,11.17,218.77,22.24,69.44,11.65,22.24,69.44,34.77,33.56,11.67,35.1,32.15,11.37,218.77,0.05,0.9,0.0
3686.0,2024-02-13,16:15:44,3686.0,24.6,22.79,64.46,11.17,218.78,22.24,69.44,11.65,22.24,69.44,34.77,33.56,11.67,35.1,32.15,11.37,218.78,0.05,0.9,0.0
3687.0,2024-02-13,16:15:45,3687.0,24.6,22.79,64.46,11.17,219.06,22.24,69.46,11.65,22.24,69.46,34.72,33.66,11.66,35.08,32.18,11.37,219.06,0.05,0.9,0.0
3688.0,2024-02-13,16:15:46,3688.0,24.6,22.79,64.46,11.17,218.97,22.24,69.46,11.65,22.24,69.46,34.72,33.66,11.66,35.08,32.18,11.37,218.97,0.05,0.9,0.0
3689.0,2024-02-13,16:15:47,3689.0,24.6,22.79,64.46,11.17,219,22.24,69.46,11.65,22.24,69.46,34.72,33.66,11.66,35.08,32.18,11.37,219,0.05,0.9,0.0
3690.0,2024-02-13,16:15:48,3690.0,24.6,22.8,64.45,11.18,219.05,22.25,69.46,11.67,22.25,69.46,34.62,33.95,11.7,35.09,32.19,11.38,219.05,0.05,0.9,0.0
3691.0,2024-02-13,16:15:49,3691.0,24.6,22.8,64.45,11.18,219.03,22.25,69.46,11.67,22.25,69.46,34.62,33.95,11.7,35.09,32.19,11.38,219.03,0.05,0.9,0.0
3692.0,2024-02-13,16:15:50,3692.0,24.6,22.8,64.45,11.18,219.41,22.25,69.46,11.67,22.25,69.46,34.62,33.95,11.7,35.09,32.19,11.38,219.41,0.05,0.91,0.0
3693.0,2024-02-13,16:15:51,3693.0,24.57,22.79,64.46,11.18,219.37,22.24,69.49,11.66,22.24,69.49,34.57,33.99,11.69,35.06,32.21,11.37,219.37,0.05,0.9,0.0
3694.0,2024-02-13,16:15:52,3694.0,24.57,22.79,64.46,11.18,219.31,22.24,69.49,11.66,22.24,69.49,34.57,33.99,11.69,35.06,32.21,11.37,219.31,0.05,0.9,0.0
3695.0,2024-02-13,16:15:53,3695.0,24.57,22.79,64.46,11.18,219.38,22.24,69.49,11.66,22.24,69.49,34.57,33.99,11.69,35.06,32.21,11.37,219.38,0.05,0.9,0.0
3696.0,2024-02-13,16:15:54,3696.0,24.59,22.81,64.44,11.19,219.36,22.26,69.46,11.67,22.26,69.46,34.73,33.55,11.63,35.09,32.19,11.38,219.36,0.05,0.9,0.0
3697.0,2024-02-13,16:15:55,3697.0,24.59,22.81,64.44,11.19,219.45,22.26,69.46,11.67,22.26,69.46,34.73,33.55,11.63,35.09,32.19,11.38,219.45,0.05,0.9,0.0
3698.0,2024-02-13,16:15:56,3698.0,24.59,22.81,64.44,11.19,219.39,22.26,69.46,11.67,22.26,69.46,34.73,33.55,11.63,35.09,32.19,11.38,219.39,0.05,0.9,0.0
3699.0,2024-02-13,16:15:57,3699.0,24.59,22.81,64.43,11.19,219.76,22.25,69.51,11.67,22.25,69.51,34.86,33.18,11.58,35.07,32.19,11.37,219.76,0.05,0.9,0.0
3700.0,2024-02-13,16:15:58,3700.0,24.59,22.81,64.43,11.19,219.76,22.25,69.51,11.67,22.25,69.51,34.86,33.18,11.58,35.07,32.19,11.37,219.76,0.05,0.9,0.0
3701.0,2024-02-13,16:15:59,3701.0,24.62,22.83,64.43,11.2,219.71,22.27,69.46,11.68,22.27,69.46,35,32.83,11.55,35.11,32.17,11.38,219.71,0.05,0.9,0.0
3702.0,2024-02-13,16:16:00,3702.0,24.62,22.83,64.43,11.2,219.65,22.27,69.46,11.68,22.27,69.46,35,32.83,11.55,35.11,32.17,11.38,219.65,0.05,0.9,0.0
3703.0,2024-02-13,16:16:01,3703.0,24.62,22.83,64.43,11.2,219.42,22.27,69.46,11.68,22.27,69.46,35,32.83,11.55,35.11,32.17,11.38,219.42,0.05,0.9,0.0
3704.0,2024-02-13,16:16:02,3704.0,24.62,22.83,64.43,11.2,219.42,22.27,69.46,11.68,22.27,69.46,35,32.83,11.55,35.11,32.17,11.38,219.42,0.05,0.9,0.0
3705.0,2024-02-13,16:16:03,3705.0,24.63,22.83,64.42,11.2,219.43,22.28,69.44,11.68,22.28,69.44,35.14,32.48,11.52,35.11,32.15,11.38,219.43,0.05,0.9,0.0
3706.0,2024-02-13,16:16:04,3706.0,24.63,22.83,64.42,11.2,219.37,22.28,69.44,11.68,22.28,69.44,35.14,32.48,11.52,35.11,32.15,11.38,219.37,0.05,0.9,0.0
3707.0,2024-02-13,16:16:05,3707.0,24.63,22.83,64.42,11.2,219.02,22.28,69.44,11.68,22.28,69.44,35.14,32.48,11.52,35.11,32.15,11.38,219.02,0.05,0.9,0.0
3708.0,2024-02-13,16:16:06,3708.0,24.63,22.83,64.42,11.2,219.16,22.28,69.41,11.68,22.28,69.41,35.13,32.52,11.53,35.12,32.14,11.38,219.16,0.05,0.9,0.0
3709.0,2024-02-13,16:16:07,3709.0,24.63,22.83,64.42,11.2,219.39,22.28,69.41,11.68,22.28,69.41,35.13,32.52,11.53,35.12,32.14,11.38,219.39,0.05,0.9,0.0
3710.0,2024-02-13,16:16:08,3710.0,24.63,22.83,64.42,11.2,219.37,22.28,69.41,11.68,22.28,69.41,35.13,32.52,11.53,35.12,32.14,11.38,219.37,0.05,0.9,0.0
3711.0,2024-02-13,16:16:09,3711.0,24.64,22.84,64.4,11.2,219.34,22.29,69.39,11.68,22.29,69.39,35.14,32.51,11.53,35.12,32.13,11.38,219.34,0.05,0.9,0.0
3712.0,2024-02-13,16:16:10,3712.0,24.64,22.84,64.4,11.2,219.4,22.29,69.39,11.68,22.29,69.39,35.14,32.51,11.53,35.12,32.13,11.38,219.4,0.05,0.9,0.0
3713.0,2024-02-13,16:16:11,3713.0,24.64,22.84,64.4,11.2,219.45,22.29,69.39,11.68,22.29,69.39,35.14,32.51,11.53,35.12,32.13,11.38,219.45,0.05,0.9,0.0
3714.0,2024-02-13,16:16:12,3714.0,24.63,22.85,64.4,11.21,219.42,22.3,69.37,11.68,22.3,69.37,35.1,32.6,11.54,35.12,32.12,11.37,219.42,0.05,0.9,0.0
3715.0,2024-02-13,16:16:13,3715.0,24.63,22.85,64.4,11.21,219.4,22.3,69.37,11.68,22.3,69.37,35.1,32.6,11.54,35.12,32.12,11.37,219.4,0.05,0.9,0.0
3716.0,2024-02-13,16:16:14,3716.0,24.63,22.85,64.4,11.21,219.46,22.3,69.37,11.68,22.3,69.37,35.1,32.6,11.54,35.12,32.12,11.37,219.46,0.05,0.9,0.0
3717.0,2024-02-13,16:16:15,3717.0,24.63,22.85,64.34,11.2,219.39,22.3,69.33,11.68,22.3,69.33,35.02,32.81,11.56,35.13,32.1,11.37,219.39,0.05,0.9,0.0
3718.0,2024-02-13,16:16:16,3718.0,24.63,22.85,64.34,11.2,219.43,22.3,69.33,11.68,22.3,69.33,35.02,32.81,11.56,35.13,32.1,11.37,219.43,0.05,0.9,0.0
3719.0,2024-02-13,16:16:17,3719.0,24.63,22.85,64.34,11.2,219.4,22.3,69.33,11.68,22.3,69.33,35.02,32.81,11.56,35.13,32.1,11.37,219.4,0.05,0.9,0.0
3720.0,2024-02-13,16:16:18,3720.0,24.63,22.86,64.31,11.2,219.52,22.31,69.31,11.68,22.31,69.31,34.98,32.92,11.57,35.13,32.1,11.37,219.52,0.05,0.9,0.0
3721.0,2024-02-13,16:16:19,3721.0,24.63,22.86,64.31,11.2,219.33,22.31,69.31,11.68,22.31,69.31,34.98,32.92,11.57,35.13,32.1,11.37,219.33,0.05,0.9,0.0
3722.0,2024-02-13,16:16:20,3722.0,24.63,22.86,64.29,11.2,219.45,22.31,69.3,11.68,22.31,69.3,34.91,33.14,11.6,35.13,32.09,11.37,219.45,0.05,0.9,0.0
3723.0,2024-02-13,16:16:21,3723.0,24.63,22.86,64.29,11.2,219.36,22.31,69.3,11.68,22.31,69.3,34.91,33.14,11.6,35.13,32.09,11.37,219.36,0.05,0.9,0.0
3724.0,2024-02-13,16:16:22,3724.0,24.63,22.86,64.29,11.2,219.51,22.31,69.3,11.68,22.31,69.3,34.91,33.14,11.6,35.13,32.09,11.37,219.51,0.05,0.9,0.0
3725.0,2024-02-13,16:16:23,3725.0,24.63,22.86,64.29,11.2,219.33,22.31,69.3,11.68,22.31,69.3,34.91,33.14,11.6,35.13,32.09,11.37,219.33,0.05,0.9,0.0
3726.0,2024-02-13,16:16:24,3726.0,24.64,22.87,64.25,11.2,219.12,22.32,69.27,11.68,22.32,69.27,34.85,33.33,11.63,35.13,32.08,11.37,219.12,0.05,0.9,0.0
3727.0,2024-02-13,16:16:25,3727.0,24.64,22.87,64.25,11.2,218.69,22.32,69.27,11.68,22.32,69.27,34.85,33.33,11.63,35.13,32.08,11.37,218.69,0.05,0.89,0.0
3728.0,2024-02-13,16:16:26,3728.0,24.64,22.87,64.25,11.2,218.37,22.32,69.27,11.68,22.32,69.27,34.85,33.33,11.63,35.13,32.08,11.37,218.37,0.05,0.89,0.0
3729.0,2024-02-13,16:16:27,3729.0,24.65,22.87,64.23,11.19,218.35,22.32,69.24,11.68,22.32,69.24,34.79,33.49,11.65,35.13,32.07,11.36,218.35,0.05,0.89,0.0
3730.0,2024-02-13,16:16:28,3730.0,24.65,22.87,64.23,11.19,218.29,22.32,69.24,11.68,22.32,69.24,34.79,33.49,11.65,35.13,32.07,11.36,218.29,0.05,0.89,0.0
3731.0,2024-02-13,16:16:29,3731.0,24.66,22.88,64.26,11.2,218.4,22.33,69.22,11.68,22.33,69.22,34.73,33.64,11.67,35.13,32.06,11.36,218.4,0.05,0.89,0.0
3732.0,2024-02-13,16:16:30,3732.0,24.66,22.88,64.26,11.2,218.46,22.33,69.22,11.68,22.33,69.22,34.73,33.64,11.67,35.13,32.06,11.36,218.46,0.05,0.89,0.0
3733.0,2024-02-13,16:16:31,3733.0,24.66,22.88,64.26,11.2,218.3,22.33,69.22,11.68,22.33,69.22,34.73,33.64,11.67,35.13,32.06,11.36,218.3,0.05,0.89,0.0
3734.0,2024-02-13,16:16:32,3734.0,24.66,22.88,64.26,11.2,218.33,22.33,69.22,11.68,22.33,69.22,34.73,33.64,11.67,35.13,32.06,11.36,218.33,0.05,0.89,0.0
3735.0,2024-02-13,16:16:33,3735.0,24.66,22.88,64.24,11.2,218.7,22.34,69.2,11.68,22.34,69.2,34.74,33.63,11.66,35.13,32.06,11.36,218.7,0.05,0.89,0.0
3736.0,2024-02-13,16:16:34,3736.0,24.66,22.88,64.24,11.2,218.56,22.34,69.2,11.68,22.34,69.2,34.74,33.63,11.66,35.13,32.06,11.36,218.56,0.05,0.89,0.0
3737.0,2024-02-13,16:16:35,3737.0,24.65,22.88,64.22,11.2,218.67,22.34,69.16,11.68,22.34,69.16,34.79,33.46,11.64,35.13,32.05,11.36,218.67,0.05,0.89,0.0
3738.0,2024-02-13,16:16:36,3738.0,24.65,22.88,64.22,11.2,219.12,22.34,69.16,11.68,22.34,69.16,34.79,33.46,11.64,35.13,32.05,11.36,219.12,0.05,0.89,0.0
3739.0,2024-02-13,16:16:37,3739.0,24.65,22.88,64.22,11.2,218.71,22.34,69.16,11.68,22.34,69.16,34.79,33.46,11.64,35.13,32.05,11.36,218.71,0.05,0.89,0.0
3740.0,2024-02-13,16:16:38,3740.0,24.65,22.88,64.22,11.2,218.67,22.34,69.16,11.68,22.34,69.16,34.79,33.46,11.64,35.13,32.05,11.36,218.67,0.05,0.89,0.0
3741.0,2024-02-13,16:16:39,3741.0,24.66,22.88,64.23,11.2,218.4,22.35,69.14,11.68,22.35,69.14,34.78,33.51,11.65,35.13,32.05,11.36,218.4,0.05,0.89,0.0
3742.0,2024-02-13,16:16:40,3742.0,24.66,22.88,64.23,11.2,218.3,22.35,69.14,11.68,22.35,69.14,34.78,33.51,11.65,35.13,32.05,11.36,218.3,0.05,0.89,0.0
3743.0,2024-02-13,16:16:41,3743.0,24.66,22.88,64.23,11.2,218.31,22.35,69.14,11.68,22.35,69.14,34.78,33.51,11.65,35.13,32.05,11.36,218.31,0.05,0.89,0.0
3744.0,2024-02-13,16:16:42,3744.0,24.66,22.89,64.22,11.2,218.4,22.35,69.1,11.68,22.35,69.1,34.85,33.29,11.62,35.14,32.05,11.36,218.4,0.05,0.89,0.0
3745.0,2024-02-13,16:16:43,3745.0,24.66,22.89,64.22,11.2,218.39,22.35,69.1,11.68,22.35,69.1,34.85,33.29,11.62,35.14,32.05,11.36,218.39,0.05,0.89,0.0
3746.0,2024-02-13,16:16:44,3746.0,24.65,22.9,64.17,11.2,218.39,22.36,69.07,11.68,22.36,69.07,34.87,33.26,11.62,35.14,32.05,11.36,218.39,0.05,0.89,0.0
3747.0,2024-02-13,16:16:45,3747.0,24.65,22.9,64.17,11.2,218.37,22.36,69.07,11.68,22.36,69.07,34.87,33.26,11.62,35.14,32.05,11.36,218.37,0.05,0.89,0.0
3748.0,2024-02-13,16:16:46,3748.0,24.65,22.9,64.17,11.2,218.64,22.36,69.07,11.68,22.36,69.07,34.87,33.26,11.62,35.14,32.05,11.36,218.64,0.05,0.89,0.0
3749.0,2024-02-13,16:16:47,3749.0,24.65,22.9,64.17,11.2,218.65,22.36,69.07,11.68,22.36,69.07,34.87,33.26,11.62,35.14,32.05,11.36,218.65,0.05,0.89,0.0
3750.0,2024-02-13,16:16:48,3750.0,24.64,22.9,64.14,11.2,218.68,22.37,69.04,11.68,22.37,69.04,34.87,33.3,11.64,35.14,32.04,11.36,218.68,0.05,0.89,0.0
3751.0,2024-02-13,16:16:49,3751.0,24.64,22.9,64.14,11.2,218.74,22.37,69.04,11.68,22.37,69.04,34.87,33.3,11.64,35.14,32.04,11.36,218.74,0.05,0.89,0.0
3752.0,2024-02-13,16:16:50,3752.0,24.65,22.91,64.13,11.2,218.75,22.37,69.01,11.68,22.37,69.01,34.87,33.34,11.65,35.14,32.05,11.36,218.75,0.05,0.89,0.0
3753.0,2024-02-13,16:16:51,3753.0,24.65,22.91,64.13,11.2,219.11,22.37,69.01,11.68,22.37,69.01,34.87,33.34,11.65,35.14,32.05,11.36,219.11,0.05,0.89,0.0
3754.0,2024-02-13,16:16:52,3754.0,24.65,22.91,64.13,11.2,218.74,22.37,69.01,11.68,22.37,69.01,34.87,33.34,11.65,35.14,32.05,11.36,218.74,0.05,0.89,0.0
3755.0,2024-02-13,16:16:53,3755.0,24.65,22.91,64.13,11.2,218.63,22.37,69.01,11.68,22.37,69.01,34.87,33.34,11.65,35.14,32.05,11.36,218.63,0.05,0.89,0.0
3756.0,2024-02-13,16:16:54,3756.0,24.64,22.92,64.07,11.2,218.69,22.38,68.99,11.68,22.38,68.99,34.84,33.47,11.68,35.14,32.04,11.36,218.69,0.05,0.89,0.0
3757.0,2024-02-13,16:16:55,3757.0,24.64,22.92,64.07,11.2,218.97,22.38,68.99,11.68,22.38,68.99,34.84,33.47,11.68,35.14,32.04,11.36,218.97,0.05,0.89,0.0
3758.0,2024-02-13,16:16:56,3758.0,24.64,22.92,64.07,11.2,218.96,22.38,68.99,11.68,22.38,68.99,34.84,33.47,11.68,35.14,32.04,11.36,218.96,0.05,0.89,0.0
3759.0,2024-02-13,16:16:57,3759.0,24.65,22.93,64.02,11.2,219.08,22.39,68.97,11.68,22.39,68.97,34.88,33.38,11.67,35.14,32.04,11.36,219.08,0.05,0.89,0.0
3760.0,2024-02-13,16:16:58,3760.0,24.65,22.93,64.02,11.2,219.12,22.39,68.97,11.68,22.39,68.97,34.88,33.38,11.67,35.14,32.04,11.36,219.12,0.05,0.89,0.0
3761.0,2024-02-13,16:16:59,3761.0,24.65,22.93,64.02,11.2,218.97,22.39,68.97,11.68,22.39,68.97,34.88,33.38,11.67,35.14,32.04,11.36,218.97,0.05,0.89,0.0
3762.0,2024-02-13,16:17:00,3762.0,24.66,22.94,63.99,11.19,218.79,22.39,68.94,11.68,22.39,68.94,34.92,33.26,11.66,35.15,32.04,11.36,218.79,0.05,0.89,0.0
3763.0,2024-02-13,16:17:01,3763.0,24.66,22.94,63.99,11.19,218.36,22.39,68.94,11.68,22.39,68.94,34.92,33.26,11.66,35.15,32.04,11.36,218.36,0.05,0.89,0.0
3764.0,2024-02-13,16:17:02,3764.0,24.66,22.94,63.99,11.19,218.34,22.39,68.94,11.68,22.39,68.94,34.92,33.26,11.66,35.15,32.04,11.36,218.34,0.05,0.89,0.0
3765.0,2024-02-13,16:17:03,3765.0,24.66,22.94,63.95,11.19,218.35,22.4,68.92,11.68,22.4,68.92,34.64,34.13,11.78,35.15,32.03,11.36,218.35,0.05,0.89,0.0
3766.0,2024-02-13,16:17:04,3766.0,24.66,22.94,63.95,11.19,217.98,22.4,68.92,11.68,22.4,68.92,34.64,34.13,11.78,35.15,32.03,11.36,217.98,0.05,0.89,0.0
3767.0,2024-02-13,16:17:05,3767.0,24.66,22.95,63.92,11.19,218.09,22.4,68.89,11.68,22.4,68.89,33.86,36.52,12.07,35.15,32.03,11.36,218.09,0.05,0.89,0.0
3768.0,2024-02-13,16:17:06,3768.0,24.66,22.95,63.92,11.19,217.95,22.4,68.89,11.68,22.4,68.89,33.86,36.52,12.07,35.15,32.03,11.36,217.95,0.05,0.89,0.0
3769.0,2024-02-13,16:17:07,3769.0,24.66,22.95,63.92,11.19,218.06,22.4,68.89,11.68,22.4,68.89,33.86,36.52,12.07,35.15,32.03,11.36,218.06,0.05,0.89,0.0
3770.0,2024-02-13,16:17:08,3770.0,24.66,22.95,63.92,11.19,218.02,22.4,68.89,11.68,22.4,68.89,33.86,36.52,12.07,35.15,32.03,11.36,218.02,0.05,0.89,0.0
3771.0,2024-02-13,16:17:09,3771.0,24.63,22.95,63.88,11.19,217.99,22.41,68.87,11.68,22.41,68.87,32.87,39.47,12.35,35.15,32.01,11.35,217.99,0.05,0.89,0.0
3772.0,2024-02-13,16:17:10,3772.0,24.63,22.95,63.88,11.19,218.1,22.41,68.87,11.68,22.41,68.87,32.87,39.47,12.35,35.15,32.01,11.35,218.1,0.05,0.89,0.0
3773.0,2024-02-13,16:17:11,3773.0,24.56,22.94,63.88,11.18,218.34,22.39,68.87,11.66,22.39,68.87,31.85,42.42,12.53,35.1,32.03,11.33,218.34,0.05,0.89,0.0
3774.0,2024-02-13,16:17:12,3774.0,24.56,22.94,63.88,11.18,218.44,22.39,68.87,11.66,22.39,68.87,31.85,42.42,12.53,35.1,32.03,11.33,218.44,0.05,0.88,0.0
3775.0,2024-02-13,16:17:13,3775.0,24.56,22.94,63.88,11.18,218.31,22.39,68.87,11.66,22.39,68.87,31.85,42.42,12.53,35.1,32.03,11.33,218.31,0.05,0.88,0.0
3776.0,2024-02-13,16:17:14,3776.0,24.56,22.94,63.88,11.18,218.33,22.39,68.87,11.66,22.39,68.87,31.85,42.42,12.53,35.1,32.03,11.33,218.33,0.05,0.88,0.0
3777.0,2024-02-13,16:17:15,3777.0,24.54,22.96,63.87,11.19,218.27,22.41,68.82,11.67,22.41,68.82,30.94,45.14,12.67,35.14,32.01,11.35,218.27,0.05,0.89,0.0
3778.0,2024-02-13,16:17:16,3778.0,24.54,22.96,63.87,11.19,218.35,22.41,68.82,11.67,22.41,68.82,30.94,45.14,12.67,35.14,32.01,11.35,218.35,0.05,0.89,0.0
3779.0,2024-02-13,16:17:17,3779.0,24.5,22.97,63.85,11.19,218.61,22.42,68.8,11.68,22.42,68.8,30.05,47.79,12.75,35.15,31.99,11.35,218.61,0.05,0.89,0.0
3780.0,2024-02-13,16:17:18,3780.0,24.5,22.97,63.85,11.19,218.71,22.42,68.8,11.68,22.42,68.8,30.05,47.79,12.75,35.15,31.99,11.35,218.71,0.05,0.89,0.0
3781.0,2024-02-13,16:17:19,3781.0,24.5,22.97,63.85,11.19,218.67,22.42,68.8,11.68,22.42,68.8,30.05,47.79,12.75,35.15,31.99,11.35,218.67,0.05,0.89,0.0
3782.0,2024-02-13,16:17:20,3782.0,24.5,22.97,63.85,11.19,218.67,22.42,68.8,11.68,22.42,68.8,30.05,47.79,12.75,35.15,31.99,11.35,218.67,0.05,0.89,0.0
3783.0,2024-02-13,16:17:21,3783.0,24.44,22.96,63.83,11.19,218.65,22.42,68.8,11.67,22.42,68.8,29.24,50.2,12.78,35.14,32,11.34,218.65,0.05,0.89,0.0
3784.0,2024-02-13,16:17:22,3784.0,24.44,22.96,63.83,11.19,218.73,22.42,68.8,11.67,22.42,68.8,29.24,50.2,12.78,35.14,32,11.34,218.73,0.05,0.89,0.0
3785.0,2024-02-13,16:17:23,3785.0,24.44,22.96,63.83,11.19,218.76,22.42,68.8,11.67,22.42,68.8,29.24,50.2,12.78,35.14,32,11.34,218.76,0.05,0.89,0.0
3786.0,2024-02-13,16:17:24,3786.0,24.37,22.97,63.8,11.18,218.67,22.43,68.78,11.67,22.43,68.78,28.54,52.38,12.81,35.15,31.99,11.35,218.67,0.05,0.89,0.0
3787.0,2024-02-13,16:17:25,3787.0,24.37,22.97,63.8,11.18,218.75,22.43,68.78,11.67,22.43,68.78,28.54,52.38,12.81,35.15,31.99,11.35,218.75,0.05,0.89,0.0
3788.0,2024-02-13,16:17:26,3788.0,24.3,22.98,63.77,11.19,218.66,22.43,68.76,11.68,22.43,68.76,27.89,54.44,12.82,35.16,31.98,11.35,218.66,0.05,0.89,0.0
3789.0,2024-02-13,16:17:27,3789.0,24.3,22.98,63.77,11.19,218.64,22.43,68.76,11.68,22.43,68.76,27.89,54.44,12.82,35.16,31.98,11.35,218.64,0.05,0.89,0.0
3790.0,2024-02-13,16:17:28,3790.0,24.3,22.98,63.77,11.19,218.81,22.43,68.76,11.68,22.43,68.76,27.89,54.44,12.82,35.16,31.98,11.35,218.81,0.05,0.89,0.0
3791.0,2024-02-13,16:17:29,3791.0,24.3,22.98,63.77,11.19,218.68,22.43,68.76,11.68,22.43,68.76,27.89,54.44,12.82,35.16,31.98,11.35,218.68,0.05,0.89,0.0
3792.0,2024-02-13,16:17:30,3792.0,24.22,22.98,63.73,11.18,219.01,22.42,68.81,11.68,22.42,68.81,27.29,56.3,12.8,35.14,31.98,11.34,219.01,0.05,0.88,0.0
3793.0,2024-02-13,16:17:31,3793.0,24.22,22.98,63.73,11.18,219.03,22.42,68.81,11.68,22.42,68.81,27.29,56.3,12.8,35.14,31.98,11.34,219.03,0.05,0.88,0.0
3794.0,2024-02-13,16:17:32,3794.0,24.15,22.99,63.69,11.18,219.02,22.43,68.75,11.67,22.43,68.75,26.8,57.78,12.76,35.15,31.97,11.34,219.02,0.05,0.88,0.0
3795.0,2024-02-13,16:17:33,3795.0,24.15,22.99,63.69,11.18,219.37,22.43,68.75,11.67,22.43,68.75,26.8,57.78,12.76,35.15,31.97,11.34,219.37,0.05,0.89,0.0
3796.0,2024-02-13,16:17:34,3796.0,24.15,22.99,63.69,11.18,219.31,22.43,68.75,11.67,22.43,68.75,26.8,57.78,12.76,35.15,31.97,11.34,219.31,0.05,0.89,0.0
3797.0,2024-02-13,16:17:35,3797.0,24.15,22.99,63.69,11.18,219.4,22.43,68.75,11.67,22.43,68.75,26.8,57.78,12.76,35.15,31.97,11.34,219.4,0.05,0.89,0.0
3798.0,2024-02-13,16:17:36,3798.0,24.1,23,63.64,11.18,219.1,22.44,68.73,11.68,22.44,68.73,26.38,59.09,12.73,35.17,31.96,11.35,219.1,0.05,0.89,0.0
3799.0,2024-02-13,16:17:37,3799.0,24.1,23,63.64,11.18,219.02,22.44,68.73,11.68,22.44,68.73,26.38,59.09,12.73,35.17,31.96,11.35,219.02,0.05,0.89,0.0
3800.0,2024-02-13,16:17:38,3800.0,24.01,23.01,63.67,11.19,218.98,22.45,68.73,11.68,22.45,68.73,26,60.27,12.69,35.17,31.96,11.35,218.98,0.05,0.89,0.0
3801.0,2024-02-13,16:17:39,3801.0,24.01,23.01,63.67,11.19,219.1,22.45,68.73,11.68,22.45,68.73,26,60.27,12.69,35.17,31.96,11.35,219.1,0.05,0.89,0.0
3802.0,2024-02-13,16:17:40,3802.0,24.01,23.01,63.67,11.19,218.99,22.45,68.73,11.68,22.45,68.73,26,60.27,12.69,35.17,31.96,11.35,218.99,0.05,0.89,0.0
3803.0,2024-02-13,16:17:41,3803.0,24.01,23.01,63.67,11.19,218.99,22.45,68.73,11.68,22.45,68.73,26,60.27,12.69,35.17,31.96,11.35,218.99,0.05,0.89,0.0
3804.0,2024-02-13,16:17:42,3804.0,23.95,23.01,63.61,11.18,219,22.45,68.71,11.68,22.45,68.71,25.65,61.28,12.64,35.17,31.96,11.35,219,0.05,0.89,0.0
3805.0,2024-02-13,16:17:43,3805.0,23.95,23.01,63.61,11.18,218.99,22.45,68.71,11.68,22.45,68.71,25.65,61.28,12.64,35.17,31.96,11.35,218.99,0.05,0.89,0.0
3806.0,2024-02-13,16:17:44,3806.0,23.89,23.01,63.62,11.18,219.05,22.44,68.68,11.67,22.44,68.68,25.34,62.18,12.6,35.18,31.96,11.35,219.05,0.05,0.89,0.0
3807.0,2024-02-13,16:17:45,3807.0,23.89,23.01,63.62,11.18,219.16,22.44,68.68,11.67,22.44,68.68,25.34,62.18,12.6,35.18,31.96,11.35,219.16,0.05,0.89,0.0
3808.0,2024-02-13,16:17:46,3808.0,23.89,23.01,63.62,11.18,218.79,22.44,68.68,11.67,22.44,68.68,25.34,62.18,12.6,35.18,31.96,11.35,218.79,0.05,0.89,0.0
3809.0,2024-02-13,16:17:47,3809.0,23.89,23.01,63.62,11.18,218.69,22.44,68.68,11.67,22.44,68.68,25.34,62.18,12.6,35.18,31.96,11.35,218.69,0.05,0.89,0.0
3810.0,2024-02-13,16:17:48,3810.0,23.85,23.01,63.62,11.18,218.75,22.44,68.7,11.67,22.44,68.7,25.07,62.92,12.54,35.18,31.96,11.35,218.75,0.05,0.89,0.0
3811.0,2024-02-13,16:17:49,3811.0,23.85,23.01,63.62,11.18,218.7,22.44,68.7,11.67,22.44,68.7,25.07,62.92,12.54,35.18,31.96,11.35,218.7,0.05,0.89,0.0
3812.0,2024-02-13,16:17:50,3812.0,23.81,23.01,63.64,11.18,218.28,22.44,68.7,11.67,22.44,68.7,24.84,63.52,12.48,35.18,31.96,11.35,218.28,0.05,0.89,0.0
3813.0,2024-02-13,16:17:51,3813.0,23.81,23.01,63.64,11.18,218.44,22.44,68.7,11.67,22.44,68.7,24.84,63.52,12.48,35.18,31.96,11.35,218.44,0.05,0.89,0.0
3814.0,2024-02-13,16:17:52,3814.0,23.81,23.01,63.64,11.18,218.38,22.44,68.7,11.67,22.44,68.7,24.84,63.52,12.48,35.18,31.96,11.35,218.38,0.05,0.89,0.0
3815.0,2024-02-13,16:17:53,3815.0,23.81,23.01,63.64,11.18,218.38,22.44,68.7,11.67,22.44,68.7,24.84,63.52,12.48,35.18,31.96,11.35,218.38,0.05,0.89,0.0
3816.0,2024-02-13,16:17:54,3816.0,23.78,23.01,63.67,11.18,218.31,22.44,68.7,11.67,22.44,68.7,24.64,64.03,12.43,35.18,31.96,11.35,218.31,0.05,0.89,0.0
3817.0,2024-02-13,16:17:55,3817.0,23.78,23.01,63.67,11.18,218.39,22.44,68.7,11.67,22.44,68.7,24.64,64.03,12.43,35.18,31.96,11.35,218.39,0.05,0.89,0.0
3818.0,2024-02-13,16:17:56,3818.0,23.75,23,63.67,11.18,218.31,22.44,68.72,11.67,22.44,68.72,24.47,64.38,12.38,35.18,31.95,11.35,218.31,0.05,0.89,0.0
3819.0,2024-02-13,16:17:57,3819.0,23.75,23,63.67,11.18,218.39,22.44,68.72,11.67,22.44,68.72,24.47,64.38,12.38,35.18,31.95,11.35,218.39,0.05,0.89,0.0
3820.0,2024-02-13,16:17:58,3820.0,23.75,23,63.67,11.18,218.33,22.44,68.72,11.67,22.44,68.72,24.47,64.38,12.38,35.18,31.95,11.35,218.33,0.05,0.89,0.0
3821.0,2024-02-13,16:17:59,3821.0,23.75,23,63.67,11.18,218.41,22.44,68.72,11.67,22.44,68.72,24.47,64.38,12.38,35.18,31.95,11.35,218.41,0.05,0.89,0.0
3822.0,2024-02-13,16:18:00,3822.0,23.73,23,63.67,11.18,218.37,22.43,68.71,11.67,22.43,68.71,24.33,64.62,12.32,35.18,31.96,11.35,218.37,0.05,0.89,0.0
3823.0,2024-02-13,16:18:01,3823.0,23.73,23,63.67,11.18,218.4,22.43,68.71,11.67,22.43,68.71,24.33,64.62,12.32,35.18,31.96,11.35,218.4,0.05,0.89,0.0
3824.0,2024-02-13,16:18:02,3824.0,23.7,23,63.71,11.19,218.33,22.43,68.72,11.67,22.43,68.72,24.21,64.86,12.27,35.18,31.96,11.35,218.33,0.05,0.89,0.0
3825.0,2024-02-13,16:18:03,3825.0,23.7,23,63.71,11.19,218.71,22.43,68.72,11.67,22.43,68.72,24.21,64.86,12.27,35.18,31.96,11.35,218.71,0.05,0.89,0.0
3826.0,2024-02-13,16:18:04,3826.0,23.7,23,63.71,11.19,219.03,22.43,68.72,11.67,22.43,68.72,24.21,64.86,12.27,35.18,31.96,11.35,219.03,0.05,0.89,0.0
3827.0,2024-02-13,16:18:05,3827.0,23.7,23,63.71,11.19,219.08,22.43,68.72,11.67,22.43,68.72,24.21,64.86,12.27,35.18,31.96,11.35,219.08,0.05,0.89,0.0
3828.0,2024-02-13,16:18:06,3828.0,23.69,23,63.71,11.19,218.99,22.43,68.71,11.66,22.43,68.71,24.08,65.11,12.23,35.18,31.96,11.35,218.99,0.05,0.89,0.0
3829.0,2024-02-13,16:18:07,3829.0,23.69,23,63.71,11.19,219.01,22.43,68.71,11.66,22.43,68.71,24.08,65.11,12.23,35.18,31.96,11.35,219.01,0.05,0.89,0.0
3830.0,2024-02-13,16:18:08,3830.0,23.69,23,63.71,11.19,219.16,22.43,68.71,11.66,22.43,68.71,24.08,65.11,12.23,35.18,31.96,11.35,219.16,0.05,0.89,0.0
3831.0,2024-02-13,16:18:09,3831.0,23.67,22.99,63.74,11.19,219.06,22.42,68.71,11.66,22.42,68.71,23.97,65.34,12.18,35.18,31.95,11.35,219.06,0.05,0.89,0.0
3832.0,2024-02-13,16:18:10,3832.0,23.67,22.99,63.74,11.19,218.97,22.42,68.71,11.66,22.42,68.71,23.97,65.34,12.18,35.18,31.95,11.35,218.97,0.05,0.89,0.0
3833.0,2024-02-13,16:18:11,3833.0,23.67,22.99,63.74,11.19,219.02,22.42,68.71,11.66,22.42,68.71,23.97,65.34,12.18,35.18,31.95,11.35,219.02,0.05,0.89,0.0
3834.0,2024-02-13,16:18:12,3834.0,23.63,22.98,63.8,11.19,219.12,22.42,68.7,11.65,22.42,68.7,23.85,65.59,12.15,35.18,31.95,11.35,219.12,0.04,0.9,0.0
3835.0,2024-02-13,16:18:13,3835.0,23.63,22.98,63.8,11.19,219.07,22.42,68.7,11.65,22.42,68.7,23.85,65.59,12.15,35.18,31.95,11.35,219.07,0.04,0.89,0.0
3836.0,2024-02-13,16:18:14,3836.0,23.63,22.98,63.8,11.19,219.11,22.42,68.7,11.65,22.42,68.7,23.85,65.59,12.15,35.18,31.95,11.35,219.11,0.04,0.9,0.0
3837.0,2024-02-13,16:18:15,3837.0,23.59,22.97,63.84,11.19,219.02,22.41,68.7,11.65,22.41,68.7,23.75,65.82,12.11,35.18,31.95,11.35,219.02,0.04,0.9,0.0
3838.0,2024-02-13,16:18:16,3838.0,23.59,22.97,63.84,11.19,219.1,22.41,68.7,11.65,22.41,68.7,23.75,65.82,12.11,35.18,31.95,11.35,219.1,0.04,0.9,0.0
3839.0,2024-02-13,16:18:17,3839.0,23.56,22.97,63.86,11.19,219.07,22.41,68.69,11.65,22.41,68.69,23.65,65.97,12.07,35.18,31.95,11.35,219.07,0.04,0.9,0.0
3840.0,2024-02-13,16:18:18,3840.0,23.56,22.97,63.86,11.19,218.98,22.41,68.69,11.65,22.41,68.69,23.65,65.97,12.07,35.18,31.95,11.35,218.98,0.04,0.9,0.0
3841.0,2024-02-13,16:18:19,3841.0,23.56,22.97,63.86,11.19,218.98,22.41,68.69,11.65,22.41,68.69,23.65,65.97,12.07,35.18,31.95,11.35,218.98,0.04,0.9,0.0
3842.0,2024-02-13,16:18:20,3842.0,23.56,22.97,63.86,11.19,219.09,22.41,68.69,11.65,22.41,68.69,23.65,65.97,12.07,35.18,31.95,11.35,219.09,0.04,0.9,0.0
3843.0,2024-02-13,16:18:21,3843.0,23.54,22.96,63.91,11.19,219.14,22.4,68.72,11.65,22.4,68.72,23.57,66.13,12.03,35.18,31.95,11.35,219.14,0.04,0.9,0.0
3844.0,2024-02-13,16:18:22,3844.0,23.54,22.96,63.91,11.19,218.97,22.4,68.72,11.65,22.4,68.72,23.57,66.13,12.03,35.18,31.95,11.35,218.97,0.04,0.9,0.0
3845.0,2024-02-13,16:18:23,3845.0,23.54,22.96,63.91,11.19,219.02,22.4,68.72,11.65,22.4,68.72,23.57,66.13,12.03,35.18,31.95,11.35,219.02,0.04,0.9,0.0
3846.0,2024-02-13,16:18:24,3846.0,23.51,22.95,63.96,11.2,219.08,22.39,68.72,11.64,22.39,68.72,23.49,66.28,12.01,35.19,31.95,11.36,219.08,0.04,0.9,0.0
3847.0,2024-02-13,16:18:25,3847.0,23.51,22.95,63.96,11.2,218.71,22.39,68.72,11.64,22.39,68.72,23.49,66.28,12.01,35.19,31.95,11.36,218.71,0.04,0.9,0.0
3848.0,2024-02-13,16:18:26,3848.0,23.51,22.95,63.96,11.2,218.72,22.39,68.72,11.64,22.39,68.72,23.49,66.28,12.01,35.19,31.95,11.36,218.72,0.04,0.9,0.0
3849.0,2024-02-13,16:18:27,3849.0,23.5,22.94,64.02,11.2,218.72,22.39,68.72,11.64,22.39,68.72,23.41,66.43,11.98,35.19,31.96,11.36,218.72,0.04,0.9,0.0
3850.0,2024-02-13,16:18:28,3850.0,23.5,22.94,64.02,11.2,218.69,22.39,68.72,11.64,22.39,68.72,23.41,66.43,11.98,35.19,31.96,11.36,218.69,0.04,0.9,0.0
3851.0,2024-02-13,16:18:29,3851.0,23.5,22.94,64.02,11.2,218.8,22.39,68.72,11.64,22.39,68.72,23.41,66.43,11.98,35.19,31.96,11.36,218.8,0.04,0.9,0.0
3852.0,2024-02-13,16:18:30,3852.0,23.48,22.93,64.09,11.21,219.06,22.38,68.73,11.64,22.38,68.73,23.34,66.57,11.95,35.19,31.96,11.36,219.06,0.04,0.9,0.0
3853.0,2024-02-13,16:18:31,3853.0,23.48,22.93,64.09,11.21,219,22.38,68.73,11.64,22.38,68.73,23.34,66.57,11.95,35.19,31.96,11.36,219,0.04,0.9,0.0
3854.0,2024-02-13,16:18:32,3854.0,23.48,22.92,64.09,11.2,219.03,22.38,68.75,11.63,22.38,68.75,23.29,66.65,11.92,35.19,31.96,11.37,219.03,0.04,0.9,0.0
3855.0,2024-02-13,16:18:33,3855.0,23.48,22.92,64.09,11.2,219.08,22.38,68.75,11.63,22.38,68.75,23.29,66.65,11.92,35.19,31.96,11.37,219.08,0.04,0.91,0.0
3856.0,2024-02-13,16:18:34,3856.0,23.48,22.92,64.09,11.2,218.71,22.38,68.75,11.63,22.38,68.75,23.29,66.65,11.92,35.19,31.96,11.37,218.71,0.04,0.9,0.0
3857.0,2024-02-13,16:18:35,3857.0,23.48,22.92,64.09,11.2,218.74,22.38,68.75,11.63,22.38,68.75,23.29,66.65,11.92,35.19,31.96,11.37,218.74,0.04,0.9,0.0
3858.0,2024-02-13,16:18:36,3858.0,23.48,22.91,64.2,11.21,218.69,22.37,68.76,11.63,22.37,68.76,23.24,66.7,11.9,35.2,31.98,11.37,218.69,0.04,0.91,0.0
3859.0,2024-02-13,16:18:37,3859.0,23.48,22.91,64.2,11.21,218.68,22.37,68.76,11.63,22.37,68.76,23.24,66.7,11.9,35.2,31.98,11.37,218.68,0.04,0.91,0.0
3860.0,2024-02-13,16:18:38,3860.0,23.47,22.9,64.29,11.22,218.41,22.36,68.78,11.63,22.36,68.78,23.2,66.7,11.87,35.2,31.99,11.38,218.41,0.04,0.9,0.0
3861.0,2024-02-13,16:18:39,3861.0,23.47,22.9,64.29,11.22,218.01,22.36,68.78,11.63,22.36,68.78,23.2,66.7,11.87,35.2,31.99,11.38,218.01,0.04,0.91,0.0
3862.0,2024-02-13,16:18:40,3862.0,23.47,22.9,64.29,11.22,218.07,22.36,68.78,11.63,22.36,68.78,23.2,66.7,11.87,35.2,31.99,11.38,218.07,0.04,0.91,0.0
3863.0,2024-02-13,16:18:41,3863.0,23.47,22.9,64.29,11.22,218.33,22.36,68.78,11.63,22.36,68.78,23.2,66.7,11.87,35.2,31.99,11.38,218.33,0.04,0.91,0.0
3864.0,2024-02-13,16:18:42,3864.0,23.48,22.89,64.34,11.22,218.36,22.36,68.79,11.63,22.36,68.79,23.17,66.67,11.84,35.2,32,11.38,218.36,0.04,0.91,0.0
3865.0,2024-02-13,16:18:43,3865.0,23.48,22.89,64.34,11.22,218.71,22.36,68.79,11.63,22.36,68.79,23.17,66.67,11.84,35.2,32,11.38,218.71,0.04,0.91,0.0
3866.0,2024-02-13,16:18:44,3866.0,23.48,22.89,64.34,11.22,218.71,22.36,68.79,11.63,22.36,68.79,23.17,66.67,11.84,35.2,32,11.38,218.71,0.04,0.91,0.0
3867.0,2024-02-13,16:18:45,3867.0,23.5,22.88,64.41,11.23,218.43,22.35,68.81,11.63,22.35,68.81,23.14,66.66,11.82,35.2,32.02,11.39,218.43,0.03,0.91,0.0
3868.0,2024-02-13,16:18:46,3868.0,23.5,22.88,64.41,11.23,218.29,22.35,68.81,11.63,22.35,68.81,23.14,66.66,11.82,35.2,32.02,11.39,218.29,0.03,0.91,0.0
3869.0,2024-02-13,16:18:47,3869.0,23.49,22.87,64.48,11.23,218.41,22.35,68.84,11.63,22.35,68.84,23.11,66.68,11.8,35.2,32.02,11.39,218.41,0.03,0.91,0.0
3870.0,2024-02-13,16:18:48,3870.0,23.49,22.87,64.48,11.23,218.38,22.35,68.84,11.63,22.35,68.84,23.11,66.68,11.8,35.2,32.02,11.39,218.38,0.03,0.91,0.0
3871.0,2024-02-13,16:18:49,3871.0,23.49,22.87,64.48,11.23,218.34,22.35,68.84,11.63,22.35,68.84,23.11,66.68,11.8,35.2,32.02,11.39,218.34,0.03,0.91,0.0
3872.0,2024-02-13,16:18:50,3872.0,23.49,22.87,64.48,11.23,218.39,22.35,68.84,11.63,22.35,68.84,23.11,66.68,11.8,35.2,32.02,11.39,218.39,0.03,0.91,0.0
3873.0,2024-02-13,16:18:51,3873.0,23.49,22.86,64.54,11.24,218.33,22.34,68.84,11.62,22.34,68.84,23.08,66.69,11.78,35.2,32.02,11.39,218.33,0.03,0.91,0.0
3874.0,2024-02-13,16:18:52,3874.0,23.49,22.86,64.54,11.24,218.38,22.34,68.84,11.62,22.34,68.84,23.08,66.69,11.78,35.2,32.02,11.39,218.38,0.03,0.91,0.0
3875.0,2024-02-13,16:18:53,3875.0,23.47,22.85,64.61,11.24,218.72,22.33,68.89,11.62,22.33,68.89,23.05,66.71,11.76,35.2,32.03,11.4,218.72,0.03,0.91,0.0
3876.0,2024-02-13,16:18:54,3876.0,23.47,22.85,64.61,11.24,218.73,22.33,68.89,11.62,22.33,68.89,23.05,66.71,11.76,35.2,32.03,11.4,218.73,0.03,0.92,0.0
3877.0,2024-02-13,16:18:55,3877.0,23.47,22.85,64.61,11.24,219.01,22.33,68.89,11.62,22.33,68.89,23.05,66.71,11.76,35.2,32.03,11.4,219.01,0.03,0.92,0.0
3878.0,2024-02-13,16:18:56,3878.0,23.47,22.85,64.61,11.24,218.61,22.33,68.89,11.62,22.33,68.89,23.05,66.71,11.76,35.2,32.03,11.4,218.61,0.03,0.91,0.0
3879.0,2024-02-13,16:18:57,3879.0,23.45,22.83,64.65,11.24,218.77,22.32,68.93,11.63,22.32,68.93,23.03,66.72,11.75,35.21,32.03,11.4,218.77,0.03,0.92,0.0
3880.0,2024-02-13,16:18:58,3880.0,23.45,22.83,64.65,11.24,218.77,22.32,68.93,11.63,22.32,68.93,23.03,66.72,11.75,35.21,32.03,11.4,218.77,0.03,0.92,0.0
3881.0,2024-02-13,16:18:59,3881.0,23.44,22.82,64.75,11.25,218.76,22.32,68.95,11.62,22.32,68.95,23.01,66.71,11.73,35.21,32.03,11.4,218.76,0.03,0.92,0.0
3882.0,2024-02-13,16:19:00,3882.0,23.44,22.82,64.75,11.25,218.72,22.32,68.95,11.62,22.32,68.95,23.01,66.71,11.73,35.21,32.03,11.4,218.72,0.03,0.92,0.0
3883.0,2024-02-13,16:19:01,3883.0,23.44,22.82,64.75,11.25,218.66,22.32,68.95,11.62,22.32,68.95,23.01,66.71,11.73,35.21,32.03,11.4,218.66,0.03,0.92,0.0
3884.0,2024-02-13,16:19:02,3884.0,23.44,22.82,64.75,11.25,219,22.32,68.95,11.62,22.32,68.95,23.01,66.71,11.73,35.21,32.03,11.4,219,0.03,0.92,0.0
3885.0,2024-02-13,16:19:03,3885.0,23.41,22.81,64.79,11.25,218.99,22.3,68.97,11.62,22.3,68.97,22.99,66.66,11.71,35.2,32.04,11.4,218.99,0.03,0.92,0.0
3886.0,2024-02-13,16:19:04,3886.0,23.41,22.81,64.79,11.25,218.99,22.3,68.97,11.62,22.3,68.97,22.99,66.66,11.71,35.2,32.04,11.4,218.99,0.03,0.92,0.0
3887.0,2024-02-13,16:19:05,3887.0,23.41,22.8,64.87,11.26,219.01,22.31,69,11.63,22.31,69,22.98,66.64,11.7,35.21,32.04,11.4,219.01,0.03,0.92,0.0
3888.0,2024-02-13,16:19:06,3888.0,23.41,22.8,64.87,11.26,219.13,22.31,69,11.63,22.31,69,22.98,66.64,11.7,35.21,32.04,11.4,219.13,0.03,0.92,0.0
3889.0,2024-02-13,16:19:07,3889.0,23.41,22.8,64.87,11.26,218.99,22.31,69,11.63,22.31,69,22.98,66.64,11.7,35.21,32.04,11.4,218.99,0.03,0.92,0.0
3890.0,2024-02-13,16:19:08,3890.0,23.41,22.8,64.87,11.26,218.71,22.31,69,11.63,22.31,69,22.98,66.64,11.7,35.21,32.04,11.4,218.71,0.03,0.92,0.0
3891.0,2024-02-13,16:19:09,3891.0,23.42,22.79,64.95,11.27,218.66,22.3,69.01,11.62,22.3,69.01,22.97,66.55,11.68,35.21,32.04,11.4,218.66,0.03,0.92,0.0
3892.0,2024-02-13,16:19:10,3892.0,23.42,22.79,64.95,11.27,218.73,22.3,69.01,11.62,22.3,69.01,22.97,66.55,11.68,35.21,32.04,11.4,218.73,0.03,0.92,0.0
3893.0,2024-02-13,16:19:11,3893.0,23.42,22.79,64.95,11.27,218.68,22.3,69.01,11.62,22.3,69.01,22.97,66.55,11.68,35.21,32.04,11.4,218.68,0.03,0.92,0.0
3894.0,2024-02-13,16:19:12,3894.0,23.43,22.78,64.97,11.26,218.76,22.29,69.05,11.62,22.29,69.05,22.97,66.49,11.66,35.21,32.04,11.4,218.76,0.03,0.92,0.0
3895.0,2024-02-13,16:19:13,3895.0,23.43,22.78,64.97,11.26,218.7,22.29,69.05,11.62,22.29,69.05,22.97,66.49,11.66,35.21,32.04,11.4,218.7,0.03,0.92,0.0
3896.0,2024-02-13,16:19:14,3896.0,23.43,22.77,65.05,11.27,218.67,22.28,69.07,11.62,22.28,69.07,22.96,66.43,11.64,35.21,32.05,11.4,218.67,0.03,0.92,0.0
3897.0,2024-02-13,16:19:15,3897.0,23.43,22.77,65.05,11.27,218.75,22.28,69.07,11.62,22.28,69.07,22.96,66.43,11.64,35.21,32.05,11.4,218.75,0.03,0.92,0.0
3898.0,2024-02-13,16:19:16,3898.0,23.43,22.77,65.05,11.27,218.74,22.28,69.07,11.62,22.28,69.07,22.96,66.43,11.64,35.21,32.05,11.4,218.74,0.03,0.92,0.0
3899.0,2024-02-13,16:19:17,3899.0,23.43,22.77,65.05,11.27,218.71,22.28,69.07,11.62,22.28,69.07,22.96,66.43,11.64,35.21,32.05,11.4,218.71,0.03,0.92,0.0
3900.0,2024-02-13,16:19:18,3900.0,23.41,22.76,65.09,11.27,218.8,22.27,69.08,11.62,22.27,69.08,22.94,66.4,11.63,35.2,32.05,11.4,218.8,0.03,0.92,0.0
3901.0,2024-02-13,16:19:19,3901.0,23.41,22.76,65.09,11.27,218.73,22.27,69.08,11.62,22.27,69.08,22.94,66.4,11.63,35.2,32.05,11.4,218.73,0.03,0.92,0.0
3902.0,2024-02-13,16:19:20,3902.0,23.41,22.75,65.13,11.27,219.11,22.27,69.1,11.62,22.27,69.1,22.94,66.37,11.62,35.2,32.06,11.41,219.11,0.03,0.92,0.0
3903.0,2024-02-13,16:19:21,3903.0,23.41,22.75,65.13,11.27,218.93,22.27,69.1,11.62,22.27,69.1,22.94,66.37,11.62,35.2,32.06,11.41,218.93,0.03,0.92,0.0
3904.0,2024-02-13,16:19:22,3904.0,23.41,22.75,65.13,11.27,218.64,22.27,69.1,11.62,22.27,69.1,22.94,66.37,11.62,35.2,32.06,11.41,218.64,0.03,0.92,0.0
3905.0,2024-02-13,16:19:23,3905.0,23.41,22.75,65.13,11.27,218.74,22.27,69.1,11.62,22.27,69.1,22.94,66.37,11.62,35.2,32.06,11.41,218.74,0.03,0.92,0.0
3906.0,2024-02-13,16:19:24,3906.0,23.4,22.74,65.17,11.27,218.33,22.26,69.13,11.62,22.26,69.13,22.93,66.35,11.61,35.2,32.07,11.4,218.33,0.03,0.92,0.0
3907.0,2024-02-13,16:19:25,3907.0,23.4,22.74,65.17,11.27,218.37,22.26,69.13,11.62,22.26,69.13,22.93,66.35,11.61,35.2,32.07,11.4,218.37,0.03,0.92,0.0
3908.0,2024-02-13,16:19:26,3908.0,23.4,22.74,65.17,11.27,218.37,22.26,69.13,11.62,22.26,69.13,22.93,66.35,11.61,35.2,32.07,11.4,218.37,0.03,0.92,0.0
3909.0,2024-02-13,16:19:27,3909.0,23.38,22.73,65.25,11.28,218.36,22.26,69.16,11.62,22.26,69.16,22.92,66.33,11.6,35.2,32.06,11.4,218.36,0.03,0.92,0.0
3910.0,2024-02-13,16:19:28,3910.0,23.38,22.73,65.25,11.28,218.38,22.26,69.16,11.62,22.26,69.16,22.92,66.33,11.6,35.2,32.06,11.4,218.38,0.03,0.92,0.0
3911.0,2024-02-13,16:19:29,3911.0,23.35,22.73,65.28,11.28,218.4,22.25,69.19,11.62,22.25,69.19,22.91,66.3,11.59,35.21,32.05,11.4,218.4,0.03,0.92,0.0
3912.0,2024-02-13,16:19:30,3912.0,23.35,22.73,65.28,11.28,218.3,22.25,69.19,11.62,22.25,69.19,22.91,66.3,11.59,35.21,32.05,11.4,218.3,0.03,0.92,0.0
3913.0,2024-02-13,16:19:31,3913.0,23.35,22.73,65.28,11.28,218.49,22.25,69.19,11.62,22.25,69.19,22.91,66.3,11.59,35.21,32.05,11.4,218.49,0.03,0.92,0.0
3914.0,2024-02-13,16:19:32,3914.0,23.35,22.73,65.28,11.28,218.3,22.25,69.19,11.62,22.25,69.19,22.91,66.3,11.59,35.21,32.05,11.4,218.3,0.03,0.92,0.0
3915.0,2024-02-13,16:19:33,3915.0,23.34,22.72,65.32,11.28,218.47,22.25,69.19,11.62,22.25,69.19,22.89,66.34,11.58,35.21,32.05,11.4,218.47,0.03,0.92,0.0
3916.0,2024-02-13,16:19:34,3916.0,23.34,22.72,65.32,11.28,218.66,22.25,69.19,11.62,22.25,69.19,22.89,66.34,11.58,35.21,32.05,11.4,218.66,0.03,0.92,0.0
3917.0,2024-02-13,16:19:35,3917.0,23.32,22.71,65.35,11.28,218.67,22.24,69.21,11.61,22.24,69.21,22.87,66.32,11.56,35.21,32.04,11.4,218.67,0.03,0.92,0.0
3918.0,2024-02-13,16:19:36,3918.0,23.32,22.71,65.35,11.28,218.77,22.24,69.21,11.61,22.24,69.21,22.87,66.32,11.56,35.21,32.04,11.4,218.77,0.03,0.93,0.0
3919.0,2024-02-13,16:19:37,3919.0,23.32,22.71,65.35,11.28,218.72,22.24,69.21,11.61,22.24,69.21,22.87,66.32,11.56,35.21,32.04,11.4,218.72,0.03,0.93,0.0
3920.0,2024-02-13,16:19:38,3920.0,23.32,22.71,65.35,11.28,218.73,22.24,69.21,11.61,22.24,69.21,22.87,66.32,11.56,35.21,32.04,11.4,218.73,0.03,0.93,0.0
3921.0,2024-02-13,16:19:39,3921.0,23.29,22.7,65.39,11.28,218.74,22.23,69.25,11.62,22.23,69.25,22.86,66.3,11.55,35.21,32.04,11.4,218.74,0.03,0.93,0.0
3922.0,2024-02-13,16:19:40,3922.0,23.29,22.7,65.39,11.28,218.79,22.23,69.25,11.62,22.23,69.25,22.86,66.3,11.55,35.21,32.04,11.4,218.79,0.03,0.93,0.0
3923.0,2024-02-13,16:19:41,3923.0,23.27,22.69,65.4,11.27,218.38,22.23,69.27,11.61,22.23,69.27,22.85,66.24,11.54,35.21,32.03,11.4,218.38,0.03,0.92,0.0
3924.0,2024-02-13,16:19:42,3924.0,23.27,22.69,65.4,11.27,218.7,22.23,69.27,11.61,22.23,69.27,22.85,66.24,11.54,35.21,32.03,11.4,218.7,0.03,0.93,0.0
3925.0,2024-02-13,16:19:43,3925.0,23.27,22.69,65.4,11.27,218.74,22.23,69.27,11.61,22.23,69.27,22.85,66.24,11.54,35.21,32.03,11.4,218.74,0.03,0.93,0.0
3926.0,2024-02-13,16:19:44,3926.0,23.27,22.69,65.4,11.27,218.58,22.23,69.27,11.61,22.23,69.27,22.85,66.24,11.54,35.21,32.03,11.4,218.58,0.03,0.93,0.0
3927.0,2024-02-13,16:19:45,3927.0,23.24,22.68,65.44,11.28,219.06,22.22,69.29,11.61,22.22,69.29,22.85,66.18,11.53,35.21,32.02,11.39,219.06,0.03,0.93,0.0
3928.0,2024-02-13,16:19:46,3928.0,23.24,22.68,65.44,11.28,219.01,22.22,69.29,11.61,22.22,69.29,22.85,66.18,11.53,35.21,32.02,11.39,219.01,0.03,0.93,0.0
3929.0,2024-02-13,16:19:47,3929.0,23.21,22.67,65.5,11.28,219.09,22.2,69.32,11.61,22.2,69.32,22.84,66.15,11.51,35.19,32.02,11.38,219.09,0.03,0.93,0.0
3930.0,2024-02-13,16:19:48,3930.0,23.21,22.67,65.5,11.28,219.06,22.2,69.32,11.61,22.2,69.32,22.84,66.15,11.51,35.19,32.02,11.38,219.06,0.03,0.93,0.0
3931.0,2024-02-13,16:19:49,3931.0,23.21,22.67,65.5,11.28,218.64,22.2,69.32,11.61,22.2,69.32,22.84,66.15,11.51,35.19,32.02,11.38,218.64,0.03,0.93,0.0
3932.0,2024-02-13,16:19:50,3932.0,23.21,22.67,65.5,11.28,218.78,22.2,69.32,11.61,22.2,69.32,22.84,66.15,11.51,35.19,32.02,11.38,218.78,0.03,0.93,0.0
3933.0,2024-02-13,16:19:51,3933.0,23.19,22.66,65.52,11.27,218.64,22.2,69.34,11.61,22.2,69.34,22.83,66.16,11.51,35.2,32,11.38,218.64,0.03,0.93,0.0
3934.0,2024-02-13,16:19:52,3934.0,23.19,22.66,65.52,11.27,218.76,22.2,69.34,11.61,22.2,69.34,22.83,66.16,11.51,35.2,32,11.38,218.76,0.03,0.93,0.0
3935.0,2024-02-13,16:19:53,3935.0,23.19,22.66,65.52,11.27,218.74,22.2,69.34,11.61,22.2,69.34,22.83,66.16,11.51,35.2,32,11.38,218.74,0.03,0.93,0.0
3936.0,2024-02-13,16:19:54,3936.0,23.16,22.65,65.56,11.28,218.74,22.17,69.38,11.59,22.17,69.38,22.81,66.22,11.5,35.15,32.02,11.35,218.74,0.02,0.92,0.0
3937.0,2024-02-13,16:19:55,3937.0,23.16,22.65,65.56,11.28,218.71,22.17,69.38,11.59,22.17,69.38,22.81,66.22,11.5,35.15,32.02,11.35,218.71,0.02,0.92,0.0
3938.0,2024-02-13,16:19:56,3938.0,23.19,22.65,65.59,11.28,219,22.2,69.36,11.61,22.2,69.36,22.81,66.25,11.5,35.22,31.97,11.38,219,0.02,0.92,0.0
3939.0,2024-02-13,16:19:57,3939.0,23.19,22.65,65.59,11.28,219.13,22.2,69.36,11.61,22.2,69.36,22.81,66.25,11.5,35.22,31.97,11.38,219.13,0.03,0.93,0.0
3940.0,2024-02-13,16:19:58,3940.0,23.19,22.65,65.59,11.28,219.05,22.2,69.36,11.61,22.2,69.36,22.81,66.25,11.5,35.22,31.97,11.38,219.05,0.03,0.93,0.0
3941.0,2024-02-13,16:19:59,3941.0,23.19,22.65,65.59,11.28,219.07,22.2,69.36,11.61,22.2,69.36,22.81,66.25,11.5,35.22,31.97,11.38,219.07,0.03,0.93,0.0
3942.0,2024-02-13,16:20:00,3942.0,23.17,22.64,65.61,11.28,219.02,22.19,69.37,11.61,22.19,69.37,22.79,66.3,11.5,35.21,31.97,11.38,219.02,0.03,0.93,0.0
3943.0,2024-02-13,16:20:01,3943.0,23.17,22.64,65.61,11.28,219.32,22.19,69.37,11.61,22.19,69.37,22.79,66.3,11.5,35.21,31.97,11.38,219.32,0.03,0.93,0.0
3944.0,2024-02-13,16:20:02,3944.0,23.16,22.64,65.62,11.27,219.32,22.18,69.39,11.6,22.18,69.39,22.78,66.3,11.49,35.22,31.93,11.37,219.32,0.03,0.93,0.0
3945.0,2024-02-13,16:20:03,3945.0,23.16,22.64,65.62,11.27,219.13,22.18,69.39,11.6,22.18,69.39,22.78,66.3,11.49,35.22,31.93,11.37,219.13,0.03,0.93,0.0
3946.0,2024-02-13,16:20:04,3946.0,23.16,22.64,65.62,11.27,219.06,22.18,69.39,11.6,22.18,69.39,22.78,66.3,11.49,35.22,31.93,11.37,219.06,0.03,0.93,0.0
3947.0,2024-02-13,16:20:05,3947.0,23.16,22.64,65.62,11.27,218.74,22.18,69.39,11.6,22.18,69.39,22.78,66.3,11.49,35.22,31.93,11.37,218.74,0.03,0.93,0.0
3948.0,2024-02-13,16:20:06,3948.0,23.15,22.63,65.63,11.27,218.69,22.18,69.41,11.6,22.18,69.41,22.77,66.26,11.48,35.21,31.94,11.37,218.69,0.03,0.93,0.0
3949.0,2024-02-13,16:20:07,3949.0,23.15,22.63,65.63,11.27,218.62,22.18,69.41,11.6,22.18,69.41,22.77,66.26,11.48,35.21,31.94,11.37,218.62,0.03,0.93,0.0
3950.0,2024-02-13,16:20:08,3950.0,23.15,22.63,65.63,11.27,218.65,22.18,69.41,11.6,22.18,69.41,22.77,66.26,11.48,35.21,31.94,11.37,218.65,0.03,0.93,0.0
3951.0,2024-02-13,16:20:09,3951.0,23.14,22.62,65.67,11.27,218.76,22.16,69.43,11.6,22.16,69.43,22.77,66.19,11.47,35.2,31.94,11.36,218.76,0.03,0.93,0.0
3952.0,2024-02-13,16:20:10,3952.0,23.14,22.62,65.67,11.27,218.73,22.16,69.43,11.6,22.16,69.43,22.77,66.19,11.47,35.2,31.94,11.36,218.73,0.03,0.93,0.0
3953.0,2024-02-13,16:20:11,3953.0,23.17,22.62,65.67,11.27,218.69,22.17,69.43,11.6,22.17,69.43,22.78,66.12,11.47,35.22,31.94,11.37,218.69,0.03,0.93,0.0
3954.0,2024-02-13,16:20:12,3954.0,23.17,22.62,65.67,11.27,218.68,22.17,69.43,11.6,22.17,69.43,22.78,66.12,11.47,35.22,31.94,11.37,218.68,0.03,0.93,0.0
3955.0,2024-02-13,16:20:13,3955.0,23.17,22.62,65.67,11.27,218.36,22.17,69.43,11.6,22.17,69.43,22.78,66.12,11.47,35.22,31.94,11.37,218.36,0.03,0.93,0.0
3956.0,2024-02-13,16:20:14,3956.0,23.17,22.62,65.67,11.27,218.35,22.17,69.43,11.6,22.17,69.43,22.78,66.12,11.47,35.22,31.94,11.37,218.35,0.03,0.93,0.0
3957.0,2024-02-13,16:20:15,3957.0,23.17,22.6,65.73,11.27,218.4,22.15,69.45,11.59,22.15,69.45,22.78,66.08,11.45,35.2,31.96,11.37,218.4,0.03,0.93,0.0
3958.0,2024-02-13,16:20:16,3958.0,23.17,22.6,65.73,11.27,218.35,22.15,69.45,11.59,22.15,69.45,22.78,66.08,11.45,35.2,31.96,11.37,218.35,0.03,0.93,0.0
3959.0,2024-02-13,16:20:17,3959.0,23.18,22.6,65.73,11.27,218.28,22.15,69.45,11.59,22.15,69.45,22.78,66.04,11.45,35.21,31.98,11.38,218.28,0.03,0.93,0.0
3960.0,2024-02-13,16:20:18,3960.0,23.18,22.6,65.73,11.27,218,22.15,69.45,11.59,22.15,69.45,22.78,66.04,11.45,35.21,31.98,11.38,218,0.03,0.93,0.0
3961.0,2024-02-13,16:20:19,3961.0,23.18,22.6,65.73,11.27,218.06,22.15,69.45,11.59,22.15,69.45,22.78,66.04,11.45,35.21,31.98,11.38,218.06,0.03,0.93,0.0
3962.0,2024-02-13,16:20:20,3962.0,23.18,22.6,65.73,11.27,218.33,22.15,69.45,11.59,22.15,69.45,22.78,66.04,11.45,35.21,31.98,11.38,218.33,0.03,0.93,0.0
3963.0,2024-02-13,16:20:21,3963.0,23.18,22.59,65.76,11.27,218.25,22.14,69.49,11.59,22.14,69.49,22.78,65.97,11.44,35.19,32.01,11.38,218.25,0.03,0.93,0.0
3964.0,2024-02-13,16:20:22,3964.0,23.18,22.59,65.76,11.27,218.68,22.14,69.49,11.59,22.14,69.49,22.78,65.97,11.44,35.19,32.01,11.38,218.68,0.03,0.93,0.0
3965.0,2024-02-13,16:20:23,3965.0,23.18,22.59,65.76,11.27,218.79,22.14,69.49,11.59,22.14,69.49,22.78,65.97,11.44,35.19,32.01,11.38,218.79,0.03,0.93,0.0
3966.0,2024-02-13,16:20:24,3966.0,23.2,22.59,65.79,11.27,218.74,22.15,69.49,11.59,22.15,69.49,22.78,66,11.44,35.21,32,11.39,218.74,0.03,0.93,0.0
3967.0,2024-02-13,16:20:25,3967.0,23.2,22.59,65.79,11.27,218.7,22.15,69.49,11.59,22.15,69.49,22.78,66,11.44,35.21,32,11.39,218.7,0.03,0.93,0.0
3968.0,2024-02-13,16:20:26,3968.0,23.2,22.58,65.79,11.26,218.68,22.14,69.49,11.59,22.14,69.49,22.77,65.99,11.43,35.2,32.01,11.39,218.68,0.03,0.93,0.0
3969.0,2024-02-13,16:20:27,3969.0,23.2,22.58,65.79,11.26,218.71,22.14,69.49,11.59,22.14,69.49,22.77,65.99,11.43,35.2,32.01,11.39,218.71,0.03,0.94,0.0
3970.0,2024-02-13,16:20:28,3970.0,23.2,22.58,65.79,11.26,218.77,22.14,69.49,11.59,22.14,69.49,22.77,65.99,11.43,35.2,32.01,11.39,218.77,0.03,0.94,0.0
3971.0,2024-02-13,16:20:29,3971.0,23.2,22.58,65.79,11.26,218.67,22.14,69.49,11.59,22.14,69.49,22.77,65.99,11.43,35.2,32.01,11.39,218.67,0.03,0.94,0.0
3972.0,2024-02-13,16:20:30,3972.0,23.18,22.58,65.82,11.27,218.69,22.13,69.52,11.59,22.13,69.52,22.75,66.06,11.43,35.2,32.02,11.39,218.69,0.03,0.94,0.0
3973.0,2024-02-13,16:20:31,3973.0,23.18,22.58,65.82,11.27,218.7,22.13,69.52,11.59,22.13,69.52,22.75,66.06,11.43,35.2,32.02,11.39,218.7,0.03,0.94,0.0
3974.0,2024-02-13,16:20:32,3974.0,23.18,22.56,65.87,11.27,218.28,22.12,69.55,11.59,22.12,69.55,22.74,66.12,11.43,35.19,32.04,11.39,218.28,0.03,0.93,0.0
3975.0,2024-02-13,16:20:33,3975.0,23.18,22.56,65.87,11.27,218.39,22.12,69.55,11.59,22.12,69.55,22.74,66.12,11.43,35.19,32.04,11.39,218.39,0.03,0.94,0.0
3976.0,2024-02-13,16:20:34,3976.0,23.18,22.56,65.87,11.27,218.42,22.12,69.55,11.59,22.12,69.55,22.74,66.12,11.43,35.19,32.04,11.39,218.42,0.03,0.94,0.0
3977.0,2024-02-13,16:20:35,3977.0,23.18,22.56,65.87,11.27,218.43,22.12,69.55,11.59,22.12,69.55,22.74,66.12,11.43,35.19,32.04,11.39,218.43,0.03,0.94,0.0
3978.0,2024-02-13,16:20:36,3978.0,23.19,22.57,65.95,11.28,218.31,22.13,69.53,11.59,22.13,69.53,22.74,66.16,11.44,35.22,32.04,11.41,218.31,0.02,0.94,0.0
3979.0,2024-02-13,16:20:37,3979.0,23.19,22.57,65.95,11.28,218.33,22.13,69.53,11.59,22.13,69.53,22.74,66.16,11.44,35.22,32.04,11.41,218.33,0.02,0.94,0.0
3980.0,2024-02-13,16:20:38,3980.0,23.19,22.57,65.95,11.28,218.36,22.13,69.53,11.59,22.13,69.53,22.74,66.16,11.44,35.22,32.04,11.41,218.36,0.02,0.94,0.0
3981.0,2024-02-13,16:20:39,3981.0,23.18,22.56,65.98,11.28,218.61,22.12,69.56,11.59,22.12,69.56,22.73,66.17,11.44,35.22,32.05,11.42,218.61,0.02,0.94,0.0
3982.0,2024-02-13,16:20:40,3982.0,23.18,22.56,65.98,11.28,218.77,22.12,69.56,11.59,22.12,69.56,22.73,66.17,11.44,35.22,32.05,11.42,218.77,0.02,0.94,0.0
3983.0,2024-02-13,16:20:41,3983.0,23.17,22.55,66.03,11.29,219.06,22.11,69.59,11.59,22.11,69.59,22.73,66.18,11.44,35.21,32.08,11.41,219.06,0.02,0.94,0.0
3984.0,2024-02-13,16:20:42,3984.0,23.17,22.55,66.03,11.29,219.01,22.11,69.59,11.59,22.11,69.59,22.73,66.18,11.44,35.21,32.08,11.41,219.01,0.02,0.94,0.0
3985.0,2024-02-13,16:20:43,3985.0,23.17,22.55,66.03,11.29,219,22.11,69.59,11.59,22.11,69.59,22.73,66.18,11.44,35.21,32.08,11.41,219,0.02,0.94,0.0
3986.0,2024-02-13,16:20:44,3986.0,23.17,22.55,66.03,11.29,219.1,22.11,69.59,11.59,22.11,69.59,22.73,66.18,11.44,35.21,32.08,11.41,219.1,0.02,0.94,0.0
3987.0,2024-02-13,16:20:45,3987.0,23.15,22.54,66.08,11.29,219.07,22.11,69.62,11.59,22.11,69.62,22.72,66.18,11.44,35.22,32.08,11.43,219.07,0.02,0.95,0.0
3988.0,2024-02-13,16:20:46,3988.0,23.15,22.54,66.08,11.29,219.03,22.11,69.62,11.59,22.11,69.62,22.72,66.18,11.44,35.22,32.08,11.43,219.03,0.02,0.95,0.0
3989.0,2024-02-13,16:20:47,3989.0,23.12,22.54,66.1,11.29,218.99,22.11,69.64,11.59,22.11,69.64,22.73,66.17,11.44,35.22,32.09,11.43,218.99,0.02,0.95,0.0
3990.0,2024-02-13,16:20:48,3990.0,23.12,22.54,66.1,11.29,219.06,22.11,69.64,11.59,22.11,69.64,22.73,66.17,11.44,35.22,32.09,11.43,219.06,0.02,0.95,0.0
3991.0,2024-02-13,16:20:49,3991.0,23.12,22.54,66.1,11.29,219.48,22.11,69.64,11.59,22.11,69.64,22.73,66.17,11.44,35.22,32.09,11.43,219.48,0.02,0.95,0.0
3992.0,2024-02-13,16:20:50,3992.0,23.12,22.54,66.1,11.29,219.31,22.11,69.64,11.59,22.11,69.64,22.73,66.17,11.44,35.22,32.09,11.43,219.31,0.02,0.95,0.0
3993.0,2024-02-13,16:20:51,3993.0,23.12,22.54,66.2,11.31,219.39,22.11,69.65,11.6,22.11,69.65,22.73,66.18,11.44,35.24,32.09,11.44,219.39,0.02,0.95,0.0
3994.0,2024-02-13,16:20:52,3994.0,23.12,22.54,66.2,11.31,219.33,22.11,69.65,11.6,22.11,69.65,22.73,66.18,11.44,35.24,32.09,11.44,219.33,0.02,0.95,0.0
3995.0,2024-02-13,16:20:53,3995.0,23.1,22.52,66.23,11.3,219.3,22.1,69.7,11.59,22.1,69.7,22.71,66.21,11.43,35.23,32.1,11.44,219.3,0.02,0.95,0.0
3996.0,2024-02-13,16:20:54,3996.0,23.1,22.52,66.23,11.3,219.31,22.1,69.7,11.59,22.1,69.7,22.71,66.21,11.43,35.23,32.1,11.44,219.31,0.02,0.95,0.0
3997.0,2024-02-13,16:20:55,3997.0,23.1,22.52,66.23,11.3,219.36,22.1,69.7,11.59,22.1,69.7,22.71,66.21,11.43,35.23,32.1,11.44,219.36,0.02,0.95,0.0
3998.0,2024-02-13,16:20:56,3998.0,23.1,22.52,66.23,11.3,219.45,22.1,69.7,11.59,22.1,69.7,22.71,66.21,11.43,35.23,32.1,11.44,219.45,0.02,0.95,0.0
3999.0,2024-02-13,16:20:57,3999.0,23.1,22.52,66.27,11.31,219.39,22.1,69.69,11.59,22.1,69.69,22.71,66.18,11.43,35.24,32.1,11.44,219.39,0.02,0.95,0.0
4000.0,2024-02-13,16:20:58,4000.0,23.1,22.52,66.27,11.31,219.38,22.1,69.69,11.59,22.1,69.69,22.71,66.18,11.43,35.24,32.1,11.44,219.38,0.02,0.95,0.0
4001.0,2024-02-13,16:20:59,4001.0,23.1,22.52,66.29,11.31,218.99,22.09,69.72,11.6,22.09,69.72,22.72,66.11,11.42,35.24,32.11,11.45,218.99,0.02,0.95,0.0
4002.0,2024-02-13,16:21:00,4002.0,23.1,22.52,66.29,11.31,219.45,22.09,69.72,11.6,22.09,69.72,22.72,66.11,11.42,35.24,32.11,11.45,219.45,0.02,0.95,0.0
4003.0,2024-02-13,16:21:01,4003.0,23.1,22.52,66.29,11.31,219.38,22.09,69.72,11.6,22.09,69.72,22.72,66.11,11.42,35.24,32.11,11.45,219.38,0.02,0.95,0.0
4004.0,2024-02-13,16:21:02,4004.0,23.1,22.52,66.29,11.31,219.37,22.09,69.72,11.6,22.09,69.72,22.72,66.11,11.42,35.24,32.11,11.45,219.37,0.02,0.95,0.0
4005.0,2024-02-13,16:21:03,4005.0,23.11,22.52,66.31,11.31,219.39,22.06,69.95,11.61,22.06,69.95,22.73,66.04,11.41,35.18,32.16,11.43,219.39,0.02,0.95,0.0
4006.0,2024-02-13,16:21:04,4006.0,23.11,22.52,66.31,11.31,219.39,22.06,69.95,11.61,22.06,69.95,22.73,66.04,11.41,35.18,32.16,11.43,219.39,0.02,0.95,0.0
4007.0,2024-02-13,16:21:05,4007.0,23.12,22.5,66.39,11.32,219.81,22.08,69.8,11.6,22.08,69.8,22.73,66,11.41,35.23,32.15,11.46,219.81,0.02,0.95,0.0
4008.0,2024-02-13,16:21:06,4008.0,23.12,22.5,66.39,11.32,219.72,22.08,69.8,11.6,22.08,69.8,22.73,66,11.41,35.23,32.15,11.46,219.72,0.02,0.96,0.0
4009.0,2024-02-13,16:21:07,4009.0,23.12,22.5,66.39,11.32,219.75,22.08,69.8,11.6,22.08,69.8,22.73,66,11.41,35.23,32.15,11.46,219.75,0.02,0.96,0.0
4010.0,2024-02-13,16:21:08,4010.0,23.12,22.5,66.39,11.32,219.74,22.08,69.8,11.6,22.08,69.8,22.73,66,11.41,35.23,32.15,11.46,219.74,0.02,0.96,0.0
4011.0,2024-02-13,16:21:09,4011.0,23.11,22.5,66.44,11.32,219.84,22.06,69.84,11.59,22.06,69.84,22.74,65.93,11.4,35.2,32.19,11.45,219.84,0.02,0.96,0.0
4012.0,2024-02-13,16:21:10,4012.0,23.11,22.5,66.44,11.32,219.63,22.06,69.84,11.59,22.06,69.84,22.74,65.93,11.4,35.2,32.19,11.45,219.63,0.02,0.96,0.0
4013.0,2024-02-13,16:21:11,4013.0,23.15,22.5,66.48,11.33,219.5,22.08,69.87,11.61,22.08,69.87,22.75,65.87,11.4,35.24,32.18,11.47,219.5,0.02,0.96,0.0
4014.0,2024-02-13,16:21:12,4014.0,23.15,22.5,66.48,11.33,219.35,22.08,69.87,11.61,22.08,69.87,22.75,65.87,11.4,35.24,32.18,11.47,219.35,0.02,0.96,0.0
4015.0,2024-02-13,16:21:13,4015.0,23.15,22.5,66.48,11.33,219.39,22.08,69.87,11.61,22.08,69.87,22.75,65.87,11.4,35.24,32.18,11.47,219.39,0.02,0.96,0.0
4016.0,2024-02-13,16:21:14,4016.0,23.15,22.5,66.48,11.33,219.36,22.08,69.87,11.61,22.08,69.87,22.75,65.87,11.4,35.24,32.18,11.47,219.36,0.02,0.96,0.0
4017.0,2024-02-13,16:21:15,4017.0,23.15,22.49,66.52,11.33,219.36,22.07,69.89,11.61,22.07,69.89,22.76,65.82,11.39,35.24,32.19,11.48,219.36,0.02,0.96,0.0
4018.0,2024-02-13,16:21:16,4018.0,23.15,22.49,66.52,11.33,219.42,22.07,69.89,11.61,22.07,69.89,22.76,65.82,11.39,35.24,32.19,11.48,219.42,0.02,0.96,0.0
4019.0,2024-02-13,16:21:17,4019.0,23.15,22.49,66.52,11.33,219.26,22.07,69.89,11.61,22.07,69.89,22.76,65.82,11.39,35.24,32.19,11.48,219.26,0.02,0.96,0.0
4020.0,2024-02-13,16:21:18,4020.0,23.14,22.49,66.59,11.34,219.44,22.06,69.98,11.61,22.06,69.98,22.76,65.77,11.39,35.22,32.22,11.48,219.44,0.02,0.96,0.0
4021.0,2024-02-13,16:21:19,4021.0,23.14,22.49,66.59,11.34,219.49,22.06,69.98,11.61,22.06,69.98,22.76,65.77,11.39,35.22,32.22,11.48,219.49,0.02,0.96,0.0
4022.0,2024-02-13,16:21:20,4022.0,23.14,22.48,66.62,11.34,219.53,22.06,69.96,11.61,22.06,69.96,22.76,65.72,11.38,35.24,32.22,11.49,219.53,0.02,0.96,0.0
4023.0,2024-02-13,16:21:21,4023.0,23.14,22.48,66.62,11.34,219.3,22.06,69.96,11.61,22.06,69.96,22.76,65.72,11.38,35.24,32.22,11.49,219.3,0.02,0.96,0.0
4024.0,2024-02-13,16:21:22,4024.0,23.14,22.48,66.62,11.34,219.32,22.06,69.96,11.61,22.06,69.96,22.76,65.72,11.38,35.24,32.22,11.49,219.32,0.02,0.96,0.0
4025.0,2024-02-13,16:21:23,4025.0,23.14,22.48,66.62,11.34,219.35,22.06,69.96,11.61,22.06,69.96,22.76,65.72,11.38,35.24,32.22,11.49,219.35,0.02,0.96,0.0
4026.0,2024-02-13,16:21:24,4026.0,23.13,22.48,66.58,11.33,219.41,22.05,69.99,11.61,22.05,69.99,22.77,65.68,11.38,35.22,32.23,11.48,219.41,0.02,0.96,0.0
4027.0,2024-02-13,16:21:25,4027.0,23.13,22.48,66.58,11.33,219.31,22.05,69.99,11.61,22.05,69.99,22.77,65.68,11.38,35.22,32.23,11.48,219.31,0.02,0.96,0.0
4028.0,2024-02-13,16:21:26,4028.0,23.14,22.48,66.65,11.34,219.06,22.05,70.05,11.62,22.05,70.05,22.78,65.67,11.38,35.23,32.23,11.49,219.06,0.02,0.96,0.0
4029.0,2024-02-13,16:21:27,4029.0,23.14,22.48,66.65,11.34,219,22.05,70.05,11.62,22.05,70.05,22.78,65.67,11.38,35.23,32.23,11.49,219,0.02,0.96,0.0
4030.0,2024-02-13,16:21:28,4030.0,23.14,22.48,66.65,11.34,219.01,22.05,70.05,11.62,22.05,70.05,22.78,65.67,11.38,35.23,32.23,11.49,219.01,0.02,0.96,0.0
4031.0,2024-02-13,16:21:29,4031.0,23.14,22.48,66.65,11.34,219.11,22.05,70.05,11.62,22.05,70.05,22.78,65.67,11.38,35.23,32.23,11.49,219.11,0.02,0.96,0.0
4032.0,2024-02-13,16:21:30,4032.0,23.14,22.47,66.72,11.35,218.73,22.04,70.14,11.63,22.04,70.14,22.77,65.68,11.38,35.22,32.23,11.48,218.73,0.02,0.95,0.0
4033.0,2024-02-13,16:21:31,4033.0,23.14,22.47,66.72,11.35,218.78,22.04,70.14,11.63,22.04,70.14,22.77,65.68,11.38,35.22,32.23,11.48,218.78,0.02,0.95,0.0
4034.0,2024-02-13,16:21:32,4034.0,23.12,22.47,66.77,11.35,218.67,22.05,70.09,11.62,22.05,70.09,22.77,65.68,11.38,35.24,32.21,11.49,218.67,0.02,0.95,0.0
4035.0,2024-02-13,16:21:33,4035.0,23.12,22.47,66.77,11.35,218.85,22.05,70.09,11.62,22.05,70.09,22.77,65.68,11.38,35.24,32.21,11.49,218.85,0.02,0.96,0.0
4036.0,2024-02-13,16:21:34,4036.0,23.12,22.47,66.77,11.35,218.67,22.05,70.09,11.62,22.05,70.09,22.77,65.68,11.38,35.24,32.21,11.49,218.67,0.02,0.96,0.0
4037.0,2024-02-13,16:21:35,4037.0,23.12,22.47,66.77,11.35,218.77,22.05,70.09,11.62,22.05,70.09,22.77,65.68,11.38,35.24,32.21,11.49,218.77,0.02,0.96,0.0
4038.0,2024-02-13,16:21:36,4038.0,23.1,22.46,66.8,11.36,219.06,22.03,70.13,11.62,22.03,70.13,22.77,65.68,11.38,35.22,32.22,11.47,219.06,0.02,0.96,0.0
4039.0,2024-02-13,16:21:37,4039.0,23.1,22.46,66.8,11.36,219.06,22.03,70.13,11.62,22.03,70.13,22.77,65.68,11.38,35.22,32.22,11.47,219.06,0.02,0.96,0.0
4040.0,2024-02-13,16:21:38,4040.0,23.11,22.46,66.81,11.36,218.99,22.04,70.12,11.63,22.04,70.12,22.76,65.73,11.38,35.25,32.19,11.48,218.99,0.02,0.96,0.0
4041.0,2024-02-13,16:21:39,4041.0,23.11,22.46,66.81,11.36,219.08,22.04,70.12,11.63,22.04,70.12,22.76,65.73,11.38,35.25,32.19,11.48,219.08,0.02,0.96,0.0
4042.0,2024-02-13,16:21:40,4042.0,23.11,22.46,66.81,11.36,218.98,22.04,70.12,11.63,22.04,70.12,22.76,65.73,11.38,35.25,32.19,11.48,218.98,0.02,0.96,0.0
4043.0,2024-02-13,16:21:41,4043.0,23.11,22.46,66.81,11.36,219.04,22.04,70.12,11.63,22.04,70.12,22.76,65.73,11.38,35.25,32.19,11.48,219.04,0.02,0.96,0.0
4044.0,2024-02-13,16:21:42,4044.0,23.1,22.46,66.79,11.36,219.03,22.04,70.13,11.62,22.04,70.13,22.75,65.8,11.39,35.24,32.19,11.48,219.03,0.02,0.96,0.0
4045.0,2024-02-13,16:21:43,4045.0,23.1,22.46,66.79,11.36,218.95,22.04,70.13,11.62,22.04,70.13,22.75,65.8,11.39,35.24,32.19,11.48,218.95,0.02,0.96,0.0
4046.0,2024-02-13,16:21:44,4046.0,23.08,22.45,66.84,11.36,219.13,22.03,70.15,11.63,22.03,70.15,22.73,65.83,11.38,35.25,32.17,11.47,219.13,0.02,0.96,0.0
4047.0,2024-02-13,16:21:45,4047.0,23.08,22.45,66.84,11.36,219.13,22.03,70.15,11.63,22.03,70.15,22.73,65.83,11.38,35.25,32.17,11.47,219.13,0.02,0.96,0.0
4048.0,2024-02-13,16:21:46,4048.0,23.08,22.45,66.84,11.36,218.93,22.03,70.15,11.63,22.03,70.15,22.73,65.83,11.38,35.25,32.17,11.47,218.93,0.02,0.96,0.0
4049.0,2024-02-13,16:21:47,4049.0,23.08,22.45,66.84,11.36,218.97,22.03,70.15,11.63,22.03,70.15,22.73,65.83,11.38,35.25,32.17,11.47,218.97,0.02,0.96,0.0
4050.0,2024-02-13,16:21:48,4050.0,23.05,22.45,66.85,11.36,218.77,22.03,70.17,11.63,22.03,70.17,22.72,65.89,11.38,35.25,32.15,11.47,218.77,0.02,0.96,0.0
4051.0,2024-02-13,16:21:49,4051.0,23.05,22.45,66.85,11.36,218.72,22.03,70.17,11.63,22.03,70.17,22.72,65.89,11.38,35.25,32.15,11.47,218.72,0.02,0.96,0.0
4052.0,2024-02-13,16:21:50,4052.0,23,22.45,66.74,11.34,218.75,22.01,70.2,11.62,22.01,70.2,22.71,65.92,11.38,35.23,32,11.4,218.75,0.02,0.96,0.0
4053.0,2024-02-13,16:21:51,4053.0,23,22.45,66.74,11.34,218.47,22.01,70.2,11.62,22.01,70.2,22.71,65.92,11.38,35.23,32,11.4,218.47,0.02,0.94,0.0
4054.0,2024-02-13,16:21:52,4054.0,23,22.45,66.74,11.34,218.49,22.01,70.2,11.62,22.01,70.2,22.71,65.92,11.38,35.23,32,11.4,218.49,0.02,0.94,0.0
4055.0,2024-02-13,16:21:53,4055.0,23,22.44,66.87,11.35,218.33,22.02,70.19,11.63,22.02,70.19,22.7,65.96,11.38,35.26,32.11,11.46,218.33,0.02,0.94,0.0
4056.0,2024-02-13,16:21:54,4056.0,23,22.44,66.87,11.35,218.39,22.02,70.19,11.63,22.02,70.19,22.7,65.96,11.38,35.26,32.11,11.46,218.39,0.02,0.95,0.0
4057.0,2024-02-13,16:21:55,4057.0,23,22.44,66.87,11.35,218.71,22.02,70.19,11.63,22.02,70.19,22.7,65.96,11.38,35.26,32.11,11.46,218.71,0.02,0.95,0.0
4058.0,2024-02-13,16:21:56,4058.0,23,22.44,66.87,11.35,218.8,22.02,70.19,11.63,22.02,70.19,22.7,65.96,11.38,35.26,32.11,11.46,218.8,0.02,0.96,0.0
4059.0,2024-02-13,16:21:57,4059.0,22.99,22.44,66.9,11.36,218.76,22.02,70.18,11.62,22.02,70.18,22.68,66.02,11.38,35.27,32.08,11.45,218.76,0.02,0.96,0.0
4060.0,2024-02-13,16:21:58,4060.0,22.99,22.44,66.9,11.36,218.71,22.02,70.18,11.62,22.02,70.18,22.68,66.02,11.38,35.27,32.08,11.45,218.71,0.02,0.95,0.0
4061.0,2024-02-13,16:21:59,4061.0,23,22.43,66.91,11.36,218.66,22.02,70.2,11.62,22.02,70.2,22.67,66.12,11.38,35.27,32.07,11.45,218.66,0.02,0.95,0.0
4062.0,2024-02-13,16:22:00,4062.0,23,22.43,66.91,11.36,218.72,22.02,70.2,11.62,22.02,70.2,22.67,66.12,11.38,35.27,32.07,11.45,218.72,0.02,0.95,0.0
4063.0,2024-02-13,16:22:01,4063.0,23,22.43,66.91,11.36,218.74,22.02,70.2,11.62,22.02,70.2,22.67,66.12,11.38,35.27,32.07,11.45,218.74,0.02,0.95,0.0
4064.0,2024-02-13,16:22:02,4064.0,23,22.43,66.91,11.36,218.76,22.02,70.2,11.62,22.02,70.2,22.67,66.12,11.38,35.27,32.07,11.45,218.76,0.02,0.95,0.0
4065.0,2024-02-13,16:22:03,4065.0,23.02,22.43,66.88,11.35,218.72,22.02,70.19,11.62,22.02,70.19,22.65,66.24,11.39,35.27,32.05,11.45,218.72,0.02,0.95,0.0
4066.0,2024-02-13,16:22:04,4066.0,23.02,22.43,66.88,11.35,218.72,22.02,70.19,11.62,22.02,70.19,22.65,66.24,11.39,35.27,32.05,11.45,218.72,0.02,0.95,0.0
4067.0,2024-02-13,16:22:05,4067.0,23.02,22.43,66.9,11.35,218.93,22.01,70.2,11.62,22.01,70.2,22.63,66.29,11.39,35.27,32.05,11.45,218.93,0.02,0.96,0.0
4068.0,2024-02-13,16:22:06,4068.0,23.02,22.43,66.9,11.35,219.1,22.01,70.2,11.62,22.01,70.2,22.63,66.29,11.39,35.27,32.05,11.45,219.1,0.02,0.96,0.0
4069.0,2024-02-13,16:22:07,4069.0,23.02,22.43,66.9,11.35,219.03,22.01,70.2,11.62,22.01,70.2,22.63,66.29,11.39,35.27,32.05,11.45,219.03,0.02,0.96,0.0
4070.0,2024-02-13,16:22:08,4070.0,23.02,22.43,66.9,11.35,219.4,22.01,70.2,11.62,22.01,70.2,22.63,66.29,11.39,35.27,32.05,11.45,219.4,0.02,0.96,0.0
4071.0,2024-02-13,16:22:09,4071.0,23.02,22.42,66.89,11.34,219.42,22,70.19,11.61,22,70.19,22.61,66.34,11.38,35.26,32.06,11.44,219.42,0.02,0.96,0.0
4072.0,2024-02-13,16:22:10,4072.0,23.02,22.42,66.89,11.34,219.37,22,70.19,11.61,22,70.19,22.61,66.34,11.38,35.26,32.06,11.44,219.37,0.02,0.96,0.0
4073.0,2024-02-13,16:22:11,4073.0,23.02,22.42,66.89,11.34,219.04,22,70.19,11.61,22,70.19,22.61,66.34,11.38,35.26,32.06,11.44,219.04,0.02,0.96,0.0
4074.0,2024-02-13,16:22:12,4074.0,23.04,22.42,66.9,11.34,219,22,70.2,11.61,22,70.2,22.6,66.38,11.38,35.26,32.06,11.44,219,0.02,0.96,0.0
4075.0,2024-02-13,16:22:13,4075.0,23.04,22.42,66.9,11.34,219.09,22,70.2,11.61,22,70.2,22.6,66.38,11.38,35.26,32.06,11.44,219.09,0.02,0.96,0.0
4076.0,2024-02-13,16:22:14,4076.0,23.05,22.41,66.88,11.34,218.92,22,70.18,11.61,22,70.18,22.6,66.39,11.38,35.26,32.06,11.44,218.92,0.02,0.96,0.0
4077.0,2024-02-13,16:22:15,4077.0,23.05,22.41,66.88,11.34,219.13,22,70.18,11.61,22,70.18,22.6,66.39,11.38,35.26,32.06,11.44,219.13,0.02,0.96,0.0
4078.0,2024-02-13,16:22:16,4078.0,23.05,22.41,66.88,11.34,219.09,22,70.18,11.61,22,70.18,22.6,66.39,11.38,35.26,32.06,11.44,219.09,0.02,0.96,0.0
4079.0,2024-02-13,16:22:17,4079.0,23.05,22.41,66.88,11.34,219.01,22,70.18,11.61,22,70.18,22.6,66.39,11.38,35.26,32.06,11.44,219.01,0.02,0.96,0.0
4080.0,2024-02-13,16:22:18,4080.0,23.06,22.41,66.9,11.34,218.98,22,70.17,11.6,22,70.17,22.59,66.42,11.38,35.26,32.04,11.43,218.98,0.02,0.96,0.0
4081.0,2024-02-13,16:22:19,4081.0,23.06,22.41,66.9,11.34,219.13,22,70.17,11.6,22,70.17,22.59,66.42,11.38,35.26,32.04,11.43,219.13,0.02,0.96,0.0
4082.0,2024-02-13,16:22:20,4082.0,23.07,22.41,66.89,11.33,219.35,22,70.15,11.6,22,70.15,22.58,66.43,11.38,35.26,32.02,11.43,219.35,0.02,0.96,0.0
4083.0,2024-02-13,16:22:21,4083.0,23.07,22.41,66.89,11.33,219.45,22,70.15,11.6,22,70.15,22.58,66.43,11.38,35.26,32.02,11.43,219.45,0.02,0.96,0.0
4084.0,2024-02-13,16:22:22,4084.0,23.07,22.41,66.89,11.33,219.39,22,70.15,11.6,22,70.15,22.58,66.43,11.38,35.26,32.02,11.43,219.39,0.02,0.96,0.0
4085.0,2024-02-13,16:22:23,4085.0,23.07,22.41,66.89,11.33,219.42,22,70.15,11.6,22,70.15,22.58,66.43,11.38,35.26,32.02,11.43,219.42,0.02,0.96,0.0
4086.0,2024-02-13,16:22:24,4086.0,23.08,22.4,66.89,11.33,219.35,21.99,70.15,11.59,21.99,70.15,22.58,66.38,11.37,35.26,32.01,11.42,219.35,0.02,0.96,0.0
4087.0,2024-02-13,16:22:25,4087.0,23.08,22.4,66.89,11.33,219.34,21.99,70.15,11.59,21.99,70.15,22.58,66.38,11.37,35.26,32.01,11.42,219.34,0.02,0.96,0.0
4088.0,2024-02-13,16:22:26,4088.0,23.07,22.4,66.86,11.33,219.43,21.98,70.16,11.59,21.98,70.16,22.6,66.3,11.36,35.25,32,11.42,219.43,0.02,0.96,0.0
4089.0,2024-02-13,16:22:27,4089.0,23.07,22.4,66.86,11.33,219.06,21.98,70.16,11.59,21.98,70.16,22.6,66.3,11.36,35.25,32,11.42,219.06,0.02,0.96,0.0
4090.0,2024-02-13,16:22:28,4090.0,23.07,22.4,66.86,11.33,219.41,21.98,70.16,11.59,21.98,70.16,22.6,66.3,11.36,35.25,32,11.42,219.41,0.02,0.96,0.0
4091.0,2024-02-13,16:22:29,4091.0,23.07,22.39,66.86,11.32,219.32,21.97,70.22,11.59,21.97,70.22,22.6,66.27,11.36,35.24,32,11.41,219.32,0.02,0.96,0.0
4092.0,2024-02-13,16:22:30,4092.0,23.07,22.39,66.86,11.32,219.08,21.97,70.22,11.59,21.97,70.22,22.6,66.27,11.36,35.24,32,11.41,219.08,0.02,0.95,0.0
