SN,Date,Time,Time(Sec),Tr1 [C],T1 [C],RH1 [%],w1 [g/kg],CMHsa [m3/Hr],T2 [C],RH2 [%],w2 [g/kg],T3 [C],RH3 [%],T4 [C],RH4 [%],w4 [g/kg],Tr2 [C],RHr2 [%],wr2 [g/kg],CMHoa [m3/Hr],Qcoil [kW],Qiec [kW],ECompPower [kW]
,,,,"Wet channel outlet air
 enters to condenser","Supply Air to Room 
 after Evaporator","Supply Air to Room   
after Evaporator","Supply Air to Room  
after Evaporator","Supply Air to Room  
after Evaporator","Mixture of 
T3 and T4  (if mixed)","Mixture of 
T3 and T4  (if mixed)","Mixture of 
T3 and T4  (if mixed)","IEC Dry channel 
outlet & enters MVC 
Evaporator ","IEC Dry channel 
outlet & enters MVC 
Evaporator ","Room Exhaust Air 
Enters to IEC 
Wet channel","Room Exhaust Air 
Enters to IEC 
Wet channel","Room Exhaust Air 
Enters to IEC 
Wet channel","Outdoor air 
enters dry 
channel of IEC","Outdoor air 
enters dry 
channel of IEC","Outdoor air 
enters dry 
channel of IEC","Outdoor air 
enters dry 
channel of IEC",,,
0.0,2024-01-03,15:13:44,0.0,21.21,21.95,63.9,10.52,84.02,21.74,67.47,10.97,21.74,67.47,21.49,65.93,10.55,27.67,44.92,10.4,84.02,0.0,0.0,1.9
1.0,2024-01-03,15:13:45,1.0,21.21,21.95,63.9,10.52,114.44,21.74,67.47,10.97,21.74,67.47,21.49,65.93,10.55,27.67,44.92,10.4,114.44,0.04,0.18,0.0
2.0,2024-01-03,15:13:46,2.0,21.21,21.95,63.9,10.52,115.09,21.74,67.47,10.97,21.74,67.47,21.49,65.93,10.55,27.67,44.92,10.4,115.09,0.04,0.18,0.0
3.0,2024-01-03,15:13:47,3.0,21.21,21.95,63.91,10.52,117.12,21.74,67.47,10.97,21.74,67.47,21.49,65.9,10.55,27.67,44.95,10.41,117.12,0.04,0.18,0.0
4.0,2024-01-03,15:13:48,4.0,21.21,21.95,63.91,10.52,119.04,21.74,67.47,10.97,21.74,67.47,21.49,65.9,10.55,27.67,44.95,10.41,119.04,0.04,0.18,0.0
5.0,2024-01-03,15:13:49,5.0,21.21,21.95,63.91,10.52,140.02,21.74,67.47,10.97,21.74,67.47,21.49,65.9,10.55,27.67,44.95,10.41,140.02,0.04,0.22,0.0
6.0,2024-01-03,15:13:50,6.0,21.21,21.95,63.91,10.52,157.5,21.74,67.47,10.97,21.74,67.47,21.49,65.9,10.55,27.67,44.95,10.41,157.5,0.05,0.24,0.0
7.0,2024-01-03,15:13:51,7.0,21.21,21.95,63.86,10.51,199.17,21.74,67.44,10.97,21.74,67.44,21.5,65.83,10.54,27.67,44.98,10.41,199.17,0.06,0.31,0.0
8.0,2024-01-03,15:13:52,8.0,21.21,21.95,63.86,10.51,243.96,21.74,67.44,10.97,21.74,67.44,21.5,65.83,10.54,27.67,44.98,10.41,243.96,0.08,0.38,0.0
9.0,2024-01-03,15:13:53,9.0,21.22,21.95,63.83,10.51,266.54,21.74,67.44,10.97,21.74,67.44,21.52,65.73,10.54,27.66,45,10.42,266.54,0.08,0.41,0.0
10.0,2024-01-03,15:13:54,10.0,21.22,21.95,63.83,10.51,313.71,21.74,67.44,10.97,21.74,67.44,21.52,65.73,10.54,27.66,45,10.42,313.71,0.1,0.49,0.0
11.0,2024-01-03,15:13:55,11.0,21.22,21.95,63.83,10.51,335.72,21.74,67.44,10.97,21.74,67.44,21.52,65.73,10.54,27.66,45,10.42,335.72,0.11,0.52,0.0
12.0,2024-01-03,15:13:56,12.0,21.25,21.96,63.75,10.5,375.25,21.74,67.42,10.96,21.74,67.42,21.54,65.58,10.52,27.69,44.88,10.41,375.25,0.12,0.58,0.0
13.0,2024-01-03,15:13:57,13.0,21.25,21.96,63.75,10.5,389.67,21.74,67.42,10.96,21.74,67.42,21.54,65.58,10.52,27.69,44.88,10.41,389.67,0.12,0.61,0.0
14.0,2024-01-03,15:13:58,14.0,21.25,21.96,63.75,10.5,414.82,21.74,67.42,10.96,21.74,67.42,21.54,65.58,10.52,27.69,44.88,10.41,414.82,0.13,0.65,0.0
15.0,2024-01-03,15:13:59,15.0,21.29,21.98,63.63,10.49,424.88,21.73,67.38,10.95,21.73,67.38,21.54,65.5,10.52,27.81,44.41,10.37,424.88,0.13,0.66,0.0
16.0,2024-01-03,15:14:00,16.0,21.29,21.98,63.63,10.49,441.14,21.73,67.38,10.95,21.73,67.38,21.54,65.5,10.52,27.81,44.41,10.37,441.14,0.13,0.69,0.0
17.0,2024-01-03,15:14:01,17.0,21.29,21.98,63.63,10.49,445.29,21.73,67.38,10.95,21.73,67.38,21.54,65.5,10.52,27.81,44.41,10.37,445.29,0.14,0.7,0.0
18.0,2024-01-03,15:14:02,18.0,21.35,22,63.52,10.48,450.71,21.72,67.37,10.94,21.72,67.37,21.53,65.54,10.51,28,43.68,10.31,450.71,0.14,0.71,0.0
19.0,2024-01-03,15:14:03,19.0,21.35,22,63.52,10.48,453.06,21.72,67.37,10.94,21.72,67.37,21.53,65.54,10.51,28,43.68,10.31,453.06,0.13,0.72,0.0
20.0,2024-01-03,15:14:04,20.0,21.35,22,63.52,10.48,459.8,21.72,67.37,10.94,21.72,67.37,21.53,65.54,10.51,28,43.68,10.31,459.8,0.14,0.73,0.0
21.0,2024-01-03,15:14:05,21.0,21.42,22.01,63.45,10.48,461.61,21.72,67.31,10.93,21.72,67.31,21.51,65.57,10.5,28.23,42.87,10.26,461.61,0.14,0.74,0.0
22.0,2024-01-03,15:14:06,22.0,21.42,22.01,63.45,10.48,464.42,21.72,67.31,10.93,21.72,67.31,21.51,65.57,10.5,28.23,42.87,10.26,464.42,0.13,0.76,0.0
23.0,2024-01-03,15:14:07,23.0,21.42,22.01,63.45,10.48,466.98,21.72,67.31,10.93,21.72,67.31,21.51,65.57,10.5,28.23,42.87,10.26,466.98,0.13,0.77,0.0
24.0,2024-01-03,15:14:08,24.0,21.5,22.02,63.35,10.47,469.83,21.71,67.23,10.91,21.71,67.23,21.49,65.61,10.5,28.48,42.02,10.19,469.83,0.13,0.77,0.0
25.0,2024-01-03,15:14:09,25.0,21.5,22.02,63.35,10.47,470.39,21.71,67.23,10.91,21.71,67.23,21.49,65.61,10.5,28.48,42.02,10.19,470.39,0.13,0.79,0.0
26.0,2024-01-03,15:14:10,26.0,21.5,22.02,63.35,10.47,470.98,21.71,67.23,10.91,21.71,67.23,21.49,65.61,10.5,28.48,42.02,10.19,470.98,0.13,0.79,0.0
27.0,2024-01-03,15:14:11,27.0,21.59,22.03,63.28,10.46,471.08,21.71,67.16,10.9,21.71,67.16,21.48,65.51,10.48,28.72,41.25,10.15,471.08,0.13,0.79,0.0
28.0,2024-01-03,15:14:12,28.0,21.59,22.03,63.28,10.46,471.77,21.71,67.16,10.9,21.71,67.16,21.48,65.51,10.48,28.72,41.25,10.15,471.77,0.12,0.82,0.0
29.0,2024-01-03,15:14:13,29.0,21.59,22.03,63.28,10.46,471.88,21.71,67.16,10.9,21.71,67.16,21.48,65.51,10.48,28.72,41.25,10.15,471.88,0.12,0.82,0.0
30.0,2024-01-03,15:14:14,30.0,21.69,22.03,63.25,10.46,471.74,21.7,67.07,10.88,21.7,67.07,21.48,65.39,10.46,28.95,40.56,10.11,471.74,0.12,0.82,0.0
31.0,2024-01-03,15:14:15,31.0,21.69,22.03,63.25,10.46,470.96,21.7,67.07,10.88,21.7,67.07,21.48,65.39,10.46,28.95,40.56,10.11,470.96,0.11,0.85,0.0
32.0,2024-01-03,15:14:16,32.0,21.69,22.03,63.25,10.46,473.15,21.7,67.07,10.88,21.7,67.07,21.48,65.39,10.46,28.95,40.56,10.11,473.15,0.12,0.86,0.0
33.0,2024-01-03,15:14:17,33.0,21.79,22.03,63.24,10.46,474.32,21.7,67,10.87,21.7,67,21.48,65.24,10.44,29.18,39.95,10.09,474.32,0.12,0.86,0.0
34.0,2024-01-03,15:14:18,34.0,21.79,22.03,63.24,10.46,473.54,21.7,67,10.87,21.7,67,21.48,65.24,10.44,29.18,39.95,10.09,473.54,0.11,0.89,0.0
35.0,2024-01-03,15:14:19,35.0,21.79,22.03,63.24,10.46,473.17,21.7,67,10.87,21.7,67,21.48,65.24,10.44,29.18,39.95,10.09,473.17,0.11,0.89,0.0
36.0,2024-01-03,15:14:20,36.0,21.9,22.03,63.25,10.46,469.86,21.7,66.9,10.85,21.7,66.9,21.48,65.15,10.42,29.39,39.37,10.07,469.86,0.11,0.88,0.0
37.0,2024-01-03,15:14:21,37.0,21.9,22.03,63.25,10.46,469.65,21.7,66.9,10.85,21.7,66.9,21.48,65.15,10.42,29.39,39.37,10.07,469.65,0.1,0.91,0.0
38.0,2024-01-03,15:14:22,38.0,21.9,22.03,63.25,10.46,469.82,21.7,66.9,10.85,21.7,66.9,21.48,65.15,10.42,29.39,39.37,10.07,469.82,0.1,0.91,0.0
39.0,2024-01-03,15:14:23,39.0,22,22.03,63.21,10.46,469.83,21.7,66.82,10.84,21.7,66.82,21.48,65.04,10.4,29.59,38.82,10.04,469.83,0.1,0.91,0.0
40.0,2024-01-03,15:14:24,40.0,22,22.03,63.21,10.46,472.9,21.7,66.82,10.84,21.7,66.82,21.48,65.04,10.4,29.59,38.82,10.04,472.9,0.1,0.95,0.0
41.0,2024-01-03,15:14:25,41.0,22,22.03,63.21,10.46,473.67,21.7,66.82,10.84,21.7,66.82,21.48,65.04,10.4,29.59,38.82,10.04,473.67,0.1,0.95,0.0
42.0,2024-01-03,15:14:26,42.0,22,22.03,63.21,10.46,473.81,21.7,66.82,10.84,21.7,66.82,21.48,65.04,10.4,29.59,38.82,10.04,473.81,0.1,0.95,0.0
43.0,2024-01-03,15:14:27,43.0,22.1,22.03,63.17,10.45,473.67,21.7,66.7,10.82,21.7,66.7,21.48,64.89,10.38,29.79,38.3,10.02,473.67,0.1,0.98,0.0
44.0,2024-01-03,15:14:28,44.0,22.1,22.03,63.17,10.45,472.69,21.7,66.7,10.82,21.7,66.7,21.48,64.89,10.38,29.79,38.3,10.02,472.69,0.1,0.98,0.0
45.0,2024-01-03,15:14:29,45.0,22.19,22.03,63.15,10.44,471.78,21.71,66.59,10.8,21.71,66.59,21.48,64.79,10.36,29.99,37.81,10.01,471.78,0.1,0.98,0.0
46.0,2024-01-03,15:14:30,46.0,22.19,22.03,63.15,10.44,470.13,21.71,66.59,10.8,21.71,66.59,21.48,64.79,10.36,29.99,37.81,10.01,470.13,0.09,1.0,0.0
47.0,2024-01-03,15:14:31,47.0,22.19,22.03,63.15,10.44,469.98,21.71,66.59,10.8,21.71,66.59,21.48,64.79,10.36,29.99,37.81,10.01,469.98,0.09,1.0,0.0
48.0,2024-01-03,15:14:32,48.0,22.28,22.03,63.13,10.44,469.79,21.71,66.47,10.79,21.71,66.47,21.47,64.72,10.34,30.17,37.37,10,469.79,0.09,1.0,0.0
49.0,2024-01-03,15:14:33,49.0,22.28,22.03,63.13,10.44,469.8,21.71,66.47,10.79,21.71,66.47,21.47,64.72,10.34,30.17,37.37,10,469.8,0.09,1.03,0.0
50.0,2024-01-03,15:14:34,50.0,22.28,22.03,63.13,10.44,469.84,21.71,66.47,10.79,21.71,66.47,21.47,64.72,10.34,30.17,37.37,10,469.84,0.09,1.03,0.0
51.0,2024-01-03,15:14:35,51.0,22.37,22.03,63.12,10.44,469.82,21.72,66.37,10.77,21.72,66.37,21.47,64.6,10.32,30.35,36.95,9.98,469.82,0.09,1.03,0.0
52.0,2024-01-03,15:14:36,52.0,22.37,22.03,63.12,10.44,470.12,21.72,66.37,10.77,21.72,66.37,21.47,64.6,10.32,30.35,36.95,9.98,470.12,0.08,1.06,0.0
53.0,2024-01-03,15:14:37,53.0,22.37,22.03,63.12,10.44,470.56,21.72,66.37,10.77,21.72,66.37,21.47,64.6,10.32,30.35,36.95,9.98,470.56,0.08,1.06,0.0
54.0,2024-01-03,15:14:38,54.0,22.45,22.04,63.08,10.44,468.69,21.73,66.26,10.76,21.73,66.26,21.47,64.5,10.3,30.51,36.56,9.97,468.69,0.08,1.06,0.0
55.0,2024-01-03,15:14:39,55.0,22.45,22.04,63.08,10.44,468.26,21.73,66.26,10.76,21.73,66.26,21.47,64.5,10.3,30.51,36.56,9.97,468.26,0.08,1.08,0.0
56.0,2024-01-03,15:14:40,56.0,22.45,22.04,63.08,10.44,468.56,21.73,66.26,10.76,21.73,66.26,21.47,64.5,10.3,30.51,36.56,9.97,468.56,0.08,1.08,0.0
57.0,2024-01-03,15:14:41,57.0,22.53,22.04,63.02,10.43,468.71,21.74,66.14,10.75,21.74,66.14,21.45,64.51,10.3,30.66,36.23,9.96,468.71,0.08,1.08,0.0
58.0,2024-01-03,15:14:42,58.0,22.53,22.04,63.02,10.43,473.32,21.74,66.14,10.75,21.74,66.14,21.45,64.51,10.3,30.66,36.23,9.96,473.32,0.08,1.12,0.0
59.0,2024-01-03,15:14:43,59.0,22.53,22.04,63.02,10.43,475.43,21.74,66.14,10.75,21.74,66.14,21.45,64.51,10.3,30.66,36.23,9.96,475.43,0.08,1.12,0.0
60.0,2024-01-03,15:14:44,60.0,22.61,22.05,62.95,10.42,477.32,21.75,65.99,10.73,21.75,65.99,21.44,64.44,10.28,30.8,35.93,9.96,477.32,0.08,1.13,0.0
61.0,2024-01-03,15:14:45,61.0,22.61,22.05,62.95,10.42,478.09,21.75,65.99,10.73,21.75,65.99,21.44,64.44,10.28,30.8,35.93,9.96,478.09,0.08,1.16,0.0
62.0,2024-01-03,15:14:46,62.0,22.61,22.05,62.95,10.42,480.11,21.75,65.99,10.73,21.75,65.99,21.44,64.44,10.28,30.8,35.93,9.96,480.11,0.08,1.16,0.0
63.0,2024-01-03,15:14:47,63.0,22.68,22.06,62.91,10.42,480.75,21.76,65.86,10.72,21.76,65.86,21.44,64.36,10.26,30.93,35.68,9.96,480.75,0.08,1.16,0.0
64.0,2024-01-03,15:14:48,64.0,22.68,22.06,62.91,10.42,480.96,21.76,65.86,10.72,21.76,65.86,21.44,64.36,10.26,30.93,35.68,9.96,480.96,0.07,1.19,0.0
65.0,2024-01-03,15:14:49,65.0,22.68,22.06,62.91,10.42,480.57,21.76,65.86,10.72,21.76,65.86,21.44,64.36,10.26,30.93,35.68,9.96,480.57,0.07,1.19,0.0
66.0,2024-01-03,15:14:50,66.0,22.68,22.06,62.91,10.42,478.56,21.76,65.86,10.72,21.76,65.86,21.44,64.36,10.26,30.93,35.68,9.96,478.56,0.07,1.18,0.0
67.0,2024-01-03,15:14:51,67.0,22.75,22.06,62.86,10.42,477.43,21.77,65.73,10.7,21.77,65.73,21.44,64.25,10.25,31.05,35.44,9.97,477.43,0.07,1.21,0.0
68.0,2024-01-03,15:14:52,68.0,22.75,22.06,62.86,10.42,485.81,21.77,65.73,10.7,21.77,65.73,21.44,64.25,10.25,31.05,35.44,9.97,485.81,0.07,1.23,0.0
69.0,2024-01-03,15:14:53,69.0,22.82,22.07,62.82,10.42,493.9,21.79,65.6,10.69,21.79,65.6,21.44,64.17,10.23,31.16,35.21,9.97,493.9,0.07,1.25,0.0
70.0,2024-01-03,15:14:54,70.0,22.82,22.07,62.82,10.42,500.54,21.79,65.6,10.69,21.79,65.6,21.44,64.17,10.23,31.16,35.21,9.97,500.54,0.07,1.28,0.0
71.0,2024-01-03,15:14:55,71.0,22.82,22.07,62.82,10.42,508.37,21.79,65.6,10.69,21.79,65.6,21.44,64.17,10.23,31.16,35.21,9.97,508.37,0.07,1.3,0.0
72.0,2024-01-03,15:14:56,72.0,22.82,22.07,62.82,10.42,513.63,21.79,65.6,10.69,21.79,65.6,21.44,64.17,10.23,31.16,35.21,9.97,513.63,0.07,1.32,0.0
73.0,2024-01-03,15:14:57,73.0,22.88,22.08,62.73,10.41,515.66,21.81,65.38,10.67,21.81,65.38,21.44,64.1,10.22,31.27,35.03,9.97,515.66,0.07,1.35,0.0
74.0,2024-01-03,15:14:58,74.0,22.88,22.08,62.73,10.41,516.95,21.81,65.38,10.67,21.81,65.38,21.44,64.1,10.22,31.27,35.03,9.97,516.95,0.07,1.35,0.0
75.0,2024-01-03,15:14:59,75.0,22.94,22.09,62.69,10.41,517.41,21.83,65.19,10.66,21.83,65.19,21.46,63.91,10.2,31.36,34.88,9.98,517.41,0.07,1.35,0.0
76.0,2024-01-03,15:15:00,76.0,22.94,22.09,62.69,10.41,521,21.83,65.19,10.66,21.83,65.19,21.46,63.91,10.2,31.36,34.88,9.98,521,0.06,1.39,0.0
77.0,2024-01-03,15:15:01,77.0,22.94,22.09,62.69,10.41,521.74,21.83,65.19,10.66,21.83,65.19,21.46,63.91,10.2,31.36,34.88,9.98,521.74,0.06,1.39,0.0
78.0,2024-01-03,15:15:02,78.0,22.94,22.09,62.69,10.41,522.36,21.83,65.19,10.66,21.83,65.19,21.46,63.91,10.2,31.36,34.88,9.98,522.36,0.06,1.39,0.0
79.0,2024-01-03,15:15:03,79.0,23,22.11,62.6,10.4,522.74,21.86,64.99,10.64,21.86,64.99,21.47,63.79,10.19,31.45,34.74,9.99,522.74,0.06,1.41,0.0
80.0,2024-01-03,15:15:04,80.0,23,22.11,62.6,10.4,523.68,21.86,64.99,10.64,21.86,64.99,21.47,63.79,10.19,31.45,34.74,9.99,523.68,0.06,1.42,0.0
81.0,2024-01-03,15:15:05,81.0,23.05,22.12,62.56,10.4,525.12,21.88,64.81,10.62,21.88,64.81,21.48,63.63,10.17,31.53,34.62,10.01,525.12,0.06,1.42,0.0
82.0,2024-01-03,15:15:06,82.0,23.05,22.12,62.56,10.4,526.16,21.88,64.81,10.62,21.88,64.81,21.48,63.63,10.17,31.53,34.62,10.01,526.16,0.06,1.45,0.0
83.0,2024-01-03,15:15:07,83.0,23.05,22.12,62.56,10.4,526.2,21.88,64.81,10.62,21.88,64.81,21.48,63.63,10.17,31.53,34.62,10.01,526.2,0.06,1.45,0.0
84.0,2024-01-03,15:15:08,84.0,23.05,22.12,62.56,10.4,517.36,21.88,64.81,10.62,21.88,64.81,21.48,63.63,10.17,31.53,34.62,10.01,517.36,0.06,1.42,0.0
85.0,2024-01-03,15:15:09,85.0,23.09,22.13,62.49,10.4,509.66,21.91,64.64,10.61,21.91,64.64,21.5,63.55,10.17,31.61,34.5,10.02,509.66,0.06,1.42,0.0
86.0,2024-01-03,15:15:10,86.0,23.09,22.13,62.49,10.4,496.92,21.91,64.64,10.61,21.91,64.64,21.5,63.55,10.17,31.61,34.5,10.02,496.92,0.05,1.39,0.0
87.0,2024-01-03,15:15:11,87.0,23.14,22.14,62.43,10.39,492.77,21.93,64.51,10.6,21.93,64.51,21.51,63.45,10.16,31.68,34.41,10.03,492.77,0.05,1.37,0.0
88.0,2024-01-03,15:15:12,88.0,23.14,22.14,62.43,10.39,486,21.93,64.51,10.6,21.93,64.51,21.51,63.45,10.16,31.68,34.41,10.03,486,0.05,1.37,0.0
89.0,2024-01-03,15:15:13,89.0,23.14,22.14,62.43,10.39,483.74,21.93,64.51,10.6,21.93,64.51,21.51,63.45,10.16,31.68,34.41,10.03,483.74,0.05,1.37,0.0
90.0,2024-01-03,15:15:14,90.0,23.18,22.15,62.36,10.39,480.48,21.94,64.39,10.59,21.94,64.39,21.52,63.37,10.15,31.75,34.31,10.04,480.48,0.05,1.36,0.0
91.0,2024-01-03,15:15:15,91.0,23.18,22.15,62.36,10.39,478.1,21.94,64.39,10.59,21.94,64.39,21.52,63.37,10.15,31.75,34.31,10.04,478.1,0.05,1.37,0.0
92.0,2024-01-03,15:15:16,92.0,23.18,22.15,62.36,10.39,475.76,21.94,64.39,10.59,21.94,64.39,21.52,63.37,10.15,31.75,34.31,10.04,475.76,0.05,1.36,0.0
93.0,2024-01-03,15:15:17,93.0,23.22,22.16,62.27,10.38,476.11,21.95,64.32,10.59,21.95,64.32,21.52,63.26,10.14,31.82,34.22,10.05,476.11,0.05,1.36,0.0
94.0,2024-01-03,15:15:18,94.0,23.22,22.16,62.27,10.38,476.36,21.95,64.32,10.59,21.95,64.32,21.52,63.26,10.14,31.82,34.22,10.05,476.36,0.05,1.38,0.0
95.0,2024-01-03,15:15:19,95.0,23.22,22.16,62.27,10.38,476.4,21.95,64.32,10.59,21.95,64.32,21.52,63.26,10.14,31.82,34.22,10.05,476.4,0.05,1.38,0.0
96.0,2024-01-03,15:15:20,96.0,23.27,22.17,62.21,10.38,476.33,21.97,64.23,10.58,21.97,64.23,21.53,63.2,10.13,31.88,34.12,10.06,476.33,0.05,1.38,0.0
97.0,2024-01-03,15:15:21,97.0,23.27,22.17,62.21,10.38,477.61,21.97,64.23,10.58,21.97,64.23,21.53,63.2,10.13,31.88,34.12,10.06,477.61,0.05,1.4,0.0
98.0,2024-01-03,15:15:22,98.0,23.27,22.17,62.21,10.38,479.23,21.97,64.23,10.58,21.97,64.23,21.53,63.2,10.13,31.88,34.12,10.06,479.23,0.05,1.4,0.0
99.0,2024-01-03,15:15:23,99.0,23.31,22.18,62.17,10.38,480.85,21.98,64.15,10.58,21.98,64.15,21.53,63.16,10.13,31.94,34.03,10.07,480.85,0.05,1.41,0.0
100.0,2024-01-03,15:15:24,100.0,23.31,22.18,62.17,10.38,477.56,21.98,64.15,10.58,21.98,64.15,21.53,63.16,10.13,31.94,34.03,10.07,477.56,0.05,1.41,0.0
101.0,2024-01-03,15:15:25,101.0,23.31,22.18,62.17,10.38,476.21,21.98,64.15,10.58,21.98,64.15,21.53,63.16,10.13,31.94,34.03,10.07,476.21,0.05,1.4,0.0
102.0,2024-01-03,15:15:26,102.0,23.35,22.2,62.13,10.38,473.08,22,64.08,10.58,22,64.08,21.53,63.15,10.12,32,33.96,10.08,473.08,0.05,1.39,0.0
103.0,2024-01-03,15:15:27,103.0,23.35,22.2,62.13,10.38,472.25,22,64.08,10.58,22,64.08,21.53,63.15,10.12,32,33.96,10.08,472.25,0.05,1.4,0.0
104.0,2024-01-03,15:15:28,104.0,23.35,22.2,62.13,10.38,469.2,22,64.08,10.58,22,64.08,21.53,63.15,10.12,32,33.96,10.08,469.2,0.05,1.39,0.0
105.0,2024-01-03,15:15:29,105.0,23.4,22.21,62.05,10.37,468.06,22.01,64.01,10.58,22.01,64.01,21.53,63.17,10.13,32.05,33.84,10.07,468.06,0.05,1.39,0.0
106.0,2024-01-03,15:15:30,106.0,23.4,22.21,62.05,10.37,466.98,22.01,64.01,10.58,22.01,64.01,21.53,63.17,10.13,32.05,33.84,10.07,466.98,0.05,1.39,0.0
107.0,2024-01-03,15:15:31,107.0,23.4,22.21,62.05,10.37,466.81,22.01,64.01,10.58,22.01,64.01,21.53,63.17,10.13,32.05,33.84,10.07,466.81,0.05,1.39,0.0
108.0,2024-01-03,15:15:32,108.0,23.44,22.22,62,10.37,466.95,22.03,63.93,10.58,22.03,63.93,21.52,63.15,10.12,32.11,33.73,10.07,466.95,0.05,1.39,0.0
109.0,2024-01-03,15:15:33,109.0,23.44,22.22,62,10.37,466.52,22.03,63.93,10.58,22.03,63.93,21.52,63.15,10.12,32.11,33.73,10.07,466.52,0.05,1.4,0.0
110.0,2024-01-03,15:15:34,110.0,23.44,22.22,62,10.37,465.65,22.03,63.93,10.58,22.03,63.93,21.52,63.15,10.12,32.11,33.73,10.07,465.65,0.05,1.39,0.0
111.0,2024-01-03,15:15:35,111.0,23.49,22.23,61.94,10.37,464.04,22.05,63.82,10.57,22.05,63.82,21.53,63.13,10.12,32.16,33.64,10.08,464.04,0.05,1.39,0.0
112.0,2024-01-03,15:15:36,112.0,23.49,22.23,61.94,10.37,465.68,22.05,63.82,10.57,22.05,63.82,21.53,63.13,10.12,32.16,33.64,10.08,465.68,0.05,1.4,0.0
113.0,2024-01-03,15:15:37,113.0,23.49,22.23,61.94,10.37,467.55,22.05,63.82,10.57,22.05,63.82,21.53,63.13,10.12,32.16,33.64,10.08,467.55,0.05,1.41,0.0
114.0,2024-01-03,15:15:38,114.0,23.53,22.25,61.86,10.36,471.17,22.07,63.74,10.57,22.07,63.74,21.52,63.14,10.12,32.2,33.59,10.08,471.17,0.05,1.42,0.0
115.0,2024-01-03,15:15:39,115.0,23.53,22.25,61.86,10.36,471.95,22.07,63.74,10.57,22.07,63.74,21.52,63.14,10.12,32.2,33.59,10.08,471.95,0.05,1.43,0.0
116.0,2024-01-03,15:15:40,116.0,23.53,22.25,61.86,10.36,473.69,22.07,63.74,10.57,22.07,63.74,21.52,63.14,10.12,32.2,33.59,10.08,473.69,0.05,1.43,0.0
117.0,2024-01-03,15:15:41,117.0,23.58,22.26,61.79,10.36,476.06,22.09,63.65,10.57,22.09,63.65,21.52,63.15,10.12,32.24,33.5,10.08,476.06,0.05,1.44,0.0
118.0,2024-01-03,15:15:42,118.0,23.58,22.26,61.79,10.36,478.72,22.09,63.65,10.57,22.09,63.65,21.52,63.15,10.12,32.24,33.5,10.08,478.72,0.05,1.45,0.0
119.0,2024-01-03,15:15:43,119.0,23.58,22.26,61.79,10.36,478.74,22.09,63.65,10.57,22.09,63.65,21.52,63.15,10.12,32.24,33.5,10.08,478.74,0.05,1.45,0.0
120.0,2024-01-03,15:15:44,120.0,23.61,22.27,61.77,10.37,477.83,22.11,63.56,10.56,22.11,63.56,21.52,63.12,10.11,32.28,33.43,10.08,477.83,0.05,1.45,0.0
121.0,2024-01-03,15:15:45,121.0,23.61,22.27,61.77,10.37,477.33,22.11,63.56,10.56,22.11,63.56,21.52,63.12,10.11,32.28,33.43,10.08,477.33,0.05,1.45,0.0
122.0,2024-01-03,15:15:46,122.0,23.61,22.27,61.77,10.37,476.84,22.11,63.56,10.56,22.11,63.56,21.52,63.12,10.11,32.28,33.43,10.08,476.84,0.05,1.45,0.0
123.0,2024-01-03,15:15:47,123.0,23.65,22.29,61.69,10.36,477.63,22.13,63.48,10.56,22.13,63.48,21.55,62.91,10.1,32.32,33.34,10.08,477.63,0.05,1.45,0.0
124.0,2024-01-03,15:15:48,124.0,23.65,22.29,61.69,10.36,481.23,22.13,63.48,10.56,22.13,63.48,21.55,62.91,10.1,32.32,33.34,10.08,481.23,0.06,1.47,0.0
125.0,2024-01-03,15:15:49,125.0,23.65,22.29,61.69,10.36,480.34,22.13,63.48,10.56,22.13,63.48,21.55,62.91,10.1,32.32,33.34,10.08,480.34,0.06,1.47,0.0
126.0,2024-01-03,15:15:50,126.0,23.69,22.3,61.6,10.35,478.65,22.15,63.37,10.56,22.15,63.37,21.58,62.73,10.09,32.37,33.25,10.07,478.65,0.06,1.46,0.0
127.0,2024-01-03,15:15:51,127.0,23.69,22.3,61.6,10.35,478.28,22.15,63.37,10.56,22.15,63.37,21.58,62.73,10.09,32.37,33.25,10.07,478.28,0.06,1.46,0.0
128.0,2024-01-03,15:15:52,128.0,23.69,22.3,61.6,10.35,476.23,22.15,63.37,10.56,22.15,63.37,21.58,62.73,10.09,32.37,33.25,10.07,476.23,0.06,1.46,0.0
129.0,2024-01-03,15:15:53,129.0,23.72,22.31,61.53,10.35,473.83,22.17,63.26,10.55,22.17,63.26,21.6,62.53,10.07,32.41,33.15,10.07,473.83,0.06,1.45,0.0
130.0,2024-01-03,15:15:54,130.0,23.72,22.31,61.53,10.35,472.08,22.17,63.26,10.55,22.17,63.26,21.6,62.53,10.07,32.41,33.15,10.07,472.08,0.06,1.45,0.0
131.0,2024-01-03,15:15:55,131.0,23.72,22.31,61.53,10.35,471.79,22.17,63.26,10.55,22.17,63.26,21.6,62.53,10.07,32.41,33.15,10.07,471.79,0.06,1.45,0.0
132.0,2024-01-03,15:15:56,132.0,23.76,22.33,61.46,10.35,471.61,22.19,63.17,10.55,22.19,63.17,21.61,62.43,10.06,32.45,33.08,10.07,471.61,0.06,1.45,0.0
133.0,2024-01-03,15:15:57,133.0,23.76,22.33,61.46,10.35,470.95,22.19,63.17,10.55,22.19,63.17,21.61,62.43,10.06,32.45,33.08,10.07,470.95,0.06,1.45,0.0
134.0,2024-01-03,15:15:58,134.0,23.76,22.33,61.46,10.35,470.5,22.19,63.17,10.55,22.19,63.17,21.61,62.43,10.06,32.45,33.08,10.07,470.5,0.06,1.45,0.0
135.0,2024-01-03,15:15:59,135.0,23.79,22.34,61.43,10.35,470.79,22.21,63.1,10.55,22.21,63.1,21.61,62.43,10.06,32.5,33,10.07,470.79,0.06,1.45,0.0
136.0,2024-01-03,15:16:00,136.0,23.79,22.34,61.43,10.35,471.29,22.21,63.1,10.55,22.21,63.1,21.61,62.43,10.06,32.5,33,10.07,471.29,0.06,1.46,0.0
137.0,2024-01-03,15:16:01,137.0,23.79,22.34,61.43,10.35,471.64,22.21,63.1,10.55,22.21,63.1,21.61,62.43,10.06,32.5,33,10.07,471.64,0.06,1.46,0.0
138.0,2024-01-03,15:16:02,138.0,23.82,22.35,61.39,10.35,472.87,22.23,63.01,10.55,22.23,63.01,21.61,62.41,10.05,32.54,32.93,10.07,472.87,0.06,1.46,0.0
139.0,2024-01-03,15:16:03,139.0,23.82,22.35,61.39,10.35,475.92,22.23,63.01,10.55,22.23,63.01,21.61,62.41,10.05,32.54,32.93,10.07,475.92,0.06,1.48,0.0
140.0,2024-01-03,15:16:04,140.0,23.82,22.35,61.39,10.35,478.34,22.23,63.01,10.55,22.23,63.01,21.61,62.41,10.05,32.54,32.93,10.07,478.34,0.06,1.48,0.0
141.0,2024-01-03,15:16:05,141.0,23.86,22.37,61.33,10.35,478.92,22.24,62.94,10.55,22.24,62.94,21.61,62.37,10.05,32.57,32.86,10.07,478.92,0.06,1.48,0.0
142.0,2024-01-03,15:16:06,142.0,23.86,22.37,61.33,10.35,479.84,22.24,62.94,10.55,22.24,62.94,21.61,62.37,10.05,32.57,32.86,10.07,479.84,0.06,1.49,0.0
143.0,2024-01-03,15:16:07,143.0,23.86,22.37,61.33,10.35,480.14,22.24,62.94,10.55,22.24,62.94,21.61,62.37,10.05,32.57,32.86,10.07,480.14,0.06,1.49,0.0
144.0,2024-01-03,15:16:08,144.0,23.89,22.38,61.27,10.35,480.65,22.26,62.84,10.54,22.26,62.84,21.61,62.32,10.04,32.61,32.79,10.08,480.65,0.06,1.49,0.0
145.0,2024-01-03,15:16:09,145.0,23.89,22.38,61.27,10.35,480.76,22.26,62.84,10.54,22.26,62.84,21.61,62.32,10.04,32.61,32.79,10.08,480.76,0.06,1.5,0.0
146.0,2024-01-03,15:16:10,146.0,23.89,22.38,61.27,10.35,478.98,22.26,62.84,10.54,22.26,62.84,21.61,62.32,10.04,32.61,32.79,10.08,478.98,0.06,1.49,0.0
147.0,2024-01-03,15:16:11,147.0,23.92,22.39,61.19,10.34,478.05,22.28,62.76,10.54,22.28,62.76,21.62,62.25,10.03,32.66,32.71,10.08,478.05,0.06,1.49,0.0
148.0,2024-01-03,15:16:12,148.0,23.92,22.39,61.19,10.34,476.06,22.28,62.76,10.54,22.28,62.76,21.62,62.25,10.03,32.66,32.71,10.08,476.06,0.06,1.49,0.0
149.0,2024-01-03,15:16:13,149.0,23.92,22.39,61.19,10.34,475.76,22.28,62.76,10.54,22.28,62.76,21.62,62.25,10.03,32.66,32.71,10.08,475.76,0.06,1.49,0.0
150.0,2024-01-03,15:16:14,150.0,23.96,22.4,61.17,10.35,477.32,22.3,62.68,10.54,22.3,62.68,21.63,62.11,10.02,32.7,32.64,10.08,477.32,0.06,1.49,0.0
151.0,2024-01-03,15:16:15,151.0,23.96,22.4,61.17,10.35,476.19,22.3,62.68,10.54,22.3,62.68,21.63,62.11,10.02,32.7,32.64,10.08,476.19,0.06,1.5,0.0
152.0,2024-01-03,15:16:16,152.0,23.96,22.4,61.17,10.35,475.38,22.3,62.68,10.54,22.3,62.68,21.63,62.11,10.02,32.7,32.64,10.08,475.38,0.06,1.49,0.0
153.0,2024-01-03,15:16:17,153.0,23.99,22.41,61.13,10.35,475.31,22.32,62.59,10.53,22.32,62.59,21.63,62.1,10.02,32.74,32.56,10.07,475.31,0.06,1.49,0.0
154.0,2024-01-03,15:16:18,154.0,23.99,22.41,61.13,10.35,473.39,22.32,62.59,10.53,22.32,62.59,21.63,62.1,10.02,32.74,32.56,10.07,473.39,0.06,1.49,0.0
155.0,2024-01-03,15:16:19,155.0,23.99,22.41,61.13,10.35,473.03,22.32,62.59,10.53,22.32,62.59,21.63,62.1,10.02,32.74,32.56,10.07,473.03,0.06,1.49,0.0
156.0,2024-01-03,15:16:20,156.0,24.02,22.42,61.06,10.34,472.87,22.33,62.5,10.53,22.33,62.5,21.64,62.04,10.01,32.77,32.48,10.07,472.87,0.06,1.49,0.0
157.0,2024-01-03,15:16:21,157.0,24.02,22.42,61.06,10.34,472.89,22.33,62.5,10.53,22.33,62.5,21.64,62.04,10.01,32.77,32.48,10.07,472.89,0.06,1.49,0.0
158.0,2024-01-03,15:16:22,158.0,24.02,22.42,61.06,10.34,474.97,22.33,62.5,10.53,22.33,62.5,21.64,62.04,10.01,32.77,32.48,10.07,474.97,0.06,1.5,0.0
159.0,2024-01-03,15:16:23,159.0,24.02,22.42,61.06,10.34,475.09,22.33,62.5,10.53,22.33,62.5,21.64,62.04,10.01,32.77,32.48,10.07,475.09,0.06,1.5,0.0
160.0,2024-01-03,15:16:24,160.0,24.04,22.43,61.02,10.34,473.81,22.35,62.42,10.53,22.35,62.42,21.64,62.01,10.01,32.8,32.43,10.07,473.81,0.06,1.5,0.0
161.0,2024-01-03,15:16:25,161.0,24.04,22.43,61.02,10.34,472.43,22.35,62.42,10.53,22.35,62.42,21.64,62.01,10.01,32.8,32.43,10.07,472.43,0.06,1.49,0.0
162.0,2024-01-03,15:16:26,162.0,24.07,22.45,60.96,10.34,472.44,22.37,62.34,10.52,22.37,62.34,21.63,62.03,10,32.83,32.36,10.07,472.44,0.06,1.49,0.0
163.0,2024-01-03,15:16:27,163.0,24.07,22.45,60.96,10.34,472.24,22.37,62.34,10.52,22.37,62.34,21.63,62.03,10,32.83,32.36,10.07,472.24,0.06,1.5,0.0
164.0,2024-01-03,15:16:28,164.0,24.07,22.45,60.96,10.34,471.32,22.37,62.34,10.52,22.37,62.34,21.63,62.03,10,32.83,32.36,10.07,471.32,0.06,1.49,0.0
165.0,2024-01-03,15:16:29,165.0,24.09,22.46,60.93,10.34,469.25,22.38,62.27,10.52,22.38,62.27,21.61,62.12,10.01,32.87,32.3,10.07,469.25,0.06,1.49,0.0
166.0,2024-01-03,15:16:30,166.0,24.09,22.46,60.93,10.34,468.72,22.38,62.27,10.52,22.38,62.27,21.61,62.12,10.01,32.87,32.3,10.07,468.72,0.06,1.49,0.0
167.0,2024-01-03,15:16:31,167.0,24.09,22.46,60.93,10.34,470.55,22.38,62.27,10.52,22.38,62.27,21.61,62.12,10.01,32.87,32.3,10.07,470.55,0.06,1.49,0.0
168.0,2024-01-03,15:16:32,168.0,24.12,22.47,60.89,10.34,471.54,22.4,62.18,10.52,22.4,62.18,21.61,62.19,10.02,32.9,32.25,10.07,471.54,0.06,1.5,0.0
169.0,2024-01-03,15:16:33,169.0,24.12,22.47,60.89,10.34,474.75,22.4,62.18,10.52,22.4,62.18,21.61,62.19,10.02,32.9,32.25,10.07,474.75,0.06,1.51,0.0
170.0,2024-01-03,15:16:34,170.0,24.12,22.47,60.89,10.34,476.03,22.4,62.18,10.52,22.4,62.18,21.61,62.19,10.02,32.9,32.25,10.07,476.03,0.06,1.52,0.0
171.0,2024-01-03,15:16:35,171.0,24.14,22.47,60.85,10.34,477.35,22.42,62.11,10.52,22.42,62.11,21.61,62.22,10.02,32.92,32.21,10.07,477.35,0.06,1.52,0.0
172.0,2024-01-03,15:16:36,172.0,24.14,22.47,60.85,10.34,477.63,22.42,62.11,10.52,22.42,62.11,21.61,62.22,10.02,32.92,32.21,10.07,477.63,0.06,1.52,0.0
173.0,2024-01-03,15:16:37,173.0,24.14,22.47,60.85,10.34,478.89,22.42,62.11,10.52,22.42,62.11,21.61,62.22,10.02,32.92,32.21,10.07,478.89,0.06,1.53,0.0
174.0,2024-01-03,15:16:38,174.0,24.16,22.48,60.83,10.34,479.05,22.43,62.03,10.51,22.43,62.03,21.61,62.28,10.03,32.96,32.16,10.07,479.05,0.06,1.53,0.0
175.0,2024-01-03,15:16:39,175.0,24.16,22.48,60.83,10.34,478.6,22.43,62.03,10.51,22.43,62.03,21.61,62.28,10.03,32.96,32.16,10.07,478.6,0.06,1.53,0.0
176.0,2024-01-03,15:16:40,176.0,24.16,22.48,60.83,10.34,476.89,22.43,62.03,10.51,22.43,62.03,21.61,62.28,10.03,32.96,32.16,10.07,476.89,0.06,1.53,0.0
177.0,2024-01-03,15:16:41,177.0,24.19,22.49,60.78,10.34,475.25,22.45,61.95,10.51,22.45,61.95,21.61,62.32,10.04,32.99,32.08,10.07,475.25,0.06,1.52,0.0
178.0,2024-01-03,15:16:42,178.0,24.19,22.49,60.78,10.34,474.94,22.45,61.95,10.51,22.45,61.95,21.61,62.32,10.04,32.99,32.08,10.07,474.94,0.06,1.52,0.0
179.0,2024-01-03,15:16:43,179.0,24.19,22.49,60.78,10.34,474.35,22.45,61.95,10.51,22.45,61.95,21.61,62.32,10.04,32.99,32.08,10.07,474.35,0.06,1.52,0.0
180.0,2024-01-03,15:16:44,180.0,24.21,22.5,60.74,10.34,472.47,22.46,61.88,10.51,22.46,61.88,21.6,62.41,10.05,33.02,32.03,10.07,472.47,0.06,1.51,0.0
181.0,2024-01-03,15:16:45,181.0,24.21,22.5,60.74,10.34,472.41,22.46,61.88,10.51,22.46,61.88,21.6,62.41,10.05,33.02,32.03,10.07,472.41,0.06,1.52,0.0
182.0,2024-01-03,15:16:46,182.0,24.21,22.5,60.74,10.34,474.14,22.46,61.88,10.51,22.46,61.88,21.6,62.41,10.05,33.02,32.03,10.07,474.14,0.06,1.52,0.0
183.0,2024-01-03,15:16:47,183.0,24.23,22.51,60.69,10.33,477.55,22.48,61.82,10.51,22.48,61.82,21.59,62.53,10.06,33.05,31.98,10.07,477.55,0.06,1.53,0.0
184.0,2024-01-03,15:16:48,184.0,24.23,22.51,60.69,10.33,478.94,22.48,61.82,10.51,22.48,61.82,21.59,62.53,10.06,33.05,31.98,10.07,478.94,0.07,1.54,0.0
185.0,2024-01-03,15:16:49,185.0,24.23,22.51,60.69,10.33,480.81,22.48,61.82,10.51,22.48,61.82,21.59,62.53,10.06,33.05,31.98,10.07,480.81,0.07,1.55,0.0
186.0,2024-01-03,15:16:50,186.0,24.23,22.51,60.69,10.33,478.74,22.48,61.82,10.51,22.48,61.82,21.59,62.53,10.06,33.05,31.98,10.07,478.74,0.07,1.54,0.0
187.0,2024-01-03,15:16:51,187.0,24.26,22.52,60.65,10.33,473.41,22.49,61.75,10.5,22.49,61.75,21.57,62.68,10.07,33.08,31.92,10.07,473.41,0.06,1.52,0.0
188.0,2024-01-03,15:16:52,188.0,24.26,22.52,60.65,10.33,471.05,22.49,61.75,10.5,22.49,61.75,21.57,62.68,10.07,33.08,31.92,10.07,471.05,0.06,1.52,0.0
189.0,2024-01-03,15:16:53,189.0,24.28,22.53,60.61,10.33,472.73,22.51,61.68,10.5,22.51,61.68,21.54,62.82,10.08,33.1,31.89,10.07,472.73,0.06,1.52,0.0
190.0,2024-01-03,15:16:54,190.0,24.28,22.53,60.61,10.33,474.31,22.51,61.68,10.5,22.51,61.68,21.54,62.82,10.08,33.1,31.89,10.07,474.31,0.06,1.53,0.0
191.0,2024-01-03,15:16:55,191.0,24.28,22.53,60.61,10.33,474.51,22.51,61.68,10.5,22.51,61.68,21.54,62.82,10.08,33.1,31.89,10.07,474.51,0.06,1.53,0.0
192.0,2024-01-03,15:16:56,192.0,24.3,22.54,60.58,10.33,474.16,22.52,61.6,10.5,22.52,61.6,21.52,62.96,10.08,33.12,31.85,10.07,474.16,0.06,1.53,0.0
193.0,2024-01-03,15:16:57,193.0,24.3,22.54,60.58,10.33,473.89,22.52,61.6,10.5,22.52,61.6,21.52,62.96,10.08,33.12,31.85,10.07,473.89,0.06,1.53,0.0
194.0,2024-01-03,15:16:58,194.0,24.3,22.54,60.58,10.33,473.53,22.52,61.6,10.5,22.52,61.6,21.52,62.96,10.08,33.12,31.85,10.07,473.53,0.06,1.53,0.0
195.0,2024-01-03,15:16:59,195.0,24.32,22.55,60.51,10.33,473.44,22.54,61.55,10.5,22.54,61.55,21.5,63.04,10.08,33.15,31.79,10.07,473.44,0.06,1.53,0.0
196.0,2024-01-03,15:17:00,196.0,24.32,22.55,60.51,10.33,473.39,22.54,61.55,10.5,22.54,61.55,21.5,63.04,10.08,33.15,31.79,10.07,473.39,0.07,1.53,0.0
197.0,2024-01-03,15:17:01,197.0,24.32,22.55,60.51,10.33,474.99,22.54,61.55,10.5,22.54,61.55,21.5,63.04,10.08,33.15,31.79,10.07,474.99,0.07,1.54,0.0
198.0,2024-01-03,15:17:02,198.0,24.34,22.56,60.51,10.33,481.19,22.55,61.47,10.49,22.55,61.47,21.48,63.09,10.08,33.17,31.76,10.07,481.19,0.07,1.56,0.0
199.0,2024-01-03,15:17:03,199.0,24.34,22.56,60.51,10.33,482.83,22.55,61.47,10.49,22.55,61.47,21.48,63.09,10.08,33.17,31.76,10.07,482.83,0.07,1.57,0.0
200.0,2024-01-03,15:17:04,200.0,24.34,22.56,60.51,10.33,483.65,22.55,61.47,10.49,22.55,61.47,21.48,63.09,10.08,33.17,31.76,10.07,483.65,0.07,1.57,0.0
201.0,2024-01-03,15:17:05,201.0,24.36,22.56,60.48,10.33,483.2,22.56,61.41,10.49,22.56,61.41,21.47,63.12,10.08,33.2,31.7,10.07,483.2,0.07,1.57,0.0
202.0,2024-01-03,15:17:06,202.0,24.36,22.56,60.48,10.33,479.9,22.56,61.41,10.49,22.56,61.41,21.47,63.12,10.08,33.2,31.7,10.07,479.9,0.07,1.56,0.0
203.0,2024-01-03,15:17:07,203.0,24.36,22.56,60.48,10.33,477.67,22.56,61.41,10.49,22.56,61.41,21.47,63.12,10.08,33.2,31.7,10.07,477.67,0.06,1.55,0.0
204.0,2024-01-03,15:17:08,204.0,24.38,22.57,60.44,10.33,475.64,22.57,61.37,10.49,22.57,61.37,21.47,63.11,10.08,33.23,31.65,10.07,475.64,0.06,1.55,0.0
205.0,2024-01-03,15:17:09,205.0,24.38,22.57,60.44,10.33,475.26,22.57,61.37,10.49,22.57,61.37,21.47,63.11,10.08,33.23,31.65,10.07,475.26,0.07,1.55,0.0
206.0,2024-01-03,15:17:10,206.0,24.38,22.57,60.44,10.33,474.81,22.57,61.37,10.49,22.57,61.37,21.47,63.11,10.08,33.23,31.65,10.07,474.81,0.07,1.55,0.0
207.0,2024-01-03,15:17:11,207.0,24.38,22.57,60.44,10.33,476.09,22.57,61.37,10.49,22.57,61.37,21.47,63.11,10.08,33.23,31.65,10.07,476.09,0.07,1.55,0.0
208.0,2024-01-03,15:17:12,208.0,24.4,22.58,60.41,10.33,475.95,22.59,61.34,10.49,22.59,61.34,21.48,63.03,10.07,33.25,31.62,10.07,475.95,0.07,1.55,0.0
209.0,2024-01-03,15:17:13,209.0,24.4,22.58,60.41,10.33,474,22.59,61.34,10.49,22.59,61.34,21.48,63.03,10.07,33.25,31.62,10.07,474,0.07,1.54,0.0
210.0,2024-01-03,15:17:14,210.0,24.43,22.59,60.36,10.32,472.75,22.6,61.27,10.49,22.6,61.27,21.49,62.94,10.06,33.27,31.59,10.07,472.75,0.07,1.54,0.0
211.0,2024-01-03,15:17:15,211.0,24.43,22.59,60.36,10.32,471.13,22.6,61.27,10.49,22.6,61.27,21.49,62.94,10.06,33.27,31.59,10.07,471.13,0.07,1.54,0.0
212.0,2024-01-03,15:17:16,212.0,24.43,22.59,60.36,10.32,471.65,22.6,61.27,10.49,22.6,61.27,21.49,62.94,10.06,33.27,31.59,10.07,471.65,0.07,1.54,0.0
213.0,2024-01-03,15:17:17,213.0,24.45,22.59,60.34,10.32,473.63,22.61,61.23,10.49,22.61,61.23,21.53,62.7,10.05,33.28,31.57,10.07,473.63,0.07,1.55,0.0
214.0,2024-01-03,15:17:18,214.0,24.45,22.59,60.34,10.32,476.73,22.61,61.23,10.49,22.61,61.23,21.53,62.7,10.05,33.28,31.57,10.07,476.73,0.07,1.56,0.0
215.0,2024-01-03,15:17:19,215.0,24.45,22.59,60.34,10.32,479.87,22.61,61.23,10.49,22.61,61.23,21.53,62.7,10.05,33.28,31.57,10.07,479.87,0.07,1.57,0.0
216.0,2024-01-03,15:17:20,216.0,24.47,22.6,60.29,10.32,479.81,22.62,61.18,10.49,22.62,61.18,21.55,62.61,10.05,33.3,31.54,10.07,479.81,0.07,1.57,0.0
217.0,2024-01-03,15:17:21,217.0,24.47,22.6,60.29,10.32,476.41,22.62,61.18,10.49,22.62,61.18,21.55,62.61,10.05,33.3,31.54,10.07,476.41,0.07,1.56,0.0
218.0,2024-01-03,15:17:22,218.0,24.47,22.6,60.29,10.32,474.95,22.62,61.18,10.49,22.62,61.18,21.55,62.61,10.05,33.3,31.54,10.07,474.95,0.07,1.56,0.0
219.0,2024-01-03,15:17:23,219.0,24.49,22.61,60.31,10.33,472.41,22.63,61.13,10.49,22.63,61.13,21.55,62.63,10.05,33.33,31.51,10.08,472.41,0.07,1.55,0.0
220.0,2024-01-03,15:17:24,220.0,24.49,22.61,60.31,10.33,471.64,22.63,61.13,10.49,22.63,61.13,21.55,62.63,10.05,33.33,31.51,10.08,471.64,0.07,1.55,0.0
221.0,2024-01-03,15:17:25,221.0,24.49,22.61,60.31,10.33,471.65,22.63,61.13,10.49,22.63,61.13,21.55,62.63,10.05,33.33,31.51,10.08,471.65,0.07,1.55,0.0
222.0,2024-01-03,15:17:26,222.0,24.52,22.61,60.27,10.32,472.57,22.64,61.07,10.48,22.64,61.07,21.55,62.69,10.06,33.35,31.45,10.07,472.57,0.07,1.55,0.0
223.0,2024-01-03,15:17:27,223.0,24.52,22.61,60.27,10.32,471.83,22.64,61.07,10.48,22.64,61.07,21.55,62.69,10.06,33.35,31.45,10.07,471.83,0.07,1.55,0.0
224.0,2024-01-03,15:17:28,224.0,24.52,22.61,60.27,10.32,471.48,22.64,61.07,10.48,22.64,61.07,21.55,62.69,10.06,33.35,31.45,10.07,471.48,0.07,1.55,0.0
225.0,2024-01-03,15:17:29,225.0,24.54,22.62,60.26,10.33,472.42,22.65,61.03,10.48,22.65,61.03,21.54,62.75,10.07,33.38,31.41,10.08,472.42,0.07,1.55,0.0
226.0,2024-01-03,15:17:30,226.0,24.54,22.62,60.26,10.33,474.73,22.65,61.03,10.48,22.65,61.03,21.54,62.75,10.07,33.38,31.41,10.08,474.73,0.07,1.57,0.0
227.0,2024-01-03,15:17:31,227.0,24.54,22.62,60.26,10.33,476.39,22.65,61.03,10.48,22.65,61.03,21.54,62.75,10.07,33.38,31.41,10.08,476.39,0.07,1.57,0.0
228.0,2024-01-03,15:17:32,228.0,24.56,22.63,60.24,10.33,476.24,22.66,61.01,10.49,22.66,61.01,21.54,62.82,10.07,33.4,31.39,10.08,476.24,0.07,1.57,0.0
229.0,2024-01-03,15:17:33,229.0,24.56,22.63,60.24,10.33,473.9,22.66,61.01,10.49,22.66,61.01,21.54,62.82,10.07,33.4,31.39,10.08,473.9,0.07,1.57,0.0
230.0,2024-01-03,15:17:34,230.0,24.56,22.63,60.24,10.33,473.67,22.66,61.01,10.49,22.66,61.01,21.54,62.82,10.07,33.4,31.39,10.08,473.67,0.07,1.57,0.0
231.0,2024-01-03,15:17:35,231.0,24.58,22.63,60.25,10.33,473.34,22.67,60.98,10.49,22.67,60.98,21.53,62.86,10.08,33.42,31.36,10.08,473.34,0.07,1.56,0.0
232.0,2024-01-03,15:17:36,232.0,24.58,22.63,60.25,10.33,474.88,22.67,60.98,10.49,22.67,60.98,21.53,62.86,10.08,33.42,31.36,10.08,474.88,0.07,1.57,0.0
233.0,2024-01-03,15:17:37,233.0,24.58,22.63,60.25,10.33,478.61,22.67,60.98,10.49,22.67,60.98,21.53,62.86,10.08,33.42,31.36,10.08,478.61,0.07,1.58,0.0
234.0,2024-01-03,15:17:38,234.0,24.6,22.64,60.22,10.33,477.75,22.68,60.95,10.49,22.68,60.95,21.54,62.88,10.09,33.45,31.32,10.09,477.75,0.07,1.58,0.0
235.0,2024-01-03,15:17:39,235.0,24.6,22.64,60.22,10.33,472.74,22.68,60.95,10.49,22.68,60.95,21.54,62.88,10.09,33.45,31.32,10.09,472.74,0.07,1.56,0.0
236.0,2024-01-03,15:17:40,236.0,24.6,22.64,60.22,10.33,471.98,22.68,60.95,10.49,22.68,60.95,21.54,62.88,10.09,33.45,31.32,10.09,471.98,0.07,1.56,0.0
237.0,2024-01-03,15:17:41,237.0,24.62,22.65,60.19,10.33,471.15,22.7,60.89,10.49,22.7,60.89,21.54,62.94,10.09,33.47,31.29,10.09,471.15,0.07,1.56,0.0
238.0,2024-01-03,15:17:42,238.0,24.62,22.65,60.19,10.33,471.77,22.7,60.89,10.49,22.7,60.89,21.54,62.94,10.09,33.47,31.29,10.09,471.77,0.07,1.57,0.0
239.0,2024-01-03,15:17:43,239.0,24.62,22.65,60.19,10.33,473.23,22.7,60.89,10.49,22.7,60.89,21.54,62.94,10.09,33.47,31.29,10.09,473.23,0.07,1.57,0.0
240.0,2024-01-03,15:17:44,240.0,24.64,22.65,60.16,10.33,473.35,22.71,60.85,10.49,22.71,60.85,21.53,62.97,10.1,33.49,31.26,10.09,473.35,0.07,1.57,0.0
241.0,2024-01-03,15:17:45,241.0,24.64,22.65,60.16,10.33,471.17,22.71,60.85,10.49,22.71,60.85,21.53,62.97,10.1,33.49,31.26,10.09,471.17,0.07,1.57,0.0
242.0,2024-01-03,15:17:46,242.0,24.64,22.65,60.16,10.33,470.18,22.71,60.85,10.49,22.71,60.85,21.53,62.97,10.1,33.49,31.26,10.09,470.18,0.07,1.56,0.0
243.0,2024-01-03,15:17:47,243.0,24.66,22.66,60.11,10.33,469.1,22.72,60.79,10.48,22.72,60.79,21.54,62.93,10.1,33.5,31.25,10.09,469.1,0.07,1.56,0.0
244.0,2024-01-03,15:17:48,244.0,24.66,22.66,60.11,10.33,468.07,22.72,60.79,10.48,22.72,60.79,21.54,62.93,10.1,33.5,31.25,10.09,468.07,0.07,1.56,0.0
245.0,2024-01-03,15:17:49,245.0,24.66,22.66,60.11,10.33,471.16,22.72,60.79,10.48,22.72,60.79,21.54,62.93,10.1,33.5,31.25,10.09,471.16,0.07,1.57,0.0
246.0,2024-01-03,15:17:50,246.0,24.66,22.66,60.11,10.33,473.5,22.72,60.79,10.48,22.72,60.79,21.54,62.93,10.1,33.5,31.25,10.09,473.5,0.07,1.58,0.0
247.0,2024-01-03,15:17:51,247.0,24.68,22.67,60.09,10.33,473.71,22.73,60.73,10.48,22.73,60.73,21.55,62.89,10.09,33.52,31.23,10.1,473.71,0.07,1.58,0.0
248.0,2024-01-03,15:17:52,248.0,24.68,22.67,60.09,10.33,473.69,22.73,60.73,10.48,22.73,60.73,21.55,62.89,10.09,33.52,31.23,10.1,473.69,0.07,1.58,0.0
249.0,2024-01-03,15:17:53,249.0,24.7,22.67,60.07,10.33,473.53,22.74,60.7,10.48,22.74,60.7,21.55,62.9,10.09,33.54,31.18,10.09,473.53,0.07,1.58,0.0
250.0,2024-01-03,15:17:54,250.0,24.7,22.67,60.07,10.33,473.51,22.74,60.7,10.48,22.74,60.7,21.55,62.9,10.09,33.54,31.18,10.09,473.51,0.07,1.58,0.0
251.0,2024-01-03,15:17:55,251.0,24.7,22.67,60.07,10.33,472.14,22.74,60.7,10.48,22.74,60.7,21.55,62.9,10.09,33.54,31.18,10.09,472.14,0.07,1.58,0.0
252.0,2024-01-03,15:17:56,252.0,24.72,22.68,60.02,10.33,469.38,22.75,60.64,10.48,22.75,60.64,21.55,62.89,10.09,33.56,31.14,10.09,469.38,0.07,1.57,0.0
253.0,2024-01-03,15:17:57,253.0,24.72,22.68,60.02,10.33,469.83,22.75,60.64,10.48,22.75,60.64,21.55,62.89,10.09,33.56,31.14,10.09,469.83,0.07,1.57,0.0
254.0,2024-01-03,15:17:58,254.0,24.72,22.68,60.02,10.33,473.83,22.75,60.64,10.48,22.75,60.64,21.55,62.89,10.09,33.56,31.14,10.09,473.83,0.07,1.58,0.0
255.0,2024-01-03,15:17:59,255.0,24.74,22.69,60.01,10.33,475.1,22.76,60.6,10.48,22.76,60.6,21.55,62.91,10.1,33.58,31.1,10.09,475.1,0.07,1.59,0.0
256.0,2024-01-03,15:18:00,256.0,24.74,22.69,60.01,10.33,476.2,22.76,60.6,10.48,22.76,60.6,21.55,62.91,10.1,33.58,31.1,10.09,476.2,0.07,1.59,0.0
257.0,2024-01-03,15:18:01,257.0,24.74,22.69,60.01,10.33,476.21,22.76,60.6,10.48,22.76,60.6,21.55,62.91,10.1,33.58,31.1,10.09,476.21,0.07,1.59,0.0
258.0,2024-01-03,15:18:02,258.0,24.76,22.69,59.99,10.33,473.68,22.77,60.54,10.47,22.77,60.54,21.54,62.91,10.09,33.61,31.07,10.09,473.68,0.07,1.59,0.0
259.0,2024-01-03,15:18:03,259.0,24.76,22.69,59.99,10.33,473.23,22.77,60.54,10.47,22.77,60.54,21.54,62.91,10.09,33.61,31.07,10.09,473.23,0.07,1.59,0.0
260.0,2024-01-03,15:18:04,260.0,24.76,22.69,59.99,10.33,473.38,22.77,60.54,10.47,22.77,60.54,21.54,62.91,10.09,33.61,31.07,10.09,473.38,0.07,1.59,0.0
261.0,2024-01-03,15:18:05,261.0,24.78,22.7,59.95,10.32,473.56,22.79,60.47,10.47,22.79,60.47,21.54,62.89,10.09,33.63,31.01,10.09,473.56,0.07,1.59,0.0
262.0,2024-01-03,15:18:06,262.0,24.78,22.7,59.95,10.32,473.55,22.79,60.47,10.47,22.79,60.47,21.54,62.89,10.09,33.63,31.01,10.09,473.55,0.07,1.59,0.0
263.0,2024-01-03,15:18:07,263.0,24.78,22.7,59.95,10.32,473.71,22.79,60.47,10.47,22.79,60.47,21.54,62.89,10.09,33.63,31.01,10.09,473.71,0.07,1.59,0.0
264.0,2024-01-03,15:18:08,264.0,24.79,22.71,59.91,10.32,476.52,22.8,60.4,10.47,22.8,60.4,21.54,62.88,10.09,33.66,30.96,10.09,476.52,0.07,1.6,0.0
265.0,2024-01-03,15:18:09,265.0,24.79,22.71,59.91,10.32,477.27,22.8,60.4,10.47,22.8,60.4,21.54,62.88,10.09,33.66,30.96,10.09,477.27,0.07,1.61,0.0
266.0,2024-01-03,15:18:10,266.0,24.79,22.71,59.91,10.32,478.27,22.8,60.4,10.47,22.8,60.4,21.54,62.88,10.09,33.66,30.96,10.09,478.27,0.07,1.61,0.0
267.0,2024-01-03,15:18:11,267.0,24.81,22.71,59.89,10.32,479.04,22.81,60.34,10.46,22.81,60.34,21.54,62.87,10.08,33.68,30.93,10.09,479.04,0.07,1.61,0.0
268.0,2024-01-03,15:18:12,268.0,24.81,22.71,59.89,10.32,478.44,22.81,60.34,10.46,22.81,60.34,21.54,62.87,10.08,33.68,30.93,10.09,478.44,0.07,1.61,0.0
269.0,2024-01-03,15:18:13,269.0,24.81,22.71,59.89,10.32,475.63,22.81,60.34,10.46,22.81,60.34,21.54,62.87,10.08,33.68,30.93,10.09,475.63,0.07,1.61,0.0
270.0,2024-01-03,15:18:14,270.0,24.83,22.72,59.86,10.32,471.72,22.82,60.32,10.47,22.82,60.32,21.53,62.85,10.08,33.7,30.92,10.1,471.72,0.07,1.59,0.0
271.0,2024-01-03,15:18:15,271.0,24.83,22.72,59.86,10.32,469.54,22.82,60.32,10.47,22.82,60.32,21.53,62.85,10.08,33.7,30.92,10.1,469.54,0.07,1.59,0.0
272.0,2024-01-03,15:18:16,272.0,24.83,22.72,59.86,10.32,467.79,22.82,60.32,10.47,22.82,60.32,21.53,62.85,10.08,33.7,30.92,10.1,467.79,0.07,1.58,0.0
273.0,2024-01-03,15:18:17,273.0,24.85,22.73,59.83,10.32,467.65,22.83,60.29,10.47,22.83,60.29,21.53,62.84,10.07,33.72,30.91,10.11,467.65,0.07,1.58,0.0
274.0,2024-01-03,15:18:18,274.0,24.85,22.73,59.83,10.32,465.03,22.83,60.29,10.47,22.83,60.29,21.53,62.84,10.07,33.72,30.91,10.11,465.03,0.07,1.58,0.0
275.0,2024-01-03,15:18:19,275.0,24.85,22.73,59.83,10.32,464.38,22.83,60.29,10.47,22.83,60.29,21.53,62.84,10.07,33.72,30.91,10.11,464.38,0.07,1.58,0.0
276.0,2024-01-03,15:18:20,276.0,24.86,22.73,59.82,10.32,464.11,22.83,60.26,10.47,22.83,60.26,21.55,62.74,10.07,33.73,30.91,10.11,464.11,0.07,1.57,0.0
277.0,2024-01-03,15:18:21,277.0,24.86,22.73,59.82,10.32,464.38,22.83,60.26,10.47,22.83,60.26,21.55,62.74,10.07,33.73,30.91,10.11,464.38,0.07,1.58,0.0
278.0,2024-01-03,15:18:22,278.0,24.86,22.73,59.82,10.32,466.34,22.83,60.26,10.47,22.83,60.26,21.55,62.74,10.07,33.73,30.91,10.11,466.34,0.07,1.59,0.0
279.0,2024-01-03,15:18:23,279.0,24.87,22.74,59.82,10.33,466.83,22.84,60.23,10.46,22.84,60.23,21.56,62.7,10.07,33.74,30.91,10.12,466.83,0.07,1.59,0.0
280.0,2024-01-03,15:18:24,280.0,24.87,22.74,59.82,10.33,467.03,22.84,60.23,10.46,22.84,60.23,21.56,62.7,10.07,33.74,30.91,10.12,467.03,0.07,1.59,0.0
281.0,2024-01-03,15:18:25,281.0,24.87,22.74,59.82,10.33,469.68,22.84,60.23,10.46,22.84,60.23,21.56,62.7,10.07,33.74,30.91,10.12,469.68,0.07,1.6,0.0
282.0,2024-01-03,15:18:26,282.0,24.89,22.74,59.81,10.33,474,22.85,60.21,10.47,22.85,60.21,21.58,62.68,10.08,33.75,30.9,10.12,474,0.07,1.61,0.0
283.0,2024-01-03,15:18:27,283.0,24.89,22.74,59.81,10.33,474.86,22.85,60.21,10.47,22.85,60.21,21.58,62.68,10.08,33.75,30.9,10.12,474.86,0.07,1.62,0.0
284.0,2024-01-03,15:18:28,284.0,24.89,22.74,59.81,10.33,475.29,22.85,60.21,10.47,22.85,60.21,21.58,62.68,10.08,33.75,30.9,10.12,475.29,0.07,1.62,0.0
285.0,2024-01-03,15:18:29,285.0,24.9,22.75,59.76,10.32,475.11,22.86,60.17,10.47,22.86,60.17,21.6,62.61,10.08,33.76,30.88,10.12,475.11,0.07,1.62,0.0
286.0,2024-01-03,15:18:30,286.0,24.9,22.75,59.76,10.32,474.94,22.86,60.17,10.47,22.86,60.17,21.6,62.61,10.08,33.76,30.88,10.12,474.94,0.07,1.62,0.0
287.0,2024-01-03,15:18:31,287.0,24.9,22.75,59.76,10.32,474.69,22.86,60.17,10.47,22.86,60.17,21.6,62.61,10.08,33.76,30.88,10.12,474.69,0.07,1.62,0.0
288.0,2024-01-03,15:18:32,288.0,24.92,22.76,59.75,10.33,474.5,22.87,60.15,10.47,22.87,60.15,21.62,62.51,10.07,33.77,30.86,10.12,474.5,0.07,1.62,0.0
289.0,2024-01-03,15:18:33,289.0,24.92,22.76,59.75,10.33,474.26,22.87,60.15,10.47,22.87,60.15,21.62,62.51,10.07,33.77,30.86,10.12,474.26,0.07,1.61,0.0
290.0,2024-01-03,15:18:34,290.0,24.92,22.76,59.75,10.33,470.79,22.87,60.15,10.47,22.87,60.15,21.62,62.51,10.07,33.77,30.86,10.12,470.79,0.07,1.6,0.0
291.0,2024-01-03,15:18:35,291.0,24.94,22.76,59.71,10.32,470.11,22.88,60.1,10.46,22.88,60.1,21.63,62.43,10.07,33.79,30.83,10.12,470.11,0.07,1.6,0.0
292.0,2024-01-03,15:18:36,292.0,24.94,22.76,59.71,10.32,470.67,22.88,60.1,10.46,22.88,60.1,21.63,62.43,10.07,33.79,30.83,10.12,470.67,0.07,1.61,0.0
293.0,2024-01-03,15:18:37,293.0,24.94,22.76,59.71,10.32,473.72,22.88,60.1,10.46,22.88,60.1,21.63,62.43,10.07,33.79,30.83,10.12,473.72,0.07,1.62,0.0
294.0,2024-01-03,15:18:38,294.0,24.95,22.77,59.69,10.32,475.02,22.88,60.05,10.46,22.88,60.05,21.64,62.37,10.06,33.81,30.78,10.11,475.02,0.07,1.62,0.0
295.0,2024-01-03,15:18:39,295.0,24.95,22.77,59.69,10.32,478.44,22.88,60.05,10.46,22.88,60.05,21.64,62.37,10.06,33.81,30.78,10.11,478.44,0.07,1.63,0.0
296.0,2024-01-03,15:18:40,296.0,24.95,22.77,59.69,10.32,478.96,22.88,60.05,10.46,22.88,60.05,21.64,62.37,10.06,33.81,30.78,10.11,478.96,0.07,1.63,0.0
297.0,2024-01-03,15:18:41,297.0,24.96,22.78,59.67,10.32,478.01,22.89,60.01,10.46,22.89,60.01,21.65,62.29,10.06,33.83,30.75,10.11,478.01,0.07,1.63,0.0
298.0,2024-01-03,15:18:42,298.0,24.96,22.78,59.67,10.32,477.67,22.89,60.01,10.46,22.89,60.01,21.65,62.29,10.06,33.83,30.75,10.11,477.67,0.07,1.63,0.0
299.0,2024-01-03,15:18:43,299.0,24.96,22.78,59.67,10.32,474.96,22.89,60.01,10.46,22.89,60.01,21.65,62.29,10.06,33.83,30.75,10.11,474.96,0.07,1.62,0.0
300.0,2024-01-03,15:18:44,300.0,24.96,22.78,59.63,10.32,472.57,22.9,59.97,10.46,22.9,59.97,21.66,62.21,10.05,33.84,30.73,10.12,472.57,0.07,1.62,0.0
301.0,2024-01-03,15:18:45,301.0,24.96,22.78,59.63,10.32,470.97,22.9,59.97,10.46,22.9,59.97,21.66,62.21,10.05,33.84,30.73,10.12,470.97,0.07,1.61,0.0
302.0,2024-01-03,15:18:46,302.0,24.96,22.78,59.63,10.32,470.72,22.9,59.97,10.46,22.9,59.97,21.66,62.21,10.05,33.84,30.73,10.12,470.72,0.07,1.61,0.0
303.0,2024-01-03,15:18:47,303.0,24.98,22.79,59.61,10.32,471.59,22.92,59.92,10.46,22.92,59.92,21.66,62.2,10.05,33.86,30.72,10.12,471.59,0.07,1.61,0.0
304.0,2024-01-03,15:18:48,304.0,24.98,22.79,59.61,10.32,472.43,22.92,59.92,10.46,22.92,59.92,21.66,62.2,10.05,33.86,30.72,10.12,472.43,0.08,1.62,0.0
305.0,2024-01-03,15:18:49,305.0,24.98,22.79,59.61,10.32,472.71,22.92,59.92,10.46,22.92,59.92,21.66,62.2,10.05,33.86,30.72,10.12,472.71,0.08,1.62,0.0
306.0,2024-01-03,15:18:50,306.0,24.99,22.8,59.59,10.32,472.4,22.93,59.87,10.46,22.93,59.87,21.63,62.33,10.06,33.87,30.7,10.12,472.4,0.08,1.62,0.0
307.0,2024-01-03,15:18:51,307.0,24.99,22.8,59.59,10.32,472.11,22.93,59.87,10.46,22.93,59.87,21.63,62.33,10.06,33.87,30.7,10.12,472.11,0.07,1.62,0.0
308.0,2024-01-03,15:18:52,308.0,24.99,22.8,59.59,10.32,472.11,22.93,59.87,10.46,22.93,59.87,21.63,62.33,10.06,33.87,30.7,10.12,472.11,0.07,1.62,0.0
309.0,2024-01-03,15:18:53,309.0,25.01,22.8,59.56,10.32,474.29,22.94,59.83,10.46,22.94,59.83,21.6,62.52,10.06,33.88,30.67,10.12,474.29,0.08,1.63,0.0
310.0,2024-01-03,15:18:54,310.0,25.01,22.8,59.56,10.32,476.94,22.94,59.83,10.46,22.94,59.83,21.6,62.52,10.06,33.88,30.67,10.12,476.94,0.08,1.64,0.0
311.0,2024-01-03,15:18:55,311.0,25.01,22.8,59.56,10.32,480.64,22.94,59.83,10.46,22.94,59.83,21.6,62.52,10.06,33.88,30.67,10.12,480.64,0.08,1.65,0.0
312.0,2024-01-03,15:18:56,312.0,25.03,22.81,59.53,10.32,481.33,22.95,59.79,10.46,22.95,59.79,21.56,62.71,10.07,33.89,30.66,10.12,481.33,0.08,1.65,0.0
313.0,2024-01-03,15:18:57,313.0,25.03,22.81,59.53,10.32,481.44,22.95,59.79,10.46,22.95,59.79,21.56,62.71,10.07,33.89,30.66,10.12,481.44,0.08,1.65,0.0
314.0,2024-01-03,15:18:58,314.0,25.03,22.81,59.53,10.32,479.84,22.95,59.79,10.46,22.95,59.79,21.56,62.71,10.07,33.89,30.66,10.12,479.84,0.08,1.65,0.0
315.0,2024-01-03,15:18:59,315.0,25.04,22.82,59.53,10.32,475.92,22.96,59.75,10.46,22.96,59.75,21.52,62.91,10.08,33.91,30.62,10.12,475.92,0.08,1.63,0.0
316.0,2024-01-03,15:19:00,316.0,25.04,22.82,59.53,10.32,475.05,22.96,59.75,10.46,22.96,59.75,21.52,62.91,10.08,33.91,30.62,10.12,475.05,0.08,1.63,0.0
317.0,2024-01-03,15:19:01,317.0,25.04,22.82,59.53,10.32,477.21,22.96,59.75,10.46,22.96,59.75,21.52,62.91,10.08,33.91,30.62,10.12,477.21,0.08,1.64,0.0
318.0,2024-01-03,15:19:02,318.0,25.06,22.82,59.49,10.32,477.97,22.97,59.72,10.46,22.97,59.72,21.49,63.06,10.09,33.93,30.6,10.12,477.97,0.08,1.64,0.0
319.0,2024-01-03,15:19:03,319.0,25.06,22.82,59.49,10.32,479.14,22.97,59.72,10.46,22.97,59.72,21.49,63.06,10.09,33.93,30.6,10.12,479.14,0.08,1.65,0.0
320.0,2024-01-03,15:19:04,320.0,25.06,22.82,59.49,10.32,480.98,22.97,59.72,10.46,22.97,59.72,21.49,63.06,10.09,33.93,30.6,10.12,480.98,0.08,1.65,0.0
321.0,2024-01-03,15:19:05,321.0,25.07,22.83,59.5,10.33,484.76,22.98,59.68,10.46,22.98,59.68,21.48,63.16,10.09,33.94,30.57,10.12,484.76,0.08,1.67,0.0
322.0,2024-01-03,15:19:06,322.0,25.07,22.83,59.5,10.33,485.8,22.98,59.68,10.46,22.98,59.68,21.48,63.16,10.09,33.94,30.57,10.12,485.8,0.08,1.67,0.0
323.0,2024-01-03,15:19:07,323.0,25.07,22.83,59.5,10.33,486.4,22.98,59.68,10.46,22.98,59.68,21.48,63.16,10.09,33.94,30.57,10.12,486.4,0.08,1.67,0.0
324.0,2024-01-03,15:19:08,324.0,25.08,22.83,59.47,10.33,484.98,22.99,59.64,10.45,22.99,59.64,21.47,63.17,10.09,33.96,30.53,10.11,484.98,0.08,1.67,0.0
325.0,2024-01-03,15:19:09,325.0,25.08,22.83,59.47,10.33,482.83,22.99,59.64,10.45,22.99,59.64,21.47,63.17,10.09,33.96,30.53,10.11,482.83,0.08,1.66,0.0
326.0,2024-01-03,15:19:10,326.0,25.08,22.83,59.47,10.33,482.39,22.99,59.64,10.45,22.99,59.64,21.47,63.17,10.09,33.96,30.53,10.11,482.39,0.08,1.66,0.0
327.0,2024-01-03,15:19:11,327.0,25.1,22.84,59.46,10.33,482.07,23,59.61,10.46,23,59.61,21.48,63.14,10.09,33.97,30.5,10.11,482.07,0.08,1.66,0.0
328.0,2024-01-03,15:19:12,328.0,25.1,22.84,59.46,10.33,480.36,23,59.61,10.46,23,59.61,21.48,63.14,10.09,33.97,30.5,10.11,480.36,0.08,1.65,0.0
329.0,2024-01-03,15:19:13,329.0,25.1,22.84,59.46,10.33,478.63,23,59.61,10.46,23,59.61,21.48,63.14,10.09,33.97,30.5,10.11,478.63,0.08,1.64,0.0
330.0,2024-01-03,15:19:14,330.0,25.11,22.84,59.44,10.33,477.84,23.01,59.58,10.45,23.01,59.58,21.48,63.09,10.08,33.98,30.49,10.12,477.84,0.08,1.64,0.0
331.0,2024-01-03,15:19:15,331.0,25.11,22.84,59.44,10.33,475.43,23.01,59.58,10.45,23.01,59.58,21.48,63.09,10.08,33.98,30.49,10.12,475.43,0.08,1.64,0.0
332.0,2024-01-03,15:19:16,332.0,25.11,22.84,59.44,10.33,474.77,23.01,59.58,10.45,23.01,59.58,21.48,63.09,10.08,33.98,30.49,10.12,474.77,0.08,1.63,0.0
333.0,2024-01-03,15:19:17,333.0,25.12,22.85,59.44,10.33,474.22,23.02,59.52,10.45,23.02,59.52,21.5,62.95,10.08,34,30.46,10.11,474.22,0.08,1.63,0.0
334.0,2024-01-03,15:19:18,334.0,25.12,22.85,59.44,10.33,473.78,23.02,59.52,10.45,23.02,59.52,21.5,62.95,10.08,34,30.46,10.11,473.78,0.08,1.63,0.0
335.0,2024-01-03,15:19:19,335.0,25.12,22.85,59.44,10.33,470.67,23.02,59.52,10.45,23.02,59.52,21.5,62.95,10.08,34,30.46,10.11,470.67,0.08,1.62,0.0
336.0,2024-01-03,15:19:20,336.0,25.13,22.85,59.42,10.33,469.88,23.02,59.5,10.45,23.02,59.5,21.52,62.86,10.07,34.01,30.43,10.11,469.88,0.08,1.62,0.0
337.0,2024-01-03,15:19:21,337.0,25.13,22.85,59.42,10.33,470.67,23.02,59.5,10.45,23.02,59.5,21.52,62.86,10.07,34.01,30.43,10.11,470.67,0.08,1.62,0.0
338.0,2024-01-03,15:19:22,338.0,25.13,22.85,59.42,10.33,472.27,23.02,59.5,10.45,23.02,59.5,21.52,62.86,10.07,34.01,30.43,10.11,472.27,0.08,1.62,0.0
339.0,2024-01-03,15:19:23,339.0,25.15,22.86,59.41,10.33,472.4,23.03,59.46,10.45,23.03,59.46,21.52,62.83,10.07,34.03,30.4,10.11,472.4,0.08,1.63,0.0
340.0,2024-01-03,15:19:24,340.0,25.15,22.86,59.41,10.33,471.49,23.03,59.46,10.45,23.03,59.46,21.52,62.83,10.07,34.03,30.4,10.11,471.49,0.08,1.62,0.0
341.0,2024-01-03,15:19:25,341.0,25.15,22.86,59.41,10.33,471.48,23.03,59.46,10.45,23.03,59.46,21.52,62.83,10.07,34.03,30.4,10.11,471.48,0.08,1.62,0.0
342.0,2024-01-03,15:19:26,342.0,25.16,22.86,59.39,10.33,472.45,23.04,59.42,10.45,23.04,59.42,21.52,62.78,10.06,34.04,30.37,10.11,472.45,0.08,1.63,0.0
343.0,2024-01-03,15:19:27,343.0,25.16,22.86,59.39,10.33,472.91,23.04,59.42,10.45,23.04,59.42,21.52,62.78,10.06,34.04,30.37,10.11,472.91,0.08,1.63,0.0
344.0,2024-01-03,15:19:28,344.0,25.16,22.86,59.39,10.33,473.24,23.04,59.42,10.45,23.04,59.42,21.52,62.78,10.06,34.04,30.37,10.11,473.24,0.08,1.63,0.0
345.0,2024-01-03,15:19:29,345.0,25.18,22.86,59.39,10.33,474.01,23.05,59.41,10.45,23.05,59.41,21.51,62.81,10.06,34.06,30.35,10.11,474.01,0.08,1.63,0.0
346.0,2024-01-03,15:19:30,346.0,25.18,22.86,59.39,10.33,475.41,23.05,59.41,10.45,23.05,59.41,21.51,62.81,10.06,34.06,30.35,10.11,475.41,0.08,1.64,0.0
347.0,2024-01-03,15:19:31,347.0,25.18,22.86,59.39,10.33,475.72,23.05,59.41,10.45,23.05,59.41,21.51,62.81,10.06,34.06,30.35,10.11,475.72,0.08,1.64,0.0
348.0,2024-01-03,15:19:32,348.0,25.19,22.87,59.38,10.33,477.36,23.06,59.36,10.45,23.06,59.36,21.51,62.81,10.05,34.08,30.32,10.11,477.36,0.08,1.65,0.0
349.0,2024-01-03,15:19:33,349.0,25.19,22.87,59.38,10.33,476.47,23.06,59.36,10.45,23.06,59.36,21.51,62.81,10.05,34.08,30.32,10.11,476.47,0.08,1.65,0.0
350.0,2024-01-03,15:19:34,350.0,25.19,22.87,59.38,10.33,478.26,23.06,59.36,10.45,23.06,59.36,21.51,62.81,10.05,34.08,30.32,10.11,478.26,0.08,1.65,0.0
351.0,2024-01-03,15:19:35,351.0,25.2,22.87,59.36,10.33,478.47,23.07,59.34,10.45,23.07,59.34,21.5,62.83,10.05,34.09,30.29,10.11,478.47,0.08,1.65,0.0
352.0,2024-01-03,15:19:36,352.0,25.2,22.87,59.36,10.33,476.02,23.07,59.34,10.45,23.07,59.34,21.5,62.83,10.05,34.09,30.29,10.11,476.02,0.08,1.65,0.0
353.0,2024-01-03,15:19:37,353.0,25.2,22.87,59.36,10.33,473.84,23.07,59.34,10.45,23.07,59.34,21.5,62.83,10.05,34.09,30.29,10.11,473.84,0.08,1.64,0.0
354.0,2024-01-03,15:19:38,354.0,25.22,22.87,59.34,10.33,472.24,23.07,59.3,10.45,23.07,59.3,21.49,62.84,10.05,34.11,30.27,10.11,472.24,0.08,1.63,0.0
355.0,2024-01-03,15:19:39,355.0,25.22,22.87,59.34,10.33,477.71,23.07,59.3,10.45,23.07,59.3,21.49,62.84,10.05,34.11,30.27,10.11,477.71,0.08,1.65,0.0
356.0,2024-01-03,15:19:40,356.0,25.22,22.87,59.34,10.33,494.22,23.07,59.3,10.45,23.07,59.3,21.49,62.84,10.05,34.11,30.27,10.11,494.22,0.08,1.71,0.0
357.0,2024-01-03,15:19:41,357.0,25.23,22.88,59.36,10.33,500,23.08,59.28,10.45,23.08,59.28,21.49,62.78,10.04,34.12,30.24,10.11,500,0.08,1.73,0.0
358.0,2024-01-03,15:19:42,358.0,25.23,22.88,59.36,10.33,505.58,23.08,59.28,10.45,23.08,59.28,21.49,62.78,10.04,34.12,30.24,10.11,505.58,0.09,1.75,0.0
359.0,2024-01-03,15:19:43,359.0,25.23,22.88,59.36,10.33,508.04,23.08,59.28,10.45,23.08,59.28,21.49,62.78,10.04,34.12,30.24,10.11,508.04,0.09,1.76,0.0
360.0,2024-01-03,15:19:44,360.0,25.23,22.88,59.33,10.33,515.28,23.12,61.33,10.85,23.12,61.33,21.5,62.71,10.04,34.14,30.21,10.12,515.28,0.09,1.78,0.0
361.0,2024-01-03,15:19:45,361.0,25.23,22.88,59.33,10.33,517.85,23.12,61.33,10.85,23.12,61.33,21.5,62.71,10.04,34.14,30.21,10.12,517.85,0.27,1.62,0.0
362.0,2024-01-03,15:19:46,362.0,25.23,22.88,59.33,10.33,522.29,23.12,61.33,10.85,23.12,61.33,21.5,62.71,10.04,34.14,30.21,10.12,522.29,0.27,1.63,0.0
363.0,2024-01-03,15:19:47,363.0,25.24,22.88,59.36,10.34,524.86,23.2,72.45,12.91,23.2,72.45,21.51,62.65,10.03,34.17,30.18,10.12,524.86,0.27,1.64,0.0
364.0,2024-01-03,15:19:48,364.0,25.24,22.88,59.36,10.34,526.74,23.2,72.45,12.91,23.2,72.45,21.51,62.65,10.03,34.17,30.18,10.12,526.74,1.21,0.71,0.0
365.0,2024-01-03,15:19:49,365.0,25.24,22.88,59.36,10.34,526.77,23.2,72.45,12.91,23.2,72.45,21.51,62.65,10.03,34.17,30.18,10.12,526.77,1.21,0.71,0.0
366.0,2024-01-03,15:19:50,366.0,25.24,22.88,59.35,10.33,526.09,23.26,80.05,14.35,23.26,80.05,21.52,62.58,10.03,34.19,30.15,10.12,526.09,1.21,0.71,0.0
367.0,2024-01-03,15:19:51,367.0,25.24,22.88,59.35,10.33,525.75,23.26,80.05,14.35,23.26,80.05,21.52,62.58,10.03,34.19,30.15,10.12,525.75,1.86,0.07,0.0
368.0,2024-01-03,15:19:52,368.0,25.24,22.88,59.35,10.33,525.52,23.26,80.05,14.35,23.26,80.05,21.52,62.58,10.03,34.19,30.15,10.12,525.52,1.86,0.07,0.0
369.0,2024-01-03,15:19:53,369.0,25.24,22.88,59.34,10.33,525.3,23.3,83.68,15.05,23.3,83.68,21.54,62.49,10.02,34.22,30.14,10.13,525.3,1.86,0.07,0.0
370.0,2024-01-03,15:19:54,370.0,25.24,22.88,59.34,10.33,525.58,23.3,83.68,15.05,23.3,83.68,21.54,62.49,10.02,34.22,30.14,10.13,525.58,2.18,-0.24,0.0
371.0,2024-01-03,15:19:55,371.0,25.24,22.88,59.34,10.33,525.9,23.3,83.68,15.05,23.3,83.68,21.54,62.49,10.02,34.22,30.14,10.13,525.9,2.18,-0.24,0.0
372.0,2024-01-03,15:19:56,372.0,25.24,22.88,59.38,10.34,525.82,23.33,84.77,15.29,23.33,84.77,21.55,62.42,10.02,34.25,30.11,10.14,525.82,2.18,-0.24,0.0
373.0,2024-01-03,15:19:57,373.0,25.24,22.88,59.38,10.34,525.58,23.33,84.77,15.29,23.33,84.77,21.55,62.42,10.02,34.25,30.11,10.14,525.58,2.29,-0.35,0.0
374.0,2024-01-03,15:19:58,374.0,25.24,22.88,59.38,10.34,525.29,23.33,84.77,15.29,23.33,84.77,21.55,62.42,10.02,34.25,30.11,10.14,525.29,2.28,-0.35,0.0
375.0,2024-01-03,15:19:59,375.0,25.24,22.88,59.38,10.34,525.19,23.37,84.37,15.25,23.37,84.37,21.58,62.24,10.01,34.28,30.09,10.15,525.19,2.27,-0.32,0.0
376.0,2024-01-03,15:20:00,376.0,25.24,22.88,59.38,10.34,525.19,23.37,84.37,15.25,23.37,84.37,21.58,62.24,10.01,34.28,30.09,10.15,525.19,2.27,-0.32,0.0
377.0,2024-01-03,15:20:01,377.0,25.24,22.88,59.38,10.34,525.49,23.37,84.37,15.25,23.37,84.37,21.58,62.24,10.01,34.28,30.09,10.15,525.49,2.27,-0.32,0.0
378.0,2024-01-03,15:20:02,378.0,25.24,22.88,59.4,10.34,527.77,23.41,83.12,15.05,23.41,83.12,21.64,61.88,9.99,34.31,30.08,10.16,527.77,2.28,-0.33,0.0
379.0,2024-01-03,15:20:03,379.0,25.24,22.88,59.4,10.34,528.75,23.41,83.12,15.05,23.41,83.12,21.64,61.88,9.99,34.31,30.08,10.16,528.75,2.21,-0.23,0.0
380.0,2024-01-03,15:20:04,380.0,25.24,22.88,59.4,10.34,524.27,23.41,83.12,15.05,23.41,83.12,21.64,61.88,9.99,34.31,30.08,10.16,524.27,2.19,-0.23,0.0
381.0,2024-01-03,15:20:05,381.0,25.25,22.88,59.41,10.34,517.15,23.44,81.49,14.78,23.44,81.49,21.66,61.77,9.98,34.34,30.06,10.17,517.15,2.16,-0.23,0.0
382.0,2024-01-03,15:20:06,382.0,25.25,22.88,59.41,10.34,504.16,23.44,81.49,14.78,23.44,81.49,21.66,61.77,9.98,34.34,30.06,10.17,504.16,1.99,-0.1,0.0
383.0,2024-01-03,15:20:07,383.0,25.25,22.88,59.41,10.34,497.07,23.44,81.49,14.78,23.44,81.49,21.66,61.77,9.98,34.34,30.06,10.17,497.07,1.96,-0.1,0.0
384.0,2024-01-03,15:20:08,384.0,25.24,22.88,59.43,10.34,493.6,23.44,79.86,14.48,23.44,79.86,21.65,61.87,9.99,34.36,30.05,10.18,493.6,1.95,-0.1,0.0
385.0,2024-01-03,15:20:09,385.0,25.24,22.88,59.43,10.34,487.62,23.44,79.86,14.48,23.44,79.86,21.65,61.87,9.99,34.36,30.05,10.18,487.62,1.8,0.03,0.0
386.0,2024-01-03,15:20:10,386.0,25.24,22.88,59.43,10.34,484.69,23.44,79.86,14.48,23.44,79.86,21.65,61.87,9.99,34.36,30.05,10.18,484.69,1.79,0.03,0.0
387.0,2024-01-03,15:20:11,387.0,25.22,22.88,59.43,10.34,481.47,23.43,78.23,14.17,23.43,78.23,21.65,61.87,9.99,34.38,30.05,10.19,481.47,1.78,0.03,0.0
388.0,2024-01-03,15:20:12,388.0,25.22,22.88,59.43,10.34,477.25,23.43,78.23,14.17,23.43,78.23,21.65,61.87,9.99,34.38,30.05,10.19,477.25,1.64,0.16,0.0
389.0,2024-01-03,15:20:13,389.0,25.22,22.88,59.43,10.34,475.25,23.43,78.23,14.17,23.43,78.23,21.65,61.87,9.99,34.38,30.05,10.19,475.25,1.63,0.16,0.0
390.0,2024-01-03,15:20:14,390.0,25.21,22.88,59.42,10.34,473.34,23.42,76.7,13.87,23.42,76.7,21.66,61.93,10,34.39,30.03,10.19,473.34,1.62,0.16,0.0
391.0,2024-01-03,15:20:15,391.0,25.21,22.88,59.42,10.34,473.55,23.42,76.7,13.87,23.42,76.7,21.66,61.93,10,34.39,30.03,10.19,473.55,1.51,0.29,0.0
392.0,2024-01-03,15:20:16,392.0,25.21,22.88,59.42,10.34,474.01,23.42,76.7,13.87,23.42,76.7,21.66,61.93,10,34.39,30.03,10.19,474.01,1.51,0.29,0.0
393.0,2024-01-03,15:20:17,393.0,25.2,22.88,59.41,10.34,474.49,23.41,75.21,13.59,23.41,75.21,21.64,62.08,10.02,34.4,30.02,10.2,474.49,1.51,0.29,0.0
394.0,2024-01-03,15:20:18,394.0,25.2,22.88,59.41,10.34,475.88,23.41,75.21,13.59,23.41,75.21,21.64,62.08,10.02,34.4,30.02,10.2,475.88,1.4,0.41,0.0
395.0,2024-01-03,15:20:19,395.0,25.2,22.88,59.41,10.34,477.64,23.41,75.21,13.59,23.41,75.21,21.64,62.08,10.02,34.4,30.02,10.2,477.64,1.4,0.41,0.0
396.0,2024-01-03,15:20:20,396.0,25.2,22.88,59.41,10.34,476.73,23.4,73.79,13.32,23.4,73.79,21.69,61.87,10.01,34.41,30,10.2,476.73,1.4,0.41,0.0
397.0,2024-01-03,15:20:21,397.0,25.2,22.88,59.41,10.34,474.98,23.4,73.79,13.32,23.4,73.79,21.69,61.87,10.01,34.41,30,10.2,474.98,1.29,0.52,0.0
398.0,2024-01-03,15:20:22,398.0,25.2,22.88,59.41,10.34,474.98,23.4,73.79,13.32,23.4,73.79,21.69,61.87,10.01,34.41,30,10.2,474.98,1.29,0.52,0.0
399.0,2024-01-03,15:20:23,399.0,25.21,22.88,59.4,10.34,475.11,23.4,72.46,13.07,23.4,72.46,21.72,61.73,10.01,34.42,30,10.2,475.11,1.29,0.52,0.0
400.0,2024-01-03,15:20:24,400.0,25.21,22.88,59.4,10.34,473.72,23.4,72.46,13.07,23.4,72.46,21.72,61.73,10.01,34.42,30,10.2,473.72,1.18,0.62,0.0
401.0,2024-01-03,15:20:25,401.0,25.21,22.88,59.4,10.34,473.26,23.4,72.46,13.07,23.4,72.46,21.72,61.73,10.01,34.42,30,10.2,473.26,1.18,0.62,0.0
402.0,2024-01-03,15:20:26,402.0,25.22,22.88,59.4,10.34,473.83,23.39,71.32,12.86,23.39,71.32,21.77,61.55,10.01,34.42,29.99,10.2,473.83,1.18,0.62,0.0
403.0,2024-01-03,15:20:27,403.0,25.22,22.88,59.4,10.34,474.66,23.39,71.32,12.86,23.39,71.32,21.77,61.55,10.01,34.42,29.99,10.2,474.66,1.09,0.71,0.0
404.0,2024-01-03,15:20:28,404.0,25.22,22.88,59.4,10.34,476.76,23.39,71.32,12.86,23.39,71.32,21.77,61.55,10.01,34.42,29.99,10.2,476.76,1.1,0.71,0.0
405.0,2024-01-03,15:20:29,405.0,25.23,22.89,59.38,10.34,478.45,23.39,70.25,12.66,23.39,70.25,21.84,61.25,10.01,34.43,29.99,10.2,478.45,1.1,0.71,0.0
406.0,2024-01-03,15:20:30,406.0,25.23,22.89,59.38,10.34,478.41,23.39,70.25,12.66,23.39,70.25,21.84,61.25,10.01,34.43,29.99,10.2,478.41,1.02,0.79,0.0
407.0,2024-01-03,15:20:31,407.0,25.23,22.89,59.38,10.34,478.45,23.39,70.25,12.66,23.39,70.25,21.84,61.25,10.01,34.43,29.99,10.2,478.45,1.02,0.79,0.0
408.0,2024-01-03,15:20:32,408.0,25.25,22.89,59.37,10.34,477.2,23.38,69.25,12.47,23.38,69.25,21.9,61,10,34.44,29.96,10.2,477.2,1.02,0.79,0.0
409.0,2024-01-03,15:20:33,409.0,25.25,22.89,59.37,10.34,476.57,23.38,69.25,12.47,23.38,69.25,21.9,61,10,34.44,29.96,10.2,476.57,0.94,0.87,0.0
410.0,2024-01-03,15:20:34,410.0,25.25,22.89,59.37,10.34,476.58,23.38,69.25,12.47,23.38,69.25,21.9,61,10,34.44,29.96,10.2,476.58,0.94,0.87,0.0
411.0,2024-01-03,15:20:35,411.0,25.28,22.9,59.36,10.35,477.86,23.38,68.3,12.3,23.38,68.3,21.93,60.95,10.01,34.45,29.93,10.19,477.86,0.87,0.94,0.0
412.0,2024-01-03,15:20:36,412.0,25.28,22.9,59.36,10.35,477.97,23.38,68.3,12.3,23.38,68.3,21.93,60.95,10.01,34.45,29.93,10.19,477.97,0.87,0.94,0.0
413.0,2024-01-03,15:20:37,413.0,25.28,22.9,59.36,10.35,475.3,23.38,68.3,12.3,23.38,68.3,21.93,60.95,10.01,34.45,29.93,10.19,475.3,0.86,0.94,0.0
414.0,2024-01-03,15:20:38,414.0,25.3,22.91,59.32,10.35,474.2,23.38,67.4,12.13,23.38,67.4,21.9,61.19,10.04,34.46,29.91,10.19,474.2,0.86,0.93,0.0
415.0,2024-01-03,15:20:39,415.0,25.3,22.91,59.32,10.35,472.43,23.38,67.4,12.13,23.38,67.4,21.9,61.19,10.04,34.46,29.91,10.19,472.43,0.79,1.0,0.0
416.0,2024-01-03,15:20:40,416.0,25.3,22.91,59.32,10.35,471.16,23.38,67.4,12.13,23.38,67.4,21.9,61.19,10.04,34.46,29.91,10.19,471.16,0.79,1.0,0.0
417.0,2024-01-03,15:20:41,417.0,25.32,22.91,59.3,10.35,471.63,23.39,66.56,11.98,23.39,66.56,21.87,61.51,10.07,34.46,29.91,10.19,471.63,0.79,1.0,0.0
418.0,2024-01-03,15:20:42,418.0,25.32,22.91,59.3,10.35,474.86,23.39,66.56,11.98,23.39,66.56,21.87,61.51,10.07,34.46,29.91,10.19,474.86,0.73,1.06,0.0
419.0,2024-01-03,15:20:43,419.0,25.32,22.91,59.3,10.35,478.49,23.39,66.56,11.98,23.39,66.56,21.87,61.51,10.07,34.46,29.91,10.19,478.49,0.74,1.07,0.0
420.0,2024-01-03,15:20:44,420.0,25.34,22.92,59.27,10.35,481.92,23.39,65.78,11.84,23.39,65.78,21.85,61.7,10.08,34.46,29.91,10.19,481.92,0.75,1.08,0.0
421.0,2024-01-03,15:20:45,421.0,25.34,22.92,59.27,10.35,482.36,23.39,65.78,11.84,23.39,65.78,21.85,61.7,10.08,34.46,29.91,10.19,482.36,0.69,1.14,0.0
422.0,2024-01-03,15:20:46,422.0,25.34,22.92,59.27,10.35,481.47,23.39,65.78,11.84,23.39,65.78,21.85,61.7,10.08,34.46,29.91,10.19,481.47,0.69,1.14,0.0
423.0,2024-01-03,15:20:47,423.0,25.37,22.93,59.26,10.35,480.48,23.39,65.1,11.72,23.39,65.1,21.84,61.81,10.1,34.46,29.9,10.19,480.48,0.69,1.13,0.0
424.0,2024-01-03,15:20:48,424.0,25.37,22.93,59.26,10.35,481.75,23.39,65.1,11.72,23.39,65.1,21.84,61.81,10.1,34.46,29.9,10.19,481.75,0.63,1.19,0.0
425.0,2024-01-03,15:20:49,425.0,25.37,22.93,59.26,10.35,480.81,23.39,65.1,11.72,23.39,65.1,21.84,61.81,10.1,34.46,29.9,10.19,480.81,0.63,1.18,0.0
426.0,2024-01-03,15:20:50,426.0,25.39,22.94,59.23,10.35,481.18,23.39,64.46,11.6,23.39,64.46,21.82,61.93,10.11,34.47,29.89,10.19,481.18,0.63,1.18,0.0
427.0,2024-01-03,15:20:51,427.0,25.39,22.94,59.23,10.35,481.28,23.39,64.46,11.6,23.39,64.46,21.82,61.93,10.11,34.47,29.89,10.19,481.28,0.58,1.23,0.0
428.0,2024-01-03,15:20:52,428.0,25.39,22.94,59.23,10.35,479.54,23.39,64.46,11.6,23.39,64.46,21.82,61.93,10.11,34.47,29.89,10.19,479.54,0.58,1.23,0.0
429.0,2024-01-03,15:20:53,429.0,25.4,22.95,59.18,10.35,478.78,23.4,63.86,11.49,23.4,63.86,21.82,62.01,10.12,34.47,29.88,10.19,478.78,0.58,1.23,0.0
430.0,2024-01-03,15:20:54,430.0,25.4,22.95,59.18,10.35,479.85,23.4,63.86,11.49,23.4,63.86,21.82,62.01,10.12,34.47,29.88,10.19,479.85,0.54,1.27,0.0
431.0,2024-01-03,15:20:55,431.0,25.4,22.95,59.18,10.35,480.23,23.4,63.86,11.49,23.4,63.86,21.82,62.01,10.12,34.47,29.88,10.19,480.23,0.54,1.27,0.0
432.0,2024-01-03,15:20:56,432.0,25.42,22.96,59.15,10.35,480.65,23.4,63.29,11.39,23.4,63.29,21.83,61.95,10.12,34.48,29.87,10.19,480.65,0.54,1.27,0.0
433.0,2024-01-03,15:20:57,433.0,25.42,22.96,59.15,10.35,480.63,23.4,63.29,11.39,23.4,63.29,21.83,61.95,10.12,34.48,29.87,10.19,480.63,0.5,1.31,0.0
434.0,2024-01-03,15:20:58,434.0,25.42,22.96,59.15,10.35,478.47,23.4,63.29,11.39,23.4,63.29,21.83,61.95,10.12,34.48,29.87,10.19,478.47,0.5,1.31,0.0
435.0,2024-01-03,15:20:59,435.0,25.44,22.97,59.13,10.35,477.54,23.41,62.75,11.3,23.41,62.75,21.85,61.84,10.11,34.49,29.84,10.19,477.54,0.5,1.31,0.0
436.0,2024-01-03,15:21:00,436.0,25.44,22.97,59.13,10.35,476.85,23.41,62.75,11.3,23.41,62.75,21.85,61.84,10.11,34.49,29.84,10.19,476.85,0.46,1.34,0.0
437.0,2024-01-03,15:21:01,437.0,25.44,22.97,59.13,10.35,476.59,23.41,62.75,11.3,23.41,62.75,21.85,61.84,10.11,34.49,29.84,10.19,476.59,0.46,1.34,0.0
438.0,2024-01-03,15:21:02,438.0,25.45,22.98,59.09,10.35,476.31,23.42,62.27,11.22,23.42,62.27,21.85,61.85,10.11,34.5,29.81,10.18,476.31,0.46,1.34,0.0
439.0,2024-01-03,15:21:03,439.0,25.45,22.98,59.09,10.35,476.26,23.42,62.27,11.22,23.42,62.27,21.85,61.85,10.11,34.5,29.81,10.18,476.26,0.42,1.37,0.0
440.0,2024-01-03,15:21:04,440.0,25.45,22.98,59.09,10.35,473.45,23.42,62.27,11.22,23.42,62.27,21.85,61.85,10.11,34.5,29.81,10.18,473.45,0.42,1.37,0.0
441.0,2024-01-03,15:21:05,441.0,25.47,22.99,59.07,10.35,471.5,23.43,61.82,11.14,23.43,61.82,21.85,61.86,10.11,34.52,29.78,10.18,471.5,0.42,1.36,0.0
442.0,2024-01-03,15:21:06,442.0,25.47,22.99,59.07,10.35,470.72,23.43,61.82,11.14,23.43,61.82,21.85,61.86,10.11,34.52,29.78,10.18,470.72,0.39,1.39,0.0
443.0,2024-01-03,15:21:07,443.0,25.47,22.99,59.07,10.35,471.99,23.43,61.82,11.14,23.43,61.82,21.85,61.86,10.11,34.52,29.78,10.18,471.99,0.39,1.39,0.0
444.0,2024-01-03,15:21:08,444.0,25.48,23,59.03,10.35,475.45,23.44,61.42,11.07,23.44,61.42,21.86,61.74,10.1,34.53,29.76,10.18,475.45,0.39,1.4,0.0
445.0,2024-01-03,15:21:09,445.0,25.48,23,59.03,10.35,476.56,23.44,61.42,11.07,23.44,61.42,21.86,61.74,10.1,34.53,29.76,10.18,476.56,0.36,1.43,0.0
446.0,2024-01-03,15:21:10,446.0,25.48,23,59.03,10.35,477.19,23.44,61.42,11.07,23.44,61.42,21.86,61.74,10.1,34.53,29.76,10.18,477.19,0.36,1.43,0.0
447.0,2024-01-03,15:21:11,447.0,25.5,23.01,59,10.35,477.22,23.45,61.07,11.01,23.45,61.07,21.85,61.73,10.09,34.54,29.75,10.18,477.22,0.36,1.43,0.0
448.0,2024-01-03,15:21:12,448.0,25.5,23.01,59,10.35,477.35,23.45,61.07,11.01,23.45,61.07,21.85,61.73,10.09,34.54,29.75,10.18,477.35,0.34,1.46,0.0
449.0,2024-01-03,15:21:13,449.0,25.5,23.01,59,10.35,478.18,23.45,61.07,11.01,23.45,61.07,21.85,61.73,10.09,34.54,29.75,10.18,478.18,0.34,1.46,0.0
450.0,2024-01-03,15:21:14,450.0,25.53,23.01,58.98,10.35,476.07,23.46,60.71,10.96,23.46,60.71,21.86,61.63,10.08,34.55,29.73,10.19,476.07,0.34,1.46,0.0
451.0,2024-01-03,15:21:15,451.0,25.53,23.01,58.98,10.35,473.21,23.46,60.71,10.96,23.46,60.71,21.86,61.63,10.08,34.55,29.73,10.19,473.21,0.31,1.47,0.0
452.0,2024-01-03,15:21:16,452.0,25.53,23.01,58.98,10.35,473.39,23.46,60.71,10.96,23.46,60.71,21.86,61.63,10.08,34.55,29.73,10.19,473.39,0.31,1.47,0.0
453.0,2024-01-03,15:21:17,453.0,25.54,23.02,58.94,10.35,473.86,23.47,60.37,10.9,23.47,60.37,21.85,61.62,10.08,34.56,29.72,10.19,473.86,0.29,1.5,0.0
454.0,2024-01-03,15:21:18,454.0,25.54,23.02,58.94,10.35,474.35,23.47,60.37,10.9,23.47,60.37,21.85,61.62,10.08,34.56,29.72,10.19,474.35,0.3,1.5,0.0
455.0,2024-01-03,15:21:19,455.0,25.54,23.02,58.94,10.35,474.98,23.47,60.37,10.9,23.47,60.37,21.85,61.62,10.08,34.56,29.72,10.19,474.98,0.3,1.5,0.0
456.0,2024-01-03,15:21:20,456.0,25.56,23.03,58.93,10.35,475.16,23.48,60.07,10.86,23.48,60.07,21.83,61.68,10.07,34.57,29.72,10.19,475.16,0.3,1.5,0.0
457.0,2024-01-03,15:21:21,457.0,25.56,23.03,58.93,10.35,475.36,23.48,60.07,10.86,23.48,60.07,21.83,61.68,10.07,34.57,29.72,10.19,475.36,0.27,1.52,0.0
458.0,2024-01-03,15:21:22,458.0,25.56,23.03,58.93,10.35,475.77,23.48,60.07,10.86,23.48,60.07,21.83,61.68,10.07,34.57,29.72,10.19,475.77,0.27,1.52,0.0
459.0,2024-01-03,15:21:23,459.0,25.58,23.04,58.9,10.35,473.71,23.49,59.81,10.81,23.49,59.81,21.79,61.84,10.07,34.58,29.71,10.19,473.71,0.26,1.53,0.0
460.0,2024-01-03,15:21:24,460.0,25.58,23.04,58.9,10.35,473.22,23.49,59.81,10.81,23.49,59.81,21.79,61.84,10.07,34.58,29.71,10.19,473.22,0.26,1.53,0.0
461.0,2024-01-03,15:21:25,461.0,25.58,23.04,58.9,10.35,472.63,23.49,59.81,10.81,23.49,59.81,21.79,61.84,10.07,34.58,29.71,10.19,472.63,0.26,1.53,0.0
462.0,2024-01-03,15:21:26,462.0,25.59,23.05,58.86,10.35,472.18,23.5,59.56,10.78,23.5,59.56,21.76,61.93,10.07,34.59,29.69,10.19,472.18,0.26,1.53,0.0
463.0,2024-01-03,15:21:27,463.0,25.59,23.05,58.86,10.35,472.12,23.5,59.56,10.78,23.5,59.56,21.76,61.93,10.07,34.59,29.69,10.19,472.12,0.24,1.54,0.0
464.0,2024-01-03,15:21:28,464.0,25.59,23.05,58.86,10.35,472.42,23.5,59.56,10.78,23.5,59.56,21.76,61.93,10.07,34.59,29.69,10.19,472.42,0.24,1.54,0.0
465.0,2024-01-03,15:21:29,465.0,25.61,23.05,58.83,10.35,472.75,23.51,59.31,10.74,23.51,59.31,21.73,62.04,10.07,34.6,29.67,10.19,472.75,0.23,1.56,0.0
466.0,2024-01-03,15:21:30,466.0,25.61,23.05,58.83,10.35,472.58,23.51,59.31,10.74,23.51,59.31,21.73,62.04,10.07,34.6,29.67,10.19,472.58,0.23,1.56,0.0
467.0,2024-01-03,15:21:31,467.0,25.61,23.05,58.83,10.35,472.29,23.51,59.31,10.74,23.51,59.31,21.73,62.04,10.07,34.6,29.67,10.19,472.29,0.23,1.56,0.0
468.0,2024-01-03,15:21:32,468.0,25.62,23.06,58.83,10.36,472.41,23.52,59.08,10.7,23.52,59.08,21.7,62.14,10.07,34.61,29.67,10.19,472.41,0.23,1.56,0.0
469.0,2024-01-03,15:21:33,469.0,25.62,23.06,58.83,10.36,472.43,23.52,59.08,10.7,23.52,59.08,21.7,62.14,10.07,34.61,29.67,10.19,472.43,0.21,1.57,0.0
470.0,2024-01-03,15:21:34,470.0,25.62,23.06,58.83,10.36,472.24,23.52,59.08,10.7,23.52,59.08,21.7,62.14,10.07,34.61,29.67,10.19,472.24,0.21,1.57,0.0
471.0,2024-01-03,15:21:35,471.0,25.64,23.07,58.81,10.35,470.81,23.53,58.89,10.67,23.53,58.89,21.68,62.2,10.06,34.61,29.67,10.19,470.81,0.2,1.58,0.0
472.0,2024-01-03,15:21:36,472.0,25.64,23.07,58.81,10.35,471.63,23.53,58.89,10.67,23.53,58.89,21.68,62.2,10.06,34.61,29.67,10.19,471.63,0.2,1.58,0.0
473.0,2024-01-03,15:21:37,473.0,25.64,23.07,58.81,10.35,473.07,23.53,58.89,10.67,23.53,58.89,21.68,62.2,10.06,34.61,29.67,10.19,473.07,0.2,1.59,0.0
474.0,2024-01-03,15:21:38,474.0,25.66,23.07,58.79,10.36,473.72,23.55,58.69,10.64,23.55,58.69,21.65,62.34,10.07,34.61,29.66,10.19,473.72,0.2,1.59,0.0
475.0,2024-01-03,15:21:39,475.0,25.66,23.07,58.79,10.36,472.95,23.55,58.69,10.64,23.55,58.69,21.65,62.34,10.07,34.61,29.66,10.19,472.95,0.19,1.6,0.0
476.0,2024-01-03,15:21:40,476.0,25.66,23.07,58.79,10.36,472.81,23.55,58.69,10.64,23.55,58.69,21.65,62.34,10.07,34.61,29.66,10.19,472.81,0.19,1.6,0.0
477.0,2024-01-03,15:21:41,477.0,25.68,23.08,58.76,10.35,474.03,23.56,58.48,10.61,23.56,58.48,21.63,62.43,10.07,34.62,29.65,10.19,474.03,0.19,1.6,0.0
478.0,2024-01-03,15:21:42,478.0,25.68,23.08,58.76,10.35,478.74,23.56,58.48,10.61,23.56,58.48,21.63,62.43,10.07,34.62,29.65,10.19,478.74,0.18,1.63,0.0
479.0,2024-01-03,15:21:43,479.0,25.68,23.08,58.76,10.35,479.57,23.56,58.48,10.61,23.56,58.48,21.63,62.43,10.07,34.62,29.65,10.19,479.57,0.18,1.63,0.0
480.0,2024-01-03,15:21:44,480.0,25.69,23.08,58.74,10.35,478.76,23.57,58.3,10.59,23.57,58.3,21.61,62.51,10.07,34.62,29.63,10.19,478.76,0.18,1.63,0.0
481.0,2024-01-03,15:21:45,481.0,25.69,23.08,58.74,10.35,478.59,23.57,58.3,10.59,23.57,58.3,21.61,62.51,10.07,34.62,29.63,10.19,478.59,0.18,1.63,0.0
482.0,2024-01-03,15:21:46,482.0,25.69,23.08,58.74,10.35,478.41,23.57,58.3,10.59,23.57,58.3,21.61,62.51,10.07,34.62,29.63,10.19,478.41,0.18,1.63,0.0
483.0,2024-01-03,15:21:47,483.0,25.71,23.08,58.72,10.35,477.98,23.59,58.1,10.56,23.59,58.1,21.59,62.64,10.08,34.64,29.6,10.19,477.98,0.18,1.63,0.0
484.0,2024-01-03,15:21:48,484.0,25.71,23.08,58.72,10.35,477.35,23.59,58.1,10.56,23.59,58.1,21.59,62.64,10.08,34.64,29.6,10.19,477.35,0.17,1.64,0.0
485.0,2024-01-03,15:21:49,485.0,25.71,23.08,58.72,10.35,477.07,23.59,58.1,10.56,23.59,58.1,21.59,62.64,10.08,34.64,29.6,10.19,477.07,0.17,1.64,0.0
486.0,2024-01-03,15:21:50,486.0,25.72,23.09,58.7,10.35,475.6,23.6,57.96,10.54,23.6,57.96,21.56,62.77,10.08,34.64,29.59,10.18,475.6,0.17,1.63,0.0
487.0,2024-01-03,15:21:51,487.0,25.72,23.09,58.7,10.35,475.3,23.6,57.96,10.54,23.6,57.96,21.56,62.77,10.08,34.64,29.59,10.18,475.3,0.16,1.64,0.0
488.0,2024-01-03,15:21:52,488.0,25.72,23.09,58.7,10.35,477.36,23.6,57.96,10.54,23.6,57.96,21.56,62.77,10.08,34.64,29.59,10.18,477.36,0.16,1.64,0.0
489.0,2024-01-03,15:21:53,489.0,25.74,23.09,58.69,10.35,477.98,23.61,57.8,10.52,23.61,57.8,21.53,62.87,10.08,34.64,29.57,10.18,477.98,0.16,1.65,0.0
490.0,2024-01-03,15:21:54,490.0,25.74,23.09,58.69,10.35,475.35,23.61,57.8,10.52,23.61,57.8,21.53,62.87,10.08,34.64,29.57,10.18,475.35,0.15,1.64,0.0
491.0,2024-01-03,15:21:55,491.0,25.74,23.09,58.69,10.35,473.25,23.61,57.8,10.52,23.61,57.8,21.53,62.87,10.08,34.64,29.57,10.18,473.25,0.15,1.64,0.0
492.0,2024-01-03,15:21:56,492.0,25.75,23.09,58.67,10.35,471.48,23.62,57.66,10.5,23.62,57.66,21.52,62.9,10.08,34.65,29.54,10.17,471.48,0.15,1.63,0.0
493.0,2024-01-03,15:21:57,493.0,25.75,23.09,58.67,10.35,471.17,23.62,57.66,10.5,23.62,57.66,21.52,62.9,10.08,34.65,29.54,10.17,471.17,0.15,1.63,0.0
494.0,2024-01-03,15:21:58,494.0,25.75,23.09,58.67,10.35,474.49,23.62,57.66,10.5,23.62,57.66,21.52,62.9,10.08,34.65,29.54,10.17,474.49,0.15,1.65,0.0
495.0,2024-01-03,15:21:59,495.0,25.77,23.1,58.65,10.35,476.43,23.63,57.53,10.48,23.63,57.53,21.52,62.83,10.07,34.66,29.52,10.17,476.43,0.15,1.65,0.0
496.0,2024-01-03,15:22:00,496.0,25.77,23.1,58.65,10.35,477.36,23.63,57.53,10.48,23.63,57.53,21.52,62.83,10.07,34.66,29.52,10.17,477.36,0.14,1.66,0.0
497.0,2024-01-03,15:22:01,497.0,25.77,23.1,58.65,10.35,477.43,23.63,57.53,10.48,23.63,57.53,21.52,62.83,10.07,34.66,29.52,10.17,477.43,0.14,1.66,0.0
498.0,2024-01-03,15:22:02,498.0,25.77,23.1,58.63,10.34,478.16,23.64,57.41,10.47,23.64,57.41,21.53,62.74,10.06,34.67,29.49,10.17,478.16,0.14,1.66,0.0
499.0,2024-01-03,15:22:03,499.0,25.77,23.1,58.63,10.34,478.46,23.64,57.41,10.47,23.64,57.41,21.53,62.74,10.06,34.67,29.49,10.17,478.46,0.14,1.67,0.0
500.0,2024-01-03,15:22:04,500.0,25.77,23.1,58.63,10.34,476.89,23.64,57.41,10.47,23.64,57.41,21.53,62.74,10.06,34.67,29.49,10.17,476.89,0.14,1.66,0.0
501.0,2024-01-03,15:22:05,501.0,25.78,23.1,58.61,10.34,475.8,23.64,57.33,10.45,23.64,57.33,21.53,62.71,10.05,34.69,29.44,10.16,475.8,0.14,1.66,0.0
502.0,2024-01-03,15:22:06,502.0,25.78,23.1,58.61,10.34,474.52,23.64,57.33,10.45,23.64,57.33,21.53,62.71,10.05,34.69,29.44,10.16,474.52,0.13,1.66,0.0
503.0,2024-01-03,15:22:07,503.0,25.78,23.1,58.61,10.34,473.22,23.64,57.33,10.45,23.64,57.33,21.53,62.71,10.05,34.69,29.44,10.16,473.22,0.13,1.66,0.0
504.0,2024-01-03,15:22:08,504.0,25.79,23.1,58.62,10.34,472.46,23.65,57.23,10.44,23.65,57.23,21.53,62.72,10.05,34.7,29.42,10.16,472.46,0.13,1.65,0.0
505.0,2024-01-03,15:22:09,505.0,25.79,23.1,58.62,10.34,472.26,23.65,57.23,10.44,23.65,57.23,21.53,62.72,10.05,34.7,29.42,10.16,472.26,0.13,1.66,0.0
506.0,2024-01-03,15:22:10,506.0,25.79,23.1,58.62,10.34,469.25,23.65,57.23,10.44,23.65,57.23,21.53,62.72,10.05,34.7,29.42,10.16,469.25,0.13,1.65,0.0
507.0,2024-01-03,15:22:11,507.0,25.79,23.1,58.61,10.34,467.74,23.66,57.12,10.43,23.66,57.12,21.53,62.62,10.04,34.71,29.41,10.16,467.74,0.12,1.65,0.0
508.0,2024-01-03,15:22:12,508.0,25.79,23.1,58.61,10.34,467.52,23.66,57.12,10.43,23.66,57.12,21.53,62.62,10.04,34.71,29.41,10.16,467.52,0.12,1.65,0.0
509.0,2024-01-03,15:22:13,509.0,25.79,23.1,58.61,10.34,468.64,23.66,57.12,10.43,23.66,57.12,21.53,62.62,10.04,34.71,29.41,10.16,468.64,0.12,1.65,0.0
510.0,2024-01-03,15:22:14,510.0,25.8,23.11,58.59,10.34,471.61,23.67,57.01,10.41,23.67,57.01,21.54,62.55,10.03,34.72,29.39,10.16,471.61,0.12,1.66,0.0
511.0,2024-01-03,15:22:15,511.0,25.8,23.11,58.59,10.34,474.02,23.67,57.01,10.41,23.67,57.01,21.54,62.55,10.03,34.72,29.39,10.16,474.02,0.12,1.68,0.0
512.0,2024-01-03,15:22:16,512.0,25.8,23.11,58.59,10.34,474.18,23.67,57.01,10.41,23.67,57.01,21.54,62.55,10.03,34.72,29.39,10.16,474.18,0.12,1.68,0.0
513.0,2024-01-03,15:22:17,513.0,25.81,23.11,58.6,10.34,473.9,23.68,56.91,10.4,23.68,56.91,21.56,62.46,10.03,34.73,29.38,10.16,473.9,0.11,1.68,0.0
514.0,2024-01-03,15:22:18,514.0,25.81,23.11,58.6,10.34,474.23,23.68,56.91,10.4,23.68,56.91,21.56,62.46,10.03,34.73,29.38,10.16,474.23,0.11,1.68,0.0
515.0,2024-01-03,15:22:19,515.0,25.81,23.11,58.6,10.34,476.22,23.68,56.91,10.4,23.68,56.91,21.56,62.46,10.03,34.73,29.38,10.16,476.22,0.12,1.69,0.0
516.0,2024-01-03,15:22:20,516.0,25.82,23.11,58.55,10.34,476.88,23.69,56.82,10.39,23.69,56.82,21.57,62.33,10.02,34.74,29.35,10.16,476.88,0.12,1.69,0.0
517.0,2024-01-03,15:22:21,517.0,25.82,23.11,58.55,10.34,477.5,23.69,56.82,10.39,23.69,56.82,21.57,62.33,10.02,34.74,29.35,10.16,477.5,0.11,1.7,0.0
518.0,2024-01-03,15:22:22,518.0,25.82,23.11,58.55,10.34,478.03,23.69,56.82,10.39,23.69,56.82,21.57,62.33,10.02,34.74,29.35,10.16,478.03,0.11,1.7,0.0
519.0,2024-01-03,15:22:23,519.0,25.83,23.11,58.54,10.34,478.6,23.7,56.7,10.37,23.7,56.7,21.61,62.11,10,34.75,29.34,10.16,478.6,0.11,1.71,0.0
520.0,2024-01-03,15:22:24,520.0,25.83,23.11,58.54,10.34,480.39,23.7,56.7,10.37,23.7,56.7,21.61,62.11,10,34.75,29.34,10.16,480.39,0.11,1.72,0.0
521.0,2024-01-03,15:22:25,521.0,25.83,23.11,58.54,10.34,483.31,23.7,56.7,10.37,23.7,56.7,21.61,62.11,10,34.75,29.34,10.16,483.31,0.11,1.73,0.0
522.0,2024-01-03,15:22:26,522.0,25.85,23.12,58.52,10.34,483.83,23.71,56.62,10.37,23.71,56.62,21.63,61.96,9.99,34.75,29.35,10.16,483.83,0.11,1.73,0.0
523.0,2024-01-03,15:22:27,523.0,25.85,23.12,58.52,10.34,481.65,23.71,56.62,10.37,23.71,56.62,21.63,61.96,9.99,34.75,29.35,10.16,481.65,0.11,1.72,0.0
524.0,2024-01-03,15:22:28,524.0,25.85,23.12,58.52,10.34,481.12,23.71,56.62,10.37,23.71,56.62,21.63,61.96,9.99,34.75,29.35,10.16,481.12,0.11,1.72,0.0
525.0,2024-01-03,15:22:29,525.0,25.86,23.12,58.52,10.34,480.89,23.72,56.53,10.36,23.72,56.53,21.66,61.78,9.98,34.76,29.35,10.17,480.89,0.11,1.72,0.0
526.0,2024-01-03,15:22:30,526.0,25.86,23.12,58.52,10.34,481.93,23.72,56.53,10.36,23.72,56.53,21.66,61.78,9.98,34.76,29.35,10.17,481.93,0.11,1.73,0.0
527.0,2024-01-03,15:22:31,527.0,25.86,23.12,58.52,10.34,483.21,23.72,56.53,10.36,23.72,56.53,21.66,61.78,9.98,34.76,29.35,10.17,483.21,0.11,1.73,0.0
528.0,2024-01-03,15:22:32,528.0,25.87,23.12,58.5,10.34,483.66,23.73,56.48,10.35,23.73,56.48,21.68,61.71,9.98,34.76,29.35,10.17,483.66,0.11,1.73,0.0
529.0,2024-01-03,15:22:33,529.0,25.87,23.12,58.5,10.34,482.37,23.73,56.48,10.35,23.73,56.48,21.68,61.71,9.98,34.76,29.35,10.17,482.37,0.1,1.73,0.0
530.0,2024-01-03,15:22:34,530.0,25.87,23.12,58.5,10.34,481.74,23.73,56.48,10.35,23.73,56.48,21.68,61.71,9.98,34.76,29.35,10.17,481.74,0.1,1.73,0.0
531.0,2024-01-03,15:22:35,531.0,25.88,23.13,58.48,10.34,478.62,23.73,56.43,10.35,23.73,56.43,21.68,61.73,9.98,34.76,29.35,10.17,478.62,0.1,1.72,0.0
532.0,2024-01-03,15:22:36,532.0,25.88,23.13,58.48,10.34,475.15,23.73,56.43,10.35,23.73,56.43,21.68,61.73,9.98,34.76,29.35,10.17,475.15,0.1,1.71,0.0
533.0,2024-01-03,15:22:37,533.0,25.88,23.13,58.48,10.34,474,23.73,56.43,10.35,23.73,56.43,21.68,61.73,9.98,34.76,29.35,10.17,474,0.1,1.7,0.0
534.0,2024-01-03,15:22:38,534.0,25.89,23.13,58.48,10.34,475.15,23.74,56.4,10.34,23.74,56.4,21.67,61.78,9.99,34.77,29.31,10.16,475.15,0.1,1.71,0.0
535.0,2024-01-03,15:22:39,535.0,25.89,23.13,58.48,10.34,476.09,23.74,56.4,10.34,23.74,56.4,21.67,61.78,9.99,34.77,29.31,10.16,476.09,0.1,1.71,0.0
536.0,2024-01-03,15:22:40,536.0,25.89,23.13,58.48,10.34,475,23.74,56.4,10.34,23.74,56.4,21.67,61.78,9.99,34.77,29.31,10.16,475,0.1,1.71,0.0
537.0,2024-01-03,15:22:41,537.0,25.9,23.14,58.45,10.34,474.86,23.74,56.35,10.33,23.74,56.35,21.66,61.85,10,34.78,29.29,10.16,474.86,0.1,1.71,0.0
538.0,2024-01-03,15:22:42,538.0,25.9,23.14,58.45,10.34,474.47,23.74,56.35,10.33,23.74,56.35,21.66,61.85,10,34.78,29.29,10.16,474.47,0.1,1.71,0.0
539.0,2024-01-03,15:22:43,539.0,25.9,23.14,58.45,10.34,471.87,23.74,56.35,10.33,23.74,56.35,21.66,61.85,10,34.78,29.29,10.16,471.87,0.1,1.7,0.0
540.0,2024-01-03,15:22:44,540.0,25.91,23.14,58.43,10.33,471.52,23.74,56.31,10.33,23.74,56.31,21.65,61.92,10,34.79,29.27,10.16,471.52,0.1,1.7,0.0
541.0,2024-01-03,15:22:45,541.0,25.91,23.14,58.43,10.33,471.36,23.74,56.31,10.33,23.74,56.31,21.65,61.92,10,34.79,29.27,10.16,471.36,0.09,1.7,0.0
542.0,2024-01-03,15:22:46,542.0,25.91,23.14,58.43,10.33,471.31,23.74,56.31,10.33,23.74,56.31,21.65,61.92,10,34.79,29.27,10.16,471.31,0.09,1.7,0.0
543.0,2024-01-03,15:22:47,543.0,25.91,23.14,58.42,10.34,474.07,23.74,56.28,10.32,23.74,56.28,21.65,61.96,10,34.8,29.26,10.16,474.07,0.09,1.71,0.0
544.0,2024-01-03,15:22:48,544.0,25.91,23.14,58.42,10.34,474.83,23.74,56.28,10.32,23.74,56.28,21.65,61.96,10,34.8,29.26,10.16,474.83,0.09,1.71,0.0
545.0,2024-01-03,15:22:49,545.0,25.91,23.14,58.42,10.34,476.09,23.74,56.28,10.32,23.74,56.28,21.65,61.96,10,34.8,29.26,10.16,476.09,0.09,1.72,0.0
546.0,2024-01-03,15:22:50,546.0,25.92,23.15,58.41,10.33,476.59,23.75,56.26,10.32,23.75,56.26,21.64,61.99,10.01,34.8,29.24,10.16,476.59,0.09,1.72,0.0
547.0,2024-01-03,15:22:51,547.0,25.92,23.15,58.41,10.33,477.17,23.75,56.26,10.32,23.75,56.26,21.64,61.99,10.01,34.8,29.24,10.16,477.17,0.09,1.72,0.0
548.0,2024-01-03,15:22:52,548.0,25.92,23.15,58.41,10.33,477.38,23.75,56.26,10.32,23.75,56.26,21.64,61.99,10.01,34.8,29.24,10.16,477.38,0.09,1.72,0.0
549.0,2024-01-03,15:22:53,549.0,25.93,23.15,58.39,10.33,477.53,23.75,56.21,10.32,23.75,56.21,21.64,62,10.01,34.81,29.21,10.15,477.53,0.09,1.73,0.0
550.0,2024-01-03,15:22:54,550.0,25.93,23.15,58.39,10.33,477.71,23.75,56.21,10.32,23.75,56.21,21.64,62,10.01,34.81,29.21,10.15,477.71,0.09,1.73,0.0
551.0,2024-01-03,15:22:55,551.0,25.93,23.15,58.39,10.33,478.02,23.75,56.21,10.32,23.75,56.21,21.64,62,10.01,34.81,29.21,10.15,478.02,0.09,1.73,0.0
552.0,2024-01-03,15:22:56,552.0,25.93,23.15,58.37,10.33,478.3,23.75,56.23,10.32,23.75,56.23,21.65,61.97,10.01,34.82,29.2,10.15,478.3,0.09,1.73,0.0
553.0,2024-01-03,15:22:57,553.0,25.93,23.15,58.37,10.33,477.85,23.75,56.23,10.32,23.75,56.23,21.65,61.97,10.01,34.82,29.2,10.15,477.85,0.09,1.73,0.0
554.0,2024-01-03,15:22:58,554.0,25.93,23.15,58.37,10.33,477.06,23.75,56.23,10.32,23.75,56.23,21.65,61.97,10.01,34.82,29.2,10.15,477.06,0.09,1.72,0.0
555.0,2024-01-03,15:22:59,555.0,25.94,23.16,58.37,10.34,476.43,23.76,56.17,10.31,23.76,56.17,21.67,61.89,10.01,34.83,29.18,10.15,476.43,0.09,1.72,0.0
556.0,2024-01-03,15:23:00,556.0,25.94,23.16,58.37,10.34,476.21,23.76,56.17,10.31,23.76,56.17,21.67,61.89,10.01,34.83,29.18,10.15,476.21,0.09,1.72,0.0
557.0,2024-01-03,15:23:01,557.0,25.94,23.16,58.37,10.34,475.6,23.76,56.17,10.31,23.76,56.17,21.67,61.89,10.01,34.83,29.18,10.15,475.6,0.09,1.72,0.0
558.0,2024-01-03,15:23:02,558.0,25.95,23.16,58.35,10.33,474.66,23.76,56.13,10.31,23.76,56.13,21.69,61.82,10,34.84,29.16,10.15,474.66,0.09,1.72,0.0
559.0,2024-01-03,15:23:03,559.0,25.95,23.16,58.35,10.33,470.68,23.76,56.13,10.31,23.76,56.13,21.69,61.82,10,34.84,29.16,10.15,470.68,0.09,1.71,0.0
560.0,2024-01-03,15:23:04,560.0,25.95,23.16,58.35,10.33,469.08,23.76,56.13,10.31,23.76,56.13,21.69,61.82,10,34.84,29.16,10.15,469.08,0.09,1.7,0.0
561.0,2024-01-03,15:23:05,561.0,25.96,23.16,58.34,10.33,468.39,23.77,56.1,10.31,23.77,56.1,21.7,61.75,10,34.85,29.15,10.15,468.39,0.09,1.7,0.0
562.0,2024-01-03,15:23:06,562.0,25.96,23.16,58.34,10.33,468.28,23.77,56.1,10.31,23.77,56.1,21.7,61.75,10,34.85,29.15,10.15,468.28,0.09,1.7,0.0
563.0,2024-01-03,15:23:07,563.0,25.96,23.16,58.34,10.33,473.12,23.77,56.1,10.31,23.77,56.1,21.7,61.75,10,34.85,29.15,10.15,473.12,0.09,1.72,0.0
564.0,2024-01-03,15:23:08,564.0,25.97,23.17,58.33,10.33,474.83,23.77,56.07,10.3,23.77,56.07,21.71,61.75,10.01,34.86,29.13,10.15,474.83,0.09,1.72,0.0
565.0,2024-01-03,15:23:09,565.0,25.97,23.17,58.33,10.33,475.76,23.77,56.07,10.3,23.77,56.07,21.71,61.75,10.01,34.86,29.13,10.15,475.76,0.08,1.73,0.0
566.0,2024-01-03,15:23:10,566.0,25.97,23.17,58.33,10.33,474.82,23.77,56.07,10.3,23.77,56.07,21.71,61.75,10.01,34.86,29.13,10.15,474.82,0.08,1.72,0.0
567.0,2024-01-03,15:23:11,567.0,25.98,23.17,58.32,10.33,471.17,23.78,56.02,10.3,23.78,56.02,21.69,61.9,10.02,34.87,29.13,10.15,471.17,0.08,1.71,0.0
568.0,2024-01-03,15:23:12,568.0,25.98,23.17,58.32,10.33,469.72,23.78,56.02,10.3,23.78,56.02,21.69,61.9,10.02,34.87,29.13,10.15,469.72,0.08,1.71,0.0
569.0,2024-01-03,15:23:13,569.0,25.98,23.17,58.32,10.33,465.69,23.78,56.02,10.3,23.78,56.02,21.69,61.9,10.02,34.87,29.13,10.15,465.69,0.08,1.69,0.0
570.0,2024-01-03,15:23:14,570.0,25.99,23.18,58.29,10.33,464.9,23.79,55.96,10.29,23.79,55.96,21.65,62.21,10.05,34.87,29.11,10.15,464.9,0.08,1.69,0.0
571.0,2024-01-03,15:23:15,571.0,25.99,23.18,58.29,10.33,464.38,23.79,55.96,10.29,23.79,55.96,21.65,62.21,10.05,34.87,29.11,10.15,464.38,0.08,1.69,0.0
572.0,2024-01-03,15:23:16,572.0,25.99,23.18,58.29,10.33,463.93,23.79,55.96,10.29,23.79,55.96,21.65,62.21,10.05,34.87,29.11,10.15,463.93,0.08,1.69,0.0
573.0,2024-01-03,15:23:17,573.0,26,23.18,58.28,10.33,465.25,23.8,55.89,10.29,23.8,55.89,21.6,62.51,10.06,34.88,29.11,10.15,465.25,0.08,1.69,0.0
574.0,2024-01-03,15:23:18,574.0,26,23.18,58.28,10.33,466.15,23.8,55.89,10.29,23.8,55.89,21.6,62.51,10.06,34.88,29.11,10.15,466.15,0.08,1.7,0.0
575.0,2024-01-03,15:23:19,575.0,26,23.18,58.28,10.33,466.98,23.8,55.89,10.29,23.8,55.89,21.6,62.51,10.06,34.88,29.11,10.15,466.98,0.08,1.7,0.0
576.0,2024-01-03,15:23:20,576.0,26.01,23.18,58.27,10.33,468.14,23.81,55.88,10.29,23.81,55.88,21.56,62.74,10.07,34.89,29.09,10.15,468.14,0.08,1.71,0.0
577.0,2024-01-03,15:23:21,577.0,26.01,23.18,58.27,10.33,471.52,23.81,55.88,10.29,23.81,55.88,21.56,62.74,10.07,34.89,29.09,10.15,471.52,0.08,1.72,0.0
578.0,2024-01-03,15:23:22,578.0,26.01,23.18,58.27,10.33,472.96,23.81,55.88,10.29,23.81,55.88,21.56,62.74,10.07,34.89,29.09,10.15,472.96,0.08,1.73,0.0
579.0,2024-01-03,15:23:23,579.0,26.01,23.19,58.24,10.33,473.07,23.81,55.87,10.29,23.81,55.87,21.54,62.85,10.08,34.9,29.1,10.16,473.07,0.08,1.73,0.0
580.0,2024-01-03,15:23:24,580.0,26.01,23.19,58.24,10.33,472.12,23.81,55.87,10.29,23.81,55.87,21.54,62.85,10.08,34.9,29.1,10.16,472.12,0.08,1.72,0.0
581.0,2024-01-03,15:23:25,581.0,26.01,23.19,58.24,10.33,470.08,23.81,55.87,10.29,23.81,55.87,21.54,62.85,10.08,34.9,29.1,10.16,470.08,0.08,1.72,0.0
582.0,2024-01-03,15:23:26,582.0,26.01,23.19,58.24,10.33,469.8,23.81,55.86,10.29,23.81,55.86,21.53,62.86,10.08,34.91,29.09,10.16,469.8,0.08,1.72,0.0
583.0,2024-01-03,15:23:27,583.0,26.01,23.19,58.24,10.33,471.79,23.81,55.86,10.29,23.81,55.86,21.53,62.86,10.08,34.91,29.09,10.16,471.79,0.08,1.72,0.0
584.0,2024-01-03,15:23:28,584.0,26.01,23.19,58.24,10.33,473,23.81,55.86,10.29,23.81,55.86,21.53,62.86,10.08,34.91,29.09,10.16,473,0.08,1.73,0.0
585.0,2024-01-03,15:23:29,585.0,26.02,23.2,58.23,10.33,473.88,23.82,55.87,10.29,23.82,55.87,21.52,62.91,10.08,34.91,29.09,10.16,473.88,0.08,1.73,0.0
586.0,2024-01-03,15:23:30,586.0,26.02,23.2,58.23,10.33,474.13,23.82,55.87,10.29,23.82,55.87,21.52,62.91,10.08,34.91,29.09,10.16,474.13,0.08,1.73,0.0
587.0,2024-01-03,15:23:31,587.0,26.02,23.2,58.23,10.33,475.41,23.82,55.87,10.29,23.82,55.87,21.52,62.91,10.08,34.91,29.09,10.16,475.41,0.08,1.74,0.0
588.0,2024-01-03,15:23:32,588.0,26.03,23.2,58.22,10.34,475.63,23.82,55.86,10.29,23.82,55.86,21.51,62.92,10.07,34.92,29.08,10.17,475.63,0.08,1.74,0.0
589.0,2024-01-03,15:23:33,589.0,26.03,23.2,58.22,10.34,476.88,23.82,55.86,10.29,23.82,55.86,21.51,62.92,10.07,34.92,29.08,10.17,476.88,0.08,1.75,0.0
590.0,2024-01-03,15:23:34,590.0,26.03,23.2,58.22,10.34,477.54,23.82,55.86,10.29,23.82,55.86,21.51,62.92,10.07,34.92,29.08,10.17,477.54,0.08,1.75,0.0
591.0,2024-01-03,15:23:35,591.0,26.04,23.2,58.23,10.34,478.05,23.83,55.82,10.29,23.83,55.82,21.5,62.94,10.07,34.93,29.08,10.17,478.05,0.08,1.75,0.0
592.0,2024-01-03,15:23:36,592.0,26.04,23.2,58.23,10.34,476.37,23.83,55.82,10.29,23.83,55.82,21.5,62.94,10.07,34.93,29.08,10.17,476.37,0.08,1.75,0.0
593.0,2024-01-03,15:23:37,593.0,26.04,23.2,58.23,10.34,473.32,23.83,55.82,10.29,23.83,55.82,21.5,62.94,10.07,34.93,29.08,10.17,473.32,0.08,1.74,0.0
594.0,2024-01-03,15:23:38,594.0,26.04,23.21,58.2,10.34,472.28,23.84,55.77,10.29,23.84,55.77,21.5,62.91,10.07,34.94,29.07,10.17,472.28,0.08,1.73,0.0
595.0,2024-01-03,15:23:39,595.0,26.04,23.21,58.2,10.34,473.2,23.84,55.77,10.29,23.84,55.77,21.5,62.91,10.07,34.94,29.07,10.17,473.2,0.08,1.74,0.0
596.0,2024-01-03,15:23:40,596.0,26.04,23.21,58.2,10.34,476.1,23.84,55.77,10.29,23.84,55.77,21.5,62.91,10.07,34.94,29.07,10.17,476.1,0.08,1.75,0.0
597.0,2024-01-03,15:23:41,597.0,26.04,23.21,58.2,10.34,475.61,23.85,55.72,10.28,23.85,55.72,21.52,62.83,10.07,34.94,29.07,10.18,475.61,0.08,1.75,0.0
598.0,2024-01-03,15:23:42,598.0,26.04,23.21,58.2,10.34,473.58,23.85,55.72,10.28,23.85,55.72,21.52,62.83,10.07,34.94,29.07,10.18,473.58,0.08,1.74,0.0
599.0,2024-01-03,15:23:43,599.0,26.04,23.21,58.2,10.34,472.75,23.85,55.72,10.28,23.85,55.72,21.52,62.83,10.07,34.94,29.07,10.18,472.75,0.08,1.74,0.0
600.0,2024-01-03,15:23:44,600.0,26.04,23.21,58.2,10.34,474.35,23.85,55.7,10.28,23.85,55.7,21.53,62.81,10.07,34.95,29.08,10.18,474.35,0.08,1.75,0.0
601.0,2024-01-03,15:23:45,601.0,26.04,23.21,58.2,10.34,474.66,23.85,55.7,10.28,23.85,55.7,21.53,62.81,10.07,34.95,29.08,10.18,474.66,0.08,1.75,0.0
602.0,2024-01-03,15:23:46,602.0,26.04,23.21,58.2,10.34,479.88,23.85,55.7,10.28,23.85,55.7,21.53,62.81,10.07,34.95,29.08,10.18,479.88,0.08,1.77,0.0
603.0,2024-01-03,15:23:47,603.0,26.03,23.21,58.2,10.34,480.34,23.86,55.67,10.28,23.86,55.67,21.55,62.67,10.06,34.95,29.07,10.18,480.34,0.08,1.77,0.0
604.0,2024-01-03,15:23:48,604.0,26.03,23.21,58.2,10.34,481.16,23.86,55.67,10.28,23.86,55.67,21.55,62.67,10.06,34.95,29.07,10.18,481.16,0.08,1.77,0.0
605.0,2024-01-03,15:23:49,605.0,26.03,23.21,58.2,10.34,481.62,23.86,55.67,10.28,23.86,55.67,21.55,62.67,10.06,34.95,29.07,10.18,481.62,0.08,1.77,0.0
606.0,2024-01-03,15:23:50,606.0,26.03,23.22,58.2,10.34,482.39,23.87,55.63,10.28,23.87,55.63,21.58,62.55,10.06,34.96,29.06,10.18,482.39,0.08,1.78,0.0
607.0,2024-01-03,15:23:51,607.0,26.03,23.22,58.2,10.34,482.57,23.87,55.63,10.28,23.87,55.63,21.58,62.55,10.06,34.96,29.06,10.18,482.57,0.08,1.78,0.0
608.0,2024-01-03,15:23:52,608.0,26.03,23.22,58.2,10.34,480.25,23.87,55.63,10.28,23.87,55.63,21.58,62.55,10.06,34.96,29.06,10.18,480.25,0.08,1.77,0.0
609.0,2024-01-03,15:23:53,609.0,26.04,23.22,58.2,10.34,478.13,23.87,55.61,10.28,23.87,55.61,21.62,62.35,10.05,34.97,29.05,10.18,478.13,0.08,1.76,0.0
610.0,2024-01-03,15:23:54,610.0,26.04,23.22,58.2,10.34,473.92,23.87,55.61,10.28,23.87,55.61,21.62,62.35,10.05,34.97,29.05,10.18,473.92,0.08,1.75,0.0
611.0,2024-01-03,15:23:55,611.0,26.04,23.22,58.2,10.34,473.75,23.87,55.61,10.28,23.87,55.61,21.62,62.35,10.05,34.97,29.05,10.18,473.75,0.08,1.75,0.0
612.0,2024-01-03,15:23:56,612.0,26.05,23.22,58.21,10.35,476.09,23.88,55.61,10.28,23.88,55.61,21.68,62.02,10.03,34.98,29.03,10.18,476.09,0.08,1.75,0.0
613.0,2024-01-03,15:23:57,613.0,26.05,23.22,58.21,10.35,476.39,23.88,55.61,10.28,23.88,55.61,21.68,62.02,10.03,34.98,29.03,10.18,476.39,0.08,1.76,0.0
614.0,2024-01-03,15:23:58,614.0,26.05,23.22,58.21,10.35,473.21,23.88,55.61,10.28,23.88,55.61,21.68,62.02,10.03,34.98,29.03,10.18,473.21,0.08,1.74,0.0
615.0,2024-01-03,15:23:59,615.0,26.06,23.22,58.21,10.35,470.71,23.88,55.6,10.28,23.88,55.6,21.73,61.77,10.02,34.99,29.01,10.18,470.71,0.08,1.74,0.0
616.0,2024-01-03,15:24:00,616.0,26.06,23.22,58.21,10.35,466.49,23.88,55.6,10.28,23.88,55.6,21.73,61.77,10.02,34.99,29.01,10.18,466.49,0.08,1.72,0.0
617.0,2024-01-03,15:24:01,617.0,26.06,23.22,58.21,10.35,466.02,23.88,55.6,10.28,23.88,55.6,21.73,61.77,10.02,34.99,29.01,10.18,466.02,0.08,1.72,0.0
618.0,2024-01-03,15:24:02,618.0,26.08,23.22,58.21,10.35,471.35,23.89,55.59,10.28,23.89,55.59,21.74,61.67,10.01,35,28.99,10.18,471.35,0.08,1.74,0.0
619.0,2024-01-03,15:24:03,619.0,26.08,23.22,58.21,10.35,473.8,23.89,55.59,10.28,23.89,55.59,21.74,61.67,10.01,35,28.99,10.18,473.8,0.08,1.75,0.0
620.0,2024-01-03,15:24:04,620.0,26.08,23.22,58.21,10.35,477.03,23.89,55.59,10.28,23.89,55.59,21.74,61.67,10.01,35,28.99,10.18,477.03,0.08,1.76,0.0
621.0,2024-01-03,15:24:05,621.0,26.09,23.22,58.21,10.35,478.63,23.89,55.57,10.28,23.89,55.57,21.74,61.7,10.02,35.01,28.98,10.18,478.63,0.08,1.76,0.0
622.0,2024-01-03,15:24:06,622.0,26.09,23.22,58.21,10.35,480.09,23.89,55.57,10.28,23.89,55.57,21.74,61.7,10.02,35.01,28.98,10.18,480.09,0.08,1.77,0.0
623.0,2024-01-03,15:24:07,623.0,26.09,23.22,58.21,10.35,480.17,23.89,55.57,10.28,23.89,55.57,21.74,61.7,10.02,35.01,28.98,10.18,480.17,0.08,1.77,0.0
624.0,2024-01-03,15:24:08,624.0,26.1,23.23,58.19,10.35,479.39,23.9,55.52,10.28,23.9,55.52,21.74,61.73,10.02,35.01,28.98,10.18,479.39,0.08,1.77,0.0
625.0,2024-01-03,15:24:09,625.0,26.1,23.23,58.19,10.35,478.79,23.9,55.52,10.28,23.9,55.52,21.74,61.73,10.02,35.01,28.98,10.18,478.79,0.08,1.77,0.0
626.0,2024-01-03,15:24:10,626.0,26.1,23.23,58.19,10.35,478.76,23.9,55.52,10.28,23.9,55.52,21.74,61.73,10.02,35.01,28.98,10.18,478.76,0.08,1.77,0.0
627.0,2024-01-03,15:24:11,627.0,26.11,23.23,58.19,10.35,480.24,23.9,55.5,10.28,23.9,55.5,21.74,61.65,10.01,35.02,28.98,10.19,480.24,0.08,1.77,0.0
628.0,2024-01-03,15:24:12,628.0,26.11,23.23,58.19,10.35,482.25,23.9,55.5,10.28,23.9,55.5,21.74,61.65,10.01,35.02,28.98,10.19,482.25,0.08,1.78,0.0
629.0,2024-01-03,15:24:13,629.0,26.11,23.23,58.19,10.35,481.28,23.9,55.5,10.28,23.9,55.5,21.74,61.65,10.01,35.02,28.98,10.19,481.28,0.08,1.78,0.0
630.0,2024-01-03,15:24:14,630.0,26.12,23.23,58.18,10.35,481.14,23.91,55.48,10.28,23.91,55.48,21.75,61.57,10,35.02,28.98,10.19,481.14,0.08,1.78,0.0
631.0,2024-01-03,15:24:15,631.0,26.12,23.23,58.18,10.35,482.2,23.91,55.48,10.28,23.91,55.48,21.75,61.57,10,35.02,28.98,10.19,482.2,0.08,1.78,0.0
632.0,2024-01-03,15:24:16,632.0,26.12,23.23,58.18,10.35,480.66,23.91,55.48,10.28,23.91,55.48,21.75,61.57,10,35.02,28.98,10.19,480.66,0.08,1.78,0.0
633.0,2024-01-03,15:24:17,633.0,26.13,23.24,58.16,10.35,479.74,23.92,55.44,10.28,23.92,55.44,21.75,61.53,10,35.02,28.99,10.19,479.74,0.08,1.77,0.0
634.0,2024-01-03,15:24:18,634.0,26.13,23.24,58.16,10.35,478.91,23.92,55.44,10.28,23.92,55.44,21.75,61.53,10,35.02,28.99,10.19,478.91,0.08,1.77,0.0
635.0,2024-01-03,15:24:19,635.0,26.13,23.24,58.16,10.35,478.95,23.92,55.44,10.28,23.92,55.44,21.75,61.53,10,35.02,28.99,10.19,478.95,0.08,1.77,0.0
636.0,2024-01-03,15:24:20,636.0,26.13,23.24,58.14,10.35,479.11,23.93,55.39,10.27,23.93,55.39,21.74,61.56,9.99,35.03,28.99,10.19,479.11,0.08,1.77,0.0
637.0,2024-01-03,15:24:21,637.0,26.13,23.24,58.14,10.35,479.25,23.93,55.39,10.27,23.93,55.39,21.74,61.56,9.99,35.03,28.99,10.19,479.25,0.08,1.78,0.0
638.0,2024-01-03,15:24:22,638.0,26.13,23.24,58.14,10.35,480.21,23.93,55.39,10.27,23.93,55.39,21.74,61.56,9.99,35.03,28.99,10.19,480.21,0.08,1.78,0.0
639.0,2024-01-03,15:24:23,639.0,26.14,23.25,58.13,10.35,481.13,23.93,55.38,10.27,23.93,55.38,21.71,61.7,10,35.04,28.97,10.19,481.13,0.08,1.78,0.0
640.0,2024-01-03,15:24:24,640.0,26.14,23.25,58.13,10.35,477.09,23.93,55.38,10.27,23.93,55.38,21.71,61.7,10,35.04,28.97,10.19,477.09,0.08,1.77,0.0
641.0,2024-01-03,15:24:25,641.0,26.14,23.25,58.13,10.35,474.29,23.93,55.38,10.27,23.93,55.38,21.71,61.7,10,35.04,28.97,10.19,474.29,0.08,1.76,0.0
642.0,2024-01-03,15:24:26,642.0,26.15,23.25,58.12,10.35,471.7,23.94,55.35,10.27,23.94,55.35,21.68,61.88,10.01,35.04,28.97,10.2,471.7,0.08,1.75,0.0
643.0,2024-01-03,15:24:27,643.0,26.15,23.25,58.12,10.35,471.2,23.94,55.35,10.27,23.94,55.35,21.68,61.88,10.01,35.04,28.97,10.2,471.2,0.08,1.75,0.0
644.0,2024-01-03,15:24:28,644.0,26.15,23.25,58.12,10.35,470.69,23.94,55.35,10.27,23.94,55.35,21.68,61.88,10.01,35.04,28.97,10.2,470.69,0.08,1.74,0.0
645.0,2024-01-03,15:24:29,645.0,26.16,23.25,58.11,10.35,470.55,23.94,55.34,10.27,23.94,55.34,21.65,62.03,10.02,35.05,28.96,10.19,470.55,0.08,1.74,0.0
646.0,2024-01-03,15:24:30,646.0,26.16,23.25,58.11,10.35,470.45,23.94,55.34,10.27,23.94,55.34,21.65,62.03,10.02,35.05,28.96,10.19,470.45,0.08,1.74,0.0
647.0,2024-01-03,15:24:31,647.0,26.16,23.25,58.11,10.35,470.68,23.94,55.34,10.27,23.94,55.34,21.65,62.03,10.02,35.05,28.96,10.19,470.68,0.08,1.74,0.0
648.0,2024-01-03,15:24:32,648.0,26.16,23.26,58.09,10.35,473.78,23.95,55.32,10.27,23.95,55.32,21.63,62.14,10.02,35.05,28.95,10.19,473.78,0.08,1.75,0.0
649.0,2024-01-03,15:24:33,649.0,26.16,23.26,58.09,10.35,475.01,23.95,55.32,10.27,23.95,55.32,21.63,62.14,10.02,35.05,28.95,10.19,475.01,0.08,1.76,0.0
650.0,2024-01-03,15:24:34,650.0,26.16,23.26,58.09,10.35,475.99,23.95,55.32,10.27,23.95,55.32,21.63,62.14,10.02,35.05,28.95,10.19,475.99,0.08,1.76,0.0
651.0,2024-01-03,15:24:35,651.0,26.17,23.26,58.07,10.35,476.13,23.96,55.28,10.27,23.96,55.28,21.62,62.15,10.02,35.06,28.93,10.19,476.13,0.08,1.76,0.0
652.0,2024-01-03,15:24:36,652.0,26.17,23.26,58.07,10.35,475.96,23.96,55.28,10.27,23.96,55.28,21.62,62.15,10.02,35.06,28.93,10.19,475.96,0.08,1.76,0.0
653.0,2024-01-03,15:24:37,653.0,26.17,23.26,58.07,10.35,474.52,23.96,55.28,10.27,23.96,55.28,21.62,62.15,10.02,35.06,28.93,10.19,474.52,0.08,1.76,0.0
654.0,2024-01-03,15:24:38,654.0,26.18,23.26,58.05,10.35,469.6,23.96,55.25,10.27,23.96,55.25,21.61,62.19,10.02,35.07,28.91,10.19,469.6,0.08,1.74,0.0
655.0,2024-01-03,15:24:39,655.0,26.18,23.26,58.05,10.35,468.74,23.96,55.25,10.27,23.96,55.25,21.61,62.19,10.02,35.07,28.91,10.19,468.74,0.08,1.73,0.0
656.0,2024-01-03,15:24:40,656.0,26.18,23.26,58.05,10.35,468.92,23.96,55.25,10.27,23.96,55.25,21.61,62.19,10.02,35.07,28.91,10.19,468.92,0.08,1.73,0.0
657.0,2024-01-03,15:24:41,657.0,26.18,23.27,58.06,10.35,470.05,23.97,55.24,10.27,23.97,55.24,21.6,62.24,10.02,35.07,28.89,10.19,470.05,0.08,1.74,0.0
658.0,2024-01-03,15:24:42,658.0,26.18,23.27,58.06,10.35,471.33,23.97,55.24,10.27,23.97,55.24,21.6,62.24,10.02,35.07,28.89,10.19,471.33,0.08,1.74,0.0
659.0,2024-01-03,15:24:43,659.0,26.18,23.27,58.06,10.35,471.35,23.97,55.24,10.27,23.97,55.24,21.6,62.24,10.02,35.07,28.89,10.19,471.35,0.08,1.74,0.0
660.0,2024-01-03,15:24:44,660.0,26.19,23.27,58.03,10.35,471.52,23.98,55.21,10.27,23.98,55.21,21.58,62.32,10.02,35.08,28.87,10.18,471.52,0.08,1.74,0.0
661.0,2024-01-03,15:24:45,661.0,26.19,23.27,58.03,10.35,471.81,23.98,55.21,10.27,23.98,55.21,21.58,62.32,10.02,35.08,28.87,10.18,471.81,0.08,1.74,0.0
662.0,2024-01-03,15:24:46,662.0,26.19,23.27,58.03,10.35,471.34,23.98,55.21,10.27,23.98,55.21,21.58,62.32,10.02,35.08,28.87,10.18,471.34,0.08,1.74,0.0
663.0,2024-01-03,15:24:47,663.0,26.19,23.27,58,10.34,469.88,23.98,55.18,10.27,23.98,55.18,21.57,62.37,10.02,35.09,28.85,10.18,469.88,0.08,1.74,0.0
664.0,2024-01-03,15:24:48,664.0,26.19,23.27,58,10.34,468.81,23.98,55.18,10.27,23.98,55.18,21.57,62.37,10.02,35.09,28.85,10.18,468.81,0.08,1.73,0.0
665.0,2024-01-03,15:24:49,665.0,26.19,23.27,58,10.34,469.88,23.98,55.18,10.27,23.98,55.18,21.57,62.37,10.02,35.09,28.85,10.18,469.88,0.08,1.74,0.0
666.0,2024-01-03,15:24:50,666.0,26.2,23.27,58,10.34,472.64,23.98,55.19,10.27,23.98,55.19,21.56,62.4,10.02,35.1,28.84,10.18,472.64,0.08,1.75,0.0
667.0,2024-01-03,15:24:51,667.0,26.2,23.27,58,10.34,473.88,23.98,55.19,10.27,23.98,55.19,21.56,62.4,10.02,35.1,28.84,10.18,473.88,0.08,1.75,0.0
668.0,2024-01-03,15:24:52,668.0,26.2,23.27,58,10.34,475.02,23.98,55.19,10.27,23.98,55.19,21.56,62.4,10.02,35.1,28.84,10.18,475.02,0.08,1.76,0.0
669.0,2024-01-03,15:24:53,669.0,26.2,23.28,57.99,10.34,475.14,23.99,55.18,10.27,23.99,55.18,21.55,62.43,10.02,35.1,28.84,10.18,475.14,0.08,1.76,0.0
670.0,2024-01-03,15:24:54,670.0,26.2,23.28,57.99,10.34,474.93,23.99,55.18,10.27,23.99,55.18,21.55,62.43,10.02,35.1,28.84,10.18,474.93,0.08,1.76,0.0
671.0,2024-01-03,15:24:55,671.0,26.2,23.28,57.99,10.34,474.7,23.99,55.18,10.27,23.99,55.18,21.55,62.43,10.02,35.1,28.84,10.18,474.7,0.08,1.76,0.0
672.0,2024-01-03,15:24:56,672.0,26.2,23.28,57.97,10.34,474.69,23.99,55.18,10.27,23.99,55.18,21.55,62.43,10.02,35.11,28.83,10.18,474.69,0.08,1.76,0.0
673.0,2024-01-03,15:24:57,673.0,26.2,23.28,57.97,10.34,474.54,23.99,55.18,10.27,23.99,55.18,21.55,62.43,10.02,35.11,28.83,10.18,474.54,0.09,1.76,0.0
674.0,2024-01-03,15:24:58,674.0,26.2,23.28,57.97,10.34,474.67,23.99,55.18,10.27,23.99,55.18,21.55,62.43,10.02,35.11,28.83,10.18,474.67,0.09,1.76,0.0
675.0,2024-01-03,15:24:59,675.0,26.2,23.28,57.96,10.34,474.99,23.99,55.15,10.27,23.99,55.15,21.58,62.17,10,35.12,28.83,10.19,474.99,0.09,1.76,0.0
676.0,2024-01-03,15:25:00,676.0,26.2,23.28,57.96,10.34,474.72,23.99,55.15,10.27,23.99,55.15,21.58,62.17,10,35.12,28.83,10.19,474.72,0.09,1.76,0.0
677.0,2024-01-03,15:25:01,677.0,26.2,23.28,57.96,10.34,474.35,23.99,55.15,10.27,23.99,55.15,21.58,62.17,10,35.12,28.83,10.19,474.35,0.09,1.76,0.0
678.0,2024-01-03,15:25:02,678.0,26.2,23.29,57.97,10.34,475.17,24,55.1,10.27,24,55.1,21.61,61.96,9.98,35.12,28.81,10.18,475.17,0.09,1.76,0.0
679.0,2024-01-03,15:25:03,679.0,26.2,23.29,57.97,10.34,476.11,24,55.1,10.27,24,55.1,21.61,61.96,9.98,35.12,28.81,10.18,476.11,0.08,1.76,0.0
680.0,2024-01-03,15:25:04,680.0,26.2,23.29,57.97,10.34,476.09,24,55.1,10.27,24,55.1,21.61,61.96,9.98,35.12,28.81,10.18,476.09,0.08,1.76,0.0
681.0,2024-01-03,15:25:05,681.0,26.21,23.29,57.95,10.34,475.96,24.01,55.06,10.26,24.01,55.06,21.63,61.84,9.97,35.13,28.79,10.18,475.96,0.08,1.76,0.0
682.0,2024-01-03,15:25:06,682.0,26.21,23.29,57.95,10.34,474.96,24.01,55.06,10.26,24.01,55.06,21.63,61.84,9.97,35.13,28.79,10.18,474.96,0.08,1.76,0.0
683.0,2024-01-03,15:25:07,683.0,26.21,23.29,57.95,10.34,471.83,24.01,55.06,10.26,24.01,55.06,21.63,61.84,9.97,35.13,28.79,10.18,471.83,0.08,1.75,0.0
684.0,2024-01-03,15:25:08,684.0,26.22,23.29,57.91,10.34,471.19,24.02,55.06,10.27,24.02,55.06,21.64,61.83,9.97,35.14,28.78,10.18,471.19,0.08,1.75,0.0
685.0,2024-01-03,15:25:09,685.0,26.22,23.29,57.91,10.34,470.19,24.02,55.06,10.27,24.02,55.06,21.64,61.83,9.97,35.14,28.78,10.18,470.19,0.09,1.74,0.0
686.0,2024-01-03,15:25:10,686.0,26.22,23.29,57.91,10.34,470.71,24.02,55.06,10.27,24.02,55.06,21.64,61.83,9.97,35.14,28.78,10.18,470.71,0.09,1.74,0.0
687.0,2024-01-03,15:25:11,687.0,26.23,23.29,57.93,10.34,471.01,24.02,55.06,10.27,24.02,55.06,21.61,61.99,9.98,35.14,28.77,10.18,471.01,0.09,1.74,0.0
688.0,2024-01-03,15:25:12,688.0,26.23,23.29,57.93,10.34,472.31,24.02,55.06,10.27,24.02,55.06,21.61,61.99,9.98,35.14,28.77,10.18,472.31,0.09,1.75,0.0
689.0,2024-01-03,15:25:13,689.0,26.23,23.29,57.93,10.34,472.13,24.02,55.06,10.27,24.02,55.06,21.61,61.99,9.98,35.14,28.77,10.18,472.13,0.09,1.75,0.0
690.0,2024-01-03,15:25:14,690.0,26.24,23.3,57.9,10.34,471.98,24.02,55.03,10.26,24.02,55.03,21.59,62.14,10,35.14,28.77,10.18,471.98,0.09,1.75,0.0
691.0,2024-01-03,15:25:15,691.0,26.24,23.3,57.9,10.34,474.01,24.02,55.03,10.26,24.02,55.03,21.59,62.14,10,35.14,28.77,10.18,474.01,0.09,1.76,0.0
692.0,2024-01-03,15:25:16,692.0,26.24,23.3,57.9,10.34,474.19,24.02,55.03,10.26,24.02,55.03,21.59,62.14,10,35.14,28.77,10.18,474.19,0.09,1.76,0.0
693.0,2024-01-03,15:25:17,693.0,26.25,23.3,57.9,10.34,474.35,24.02,55.03,10.27,24.02,55.03,21.58,62.22,10,35.14,28.78,10.18,474.35,0.09,1.76,0.0
694.0,2024-01-03,15:25:18,694.0,26.25,23.3,57.9,10.34,475.3,24.02,55.03,10.27,24.02,55.03,21.58,62.22,10,35.14,28.78,10.18,475.3,0.09,1.76,0.0
695.0,2024-01-03,15:25:19,695.0,26.25,23.3,57.9,10.34,479.58,24.02,55.03,10.27,24.02,55.03,21.58,62.22,10,35.14,28.78,10.18,479.58,0.09,1.78,0.0
696.0,2024-01-03,15:25:20,696.0,26.26,23.3,57.91,10.34,481.03,24.03,55.03,10.27,24.03,55.03,21.57,62.31,10.01,35.15,28.77,10.18,481.03,0.09,1.78,0.0
697.0,2024-01-03,15:25:21,697.0,26.26,23.3,57.91,10.34,482.1,24.03,55.03,10.27,24.03,55.03,21.57,62.31,10.01,35.15,28.77,10.18,482.1,0.09,1.79,0.0
698.0,2024-01-03,15:25:22,698.0,26.26,23.3,57.91,10.34,482.23,24.03,55.03,10.27,24.03,55.03,21.57,62.31,10.01,35.15,28.77,10.18,482.23,0.09,1.79,0.0
699.0,2024-01-03,15:25:23,699.0,26.27,23.31,57.89,10.34,481.15,24.03,55.05,10.27,24.03,55.05,21.56,62.37,10.02,35.15,28.76,10.18,481.15,0.09,1.78,0.0
700.0,2024-01-03,15:25:24,700.0,26.27,23.31,57.89,10.34,479.1,24.03,55.05,10.27,24.03,55.05,21.56,62.37,10.02,35.15,28.76,10.18,479.1,0.09,1.77,0.0
701.0,2024-01-03,15:25:25,701.0,26.27,23.31,57.89,10.34,478.64,24.03,55.05,10.27,24.03,55.05,21.56,62.37,10.02,35.15,28.76,10.18,478.64,0.09,1.77,0.0
702.0,2024-01-03,15:25:26,702.0,26.27,23.31,57.85,10.34,479.09,24.03,55.07,10.27,24.03,55.07,21.57,62.37,10.02,35.16,28.75,10.18,479.09,0.09,1.77,0.0
703.0,2024-01-03,15:25:27,703.0,26.27,23.31,57.85,10.34,477.56,24.03,55.07,10.27,24.03,55.07,21.57,62.37,10.02,35.16,28.75,10.18,477.56,0.09,1.77,0.0
704.0,2024-01-03,15:25:28,704.0,26.27,23.31,57.85,10.34,477.23,24.03,55.07,10.27,24.03,55.07,21.57,62.37,10.02,35.16,28.75,10.18,477.23,0.09,1.77,0.0
705.0,2024-01-03,15:25:29,705.0,26.28,23.31,57.84,10.34,473.56,24.03,55.06,10.27,24.03,55.06,21.58,62.33,10.02,35.17,28.74,10.18,473.56,0.09,1.75,0.0
706.0,2024-01-03,15:25:30,706.0,26.28,23.31,57.84,10.34,472.41,24.03,55.06,10.27,24.03,55.06,21.58,62.33,10.02,35.17,28.74,10.18,472.41,0.09,1.75,0.0
707.0,2024-01-03,15:25:31,707.0,26.28,23.31,57.84,10.34,470.71,24.03,55.06,10.27,24.03,55.06,21.58,62.33,10.02,35.17,28.74,10.18,470.71,0.09,1.75,0.0
708.0,2024-01-03,15:25:32,708.0,26.29,23.31,57.86,10.34,468.93,24.03,55.08,10.28,24.03,55.08,21.6,62.27,10.02,35.17,28.74,10.19,468.93,0.09,1.74,0.0
709.0,2024-01-03,15:25:33,709.0,26.29,23.31,57.86,10.34,467.99,24.03,55.08,10.28,24.03,55.08,21.6,62.27,10.02,35.17,28.74,10.19,467.99,0.09,1.74,0.0
710.0,2024-01-03,15:25:34,710.0,26.29,23.31,57.86,10.34,469.39,24.03,55.08,10.28,24.03,55.08,21.6,62.27,10.02,35.17,28.74,10.19,469.39,0.09,1.74,0.0
711.0,2024-01-03,15:25:35,711.0,26.29,23.32,57.87,10.35,471.51,24.03,55.06,10.27,24.03,55.06,21.6,62.28,10.03,35.17,28.75,10.19,471.51,0.09,1.75,0.0
712.0,2024-01-03,15:25:36,712.0,26.29,23.32,57.87,10.35,472.05,24.03,55.06,10.27,24.03,55.06,21.6,62.28,10.03,35.17,28.75,10.19,472.05,0.09,1.75,0.0
713.0,2024-01-03,15:25:37,713.0,26.29,23.32,57.87,10.35,472.01,24.03,55.06,10.27,24.03,55.06,21.6,62.28,10.03,35.17,28.75,10.19,472.01,0.09,1.75,0.0
714.0,2024-01-03,15:25:38,714.0,26.31,23.32,57.84,10.34,471.96,24.04,55.05,10.28,24.04,55.05,21.62,62.27,10.03,35.18,28.74,10.19,471.96,0.09,1.75,0.0
715.0,2024-01-03,15:25:39,715.0,26.31,23.32,57.84,10.34,471.99,24.04,55.05,10.28,24.04,55.05,21.62,62.27,10.03,35.18,28.74,10.19,471.99,0.09,1.75,0.0
716.0,2024-01-03,15:25:40,716.0,26.31,23.32,57.84,10.34,471.34,24.04,55.05,10.28,24.04,55.05,21.62,62.27,10.03,35.18,28.74,10.19,471.34,0.09,1.75,0.0
717.0,2024-01-03,15:25:41,717.0,26.31,23.32,57.85,10.34,471.2,24.04,55.03,10.27,24.04,55.03,21.61,62.36,10.04,35.18,28.75,10.19,471.2,0.09,1.75,0.0
718.0,2024-01-03,15:25:42,718.0,26.31,23.32,57.85,10.34,472.67,24.04,55.03,10.27,24.04,55.03,21.61,62.36,10.04,35.18,28.75,10.19,472.67,0.09,1.76,0.0
719.0,2024-01-03,15:25:43,719.0,26.31,23.32,57.85,10.34,473.56,24.04,55.03,10.27,24.04,55.03,21.61,62.36,10.04,35.18,28.75,10.19,473.56,0.09,1.76,0.0
720.0,2024-01-03,15:25:44,720.0,26.32,23.32,57.83,10.34,472.78,24.04,55.02,10.27,24.04,55.02,21.6,62.42,10.05,35.17,28.76,10.2,472.78,0.09,1.76,0.0
721.0,2024-01-03,15:25:45,721.0,26.32,23.32,57.83,10.34,472.82,24.04,55.02,10.27,24.04,55.02,21.6,62.42,10.05,35.17,28.76,10.2,472.82,0.09,1.76,0.0
722.0,2024-01-03,15:25:46,722.0,26.32,23.32,57.83,10.34,475.6,24.04,55.02,10.27,24.04,55.02,21.6,62.42,10.05,35.17,28.76,10.2,475.6,0.09,1.77,0.0
723.0,2024-01-03,15:25:47,723.0,26.33,23.33,57.82,10.34,477.33,24.04,55.01,10.27,24.04,55.01,21.6,62.44,10.05,35.18,28.74,10.19,477.33,0.09,1.77,0.0
724.0,2024-01-03,15:25:48,724.0,26.33,23.33,57.82,10.34,480.86,24.04,55.01,10.27,24.04,55.01,21.6,62.44,10.05,35.18,28.74,10.19,480.86,0.09,1.79,0.0
725.0,2024-01-03,15:25:49,725.0,26.33,23.33,57.82,10.34,482.01,24.04,55.01,10.27,24.04,55.01,21.6,62.44,10.05,35.18,28.74,10.19,482.01,0.09,1.79,0.0
726.0,2024-01-03,15:25:50,726.0,26.33,23.33,57.81,10.34,482.58,24.05,54.98,10.27,24.05,54.98,21.61,62.39,10.05,35.18,28.73,10.19,482.58,0.09,1.79,0.0
727.0,2024-01-03,15:25:51,727.0,26.33,23.33,57.81,10.34,479.55,24.05,54.98,10.27,24.05,54.98,21.61,62.39,10.05,35.18,28.73,10.19,479.55,0.09,1.78,0.0
728.0,2024-01-03,15:25:52,728.0,26.33,23.33,57.81,10.34,474.32,24.05,54.98,10.27,24.05,54.98,21.61,62.39,10.05,35.18,28.73,10.19,474.32,0.09,1.76,0.0
729.0,2024-01-03,15:25:53,729.0,26.34,23.33,57.81,10.34,473.57,24.06,54.93,10.27,24.06,54.93,21.63,62.32,10.05,35.19,28.72,10.19,473.57,0.09,1.76,0.0
730.0,2024-01-03,15:25:54,730.0,26.34,23.33,57.81,10.34,472.44,24.06,54.93,10.27,24.06,54.93,21.63,62.32,10.05,35.19,28.72,10.19,472.44,0.09,1.75,0.0
731.0,2024-01-03,15:25:55,731.0,26.34,23.33,57.81,10.34,472.29,24.06,54.93,10.27,24.06,54.93,21.63,62.32,10.05,35.19,28.72,10.19,472.29,0.09,1.75,0.0
732.0,2024-01-03,15:25:56,732.0,26.34,23.33,57.79,10.34,475.86,24.07,54.89,10.27,24.07,54.89,21.65,62.2,10.04,35.19,28.71,10.18,475.86,0.09,1.76,0.0
733.0,2024-01-03,15:25:57,733.0,26.34,23.33,57.79,10.34,477.21,24.07,54.89,10.27,24.07,54.89,21.65,62.2,10.04,35.19,28.71,10.18,477.21,0.09,1.77,0.0
734.0,2024-01-03,15:25:58,734.0,26.34,23.33,57.79,10.34,478.18,24.07,54.89,10.27,24.07,54.89,21.65,62.2,10.04,35.19,28.71,10.18,478.18,0.09,1.77,0.0
735.0,2024-01-03,15:25:59,735.0,26.35,23.33,57.78,10.34,478.48,24.08,54.84,10.26,24.08,54.84,21.67,62.05,10.03,35.19,28.7,10.18,478.48,0.09,1.77,0.0
736.0,2024-01-03,15:26:00,736.0,26.35,23.33,57.78,10.34,476.31,24.08,54.84,10.26,24.08,54.84,21.67,62.05,10.03,35.19,28.7,10.18,476.31,0.09,1.77,0.0
737.0,2024-01-03,15:26:01,737.0,26.35,23.33,57.78,10.34,475.78,24.08,54.84,10.26,24.08,54.84,21.67,62.05,10.03,35.19,28.7,10.18,475.78,0.09,1.76,0.0
738.0,2024-01-03,15:26:02,738.0,26.35,23.34,57.77,10.34,474.84,24.08,54.81,10.26,24.08,54.81,21.69,61.93,10.02,35.19,28.69,10.18,474.84,0.09,1.76,0.0
739.0,2024-01-03,15:26:03,739.0,26.35,23.34,57.77,10.34,473.54,24.08,54.81,10.26,24.08,54.81,21.69,61.93,10.02,35.19,28.69,10.18,473.54,0.09,1.75,0.0
740.0,2024-01-03,15:26:04,740.0,26.35,23.34,57.77,10.34,472.46,24.08,54.81,10.26,24.08,54.81,21.69,61.93,10.02,35.19,28.69,10.18,472.46,0.09,1.75,0.0
741.0,2024-01-03,15:26:05,741.0,26.36,23.34,57.75,10.34,472.33,24.08,54.82,10.26,24.08,54.82,21.7,61.8,10.01,35.2,28.68,10.18,472.33,0.09,1.75,0.0
742.0,2024-01-03,15:26:06,742.0,26.36,23.34,57.75,10.34,475.29,24.08,54.82,10.26,24.08,54.82,21.7,61.8,10.01,35.2,28.68,10.18,475.29,0.09,1.76,0.0
743.0,2024-01-03,15:26:07,743.0,26.36,23.34,57.75,10.34,476.34,24.08,54.82,10.26,24.08,54.82,21.7,61.8,10.01,35.2,28.68,10.18,476.34,0.09,1.76,0.0
744.0,2024-01-03,15:26:08,744.0,26.36,23.34,57.75,10.34,477.35,24.08,54.81,10.26,24.08,54.81,21.69,61.88,10.01,35.2,28.68,10.18,477.35,0.09,1.77,0.0
745.0,2024-01-03,15:26:09,745.0,26.36,23.34,57.75,10.34,477.34,24.08,54.81,10.26,24.08,54.81,21.69,61.88,10.01,35.2,28.68,10.18,477.34,0.09,1.77,0.0
746.0,2024-01-03,15:26:10,746.0,26.36,23.34,57.75,10.34,475.66,24.08,54.81,10.26,24.08,54.81,21.69,61.88,10.01,35.2,28.68,10.18,475.66,0.09,1.76,0.0
747.0,2024-01-03,15:26:11,747.0,26.36,23.35,57.74,10.34,473.9,24.09,54.79,10.26,24.09,54.79,21.66,62.06,10.02,35.21,28.67,10.18,473.9,0.09,1.76,0.0
748.0,2024-01-03,15:26:12,748.0,26.36,23.35,57.74,10.34,470.97,24.09,54.79,10.26,24.09,54.79,21.66,62.06,10.02,35.21,28.67,10.18,470.97,0.09,1.75,0.0
749.0,2024-01-03,15:26:13,749.0,26.36,23.35,57.74,10.34,469.5,24.09,54.79,10.26,24.09,54.79,21.66,62.06,10.02,35.21,28.67,10.18,469.5,0.09,1.74,0.0
750.0,2024-01-03,15:26:14,750.0,26.37,23.35,57.72,10.34,468.24,24.1,54.75,10.26,24.1,54.75,21.63,62.17,10.03,35.22,28.64,10.18,468.24,0.09,1.74,0.0
751.0,2024-01-03,15:26:15,751.0,26.37,23.35,57.72,10.34,467.96,24.1,54.75,10.26,24.1,54.75,21.63,62.17,10.03,35.22,28.64,10.18,467.96,0.09,1.74,0.0
752.0,2024-01-03,15:26:16,752.0,26.37,23.35,57.72,10.34,467.62,24.1,54.75,10.26,24.1,54.75,21.63,62.17,10.03,35.22,28.64,10.18,467.62,0.09,1.73,0.0
753.0,2024-01-03,15:26:17,753.0,26.37,23.35,57.7,10.34,467.44,24.1,54.73,10.26,24.1,54.73,21.61,62.3,10.04,35.23,28.63,10.18,467.44,0.09,1.73,0.0
754.0,2024-01-03,15:26:18,754.0,26.37,23.35,57.7,10.34,471.52,24.1,54.73,10.26,24.1,54.73,21.61,62.3,10.04,35.23,28.63,10.18,471.52,0.09,1.75,0.0
755.0,2024-01-03,15:26:19,755.0,26.37,23.35,57.7,10.34,473.51,24.1,54.73,10.26,24.1,54.73,21.61,62.3,10.04,35.23,28.63,10.18,473.51,0.09,1.76,0.0
756.0,2024-01-03,15:26:20,756.0,26.38,23.36,57.67,10.34,476.56,24.11,54.72,10.26,24.11,54.72,21.57,62.5,10.04,35.24,28.62,10.18,476.56,0.09,1.77,0.0
757.0,2024-01-03,15:26:21,757.0,26.38,23.36,57.67,10.34,477.49,24.11,54.72,10.26,24.11,54.72,21.57,62.5,10.04,35.24,28.62,10.18,477.49,0.09,1.77,0.0
758.0,2024-01-03,15:26:22,758.0,26.38,23.36,57.67,10.34,481.16,24.11,54.72,10.26,24.11,54.72,21.57,62.5,10.04,35.24,28.62,10.18,481.16,0.09,1.79,0.0
759.0,2024-01-03,15:26:23,759.0,26.38,23.36,57.68,10.34,481.93,24.12,54.69,10.26,24.12,54.69,21.53,62.7,10.05,35.25,28.62,10.19,481.93,0.09,1.79,0.0
760.0,2024-01-03,15:26:24,760.0,26.38,23.36,57.68,10.34,479.54,24.12,54.69,10.26,24.12,54.69,21.53,62.7,10.05,35.25,28.62,10.19,479.54,0.09,1.78,0.0
761.0,2024-01-03,15:26:25,761.0,26.38,23.36,57.68,10.34,479.1,24.12,54.69,10.26,24.12,54.69,21.53,62.7,10.05,35.25,28.62,10.19,479.1,0.09,1.78,0.0
762.0,2024-01-03,15:26:26,762.0,26.39,23.37,57.66,10.34,479.74,24.12,54.7,10.26,24.12,54.7,21.51,62.85,10.06,35.26,28.61,10.19,479.74,0.09,1.78,0.0
763.0,2024-01-03,15:26:27,763.0,26.39,23.37,57.66,10.34,480.06,24.12,54.7,10.26,24.12,54.7,21.51,62.85,10.06,35.26,28.61,10.19,480.06,0.09,1.78,0.0
764.0,2024-01-03,15:26:28,764.0,26.39,23.37,57.66,10.34,477.23,24.12,54.7,10.26,24.12,54.7,21.51,62.85,10.06,35.26,28.61,10.19,477.23,0.09,1.77,0.0
765.0,2024-01-03,15:26:29,765.0,26.39,23.37,57.66,10.34,476.01,24.12,54.68,10.26,24.12,54.68,21.49,62.89,10.06,35.26,28.6,10.19,476.01,0.09,1.77,0.0
766.0,2024-01-03,15:26:30,766.0,26.39,23.37,57.66,10.34,472.16,24.12,54.68,10.26,24.12,54.68,21.49,62.89,10.06,35.26,28.6,10.19,472.16,0.09,1.76,0.0
767.0,2024-01-03,15:26:31,767.0,26.39,23.37,57.66,10.34,470.72,24.12,54.68,10.26,24.12,54.68,21.49,62.89,10.06,35.26,28.6,10.19,470.72,0.09,1.75,0.0
768.0,2024-01-03,15:26:32,768.0,26.4,23.37,57.65,10.34,469.09,24.13,54.67,10.26,24.13,54.67,21.47,62.95,10.06,35.26,28.61,10.19,469.09,0.09,1.74,0.0
769.0,2024-01-03,15:26:33,769.0,26.4,23.37,57.65,10.34,468.97,24.13,54.67,10.26,24.13,54.67,21.47,62.95,10.06,35.26,28.61,10.19,468.97,0.09,1.74,0.0
770.0,2024-01-03,15:26:34,770.0,26.4,23.37,57.65,10.34,471.37,24.13,54.67,10.26,24.13,54.67,21.47,62.95,10.06,35.26,28.61,10.19,471.37,0.09,1.75,0.0
771.0,2024-01-03,15:26:35,771.0,26.4,23.38,57.63,10.34,471.16,24.13,54.66,10.26,24.13,54.66,21.48,62.93,10.05,35.26,28.63,10.2,471.16,0.09,1.75,0.0
772.0,2024-01-03,15:26:36,772.0,26.4,23.38,57.63,10.34,467.78,24.13,54.66,10.26,24.13,54.66,21.48,62.93,10.05,35.26,28.63,10.2,467.78,0.09,1.74,0.0
773.0,2024-01-03,15:26:37,773.0,26.4,23.38,57.63,10.34,467.46,24.13,54.66,10.26,24.13,54.66,21.48,62.93,10.05,35.26,28.63,10.2,467.46,0.09,1.74,0.0
774.0,2024-01-03,15:26:38,774.0,26.41,23.38,57.63,10.34,470.34,24.14,54.65,10.26,24.14,54.65,21.49,62.87,10.05,35.26,28.62,10.2,470.34,0.09,1.75,0.0
775.0,2024-01-03,15:26:39,775.0,26.41,23.38,57.63,10.34,471.76,24.14,54.65,10.26,24.14,54.65,21.49,62.87,10.05,35.26,28.62,10.2,471.76,0.09,1.75,0.0
776.0,2024-01-03,15:26:40,776.0,26.41,23.38,57.63,10.34,471.81,24.14,54.65,10.26,24.14,54.65,21.49,62.87,10.05,35.26,28.62,10.2,471.81,0.09,1.75,0.0
777.0,2024-01-03,15:26:41,777.0,26.41,23.38,57.62,10.34,471.47,24.15,54.63,10.26,24.15,54.63,21.5,62.81,10.05,35.26,28.62,10.2,471.47,0.09,1.75,0.0
778.0,2024-01-03,15:26:42,778.0,26.41,23.38,57.62,10.34,471.94,24.15,54.63,10.26,24.15,54.63,21.5,62.81,10.05,35.26,28.62,10.2,471.94,0.09,1.75,0.0
779.0,2024-01-03,15:26:43,779.0,26.41,23.38,57.62,10.34,472.93,24.15,54.63,10.26,24.15,54.63,21.5,62.81,10.05,35.26,28.62,10.2,472.93,0.09,1.76,0.0
780.0,2024-01-03,15:26:44,780.0,26.42,23.38,57.6,10.34,473.7,24.15,54.63,10.27,24.15,54.63,21.52,62.74,10.05,35.26,28.64,10.2,473.7,0.09,1.76,0.0
781.0,2024-01-03,15:26:45,781.0,26.42,23.38,57.6,10.34,473.71,24.15,54.63,10.27,24.15,54.63,21.52,62.74,10.05,35.26,28.64,10.2,473.71,0.09,1.76,0.0
782.0,2024-01-03,15:26:46,782.0,26.42,23.38,57.6,10.34,474.97,24.15,54.63,10.27,24.15,54.63,21.52,62.74,10.05,35.26,28.64,10.2,474.97,0.1,1.76,0.0
783.0,2024-01-03,15:26:47,783.0,26.43,23.38,57.62,10.34,473.78,24.15,54.61,10.27,24.15,54.61,21.54,62.6,10.04,35.26,28.63,10.2,473.78,0.09,1.76,0.0
784.0,2024-01-03,15:26:48,784.0,26.43,23.38,57.62,10.34,472.48,24.15,54.61,10.27,24.15,54.61,21.54,62.6,10.04,35.26,28.63,10.2,472.48,0.09,1.75,0.0
785.0,2024-01-03,15:26:49,785.0,26.43,23.38,57.62,10.34,471.94,24.15,54.61,10.27,24.15,54.61,21.54,62.6,10.04,35.26,28.63,10.2,471.94,0.09,1.75,0.0
786.0,2024-01-03,15:26:50,786.0,26.43,23.38,57.61,10.34,471.99,24.16,54.59,10.27,24.16,54.59,21.57,62.5,10.04,35.26,28.63,10.2,471.99,0.09,1.75,0.0
787.0,2024-01-03,15:26:51,787.0,26.43,23.38,57.61,10.34,472.46,24.16,54.59,10.27,24.16,54.59,21.57,62.5,10.04,35.26,28.63,10.2,472.46,0.09,1.75,0.0
788.0,2024-01-03,15:26:52,788.0,26.43,23.38,57.61,10.34,476.53,24.16,54.59,10.27,24.16,54.59,21.57,62.5,10.04,35.26,28.63,10.2,476.53,0.09,1.77,0.0
789.0,2024-01-03,15:26:53,789.0,26.44,23.39,57.59,10.34,479.44,24.17,54.55,10.26,24.17,54.55,21.59,62.4,10.04,35.26,28.63,10.2,479.44,0.1,1.78,0.0
790.0,2024-01-03,15:26:54,790.0,26.44,23.39,57.59,10.34,481.9,24.17,54.55,10.26,24.17,54.55,21.59,62.4,10.04,35.26,28.63,10.2,481.9,0.1,1.79,0.0
791.0,2024-01-03,15:26:55,791.0,26.44,23.39,57.59,10.34,481.95,24.17,54.55,10.26,24.17,54.55,21.59,62.4,10.04,35.26,28.63,10.2,481.95,0.1,1.79,0.0
792.0,2024-01-03,15:26:56,792.0,26.44,23.39,57.61,10.34,480.22,24.17,54.51,10.26,24.17,54.51,21.6,62.3,10.03,35.27,28.62,10.2,480.22,0.1,1.78,0.0
793.0,2024-01-03,15:26:57,793.0,26.44,23.39,57.61,10.34,477.97,24.17,54.51,10.26,24.17,54.51,21.6,62.3,10.03,35.27,28.62,10.2,477.97,0.09,1.78,0.0
794.0,2024-01-03,15:26:58,794.0,26.44,23.39,57.61,10.34,475.63,24.17,54.51,10.26,24.17,54.51,21.6,62.3,10.03,35.27,28.62,10.2,475.63,0.09,1.77,0.0
795.0,2024-01-03,15:26:59,795.0,26.45,23.39,57.6,10.34,475.16,24.18,54.48,10.26,24.18,54.48,21.62,62.21,10.03,35.28,28.6,10.2,475.16,0.09,1.77,0.0
796.0,2024-01-03,15:27:00,796.0,26.45,23.39,57.6,10.34,475.8,24.18,54.48,10.26,24.18,54.48,21.62,62.21,10.03,35.28,28.6,10.2,475.8,0.09,1.77,0.0
797.0,2024-01-03,15:27:01,797.0,26.45,23.39,57.6,10.34,475.61,24.18,54.48,10.26,24.18,54.48,21.62,62.21,10.03,35.28,28.6,10.2,475.61,0.09,1.77,0.0
798.0,2024-01-03,15:27:02,798.0,26.45,23.39,57.59,10.34,474.98,24.19,54.44,10.26,24.19,54.44,21.65,62.07,10.02,35.28,28.59,10.2,474.98,0.09,1.76,0.0
799.0,2024-01-03,15:27:03,799.0,26.45,23.39,57.59,10.34,478.48,24.19,54.44,10.26,24.19,54.44,21.65,62.07,10.02,35.28,28.59,10.2,478.48,0.09,1.78,0.0
800.0,2024-01-03,15:27:04,800.0,26.45,23.39,57.59,10.34,481.19,24.19,54.44,10.26,24.19,54.44,21.65,62.07,10.02,35.28,28.59,10.2,481.19,0.1,1.79,0.0
801.0,2024-01-03,15:27:05,801.0,26.45,23.39,57.6,10.34,480.53,24.19,54.44,10.26,24.19,54.44,21.68,61.93,10.02,35.29,28.59,10.2,480.53,0.1,1.79,0.0
802.0,2024-01-03,15:27:06,802.0,26.45,23.39,57.6,10.34,478.63,24.19,54.44,10.26,24.19,54.44,21.68,61.93,10.02,35.29,28.59,10.2,478.63,0.09,1.78,0.0
803.0,2024-01-03,15:27:07,803.0,26.45,23.39,57.6,10.34,476.11,24.19,54.44,10.26,24.19,54.44,21.68,61.93,10.02,35.29,28.59,10.2,476.11,0.09,1.77,0.0
804.0,2024-01-03,15:27:08,804.0,26.46,23.39,57.58,10.34,475.32,24.19,54.42,10.26,24.19,54.42,21.7,61.83,10.01,35.29,28.58,10.2,475.32,0.09,1.77,0.0
805.0,2024-01-03,15:27:09,805.0,26.46,23.39,57.58,10.34,473.58,24.19,54.42,10.26,24.19,54.42,21.7,61.83,10.01,35.29,28.58,10.2,473.58,0.09,1.76,0.0
806.0,2024-01-03,15:27:10,806.0,26.46,23.39,57.58,10.34,475.04,24.19,54.42,10.26,24.19,54.42,21.7,61.83,10.01,35.29,28.58,10.2,475.04,0.09,1.77,0.0
807.0,2024-01-03,15:27:11,807.0,26.46,23.4,57.58,10.34,476.78,24.2,54.42,10.26,24.2,54.42,21.72,61.73,10.01,35.29,28.58,10.2,476.78,0.1,1.77,0.0
808.0,2024-01-03,15:27:12,808.0,26.46,23.4,57.58,10.34,476.11,24.2,54.42,10.26,24.2,54.42,21.72,61.73,10.01,35.29,28.58,10.2,476.11,0.1,1.77,0.0
809.0,2024-01-03,15:27:13,809.0,26.46,23.4,57.58,10.34,474.08,24.2,54.42,10.26,24.2,54.42,21.72,61.73,10.01,35.29,28.58,10.2,474.08,0.09,1.76,0.0
810.0,2024-01-03,15:27:14,810.0,26.46,23.4,57.57,10.34,473.69,24.19,54.46,10.26,24.19,54.46,21.74,61.62,10.01,35.3,28.57,10.2,473.69,0.09,1.76,0.0
811.0,2024-01-03,15:27:15,811.0,26.46,23.4,57.57,10.34,473.53,24.19,54.46,10.26,24.19,54.46,21.74,61.62,10.01,35.3,28.57,10.2,473.53,0.1,1.76,0.0
812.0,2024-01-03,15:27:16,812.0,26.46,23.4,57.57,10.34,473.22,24.19,54.46,10.26,24.19,54.46,21.74,61.62,10.01,35.3,28.57,10.2,473.22,0.1,1.76,0.0
813.0,2024-01-03,15:27:17,813.0,26.47,23.4,57.56,10.34,473.7,24.19,54.46,10.26,24.19,54.46,21.78,61.42,9.99,35.3,28.57,10.2,473.7,0.09,1.76,0.0
814.0,2024-01-03,15:27:18,814.0,26.47,23.4,57.56,10.34,475.03,24.19,54.46,10.26,24.19,54.46,21.78,61.42,9.99,35.3,28.57,10.2,475.03,0.1,1.77,0.0
815.0,2024-01-03,15:27:19,815.0,26.47,23.4,57.56,10.34,475.49,24.19,54.46,10.26,24.19,54.46,21.78,61.42,9.99,35.3,28.57,10.2,475.49,0.1,1.77,0.0
816.0,2024-01-03,15:27:20,816.0,26.47,23.4,57.55,10.34,475.16,24.19,54.45,10.26,24.19,54.45,21.8,61.28,9.98,35.31,28.57,10.2,475.16,0.1,1.77,0.0
817.0,2024-01-03,15:27:21,817.0,26.47,23.4,57.55,10.34,472.61,24.19,54.45,10.26,24.19,54.45,21.8,61.28,9.98,35.31,28.57,10.2,472.61,0.09,1.76,0.0
818.0,2024-01-03,15:27:22,818.0,26.47,23.4,57.55,10.34,473.72,24.19,54.45,10.26,24.19,54.45,21.8,61.28,9.98,35.31,28.57,10.2,473.72,0.09,1.76,0.0
819.0,2024-01-03,15:27:23,819.0,26.48,23.41,57.55,10.35,476.97,24.2,54.43,10.26,24.2,54.43,21.79,61.34,9.99,35.31,28.58,10.21,476.97,0.09,1.78,0.0
820.0,2024-01-03,15:27:24,820.0,26.48,23.41,57.55,10.35,477.81,24.2,54.43,10.26,24.2,54.43,21.79,61.34,9.99,35.31,28.58,10.21,477.81,0.09,1.78,0.0
821.0,2024-01-03,15:27:25,821.0,26.48,23.41,57.55,10.35,477.21,24.2,54.43,10.26,24.2,54.43,21.79,61.34,9.99,35.31,28.58,10.21,477.21,0.09,1.78,0.0
822.0,2024-01-03,15:27:26,822.0,26.48,23.41,57.53,10.34,476.62,24.21,54.42,10.26,24.21,54.42,21.75,61.57,10,35.31,28.57,10.21,476.62,0.09,1.78,0.0
823.0,2024-01-03,15:27:27,823.0,26.48,23.41,57.53,10.34,475.06,24.21,54.42,10.26,24.21,54.42,21.75,61.57,10,35.31,28.57,10.21,475.06,0.1,1.77,0.0
824.0,2024-01-03,15:27:28,824.0,26.48,23.41,57.53,10.34,471.84,24.21,54.42,10.26,24.21,54.42,21.75,61.57,10,35.31,28.57,10.21,471.84,0.1,1.76,0.0
825.0,2024-01-03,15:27:29,825.0,26.49,23.41,57.53,10.35,471.45,24.21,54.41,10.26,24.21,54.41,21.7,61.82,10.01,35.31,28.58,10.21,471.45,0.1,1.75,0.0
826.0,2024-01-03,15:27:30,826.0,26.49,23.41,57.53,10.35,472.92,24.21,54.41,10.26,24.21,54.41,21.7,61.82,10.01,35.31,28.58,10.21,472.92,0.09,1.76,0.0
827.0,2024-01-03,15:27:31,827.0,26.49,23.41,57.53,10.35,473.15,24.21,54.41,10.26,24.21,54.41,21.7,61.82,10.01,35.31,28.58,10.21,473.15,0.09,1.76,0.0
828.0,2024-01-03,15:27:32,828.0,26.49,23.42,57.57,10.36,472.92,24.22,54.4,10.26,24.22,54.4,21.66,62.05,10.02,35.32,28.59,10.21,472.92,0.09,1.76,0.0
829.0,2024-01-03,15:27:33,829.0,26.49,23.42,57.57,10.36,472.95,24.22,54.4,10.26,24.22,54.4,21.66,62.05,10.02,35.32,28.59,10.21,472.95,0.09,1.76,0.0
830.0,2024-01-03,15:27:34,830.0,26.49,23.42,57.57,10.36,474.98,24.22,54.4,10.26,24.22,54.4,21.66,62.05,10.02,35.32,28.59,10.21,474.98,0.09,1.77,0.0
831.0,2024-01-03,15:27:35,831.0,26.5,23.42,57.52,10.35,476.26,24.22,54.39,10.27,24.22,54.39,21.62,62.23,10.03,35.32,28.58,10.22,476.26,0.09,1.77,0.0
832.0,2024-01-03,15:27:36,832.0,26.5,23.42,57.52,10.35,477.41,24.22,54.39,10.27,24.22,54.39,21.62,62.23,10.03,35.32,28.58,10.22,477.41,0.1,1.78,0.0
833.0,2024-01-03,15:27:37,833.0,26.5,23.42,57.52,10.35,477.56,24.22,54.39,10.27,24.22,54.39,21.62,62.23,10.03,35.32,28.58,10.22,477.56,0.1,1.78,0.0
834.0,2024-01-03,15:27:38,834.0,26.51,23.42,57.52,10.35,476.24,24.23,54.36,10.27,24.23,54.36,21.59,62.4,10.04,35.33,28.56,10.22,476.24,0.1,1.78,0.0
835.0,2024-01-03,15:27:39,835.0,26.51,23.42,57.52,10.35,475.77,24.23,54.36,10.27,24.23,54.36,21.59,62.4,10.04,35.33,28.56,10.22,475.77,0.1,1.77,0.0
836.0,2024-01-03,15:27:40,836.0,26.51,23.42,57.52,10.35,475.49,24.23,54.36,10.27,24.23,54.36,21.59,62.4,10.04,35.33,28.56,10.22,475.49,0.1,1.77,0.0
837.0,2024-01-03,15:27:41,837.0,26.51,23.43,57.53,10.35,475.34,24.23,54.36,10.27,24.23,54.36,21.57,62.49,10.04,35.34,28.55,10.22,475.34,0.1,1.77,0.0
838.0,2024-01-03,15:27:42,838.0,26.51,23.43,57.53,10.35,473.81,24.23,54.36,10.27,24.23,54.36,21.57,62.49,10.04,35.34,28.55,10.22,473.81,0.1,1.77,0.0
839.0,2024-01-03,15:27:43,839.0,26.51,23.43,57.53,10.35,472.93,24.23,54.36,10.27,24.23,54.36,21.57,62.49,10.04,35.34,28.55,10.22,472.93,0.1,1.76,0.0
840.0,2024-01-03,15:27:44,840.0,26.52,23.43,57.52,10.35,474.51,24.24,54.34,10.27,24.24,54.34,21.55,62.54,10.04,35.35,28.55,10.22,474.51,0.1,1.77,0.0
841.0,2024-01-03,15:27:45,841.0,26.52,23.43,57.52,10.35,475.66,24.24,54.34,10.27,24.24,54.34,21.55,62.54,10.04,35.35,28.55,10.22,475.66,0.1,1.77,0.0
842.0,2024-01-03,15:27:46,842.0,26.52,23.43,57.52,10.35,476.28,24.24,54.34,10.27,24.24,54.34,21.55,62.54,10.04,35.35,28.55,10.22,476.28,0.1,1.78,0.0
843.0,2024-01-03,15:27:47,843.0,26.53,23.43,57.51,10.35,476.43,24.25,54.31,10.27,24.25,54.31,21.55,62.54,10.04,35.36,28.54,10.22,476.43,0.1,1.78,0.0
844.0,2024-01-03,15:27:48,844.0,26.53,23.43,57.51,10.35,476.58,24.25,54.31,10.27,24.25,54.31,21.55,62.54,10.04,35.36,28.54,10.22,476.58,0.1,1.78,0.0
845.0,2024-01-03,15:27:49,845.0,26.53,23.43,57.51,10.35,475.78,24.25,54.31,10.27,24.25,54.31,21.55,62.54,10.04,35.36,28.54,10.22,475.78,0.1,1.77,0.0
846.0,2024-01-03,15:27:50,846.0,26.53,23.43,57.55,10.36,474.24,24.25,54.32,10.27,24.25,54.32,21.56,62.48,10.03,35.37,28.52,10.22,474.24,0.1,1.77,0.0
847.0,2024-01-03,15:27:51,847.0,26.53,23.43,57.55,10.36,473.95,24.25,54.32,10.27,24.25,54.32,21.56,62.48,10.03,35.37,28.52,10.22,473.95,0.1,1.77,0.0
848.0,2024-01-03,15:27:52,848.0,26.53,23.43,57.55,10.36,473.61,24.25,54.32,10.27,24.25,54.32,21.56,62.48,10.03,35.37,28.52,10.22,473.61,0.1,1.77,0.0
849.0,2024-01-03,15:27:53,849.0,26.54,23.43,57.53,10.36,472.77,24.26,54.3,10.27,24.26,54.3,21.57,62.46,10.03,35.38,28.5,10.22,472.77,0.09,1.76,0.0
850.0,2024-01-03,15:27:54,850.0,26.54,23.43,57.53,10.36,473.16,24.26,54.3,10.27,24.26,54.3,21.57,62.46,10.03,35.38,28.5,10.22,473.16,0.1,1.77,0.0
851.0,2024-01-03,15:27:55,851.0,26.54,23.43,57.53,10.36,474.72,24.26,54.3,10.27,24.26,54.3,21.57,62.46,10.03,35.38,28.5,10.22,474.72,0.1,1.77,0.0
852.0,2024-01-03,15:27:56,852.0,26.55,23.43,57.53,10.36,475.63,24.26,54.27,10.27,24.26,54.27,21.58,62.43,10.04,35.39,28.49,10.22,475.63,0.1,1.78,0.0
853.0,2024-01-03,15:27:57,853.0,26.55,23.43,57.53,10.36,475.34,24.26,54.27,10.27,24.26,54.27,21.58,62.43,10.04,35.39,28.49,10.22,475.34,0.1,1.78,0.0
854.0,2024-01-03,15:27:58,854.0,26.55,23.43,57.53,10.36,473.46,24.26,54.27,10.27,24.26,54.27,21.58,62.43,10.04,35.39,28.49,10.22,473.46,0.1,1.77,0.0
855.0,2024-01-03,15:27:59,855.0,26.55,23.43,57.52,10.36,472.44,24.27,54.26,10.27,24.27,54.26,21.6,62.37,10.04,35.4,28.47,10.22,472.44,0.1,1.77,0.0
856.0,2024-01-03,15:28:00,856.0,26.55,23.43,57.52,10.36,470.4,24.27,54.26,10.27,24.27,54.26,21.6,62.37,10.04,35.4,28.47,10.22,470.4,0.1,1.76,0.0
857.0,2024-01-03,15:28:01,857.0,26.55,23.43,57.52,10.36,470.11,24.27,54.26,10.27,24.27,54.26,21.6,62.37,10.04,35.4,28.47,10.22,470.11,0.1,1.76,0.0
858.0,2024-01-03,15:28:02,858.0,26.56,23.44,57.52,10.36,470.41,24.28,54.22,10.27,24.28,54.22,21.62,62.2,10.03,35.41,28.47,10.23,470.41,0.1,1.76,0.0
859.0,2024-01-03,15:28:03,859.0,26.56,23.44,57.52,10.36,469.06,24.28,54.22,10.27,24.28,54.22,21.62,62.2,10.03,35.41,28.47,10.23,469.06,0.1,1.76,0.0
860.0,2024-01-03,15:28:04,860.0,26.56,23.44,57.52,10.36,468.76,24.28,54.22,10.27,24.28,54.22,21.62,62.2,10.03,35.41,28.47,10.23,468.76,0.1,1.76,0.0
861.0,2024-01-03,15:28:05,861.0,26.56,23.44,57.53,10.36,471.98,24.28,54.21,10.27,24.28,54.21,21.66,61.99,10.02,35.41,28.47,10.23,471.98,0.1,1.77,0.0
862.0,2024-01-03,15:28:06,862.0,26.56,23.44,57.53,10.36,473.28,24.28,54.21,10.27,24.28,54.21,21.66,61.99,10.02,35.41,28.47,10.23,473.28,0.1,1.77,0.0
863.0,2024-01-03,15:28:07,863.0,26.56,23.44,57.53,10.36,474.19,24.28,54.21,10.27,24.28,54.21,21.66,61.99,10.02,35.41,28.47,10.23,474.19,0.1,1.78,0.0
864.0,2024-01-03,15:28:08,864.0,26.57,23.44,57.51,10.36,474.54,24.28,54.2,10.27,24.28,54.2,21.69,61.84,10.01,35.42,28.47,10.23,474.54,0.1,1.78,0.0
865.0,2024-01-03,15:28:09,865.0,26.57,23.44,57.51,10.36,476.1,24.28,54.2,10.27,24.28,54.2,21.69,61.84,10.01,35.42,28.47,10.23,476.1,0.1,1.78,0.0
866.0,2024-01-03,15:28:10,866.0,26.57,23.44,57.51,10.36,476.27,24.28,54.2,10.27,24.28,54.2,21.69,61.84,10.01,35.42,28.47,10.23,476.27,0.1,1.78,0.0
867.0,2024-01-03,15:28:11,867.0,26.58,23.44,57.5,10.36,476.56,24.28,54.23,10.27,24.28,54.23,21.68,61.92,10.02,35.41,28.49,10.23,476.56,0.1,1.79,0.0
868.0,2024-01-03,15:28:12,868.0,26.58,23.44,57.5,10.36,476.1,24.28,54.23,10.27,24.28,54.23,21.68,61.92,10.02,35.41,28.49,10.23,476.1,0.1,1.78,0.0
869.0,2024-01-03,15:28:13,869.0,26.58,23.44,57.5,10.36,474.51,24.28,54.23,10.27,24.28,54.23,21.68,61.92,10.02,35.41,28.49,10.23,474.51,0.1,1.78,0.0
870.0,2024-01-03,15:28:14,870.0,26.58,23.44,57.49,10.36,474.87,24.28,54.25,10.28,24.28,54.25,21.68,61.92,10.02,35.41,28.5,10.24,474.87,0.1,1.78,0.0
871.0,2024-01-03,15:28:15,871.0,26.58,23.44,57.49,10.36,476.26,24.28,54.25,10.28,24.28,54.25,21.68,61.92,10.02,35.41,28.5,10.24,476.26,0.1,1.78,0.0
872.0,2024-01-03,15:28:16,872.0,26.58,23.44,57.49,10.36,475.21,24.28,54.25,10.28,24.28,54.25,21.68,61.92,10.02,35.41,28.5,10.24,475.21,0.1,1.78,0.0
873.0,2024-01-03,15:28:17,873.0,26.59,23.45,57.47,10.36,472.12,24.28,54.25,10.28,24.28,54.25,21.68,61.9,10.02,35.4,28.52,10.24,472.12,0.1,1.77,0.0
874.0,2024-01-03,15:28:18,874.0,26.59,23.45,57.47,10.36,471.49,24.28,54.25,10.28,24.28,54.25,21.68,61.9,10.02,35.4,28.52,10.24,471.49,0.1,1.77,0.0
875.0,2024-01-03,15:28:19,875.0,26.59,23.45,57.47,10.36,471.23,24.28,54.25,10.28,24.28,54.25,21.68,61.9,10.02,35.4,28.52,10.24,471.23,0.1,1.77,0.0
876.0,2024-01-03,15:28:20,876.0,26.6,23.45,57.48,10.36,471.81,24.28,54.26,10.28,24.28,54.26,21.69,61.86,10.01,35.4,28.52,10.24,471.81,0.1,1.77,0.0
877.0,2024-01-03,15:28:21,877.0,26.6,23.45,57.48,10.36,473.72,24.28,54.26,10.28,24.28,54.26,21.69,61.86,10.01,35.4,28.52,10.24,473.72,0.1,1.77,0.0
878.0,2024-01-03,15:28:22,878.0,26.6,23.45,57.48,10.36,473.74,24.28,54.26,10.28,24.28,54.26,21.69,61.86,10.01,35.4,28.52,10.24,473.74,0.1,1.77,0.0
879.0,2024-01-03,15:28:23,879.0,26.6,23.45,57.47,10.36,470.4,24.28,54.3,10.28,24.28,54.3,21.7,61.86,10.02,35.41,28.51,10.24,470.4,0.1,1.76,0.0
880.0,2024-01-03,15:28:24,880.0,26.6,23.45,57.47,10.36,469.91,24.28,54.3,10.28,24.28,54.3,21.7,61.86,10.02,35.41,28.51,10.24,469.91,0.1,1.76,0.0
881.0,2024-01-03,15:28:25,881.0,26.6,23.45,57.47,10.36,469.42,24.28,54.3,10.28,24.28,54.3,21.7,61.86,10.02,35.41,28.51,10.24,469.42,0.1,1.76,0.0
882.0,2024-01-03,15:28:26,882.0,26.6,23.46,57.46,10.36,469.03,24.28,54.28,10.28,24.28,54.28,21.71,61.79,10.02,35.41,28.5,10.24,469.03,0.1,1.75,0.0
883.0,2024-01-03,15:28:27,883.0,26.6,23.46,57.46,10.36,468.76,24.28,54.28,10.28,24.28,54.28,21.71,61.79,10.02,35.41,28.5,10.24,468.76,0.1,1.75,0.0
884.0,2024-01-03,15:28:28,884.0,26.6,23.46,57.46,10.36,468.94,24.28,54.28,10.28,24.28,54.28,21.71,61.79,10.02,35.41,28.5,10.24,468.94,0.1,1.75,0.0
885.0,2024-01-03,15:28:29,885.0,26.61,23.46,57.44,10.36,468.79,24.28,54.29,10.28,24.28,54.29,21.74,61.69,10.01,35.42,28.48,10.23,468.79,0.1,1.75,0.0
886.0,2024-01-03,15:28:30,886.0,26.61,23.46,57.44,10.36,468.76,24.28,54.29,10.28,24.28,54.29,21.74,61.69,10.01,35.42,28.48,10.23,468.76,0.1,1.75,0.0
887.0,2024-01-03,15:28:31,887.0,26.61,23.46,57.44,10.36,470.7,24.28,54.29,10.28,24.28,54.29,21.74,61.69,10.01,35.42,28.48,10.23,470.7,0.1,1.76,0.0
888.0,2024-01-03,15:28:32,888.0,26.61,23.46,57.43,10.36,471.2,24.28,54.27,10.28,24.28,54.27,21.74,61.73,10.02,35.43,28.46,10.23,471.2,0.1,1.76,0.0
889.0,2024-01-03,15:28:33,889.0,26.61,23.46,57.43,10.36,471.82,24.28,54.27,10.28,24.28,54.27,21.74,61.73,10.02,35.43,28.46,10.23,471.82,0.1,1.77,0.0
890.0,2024-01-03,15:28:34,890.0,26.61,23.46,57.43,10.36,471.98,24.28,54.27,10.28,24.28,54.27,21.74,61.73,10.02,35.43,28.46,10.23,471.98,0.1,1.77,0.0
891.0,2024-01-03,15:28:35,891.0,26.62,23.47,57.45,10.36,471.82,24.29,54.26,10.28,24.29,54.26,21.72,61.88,10.03,35.43,28.45,10.23,471.82,0.1,1.76,0.0
892.0,2024-01-03,15:28:36,892.0,26.62,23.47,57.45,10.36,471.67,24.29,54.26,10.28,24.29,54.26,21.72,61.88,10.03,35.43,28.45,10.23,471.67,0.1,1.76,0.0
893.0,2024-01-03,15:28:37,893.0,26.62,23.47,57.45,10.36,468.81,24.29,54.26,10.28,24.29,54.26,21.72,61.88,10.03,35.43,28.45,10.23,468.81,0.1,1.75,0.0
894.0,2024-01-03,15:28:38,894.0,26.63,23.47,57.4,10.36,468.48,24.29,54.24,10.28,24.29,54.24,21.71,61.97,10.04,35.44,28.44,10.23,468.48,0.1,1.75,0.0
895.0,2024-01-03,15:28:39,895.0,26.63,23.47,57.4,10.36,466.89,24.29,54.24,10.28,24.29,54.24,21.71,61.97,10.04,35.44,28.44,10.23,466.89,0.1,1.75,0.0
896.0,2024-01-03,15:28:40,896.0,26.63,23.47,57.4,10.36,466.68,24.29,54.24,10.28,24.29,54.24,21.71,61.97,10.04,35.44,28.44,10.23,466.68,0.1,1.75,0.0
897.0,2024-01-03,15:28:41,897.0,26.63,23.47,57.42,10.36,468.53,24.3,54.21,10.28,24.3,54.21,21.7,62.03,10.05,35.44,28.44,10.23,468.53,0.1,1.75,0.0
898.0,2024-01-03,15:28:42,898.0,26.63,23.47,57.42,10.36,472.36,24.3,54.21,10.28,24.3,54.21,21.7,62.03,10.05,35.44,28.44,10.23,472.36,0.1,1.77,0.0
899.0,2024-01-03,15:28:43,899.0,26.63,23.47,57.42,10.36,475.83,24.3,54.21,10.28,24.3,54.21,21.7,62.03,10.05,35.44,28.44,10.23,475.83,0.1,1.78,0.0
900.0,2024-01-03,15:28:44,900.0,26.63,23.47,57.4,10.36,478.35,24.3,54.23,10.29,24.3,54.23,21.7,62.1,10.06,35.44,28.44,10.23,478.35,0.1,1.79,0.0
901.0,2024-01-03,15:28:45,901.0,26.63,23.47,57.4,10.36,479.89,24.3,54.23,10.29,24.3,54.23,21.7,62.1,10.06,35.44,28.44,10.23,479.89,0.1,1.79,0.0
902.0,2024-01-03,15:28:46,902.0,26.63,23.47,57.4,10.36,478.95,24.3,54.23,10.29,24.3,54.23,21.7,62.1,10.06,35.44,28.44,10.23,478.95,0.1,1.79,0.0
903.0,2024-01-03,15:28:47,903.0,26.63,23.47,57.4,10.36,474.86,24.31,54.22,10.29,24.31,54.22,21.69,62.16,10.07,35.44,28.44,10.23,474.86,0.1,1.77,0.0
904.0,2024-01-03,15:28:48,904.0,26.63,23.47,57.4,10.36,473.88,24.31,54.22,10.29,24.31,54.22,21.69,62.16,10.07,35.44,28.44,10.23,473.88,0.1,1.77,0.0
905.0,2024-01-03,15:28:49,905.0,26.63,23.47,57.4,10.36,473.42,24.31,54.22,10.29,24.31,54.22,21.69,62.16,10.07,35.44,28.44,10.23,473.42,0.1,1.77,0.0
906.0,2024-01-03,15:28:50,906.0,26.64,23.48,57.41,10.36,473.06,24.31,54.21,10.29,24.31,54.21,21.69,62.18,10.07,35.45,28.42,10.23,473.06,0.1,1.77,0.0
907.0,2024-01-03,15:28:51,907.0,26.64,23.48,57.41,10.36,472.94,24.31,54.21,10.29,24.31,54.21,21.69,62.18,10.07,35.45,28.42,10.23,472.94,0.1,1.77,0.0
908.0,2024-01-03,15:28:52,908.0,26.64,23.48,57.41,10.36,472.94,24.31,54.21,10.29,24.31,54.21,21.69,62.18,10.07,35.45,28.42,10.23,472.94,0.1,1.77,0.0
909.0,2024-01-03,15:28:53,909.0,26.65,23.48,57.39,10.36,474.51,24.31,54.17,10.28,24.31,54.17,21.69,62.17,10.07,35.45,28.41,10.23,474.51,0.1,1.77,0.0
910.0,2024-01-03,15:28:54,910.0,26.65,23.48,57.39,10.36,473.68,24.31,54.17,10.28,24.31,54.17,21.69,62.17,10.07,35.45,28.41,10.23,473.68,0.1,1.77,0.0
911.0,2024-01-03,15:28:55,911.0,26.65,23.48,57.39,10.36,471.64,24.31,54.17,10.28,24.31,54.17,21.69,62.17,10.07,35.45,28.41,10.23,471.64,0.1,1.76,0.0
912.0,2024-01-03,15:28:56,912.0,26.66,23.48,57.4,10.36,471.64,24.32,54.17,10.29,24.32,54.17,21.7,62.15,10.07,35.46,28.4,10.23,471.64,0.1,1.76,0.0
913.0,2024-01-03,15:28:57,913.0,26.66,23.48,57.4,10.36,474.69,24.32,54.17,10.29,24.32,54.17,21.7,62.15,10.07,35.46,28.4,10.23,474.69,0.11,1.77,0.0
914.0,2024-01-03,15:28:58,914.0,26.66,23.48,57.4,10.36,475.81,24.32,54.17,10.29,24.32,54.17,21.7,62.15,10.07,35.46,28.4,10.23,475.81,0.11,1.78,0.0
915.0,2024-01-03,15:28:59,915.0,26.66,23.48,57.39,10.36,479.66,24.33,54.17,10.29,24.33,54.17,21.68,62.26,10.08,35.45,28.41,10.23,479.66,0.11,1.79,0.0
916.0,2024-01-03,15:29:00,916.0,26.66,23.48,57.39,10.36,480.39,24.33,54.17,10.29,24.33,54.17,21.68,62.26,10.08,35.45,28.41,10.23,480.39,0.11,1.79,0.0
917.0,2024-01-03,15:29:01,917.0,26.66,23.48,57.39,10.36,476.3,24.33,54.17,10.29,24.33,54.17,21.68,62.26,10.08,35.45,28.41,10.23,476.3,0.11,1.78,0.0
918.0,2024-01-03,15:29:02,918.0,26.66,23.48,57.4,10.36,474.14,24.33,54.15,10.29,24.33,54.15,21.66,62.44,10.09,35.46,28.4,10.23,474.14,0.11,1.77,0.0
919.0,2024-01-03,15:29:03,919.0,26.66,23.48,57.4,10.36,472.38,24.33,54.15,10.29,24.33,54.15,21.66,62.44,10.09,35.46,28.4,10.23,472.38,0.1,1.76,0.0
920.0,2024-01-03,15:29:04,920.0,26.66,23.48,57.4,10.36,472.28,24.33,54.15,10.29,24.33,54.15,21.66,62.44,10.09,35.46,28.4,10.23,472.28,0.1,1.76,0.0
921.0,2024-01-03,15:29:05,921.0,26.66,23.48,57.39,10.36,473.42,24.34,54.12,10.29,24.34,54.12,21.63,62.66,10.1,35.46,28.38,10.22,473.42,0.11,1.76,0.0
922.0,2024-01-03,15:29:06,922.0,26.66,23.48,57.39,10.36,473.78,24.34,54.12,10.29,24.34,54.12,21.63,62.66,10.1,35.46,28.38,10.22,473.78,0.11,1.76,0.0
923.0,2024-01-03,15:29:07,923.0,26.66,23.48,57.39,10.36,472.62,24.34,54.12,10.29,24.34,54.12,21.63,62.66,10.1,35.46,28.38,10.22,472.62,0.11,1.76,0.0
924.0,2024-01-03,15:29:08,924.0,26.67,23.48,57.39,10.36,472.04,24.34,54.09,10.29,24.34,54.09,21.61,62.8,10.12,35.47,28.35,10.22,472.04,0.11,1.76,0.0
925.0,2024-01-03,15:29:09,925.0,26.67,23.48,57.39,10.36,471.36,24.34,54.09,10.29,24.34,54.09,21.61,62.8,10.12,35.47,28.35,10.22,471.36,0.11,1.75,0.0
926.0,2024-01-03,15:29:10,926.0,26.67,23.48,57.39,10.36,471.32,24.34,54.09,10.29,24.34,54.09,21.61,62.8,10.12,35.47,28.35,10.22,471.32,0.11,1.75,0.0
927.0,2024-01-03,15:29:11,927.0,26.67,23.49,57.37,10.36,473.24,24.35,54.07,10.29,24.35,54.07,21.61,62.83,10.12,35.47,28.33,10.21,473.24,0.11,1.76,0.0
928.0,2024-01-03,15:29:12,928.0,26.67,23.49,57.37,10.36,472.75,24.35,54.07,10.29,24.35,54.07,21.61,62.83,10.12,35.47,28.33,10.21,472.75,0.11,1.75,0.0
929.0,2024-01-03,15:29:13,929.0,26.67,23.49,57.37,10.36,471.83,24.35,54.07,10.29,24.35,54.07,21.61,62.83,10.12,35.47,28.33,10.21,471.83,0.11,1.75,0.0
930.0,2024-01-03,15:29:14,930.0,26.67,23.49,57.37,10.36,471.74,24.36,54.02,10.28,24.36,54.02,21.6,62.85,10.12,35.48,28.32,10.21,471.74,0.11,1.75,0.0
931.0,2024-01-03,15:29:15,931.0,26.67,23.49,57.37,10.36,470.68,24.36,54.02,10.28,24.36,54.02,21.6,62.85,10.12,35.48,28.32,10.21,470.68,0.11,1.75,0.0
932.0,2024-01-03,15:29:16,932.0,26.67,23.49,57.37,10.36,471.2,24.36,54.02,10.28,24.36,54.02,21.6,62.85,10.12,35.48,28.32,10.21,471.2,0.11,1.75,0.0
933.0,2024-01-03,15:29:17,933.0,26.67,23.49,57.35,10.36,471.92,24.37,53.98,10.28,24.37,53.98,21.6,62.87,10.12,35.48,28.31,10.21,471.92,0.11,1.75,0.0
934.0,2024-01-03,15:29:18,934.0,26.67,23.49,57.35,10.36,472.32,24.37,53.98,10.28,24.37,53.98,21.6,62.87,10.12,35.48,28.31,10.21,472.32,0.11,1.75,0.0
935.0,2024-01-03,15:29:19,935.0,26.67,23.49,57.35,10.36,475.5,24.37,53.98,10.28,24.37,53.98,21.6,62.87,10.12,35.48,28.31,10.21,475.5,0.11,1.76,0.0
936.0,2024-01-03,15:29:20,936.0,26.66,23.49,57.32,10.36,474.11,24.38,53.95,10.28,24.38,53.95,21.6,62.87,10.12,35.48,28.31,10.21,474.11,0.11,1.76,0.0
937.0,2024-01-03,15:29:21,937.0,26.66,23.49,57.32,10.36,472.49,24.38,53.95,10.28,24.38,53.95,21.6,62.87,10.12,35.48,28.31,10.21,472.49,0.11,1.75,0.0
938.0,2024-01-03,15:29:22,938.0,26.66,23.49,57.32,10.36,472.36,24.38,53.95,10.28,24.38,53.95,21.6,62.87,10.12,35.48,28.31,10.21,472.36,0.11,1.75,0.0
939.0,2024-01-03,15:29:23,939.0,26.66,23.5,57.31,10.36,472.19,24.38,53.92,10.28,24.38,53.92,21.61,62.8,10.12,35.48,28.3,10.2,472.19,0.11,1.75,0.0
940.0,2024-01-03,15:29:24,940.0,26.66,23.5,57.31,10.36,472.13,24.38,53.92,10.28,24.38,53.92,21.61,62.8,10.12,35.48,28.3,10.2,472.13,0.11,1.75,0.0
941.0,2024-01-03,15:29:25,941.0,26.66,23.5,57.31,10.36,472.57,24.38,53.92,10.28,24.38,53.92,21.61,62.8,10.12,35.48,28.3,10.2,472.57,0.11,1.75,0.0
942.0,2024-01-03,15:29:26,942.0,26.65,23.5,57.31,10.36,473.04,24.38,53.93,10.28,24.38,53.93,21.62,62.76,10.11,35.48,28.29,10.2,473.04,0.11,1.75,0.0
943.0,2024-01-03,15:29:27,943.0,26.65,23.5,57.31,10.36,474.95,24.38,53.93,10.28,24.38,53.93,21.62,62.76,10.11,35.48,28.29,10.2,474.95,0.11,1.76,0.0
944.0,2024-01-03,15:29:28,944.0,26.65,23.5,57.31,10.36,477.12,24.38,53.93,10.28,24.38,53.93,21.62,62.76,10.11,35.48,28.29,10.2,477.12,0.11,1.77,0.0
945.0,2024-01-03,15:29:29,945.0,26.65,23.5,57.28,10.35,477.37,24.38,53.9,10.27,24.38,53.9,21.62,62.71,10.11,35.48,28.29,10.2,477.37,0.11,1.77,0.0
946.0,2024-01-03,15:29:30,946.0,26.65,23.5,57.28,10.35,475.28,24.38,53.9,10.27,24.38,53.9,21.62,62.71,10.11,35.48,28.29,10.2,475.28,0.11,1.76,0.0
947.0,2024-01-03,15:29:31,947.0,26.65,23.5,57.28,10.35,475,24.38,53.9,10.27,24.38,53.9,21.62,62.71,10.11,35.48,28.29,10.2,475,0.11,1.76,0.0
948.0,2024-01-03,15:29:32,948.0,26.65,23.5,57.26,10.35,473.74,24.39,53.91,10.28,24.39,53.91,21.62,62.71,10.11,35.48,28.3,10.21,473.74,0.11,1.76,0.0
949.0,2024-01-03,15:29:33,949.0,26.65,23.5,57.26,10.35,473.71,24.39,53.91,10.28,24.39,53.91,21.62,62.71,10.11,35.48,28.3,10.21,473.71,0.11,1.75,0.0
950.0,2024-01-03,15:29:34,950.0,26.65,23.5,57.26,10.35,478.58,24.39,53.91,10.28,24.39,53.91,21.62,62.71,10.11,35.48,28.3,10.21,478.58,0.11,1.77,0.0
951.0,2024-01-03,15:29:35,951.0,26.65,23.5,57.26,10.35,479.36,24.39,53.89,10.28,24.39,53.89,21.62,62.67,10.1,35.48,28.31,10.21,479.36,0.11,1.78,0.0
952.0,2024-01-03,15:29:36,952.0,26.65,23.5,57.26,10.35,477.14,24.39,53.89,10.28,24.39,53.89,21.62,62.67,10.1,35.48,28.31,10.21,477.14,0.11,1.77,0.0
953.0,2024-01-03,15:29:37,953.0,26.65,23.5,57.26,10.35,475.66,24.39,53.89,10.28,24.39,53.89,21.62,62.67,10.1,35.48,28.31,10.21,475.66,0.11,1.76,0.0
954.0,2024-01-03,15:29:38,954.0,26.66,23.51,57.24,10.35,475.11,24.4,53.84,10.27,24.4,53.84,21.63,62.57,10.09,35.48,28.31,10.21,475.11,0.11,1.76,0.0
955.0,2024-01-03,15:29:39,955.0,26.66,23.51,57.24,10.35,476.04,24.4,53.84,10.27,24.4,53.84,21.63,62.57,10.09,35.48,28.31,10.21,476.04,0.11,1.76,0.0
956.0,2024-01-03,15:29:40,956.0,26.66,23.51,57.24,10.35,476.04,24.4,53.84,10.27,24.4,53.84,21.63,62.57,10.09,35.48,28.31,10.21,476.04,0.11,1.76,0.0
957.0,2024-01-03,15:29:41,957.0,26.66,23.51,57.22,10.35,475.18,24.4,53.84,10.27,24.4,53.84,21.65,62.45,10.08,35.48,28.3,10.21,475.18,0.11,1.76,0.0
958.0,2024-01-03,15:29:42,958.0,26.66,23.51,57.22,10.35,474.22,24.4,53.84,10.27,24.4,53.84,21.65,62.45,10.08,35.48,28.3,10.21,474.22,0.11,1.76,0.0
959.0,2024-01-03,15:29:43,959.0,26.66,23.51,57.22,10.35,473.91,24.4,53.84,10.27,24.4,53.84,21.65,62.45,10.08,35.48,28.3,10.21,473.91,0.11,1.76,0.0
960.0,2024-01-03,15:29:44,960.0,26.67,23.51,57.22,10.35,475.7,24.41,53.82,10.27,24.41,53.82,21.66,62.36,10.08,35.49,28.3,10.21,475.7,0.11,1.76,0.0
961.0,2024-01-03,15:29:45,961.0,26.67,23.51,57.22,10.35,476.29,24.41,53.82,10.27,24.41,53.82,21.66,62.36,10.08,35.49,28.3,10.21,476.29,0.11,1.76,0.0
962.0,2024-01-03,15:29:46,962.0,26.67,23.51,57.22,10.35,475.29,24.41,53.82,10.27,24.41,53.82,21.66,62.36,10.08,35.49,28.3,10.21,475.29,0.11,1.76,0.0
963.0,2024-01-03,15:29:47,963.0,26.68,23.51,57.21,10.35,474.8,24.41,53.77,10.27,24.41,53.77,21.67,62.3,10.07,35.49,28.28,10.21,474.8,0.11,1.76,0.0
964.0,2024-01-03,15:29:48,964.0,26.68,23.51,57.21,10.35,472.15,24.41,53.77,10.27,24.41,53.77,21.67,62.3,10.07,35.49,28.28,10.21,472.15,0.11,1.75,0.0
965.0,2024-01-03,15:29:49,965.0,26.68,23.51,57.21,10.35,471.43,24.41,53.77,10.27,24.41,53.77,21.67,62.3,10.07,35.49,28.28,10.21,471.43,0.11,1.75,0.0
966.0,2024-01-03,15:29:50,966.0,26.68,23.51,57.19,10.35,470.66,24.42,53.76,10.27,24.42,53.76,21.7,62.11,10.06,35.5,28.27,10.21,470.66,0.11,1.75,0.0
967.0,2024-01-03,15:29:51,967.0,26.68,23.51,57.19,10.35,470.01,24.42,53.76,10.27,24.42,53.76,21.7,62.11,10.06,35.5,28.27,10.21,470.01,0.11,1.74,0.0
968.0,2024-01-03,15:29:52,968.0,26.68,23.51,57.19,10.35,469.82,24.42,53.76,10.27,24.42,53.76,21.7,62.11,10.06,35.5,28.27,10.21,469.82,0.11,1.74,0.0
969.0,2024-01-03,15:29:53,969.0,26.68,23.51,57.18,10.35,470.85,24.42,53.74,10.27,24.42,53.74,21.74,61.92,10.05,35.51,28.27,10.21,470.85,0.11,1.75,0.0
970.0,2024-01-03,15:29:54,970.0,26.68,23.51,57.18,10.35,471.47,24.42,53.74,10.27,24.42,53.74,21.74,61.92,10.05,35.51,28.27,10.21,471.47,0.12,1.75,0.0
971.0,2024-01-03,15:29:55,971.0,26.68,23.51,57.18,10.35,471.45,24.42,53.74,10.27,24.42,53.74,21.74,61.92,10.05,35.51,28.27,10.21,471.45,0.12,1.75,0.0
972.0,2024-01-03,15:29:56,972.0,26.68,23.52,57.18,10.35,471.64,24.43,53.72,10.27,24.43,53.72,21.78,61.66,10.04,35.51,28.28,10.21,471.64,0.11,1.75,0.0
973.0,2024-01-03,15:29:57,973.0,26.68,23.52,57.18,10.35,472.32,24.43,53.72,10.27,24.43,53.72,21.78,61.66,10.04,35.51,28.28,10.21,472.32,0.11,1.76,0.0
974.0,2024-01-03,15:29:58,974.0,26.68,23.52,57.18,10.35,470.69,24.43,53.72,10.27,24.43,53.72,21.78,61.66,10.04,35.51,28.28,10.21,470.69,0.11,1.75,0.0
975.0,2024-01-03,15:29:59,975.0,26.68,23.52,57.19,10.35,469.59,24.43,53.73,10.27,24.43,53.73,21.81,61.56,10.04,35.51,28.27,10.21,469.59,0.11,1.75,0.0
976.0,2024-01-03,15:30:00,976.0,26.68,23.52,57.19,10.35,466.75,24.43,53.73,10.27,24.43,53.73,21.81,61.56,10.04,35.51,28.27,10.21,466.75,0.11,1.73,0.0
977.0,2024-01-03,15:30:01,977.0,26.68,23.52,57.19,10.35,465.98,24.43,53.73,10.27,24.43,53.73,21.81,61.56,10.04,35.51,28.27,10.21,465.98,0.11,1.73,0.0
978.0,2024-01-03,15:30:02,978.0,26.69,23.52,57.18,10.35,468.48,24.43,53.72,10.27,24.43,53.72,21.8,61.58,10.04,35.52,28.27,10.21,468.48,0.11,1.74,0.0
979.0,2024-01-03,15:30:03,979.0,26.69,23.52,57.18,10.35,469.7,24.43,53.72,10.27,24.43,53.72,21.8,61.58,10.04,35.52,28.27,10.21,469.7,0.11,1.75,0.0
980.0,2024-01-03,15:30:04,980.0,26.69,23.52,57.18,10.35,470.82,24.43,53.72,10.27,24.43,53.72,21.8,61.58,10.04,35.52,28.27,10.21,470.82,0.11,1.75,0.0
981.0,2024-01-03,15:30:05,981.0,26.7,23.52,57.2,10.35,471.63,24.43,53.73,10.27,24.43,53.73,21.78,61.71,10.04,35.52,28.27,10.21,471.63,0.11,1.75,0.0
982.0,2024-01-03,15:30:06,982.0,26.7,23.52,57.2,10.35,475.02,24.43,53.73,10.27,24.43,53.73,21.78,61.71,10.04,35.52,28.27,10.21,475.02,0.11,1.77,0.0
983.0,2024-01-03,15:30:07,983.0,26.7,23.52,57.2,10.35,475.77,24.43,53.73,10.27,24.43,53.73,21.78,61.71,10.04,35.52,28.27,10.21,475.77,0.11,1.77,0.0
984.0,2024-01-03,15:30:08,984.0,26.71,23.52,57.19,10.35,475.13,24.43,53.73,10.27,24.43,53.73,21.75,61.84,10.05,35.52,28.26,10.21,475.13,0.11,1.77,0.0
985.0,2024-01-03,15:30:09,985.0,26.71,23.52,57.19,10.35,474.06,24.43,53.73,10.27,24.43,53.73,21.75,61.84,10.05,35.52,28.26,10.21,474.06,0.11,1.76,0.0
986.0,2024-01-03,15:30:10,986.0,26.71,23.52,57.19,10.35,473.42,24.43,53.73,10.27,24.43,53.73,21.75,61.84,10.05,35.52,28.26,10.21,473.42,0.11,1.76,0.0
987.0,2024-01-03,15:30:11,987.0,26.72,23.53,57.16,10.35,476.09,24.43,53.73,10.27,24.43,53.73,21.73,61.98,10.06,35.53,28.25,10.21,476.09,0.12,1.77,0.0
988.0,2024-01-03,15:30:12,988.0,26.72,23.53,57.16,10.35,476.53,24.43,53.73,10.27,24.43,53.73,21.73,61.98,10.06,35.53,28.25,10.21,476.53,0.12,1.77,0.0
989.0,2024-01-03,15:30:13,989.0,26.72,23.53,57.16,10.35,476.37,24.43,53.73,10.27,24.43,53.73,21.73,61.98,10.06,35.53,28.25,10.21,476.37,0.12,1.77,0.0
990.0,2024-01-03,15:30:14,990.0,26.73,23.53,57.18,10.35,475.23,24.43,53.74,10.27,24.43,53.74,21.72,62.06,10.06,35.54,28.23,10.21,475.23,0.12,1.77,0.0
991.0,2024-01-03,15:30:15,991.0,26.73,23.53,57.18,10.35,471.48,24.43,53.74,10.27,24.43,53.74,21.72,62.06,10.06,35.54,28.23,10.21,471.48,0.11,1.75,0.0
992.0,2024-01-03,15:30:16,992.0,26.73,23.53,57.18,10.35,469.87,24.43,53.74,10.27,24.43,53.74,21.72,62.06,10.06,35.54,28.23,10.21,469.87,0.11,1.75,0.0
993.0,2024-01-03,15:30:17,993.0,26.74,23.53,57.16,10.35,467.51,24.43,53.74,10.27,24.43,53.74,21.7,62.23,10.08,35.54,28.22,10.21,467.51,0.11,1.74,0.0
994.0,2024-01-03,15:30:18,994.0,26.74,23.53,57.16,10.35,466.8,24.43,53.74,10.27,24.43,53.74,21.7,62.23,10.08,35.54,28.22,10.21,466.8,0.11,1.74,0.0
995.0,2024-01-03,15:30:19,995.0,26.74,23.53,57.16,10.35,468.08,24.43,53.74,10.27,24.43,53.74,21.7,62.23,10.08,35.54,28.22,10.21,468.08,0.11,1.74,0.0
996.0,2024-01-03,15:30:20,996.0,26.74,23.53,57.14,10.35,468.69,24.43,53.73,10.27,24.43,53.73,21.68,62.31,10.08,35.54,28.2,10.21,468.69,0.11,1.74,0.0
997.0,2024-01-03,15:30:21,997.0,26.74,23.53,57.14,10.35,469.29,24.43,53.73,10.27,24.43,53.73,21.68,62.31,10.08,35.54,28.2,10.21,469.29,0.11,1.74,0.0
998.0,2024-01-03,15:30:22,998.0,26.74,23.53,57.14,10.35,469.54,24.43,53.73,10.27,24.43,53.73,21.68,62.31,10.08,35.54,28.2,10.21,469.54,0.11,1.75,0.0
999.0,2024-01-03,15:30:23,999.0,26.75,23.53,57.13,10.35,467.89,24.43,53.75,10.27,24.43,53.75,21.69,62.28,10.08,35.55,28.2,10.2,467.89,0.11,1.74,0.0
1000.0,2024-01-03,15:30:24,1000.0,26.75,23.53,57.13,10.35,466.59,24.43,53.75,10.27,24.43,53.75,21.69,62.28,10.08,35.55,28.2,10.2,466.59,0.11,1.73,0.0
1001.0,2024-01-03,15:30:25,1001.0,26.75,23.53,57.13,10.35,465.81,24.43,53.75,10.27,24.43,53.75,21.69,62.28,10.08,35.55,28.2,10.2,465.81,0.11,1.73,0.0
1002.0,2024-01-03,15:30:26,1002.0,26.75,23.54,57.13,10.35,465.58,24.44,53.71,10.27,24.44,53.71,21.7,62.21,10.08,35.56,28.18,10.2,465.58,0.11,1.73,0.0
1003.0,2024-01-03,15:30:27,1003.0,26.75,23.54,57.13,10.35,466.07,24.44,53.71,10.27,24.44,53.71,21.7,62.21,10.08,35.56,28.18,10.2,466.07,0.11,1.73,0.0
1004.0,2024-01-03,15:30:28,1004.0,26.75,23.54,57.13,10.35,466.39,24.44,53.71,10.27,24.44,53.71,21.7,62.21,10.08,35.56,28.18,10.2,466.39,0.11,1.73,0.0
1005.0,2024-01-03,15:30:29,1005.0,26.75,23.54,57.13,10.35,469.09,24.45,53.67,10.27,24.45,53.67,21.73,62,10.06,35.56,28.17,10.2,469.09,0.11,1.74,0.0
1006.0,2024-01-03,15:30:30,1006.0,26.75,23.54,57.13,10.35,471.15,24.45,53.67,10.27,24.45,53.67,21.73,62,10.06,35.56,28.17,10.2,471.15,0.11,1.75,0.0
1007.0,2024-01-03,15:30:31,1007.0,26.75,23.54,57.13,10.35,473.42,24.45,53.67,10.27,24.45,53.67,21.73,62,10.06,35.56,28.17,10.2,473.42,0.11,1.76,0.0
1008.0,2024-01-03,15:30:32,1008.0,26.75,23.54,57.09,10.35,473.72,24.45,53.65,10.27,24.45,53.65,21.73,61.97,10.06,35.56,28.18,10.21,473.72,0.11,1.76,0.0
1009.0,2024-01-03,15:30:33,1009.0,26.75,23.54,57.09,10.35,474.44,24.45,53.65,10.27,24.45,53.65,21.73,61.97,10.06,35.56,28.18,10.21,474.44,0.12,1.76,0.0
1010.0,2024-01-03,15:30:34,1010.0,26.75,23.54,57.09,10.35,473.83,24.45,53.65,10.27,24.45,53.65,21.73,61.97,10.06,35.56,28.18,10.21,473.83,0.12,1.76,0.0
1011.0,2024-01-03,15:30:35,1011.0,26.76,23.54,57.1,10.35,471.17,24.45,53.65,10.27,24.45,53.65,21.72,62.1,10.07,35.57,28.17,10.21,471.17,0.11,1.75,0.0
1012.0,2024-01-03,15:30:36,1012.0,26.76,23.54,57.1,10.35,471.02,24.45,53.65,10.27,24.45,53.65,21.72,62.1,10.07,35.57,28.17,10.21,471.02,0.11,1.75,0.0
1013.0,2024-01-03,15:30:37,1013.0,26.76,23.54,57.1,10.35,470.71,24.45,53.65,10.27,24.45,53.65,21.72,62.1,10.07,35.57,28.17,10.21,470.71,0.11,1.75,0.0
1014.0,2024-01-03,15:30:38,1014.0,26.77,23.54,57.09,10.35,472.51,24.45,53.65,10.27,24.45,53.65,21.71,62.15,10.07,35.56,28.19,10.21,472.51,0.11,1.76,0.0
1015.0,2024-01-03,15:30:39,1015.0,26.77,23.54,57.09,10.35,473.27,24.45,53.65,10.27,24.45,53.65,21.71,62.15,10.07,35.56,28.19,10.21,473.27,0.11,1.76,0.0
1016.0,2024-01-03,15:30:40,1016.0,26.77,23.54,57.09,10.35,472.96,24.45,53.65,10.27,24.45,53.65,21.71,62.15,10.07,35.56,28.19,10.21,472.96,0.11,1.76,0.0
1017.0,2024-01-03,15:30:41,1017.0,26.78,23.55,57.09,10.35,471.94,24.45,53.65,10.27,24.45,53.65,21.71,62.09,10.07,35.56,28.2,10.21,471.94,0.11,1.76,0.0
1018.0,2024-01-03,15:30:42,1018.0,26.78,23.55,57.09,10.35,471.03,24.45,53.65,10.27,24.45,53.65,21.71,62.09,10.07,35.56,28.2,10.21,471.03,0.11,1.75,0.0
1019.0,2024-01-03,15:30:43,1019.0,26.78,23.55,57.09,10.35,471.54,24.45,53.65,10.27,24.45,53.65,21.71,62.09,10.07,35.56,28.2,10.21,471.54,0.11,1.76,0.0
1020.0,2024-01-03,15:30:44,1020.0,26.78,23.55,57.09,10.35,472,24.45,53.65,10.27,24.45,53.65,21.73,61.96,10.05,35.56,28.19,10.21,472,0.11,1.76,0.0
1021.0,2024-01-03,15:30:45,1021.0,26.78,23.55,57.09,10.35,472.01,24.45,53.65,10.27,24.45,53.65,21.73,61.96,10.05,35.56,28.19,10.21,472.01,0.11,1.76,0.0
1022.0,2024-01-03,15:30:46,1022.0,26.78,23.55,57.09,10.35,471.84,24.45,53.65,10.27,24.45,53.65,21.73,61.96,10.05,35.56,28.19,10.21,471.84,0.11,1.76,0.0
1023.0,2024-01-03,15:30:47,1023.0,26.79,23.55,57.08,10.35,471.84,24.46,53.64,10.27,24.46,53.64,21.72,61.97,10.05,35.57,28.16,10.21,471.84,0.11,1.76,0.0
1024.0,2024-01-03,15:30:48,1024.0,26.79,23.55,57.08,10.35,475.6,24.46,53.64,10.27,24.46,53.64,21.72,61.97,10.05,35.57,28.16,10.21,475.6,0.11,1.77,0.0
1025.0,2024-01-03,15:30:49,1025.0,26.79,23.55,57.08,10.35,476.62,24.46,53.64,10.27,24.46,53.64,21.72,61.97,10.05,35.57,28.16,10.21,476.62,0.11,1.77,0.0
1026.0,2024-01-03,15:30:50,1026.0,26.79,23.55,57.06,10.35,477.22,24.45,53.65,10.27,24.45,53.65,21.71,61.99,10.05,35.58,28.15,10.2,477.22,0.12,1.78,0.0
1027.0,2024-01-03,15:30:51,1027.0,26.79,23.55,57.06,10.35,475.2,24.45,53.65,10.27,24.45,53.65,21.71,61.99,10.05,35.58,28.15,10.2,475.2,0.11,1.77,0.0
1028.0,2024-01-03,15:30:52,1028.0,26.79,23.55,57.06,10.35,474.27,24.45,53.65,10.27,24.45,53.65,21.71,61.99,10.05,35.58,28.15,10.2,474.27,0.11,1.76,0.0
1029.0,2024-01-03,15:30:53,1029.0,26.79,23.55,57.05,10.35,473.22,24.46,53.65,10.27,24.46,53.65,21.73,61.87,10.04,35.58,28.14,10.2,473.22,0.11,1.76,0.0
1030.0,2024-01-03,15:30:54,1030.0,26.79,23.55,57.05,10.35,474.39,24.46,53.65,10.27,24.46,53.65,21.73,61.87,10.04,35.58,28.14,10.2,474.39,0.12,1.76,0.0
1031.0,2024-01-03,15:30:55,1031.0,26.79,23.55,57.05,10.35,474.98,24.46,53.65,10.27,24.46,53.65,21.73,61.87,10.04,35.58,28.14,10.2,474.98,0.12,1.77,0.0
1032.0,2024-01-03,15:30:56,1032.0,26.79,23.56,57.05,10.35,475.83,24.46,53.63,10.27,24.46,53.63,21.77,61.61,10.02,35.59,28.12,10.2,475.83,0.11,1.77,0.0
1033.0,2024-01-03,15:30:57,1033.0,26.79,23.56,57.05,10.35,476.46,24.46,53.63,10.27,24.46,53.63,21.77,61.61,10.02,35.59,28.12,10.2,476.46,0.11,1.77,0.0
1034.0,2024-01-03,15:30:58,1034.0,26.79,23.56,57.05,10.35,476.72,24.46,53.63,10.27,24.46,53.63,21.77,61.61,10.02,35.59,28.12,10.2,476.72,0.11,1.77,0.0
1035.0,2024-01-03,15:30:59,1035.0,26.79,23.56,57.05,10.35,475.11,24.46,53.63,10.27,24.46,53.63,21.83,61.26,10,35.6,28.1,10.2,475.11,0.11,1.77,0.0
1036.0,2024-01-03,15:31:00,1036.0,26.79,23.56,57.05,10.35,472.17,24.46,53.63,10.27,24.46,53.63,21.83,61.26,10,35.6,28.1,10.2,472.17,0.11,1.76,0.0
1037.0,2024-01-03,15:31:01,1037.0,26.79,23.56,57.05,10.35,471.66,24.46,53.63,10.27,24.46,53.63,21.83,61.26,10,35.6,28.1,10.2,471.66,0.11,1.76,0.0
1038.0,2024-01-03,15:31:02,1038.0,26.79,23.56,57.03,10.35,471.66,24.46,53.61,10.27,24.46,53.61,21.85,61.15,10,35.61,28.09,10.2,471.66,0.11,1.76,0.0
1039.0,2024-01-03,15:31:03,1039.0,26.79,23.56,57.03,10.35,471.79,24.46,53.61,10.27,24.46,53.61,21.85,61.15,10,35.61,28.09,10.2,471.79,0.11,1.76,0.0
1040.0,2024-01-03,15:31:04,1040.0,26.79,23.56,57.03,10.35,472.35,24.46,53.61,10.27,24.46,53.61,21.85,61.15,10,35.61,28.09,10.2,472.35,0.11,1.76,0.0
1041.0,2024-01-03,15:31:05,1041.0,26.8,23.57,57.02,10.35,472.47,24.47,53.58,10.27,24.47,53.58,21.87,61.12,10,35.62,28.07,10.2,472.47,0.11,1.76,0.0
1042.0,2024-01-03,15:31:06,1042.0,26.8,23.57,57.02,10.35,472.76,24.47,53.58,10.27,24.47,53.58,21.87,61.12,10,35.62,28.07,10.2,472.76,0.11,1.76,0.0
1043.0,2024-01-03,15:31:07,1043.0,26.8,23.57,57.02,10.35,472.68,24.47,53.58,10.27,24.47,53.58,21.87,61.12,10,35.62,28.07,10.2,472.68,0.11,1.76,0.0
1044.0,2024-01-03,15:31:08,1044.0,26.8,23.57,56.99,10.34,472.94,24.48,53.56,10.27,24.48,53.56,21.85,61.24,10.01,35.62,28.06,10.2,472.94,0.11,1.76,0.0
1045.0,2024-01-03,15:31:09,1045.0,26.8,23.57,56.99,10.34,474.51,24.48,53.56,10.27,24.48,53.56,21.85,61.24,10.01,35.62,28.06,10.2,474.51,0.11,1.77,0.0
1046.0,2024-01-03,15:31:10,1046.0,26.8,23.57,56.99,10.34,473.74,24.48,53.56,10.27,24.48,53.56,21.85,61.24,10.01,35.62,28.06,10.2,473.74,0.11,1.77,0.0
1047.0,2024-01-03,15:31:11,1047.0,26.81,23.57,56.98,10.35,476.29,24.48,53.53,10.26,24.48,53.53,21.84,61.37,10.02,35.63,28.06,10.2,476.29,0.11,1.78,0.0
1048.0,2024-01-03,15:31:12,1048.0,26.81,23.57,56.98,10.35,477.37,24.48,53.53,10.26,24.48,53.53,21.84,61.37,10.02,35.63,28.06,10.2,477.37,0.11,1.78,0.0
1049.0,2024-01-03,15:31:13,1049.0,26.81,23.57,56.98,10.35,478.82,24.48,53.53,10.26,24.48,53.53,21.84,61.37,10.02,35.63,28.06,10.2,478.82,0.11,1.79,0.0
1050.0,2024-01-03,15:31:14,1050.0,26.81,23.58,56.98,10.35,478.93,24.48,53.52,10.26,24.48,53.52,21.83,61.4,10.03,35.63,28.07,10.2,478.93,0.11,1.79,0.0
1051.0,2024-01-03,15:31:15,1051.0,26.81,23.58,56.98,10.35,475.78,24.48,53.52,10.26,24.48,53.52,21.83,61.4,10.03,35.63,28.07,10.2,475.78,0.11,1.78,0.0
1052.0,2024-01-03,15:31:16,1052.0,26.81,23.58,56.98,10.35,474.87,24.48,53.52,10.26,24.48,53.52,21.83,61.4,10.03,35.63,28.07,10.2,474.87,0.11,1.77,0.0
1053.0,2024-01-03,15:31:17,1053.0,26.82,23.58,56.96,10.35,472.62,24.48,53.52,10.26,24.48,53.52,21.84,61.39,10.03,35.63,28.08,10.21,472.62,0.11,1.77,0.0
1054.0,2024-01-03,15:31:18,1054.0,26.82,23.58,56.96,10.35,472.05,24.48,53.52,10.26,24.48,53.52,21.84,61.39,10.03,35.63,28.08,10.21,472.05,0.11,1.76,0.0
1055.0,2024-01-03,15:31:19,1055.0,26.82,23.58,56.96,10.35,471.21,24.48,53.52,10.26,24.48,53.52,21.84,61.39,10.03,35.63,28.08,10.21,471.21,0.11,1.76,0.0
1056.0,2024-01-03,15:31:20,1056.0,26.82,23.58,56.95,10.35,471.04,24.48,53.53,10.27,24.48,53.53,21.83,61.45,10.03,35.63,28.09,10.21,471.04,0.11,1.76,0.0
1057.0,2024-01-03,15:31:21,1057.0,26.82,23.58,56.95,10.35,471.23,24.48,53.53,10.27,24.48,53.53,21.83,61.45,10.03,35.63,28.09,10.21,471.23,0.11,1.76,0.0
1058.0,2024-01-03,15:31:22,1058.0,26.82,23.58,56.95,10.35,471.33,24.48,53.53,10.27,24.48,53.53,21.83,61.45,10.03,35.63,28.09,10.21,471.33,0.11,1.76,0.0
1059.0,2024-01-03,15:31:23,1059.0,26.83,23.58,56.94,10.35,472.21,24.49,53.54,10.27,24.49,53.54,21.83,61.49,10.04,35.63,28.09,10.21,472.21,0.11,1.76,0.0
1060.0,2024-01-03,15:31:24,1060.0,26.83,23.58,56.94,10.35,472.49,24.49,53.54,10.27,24.49,53.54,21.83,61.49,10.04,35.63,28.09,10.21,472.49,0.11,1.76,0.0
1061.0,2024-01-03,15:31:25,1061.0,26.83,23.58,56.94,10.35,473.08,24.49,53.54,10.27,24.49,53.54,21.83,61.49,10.04,35.63,28.09,10.21,473.08,0.11,1.77,0.0
1062.0,2024-01-03,15:31:26,1062.0,26.83,23.59,56.94,10.35,473.16,24.49,53.52,10.27,24.49,53.52,21.81,61.57,10.04,35.63,28.09,10.21,473.16,0.11,1.77,0.0
1063.0,2024-01-03,15:31:27,1063.0,26.83,23.59,56.94,10.35,472.78,24.49,53.52,10.27,24.49,53.52,21.81,61.57,10.04,35.63,28.09,10.21,472.78,0.11,1.77,0.0
1064.0,2024-01-03,15:31:28,1064.0,26.83,23.59,56.94,10.35,472.48,24.49,53.52,10.27,24.49,53.52,21.81,61.57,10.04,35.63,28.09,10.21,472.48,0.11,1.76,0.0
1065.0,2024-01-03,15:31:29,1065.0,26.84,23.59,56.92,10.35,472.28,24.49,53.52,10.27,24.49,53.52,21.81,61.6,10.04,35.63,28.09,10.21,472.28,0.11,1.76,0.0
1066.0,2024-01-03,15:31:30,1066.0,26.84,23.59,56.92,10.35,472.5,24.49,53.52,10.27,24.49,53.52,21.81,61.6,10.04,35.63,28.09,10.21,472.5,0.11,1.76,0.0
1067.0,2024-01-03,15:31:31,1067.0,26.84,23.59,56.92,10.35,472.49,24.49,53.52,10.27,24.49,53.52,21.81,61.6,10.04,35.63,28.09,10.21,472.49,0.11,1.76,0.0
1068.0,2024-01-03,15:31:32,1068.0,26.84,23.59,56.91,10.34,472.44,24.49,53.53,10.27,24.49,53.53,21.81,61.58,10.04,35.63,28.09,10.21,472.44,0.11,1.76,0.0
1069.0,2024-01-03,15:31:33,1069.0,26.84,23.59,56.91,10.34,473.7,24.49,53.53,10.27,24.49,53.53,21.81,61.58,10.04,35.63,28.09,10.21,473.7,0.11,1.77,0.0
1070.0,2024-01-03,15:31:34,1070.0,26.84,23.59,56.91,10.34,473.78,24.49,53.53,10.27,24.49,53.53,21.81,61.58,10.04,35.63,28.09,10.21,473.78,0.11,1.77,0.0
1071.0,2024-01-03,15:31:35,1071.0,26.85,23.59,56.9,10.34,472.46,24.49,53.54,10.27,24.49,53.54,21.81,61.57,10.04,35.63,28.09,10.22,472.46,0.11,1.76,0.0
1072.0,2024-01-03,15:31:36,1072.0,26.85,23.59,56.9,10.34,472.43,24.49,53.54,10.27,24.49,53.54,21.81,61.57,10.04,35.63,28.09,10.22,472.43,0.11,1.76,0.0
1073.0,2024-01-03,15:31:37,1073.0,26.85,23.59,56.9,10.34,472.8,24.49,53.54,10.27,24.49,53.54,21.81,61.57,10.04,35.63,28.09,10.22,472.8,0.11,1.77,0.0
1074.0,2024-01-03,15:31:38,1074.0,26.85,23.6,56.9,10.35,474.37,24.5,53.52,10.27,24.5,53.52,21.8,61.6,10.04,35.63,28.09,10.22,474.37,0.11,1.77,0.0
1075.0,2024-01-03,15:31:39,1075.0,26.85,23.6,56.9,10.35,478.68,24.5,53.52,10.27,24.5,53.52,21.8,61.6,10.04,35.63,28.09,10.22,478.68,0.12,1.79,0.0
1076.0,2024-01-03,15:31:40,1076.0,26.85,23.6,56.9,10.35,479.91,24.5,53.52,10.27,24.5,53.52,21.8,61.6,10.04,35.63,28.09,10.22,479.91,0.12,1.79,0.0
1077.0,2024-01-03,15:31:41,1077.0,26.85,23.6,56.9,10.35,478.49,24.5,53.51,10.27,24.5,53.51,21.79,61.66,10.04,35.64,28.08,10.21,478.49,0.12,1.79,0.0
1078.0,2024-01-03,15:31:42,1078.0,26.85,23.6,56.9,10.35,478.01,24.5,53.51,10.27,24.5,53.51,21.79,61.66,10.04,35.64,28.08,10.21,478.01,0.12,1.78,0.0
1079.0,2024-01-03,15:31:43,1079.0,26.85,23.6,56.9,10.35,477.23,24.5,53.51,10.27,24.5,53.51,21.79,61.66,10.04,35.64,28.08,10.21,477.23,0.12,1.78,0.0
1080.0,2024-01-03,15:31:44,1080.0,26.85,23.6,56.9,10.35,477.43,24.5,53.5,10.27,24.5,53.5,21.77,61.81,10.05,35.64,28.08,10.21,477.43,0.12,1.78,0.0
1081.0,2024-01-03,15:31:45,1081.0,26.85,23.6,56.9,10.35,478.32,24.5,53.5,10.27,24.5,53.5,21.77,61.81,10.05,35.64,28.08,10.21,478.32,0.12,1.78,0.0
1082.0,2024-01-03,15:31:46,1082.0,26.85,23.6,56.9,10.35,476.31,24.5,53.5,10.27,24.5,53.5,21.77,61.81,10.05,35.64,28.08,10.21,476.31,0.12,1.78,0.0
1083.0,2024-01-03,15:31:47,1083.0,26.85,23.6,56.88,10.34,472.99,24.51,53.48,10.27,24.51,53.48,21.73,62,10.06,35.64,28.08,10.21,472.99,0.12,1.76,0.0
1084.0,2024-01-03,15:31:48,1084.0,26.85,23.6,56.88,10.34,472.46,24.51,53.48,10.27,24.51,53.48,21.73,62,10.06,35.64,28.08,10.21,472.46,0.12,1.76,0.0
1085.0,2024-01-03,15:31:49,1085.0,26.85,23.6,56.88,10.34,473.91,24.51,53.48,10.27,24.51,53.48,21.73,62,10.06,35.64,28.08,10.21,473.91,0.12,1.77,0.0
1086.0,2024-01-03,15:31:50,1086.0,26.86,23.6,56.88,10.35,474.03,24.51,53.48,10.27,24.51,53.48,21.71,62.07,10.06,35.64,28.07,10.21,474.03,0.12,1.77,0.0
1087.0,2024-01-03,15:31:51,1087.0,26.86,23.6,56.88,10.35,473.95,24.51,53.48,10.27,24.51,53.48,21.71,62.07,10.06,35.64,28.07,10.21,473.95,0.12,1.77,0.0
1088.0,2024-01-03,15:31:52,1088.0,26.86,23.6,56.88,10.35,474.23,24.51,53.48,10.27,24.51,53.48,21.71,62.07,10.06,35.64,28.07,10.21,474.23,0.12,1.77,0.0
1089.0,2024-01-03,15:31:53,1089.0,26.85,23.6,56.88,10.35,475.06,24.51,53.46,10.27,24.51,53.46,21.71,62.02,10.05,35.65,28.06,10.21,475.06,0.12,1.77,0.0
1090.0,2024-01-03,15:31:54,1090.0,26.85,23.6,56.88,10.35,475.12,24.51,53.46,10.27,24.51,53.46,21.71,62.02,10.05,35.65,28.06,10.21,475.12,0.12,1.77,0.0
1091.0,2024-01-03,15:31:55,1091.0,26.85,23.6,56.88,10.35,476.02,24.51,53.46,10.27,24.51,53.46,21.71,62.02,10.05,35.65,28.06,10.21,476.02,0.12,1.77,0.0
1092.0,2024-01-03,15:31:56,1092.0,26.85,23.6,56.86,10.34,475.85,24.52,53.44,10.27,24.52,53.44,21.71,61.95,10.04,35.65,28.04,10.21,475.85,0.12,1.77,0.0
1093.0,2024-01-03,15:31:57,1093.0,26.85,23.6,56.86,10.34,475.31,24.52,53.44,10.27,24.52,53.44,21.71,61.95,10.04,35.65,28.04,10.21,475.31,0.12,1.77,0.0
1094.0,2024-01-03,15:31:58,1094.0,26.85,23.6,56.86,10.34,475.31,24.52,53.44,10.27,24.52,53.44,21.71,61.95,10.04,35.65,28.04,10.21,475.31,0.12,1.77,0.0
1095.0,2024-01-03,15:31:59,1095.0,26.86,23.61,56.86,10.34,476.27,24.52,53.43,10.27,24.52,53.43,21.7,61.98,10.04,35.66,28.02,10.2,476.27,0.12,1.78,0.0
1096.0,2024-01-03,15:32:00,1096.0,26.86,23.61,56.86,10.34,477.04,24.52,53.43,10.27,24.52,53.43,21.7,61.98,10.04,35.66,28.02,10.2,477.04,0.12,1.78,0.0
1097.0,2024-01-03,15:32:01,1097.0,26.86,23.61,56.86,10.34,482.05,24.52,53.43,10.27,24.52,53.43,21.7,61.98,10.04,35.66,28.02,10.2,482.05,0.12,1.8,0.0
1098.0,2024-01-03,15:32:02,1098.0,26.86,23.61,56.83,10.34,482.75,24.52,53.43,10.27,24.52,53.43,21.7,61.97,10.04,35.66,28.01,10.2,482.75,0.12,1.8,0.0
1099.0,2024-01-03,15:32:03,1099.0,26.86,23.61,56.83,10.34,478.44,24.52,53.43,10.27,24.52,53.43,21.7,61.97,10.04,35.66,28.01,10.2,478.44,0.12,1.78,0.0
1100.0,2024-01-03,15:32:04,1100.0,26.86,23.61,56.83,10.34,476.28,24.52,53.43,10.27,24.52,53.43,21.7,61.97,10.04,35.66,28.01,10.2,476.28,0.12,1.77,0.0
1101.0,2024-01-03,15:32:05,1101.0,26.87,23.61,56.83,10.34,474.83,24.52,53.4,10.26,24.52,53.4,21.7,61.98,10.04,35.67,28,10.2,474.83,0.12,1.77,0.0
1102.0,2024-01-03,15:32:06,1102.0,26.87,23.61,56.83,10.34,474.7,24.52,53.4,10.26,24.52,53.4,21.7,61.98,10.04,35.67,28,10.2,474.7,0.12,1.77,0.0
1103.0,2024-01-03,15:32:07,1103.0,26.87,23.61,56.83,10.34,472.21,24.52,53.4,10.26,24.52,53.4,21.7,61.98,10.04,35.67,28,10.2,472.21,0.12,1.76,0.0
1104.0,2024-01-03,15:32:08,1104.0,26.87,23.61,56.82,10.34,471.88,24.53,53.39,10.26,24.53,53.39,21.68,62.09,10.04,35.67,27.99,10.2,471.88,0.12,1.76,0.0
1105.0,2024-01-03,15:32:09,1105.0,26.87,23.61,56.82,10.34,471.5,24.53,53.39,10.26,24.53,53.39,21.68,62.09,10.04,35.67,27.99,10.2,471.5,0.12,1.76,0.0
1106.0,2024-01-03,15:32:10,1106.0,26.87,23.61,56.82,10.34,471.32,24.53,53.39,10.26,24.53,53.39,21.68,62.09,10.04,35.67,27.99,10.2,471.32,0.12,1.76,0.0
1107.0,2024-01-03,15:32:11,1107.0,26.88,23.61,56.82,10.34,471.09,24.54,53.33,10.26,24.54,53.33,21.66,62.17,10.05,35.68,27.98,10.2,471.09,0.12,1.76,0.0
1108.0,2024-01-03,15:32:12,1108.0,26.88,23.61,56.82,10.34,471.39,24.54,53.33,10.26,24.54,53.33,21.66,62.17,10.05,35.68,27.98,10.2,471.39,0.12,1.76,0.0
1109.0,2024-01-03,15:32:13,1109.0,26.88,23.61,56.82,10.34,472.37,24.54,53.33,10.26,24.54,53.33,21.66,62.17,10.05,35.68,27.98,10.2,472.37,0.12,1.76,0.0
1110.0,2024-01-03,15:32:14,1110.0,26.88,23.62,56.8,10.34,472.46,24.54,53.31,10.26,24.54,53.31,21.65,62.26,10.05,35.69,27.96,10.2,472.46,0.12,1.76,0.0
1111.0,2024-01-03,15:32:15,1111.0,26.88,23.62,56.8,10.34,472.49,24.54,53.31,10.26,24.54,53.31,21.65,62.26,10.05,35.69,27.96,10.2,472.49,0.12,1.76,0.0
1112.0,2024-01-03,15:32:16,1112.0,26.88,23.62,56.8,10.34,472.15,24.54,53.31,10.26,24.54,53.31,21.65,62.26,10.05,35.69,27.96,10.2,472.15,0.12,1.76,0.0
1113.0,2024-01-03,15:32:17,1113.0,26.89,23.62,56.8,10.34,469.65,24.54,53.3,10.26,24.54,53.3,21.63,62.34,10.06,35.7,27.95,10.2,469.65,0.12,1.75,0.0
1114.0,2024-01-03,15:32:18,1114.0,26.89,23.62,56.8,10.34,469.11,24.54,53.3,10.26,24.54,53.3,21.63,62.34,10.06,35.7,27.95,10.2,469.11,0.11,1.75,0.0
1115.0,2024-01-03,15:32:19,1115.0,26.89,23.62,56.8,10.34,469.1,24.54,53.3,10.26,24.54,53.3,21.63,62.34,10.06,35.7,27.95,10.2,469.1,0.11,1.75,0.0
1116.0,2024-01-03,15:32:20,1116.0,26.89,23.62,56.76,10.33,469.12,24.54,53.3,10.26,24.54,53.3,21.64,62.24,10.05,35.7,27.95,10.2,469.12,0.11,1.75,0.0
1117.0,2024-01-03,15:32:21,1117.0,26.89,23.62,56.76,10.33,468.77,24.54,53.3,10.26,24.54,53.3,21.64,62.24,10.05,35.7,27.95,10.2,468.77,0.12,1.75,0.0
1118.0,2024-01-03,15:32:22,1118.0,26.89,23.62,56.76,10.33,467.15,24.54,53.3,10.26,24.54,53.3,21.64,62.24,10.05,35.7,27.95,10.2,467.15,0.12,1.75,0.0
1119.0,2024-01-03,15:32:23,1119.0,26.9,23.62,56.79,10.34,466.03,24.55,53.29,10.26,24.55,53.29,21.66,62.12,10.03,35.7,27.94,10.2,466.03,0.11,1.74,0.0
1120.0,2024-01-03,15:32:24,1120.0,26.9,23.62,56.79,10.34,466.85,24.55,53.29,10.26,24.55,53.29,21.66,62.12,10.03,35.7,27.94,10.2,466.85,0.11,1.74,0.0
1121.0,2024-01-03,15:32:25,1121.0,26.9,23.62,56.79,10.34,469.41,24.55,53.29,10.26,24.55,53.29,21.66,62.12,10.03,35.7,27.94,10.2,469.41,0.12,1.75,0.0
1122.0,2024-01-03,15:32:26,1122.0,26.9,23.62,56.77,10.34,471.3,24.55,53.25,10.25,24.55,53.25,21.67,61.96,10.02,35.7,27.94,10.2,471.3,0.12,1.76,0.0
1123.0,2024-01-03,15:32:27,1123.0,26.9,23.62,56.77,10.34,475.68,24.55,53.25,10.25,24.55,53.25,21.67,61.96,10.02,35.7,27.94,10.2,475.68,0.12,1.78,0.0
1124.0,2024-01-03,15:32:28,1124.0,26.9,23.62,56.77,10.34,477.99,24.55,53.25,10.25,24.55,53.25,21.67,61.96,10.02,35.7,27.94,10.2,477.99,0.12,1.79,0.0
1125.0,2024-01-03,15:32:29,1125.0,26.9,23.62,56.77,10.33,479.94,24.56,53.23,10.25,24.56,53.23,21.69,61.8,10.01,35.7,27.94,10.2,479.94,0.12,1.79,0.0
1126.0,2024-01-03,15:32:30,1126.0,26.9,23.62,56.77,10.33,481.14,24.56,53.23,10.25,24.56,53.23,21.69,61.8,10.01,35.7,27.94,10.2,481.14,0.12,1.8,0.0
1127.0,2024-01-03,15:32:31,1127.0,26.9,23.62,56.77,10.33,481.96,24.56,53.23,10.25,24.56,53.23,21.69,61.8,10.01,35.7,27.94,10.2,481.96,0.12,1.8,0.0
1128.0,2024-01-03,15:32:32,1128.0,26.9,23.62,56.76,10.33,481.95,24.56,53.21,10.25,24.56,53.21,21.71,61.68,9.99,35.7,27.94,10.2,481.95,0.12,1.8,0.0
1129.0,2024-01-03,15:32:33,1129.0,26.9,23.62,56.76,10.33,477.85,24.56,53.21,10.25,24.56,53.21,21.71,61.68,9.99,35.7,27.94,10.2,477.85,0.12,1.79,0.0
1130.0,2024-01-03,15:32:34,1130.0,26.9,23.62,56.76,10.33,475.77,24.56,53.21,10.25,24.56,53.21,21.71,61.68,9.99,35.7,27.94,10.2,475.77,0.12,1.78,0.0
1131.0,2024-01-03,15:32:35,1131.0,26.91,23.62,56.76,10.33,474.19,24.56,53.19,10.25,24.56,53.19,21.71,61.67,9.99,35.7,27.95,10.2,474.19,0.12,1.77,0.0
1132.0,2024-01-03,15:32:36,1132.0,26.91,23.62,56.76,10.33,473.41,24.56,53.19,10.25,24.56,53.19,21.71,61.67,9.99,35.7,27.95,10.2,473.41,0.12,1.77,0.0
1133.0,2024-01-03,15:32:37,1133.0,26.91,23.62,56.76,10.33,471.63,24.56,53.19,10.25,24.56,53.19,21.71,61.67,9.99,35.7,27.95,10.2,471.63,0.12,1.76,0.0
1134.0,2024-01-03,15:32:38,1134.0,26.91,23.62,56.76,10.33,471.36,24.57,53.19,10.25,24.57,53.19,21.72,61.59,9.99,35.7,27.96,10.2,471.36,0.12,1.76,0.0
1135.0,2024-01-03,15:32:39,1135.0,26.91,23.62,56.76,10.33,474.1,24.57,53.19,10.25,24.57,53.19,21.72,61.59,9.99,35.7,27.96,10.2,474.1,0.12,1.77,0.0
1136.0,2024-01-03,15:32:40,1136.0,26.91,23.62,56.76,10.33,474.03,24.57,53.19,10.25,24.57,53.19,21.72,61.59,9.99,35.7,27.96,10.2,474.03,0.12,1.77,0.0
1137.0,2024-01-03,15:32:41,1137.0,26.91,23.62,56.77,10.34,468.97,24.56,53.22,10.25,24.56,53.22,21.75,61.4,9.97,35.7,27.95,10.2,468.97,0.12,1.75,0.0
1138.0,2024-01-03,15:32:42,1138.0,26.91,23.62,56.77,10.34,468.02,24.56,53.22,10.25,24.56,53.22,21.75,61.4,9.97,35.7,27.95,10.2,468.02,0.12,1.75,0.0
1139.0,2024-01-03,15:32:43,1139.0,26.91,23.62,56.77,10.34,467.27,24.56,53.22,10.25,24.56,53.22,21.75,61.4,9.97,35.7,27.95,10.2,467.27,0.12,1.75,0.0
1140.0,2024-01-03,15:32:44,1140.0,26.91,23.62,56.78,10.34,467.56,24.57,53.21,10.25,24.57,53.21,21.76,61.31,9.97,35.7,27.94,10.2,467.56,0.12,1.75,0.0
1141.0,2024-01-03,15:32:45,1141.0,26.91,23.62,56.78,10.34,468.55,24.57,53.21,10.25,24.57,53.21,21.76,61.31,9.97,35.7,27.94,10.2,468.55,0.12,1.75,0.0
1142.0,2024-01-03,15:32:46,1142.0,26.91,23.62,56.78,10.34,468.88,24.57,53.21,10.25,24.57,53.21,21.76,61.31,9.97,35.7,27.94,10.2,468.88,0.12,1.75,0.0
1143.0,2024-01-03,15:32:47,1143.0,26.9,23.62,56.76,10.34,470.06,24.57,53.22,10.26,24.57,53.22,21.75,61.37,9.97,35.71,27.93,10.2,470.06,0.12,1.76,0.0
1144.0,2024-01-03,15:32:48,1144.0,26.9,23.62,56.76,10.34,471.25,24.57,53.22,10.26,24.57,53.22,21.75,61.37,9.97,35.71,27.93,10.2,471.25,0.12,1.76,0.0
1145.0,2024-01-03,15:32:49,1145.0,26.9,23.62,56.76,10.34,471.87,24.57,53.22,10.26,24.57,53.22,21.75,61.37,9.97,35.71,27.93,10.2,471.87,0.12,1.76,0.0
1146.0,2024-01-03,15:32:50,1146.0,26.9,23.62,56.76,10.34,474.18,24.57,53.23,10.26,24.57,53.23,21.73,61.51,9.98,35.71,27.93,10.2,474.18,0.12,1.77,0.0
1147.0,2024-01-03,15:32:51,1147.0,26.9,23.62,56.76,10.34,474.56,24.57,53.23,10.26,24.57,53.23,21.73,61.51,9.98,35.71,27.93,10.2,474.56,0.12,1.77,0.0
1148.0,2024-01-03,15:32:52,1148.0,26.9,23.62,56.76,10.34,474.38,24.57,53.23,10.26,24.57,53.23,21.73,61.51,9.98,35.71,27.93,10.2,474.38,0.12,1.77,0.0
1149.0,2024-01-03,15:32:53,1149.0,26.9,23.62,56.77,10.34,474.21,24.56,53.24,10.26,24.56,53.24,21.71,61.62,9.99,35.72,27.92,10.2,474.21,0.12,1.77,0.0
1150.0,2024-01-03,15:32:54,1150.0,26.9,23.62,56.77,10.34,474.84,24.56,53.24,10.26,24.56,53.24,21.71,61.62,9.99,35.72,27.92,10.2,474.84,0.12,1.77,0.0
1151.0,2024-01-03,15:32:55,1151.0,26.9,23.62,56.77,10.34,475.96,24.56,53.24,10.26,24.56,53.24,21.71,61.62,9.99,35.72,27.92,10.2,475.96,0.12,1.78,0.0
1152.0,2024-01-03,15:32:56,1152.0,26.91,23.62,56.73,10.33,477.11,24.57,53.24,10.26,24.57,53.24,21.69,61.71,9.99,35.71,27.94,10.2,477.11,0.12,1.78,0.0
1153.0,2024-01-03,15:32:57,1153.0,26.91,23.62,56.73,10.33,476.3,24.57,53.24,10.26,24.57,53.24,21.69,61.71,9.99,35.71,27.94,10.2,476.3,0.12,1.78,0.0
1154.0,2024-01-03,15:32:58,1154.0,26.91,23.62,56.73,10.33,474.2,24.57,53.24,10.26,24.57,53.24,21.69,61.71,9.99,35.71,27.94,10.2,474.2,0.12,1.77,0.0
1155.0,2024-01-03,15:32:59,1155.0,26.91,23.62,56.74,10.33,474.73,24.56,53.24,10.26,24.56,53.24,21.69,61.72,9.99,35.71,27.95,10.2,474.73,0.12,1.77,0.0
1156.0,2024-01-03,15:33:00,1156.0,26.91,23.62,56.74,10.33,475.67,24.56,53.24,10.26,24.56,53.24,21.69,61.72,9.99,35.71,27.95,10.2,475.67,0.12,1.78,0.0
1157.0,2024-01-03,15:33:01,1157.0,26.91,23.62,56.74,10.33,475.62,24.56,53.24,10.26,24.56,53.24,21.69,61.72,9.99,35.71,27.95,10.2,475.62,0.12,1.78,0.0
1158.0,2024-01-03,15:33:02,1158.0,26.91,23.63,56.75,10.34,475.79,24.57,53.24,10.26,24.57,53.24,21.69,61.64,9.98,35.71,27.94,10.2,475.79,0.12,1.78,0.0
1159.0,2024-01-03,15:33:03,1159.0,26.91,23.63,56.75,10.34,475.98,24.57,53.24,10.26,24.57,53.24,21.69,61.64,9.98,35.71,27.94,10.2,475.98,0.12,1.78,0.0
1160.0,2024-01-03,15:33:04,1160.0,26.91,23.63,56.75,10.34,476.32,24.57,53.24,10.26,24.57,53.24,21.69,61.64,9.98,35.71,27.94,10.2,476.32,0.12,1.78,0.0
1161.0,2024-01-03,15:33:05,1161.0,26.91,23.63,56.72,10.33,476.27,24.57,53.23,10.26,24.57,53.23,21.72,61.43,9.96,35.71,27.94,10.2,476.27,0.12,1.78,0.0
1162.0,2024-01-03,15:33:06,1162.0,26.91,23.63,56.72,10.33,474.88,24.57,53.23,10.26,24.57,53.23,21.72,61.43,9.96,35.71,27.94,10.2,474.88,0.12,1.78,0.0
1163.0,2024-01-03,15:33:07,1163.0,26.91,23.63,56.72,10.33,472.59,24.57,53.23,10.26,24.57,53.23,21.72,61.43,9.96,35.71,27.94,10.2,472.59,0.12,1.77,0.0
1164.0,2024-01-03,15:33:08,1164.0,26.92,23.63,56.74,10.34,468.27,24.57,53.22,10.26,24.57,53.22,21.74,61.27,9.95,35.72,27.93,10.2,468.27,0.12,1.75,0.0
1165.0,2024-01-03,15:33:09,1165.0,26.92,23.63,56.74,10.34,468.58,24.57,53.22,10.26,24.57,53.22,21.74,61.27,9.95,35.72,27.93,10.2,468.58,0.12,1.75,0.0
1166.0,2024-01-03,15:33:10,1166.0,26.92,23.63,56.74,10.34,468.75,24.57,53.22,10.26,24.57,53.22,21.74,61.27,9.95,35.72,27.93,10.2,468.75,0.12,1.75,0.0
1167.0,2024-01-03,15:33:11,1167.0,26.92,23.63,56.72,10.33,469.98,24.57,53.2,10.26,24.57,53.2,21.74,61.29,9.95,35.72,27.93,10.2,469.98,0.12,1.76,0.0
1168.0,2024-01-03,15:33:12,1168.0,26.92,23.63,56.72,10.33,473.58,24.57,53.2,10.26,24.57,53.2,21.74,61.29,9.95,35.72,27.93,10.2,473.58,0.12,1.77,0.0
1169.0,2024-01-03,15:33:13,1169.0,26.92,23.63,56.72,10.33,473.95,24.57,53.2,10.26,24.57,53.2,21.74,61.29,9.95,35.72,27.93,10.2,473.95,0.12,1.77,0.0
1170.0,2024-01-03,15:33:14,1170.0,26.92,23.63,56.73,10.33,472.62,24.58,53.17,10.25,24.58,53.17,21.71,61.42,9.95,35.72,27.93,10.2,472.62,0.12,1.77,0.0
1171.0,2024-01-03,15:33:15,1171.0,26.92,23.63,56.73,10.33,471.44,24.58,53.17,10.25,24.58,53.17,21.71,61.42,9.95,35.72,27.93,10.2,471.44,0.12,1.76,0.0
1172.0,2024-01-03,15:33:16,1172.0,26.92,23.63,56.73,10.33,470.64,24.58,53.17,10.25,24.58,53.17,21.71,61.42,9.95,35.72,27.93,10.2,470.64,0.12,1.76,0.0
1173.0,2024-01-03,15:33:17,1173.0,26.92,23.63,56.69,10.33,470.04,24.58,53.15,10.25,24.58,53.15,21.66,61.66,9.96,35.72,27.92,10.2,470.04,0.12,1.76,0.0
1174.0,2024-01-03,15:33:18,1174.0,26.92,23.63,56.69,10.33,469.96,24.58,53.15,10.25,24.58,53.15,21.66,61.66,9.96,35.72,27.92,10.2,469.96,0.12,1.76,0.0
1175.0,2024-01-03,15:33:19,1175.0,26.92,23.63,56.69,10.33,471.24,24.58,53.15,10.25,24.58,53.15,21.66,61.66,9.96,35.72,27.92,10.2,471.24,0.12,1.76,0.0
1176.0,2024-01-03,15:33:20,1176.0,26.92,23.63,56.7,10.33,472.27,24.59,53.13,10.25,24.59,53.13,21.62,61.92,9.98,35.72,27.92,10.2,472.27,0.12,1.76,0.0
1177.0,2024-01-03,15:33:21,1177.0,26.92,23.63,56.7,10.33,472.8,24.59,53.13,10.25,24.59,53.13,21.62,61.92,9.98,35.72,27.92,10.2,472.8,0.12,1.77,0.0
1178.0,2024-01-03,15:33:22,1178.0,26.92,23.63,56.7,10.33,472.97,24.59,53.13,10.25,24.59,53.13,21.62,61.92,9.98,35.72,27.92,10.2,472.97,0.12,1.77,0.0
1179.0,2024-01-03,15:33:23,1179.0,26.93,23.64,56.67,10.33,472.74,24.59,53.11,10.25,24.59,53.11,21.57,62.18,9.99,35.72,27.91,10.2,472.74,0.12,1.77,0.0
1180.0,2024-01-03,15:33:24,1180.0,26.93,23.64,56.67,10.33,472.48,24.59,53.11,10.25,24.59,53.11,21.57,62.18,9.99,35.72,27.91,10.2,472.48,0.12,1.76,0.0
1181.0,2024-01-03,15:33:25,1181.0,26.93,23.64,56.67,10.33,471.68,24.59,53.11,10.25,24.59,53.11,21.57,62.18,9.99,35.72,27.91,10.2,471.68,0.12,1.76,0.0
1182.0,2024-01-03,15:33:26,1182.0,26.94,23.64,56.67,10.33,472.22,24.59,53.1,10.25,24.59,53.1,21.52,62.45,10.01,35.73,27.89,10.19,472.22,0.12,1.76,0.0
1183.0,2024-01-03,15:33:27,1183.0,26.94,23.64,56.67,10.33,471.23,24.59,53.1,10.25,24.59,53.1,21.52,62.45,10.01,35.73,27.89,10.19,471.23,0.12,1.76,0.0
1184.0,2024-01-03,15:33:28,1184.0,26.94,23.64,56.67,10.33,472.01,24.59,53.1,10.25,24.59,53.1,21.52,62.45,10.01,35.73,27.89,10.19,472.01,0.12,1.76,0.0
1185.0,2024-01-03,15:33:29,1185.0,26.94,23.64,56.65,10.33,472.76,24.6,53.08,10.25,24.6,53.08,21.49,62.61,10.01,35.73,27.87,10.19,472.76,0.12,1.76,0.0
1186.0,2024-01-03,15:33:30,1186.0,26.94,23.64,56.65,10.33,472.98,24.6,53.08,10.25,24.6,53.08,21.49,62.61,10.01,35.73,27.87,10.19,472.98,0.12,1.76,0.0
1187.0,2024-01-03,15:33:31,1187.0,26.94,23.64,56.65,10.33,471.52,24.6,53.08,10.25,24.6,53.08,21.49,62.61,10.01,35.73,27.87,10.19,471.52,0.12,1.76,0.0
1188.0,2024-01-03,15:33:32,1188.0,26.94,23.64,56.64,10.33,469.75,24.6,53.07,10.25,24.6,53.07,21.47,62.72,10.02,35.74,27.87,10.19,469.75,0.12,1.75,0.0
1189.0,2024-01-03,15:33:33,1189.0,26.94,23.64,56.64,10.33,467.55,24.6,53.07,10.25,24.6,53.07,21.47,62.72,10.02,35.74,27.87,10.19,467.55,0.12,1.74,0.0
1190.0,2024-01-03,15:33:34,1190.0,26.94,23.64,56.64,10.33,467.02,24.6,53.07,10.25,24.6,53.07,21.47,62.72,10.02,35.74,27.87,10.19,467.02,0.12,1.74,0.0
1191.0,2024-01-03,15:33:35,1191.0,26.94,23.64,56.65,10.33,467.98,24.61,53.05,10.25,24.61,53.05,21.48,62.68,10.01,35.74,27.85,10.19,467.98,0.12,1.75,0.0
1192.0,2024-01-03,15:33:36,1192.0,26.94,23.64,56.65,10.33,470.76,24.61,53.05,10.25,24.61,53.05,21.48,62.68,10.01,35.74,27.85,10.19,470.76,0.12,1.76,0.0
1193.0,2024-01-03,15:33:37,1193.0,26.94,23.64,56.65,10.33,475.13,24.61,53.05,10.25,24.61,53.05,21.48,62.68,10.01,35.74,27.85,10.19,475.13,0.12,1.77,0.0
1194.0,2024-01-03,15:33:38,1194.0,26.94,23.64,56.63,10.33,475.78,24.61,53.03,10.25,24.61,53.03,21.49,62.61,10.01,35.75,27.84,10.19,475.78,0.12,1.78,0.0
1195.0,2024-01-03,15:33:39,1195.0,26.94,23.64,56.63,10.33,476.45,24.61,53.03,10.25,24.61,53.03,21.49,62.61,10.01,35.75,27.84,10.19,476.45,0.12,1.78,0.0
1196.0,2024-01-03,15:33:40,1196.0,26.94,23.64,56.63,10.33,476.74,24.61,53.03,10.25,24.61,53.03,21.49,62.61,10.01,35.75,27.84,10.19,476.74,0.12,1.78,0.0
1197.0,2024-01-03,15:33:41,1197.0,26.94,23.64,56.64,10.33,477.42,24.62,53.01,10.24,24.62,53.01,21.47,62.72,10.02,35.75,27.82,10.18,477.42,0.12,1.78,0.0
1198.0,2024-01-03,15:33:42,1198.0,26.94,23.64,56.64,10.33,476.2,24.62,53.01,10.24,24.62,53.01,21.47,62.72,10.02,35.75,27.82,10.18,476.2,0.12,1.78,0.0
1199.0,2024-01-03,15:33:43,1199.0,26.94,23.64,56.64,10.33,474.01,24.62,53.01,10.24,24.62,53.01,21.47,62.72,10.02,35.75,27.82,10.18,474.01,0.12,1.77,0.0
1200.0,2024-01-03,15:33:44,1200.0,26.94,23.64,56.63,10.33,474.01,24.62,53.01,10.25,24.62,53.01,21.44,62.9,10.03,35.76,27.81,10.18,474.01,0.12,1.77,0.0
1201.0,2024-01-03,15:33:45,1201.0,26.94,23.64,56.63,10.33,473.74,24.62,53.01,10.25,24.62,53.01,21.44,62.9,10.03,35.76,27.81,10.18,473.74,0.12,1.77,0.0
1202.0,2024-01-03,15:33:46,1202.0,26.94,23.64,56.63,10.33,471.76,24.62,53.01,10.25,24.62,53.01,21.44,62.9,10.03,35.76,27.81,10.18,471.76,0.12,1.76,0.0
1203.0,2024-01-03,15:33:47,1203.0,26.94,23.64,56.63,10.33,469.95,24.62,53.01,10.25,24.62,53.01,21.43,62.97,10.03,35.76,27.79,10.18,469.95,0.12,1.75,0.0
1204.0,2024-01-03,15:33:48,1204.0,26.94,23.64,56.63,10.33,469.97,24.62,53.01,10.25,24.62,53.01,21.43,62.97,10.03,35.76,27.79,10.18,469.97,0.12,1.75,0.0
1205.0,2024-01-03,15:33:49,1205.0,26.94,23.64,56.63,10.33,470.13,24.62,53.01,10.25,24.62,53.01,21.43,62.97,10.03,35.76,27.79,10.18,470.13,0.12,1.75,0.0
1206.0,2024-01-03,15:33:50,1206.0,26.94,23.64,56.65,10.33,469.11,24.62,53.01,10.25,24.62,53.01,21.42,62.97,10.03,35.77,27.78,10.18,469.11,0.12,1.75,0.0
1207.0,2024-01-03,15:33:51,1207.0,26.94,23.64,56.65,10.33,466.9,24.62,53.01,10.25,24.62,53.01,21.42,62.97,10.03,35.77,27.78,10.18,466.9,0.12,1.74,0.0
1208.0,2024-01-03,15:33:52,1208.0,26.94,23.64,56.65,10.33,470.68,24.62,53.01,10.25,24.62,53.01,21.42,62.97,10.03,35.77,27.78,10.18,470.68,0.12,1.75,0.0
1209.0,2024-01-03,15:33:53,1209.0,26.93,23.65,56.62,10.33,472.48,24.62,53.02,10.25,24.62,53.02,21.42,62.95,10.02,35.78,27.77,10.18,472.48,0.13,1.76,0.0
1210.0,2024-01-03,15:33:54,1210.0,26.93,23.65,56.62,10.33,474.66,24.62,53.02,10.25,24.62,53.02,21.42,62.95,10.02,35.78,27.77,10.18,474.66,0.13,1.77,0.0
1211.0,2024-01-03,15:33:55,1211.0,26.93,23.65,56.62,10.33,475.02,24.62,53.02,10.25,24.62,53.02,21.42,62.95,10.02,35.78,27.77,10.18,475.02,0.13,1.77,0.0
1212.0,2024-01-03,15:33:56,1212.0,26.93,23.65,56.64,10.33,475.59,24.62,53,10.25,24.62,53,21.42,62.98,10.03,35.78,27.78,10.18,475.59,0.13,1.77,0.0
1213.0,2024-01-03,15:33:57,1213.0,26.93,23.65,56.64,10.33,475.44,24.62,53,10.25,24.62,53,21.42,62.98,10.03,35.78,27.78,10.18,475.44,0.13,1.77,0.0
1214.0,2024-01-03,15:33:58,1214.0,26.93,23.65,56.64,10.33,473.84,24.62,53,10.25,24.62,53,21.42,62.98,10.03,35.78,27.78,10.18,473.84,0.12,1.77,0.0
1215.0,2024-01-03,15:33:59,1215.0,26.94,23.64,56.63,10.33,473.74,24.62,52.99,10.25,24.62,52.99,21.43,62.92,10.02,35.78,27.78,10.18,473.74,0.12,1.77,0.0
1216.0,2024-01-03,15:34:00,1216.0,26.94,23.64,56.63,10.33,471.71,24.62,52.99,10.25,24.62,52.99,21.43,62.92,10.02,35.78,27.78,10.18,471.71,0.12,1.76,0.0
1217.0,2024-01-03,15:34:01,1217.0,26.94,23.64,56.63,10.33,470.44,24.62,52.99,10.25,24.62,52.99,21.43,62.92,10.02,35.78,27.78,10.18,470.44,0.12,1.76,0.0
1218.0,2024-01-03,15:34:02,1218.0,26.94,23.64,56.63,10.33,469.56,24.63,52.98,10.25,24.63,52.98,21.45,62.85,10.03,35.78,27.78,10.18,469.56,0.13,1.75,0.0
1219.0,2024-01-03,15:34:03,1219.0,26.94,23.64,56.63,10.33,469.74,24.63,52.98,10.25,24.63,52.98,21.45,62.85,10.03,35.78,27.78,10.18,469.74,0.13,1.75,0.0
1220.0,2024-01-03,15:34:04,1220.0,26.94,23.64,56.63,10.33,469.84,24.63,52.98,10.25,24.63,52.98,21.45,62.85,10.03,35.78,27.78,10.18,469.84,0.13,1.75,0.0
1221.0,2024-01-03,15:34:05,1221.0,26.94,23.64,56.63,10.33,470.46,24.63,52.99,10.25,24.63,52.99,21.48,62.67,10.02,35.78,27.78,10.18,470.46,0.13,1.75,0.0
1222.0,2024-01-03,15:34:06,1222.0,26.94,23.64,56.63,10.33,471.02,24.63,52.99,10.25,24.63,52.99,21.48,62.67,10.02,35.78,27.78,10.18,471.02,0.13,1.76,0.0
1223.0,2024-01-03,15:34:07,1223.0,26.94,23.64,56.63,10.33,471.06,24.63,52.99,10.25,24.63,52.99,21.48,62.67,10.02,35.78,27.78,10.18,471.06,0.13,1.76,0.0
1224.0,2024-01-03,15:34:08,1224.0,26.94,23.64,56.66,10.33,472.14,24.63,52.99,10.25,24.63,52.99,21.51,62.54,10.01,35.78,27.79,10.19,472.14,0.13,1.76,0.0
1225.0,2024-01-03,15:34:09,1225.0,26.94,23.64,56.66,10.33,472.47,24.63,52.99,10.25,24.63,52.99,21.51,62.54,10.01,35.78,27.79,10.19,472.47,0.13,1.76,0.0
1226.0,2024-01-03,15:34:10,1226.0,26.94,23.64,56.66,10.33,473.52,24.63,52.99,10.25,24.63,52.99,21.51,62.54,10.01,35.78,27.79,10.19,473.52,0.13,1.77,0.0
1227.0,2024-01-03,15:34:11,1227.0,26.95,23.64,56.66,10.33,475.16,24.63,53,10.25,24.63,53,21.53,62.44,10.01,35.78,27.79,10.19,475.16,0.13,1.77,0.0
1228.0,2024-01-03,15:34:12,1228.0,26.95,23.64,56.66,10.33,478.42,24.63,53,10.25,24.63,53,21.53,62.44,10.01,35.78,27.79,10.19,478.42,0.13,1.79,0.0
1229.0,2024-01-03,15:34:13,1229.0,26.95,23.64,56.66,10.33,478.65,24.63,53,10.25,24.63,53,21.53,62.44,10.01,35.78,27.79,10.19,478.65,0.13,1.79,0.0
1230.0,2024-01-03,15:34:14,1230.0,26.95,23.64,56.64,10.32,476.27,24.63,53,10.25,24.63,53,21.56,62.33,10.01,35.78,27.8,10.19,476.27,0.13,1.78,0.0
1231.0,2024-01-03,15:34:15,1231.0,26.95,23.64,56.64,10.32,474.62,24.63,53,10.25,24.63,53,21.56,62.33,10.01,35.78,27.8,10.19,474.62,0.13,1.77,0.0
1232.0,2024-01-03,15:34:16,1232.0,26.95,23.64,56.64,10.32,473.27,24.63,53,10.25,24.63,53,21.56,62.33,10.01,35.78,27.8,10.19,473.27,0.13,1.77,0.0
1233.0,2024-01-03,15:34:17,1233.0,26.96,23.64,56.65,10.33,473.75,24.62,53.02,10.25,24.62,53.02,21.6,62.08,9.99,35.77,27.8,10.19,473.75,0.13,1.77,0.0
1234.0,2024-01-03,15:34:18,1234.0,26.96,23.64,56.65,10.33,474.96,24.62,53.02,10.25,24.62,53.02,21.6,62.08,9.99,35.77,27.8,10.19,474.96,0.13,1.77,0.0
1235.0,2024-01-03,15:34:19,1235.0,26.96,23.64,56.65,10.33,475.77,24.62,53.02,10.25,24.62,53.02,21.6,62.08,9.99,35.77,27.8,10.19,475.77,0.13,1.78,0.0
1236.0,2024-01-03,15:34:20,1236.0,26.97,23.64,56.65,10.33,475.58,24.62,53.03,10.25,24.62,53.03,21.62,61.95,9.99,35.78,27.79,10.18,475.58,0.13,1.77,0.0
1237.0,2024-01-03,15:34:21,1237.0,26.97,23.64,56.65,10.33,475.22,24.62,53.03,10.25,24.62,53.03,21.62,61.95,9.99,35.78,27.79,10.18,475.22,0.13,1.77,0.0
1238.0,2024-01-03,15:34:22,1238.0,26.97,23.64,56.65,10.33,472.69,24.62,53.03,10.25,24.62,53.03,21.62,61.95,9.99,35.78,27.79,10.18,472.69,0.13,1.76,0.0
1239.0,2024-01-03,15:34:23,1239.0,26.97,23.63,56.68,10.33,471.53,24.62,53.03,10.25,24.62,53.03,21.63,61.93,9.99,35.78,27.78,10.18,471.53,0.13,1.76,0.0
1240.0,2024-01-03,15:34:24,1240.0,26.97,23.63,56.68,10.33,467.51,24.62,53.03,10.25,24.62,53.03,21.63,61.93,9.99,35.78,27.78,10.18,467.51,0.13,1.74,0.0
1241.0,2024-01-03,15:34:25,1241.0,26.97,23.63,56.68,10.33,467.49,24.62,53.03,10.25,24.62,53.03,21.63,61.93,9.99,35.78,27.78,10.18,467.49,0.13,1.74,0.0
1242.0,2024-01-03,15:34:26,1242.0,26.98,23.63,56.66,10.33,467.54,24.62,53,10.25,24.62,53,21.64,61.93,9.99,35.78,27.77,10.18,467.54,0.13,1.74,0.0
1243.0,2024-01-03,15:34:27,1243.0,26.98,23.63,56.66,10.33,467.4,24.62,53,10.25,24.62,53,21.64,61.93,9.99,35.78,27.77,10.18,467.4,0.13,1.74,0.0
1244.0,2024-01-03,15:34:28,1244.0,26.98,23.63,56.66,10.33,468.05,24.62,53,10.25,24.62,53,21.64,61.93,9.99,35.78,27.77,10.18,468.05,0.13,1.75,0.0
1245.0,2024-01-03,15:34:29,1245.0,26.99,23.63,56.66,10.32,468.45,24.62,52.99,10.25,24.62,52.99,21.66,61.87,9.99,35.78,27.76,10.18,468.45,0.13,1.75,0.0
1246.0,2024-01-03,15:34:30,1246.0,26.99,23.63,56.66,10.32,471.09,24.62,52.99,10.25,24.62,52.99,21.66,61.87,9.99,35.78,27.76,10.18,471.09,0.13,1.76,0.0
1247.0,2024-01-03,15:34:31,1247.0,26.99,23.63,56.66,10.32,469.77,24.62,52.99,10.25,24.62,52.99,21.66,61.87,9.99,35.78,27.76,10.18,469.77,0.13,1.75,0.0
1248.0,2024-01-03,15:34:32,1248.0,27,23.64,56.65,10.32,466.9,24.63,52.99,10.25,24.63,52.99,21.7,61.67,9.99,35.79,27.74,10.17,466.9,0.13,1.74,0.0
1249.0,2024-01-03,15:34:33,1249.0,27,23.64,56.65,10.32,466.58,24.63,52.99,10.25,24.63,52.99,21.7,61.67,9.99,35.79,27.74,10.17,466.58,0.13,1.74,0.0
1250.0,2024-01-03,15:34:34,1250.0,27,23.64,56.65,10.32,467.43,24.63,52.99,10.25,24.63,52.99,21.7,61.67,9.99,35.79,27.74,10.17,467.43,0.13,1.74,0.0
1251.0,2024-01-03,15:34:35,1251.0,27,23.64,56.67,10.33,468.07,24.63,52.96,10.25,24.63,52.96,21.74,61.48,9.98,35.79,27.74,10.17,468.07,0.13,1.74,0.0
1252.0,2024-01-03,15:34:36,1252.0,27,23.64,56.67,10.33,467.96,24.63,52.96,10.25,24.63,52.96,21.74,61.48,9.98,35.79,27.74,10.17,467.96,0.13,1.74,0.0
1253.0,2024-01-03,15:34:37,1253.0,27,23.64,56.67,10.33,469.41,24.63,52.96,10.25,24.63,52.96,21.74,61.48,9.98,35.79,27.74,10.17,469.41,0.13,1.75,0.0
1254.0,2024-01-03,15:34:38,1254.0,27,23.64,56.63,10.32,469.87,24.64,52.94,10.24,24.64,52.94,21.76,61.43,9.99,35.79,27.73,10.17,469.87,0.13,1.75,0.0
1255.0,2024-01-03,15:34:39,1255.0,27,23.64,56.63,10.32,473.1,24.64,52.94,10.24,24.64,52.94,21.76,61.43,9.99,35.79,27.73,10.17,473.1,0.13,1.76,0.0
1256.0,2024-01-03,15:34:40,1256.0,27,23.64,56.63,10.32,473.76,24.64,52.94,10.24,24.64,52.94,21.76,61.43,9.99,35.79,27.73,10.17,473.76,0.13,1.77,0.0
1257.0,2024-01-03,15:34:41,1257.0,27,23.64,56.64,10.33,472.43,24.64,52.92,10.24,24.64,52.92,21.77,61.41,9.99,35.8,27.73,10.17,472.43,0.13,1.76,0.0
1258.0,2024-01-03,15:34:42,1258.0,27,23.64,56.64,10.33,472.93,24.64,52.92,10.24,24.64,52.92,21.77,61.41,9.99,35.8,27.73,10.17,472.93,0.13,1.76,0.0
1259.0,2024-01-03,15:34:43,1259.0,27,23.64,56.64,10.33,473.71,24.64,52.92,10.24,24.64,52.92,21.77,61.41,9.99,35.8,27.73,10.17,473.71,0.13,1.77,0.0
1260.0,2024-01-03,15:34:44,1260.0,27.01,23.64,56.63,10.33,473.69,24.64,52.92,10.24,24.64,52.92,21.8,61.25,9.98,35.8,27.73,10.18,473.69,0.13,1.77,0.0
1261.0,2024-01-03,15:34:45,1261.0,27.01,23.64,56.63,10.33,473.88,24.64,52.92,10.24,24.64,52.92,21.8,61.25,9.98,35.8,27.73,10.18,473.88,0.13,1.77,0.0
1262.0,2024-01-03,15:34:46,1262.0,27.01,23.64,56.63,10.33,473.87,24.64,52.92,10.24,24.64,52.92,21.8,61.25,9.98,35.8,27.73,10.18,473.87,0.13,1.77,0.0
1263.0,2024-01-03,15:34:47,1263.0,27.02,23.64,56.63,10.33,475.89,24.64,52.91,10.24,24.64,52.91,21.83,61.12,9.98,35.8,27.74,10.18,475.89,0.13,1.78,0.0
1264.0,2024-01-03,15:34:48,1264.0,27.02,23.64,56.63,10.33,475.08,24.64,52.91,10.24,24.64,52.91,21.83,61.12,9.98,35.8,27.74,10.18,475.08,0.13,1.78,0.0
1265.0,2024-01-03,15:34:49,1265.0,27.02,23.64,56.63,10.33,473.02,24.64,52.91,10.24,24.64,52.91,21.83,61.12,9.98,35.8,27.74,10.18,473.02,0.13,1.77,0.0
1266.0,2024-01-03,15:34:50,1266.0,27.02,23.65,56.64,10.33,472.51,24.64,52.92,10.25,24.64,52.92,21.82,61.15,9.98,35.81,27.75,10.19,472.51,0.13,1.77,0.0
1267.0,2024-01-03,15:34:51,1267.0,27.02,23.65,56.64,10.33,472.94,24.64,52.92,10.25,24.64,52.92,21.82,61.15,9.98,35.81,27.75,10.19,472.94,0.13,1.77,0.0
1268.0,2024-01-03,15:34:52,1268.0,27.02,23.65,56.64,10.33,473.55,24.64,52.92,10.25,24.64,52.92,21.82,61.15,9.98,35.81,27.75,10.19,473.55,0.13,1.77,0.0
1269.0,2024-01-03,15:34:53,1269.0,27.02,23.65,56.62,10.33,475.15,24.65,52.92,10.25,24.65,52.92,21.82,61.15,9.98,35.81,27.75,10.19,475.15,0.13,1.78,0.0
1270.0,2024-01-03,15:34:54,1270.0,27.02,23.65,56.62,10.33,476.28,24.65,52.92,10.25,24.65,52.92,21.82,61.15,9.98,35.81,27.75,10.19,476.28,0.13,1.78,0.0
1271.0,2024-01-03,15:34:55,1271.0,27.02,23.65,56.62,10.33,477.11,24.65,52.92,10.25,24.65,52.92,21.82,61.15,9.98,35.81,27.75,10.19,477.11,0.13,1.78,0.0
1272.0,2024-01-03,15:34:56,1272.0,27.02,23.65,56.62,10.33,477.36,24.65,52.9,10.24,24.65,52.9,21.81,61.19,9.98,35.81,27.75,10.19,477.36,0.13,1.79,0.0
1273.0,2024-01-03,15:34:57,1273.0,27.02,23.65,56.62,10.33,477.38,24.65,52.9,10.24,24.65,52.9,21.81,61.19,9.98,35.81,27.75,10.19,477.38,0.13,1.79,0.0
1274.0,2024-01-03,15:34:58,1274.0,27.02,23.65,56.62,10.33,477.34,24.65,52.9,10.24,24.65,52.9,21.81,61.19,9.98,35.81,27.75,10.19,477.34,0.13,1.79,0.0
1275.0,2024-01-03,15:34:59,1275.0,27.02,23.66,56.59,10.33,478.17,24.65,52.89,10.24,24.65,52.89,21.79,61.29,9.98,35.81,27.76,10.19,478.17,0.13,1.79,0.0
1276.0,2024-01-03,15:35:00,1276.0,27.02,23.66,56.59,10.33,478.36,24.65,52.89,10.24,24.65,52.89,21.79,61.29,9.98,35.81,27.76,10.19,478.36,0.13,1.79,0.0
1277.0,2024-01-03,15:35:01,1277.0,27.02,23.66,56.59,10.33,478.07,24.65,52.89,10.24,24.65,52.89,21.79,61.29,9.98,35.81,27.76,10.19,478.07,0.13,1.79,0.0
1278.0,2024-01-03,15:35:02,1278.0,27.03,23.66,56.58,10.33,476.28,24.66,52.88,10.24,24.66,52.88,21.78,61.35,9.99,35.82,27.75,10.19,476.28,0.13,1.78,0.0
1279.0,2024-01-03,15:35:03,1279.0,27.03,23.66,56.58,10.33,472.48,24.66,52.88,10.24,24.66,52.88,21.78,61.35,9.99,35.82,27.75,10.19,472.48,0.13,1.77,0.0
1280.0,2024-01-03,15:35:04,1280.0,27.03,23.66,56.58,10.33,471.49,24.66,52.88,10.24,24.66,52.88,21.78,61.35,9.99,35.82,27.75,10.19,471.49,0.13,1.77,0.0
1281.0,2024-01-03,15:35:05,1281.0,27.03,23.67,56.58,10.33,468.45,24.66,52.86,10.24,24.66,52.86,21.77,61.46,10,35.82,27.73,10.19,468.45,0.12,1.76,0.0
1282.0,2024-01-03,15:35:06,1282.0,27.03,23.67,56.58,10.33,468.55,24.66,52.86,10.24,24.66,52.86,21.77,61.46,10,35.82,27.73,10.19,468.55,0.12,1.76,0.0
1283.0,2024-01-03,15:35:07,1283.0,27.03,23.67,56.58,10.33,468.78,24.66,52.86,10.24,24.66,52.86,21.77,61.46,10,35.82,27.73,10.19,468.78,0.12,1.76,0.0
1284.0,2024-01-03,15:35:08,1284.0,27.03,23.67,56.55,10.33,468.79,24.66,52.86,10.25,24.66,52.86,21.77,61.53,10.01,35.83,27.72,10.19,468.79,0.13,1.76,0.0
1285.0,2024-01-03,15:35:09,1285.0,27.03,23.67,56.55,10.33,468.83,24.66,52.86,10.25,24.66,52.86,21.77,61.53,10.01,35.83,27.72,10.19,468.83,0.13,1.76,0.0
1286.0,2024-01-03,15:35:10,1286.0,27.03,23.67,56.55,10.33,467.39,24.66,52.86,10.25,24.66,52.86,21.77,61.53,10.01,35.83,27.72,10.19,467.39,0.13,1.75,0.0
1287.0,2024-01-03,15:35:11,1287.0,27.03,23.67,56.55,10.33,467.18,24.67,52.82,10.24,24.67,52.82,21.78,61.56,10.02,35.84,27.71,10.19,467.18,0.12,1.75,0.0
1288.0,2024-01-03,15:35:12,1288.0,27.03,23.67,56.55,10.33,467.68,24.67,52.82,10.24,24.67,52.82,21.78,61.56,10.02,35.84,27.71,10.19,467.68,0.12,1.75,0.0
1289.0,2024-01-03,15:35:13,1289.0,27.03,23.67,56.55,10.33,471.39,24.67,52.82,10.24,24.67,52.82,21.78,61.56,10.02,35.84,27.71,10.19,471.39,0.12,1.77,0.0
1290.0,2024-01-03,15:35:14,1290.0,27.02,23.68,56.52,10.33,472.91,24.68,52.81,10.24,24.68,52.81,21.8,61.46,10.02,35.85,27.69,10.19,472.91,0.13,1.77,0.0
1291.0,2024-01-03,15:35:15,1291.0,27.02,23.68,56.52,10.33,475.16,24.68,52.81,10.24,24.68,52.81,21.8,61.46,10.02,35.85,27.69,10.19,475.16,0.13,1.78,0.0
1292.0,2024-01-03,15:35:16,1292.0,27.02,23.68,56.52,10.33,475.05,24.68,52.81,10.24,24.68,52.81,21.8,61.46,10.02,35.85,27.69,10.19,475.05,0.13,1.78,0.0
1293.0,2024-01-03,15:35:17,1293.0,27.02,23.68,56.52,10.33,472.58,24.68,52.79,10.24,24.68,52.79,21.84,61.29,10.01,35.85,27.69,10.19,472.58,0.12,1.77,0.0
1294.0,2024-01-03,15:35:18,1294.0,27.02,23.68,56.52,10.33,472.36,24.68,52.79,10.24,24.68,52.79,21.84,61.29,10.01,35.85,27.69,10.19,472.36,0.12,1.77,0.0
1295.0,2024-01-03,15:35:19,1295.0,27.02,23.68,56.52,10.33,473.55,24.68,52.79,10.24,24.68,52.79,21.84,61.29,10.01,35.85,27.69,10.19,473.55,0.12,1.78,0.0
1296.0,2024-01-03,15:35:20,1296.0,27.02,23.69,56.51,10.33,474.31,24.68,52.79,10.24,24.68,52.79,21.86,61.17,10.01,35.86,27.69,10.19,474.31,0.12,1.78,0.0
1297.0,2024-01-03,15:35:21,1297.0,27.02,23.69,56.51,10.33,476.24,24.68,52.79,10.24,24.68,52.79,21.86,61.17,10.01,35.86,27.69,10.19,476.24,0.13,1.79,0.0
1298.0,2024-01-03,15:35:22,1298.0,27.02,23.69,56.51,10.33,476.99,24.68,52.79,10.24,24.68,52.79,21.86,61.17,10.01,35.86,27.69,10.19,476.99,0.13,1.79,0.0
1299.0,2024-01-03,15:35:23,1299.0,27.03,23.69,56.49,10.33,478.17,24.68,52.8,10.24,24.68,52.8,21.86,61.2,10.01,35.85,27.7,10.2,478.17,0.13,1.79,0.0
1300.0,2024-01-03,15:35:24,1300.0,27.03,23.69,56.49,10.33,478.49,24.68,52.8,10.24,24.68,52.8,21.86,61.2,10.01,35.85,27.7,10.2,478.49,0.13,1.8,0.0
1301.0,2024-01-03,15:35:25,1301.0,27.03,23.69,56.49,10.33,475.69,24.68,52.8,10.24,24.68,52.8,21.86,61.2,10.01,35.85,27.7,10.2,475.69,0.13,1.79,0.0
1302.0,2024-01-03,15:35:26,1302.0,27.03,23.69,56.48,10.33,473.65,24.68,52.8,10.24,24.68,52.8,21.82,61.45,10.03,35.86,27.7,10.2,473.65,0.13,1.78,0.0
1303.0,2024-01-03,15:35:27,1303.0,27.03,23.69,56.48,10.33,468.81,24.68,52.8,10.24,24.68,52.8,21.82,61.45,10.03,35.86,27.7,10.2,468.81,0.12,1.76,0.0
1304.0,2024-01-03,15:35:28,1304.0,27.03,23.69,56.48,10.33,467.93,24.68,52.8,10.24,24.68,52.8,21.82,61.45,10.03,35.86,27.7,10.2,467.93,0.12,1.76,0.0
1305.0,2024-01-03,15:35:29,1305.0,27.04,23.7,56.47,10.33,470.17,24.68,52.79,10.24,24.68,52.79,21.78,61.76,10.05,35.86,27.7,10.2,470.17,0.12,1.76,0.0
1306.0,2024-01-03,15:35:30,1306.0,27.04,23.7,56.47,10.33,470.08,24.68,52.79,10.24,24.68,52.79,21.78,61.76,10.05,35.86,27.7,10.2,470.08,0.12,1.76,0.0
1307.0,2024-01-03,15:35:31,1307.0,27.04,23.7,56.47,10.33,473.41,24.68,52.79,10.24,24.68,52.79,21.78,61.76,10.05,35.86,27.7,10.2,473.41,0.13,1.78,0.0
1308.0,2024-01-03,15:35:32,1308.0,27.05,23.7,56.46,10.33,474.52,24.69,52.78,10.24,24.69,52.78,21.72,62.07,10.07,35.86,27.7,10.2,474.52,0.13,1.78,0.0
1309.0,2024-01-03,15:35:33,1309.0,27.05,23.7,56.46,10.33,475,24.69,52.78,10.24,24.69,52.78,21.72,62.07,10.07,35.86,27.7,10.2,475,0.13,1.78,0.0
1310.0,2024-01-03,15:35:34,1310.0,27.05,23.7,56.46,10.33,474.12,24.69,52.78,10.24,24.69,52.78,21.72,62.07,10.07,35.86,27.7,10.2,474.12,0.13,1.78,0.0
1311.0,2024-01-03,15:35:35,1311.0,27.05,23.7,56.44,10.33,472.49,24.69,52.78,10.24,24.69,52.78,21.68,62.32,10.08,35.86,27.69,10.19,472.49,0.13,1.77,0.0
1312.0,2024-01-03,15:35:36,1312.0,27.05,23.7,56.44,10.33,471.82,24.69,52.78,10.24,24.69,52.78,21.68,62.32,10.08,35.86,27.69,10.19,471.82,0.13,1.77,0.0
1313.0,2024-01-03,15:35:37,1313.0,27.06,23.7,56.43,10.33,471.24,24.69,52.78,10.24,24.69,52.78,21.66,62.41,10.09,35.85,27.69,10.19,471.24,0.13,1.77,0.0
1314.0,2024-01-03,15:35:38,1314.0,27.06,23.7,56.43,10.33,469.92,24.69,52.78,10.24,24.69,52.78,21.66,62.41,10.09,35.85,27.69,10.19,469.92,0.12,1.76,0.0
1315.0,2024-01-03,15:35:39,1315.0,27.06,23.7,56.43,10.33,469.12,24.69,52.78,10.24,24.69,52.78,21.66,62.41,10.09,35.85,27.69,10.19,469.12,0.12,1.76,0.0
1316.0,2024-01-03,15:35:40,1316.0,27.06,23.7,56.43,10.33,469.3,24.69,52.78,10.24,24.69,52.78,21.66,62.41,10.09,35.85,27.69,10.19,469.3,0.12,1.76,0.0
1317.0,2024-01-03,15:35:41,1317.0,27.06,23.71,56.42,10.33,467.82,24.69,52.8,10.25,24.69,52.8,21.66,62.4,10.08,35.85,27.7,10.19,467.82,0.13,1.75,0.0
1318.0,2024-01-03,15:35:42,1318.0,27.06,23.71,56.42,10.33,467.48,24.69,52.8,10.25,24.69,52.8,21.66,62.4,10.08,35.85,27.7,10.19,467.48,0.13,1.75,0.0
1319.0,2024-01-03,15:35:43,1319.0,27.06,23.71,56.42,10.33,468.91,24.69,52.8,10.25,24.69,52.8,21.66,62.4,10.08,35.85,27.7,10.19,468.91,0.13,1.75,0.0
1320.0,2024-01-03,15:35:44,1320.0,27.07,23.71,56.4,10.32,470.9,24.69,52.77,10.25,24.69,52.77,21.64,62.49,10.09,35.84,27.71,10.19,470.9,0.13,1.76,0.0
1321.0,2024-01-03,15:35:45,1321.0,27.07,23.71,56.4,10.32,475,24.69,52.77,10.25,24.69,52.77,21.64,62.49,10.09,35.84,27.71,10.19,475,0.13,1.78,0.0
1322.0,2024-01-03,15:35:46,1322.0,27.07,23.71,56.4,10.32,475.15,24.69,52.77,10.25,24.69,52.77,21.64,62.49,10.09,35.84,27.71,10.19,475.15,0.13,1.78,0.0
1323.0,2024-01-03,15:35:47,1323.0,27.08,23.71,56.4,10.32,472.47,24.69,52.8,10.25,24.69,52.8,21.63,62.52,10.09,35.83,27.72,10.19,472.47,0.13,1.76,0.0
1324.0,2024-01-03,15:35:48,1324.0,27.08,23.71,56.4,10.32,472.17,24.69,52.8,10.25,24.69,52.8,21.63,62.52,10.09,35.83,27.72,10.19,472.17,0.13,1.76,0.0
1325.0,2024-01-03,15:35:49,1325.0,27.08,23.71,56.4,10.32,472.5,24.69,52.8,10.25,24.69,52.8,21.63,62.52,10.09,35.83,27.72,10.19,472.5,0.13,1.76,0.0
1326.0,2024-01-03,15:35:50,1326.0,27.09,23.71,56.39,10.32,473.03,24.7,52.77,10.25,24.7,52.77,21.64,62.46,10.08,35.84,27.71,10.19,473.03,0.13,1.77,0.0
1327.0,2024-01-03,15:35:51,1327.0,27.09,23.71,56.39,10.32,473.58,24.7,52.77,10.25,24.7,52.77,21.64,62.46,10.08,35.84,27.71,10.19,473.58,0.13,1.77,0.0
1328.0,2024-01-03,15:35:52,1328.0,27.09,23.71,56.39,10.32,473.41,24.7,52.77,10.25,24.7,52.77,21.64,62.46,10.08,35.84,27.71,10.19,473.41,0.13,1.77,0.0
1329.0,2024-01-03,15:35:53,1329.0,27.09,23.71,56.38,10.32,472.8,24.7,52.76,10.25,24.7,52.76,21.64,62.44,10.08,35.85,27.69,10.19,472.8,0.13,1.76,0.0
1330.0,2024-01-03,15:35:54,1330.0,27.09,23.71,56.38,10.32,472.51,24.7,52.76,10.25,24.7,52.76,21.64,62.44,10.08,35.85,27.69,10.19,472.51,0.13,1.76,0.0
1331.0,2024-01-03,15:35:55,1331.0,27.09,23.71,56.38,10.32,470.21,24.7,52.76,10.25,24.7,52.76,21.64,62.44,10.08,35.85,27.69,10.19,470.21,0.13,1.75,0.0
1332.0,2024-01-03,15:35:56,1332.0,27.1,23.71,56.39,10.33,469.18,24.71,52.74,10.25,24.71,52.74,21.64,62.47,10.08,35.86,27.66,10.18,469.18,0.13,1.75,0.0
1333.0,2024-01-03,15:35:57,1333.0,27.1,23.71,56.39,10.33,471.78,24.71,52.74,10.25,24.71,52.74,21.64,62.47,10.08,35.86,27.66,10.18,471.78,0.13,1.76,0.0
1334.0,2024-01-03,15:35:58,1334.0,27.1,23.71,56.39,10.33,472.84,24.71,52.74,10.25,24.71,52.74,21.64,62.47,10.08,35.86,27.66,10.18,472.84,0.13,1.76,0.0
1335.0,2024-01-03,15:35:59,1335.0,27.09,23.72,56.37,10.32,472.18,24.72,52.71,10.25,24.72,52.71,21.65,62.43,10.08,35.87,27.64,10.18,472.18,0.13,1.76,0.0
1336.0,2024-01-03,15:36:00,1336.0,27.09,23.72,56.37,10.32,469.44,24.72,52.71,10.25,24.72,52.71,21.65,62.43,10.08,35.87,27.64,10.18,469.44,0.13,1.75,0.0
1337.0,2024-01-03,15:36:01,1337.0,27.09,23.72,56.37,10.32,469.92,24.72,52.71,10.25,24.72,52.71,21.65,62.43,10.08,35.87,27.64,10.18,469.92,0.13,1.75,0.0
1338.0,2024-01-03,15:36:02,1338.0,27.09,23.72,56.37,10.32,470.21,24.72,52.68,10.25,24.72,52.68,21.66,62.34,10.07,35.87,27.63,10.18,470.21,0.13,1.75,0.0
1339.0,2024-01-03,15:36:03,1339.0,27.09,23.72,56.37,10.32,470.87,24.72,52.68,10.25,24.72,52.68,21.66,62.34,10.07,35.87,27.63,10.18,470.87,0.13,1.76,0.0
1340.0,2024-01-03,15:36:04,1340.0,27.09,23.72,56.37,10.33,472.62,24.72,52.7,10.25,24.72,52.7,21.68,62.17,10.06,35.87,27.64,10.18,472.62,0.13,1.76,0.0
1341.0,2024-01-03,15:36:05,1341.0,27.09,23.72,56.37,10.33,474.5,24.72,52.7,10.25,24.72,52.7,21.68,62.17,10.06,35.87,27.64,10.18,474.5,0.13,1.77,0.0
1342.0,2024-01-03,15:36:06,1342.0,27.09,23.72,56.37,10.33,477.08,24.72,52.7,10.25,24.72,52.7,21.68,62.17,10.06,35.87,27.64,10.18,477.08,0.13,1.78,0.0
1343.0,2024-01-03,15:36:07,1343.0,27.09,23.72,56.37,10.33,477.36,24.72,52.7,10.25,24.72,52.7,21.68,62.17,10.06,35.87,27.64,10.18,477.36,0.13,1.78,0.0
1344.0,2024-01-03,15:36:08,1344.0,27.08,23.72,56.39,10.33,476.63,24.72,52.72,10.25,24.72,52.72,21.71,61.94,10.04,35.86,27.66,10.19,476.63,0.13,1.78,0.0
1345.0,2024-01-03,15:36:09,1345.0,27.08,23.72,56.39,10.33,475.16,24.72,52.72,10.25,24.72,52.72,21.71,61.94,10.04,35.86,27.66,10.19,475.16,0.13,1.77,0.0
1346.0,2024-01-03,15:36:10,1346.0,27.08,23.72,56.38,10.33,474.6,24.71,52.72,10.25,24.71,52.72,21.74,61.75,10.03,35.86,27.68,10.19,474.6,0.13,1.77,0.0
1347.0,2024-01-03,15:36:11,1347.0,27.08,23.72,56.38,10.33,476.33,24.71,52.72,10.25,24.71,52.72,21.74,61.75,10.03,35.86,27.68,10.19,476.33,0.13,1.78,0.0
1348.0,2024-01-03,15:36:12,1348.0,27.08,23.72,56.38,10.33,480.62,24.71,52.72,10.25,24.71,52.72,21.74,61.75,10.03,35.86,27.68,10.19,480.62,0.13,1.79,0.0
1349.0,2024-01-03,15:36:13,1349.0,27.08,23.72,56.38,10.33,480.58,24.71,52.72,10.25,24.71,52.72,21.74,61.75,10.03,35.86,27.68,10.19,480.58,0.13,1.79,0.0
1350.0,2024-01-03,15:36:14,1350.0,27.08,23.72,56.38,10.33,479.34,24.72,52.7,10.25,24.72,52.7,21.75,61.68,10.02,35.85,27.68,10.19,479.34,0.13,1.79,0.0
1351.0,2024-01-03,15:36:15,1351.0,27.08,23.72,56.38,10.33,478.15,24.72,52.7,10.25,24.72,52.7,21.75,61.68,10.02,35.85,27.68,10.19,478.15,0.13,1.78,0.0
1352.0,2024-01-03,15:36:16,1352.0,27.08,23.72,56.38,10.33,477.96,24.72,52.7,10.25,24.72,52.7,21.75,61.68,10.02,35.85,27.68,10.19,477.96,0.13,1.78,0.0
1353.0,2024-01-03,15:36:17,1353.0,27.07,23.72,56.37,10.33,479.92,24.72,52.69,10.25,24.72,52.69,21.78,61.5,10.01,35.85,27.68,10.19,479.92,0.13,1.79,0.0
1354.0,2024-01-03,15:36:18,1354.0,27.07,23.72,56.37,10.33,481.66,24.72,52.69,10.25,24.72,52.69,21.78,61.5,10.01,35.85,27.68,10.19,481.66,0.13,1.79,0.0
1355.0,2024-01-03,15:36:19,1355.0,27.07,23.72,56.37,10.33,480.69,24.72,52.69,10.25,24.72,52.69,21.78,61.5,10.01,35.85,27.68,10.19,480.69,0.13,1.79,0.0
1356.0,2024-01-03,15:36:20,1356.0,27.06,23.72,56.39,10.33,477.05,24.73,52.66,10.25,24.73,52.66,21.81,61.33,10,35.85,27.67,10.18,477.05,0.13,1.78,0.0
1357.0,2024-01-03,15:36:21,1357.0,27.06,23.72,56.39,10.33,477.78,24.73,52.66,10.25,24.73,52.66,21.81,61.33,10,35.85,27.67,10.18,477.78,0.13,1.78,0.0
1358.0,2024-01-03,15:36:22,1358.0,27.06,23.72,56.39,10.33,479.76,24.73,52.66,10.25,24.73,52.66,21.81,61.33,10,35.85,27.67,10.18,479.76,0.13,1.79,0.0
1359.0,2024-01-03,15:36:23,1359.0,27.07,23.72,56.37,10.33,480.27,24.73,52.64,10.24,24.73,52.64,21.82,61.31,10,35.86,27.65,10.18,480.27,0.13,1.79,0.0
1360.0,2024-01-03,15:36:24,1360.0,27.07,23.72,56.37,10.33,480.57,24.73,52.64,10.24,24.73,52.64,21.82,61.31,10,35.86,27.65,10.18,480.57,0.13,1.79,0.0
1361.0,2024-01-03,15:36:25,1361.0,27.07,23.72,56.37,10.33,480.06,24.73,52.64,10.24,24.73,52.64,21.82,61.31,10,35.86,27.65,10.18,480.06,0.13,1.79,0.0
1362.0,2024-01-03,15:36:26,1362.0,27.07,23.72,56.39,10.33,479.62,24.73,52.64,10.25,24.73,52.64,21.81,61.42,10.01,35.87,27.63,10.18,479.62,0.13,1.78,0.0
1363.0,2024-01-03,15:36:27,1363.0,27.07,23.72,56.39,10.33,477.85,24.73,52.64,10.25,24.73,52.64,21.81,61.42,10.01,35.87,27.63,10.18,477.85,0.13,1.78,0.0
1364.0,2024-01-03,15:36:28,1364.0,27.07,23.72,56.39,10.33,474.73,24.73,52.64,10.25,24.73,52.64,21.81,61.42,10.01,35.87,27.63,10.18,474.73,0.13,1.77,0.0
1365.0,2024-01-03,15:36:29,1365.0,27.07,23.72,56.38,10.33,471.85,24.74,52.63,10.25,24.74,52.63,21.81,61.43,10.02,35.87,27.61,10.17,471.85,0.13,1.76,0.0
1366.0,2024-01-03,15:36:30,1366.0,27.07,23.72,56.38,10.33,471.22,24.74,52.63,10.25,24.74,52.63,21.81,61.43,10.02,35.87,27.61,10.17,471.22,0.13,1.75,0.0
1367.0,2024-01-03,15:36:31,1367.0,27.07,23.72,56.38,10.33,470.59,24.74,52.63,10.25,24.74,52.63,21.81,61.43,10.02,35.87,27.61,10.17,470.59,0.13,1.75,0.0
1368.0,2024-01-03,15:36:32,1368.0,27.07,23.73,56.37,10.33,470.41,24.74,52.62,10.25,24.74,52.62,21.81,61.37,10.01,35.88,27.6,10.17,470.41,0.13,1.75,0.0
1369.0,2024-01-03,15:36:33,1369.0,27.07,23.73,56.37,10.33,472.47,24.74,52.62,10.25,24.74,52.62,21.81,61.37,10.01,35.88,27.6,10.17,472.47,0.13,1.76,0.0
1370.0,2024-01-03,15:36:34,1370.0,27.07,23.73,56.37,10.33,473.5,24.74,52.62,10.25,24.74,52.62,21.81,61.37,10.01,35.88,27.6,10.17,473.5,0.13,1.76,0.0
1371.0,2024-01-03,15:36:35,1371.0,27.08,23.73,56.38,10.33,477.38,24.75,52.61,10.25,24.75,52.61,21.81,61.4,10.01,35.89,27.59,10.18,477.38,0.13,1.78,0.0
1372.0,2024-01-03,15:36:36,1372.0,27.08,23.73,56.38,10.33,479.92,24.75,52.61,10.25,24.75,52.61,21.81,61.4,10.01,35.89,27.59,10.18,479.92,0.13,1.79,0.0
1373.0,2024-01-03,15:36:37,1373.0,27.09,23.73,56.37,10.33,479.31,24.75,52.59,10.25,24.75,52.59,21.8,61.39,10.01,35.88,27.62,10.18,479.31,0.13,1.78,0.0
1374.0,2024-01-03,15:36:38,1374.0,27.09,23.73,56.37,10.33,478.56,24.75,52.59,10.25,24.75,52.59,21.8,61.39,10.01,35.88,27.62,10.18,478.56,0.13,1.78,0.0
1375.0,2024-01-03,15:36:39,1375.0,27.09,23.73,56.37,10.33,477.72,24.75,52.59,10.25,24.75,52.59,21.8,61.39,10.01,35.88,27.62,10.18,477.72,0.13,1.78,0.0
1376.0,2024-01-03,15:36:40,1376.0,27.09,23.73,56.37,10.33,478.65,24.75,52.59,10.25,24.75,52.59,21.8,61.39,10.01,35.88,27.62,10.18,478.65,0.13,1.78,0.0
1377.0,2024-01-03,15:36:41,1377.0,27.09,23.73,56.38,10.33,478.65,24.75,52.59,10.25,24.75,52.59,21.8,61.34,10,35.88,27.63,10.18,478.65,0.13,1.78,0.0
1378.0,2024-01-03,15:36:42,1378.0,27.09,23.73,56.38,10.33,477.4,24.75,52.59,10.25,24.75,52.59,21.8,61.34,10,35.88,27.63,10.18,477.4,0.13,1.78,0.0
1379.0,2024-01-03,15:36:43,1379.0,27.1,23.73,56.36,10.33,476.43,24.75,52.6,10.25,24.75,52.6,21.81,61.29,9.99,35.89,27.63,10.19,476.43,0.13,1.78,0.0
1380.0,2024-01-03,15:36:44,1380.0,27.1,23.73,56.36,10.33,476.42,24.75,52.6,10.25,24.75,52.6,21.81,61.29,9.99,35.89,27.63,10.19,476.42,0.13,1.78,0.0
1381.0,2024-01-03,15:36:45,1381.0,27.1,23.73,56.36,10.33,476.42,24.75,52.6,10.25,24.75,52.6,21.81,61.29,9.99,35.89,27.63,10.19,476.42,0.13,1.78,0.0
1382.0,2024-01-03,15:36:46,1382.0,27.1,23.73,56.36,10.33,476.61,24.75,52.6,10.25,24.75,52.6,21.81,61.29,9.99,35.89,27.63,10.19,476.61,0.13,1.78,0.0
1383.0,2024-01-03,15:36:47,1383.0,27.1,23.73,56.37,10.33,476.93,24.75,52.6,10.25,24.75,52.6,21.8,61.33,9.99,35.89,27.64,10.19,476.93,0.13,1.78,0.0
1384.0,2024-01-03,15:36:48,1384.0,27.1,23.73,56.37,10.33,477.09,24.75,52.6,10.25,24.75,52.6,21.8,61.33,9.99,35.89,27.64,10.19,477.09,0.13,1.78,0.0
1385.0,2024-01-03,15:36:49,1385.0,27.1,23.73,56.37,10.33,475.83,24.75,52.6,10.25,24.75,52.6,21.8,61.33,9.99,35.89,27.64,10.19,475.83,0.13,1.78,0.0
1386.0,2024-01-03,15:36:50,1386.0,27.11,23.74,56.37,10.34,475.01,24.76,52.58,10.25,24.76,52.58,21.78,61.42,10,35.89,27.65,10.19,475.01,0.13,1.77,0.0
1387.0,2024-01-03,15:36:51,1387.0,27.11,23.74,56.37,10.34,473.6,24.76,52.58,10.25,24.76,52.58,21.78,61.42,10,35.89,27.65,10.19,473.6,0.13,1.77,0.0
1388.0,2024-01-03,15:36:52,1388.0,27.11,23.74,56.37,10.34,472.99,24.76,52.58,10.25,24.76,52.58,21.78,61.42,10,35.89,27.65,10.19,472.99,0.13,1.77,0.0
1389.0,2024-01-03,15:36:53,1389.0,27.11,23.74,56.36,10.34,472.38,24.76,52.57,10.25,24.76,52.57,21.77,61.52,10.01,35.89,27.64,10.2,472.38,0.13,1.76,0.0
1390.0,2024-01-03,15:36:54,1390.0,27.11,23.74,56.36,10.34,471.83,24.76,52.57,10.25,24.76,52.57,21.77,61.52,10.01,35.89,27.64,10.2,471.83,0.13,1.76,0.0
1391.0,2024-01-03,15:36:55,1391.0,27.11,23.74,56.36,10.34,472.17,24.76,52.57,10.25,24.76,52.57,21.77,61.52,10.01,35.89,27.64,10.2,472.17,0.13,1.76,0.0
1392.0,2024-01-03,15:36:56,1392.0,27.12,23.74,56.37,10.34,472.51,24.76,52.59,10.25,24.76,52.59,21.76,61.65,10.02,35.9,27.64,10.2,472.51,0.13,1.77,0.0
1393.0,2024-01-03,15:36:57,1393.0,27.12,23.74,56.37,10.34,474.47,24.76,52.59,10.25,24.76,52.59,21.76,61.65,10.02,35.9,27.64,10.2,474.47,0.13,1.77,0.0
1394.0,2024-01-03,15:36:58,1394.0,27.12,23.74,56.37,10.34,475.01,24.76,52.59,10.25,24.76,52.59,21.76,61.65,10.02,35.9,27.64,10.2,475.01,0.13,1.77,0.0
1395.0,2024-01-03,15:36:59,1395.0,27.12,23.75,56.34,10.34,473.22,24.76,52.58,10.25,24.76,52.58,21.77,61.72,10.04,35.9,27.64,10.2,473.22,0.13,1.77,0.0
1396.0,2024-01-03,15:37:00,1396.0,27.12,23.75,56.34,10.34,471.47,24.76,52.58,10.25,24.76,52.58,21.77,61.72,10.04,35.9,27.64,10.2,471.47,0.13,1.76,0.0
1397.0,2024-01-03,15:37:01,1397.0,27.12,23.75,56.34,10.34,470.37,24.76,52.58,10.25,24.76,52.58,21.77,61.72,10.04,35.9,27.64,10.2,470.37,0.13,1.76,0.0
1398.0,2024-01-03,15:37:02,1398.0,27.12,23.75,56.35,10.34,471.22,24.77,52.58,10.25,24.77,52.58,21.77,61.79,10.05,35.91,27.63,10.2,471.22,0.13,1.76,0.0
1399.0,2024-01-03,15:37:03,1399.0,27.12,23.75,56.35,10.34,475.23,24.77,52.58,10.25,24.77,52.58,21.77,61.79,10.05,35.91,27.63,10.2,475.23,0.13,1.78,0.0
1400.0,2024-01-03,15:37:04,1400.0,27.12,23.75,56.35,10.34,477.41,24.77,52.58,10.25,24.77,52.58,21.77,61.79,10.05,35.91,27.63,10.2,477.41,0.13,1.78,0.0
1401.0,2024-01-03,15:37:05,1401.0,27.12,23.75,56.34,10.34,478.33,24.77,52.56,10.25,24.77,52.56,21.78,61.78,10.06,35.9,27.66,10.21,478.33,0.13,1.79,0.0
1402.0,2024-01-03,15:37:06,1402.0,27.12,23.75,56.34,10.34,476.99,24.77,52.56,10.25,24.77,52.56,21.78,61.78,10.06,35.9,27.66,10.21,476.99,0.13,1.78,0.0
1403.0,2024-01-03,15:37:07,1403.0,27.12,23.75,56.34,10.34,474.55,24.77,52.56,10.25,24.77,52.56,21.78,61.78,10.06,35.9,27.66,10.21,474.55,0.13,1.78,0.0
1404.0,2024-01-03,15:37:08,1404.0,27.12,23.75,56.34,10.34,472.48,24.77,52.59,10.25,24.77,52.59,21.79,61.8,10.07,35.9,27.65,10.21,472.48,0.13,1.77,0.0
1405.0,2024-01-03,15:37:09,1405.0,27.12,23.75,56.34,10.34,471.99,24.77,52.59,10.25,24.77,52.59,21.79,61.8,10.07,35.9,27.65,10.21,471.99,0.13,1.76,0.0
1406.0,2024-01-03,15:37:10,1406.0,27.13,23.75,56.35,10.34,470.92,24.76,52.6,10.26,24.76,52.6,21.8,61.77,10.07,35.91,27.65,10.21,470.92,0.13,1.76,0.0
1407.0,2024-01-03,15:37:11,1407.0,27.13,23.75,56.35,10.34,470.58,24.76,52.6,10.26,24.76,52.6,21.8,61.77,10.07,35.91,27.65,10.21,470.58,0.13,1.76,0.0
1408.0,2024-01-03,15:37:12,1408.0,27.13,23.75,56.35,10.34,472.47,24.76,52.6,10.26,24.76,52.6,21.8,61.77,10.07,35.91,27.65,10.21,472.47,0.13,1.77,0.0
1409.0,2024-01-03,15:37:13,1409.0,27.13,23.75,56.35,10.34,473.74,24.76,52.6,10.26,24.76,52.6,21.8,61.77,10.07,35.91,27.65,10.21,473.74,0.13,1.77,0.0
1410.0,2024-01-03,15:37:14,1410.0,27.13,23.76,56.34,10.34,473.46,24.76,52.62,10.26,24.76,52.62,21.82,61.72,10.07,35.91,27.65,10.21,473.46,0.13,1.77,0.0
1411.0,2024-01-03,15:37:15,1411.0,27.13,23.76,56.34,10.34,473.42,24.76,52.62,10.26,24.76,52.62,21.82,61.72,10.07,35.91,27.65,10.21,473.42,0.13,1.77,0.0
1412.0,2024-01-03,15:37:16,1412.0,27.13,23.76,56.34,10.34,476.5,24.76,52.62,10.26,24.76,52.62,21.82,61.72,10.07,35.91,27.65,10.21,476.5,0.13,1.78,0.0
1413.0,2024-01-03,15:37:17,1413.0,27.14,23.76,56.33,10.34,479.25,24.76,52.62,10.26,24.76,52.62,21.83,61.73,10.08,35.91,27.64,10.21,479.25,0.13,1.79,0.0
1414.0,2024-01-03,15:37:18,1414.0,27.14,23.76,56.33,10.34,478.01,24.76,52.62,10.26,24.76,52.62,21.83,61.73,10.08,35.91,27.64,10.21,478.01,0.13,1.79,0.0
1415.0,2024-01-03,15:37:19,1415.0,27.14,23.76,56.33,10.34,477.26,24.76,52.62,10.26,24.76,52.62,21.83,61.73,10.08,35.91,27.64,10.21,477.26,0.13,1.79,0.0
1416.0,2024-01-03,15:37:20,1416.0,27.14,23.76,56.34,10.34,476.75,24.77,52.62,10.26,24.77,52.62,21.84,61.78,10.09,35.92,27.64,10.21,476.75,0.13,1.78,0.0
1417.0,2024-01-03,15:37:21,1417.0,27.14,23.76,56.34,10.34,475.29,24.77,52.62,10.26,24.77,52.62,21.84,61.78,10.09,35.92,27.64,10.21,475.29,0.13,1.78,0.0
1418.0,2024-01-03,15:37:22,1418.0,27.14,23.76,56.34,10.34,474.07,24.77,52.62,10.26,24.77,52.62,21.84,61.78,10.09,35.92,27.64,10.21,474.07,0.13,1.77,0.0
1419.0,2024-01-03,15:37:23,1419.0,27.14,23.76,56.33,10.34,473.69,24.77,52.6,10.26,24.77,52.6,21.84,61.79,10.1,35.92,27.63,10.21,473.69,0.13,1.77,0.0
1420.0,2024-01-03,15:37:24,1420.0,27.14,23.76,56.33,10.34,474.44,24.77,52.6,10.26,24.77,52.6,21.84,61.79,10.1,35.92,27.63,10.21,474.44,0.13,1.77,0.0
1421.0,2024-01-03,15:37:25,1421.0,27.14,23.76,56.33,10.34,474.72,24.77,52.6,10.26,24.77,52.6,21.84,61.79,10.1,35.92,27.63,10.21,474.72,0.13,1.77,0.0
1422.0,2024-01-03,15:37:26,1422.0,27.15,23.76,56.35,10.35,475.81,24.78,52.58,10.26,24.78,52.58,21.83,61.83,10.1,35.92,27.63,10.21,475.81,0.13,1.78,0.0
1423.0,2024-01-03,15:37:27,1423.0,27.15,23.76,56.35,10.35,475.81,24.78,52.58,10.26,24.78,52.58,21.83,61.83,10.1,35.92,27.63,10.21,475.81,0.13,1.78,0.0
1424.0,2024-01-03,15:37:28,1424.0,27.15,23.76,56.35,10.35,475.5,24.78,52.58,10.26,24.78,52.58,21.83,61.83,10.1,35.92,27.63,10.21,475.5,0.13,1.78,0.0
1425.0,2024-01-03,15:37:29,1425.0,27.15,23.76,56.32,10.34,474.25,24.78,52.56,10.26,24.78,52.56,21.82,61.88,10.1,35.92,27.62,10.21,474.25,0.13,1.77,0.0
1426.0,2024-01-03,15:37:30,1426.0,27.15,23.76,56.32,10.34,473.77,24.78,52.56,10.26,24.78,52.56,21.82,61.88,10.1,35.92,27.62,10.21,473.77,0.13,1.77,0.0
1427.0,2024-01-03,15:37:31,1427.0,27.15,23.77,56.32,10.34,475.68,24.79,52.56,10.26,24.79,52.56,21.81,61.84,10.09,35.93,27.61,10.21,475.68,0.13,1.78,0.0
1428.0,2024-01-03,15:37:32,1428.0,27.15,23.77,56.32,10.34,476.31,24.79,52.56,10.26,24.79,52.56,21.81,61.84,10.09,35.93,27.61,10.21,476.31,0.13,1.78,0.0
1429.0,2024-01-03,15:37:33,1429.0,27.15,23.77,56.32,10.34,477.3,24.79,52.56,10.26,24.79,52.56,21.81,61.84,10.09,35.93,27.61,10.21,477.3,0.13,1.78,0.0
1430.0,2024-01-03,15:37:34,1430.0,27.15,23.77,56.32,10.34,478.8,24.79,52.56,10.26,24.79,52.56,21.81,61.84,10.09,35.93,27.61,10.21,478.8,0.13,1.79,0.0
1431.0,2024-01-03,15:37:35,1431.0,27.15,23.77,56.33,10.35,478.97,24.79,52.55,10.26,24.79,52.55,21.81,61.74,10.07,35.92,27.63,10.21,478.97,0.13,1.79,0.0
1432.0,2024-01-03,15:37:36,1432.0,27.15,23.77,56.33,10.35,477.6,24.79,52.55,10.26,24.79,52.55,21.81,61.74,10.07,35.92,27.63,10.21,477.6,0.13,1.78,0.0
1433.0,2024-01-03,15:37:37,1433.0,27.15,23.77,56.31,10.35,476.15,24.79,52.53,10.26,24.79,52.53,21.8,61.75,10.06,35.92,27.63,10.21,476.15,0.13,1.78,0.0
1434.0,2024-01-03,15:37:38,1434.0,27.15,23.77,56.31,10.35,476.93,24.79,52.53,10.26,24.79,52.53,21.8,61.75,10.06,35.92,27.63,10.21,476.93,0.13,1.78,0.0
1435.0,2024-01-03,15:37:39,1435.0,27.15,23.77,56.31,10.35,479.93,24.79,52.53,10.26,24.79,52.53,21.8,61.75,10.06,35.92,27.63,10.21,479.93,0.13,1.79,0.0
1436.0,2024-01-03,15:37:40,1436.0,27.15,23.77,56.31,10.35,480.7,24.79,52.53,10.26,24.79,52.53,21.8,61.75,10.06,35.92,27.63,10.21,480.7,0.13,1.79,0.0
1437.0,2024-01-03,15:37:41,1437.0,27.15,23.77,56.29,10.34,481.34,24.79,52.52,10.26,24.79,52.52,21.77,61.84,10.06,35.92,27.63,10.21,481.34,0.13,1.8,0.0
1438.0,2024-01-03,15:37:42,1438.0,27.15,23.77,56.29,10.34,481.26,24.79,52.52,10.26,24.79,52.52,21.77,61.84,10.06,35.92,27.63,10.21,481.26,0.13,1.8,0.0
1439.0,2024-01-03,15:37:43,1439.0,27.15,23.77,56.29,10.34,478.85,24.8,52.53,10.26,24.8,52.53,21.75,61.9,10.06,35.91,27.63,10.2,478.85,0.13,1.79,0.0
1440.0,2024-01-03,15:37:44,1440.0,27.15,23.77,56.29,10.34,477.09,24.8,52.53,10.26,24.8,52.53,21.75,61.9,10.06,35.91,27.63,10.2,477.09,0.13,1.78,0.0
1441.0,2024-01-03,15:37:45,1441.0,27.15,23.77,56.29,10.34,475.33,24.8,52.53,10.26,24.8,52.53,21.75,61.9,10.06,35.91,27.63,10.2,475.33,0.13,1.77,0.0
1442.0,2024-01-03,15:37:46,1442.0,27.15,23.77,56.29,10.34,475.03,24.8,52.53,10.26,24.8,52.53,21.75,61.9,10.06,35.91,27.63,10.2,475.03,0.13,1.77,0.0
1443.0,2024-01-03,15:37:47,1443.0,27.16,23.78,56.28,10.34,475.01,24.8,52.51,10.26,24.8,52.51,21.71,62.08,10.06,35.91,27.63,10.2,475.01,0.13,1.77,0.0
1444.0,2024-01-03,15:37:48,1444.0,27.16,23.78,56.28,10.34,475.01,24.8,52.51,10.26,24.8,52.51,21.71,62.08,10.06,35.91,27.63,10.2,475.01,0.13,1.77,0.0
1445.0,2024-01-03,15:37:49,1445.0,27.16,23.78,56.27,10.34,474.7,24.8,52.5,10.26,24.8,52.5,21.68,62.23,10.07,35.91,27.62,10.2,474.7,0.13,1.77,0.0
1446.0,2024-01-03,15:37:50,1446.0,27.16,23.78,56.27,10.34,474.54,24.8,52.5,10.26,24.8,52.5,21.68,62.23,10.07,35.91,27.62,10.2,474.54,0.13,1.76,0.0
1447.0,2024-01-03,15:37:51,1447.0,27.16,23.78,56.27,10.34,474.08,24.8,52.5,10.26,24.8,52.5,21.68,62.23,10.07,35.91,27.62,10.2,474.08,0.13,1.76,0.0
1448.0,2024-01-03,15:37:52,1448.0,27.16,23.78,56.27,10.34,474.48,24.8,52.5,10.26,24.8,52.5,21.68,62.23,10.07,35.91,27.62,10.2,474.48,0.13,1.76,0.0
1449.0,2024-01-03,15:37:53,1449.0,27.17,23.78,56.27,10.34,476.14,24.81,52.49,10.26,24.81,52.49,21.66,62.39,10.08,35.92,27.59,10.19,476.14,0.13,1.77,0.0
1450.0,2024-01-03,15:37:54,1450.0,27.17,23.78,56.27,10.34,476.43,24.81,52.49,10.26,24.81,52.49,21.66,62.39,10.08,35.92,27.59,10.19,476.43,0.13,1.77,0.0
1451.0,2024-01-03,15:37:55,1451.0,27.17,23.78,56.25,10.34,475.84,24.81,52.46,10.26,24.81,52.46,21.67,62.31,10.07,35.93,27.57,10.19,475.84,0.13,1.77,0.0
1452.0,2024-01-03,15:37:56,1452.0,27.17,23.78,56.25,10.34,475.51,24.81,52.46,10.26,24.81,52.46,21.67,62.31,10.07,35.93,27.57,10.19,475.51,0.13,1.77,0.0
1453.0,2024-01-03,15:37:57,1453.0,27.17,23.78,56.25,10.34,475.33,24.81,52.46,10.26,24.81,52.46,21.67,62.31,10.07,35.93,27.57,10.19,475.33,0.13,1.77,0.0
1454.0,2024-01-03,15:37:58,1454.0,27.17,23.78,56.25,10.34,475.52,24.81,52.46,10.26,24.81,52.46,21.67,62.31,10.07,35.93,27.57,10.19,475.52,0.13,1.77,0.0
1455.0,2024-01-03,15:37:59,1455.0,27.17,23.78,56.24,10.34,475.24,24.81,52.45,10.26,24.81,52.45,21.68,62.2,10.06,35.94,27.56,10.19,475.24,0.13,1.77,0.0
1456.0,2024-01-03,15:38:00,1456.0,27.17,23.78,56.24,10.34,475.01,24.81,52.45,10.26,24.81,52.45,21.68,62.2,10.06,35.94,27.56,10.19,475.01,0.13,1.77,0.0
1457.0,2024-01-03,15:38:01,1457.0,27.17,23.78,56.24,10.34,474.46,24.81,52.45,10.26,24.81,52.45,21.68,62.2,10.06,35.94,27.56,10.19,474.46,0.13,1.76,0.0
1458.0,2024-01-03,15:38:02,1458.0,27.16,23.78,56.26,10.34,473.04,24.82,52.42,10.25,24.82,52.42,21.7,62.05,10.05,35.93,27.57,10.19,473.04,0.13,1.76,0.0
1459.0,2024-01-03,15:38:03,1459.0,27.16,23.78,56.26,10.34,470.44,24.82,52.42,10.25,24.82,52.42,21.7,62.05,10.05,35.93,27.57,10.19,470.44,0.13,1.75,0.0
1460.0,2024-01-03,15:38:04,1460.0,27.16,23.78,56.26,10.34,469.59,24.82,52.42,10.25,24.82,52.42,21.7,62.05,10.05,35.93,27.57,10.19,469.59,0.13,1.75,0.0
1461.0,2024-01-03,15:38:05,1461.0,27.16,23.78,56.26,10.34,473.69,24.82,52.43,10.26,24.82,52.43,21.75,61.75,10.03,35.93,27.58,10.19,473.69,0.13,1.76,0.0
1462.0,2024-01-03,15:38:06,1462.0,27.16,23.78,56.26,10.34,477,24.82,52.43,10.26,24.82,52.43,21.75,61.75,10.03,35.93,27.58,10.19,477,0.13,1.77,0.0
1463.0,2024-01-03,15:38:07,1463.0,27.16,23.78,56.26,10.34,481.7,24.82,52.43,10.26,24.82,52.43,21.75,61.75,10.03,35.93,27.58,10.19,481.7,0.13,1.79,0.0
1464.0,2024-01-03,15:38:08,1464.0,27.17,23.78,56.24,10.34,482.72,24.82,52.42,10.25,24.82,52.42,21.75,61.73,10.03,35.93,27.59,10.2,482.72,0.13,1.8,0.0
1465.0,2024-01-03,15:38:09,1465.0,27.17,23.78,56.24,10.34,483.32,24.82,52.42,10.25,24.82,52.42,21.75,61.73,10.03,35.93,27.59,10.2,483.32,0.13,1.8,0.0
1466.0,2024-01-03,15:38:10,1466.0,27.17,23.78,56.24,10.34,479.65,24.82,52.42,10.25,24.82,52.42,21.75,61.73,10.03,35.93,27.59,10.2,479.65,0.13,1.79,0.0
1467.0,2024-01-03,15:38:11,1467.0,27.17,23.78,56.24,10.34,475.75,24.82,52.42,10.25,24.82,52.42,21.75,61.71,10.03,35.93,27.59,10.19,475.75,0.13,1.77,0.0
1468.0,2024-01-03,15:38:12,1468.0,27.17,23.78,56.24,10.34,473.82,24.82,52.42,10.25,24.82,52.42,21.75,61.71,10.03,35.93,27.59,10.19,473.82,0.13,1.76,0.0
1469.0,2024-01-03,15:38:13,1469.0,27.17,23.78,56.24,10.34,474.06,24.82,52.42,10.25,24.82,52.42,21.75,61.71,10.03,35.93,27.59,10.19,474.06,0.13,1.76,0.0
1470.0,2024-01-03,15:38:14,1470.0,27.18,23.78,56.22,10.34,476.16,24.82,52.42,10.25,24.82,52.42,21.76,61.65,10.02,35.93,27.57,10.19,476.16,0.13,1.77,0.0
1471.0,2024-01-03,15:38:15,1471.0,27.18,23.78,56.22,10.34,474.67,24.82,52.42,10.25,24.82,52.42,21.76,61.65,10.02,35.93,27.57,10.19,474.67,0.13,1.77,0.0
1472.0,2024-01-03,15:38:16,1472.0,27.18,23.78,56.22,10.34,477.72,24.82,52.42,10.25,24.82,52.42,21.76,61.65,10.02,35.93,27.57,10.19,477.72,0.13,1.78,0.0
1473.0,2024-01-03,15:38:17,1473.0,27.18,23.78,56.23,10.34,478.22,24.81,52.44,10.25,24.81,52.44,21.75,61.72,10.03,35.94,27.57,10.19,478.22,0.13,1.78,0.0
1474.0,2024-01-03,15:38:18,1474.0,27.18,23.78,56.23,10.34,476.64,24.81,52.44,10.25,24.81,52.44,21.75,61.72,10.03,35.94,27.57,10.19,476.64,0.13,1.77,0.0
1475.0,2024-01-03,15:38:19,1475.0,27.18,23.78,56.23,10.34,474.23,24.81,52.44,10.25,24.81,52.44,21.75,61.72,10.03,35.94,27.57,10.19,474.23,0.13,1.77,0.0
1476.0,2024-01-03,15:38:20,1476.0,27.18,23.78,56.23,10.34,470.88,24.81,52.48,10.26,24.81,52.48,21.72,61.92,10.04,35.94,27.56,10.19,470.88,0.13,1.75,0.0
1477.0,2024-01-03,15:38:21,1477.0,27.18,23.78,56.23,10.34,470.23,24.81,52.48,10.26,24.81,52.48,21.72,61.92,10.04,35.94,27.56,10.19,470.23,0.13,1.75,0.0
1478.0,2024-01-03,15:38:22,1478.0,27.18,23.78,56.23,10.34,469.8,24.81,52.48,10.26,24.81,52.48,21.72,61.92,10.04,35.94,27.56,10.19,469.8,0.13,1.75,0.0
1479.0,2024-01-03,15:38:23,1479.0,27.18,23.78,56.23,10.34,469.3,24.8,52.48,10.26,24.8,52.48,21.67,62.22,10.06,35.95,27.54,10.19,469.3,0.13,1.75,0.0
1480.0,2024-01-03,15:38:24,1480.0,27.18,23.78,56.23,10.34,471.22,24.8,52.48,10.26,24.8,52.48,21.67,62.22,10.06,35.95,27.54,10.19,471.22,0.13,1.76,0.0
1481.0,2024-01-03,15:38:25,1481.0,27.18,23.78,56.23,10.34,473.2,24.8,52.48,10.26,24.8,52.48,21.67,62.22,10.06,35.95,27.54,10.19,473.2,0.13,1.76,0.0
1482.0,2024-01-03,15:38:26,1482.0,27.18,23.78,56.23,10.34,475.03,24.81,52.49,10.26,24.81,52.49,21.63,62.43,10.07,35.96,27.53,10.19,475.03,0.13,1.77,0.0
1483.0,2024-01-03,15:38:27,1483.0,27.18,23.78,56.23,10.34,475.05,24.81,52.49,10.26,24.81,52.49,21.63,62.43,10.07,35.96,27.53,10.19,475.05,0.13,1.77,0.0
1484.0,2024-01-03,15:38:28,1484.0,27.18,23.78,56.23,10.34,473.75,24.81,52.48,10.26,24.81,52.48,21.61,62.52,10.07,35.97,27.52,10.19,473.75,0.13,1.77,0.0
1485.0,2024-01-03,15:38:29,1485.0,27.18,23.78,56.23,10.34,474.26,24.81,52.48,10.26,24.81,52.48,21.61,62.52,10.07,35.97,27.52,10.19,474.26,0.13,1.77,0.0
1486.0,2024-01-03,15:38:30,1486.0,27.18,23.78,56.23,10.34,474.86,24.81,52.48,10.26,24.81,52.48,21.61,62.52,10.07,35.97,27.52,10.19,474.86,0.13,1.77,0.0
1487.0,2024-01-03,15:38:31,1487.0,27.18,23.78,56.23,10.34,475.06,24.81,52.48,10.26,24.81,52.48,21.61,62.52,10.07,35.97,27.52,10.19,475.06,0.13,1.77,0.0
1488.0,2024-01-03,15:38:32,1488.0,27.19,23.78,56.24,10.34,479.42,24.81,52.49,10.26,24.81,52.49,21.6,62.53,10.07,35.97,27.52,10.2,479.42,0.14,1.79,0.0
1489.0,2024-01-03,15:38:33,1489.0,27.19,23.78,56.24,10.34,480.21,24.81,52.49,10.26,24.81,52.49,21.6,62.53,10.07,35.97,27.52,10.2,480.21,0.14,1.79,0.0
1490.0,2024-01-03,15:38:34,1490.0,27.19,23.78,56.25,10.34,477.47,24.81,52.47,10.26,24.81,52.47,21.6,62.53,10.07,35.98,27.51,10.2,477.47,0.14,1.78,0.0
1491.0,2024-01-03,15:38:35,1491.0,27.19,23.78,56.25,10.34,476.27,24.81,52.47,10.26,24.81,52.47,21.6,62.53,10.07,35.98,27.51,10.2,476.27,0.13,1.78,0.0
1492.0,2024-01-03,15:38:36,1492.0,27.19,23.78,56.25,10.34,475.37,24.81,52.47,10.26,24.81,52.47,21.6,62.53,10.07,35.98,27.51,10.2,475.37,0.13,1.78,0.0
1493.0,2024-01-03,15:38:37,1493.0,27.19,23.78,56.25,10.34,475.23,24.81,52.47,10.26,24.81,52.47,21.6,62.53,10.07,35.98,27.51,10.2,475.23,0.13,1.78,0.0
1494.0,2024-01-03,15:38:38,1494.0,27.19,23.78,56.24,10.34,475.31,24.82,52.47,10.26,24.82,52.47,21.59,62.61,10.07,35.99,27.5,10.2,475.31,0.14,1.78,0.0
1495.0,2024-01-03,15:38:39,1495.0,27.19,23.78,56.24,10.34,475.34,24.82,52.47,10.26,24.82,52.47,21.59,62.61,10.07,35.99,27.5,10.2,475.34,0.14,1.78,0.0
1496.0,2024-01-03,15:38:40,1496.0,27.19,23.78,56.24,10.34,473.78,24.82,52.47,10.26,24.82,52.47,21.59,62.61,10.07,35.99,27.5,10.2,473.78,0.14,1.77,0.0
1497.0,2024-01-03,15:38:41,1497.0,27.19,23.78,56.24,10.34,472.51,24.82,52.43,10.26,24.82,52.43,21.58,62.7,10.08,36,27.49,10.2,472.51,0.14,1.77,0.0
1498.0,2024-01-03,15:38:42,1498.0,27.19,23.78,56.24,10.34,469.94,24.82,52.43,10.26,24.82,52.43,21.58,62.7,10.08,36,27.49,10.2,469.94,0.14,1.76,0.0
1499.0,2024-01-03,15:38:43,1499.0,27.19,23.78,56.24,10.34,468.97,24.82,52.43,10.26,24.82,52.43,21.58,62.7,10.08,36,27.49,10.2,468.97,0.13,1.76,0.0
1500.0,2024-01-03,15:38:44,1500.0,27.19,23.78,56.26,10.34,467.26,24.83,52.42,10.26,24.83,52.42,21.56,62.81,10.09,36,27.49,10.2,467.26,0.13,1.75,0.0
1501.0,2024-01-03,15:38:45,1501.0,27.19,23.78,56.26,10.34,465.78,24.83,52.42,10.26,24.83,52.42,21.56,62.81,10.09,36,27.49,10.2,465.78,0.13,1.74,0.0
1502.0,2024-01-03,15:38:46,1502.0,27.19,23.78,56.26,10.34,465.42,24.83,52.42,10.26,24.83,52.42,21.56,62.81,10.09,36,27.49,10.2,465.42,0.13,1.74,0.0
1503.0,2024-01-03,15:38:47,1503.0,27.19,23.78,56.27,10.35,466.25,24.83,52.42,10.26,24.83,52.42,21.58,62.75,10.09,36.01,27.49,10.2,466.25,0.13,1.75,0.0
1504.0,2024-01-03,15:38:48,1504.0,27.19,23.78,56.27,10.35,469.79,24.83,52.42,10.26,24.83,52.42,21.58,62.75,10.09,36.01,27.49,10.2,469.79,0.13,1.76,0.0
1505.0,2024-01-03,15:38:49,1505.0,27.19,23.78,56.27,10.35,475.52,24.83,52.42,10.26,24.83,52.42,21.58,62.75,10.09,36.01,27.49,10.2,475.52,0.14,1.78,0.0
1506.0,2024-01-03,15:38:50,1506.0,27.19,23.78,56.27,10.34,477.54,24.83,52.44,10.26,24.83,52.44,21.59,62.68,10.08,36,27.5,10.2,477.54,0.14,1.79,0.0
1507.0,2024-01-03,15:38:51,1507.0,27.19,23.78,56.27,10.34,477.71,24.83,52.44,10.26,24.83,52.44,21.59,62.68,10.08,36,27.5,10.2,477.71,0.14,1.79,0.0
1508.0,2024-01-03,15:38:52,1508.0,27.19,23.78,56.27,10.34,477.53,24.83,52.44,10.26,24.83,52.44,21.59,62.68,10.08,36,27.5,10.2,477.53,0.14,1.79,0.0
1509.0,2024-01-03,15:38:53,1509.0,27.18,23.78,56.27,10.35,476.09,24.83,52.44,10.26,24.83,52.44,21.6,62.61,10.08,36,27.5,10.2,476.09,0.14,1.78,0.0
1510.0,2024-01-03,15:38:54,1510.0,27.18,23.78,56.27,10.35,474.39,24.83,52.44,10.26,24.83,52.44,21.6,62.61,10.08,36,27.5,10.2,474.39,0.14,1.78,0.0
1511.0,2024-01-03,15:38:55,1511.0,27.18,23.78,56.27,10.35,473.14,24.83,52.44,10.26,24.83,52.44,21.6,62.61,10.08,36,27.5,10.2,473.14,0.14,1.77,0.0
1512.0,2024-01-03,15:38:56,1512.0,27.18,23.78,56.25,10.34,472.98,24.83,52.42,10.26,24.83,52.42,21.62,62.48,10.07,36,27.5,10.2,472.98,0.14,1.77,0.0
1513.0,2024-01-03,15:38:57,1513.0,27.18,23.78,56.25,10.34,472.57,24.83,52.42,10.26,24.83,52.42,21.62,62.48,10.07,36,27.5,10.2,472.57,0.14,1.77,0.0
1514.0,2024-01-03,15:38:58,1514.0,27.18,23.78,56.25,10.34,472.5,24.83,52.42,10.26,24.83,52.42,21.62,62.48,10.07,36,27.5,10.2,472.5,0.14,1.77,0.0
1515.0,2024-01-03,15:38:59,1515.0,27.18,23.78,56.25,10.34,472.63,24.83,52.43,10.26,24.83,52.43,21.64,62.37,10.06,36.01,27.48,10.2,472.63,0.14,1.77,0.0
1516.0,2024-01-03,15:39:00,1516.0,27.18,23.78,56.25,10.34,473.91,24.83,52.43,10.26,24.83,52.43,21.64,62.37,10.06,36.01,27.48,10.2,473.91,0.14,1.77,0.0
1517.0,2024-01-03,15:39:01,1517.0,27.19,23.78,56.26,10.34,475.86,24.83,52.44,10.27,24.83,52.44,21.67,62.13,10.04,36.01,27.47,10.2,475.86,0.14,1.78,0.0
1518.0,2024-01-03,15:39:02,1518.0,27.19,23.78,56.26,10.34,476.28,24.83,52.44,10.27,24.83,52.44,21.67,62.13,10.04,36.01,27.47,10.2,476.28,0.14,1.78,0.0
1519.0,2024-01-03,15:39:03,1519.0,27.19,23.78,56.26,10.34,476.77,24.83,52.44,10.27,24.83,52.44,21.67,62.13,10.04,36.01,27.47,10.2,476.77,0.14,1.78,0.0
1520.0,2024-01-03,15:39:04,1520.0,27.19,23.78,56.26,10.34,476.9,24.83,52.44,10.27,24.83,52.44,21.67,62.13,10.04,36.01,27.47,10.2,476.9,0.14,1.78,0.0
1521.0,2024-01-03,15:39:05,1521.0,27.19,23.78,56.27,10.34,477.08,24.83,52.43,10.26,24.83,52.43,21.73,61.77,10.02,36.02,27.47,10.2,477.08,0.14,1.79,0.0
1522.0,2024-01-03,15:39:06,1522.0,27.19,23.78,56.27,10.34,477.25,24.83,52.43,10.26,24.83,52.43,21.73,61.77,10.02,36.02,27.47,10.2,477.25,0.14,1.79,0.0
1523.0,2024-01-03,15:39:07,1523.0,27.19,23.78,56.29,10.35,476.16,24.83,52.43,10.27,24.83,52.43,21.78,61.55,10.02,36.01,27.48,10.2,476.16,0.14,1.78,0.0
1524.0,2024-01-03,15:39:08,1524.0,27.19,23.78,56.29,10.35,475.21,24.83,52.43,10.27,24.83,52.43,21.78,61.55,10.02,36.01,27.48,10.2,475.21,0.14,1.78,0.0
1525.0,2024-01-03,15:39:09,1525.0,27.19,23.78,56.29,10.35,477.45,24.83,52.43,10.27,24.83,52.43,21.78,61.55,10.02,36.01,27.48,10.2,477.45,0.14,1.79,0.0
1526.0,2024-01-03,15:39:10,1526.0,27.19,23.78,56.29,10.35,478.21,24.83,52.43,10.27,24.83,52.43,21.78,61.55,10.02,36.01,27.48,10.2,478.21,0.14,1.79,0.0
1527.0,2024-01-03,15:39:11,1527.0,27.2,23.78,56.27,10.35,476.27,24.83,52.45,10.27,24.83,52.45,21.8,61.45,10.01,36.02,27.47,10.2,476.27,0.14,1.78,0.0
1528.0,2024-01-03,15:39:12,1528.0,27.2,23.78,56.27,10.35,475.05,24.83,52.45,10.27,24.83,52.45,21.8,61.45,10.01,36.02,27.47,10.2,475.05,0.14,1.78,0.0
1529.0,2024-01-03,15:39:13,1529.0,27.2,23.78,56.27,10.35,478.24,24.83,52.44,10.27,24.83,52.44,21.8,61.5,10.02,36.02,27.47,10.2,478.24,0.14,1.79,0.0
1530.0,2024-01-03,15:39:14,1530.0,27.2,23.78,56.27,10.35,478.84,24.83,52.44,10.27,24.83,52.44,21.8,61.5,10.02,36.02,27.47,10.2,478.84,0.14,1.79,0.0
1531.0,2024-01-03,15:39:15,1531.0,27.2,23.78,56.27,10.35,479.8,24.83,52.44,10.27,24.83,52.44,21.8,61.5,10.02,36.02,27.47,10.2,479.8,0.14,1.8,0.0
1532.0,2024-01-03,15:39:16,1532.0,27.2,23.78,56.27,10.35,479.94,24.83,52.44,10.27,24.83,52.44,21.8,61.5,10.02,36.02,27.47,10.2,479.94,0.14,1.8,0.0
1533.0,2024-01-03,15:39:17,1533.0,27.21,23.78,56.27,10.35,477.42,24.83,52.43,10.27,24.83,52.43,21.81,61.49,10.02,36.02,27.46,10.2,477.42,0.14,1.79,0.0
1534.0,2024-01-03,15:39:18,1534.0,27.21,23.78,56.27,10.35,475.54,24.83,52.43,10.27,24.83,52.43,21.81,61.49,10.02,36.02,27.46,10.2,475.54,0.14,1.78,0.0
1535.0,2024-01-03,15:39:19,1535.0,27.21,23.79,56.27,10.35,473.57,24.84,52.41,10.26,24.84,52.41,21.82,61.35,10.01,36.02,27.46,10.2,473.57,0.14,1.77,0.0
1536.0,2024-01-03,15:39:20,1536.0,27.21,23.79,56.27,10.35,471.72,24.84,52.41,10.26,24.84,52.41,21.82,61.35,10.01,36.02,27.46,10.2,471.72,0.14,1.77,0.0
1537.0,2024-01-03,15:39:21,1537.0,27.21,23.79,56.27,10.35,470.08,24.84,52.41,10.26,24.84,52.41,21.82,61.35,10.01,36.02,27.46,10.2,470.08,0.13,1.76,0.0
1538.0,2024-01-03,15:39:22,1538.0,27.21,23.79,56.27,10.35,470.88,24.84,52.41,10.26,24.84,52.41,21.82,61.35,10.01,36.02,27.46,10.2,470.88,0.13,1.76,0.0
1539.0,2024-01-03,15:39:23,1539.0,27.22,23.79,56.28,10.35,472,24.84,52.39,10.26,24.84,52.39,21.81,61.42,10.01,36.02,27.46,10.2,472,0.13,1.77,0.0
1540.0,2024-01-03,15:39:24,1540.0,27.22,23.79,56.28,10.35,474.09,24.84,52.39,10.26,24.84,52.39,21.81,61.42,10.01,36.02,27.46,10.2,474.09,0.13,1.78,0.0
1541.0,2024-01-03,15:39:25,1541.0,27.21,23.79,56.26,10.35,476.43,24.84,52.4,10.26,24.84,52.4,21.8,61.48,10.02,36.02,27.47,10.21,476.43,0.13,1.79,0.0
1542.0,2024-01-03,15:39:26,1542.0,27.21,23.79,56.26,10.35,476.27,24.84,52.4,10.26,24.84,52.4,21.8,61.48,10.02,36.02,27.47,10.21,476.27,0.14,1.78,0.0
1543.0,2024-01-03,15:39:27,1543.0,27.21,23.79,56.26,10.35,476.12,24.84,52.4,10.26,24.84,52.4,21.8,61.48,10.02,36.02,27.47,10.21,476.12,0.14,1.78,0.0
1544.0,2024-01-03,15:39:28,1544.0,27.21,23.79,56.26,10.35,475.85,24.84,52.4,10.26,24.84,52.4,21.8,61.48,10.02,36.02,27.47,10.21,475.85,0.14,1.78,0.0
1545.0,2024-01-03,15:39:29,1545.0,27.21,23.79,56.23,10.34,475.18,24.84,52.39,10.26,24.84,52.39,21.8,61.4,10.01,36.02,27.47,10.21,475.18,0.14,1.78,0.0
1546.0,2024-01-03,15:39:30,1546.0,27.21,23.79,56.23,10.34,475.21,24.84,52.39,10.26,24.84,52.39,21.8,61.4,10.01,36.02,27.47,10.21,475.21,0.14,1.78,0.0
1547.0,2024-01-03,15:39:31,1547.0,27.21,23.79,56.23,10.34,476.63,24.84,52.39,10.26,24.84,52.39,21.8,61.4,10.01,36.02,27.47,10.21,476.63,0.14,1.79,0.0
1548.0,2024-01-03,15:39:32,1548.0,27.21,23.79,56.22,10.34,476.94,24.85,52.36,10.26,24.85,52.36,21.8,61.4,10,36.03,27.46,10.21,476.94,0.14,1.79,0.0
1549.0,2024-01-03,15:39:33,1549.0,27.21,23.79,56.22,10.34,476.93,24.85,52.36,10.26,24.85,52.36,21.8,61.4,10,36.03,27.46,10.21,476.93,0.14,1.79,0.0
1550.0,2024-01-03,15:39:34,1550.0,27.21,23.79,56.22,10.34,479.66,24.85,52.36,10.26,24.85,52.36,21.8,61.4,10,36.03,27.46,10.21,479.66,0.14,1.8,0.0
1551.0,2024-01-03,15:39:35,1551.0,27.22,23.79,56.23,10.35,479.98,24.85,52.33,10.26,24.85,52.33,21.77,61.54,10.01,36.03,27.46,10.21,479.98,0.14,1.8,0.0
1552.0,2024-01-03,15:39:36,1552.0,27.22,23.79,56.23,10.35,477.78,24.85,52.33,10.26,24.85,52.33,21.77,61.54,10.01,36.03,27.46,10.21,477.78,0.14,1.79,0.0
1553.0,2024-01-03,15:39:37,1553.0,27.22,23.79,56.23,10.35,475.18,24.85,52.33,10.26,24.85,52.33,21.77,61.54,10.01,36.03,27.46,10.21,475.18,0.14,1.78,0.0
1554.0,2024-01-03,15:39:38,1554.0,27.22,23.8,56.24,10.35,473.17,24.86,52.3,10.26,24.86,52.3,21.75,61.68,10.02,36.04,27.45,10.21,473.17,0.13,1.78,0.0
1555.0,2024-01-03,15:39:39,1555.0,27.22,23.8,56.24,10.35,472.83,24.86,52.3,10.26,24.86,52.3,21.75,61.68,10.02,36.04,27.45,10.21,472.83,0.13,1.78,0.0
1556.0,2024-01-03,15:39:40,1556.0,27.22,23.8,56.22,10.35,475.95,24.86,52.3,10.26,24.86,52.3,21.72,61.82,10.02,36.05,27.45,10.21,475.95,0.13,1.79,0.0
1557.0,2024-01-03,15:39:41,1557.0,27.22,23.8,56.22,10.35,477.23,24.86,52.3,10.26,24.86,52.3,21.72,61.82,10.02,36.05,27.45,10.21,477.23,0.14,1.79,0.0
1558.0,2024-01-03,15:39:42,1558.0,27.22,23.8,56.22,10.35,479.83,24.86,52.3,10.26,24.86,52.3,21.72,61.82,10.02,36.05,27.45,10.21,479.83,0.14,1.8,0.0
1559.0,2024-01-03,15:39:43,1559.0,27.22,23.8,56.22,10.35,480.25,24.86,52.3,10.26,24.86,52.3,21.72,61.82,10.02,36.05,27.45,10.21,480.25,0.14,1.8,0.0
1560.0,2024-01-03,15:39:44,1560.0,27.22,23.8,56.21,10.35,481.32,24.86,52.29,10.26,24.86,52.29,21.69,61.96,10.03,36.05,27.44,10.21,481.32,0.14,1.81,0.0
1561.0,2024-01-03,15:39:45,1561.0,27.22,23.8,56.21,10.35,481.33,24.86,52.29,10.26,24.86,52.29,21.69,61.96,10.03,36.05,27.44,10.21,481.33,0.14,1.81,0.0
1562.0,2024-01-03,15:39:46,1562.0,27.22,23.8,56.22,10.35,478.03,24.87,52.28,10.26,24.87,52.28,21.68,61.99,10.03,36.06,27.43,10.21,478.03,0.14,1.8,0.0
1563.0,2024-01-03,15:39:47,1563.0,27.22,23.8,56.22,10.35,477.06,24.87,52.28,10.26,24.87,52.28,21.68,61.99,10.03,36.06,27.43,10.21,477.06,0.14,1.79,0.0
1564.0,2024-01-03,15:39:48,1564.0,27.22,23.8,56.22,10.35,475.25,24.87,52.28,10.26,24.87,52.28,21.68,61.99,10.03,36.06,27.43,10.21,475.25,0.14,1.79,0.0
1565.0,2024-01-03,15:39:49,1565.0,27.22,23.8,56.22,10.35,474.89,24.87,52.28,10.26,24.87,52.28,21.68,61.99,10.03,36.06,27.43,10.21,474.89,0.13,1.79,0.0
1566.0,2024-01-03,15:39:50,1566.0,27.22,23.8,56.21,10.35,474.36,24.87,52.28,10.26,24.87,52.28,21.68,61.96,10.03,36.06,27.44,10.21,474.36,0.14,1.79,0.0
1567.0,2024-01-03,15:39:51,1567.0,27.22,23.8,56.21,10.35,474.12,24.87,52.28,10.26,24.87,52.28,21.68,61.96,10.03,36.06,27.44,10.21,474.12,0.14,1.78,0.0
1568.0,2024-01-03,15:39:52,1568.0,27.22,23.8,56.2,10.34,471.97,24.87,52.28,10.26,24.87,52.28,21.7,61.84,10.02,36.05,27.45,10.22,471.97,0.13,1.78,0.0
1569.0,2024-01-03,15:39:53,1569.0,27.22,23.8,56.2,10.34,471.31,24.87,52.28,10.26,24.87,52.28,21.7,61.84,10.02,36.05,27.45,10.22,471.31,0.14,1.77,0.0
1570.0,2024-01-03,15:39:54,1570.0,27.22,23.8,56.2,10.34,472.99,24.87,52.28,10.26,24.87,52.28,21.7,61.84,10.02,36.05,27.45,10.22,472.99,0.14,1.78,0.0
1571.0,2024-01-03,15:39:55,1571.0,27.22,23.8,56.2,10.34,474.98,24.87,52.28,10.26,24.87,52.28,21.7,61.84,10.02,36.05,27.45,10.22,474.98,0.14,1.79,0.0
1572.0,2024-01-03,15:39:56,1572.0,27.22,23.8,56.2,10.35,477.41,24.87,52.29,10.26,24.87,52.29,21.74,61.57,9.99,36.05,27.46,10.22,477.41,0.14,1.8,0.0
1573.0,2024-01-03,15:39:57,1573.0,27.22,23.8,56.2,10.35,476.72,24.87,52.29,10.26,24.87,52.29,21.74,61.57,9.99,36.05,27.46,10.22,476.72,0.14,1.79,0.0
1574.0,2024-01-03,15:39:58,1574.0,27.22,23.8,56.19,10.34,472.99,24.86,52.31,10.26,24.86,52.31,21.73,61.63,10,36.05,27.46,10.22,472.99,0.14,1.78,0.0
1575.0,2024-01-03,15:39:59,1575.0,27.22,23.8,56.19,10.34,472.49,24.86,52.31,10.26,24.86,52.31,21.73,61.63,10,36.05,27.46,10.22,472.49,0.14,1.78,0.0
1576.0,2024-01-03,15:40:00,1576.0,27.22,23.8,56.19,10.34,472.7,24.86,52.31,10.26,24.86,52.31,21.73,61.63,10,36.05,27.46,10.22,472.7,0.14,1.78,0.0
1577.0,2024-01-03,15:40:01,1577.0,27.22,23.8,56.19,10.34,471.89,24.86,52.31,10.26,24.86,52.31,21.73,61.63,10,36.05,27.46,10.22,471.89,0.14,1.77,0.0
1578.0,2024-01-03,15:40:02,1578.0,27.23,23.8,56.2,10.34,472.63,24.86,52.35,10.26,24.86,52.35,21.7,61.8,10.01,36.04,27.47,10.22,472.63,0.14,1.78,0.0
1579.0,2024-01-03,15:40:03,1579.0,27.23,23.8,56.2,10.34,473.47,24.86,52.35,10.26,24.86,52.35,21.7,61.8,10.01,36.04,27.47,10.22,473.47,0.14,1.78,0.0
1580.0,2024-01-03,15:40:04,1580.0,27.23,23.8,56.2,10.34,472.82,24.86,52.35,10.26,24.86,52.35,21.7,61.8,10.01,36.04,27.47,10.22,472.82,0.14,1.78,0.0
1581.0,2024-01-03,15:40:05,1581.0,27.24,23.8,56.22,10.35,472.67,24.86,52.36,10.27,24.86,52.36,21.68,61.89,10.01,36.04,27.48,10.22,472.67,0.14,1.78,0.0
1582.0,2024-01-03,15:40:06,1582.0,27.24,23.8,56.22,10.35,472.63,24.86,52.36,10.27,24.86,52.36,21.68,61.89,10.01,36.04,27.48,10.22,472.63,0.14,1.78,0.0
1583.0,2024-01-03,15:40:07,1583.0,27.24,23.8,56.22,10.35,472.15,24.86,52.36,10.27,24.86,52.36,21.68,61.89,10.01,36.04,27.48,10.22,472.15,0.14,1.77,0.0
1584.0,2024-01-03,15:40:08,1584.0,27.24,23.8,56.21,10.35,471.83,24.86,52.37,10.27,24.86,52.37,21.67,61.99,10.02,36.04,27.49,10.22,471.83,0.14,1.77,0.0
1585.0,2024-01-03,15:40:09,1585.0,27.24,23.8,56.21,10.35,469.22,24.86,52.37,10.27,24.86,52.37,21.67,61.99,10.02,36.04,27.49,10.22,469.22,0.14,1.76,0.0
1586.0,2024-01-03,15:40:10,1586.0,27.24,23.8,56.21,10.35,468.12,24.86,52.37,10.27,24.86,52.37,21.67,61.99,10.02,36.04,27.49,10.22,468.12,0.14,1.76,0.0
1587.0,2024-01-03,15:40:11,1587.0,27.24,23.81,56.2,10.35,471.58,24.86,52.38,10.27,24.86,52.38,21.66,62.06,10.03,36.03,27.49,10.22,471.58,0.14,1.77,0.0
1588.0,2024-01-03,15:40:12,1588.0,27.24,23.81,56.2,10.35,472.34,24.86,52.38,10.27,24.86,52.38,21.66,62.06,10.03,36.03,27.49,10.22,472.34,0.14,1.77,0.0
1589.0,2024-01-03,15:40:13,1589.0,27.25,23.81,56.2,10.35,472.31,24.86,52.39,10.27,24.86,52.39,21.65,62.13,10.03,36.02,27.5,10.22,472.31,0.14,1.77,0.0
1590.0,2024-01-03,15:40:14,1590.0,27.25,23.81,56.2,10.35,471.57,24.86,52.39,10.27,24.86,52.39,21.65,62.13,10.03,36.02,27.5,10.22,471.57,0.14,1.77,0.0
1591.0,2024-01-03,15:40:15,1591.0,27.25,23.81,56.2,10.35,474.27,24.86,52.39,10.27,24.86,52.39,21.65,62.13,10.03,36.02,27.5,10.22,474.27,0.14,1.78,0.0
1592.0,2024-01-03,15:40:16,1592.0,27.25,23.81,56.2,10.35,472.96,24.86,52.39,10.27,24.86,52.39,21.65,62.13,10.03,36.02,27.5,10.22,472.96,0.14,1.77,0.0
1593.0,2024-01-03,15:40:17,1593.0,27.26,23.81,56.19,10.35,469.31,24.86,52.41,10.27,24.86,52.41,21.65,62.13,10.03,36.02,27.49,10.21,469.31,0.14,1.75,0.0
1594.0,2024-01-03,15:40:18,1594.0,27.26,23.81,56.19,10.35,468.04,24.86,52.41,10.27,24.86,52.41,21.65,62.13,10.03,36.02,27.49,10.21,468.04,0.14,1.75,0.0
1595.0,2024-01-03,15:40:19,1595.0,27.26,23.81,56.19,10.35,466.76,24.85,52.42,10.28,24.85,52.42,21.66,62.08,10.03,36.02,27.48,10.21,466.76,0.14,1.74,0.0
1596.0,2024-01-03,15:40:20,1596.0,27.26,23.81,56.19,10.35,467.55,24.85,52.42,10.28,24.85,52.42,21.66,62.08,10.03,36.02,27.48,10.21,467.55,0.14,1.75,0.0
1597.0,2024-01-03,15:40:21,1597.0,27.26,23.81,56.19,10.35,470.32,24.85,52.42,10.28,24.85,52.42,21.66,62.08,10.03,36.02,27.48,10.21,470.32,0.14,1.76,0.0
1598.0,2024-01-03,15:40:22,1598.0,27.26,23.81,56.19,10.35,471.91,24.85,52.42,10.28,24.85,52.42,21.66,62.08,10.03,36.02,27.48,10.21,471.91,0.14,1.76,0.0
1599.0,2024-01-03,15:40:23,1599.0,27.27,23.81,56.17,10.35,473.49,24.85,52.44,10.28,24.85,52.44,21.68,61.96,10.02,36.02,27.47,10.21,473.49,0.14,1.77,0.0
1600.0,2024-01-03,15:40:24,1600.0,27.27,23.81,56.17,10.35,473.74,24.85,52.44,10.28,24.85,52.44,21.68,61.96,10.02,36.02,27.47,10.21,473.74,0.14,1.77,0.0
1601.0,2024-01-03,15:40:25,1601.0,27.27,23.81,56.16,10.34,474.25,24.86,52.43,10.28,24.86,52.43,21.7,61.85,10.02,36.03,27.46,10.2,474.25,0.14,1.77,0.0
1602.0,2024-01-03,15:40:26,1602.0,27.27,23.81,56.16,10.34,474.2,24.86,52.43,10.28,24.86,52.43,21.7,61.85,10.02,36.03,27.46,10.2,474.2,0.14,1.77,0.0
1603.0,2024-01-03,15:40:27,1603.0,27.27,23.81,56.16,10.34,473.21,24.86,52.43,10.28,24.86,52.43,21.7,61.85,10.02,36.03,27.46,10.2,473.21,0.14,1.77,0.0
1604.0,2024-01-03,15:40:28,1604.0,27.27,23.81,56.16,10.34,471.94,24.86,52.43,10.28,24.86,52.43,21.7,61.85,10.02,36.03,27.46,10.2,471.94,0.14,1.76,0.0
1605.0,2024-01-03,15:40:29,1605.0,27.27,23.81,56.17,10.35,468.81,24.86,52.38,10.27,24.86,52.38,21.72,61.71,10.01,36.03,27.45,10.2,468.81,0.14,1.75,0.0
1606.0,2024-01-03,15:40:30,1606.0,27.27,23.81,56.17,10.35,467.84,24.86,52.38,10.27,24.86,52.38,21.72,61.71,10.01,36.03,27.45,10.2,467.84,0.14,1.75,0.0
1607.0,2024-01-03,15:40:31,1607.0,27.27,23.81,56.18,10.35,466.9,24.87,52.38,10.28,24.87,52.38,21.75,61.6,10.01,36.04,27.45,10.2,466.9,0.14,1.74,0.0
1608.0,2024-01-03,15:40:32,1608.0,27.27,23.81,56.18,10.35,466.85,24.87,52.38,10.28,24.87,52.38,21.75,61.6,10.01,36.04,27.45,10.2,466.85,0.14,1.74,0.0
1609.0,2024-01-03,15:40:33,1609.0,27.27,23.81,56.18,10.35,468.81,24.87,52.38,10.28,24.87,52.38,21.75,61.6,10.01,36.04,27.45,10.2,468.81,0.14,1.75,0.0
1610.0,2024-01-03,15:40:34,1610.0,27.27,23.81,56.18,10.35,468.32,24.87,52.38,10.28,24.87,52.38,21.75,61.6,10.01,36.04,27.45,10.2,468.32,0.14,1.75,0.0
1611.0,2024-01-03,15:40:35,1611.0,27.27,23.81,56.18,10.35,467.57,24.87,52.37,10.28,24.87,52.37,21.76,61.53,10,36.04,27.45,10.21,467.57,0.14,1.75,0.0
1612.0,2024-01-03,15:40:36,1612.0,27.27,23.81,56.18,10.35,468.8,24.87,52.37,10.28,24.87,52.37,21.76,61.53,10,36.04,27.45,10.21,468.8,0.14,1.75,0.0
1613.0,2024-01-03,15:40:37,1613.0,27.27,23.82,56.16,10.35,470.2,24.87,52.37,10.28,24.87,52.37,21.76,61.6,10.01,36.04,27.44,10.21,470.2,0.14,1.76,0.0
1614.0,2024-01-03,15:40:38,1614.0,27.27,23.82,56.16,10.35,471.23,24.87,52.37,10.28,24.87,52.37,21.76,61.6,10.01,36.04,27.44,10.21,471.23,0.14,1.76,0.0
1615.0,2024-01-03,15:40:39,1615.0,27.27,23.82,56.16,10.35,473.23,24.87,52.37,10.28,24.87,52.37,21.76,61.6,10.01,36.04,27.44,10.21,473.23,0.14,1.77,0.0
1616.0,2024-01-03,15:40:40,1616.0,27.27,23.82,56.16,10.35,475.01,24.87,52.37,10.28,24.87,52.37,21.76,61.6,10.01,36.04,27.44,10.21,475.01,0.14,1.77,0.0
1617.0,2024-01-03,15:40:41,1617.0,27.27,23.82,56.15,10.35,473.34,24.88,52.34,10.27,24.88,52.34,21.75,61.69,10.02,36.04,27.43,10.2,473.34,0.14,1.77,0.0
1618.0,2024-01-03,15:40:42,1618.0,27.27,23.82,56.15,10.35,472.83,24.88,52.34,10.27,24.88,52.34,21.75,61.69,10.02,36.04,27.43,10.2,472.83,0.14,1.76,0.0
1619.0,2024-01-03,15:40:43,1619.0,27.27,23.82,56.17,10.35,473.04,24.88,52.32,10.27,24.88,52.32,21.74,61.82,10.03,36.05,27.43,10.2,473.04,0.14,1.77,0.0
1620.0,2024-01-03,15:40:44,1620.0,27.27,23.82,56.17,10.35,474.54,24.88,52.32,10.27,24.88,52.32,21.74,61.82,10.03,36.05,27.43,10.2,474.54,0.14,1.77,0.0
1621.0,2024-01-03,15:40:45,1621.0,27.27,23.82,56.17,10.35,478.8,24.88,52.32,10.27,24.88,52.32,21.74,61.82,10.03,36.05,27.43,10.2,478.8,0.14,1.79,0.0
1622.0,2024-01-03,15:40:46,1622.0,27.27,23.82,56.17,10.35,479.47,24.88,52.32,10.27,24.88,52.32,21.74,61.82,10.03,36.05,27.43,10.2,479.47,0.14,1.79,0.0
1623.0,2024-01-03,15:40:47,1623.0,27.27,23.82,56.16,10.35,476.65,24.88,52.29,10.27,24.88,52.29,21.71,62,10.05,36.06,27.4,10.2,476.65,0.14,1.78,0.0
1624.0,2024-01-03,15:40:48,1624.0,27.27,23.82,56.16,10.35,473.76,24.88,52.29,10.27,24.88,52.29,21.71,62,10.05,36.06,27.4,10.2,473.76,0.14,1.77,0.0
1625.0,2024-01-03,15:40:49,1625.0,27.27,23.82,56.16,10.35,468.96,24.88,52.29,10.27,24.88,52.29,21.71,62,10.05,36.06,27.4,10.2,468.96,0.14,1.75,0.0
1626.0,2024-01-03,15:40:50,1626.0,27.28,23.82,56.16,10.35,467.86,24.89,52.29,10.27,24.89,52.29,21.69,62.08,10.05,36.06,27.39,10.2,467.86,0.14,1.75,0.0
1627.0,2024-01-03,15:40:51,1627.0,27.28,23.82,56.16,10.35,467.04,24.89,52.29,10.27,24.89,52.29,21.69,62.08,10.05,36.06,27.39,10.2,467.04,0.14,1.74,0.0
1628.0,2024-01-03,15:40:52,1628.0,27.28,23.82,56.16,10.35,467.51,24.89,52.29,10.27,24.89,52.29,21.69,62.08,10.05,36.06,27.39,10.2,467.51,0.14,1.74,0.0
1629.0,2024-01-03,15:40:53,1629.0,27.28,23.82,56.16,10.35,470.28,24.89,52.28,10.27,24.89,52.28,21.68,62.12,10.05,36.07,27.38,10.2,470.28,0.14,1.76,0.0
1630.0,2024-01-03,15:40:54,1630.0,27.28,23.82,56.16,10.35,471.2,24.89,52.28,10.27,24.89,52.28,21.68,62.12,10.05,36.07,27.38,10.2,471.2,0.14,1.76,0.0
1631.0,2024-01-03,15:40:55,1631.0,27.28,23.82,56.16,10.35,472.19,24.89,52.28,10.27,24.89,52.28,21.68,62.12,10.05,36.07,27.38,10.2,472.19,0.14,1.76,0.0
1632.0,2024-01-03,15:40:56,1632.0,27.27,23.82,56.15,10.35,471.05,24.89,52.26,10.27,24.89,52.26,21.68,62.13,10.05,36.07,27.37,10.2,471.05,0.14,1.76,0.0
1633.0,2024-01-03,15:40:57,1633.0,27.27,23.82,56.15,10.35,470.26,24.89,52.26,10.27,24.89,52.26,21.68,62.13,10.05,36.07,27.37,10.2,470.26,0.14,1.76,0.0
1634.0,2024-01-03,15:40:58,1634.0,27.27,23.82,56.15,10.35,470.34,24.89,52.26,10.27,24.89,52.26,21.68,62.13,10.05,36.07,27.37,10.2,470.34,0.14,1.76,0.0
1635.0,2024-01-03,15:40:59,1635.0,27.27,23.82,56.14,10.35,471.4,24.9,52.24,10.27,24.9,52.24,21.68,62.12,10.05,36.07,27.37,10.2,471.4,0.14,1.76,0.0
1636.0,2024-01-03,15:41:00,1636.0,27.27,23.82,56.14,10.35,472.43,24.9,52.24,10.27,24.9,52.24,21.68,62.12,10.05,36.07,27.37,10.2,472.43,0.14,1.76,0.0
1637.0,2024-01-03,15:41:01,1637.0,27.27,23.82,56.14,10.35,472.46,24.9,52.24,10.27,24.9,52.24,21.68,62.12,10.05,36.07,27.37,10.2,472.46,0.14,1.76,0.0
1638.0,2024-01-03,15:41:02,1638.0,27.27,23.83,56.15,10.35,472.42,24.9,52.21,10.26,24.9,52.21,21.69,62.07,10.05,36.08,27.37,10.2,472.42,0.14,1.77,0.0
1639.0,2024-01-03,15:41:03,1639.0,27.27,23.83,56.15,10.35,473.42,24.9,52.21,10.26,24.9,52.21,21.69,62.07,10.05,36.08,27.37,10.2,473.42,0.14,1.77,0.0
1640.0,2024-01-03,15:41:04,1640.0,27.27,23.83,56.14,10.35,474.43,24.91,52.2,10.27,24.91,52.2,21.73,61.87,10.04,36.08,27.36,10.2,474.43,0.14,1.77,0.0
1641.0,2024-01-03,15:41:05,1641.0,27.27,23.83,56.14,10.35,472.46,24.91,52.2,10.27,24.91,52.2,21.73,61.87,10.04,36.08,27.36,10.2,472.46,0.14,1.76,0.0
1642.0,2024-01-03,15:41:06,1642.0,27.27,23.83,56.14,10.35,466.71,24.91,52.2,10.27,24.91,52.2,21.73,61.87,10.04,36.08,27.36,10.2,466.71,0.14,1.74,0.0
1643.0,2024-01-03,15:41:08,1643.0,27.27,23.83,56.14,10.35,463.79,24.91,52.2,10.27,24.91,52.2,21.73,61.87,10.04,36.08,27.36,10.2,463.79,0.14,1.73,0.0
1644.0,2024-01-03,15:41:09,1644.0,27.27,23.83,56.13,10.35,461.84,24.91,52.18,10.26,24.91,52.18,21.8,61.45,10.01,36.08,27.35,10.2,461.84,0.14,1.73,0.0
1645.0,2024-01-03,15:41:10,1645.0,27.27,23.83,56.13,10.35,461.48,24.91,52.18,10.26,24.91,52.18,21.8,61.45,10.01,36.08,27.35,10.2,461.48,0.14,1.72,0.0
1646.0,2024-01-03,15:41:11,1646.0,27.28,23.83,56.15,10.35,463.96,24.91,52.18,10.26,24.91,52.18,21.83,61.33,10.01,36.09,27.34,10.2,463.96,0.14,1.73,0.0
1647.0,2024-01-03,15:41:12,1647.0,27.28,23.83,56.15,10.35,466.44,24.91,52.18,10.26,24.91,52.18,21.83,61.33,10.01,36.09,27.34,10.2,466.44,0.14,1.74,0.0
1648.0,2024-01-03,15:41:13,1648.0,27.28,23.83,56.15,10.35,469.52,24.91,52.18,10.26,24.91,52.18,21.83,61.33,10.01,36.09,27.34,10.2,469.52,0.14,1.76,0.0
1649.0,2024-01-03,15:41:14,1649.0,27.28,23.83,56.15,10.35,470.51,24.91,52.18,10.26,24.91,52.18,21.83,61.33,10.01,36.09,27.34,10.2,470.51,0.14,1.76,0.0
1650.0,2024-01-03,15:41:15,1650.0,27.28,23.83,56.14,10.35,472.77,24.91,52.17,10.26,24.91,52.17,21.83,61.36,10.02,36.09,27.35,10.2,472.77,0.14,1.77,0.0
1651.0,2024-01-03,15:41:16,1651.0,27.28,23.83,56.14,10.35,473.53,24.91,52.17,10.26,24.91,52.17,21.83,61.36,10.02,36.09,27.35,10.2,473.53,0.14,1.77,0.0
1652.0,2024-01-03,15:41:17,1652.0,27.29,23.83,56.13,10.35,474.85,24.91,52.17,10.26,24.91,52.17,21.81,61.52,10.03,36.09,27.35,10.2,474.85,0.14,1.78,0.0
1653.0,2024-01-03,15:41:18,1653.0,27.29,23.83,56.13,10.35,476.27,24.91,52.17,10.26,24.91,52.17,21.81,61.52,10.03,36.09,27.35,10.2,476.27,0.14,1.78,0.0
1654.0,2024-01-03,15:41:19,1654.0,27.29,23.83,56.13,10.35,476.99,24.91,52.17,10.26,24.91,52.17,21.81,61.52,10.03,36.09,27.35,10.2,476.99,0.14,1.78,0.0
1655.0,2024-01-03,15:41:20,1655.0,27.29,23.83,56.13,10.35,477.3,24.91,52.17,10.26,24.91,52.17,21.81,61.52,10.03,36.09,27.35,10.2,477.3,0.14,1.79,0.0
1656.0,2024-01-03,15:41:21,1656.0,27.3,23.83,56.11,10.35,476.5,24.91,52.19,10.27,24.91,52.19,21.78,61.77,10.05,36.09,27.35,10.2,476.5,0.14,1.78,0.0
1657.0,2024-01-03,15:41:22,1657.0,27.3,23.83,56.11,10.35,475.75,24.91,52.19,10.27,24.91,52.19,21.78,61.77,10.05,36.09,27.35,10.2,475.75,0.14,1.78,0.0
1658.0,2024-01-03,15:41:23,1658.0,27.31,23.83,56.11,10.35,471.86,24.91,52.21,10.27,24.91,52.21,21.76,61.93,10.07,36.1,27.34,10.2,471.86,0.14,1.77,0.0
1659.0,2024-01-03,15:41:24,1659.0,27.31,23.83,56.11,10.35,470.9,24.91,52.21,10.27,24.91,52.21,21.76,61.93,10.07,36.1,27.34,10.2,470.9,0.14,1.76,0.0
1660.0,2024-01-03,15:41:25,1660.0,27.31,23.83,56.11,10.35,470.05,24.91,52.21,10.27,24.91,52.21,21.76,61.93,10.07,36.1,27.34,10.2,470.05,0.14,1.76,0.0
1661.0,2024-01-03,15:41:26,1661.0,27.31,23.83,56.11,10.35,470.06,24.91,52.21,10.27,24.91,52.21,21.76,61.93,10.07,36.1,27.34,10.2,470.06,0.14,1.76,0.0
1662.0,2024-01-03,15:41:27,1662.0,27.31,23.84,56.11,10.35,470.19,24.91,52.18,10.27,24.91,52.18,21.77,61.87,10.07,36.1,27.33,10.2,470.19,0.14,1.76,0.0
1663.0,2024-01-03,15:41:28,1663.0,27.31,23.84,56.11,10.35,470.44,24.91,52.18,10.27,24.91,52.18,21.77,61.87,10.07,36.1,27.33,10.2,470.44,0.14,1.76,0.0
1664.0,2024-01-03,15:41:29,1664.0,27.31,23.84,56.1,10.35,473.62,24.91,52.19,10.27,24.91,52.19,21.78,61.82,10.06,36.1,27.34,10.2,473.62,0.14,1.77,0.0
1665.0,2024-01-03,15:41:30,1665.0,27.31,23.84,56.1,10.35,474,24.91,52.19,10.27,24.91,52.19,21.78,61.82,10.06,36.1,27.34,10.2,474,0.14,1.77,0.0
1666.0,2024-01-03,15:41:31,1666.0,27.31,23.84,56.1,10.35,473.71,24.91,52.19,10.27,24.91,52.19,21.78,61.82,10.06,36.1,27.34,10.2,473.71,0.14,1.77,0.0
1667.0,2024-01-03,15:41:32,1667.0,27.31,23.84,56.1,10.35,471.06,24.91,52.19,10.27,24.91,52.19,21.78,61.82,10.06,36.1,27.34,10.2,471.06,0.14,1.76,0.0
1668.0,2024-01-03,15:41:33,1668.0,27.31,23.84,56.11,10.35,469.86,24.92,52.17,10.27,24.92,52.17,21.77,61.85,10.06,36.1,27.33,10.2,469.86,0.14,1.76,0.0
1669.0,2024-01-03,15:41:34,1669.0,27.31,23.84,56.11,10.35,471.63,24.92,52.17,10.27,24.92,52.17,21.77,61.85,10.06,36.1,27.33,10.2,471.63,0.14,1.77,0.0
1670.0,2024-01-03,15:41:35,1670.0,27.31,23.84,56.11,10.35,473.25,24.92,52.13,10.26,24.92,52.13,21.78,61.78,10.06,36.11,27.33,10.2,473.25,0.14,1.77,0.0
1671.0,2024-01-03,15:41:36,1671.0,27.31,23.84,56.11,10.35,473.41,24.92,52.13,10.26,24.92,52.13,21.78,61.78,10.06,36.11,27.33,10.2,473.41,0.14,1.77,0.0
1672.0,2024-01-03,15:41:37,1672.0,27.31,23.84,56.11,10.35,475.32,24.92,52.13,10.26,24.92,52.13,21.78,61.78,10.06,36.11,27.33,10.2,475.32,0.14,1.78,0.0
1673.0,2024-01-03,15:41:38,1673.0,27.31,23.84,56.11,10.35,476.93,24.92,52.13,10.26,24.92,52.13,21.78,61.78,10.06,36.11,27.33,10.2,476.93,0.14,1.79,0.0
1674.0,2024-01-03,15:41:39,1674.0,27.31,23.84,56.11,10.36,479.89,24.92,52.14,10.26,24.92,52.14,21.79,61.73,10.05,36.11,27.33,10.2,479.89,0.14,1.8,0.0
1675.0,2024-01-03,15:41:40,1675.0,27.31,23.84,56.11,10.36,478.3,24.92,52.14,10.26,24.92,52.14,21.79,61.73,10.05,36.11,27.33,10.2,478.3,0.14,1.79,0.0
1676.0,2024-01-03,15:41:41,1676.0,27.3,23.84,56.11,10.36,476.28,24.93,52.13,10.26,24.93,52.13,21.8,61.64,10.05,36.1,27.34,10.2,476.28,0.14,1.78,0.0
1677.0,2024-01-03,15:41:42,1677.0,27.3,23.84,56.11,10.36,476.25,24.93,52.13,10.26,24.93,52.13,21.8,61.64,10.05,36.1,27.34,10.2,476.25,0.14,1.78,0.0
1678.0,2024-01-03,15:41:43,1678.0,27.3,23.84,56.11,10.36,479.55,24.93,52.13,10.26,24.93,52.13,21.8,61.64,10.05,36.1,27.34,10.2,479.55,0.14,1.79,0.0
1679.0,2024-01-03,15:41:44,1679.0,27.3,23.84,56.11,10.36,480.31,24.93,52.13,10.26,24.93,52.13,21.8,61.64,10.05,36.1,27.34,10.2,480.31,0.14,1.8,0.0
1680.0,2024-01-03,15:41:45,1680.0,27.3,23.85,56.11,10.36,481.31,24.93,52.11,10.26,24.93,52.11,21.81,61.54,10.04,36.11,27.33,10.2,481.31,0.14,1.8,0.0
1681.0,2024-01-03,15:41:46,1681.0,27.3,23.85,56.11,10.36,479.86,24.93,52.11,10.26,24.93,52.11,21.81,61.54,10.04,36.11,27.33,10.2,479.86,0.14,1.8,0.0
1682.0,2024-01-03,15:41:47,1682.0,27.3,23.85,56.11,10.36,477.54,24.93,52.11,10.26,24.93,52.11,21.81,61.54,10.04,36.11,27.33,10.2,477.54,0.14,1.79,0.0
1683.0,2024-01-03,15:41:48,1683.0,27.3,23.85,56.11,10.36,473.24,24.93,52.12,10.26,24.93,52.12,21.83,61.37,10.02,36.11,27.33,10.2,473.24,0.14,1.77,0.0
1684.0,2024-01-03,15:41:49,1684.0,27.3,23.85,56.11,10.36,472.45,24.93,52.12,10.26,24.93,52.12,21.83,61.37,10.02,36.11,27.33,10.2,472.45,0.14,1.77,0.0
1685.0,2024-01-03,15:41:50,1685.0,27.3,23.85,56.11,10.36,469.55,24.94,52.1,10.26,24.94,52.1,21.85,61.28,10.01,36.11,27.33,10.2,469.55,0.13,1.76,0.0
1686.0,2024-01-03,15:41:51,1686.0,27.3,23.85,56.11,10.36,468.9,24.94,52.1,10.26,24.94,52.1,21.85,61.28,10.01,36.11,27.33,10.2,468.9,0.14,1.75,0.0
1687.0,2024-01-03,15:41:52,1687.0,27.3,23.85,56.11,10.36,470.1,24.94,52.1,10.26,24.94,52.1,21.85,61.28,10.01,36.11,27.33,10.2,470.1,0.14,1.76,0.0
1688.0,2024-01-03,15:41:53,1688.0,27.3,23.85,56.11,10.36,470.18,24.94,52.1,10.26,24.94,52.1,21.85,61.28,10.01,36.11,27.33,10.2,470.18,0.14,1.76,0.0
1689.0,2024-01-03,15:41:54,1689.0,27.3,23.85,56.1,10.36,468.73,24.94,52.08,10.26,24.94,52.08,21.86,61.22,10.01,36.11,27.33,10.2,468.73,0.13,1.75,0.0
1690.0,2024-01-03,15:41:55,1690.0,27.3,23.85,56.1,10.36,468.59,24.94,52.08,10.26,24.94,52.08,21.86,61.22,10.01,36.11,27.33,10.2,468.59,0.13,1.75,0.0
1691.0,2024-01-03,15:41:56,1691.0,27.3,23.85,56.09,10.36,472.42,24.94,52.07,10.26,24.94,52.07,21.84,61.26,10.01,36.12,27.32,10.2,472.42,0.14,1.77,0.0
1692.0,2024-01-03,15:41:57,1692.0,27.3,23.85,56.09,10.36,474.31,24.94,52.07,10.26,24.94,52.07,21.84,61.26,10.01,36.12,27.32,10.2,474.31,0.14,1.78,0.0
1693.0,2024-01-03,15:41:58,1693.0,27.3,23.85,56.09,10.36,476.55,24.94,52.07,10.26,24.94,52.07,21.84,61.26,10.01,36.12,27.32,10.2,476.55,0.14,1.78,0.0
1694.0,2024-01-03,15:41:59,1694.0,27.3,23.85,56.09,10.36,477.34,24.94,52.07,10.26,24.94,52.07,21.84,61.26,10.01,36.12,27.32,10.2,477.34,0.14,1.79,0.0
1695.0,2024-01-03,15:42:00,1695.0,27.3,23.86,56.06,10.35,478.27,24.94,52.07,10.26,24.94,52.07,21.79,61.55,10.02,36.12,27.32,10.2,478.27,0.14,1.79,0.0
1696.0,2024-01-03,15:42:01,1696.0,27.3,23.86,56.06,10.35,478.81,24.94,52.07,10.26,24.94,52.07,21.79,61.55,10.02,36.12,27.32,10.2,478.81,0.14,1.79,0.0
1697.0,2024-01-03,15:42:02,1697.0,27.3,23.86,56.06,10.35,478.92,24.94,52.09,10.27,24.94,52.09,21.73,61.88,10.04,36.12,27.32,10.2,478.92,0.14,1.79,0.0
1698.0,2024-01-03,15:42:03,1698.0,27.3,23.86,56.06,10.35,479.05,24.94,52.09,10.27,24.94,52.09,21.73,61.88,10.04,36.12,27.32,10.2,479.05,0.14,1.79,0.0
1699.0,2024-01-03,15:42:04,1699.0,27.3,23.86,56.06,10.35,480.79,24.94,52.09,10.27,24.94,52.09,21.73,61.88,10.04,36.12,27.32,10.2,480.79,0.14,1.8,0.0
1700.0,2024-01-03,15:42:05,1700.0,27.3,23.86,56.06,10.35,482.27,24.94,52.09,10.27,24.94,52.09,21.73,61.88,10.04,36.12,27.32,10.2,482.27,0.14,1.8,0.0
1701.0,2024-01-03,15:42:06,1701.0,27.3,23.86,56.05,10.36,482.37,24.94,52.09,10.27,24.94,52.09,21.67,62.16,10.05,36.12,27.32,10.2,482.37,0.14,1.81,0.0
1702.0,2024-01-03,15:42:07,1702.0,27.3,23.86,56.05,10.36,482.65,24.94,52.09,10.27,24.94,52.09,21.67,62.16,10.05,36.12,27.32,10.2,482.65,0.14,1.81,0.0
1703.0,2024-01-03,15:42:08,1703.0,27.3,23.86,56.04,10.35,486.9,24.94,52.1,10.27,24.94,52.1,21.63,62.39,10.07,36.12,27.32,10.21,486.9,0.14,1.82,0.0
1704.0,2024-01-03,15:42:09,1704.0,27.3,23.86,56.04,10.35,487.79,24.94,52.1,10.27,24.94,52.1,21.63,62.39,10.07,36.12,27.32,10.21,487.79,0.14,1.83,0.0
1705.0,2024-01-03,15:42:10,1705.0,27.3,23.86,56.04,10.35,487.39,24.94,52.1,10.27,24.94,52.1,21.63,62.39,10.07,36.12,27.32,10.21,487.39,0.14,1.82,0.0
1706.0,2024-01-03,15:42:11,1706.0,27.3,23.86,56.04,10.35,485.11,24.94,52.1,10.27,24.94,52.1,21.63,62.39,10.07,36.12,27.32,10.21,485.11,0.14,1.82,0.0
1707.0,2024-01-03,15:42:12,1707.0,27.3,23.86,56.02,10.35,483.88,24.95,52.1,10.27,24.95,52.1,21.61,62.5,10.07,36.12,27.32,10.21,483.88,0.14,1.81,0.0
1708.0,2024-01-03,15:42:13,1708.0,27.3,23.86,56.02,10.35,482.65,24.95,52.1,10.27,24.95,52.1,21.61,62.5,10.07,36.12,27.32,10.21,482.65,0.14,1.8,0.0
1709.0,2024-01-03,15:42:14,1709.0,27.3,23.87,56.04,10.36,476.62,24.95,52.08,10.27,24.95,52.08,21.6,62.6,10.08,36.12,27.34,10.21,476.62,0.14,1.78,0.0
1710.0,2024-01-03,15:42:15,1710.0,27.3,23.87,56.04,10.36,473.71,24.95,52.08,10.27,24.95,52.08,21.6,62.6,10.08,36.12,27.34,10.21,473.71,0.14,1.77,0.0
1711.0,2024-01-03,15:42:16,1711.0,27.3,23.87,56.04,10.36,471.16,24.95,52.08,10.27,24.95,52.08,21.6,62.6,10.08,36.12,27.34,10.21,471.16,0.14,1.76,0.0
1712.0,2024-01-03,15:42:17,1712.0,27.3,23.87,56.04,10.36,472.94,24.95,52.08,10.27,24.95,52.08,21.6,62.6,10.08,36.12,27.34,10.21,472.94,0.14,1.77,0.0
1713.0,2024-01-03,15:42:18,1713.0,27.3,23.87,56.03,10.35,474.6,24.95,52.07,10.27,24.95,52.07,21.62,62.49,10.07,36.12,27.34,10.21,474.6,0.14,1.77,0.0
1714.0,2024-01-03,15:42:19,1714.0,27.3,23.87,56.03,10.35,474.99,24.95,52.07,10.27,24.95,52.07,21.62,62.49,10.07,36.12,27.34,10.21,474.99,0.14,1.78,0.0
1715.0,2024-01-03,15:42:20,1715.0,27.3,23.87,56.03,10.35,475.45,24.95,52.07,10.27,24.95,52.07,21.62,62.49,10.07,36.12,27.34,10.21,475.45,0.14,1.78,0.0
1716.0,2024-01-03,15:42:21,1716.0,27.3,23.87,56.03,10.35,475.77,24.95,52.09,10.27,24.95,52.09,21.65,62.27,10.05,36.12,27.33,10.21,475.77,0.14,1.78,0.0
1717.0,2024-01-03,15:42:22,1717.0,27.3,23.87,56.03,10.35,473.89,24.95,52.09,10.27,24.95,52.09,21.65,62.27,10.05,36.12,27.33,10.21,473.89,0.14,1.77,0.0
1718.0,2024-01-03,15:42:23,1718.0,27.3,23.87,56.03,10.35,472.74,24.95,52.09,10.27,24.95,52.09,21.65,62.27,10.05,36.12,27.33,10.21,472.74,0.14,1.77,0.0
1719.0,2024-01-03,15:42:24,1719.0,27.3,23.87,56.03,10.36,472.58,24.96,52.08,10.27,24.96,52.08,21.68,62.08,10.04,36.12,27.32,10.2,472.58,0.14,1.76,0.0
1720.0,2024-01-03,15:42:25,1720.0,27.3,23.87,56.03,10.36,473.24,24.96,52.08,10.27,24.96,52.08,21.68,62.08,10.04,36.12,27.32,10.2,473.24,0.14,1.77,0.0
1721.0,2024-01-03,15:42:26,1721.0,27.3,23.87,56.03,10.36,473.21,24.96,52.08,10.27,24.96,52.08,21.68,62.08,10.04,36.12,27.32,10.2,473.21,0.14,1.77,0.0
1722.0,2024-01-03,15:42:27,1722.0,27.31,23.87,56.03,10.36,473.51,24.96,52.08,10.27,24.96,52.08,21.7,61.94,10.03,36.13,27.31,10.2,473.51,0.14,1.77,0.0
1723.0,2024-01-03,15:42:28,1723.0,27.31,23.87,56.03,10.36,473.55,24.96,52.08,10.27,24.96,52.08,21.7,61.94,10.03,36.13,27.31,10.2,473.55,0.14,1.77,0.0
1724.0,2024-01-03,15:42:29,1724.0,27.31,23.87,56.04,10.36,472.16,24.96,52.09,10.28,24.96,52.09,21.73,61.8,10.03,36.13,27.31,10.21,472.16,0.14,1.76,0.0
1725.0,2024-01-03,15:42:30,1725.0,27.31,23.87,56.04,10.36,471.67,24.96,52.09,10.28,24.96,52.09,21.73,61.8,10.03,36.13,27.31,10.21,471.67,0.14,1.76,0.0
1726.0,2024-01-03,15:42:31,1726.0,27.31,23.87,56.04,10.36,470.52,24.96,52.09,10.28,24.96,52.09,21.73,61.8,10.03,36.13,27.31,10.21,470.52,0.14,1.76,0.0
1727.0,2024-01-03,15:42:32,1727.0,27.31,23.87,56.04,10.36,469.83,24.96,52.09,10.28,24.96,52.09,21.73,61.8,10.03,36.13,27.31,10.21,469.83,0.14,1.76,0.0
1728.0,2024-01-03,15:42:33,1728.0,27.32,23.87,56.05,10.36,470.33,24.96,52.1,10.28,24.96,52.1,21.75,61.64,10.01,36.14,27.3,10.21,470.33,0.14,1.76,0.0
1729.0,2024-01-03,15:42:34,1729.0,27.32,23.87,56.05,10.36,473.56,24.96,52.1,10.28,24.96,52.1,21.75,61.64,10.01,36.14,27.3,10.21,473.56,0.14,1.77,0.0
1730.0,2024-01-03,15:42:35,1730.0,27.32,23.87,56.05,10.36,475.79,24.96,52.09,10.28,24.96,52.09,21.75,61.61,10.01,36.15,27.31,10.21,475.79,0.14,1.78,0.0
1731.0,2024-01-03,15:42:36,1731.0,27.32,23.87,56.05,10.36,476.09,24.96,52.09,10.28,24.96,52.09,21.75,61.61,10.01,36.15,27.31,10.21,476.09,0.14,1.78,0.0
1732.0,2024-01-03,15:42:37,1732.0,27.32,23.87,56.05,10.36,476.24,24.96,52.09,10.28,24.96,52.09,21.75,61.61,10.01,36.15,27.31,10.21,476.24,0.14,1.78,0.0
1733.0,2024-01-03,15:42:38,1733.0,27.32,23.87,56.05,10.36,476.27,24.96,52.09,10.28,24.96,52.09,21.75,61.61,10.01,36.15,27.31,10.21,476.27,0.14,1.78,0.0
1734.0,2024-01-03,15:42:39,1734.0,27.32,23.87,56.06,10.36,475.77,24.96,52.11,10.28,24.96,52.11,21.75,61.59,10.01,36.15,27.32,10.22,475.77,0.14,1.78,0.0
1735.0,2024-01-03,15:42:40,1735.0,27.32,23.87,56.06,10.36,475.49,24.96,52.11,10.28,24.96,52.11,21.75,61.59,10.01,36.15,27.32,10.22,475.49,0.14,1.78,0.0
1736.0,2024-01-03,15:42:41,1736.0,27.32,23.87,56.07,10.36,475.47,24.96,52.12,10.28,24.96,52.12,21.79,61.38,10,36.15,27.32,10.22,475.47,0.14,1.78,0.0
1737.0,2024-01-03,15:42:42,1737.0,27.32,23.87,56.07,10.36,475.28,24.96,52.12,10.28,24.96,52.12,21.79,61.38,10,36.15,27.32,10.22,475.28,0.14,1.78,0.0
1738.0,2024-01-03,15:42:43,1738.0,27.32,23.87,56.07,10.36,475.11,24.96,52.12,10.28,24.96,52.12,21.79,61.38,10,36.15,27.32,10.22,475.11,0.14,1.78,0.0
1739.0,2024-01-03,15:42:44,1739.0,27.32,23.87,56.07,10.36,474.97,24.96,52.12,10.28,24.96,52.12,21.79,61.38,10,36.15,27.32,10.22,474.97,0.14,1.78,0.0
1740.0,2024-01-03,15:42:45,1740.0,27.32,23.87,56.08,10.37,474.77,24.96,52.11,10.28,24.96,52.11,21.83,61.24,10,36.15,27.33,10.23,474.77,0.14,1.78,0.0
1741.0,2024-01-03,15:42:46,1741.0,27.32,23.87,56.08,10.37,475.91,24.96,52.11,10.28,24.96,52.11,21.83,61.24,10,36.15,27.33,10.23,475.91,0.14,1.79,0.0
1742.0,2024-01-03,15:42:47,1742.0,27.31,23.87,56.08,10.37,476.39,24.96,52.12,10.28,24.96,52.12,21.86,61.14,10,36.15,27.35,10.23,476.39,0.14,1.79,0.0
1743.0,2024-01-03,15:42:48,1743.0,27.31,23.87,56.08,10.37,476.24,24.96,52.12,10.28,24.96,52.12,21.86,61.14,10,36.15,27.35,10.23,476.24,0.14,1.79,0.0
1744.0,2024-01-03,15:42:49,1744.0,27.31,23.87,56.08,10.37,476.23,24.96,52.12,10.28,24.96,52.12,21.86,61.14,10,36.15,27.35,10.23,476.23,0.14,1.79,0.0
1745.0,2024-01-03,15:42:50,1745.0,27.31,23.87,56.08,10.37,477.32,24.96,52.12,10.28,24.96,52.12,21.86,61.14,10,36.15,27.35,10.23,477.32,0.14,1.79,0.0
1746.0,2024-01-03,15:42:51,1746.0,27.32,23.87,56.08,10.37,478.4,24.96,52.11,10.28,24.96,52.11,21.9,60.97,10,36.14,27.37,10.24,478.4,0.14,1.8,0.0
1747.0,2024-01-03,15:42:52,1747.0,27.32,23.87,56.08,10.37,478.42,24.96,52.11,10.28,24.96,52.11,21.9,60.97,10,36.14,27.37,10.24,478.42,0.14,1.8,0.0
1748.0,2024-01-03,15:42:53,1748.0,27.32,23.87,56.08,10.37,477.96,24.96,52.12,10.28,24.96,52.12,21.93,60.87,10,36.14,27.39,10.24,477.96,0.14,1.8,0.0
1749.0,2024-01-03,15:42:54,1749.0,27.32,23.87,56.08,10.37,478.6,24.96,52.12,10.28,24.96,52.12,21.93,60.87,10,36.14,27.39,10.24,478.6,0.14,1.8,0.0
1750.0,2024-01-03,15:42:55,1750.0,27.32,23.87,56.08,10.37,480.36,24.96,52.12,10.28,24.96,52.12,21.93,60.87,10,36.14,27.39,10.24,480.36,0.14,1.8,0.0
1751.0,2024-01-03,15:42:56,1751.0,27.32,23.87,56.08,10.37,480.67,24.96,52.12,10.28,24.96,52.12,21.93,60.87,10,36.14,27.39,10.24,480.67,0.14,1.81,0.0
1752.0,2024-01-03,15:42:57,1752.0,27.32,23.87,56.08,10.37,479.84,24.97,52.07,10.28,24.97,52.07,21.94,60.87,10,36.13,27.4,10.24,479.84,0.14,1.8,0.0
1753.0,2024-01-03,15:42:58,1753.0,27.32,23.87,56.08,10.37,478.45,24.97,52.07,10.28,24.97,52.07,21.94,60.87,10,36.13,27.4,10.24,478.45,0.14,1.8,0.0
1754.0,2024-01-03,15:42:59,1754.0,27.32,23.87,56.08,10.37,478.16,24.97,52.07,10.28,24.97,52.07,21.94,60.87,10,36.13,27.4,10.24,478.16,0.14,1.8,0.0
1755.0,2024-01-03,15:43:00,1755.0,27.33,23.87,56.09,10.37,475.3,24.97,52.06,10.28,24.97,52.06,21.94,60.9,10.01,36.13,27.4,10.24,475.3,0.14,1.79,0.0
1756.0,2024-01-03,15:43:01,1756.0,27.33,23.87,56.09,10.37,472.57,24.97,52.06,10.28,24.97,52.06,21.94,60.9,10.01,36.13,27.4,10.24,472.57,0.14,1.78,0.0
1757.0,2024-01-03,15:43:02,1757.0,27.33,23.87,56.08,10.37,470.56,24.98,52.04,10.28,24.98,52.04,21.9,61.16,10.03,36.13,27.4,10.24,470.56,0.14,1.77,0.0
1758.0,2024-01-03,15:43:03,1758.0,27.33,23.87,56.08,10.37,471.26,24.98,52.04,10.28,24.98,52.04,21.9,61.16,10.03,36.13,27.4,10.24,471.26,0.14,1.77,0.0
1759.0,2024-01-03,15:43:04,1759.0,27.33,23.87,56.08,10.37,472.44,24.98,52.04,10.28,24.98,52.04,21.9,61.16,10.03,36.13,27.4,10.24,472.44,0.14,1.78,0.0
1760.0,2024-01-03,15:43:05,1760.0,27.33,23.87,56.08,10.37,472.54,24.98,52.04,10.28,24.98,52.04,21.9,61.16,10.03,36.13,27.4,10.24,472.54,0.14,1.78,0.0
1761.0,2024-01-03,15:43:06,1761.0,27.34,23.87,56.08,10.37,472.45,24.98,52.04,10.28,24.98,52.04,21.85,61.44,10.04,36.13,27.4,10.24,472.45,0.14,1.78,0.0
1762.0,2024-01-03,15:43:07,1762.0,27.34,23.87,56.08,10.37,470.73,24.98,52.04,10.28,24.98,52.04,21.85,61.44,10.04,36.13,27.4,10.24,470.73,0.14,1.77,0.0
1763.0,2024-01-03,15:43:08,1763.0,27.35,23.87,56.1,10.37,468.91,24.98,52.03,10.28,24.98,52.03,21.8,61.69,10.05,36.13,27.41,10.25,468.91,0.14,1.76,0.0
1764.0,2024-01-03,15:43:09,1764.0,27.35,23.87,56.1,10.37,468.64,24.98,52.03,10.28,24.98,52.03,21.8,61.69,10.05,36.13,27.41,10.25,468.64,0.14,1.76,0.0
1765.0,2024-01-03,15:43:10,1765.0,27.35,23.87,56.1,10.37,469.86,24.98,52.03,10.28,24.98,52.03,21.8,61.69,10.05,36.13,27.41,10.25,469.86,0.14,1.77,0.0
1766.0,2024-01-03,15:43:11,1766.0,27.35,23.87,56.1,10.37,471.28,24.98,52.03,10.28,24.98,52.03,21.8,61.69,10.05,36.13,27.41,10.25,471.28,0.14,1.77,0.0
1767.0,2024-01-03,15:43:12,1767.0,27.35,23.88,56.07,10.37,473.72,24.98,52.04,10.28,24.98,52.04,21.76,61.9,10.06,36.13,27.41,10.25,473.72,0.14,1.78,0.0
1768.0,2024-01-03,15:43:13,1768.0,27.35,23.88,56.07,10.37,473.99,24.98,52.04,10.28,24.98,52.04,21.76,61.9,10.06,36.13,27.41,10.25,473.99,0.14,1.78,0.0
1769.0,2024-01-03,15:43:14,1769.0,27.34,23.88,56.08,10.37,473.7,24.98,52.05,10.28,24.98,52.05,21.73,62.04,10.07,36.13,27.43,10.25,473.7,0.14,1.78,0.0
1770.0,2024-01-03,15:43:15,1770.0,27.34,23.88,56.08,10.37,471.68,24.98,52.05,10.28,24.98,52.05,21.73,62.04,10.07,36.13,27.43,10.25,471.68,0.14,1.77,0.0
1771.0,2024-01-03,15:43:16,1771.0,27.34,23.88,56.08,10.37,468.68,24.98,52.05,10.28,24.98,52.05,21.73,62.04,10.07,36.13,27.43,10.25,468.68,0.14,1.76,0.0
1772.0,2024-01-03,15:43:17,1772.0,27.34,23.88,56.08,10.37,465.12,24.98,52.05,10.28,24.98,52.05,21.73,62.04,10.07,36.13,27.43,10.25,465.12,0.14,1.75,0.0
1773.0,2024-01-03,15:43:18,1773.0,27.34,23.88,56.07,10.37,464.24,24.98,52.06,10.28,24.98,52.06,21.71,62.07,10.06,36.12,27.44,10.25,464.24,0.14,1.74,0.0
1774.0,2024-01-03,15:43:19,1774.0,27.34,23.88,56.07,10.37,466.27,24.98,52.06,10.28,24.98,52.06,21.71,62.07,10.06,36.12,27.44,10.25,466.27,0.14,1.75,0.0
1775.0,2024-01-03,15:43:20,1775.0,27.34,23.88,56.08,10.37,468.9,24.98,52.08,10.29,24.98,52.08,21.71,62.1,10.07,36.12,27.43,10.25,468.9,0.14,1.76,0.0
1776.0,2024-01-03,15:43:21,1776.0,27.34,23.88,56.08,10.37,472.22,24.98,52.08,10.29,24.98,52.08,21.71,62.1,10.07,36.12,27.43,10.25,472.22,0.14,1.77,0.0
1777.0,2024-01-03,15:43:22,1777.0,27.34,23.88,56.08,10.37,476.74,24.98,52.08,10.29,24.98,52.08,21.71,62.1,10.07,36.12,27.43,10.25,476.74,0.14,1.79,0.0
1778.0,2024-01-03,15:43:23,1778.0,27.34,23.88,56.08,10.37,478.65,24.98,52.08,10.29,24.98,52.08,21.71,62.1,10.07,36.12,27.43,10.25,478.65,0.14,1.8,0.0
1779.0,2024-01-03,15:43:24,1779.0,27.34,23.88,56.08,10.37,480.95,24.98,52.08,10.29,24.98,52.08,21.71,62.08,10.06,36.12,27.43,10.25,480.95,0.14,1.8,0.0
1780.0,2024-01-03,15:43:25,1780.0,27.34,23.88,56.08,10.37,481.13,24.98,52.08,10.29,24.98,52.08,21.71,62.08,10.06,36.12,27.43,10.25,481.13,0.14,1.8,0.0
1781.0,2024-01-03,15:43:26,1781.0,27.33,23.88,56.07,10.37,480.94,24.98,52.07,10.29,24.98,52.07,21.72,62.05,10.06,36.13,27.42,10.24,480.94,0.14,1.8,0.0
1782.0,2024-01-03,15:43:27,1782.0,27.33,23.88,56.07,10.37,480.63,24.98,52.07,10.29,24.98,52.07,21.72,62.05,10.06,36.13,27.42,10.24,480.63,0.14,1.8,0.0
1783.0,2024-01-03,15:43:28,1783.0,27.33,23.88,56.07,10.37,478.06,24.98,52.07,10.29,24.98,52.07,21.72,62.05,10.06,36.13,27.42,10.24,478.06,0.14,1.79,0.0
1784.0,2024-01-03,15:43:29,1784.0,27.33,23.88,56.07,10.37,477.37,24.98,52.07,10.29,24.98,52.07,21.72,62.05,10.06,36.13,27.42,10.24,477.37,0.14,1.79,0.0
1785.0,2024-01-03,15:43:30,1785.0,27.33,23.88,56.07,10.37,477.02,24.99,52.06,10.29,24.99,52.06,21.74,61.91,10.05,36.13,27.41,10.24,477.02,0.14,1.79,0.0
1786.0,2024-01-03,15:43:31,1786.0,27.33,23.88,56.07,10.37,476.26,24.99,52.06,10.29,24.99,52.06,21.74,61.91,10.05,36.13,27.41,10.24,476.26,0.14,1.78,0.0
1787.0,2024-01-03,15:43:32,1787.0,27.33,23.88,56.06,10.37,475.13,24.99,52.05,10.29,24.99,52.05,21.75,61.91,10.06,36.13,27.39,10.24,475.13,0.14,1.78,0.0
1788.0,2024-01-03,15:43:33,1788.0,27.33,23.88,56.06,10.37,475.04,24.99,52.05,10.29,24.99,52.05,21.75,61.91,10.06,36.13,27.39,10.24,475.04,0.14,1.78,0.0
1789.0,2024-01-03,15:43:34,1789.0,27.33,23.88,56.06,10.37,474.62,24.99,52.05,10.29,24.99,52.05,21.75,61.91,10.06,36.13,27.39,10.24,474.62,0.14,1.78,0.0
1790.0,2024-01-03,15:43:35,1790.0,27.33,23.88,56.06,10.37,474.66,24.99,52.05,10.29,24.99,52.05,21.75,61.91,10.06,36.13,27.39,10.24,474.66,0.14,1.78,0.0
1791.0,2024-01-03,15:43:36,1791.0,27.33,23.88,56.07,10.37,474.84,25,52.02,10.28,25,52.02,21.75,61.89,10.05,36.13,27.38,10.24,474.84,0.14,1.78,0.0
1792.0,2024-01-03,15:43:37,1792.0,27.33,23.88,56.07,10.37,476.25,25,52.02,10.28,25,52.02,21.75,61.89,10.05,36.13,27.38,10.24,476.25,0.14,1.78,0.0
1793.0,2024-01-03,15:43:38,1793.0,27.33,23.88,56.07,10.37,478.58,25,52.02,10.28,25,52.02,21.75,61.89,10.05,36.13,27.38,10.24,478.58,0.15,1.79,0.0
1794.0,2024-01-03,15:43:39,1794.0,27.34,23.88,56.07,10.37,479.73,25,52.02,10.29,25,52.02,21.77,61.76,10.04,36.14,27.38,10.24,479.73,0.15,1.79,0.0
1795.0,2024-01-03,15:43:40,1795.0,27.34,23.88,56.07,10.37,479.25,25,52.02,10.29,25,52.02,21.77,61.76,10.04,36.14,27.38,10.24,479.25,0.15,1.79,0.0
1796.0,2024-01-03,15:43:41,1796.0,27.34,23.88,56.06,10.37,478.95,25,52.02,10.29,25,52.02,21.78,61.67,10.04,36.14,27.38,10.24,478.95,0.15,1.79,0.0
1797.0,2024-01-03,15:43:42,1797.0,27.34,23.88,56.06,10.37,478.74,25,52.02,10.29,25,52.02,21.78,61.67,10.04,36.14,27.38,10.24,478.74,0.15,1.79,0.0
1798.0,2024-01-03,15:43:43,1798.0,27.34,23.88,56.06,10.37,476.99,25,52.02,10.29,25,52.02,21.78,61.67,10.04,36.14,27.38,10.24,476.99,0.15,1.79,0.0
1799.0,2024-01-03,15:43:44,1799.0,27.34,23.88,56.06,10.37,476.24,25,52.02,10.29,25,52.02,21.78,61.67,10.04,36.14,27.38,10.24,476.24,0.14,1.78,0.0
1800.0,2024-01-03,15:43:45,1800.0,27.34,23.89,56.05,10.37,473.23,25,52.01,10.29,25,52.01,21.78,61.63,10.03,36.15,27.37,10.24,473.23,0.15,1.77,0.0
1801.0,2024-01-03,15:43:46,1801.0,27.34,23.89,56.05,10.37,471.8,25,52.01,10.29,25,52.01,21.78,61.63,10.03,36.15,27.37,10.24,471.8,0.15,1.77,0.0
1802.0,2024-01-03,15:43:47,1802.0,27.34,23.89,56.06,10.37,471.3,25.01,52,10.29,25.01,52,21.78,61.63,10.03,36.15,27.38,10.24,471.3,0.15,1.77,0.0
1803.0,2024-01-03,15:43:48,1803.0,27.34,23.89,56.06,10.37,471.35,25.01,52,10.29,25.01,52,21.78,61.63,10.03,36.15,27.38,10.24,471.35,0.14,1.77,0.0
1804.0,2024-01-03,15:43:49,1804.0,27.34,23.89,56.06,10.37,474.97,25.01,52,10.29,25.01,52,21.78,61.63,10.03,36.15,27.38,10.24,474.97,0.15,1.78,0.0
1805.0,2024-01-03,15:43:50,1805.0,27.34,23.89,56.06,10.37,476.2,25.01,52,10.29,25.01,52,21.78,61.63,10.03,36.15,27.38,10.24,476.2,0.15,1.79,0.0
1806.0,2024-01-03,15:43:51,1806.0,27.34,23.89,56.05,10.37,477.18,25.01,51.99,10.29,25.01,51.99,21.78,61.57,10.02,36.15,27.4,10.25,477.18,0.15,1.79,0.0
1807.0,2024-01-03,15:43:52,1807.0,27.34,23.89,56.05,10.37,477.21,25.01,51.99,10.29,25.01,51.99,21.78,61.57,10.02,36.15,27.4,10.25,477.21,0.15,1.79,0.0
1808.0,2024-01-03,15:43:53,1808.0,27.35,23.89,56.07,10.38,475,25,52.02,10.29,25,52.02,21.8,61.44,10.01,36.15,27.4,10.25,475,0.15,1.78,0.0
1809.0,2024-01-03,15:43:54,1809.0,27.35,23.89,56.07,10.38,474.36,25,52.02,10.29,25,52.02,21.8,61.44,10.01,36.15,27.4,10.25,474.36,0.14,1.78,0.0
1810.0,2024-01-03,15:43:55,1810.0,27.35,23.89,56.07,10.38,471.47,25,52.02,10.29,25,52.02,21.8,61.44,10.01,36.15,27.4,10.25,471.47,0.14,1.77,0.0
1811.0,2024-01-03,15:43:56,1811.0,27.35,23.89,56.07,10.38,471.48,25,52.02,10.29,25,52.02,21.8,61.44,10.01,36.15,27.4,10.25,471.48,0.14,1.77,0.0
1812.0,2024-01-03,15:43:57,1812.0,27.35,23.89,56.08,10.38,472.59,25.01,52.02,10.29,25.01,52.02,21.8,61.42,10.01,36.16,27.38,10.25,472.59,0.14,1.77,0.0
1813.0,2024-01-03,15:43:58,1813.0,27.35,23.89,56.08,10.38,474.01,25.01,52.02,10.29,25.01,52.02,21.8,61.42,10.01,36.16,27.38,10.25,474.01,0.14,1.78,0.0
1814.0,2024-01-03,15:43:59,1814.0,27.36,23.89,56.08,10.38,474.96,25.01,52.04,10.3,25.01,52.04,21.8,61.47,10.02,36.16,27.37,10.25,474.96,0.14,1.78,0.0
1815.0,2024-01-03,15:44:00,1815.0,27.36,23.89,56.08,10.38,474.61,25.01,52.04,10.3,25.01,52.04,21.8,61.47,10.02,36.16,27.37,10.25,474.61,0.15,1.78,0.0
1816.0,2024-01-03,15:44:01,1816.0,27.36,23.89,56.08,10.38,472.46,25.01,52.04,10.3,25.01,52.04,21.8,61.47,10.02,36.16,27.37,10.25,472.46,0.15,1.77,0.0
1817.0,2024-01-03,15:44:02,1817.0,27.36,23.89,56.08,10.38,471.93,25.01,52.04,10.3,25.01,52.04,21.8,61.47,10.02,36.16,27.37,10.25,471.93,0.15,1.77,0.0
1818.0,2024-01-03,15:44:03,1818.0,27.35,23.89,56.11,10.39,470.86,25.01,52.07,10.3,25.01,52.07,21.8,61.56,10.03,36.16,27.38,10.25,470.86,0.14,1.76,0.0
1819.0,2024-01-03,15:44:04,1819.0,27.35,23.89,56.11,10.39,469.9,25.01,52.07,10.3,25.01,52.07,21.8,61.56,10.03,36.16,27.38,10.25,469.9,0.14,1.76,0.0
1820.0,2024-01-03,15:44:05,1820.0,27.35,23.89,56.11,10.39,469.91,25,52.06,10.3,25,52.06,21.8,61.7,10.05,36.16,27.38,10.25,469.91,0.14,1.76,0.0
1821.0,2024-01-03,15:44:06,1821.0,27.35,23.89,56.11,10.39,469.86,25,52.06,10.3,25,52.06,21.8,61.7,10.05,36.16,27.38,10.25,469.86,0.14,1.76,0.0
1822.0,2024-01-03,15:44:07,1822.0,27.35,23.89,56.11,10.39,468.57,25,52.06,10.3,25,52.06,21.8,61.7,10.05,36.16,27.38,10.25,468.57,0.14,1.76,0.0
1823.0,2024-01-03,15:44:08,1823.0,27.35,23.89,56.11,10.39,467.18,25,52.06,10.3,25,52.06,21.8,61.7,10.05,36.16,27.38,10.25,467.18,0.14,1.75,0.0
1824.0,2024-01-03,15:44:09,1824.0,27.36,23.89,56.09,10.38,467.18,25,52.09,10.3,25,52.09,21.78,61.91,10.08,36.16,27.39,10.25,467.18,0.14,1.75,0.0
1825.0,2024-01-03,15:44:10,1825.0,27.36,23.89,56.09,10.38,467.17,25,52.09,10.3,25,52.09,21.78,61.91,10.08,36.16,27.39,10.25,467.17,0.14,1.75,0.0
1826.0,2024-01-03,15:44:11,1826.0,27.36,23.89,56.09,10.38,467.31,25,52.09,10.3,25,52.09,21.78,61.91,10.08,36.16,27.39,10.25,467.31,0.14,1.75,0.0
1827.0,2024-01-03,15:44:12,1827.0,27.36,23.89,56.08,10.38,468.44,25,52.06,10.3,25,52.06,21.79,61.94,10.09,36.16,27.39,10.25,468.44,0.14,1.76,0.0
1828.0,2024-01-03,15:44:13,1828.0,27.36,23.89,56.08,10.38,471.18,25,52.06,10.3,25,52.06,21.79,61.94,10.09,36.16,27.39,10.25,471.18,0.14,1.77,0.0
1829.0,2024-01-03,15:44:14,1829.0,27.37,23.89,56.08,10.38,474.46,25,52.08,10.3,25,52.08,21.82,61.88,10.1,36.16,27.38,10.25,474.46,0.14,1.78,0.0
1830.0,2024-01-03,15:44:15,1830.0,27.37,23.89,56.08,10.38,476.59,25,52.08,10.3,25,52.08,21.82,61.88,10.1,36.16,27.38,10.25,476.59,0.15,1.79,0.0
1831.0,2024-01-03,15:44:16,1831.0,27.37,23.89,56.08,10.38,477.83,25,52.08,10.3,25,52.08,21.82,61.88,10.1,36.16,27.38,10.25,477.83,0.15,1.79,0.0
1832.0,2024-01-03,15:44:17,1832.0,27.37,23.89,56.08,10.38,478.16,25,52.08,10.3,25,52.08,21.82,61.88,10.1,36.16,27.38,10.25,478.16,0.15,1.79,0.0
1833.0,2024-01-03,15:44:18,1833.0,27.37,23.89,56.09,10.38,478.59,25,52.08,10.3,25,52.08,21.83,61.84,10.1,36.17,27.37,10.25,478.59,0.15,1.8,0.0
1834.0,2024-01-03,15:44:19,1834.0,27.37,23.89,56.09,10.38,478.79,25,52.08,10.3,25,52.08,21.83,61.84,10.1,36.17,27.37,10.25,478.79,0.15,1.8,0.0
1835.0,2024-01-03,15:44:20,1835.0,27.38,23.9,56.08,10.38,475.61,25.01,52.08,10.31,25.01,52.08,21.83,61.89,10.1,36.18,27.37,10.26,475.61,0.15,1.78,0.0
1836.0,2024-01-03,15:44:21,1836.0,27.38,23.9,56.08,10.38,473.83,25.01,52.08,10.31,25.01,52.08,21.83,61.89,10.1,36.18,27.37,10.26,473.83,0.15,1.78,0.0
1837.0,2024-01-03,15:44:22,1837.0,27.38,23.9,56.08,10.38,472.13,25.01,52.08,10.31,25.01,52.08,21.83,61.89,10.1,36.18,27.37,10.26,472.13,0.15,1.77,0.0
1838.0,2024-01-03,15:44:23,1838.0,27.38,23.9,56.08,10.38,471.18,25.01,52.08,10.31,25.01,52.08,21.83,61.89,10.1,36.18,27.37,10.26,471.18,0.15,1.77,0.0
1839.0,2024-01-03,15:44:24,1839.0,27.38,23.9,56.1,10.39,471.97,25.01,52.04,10.3,25.01,52.04,21.82,61.92,10.1,36.18,27.37,10.26,471.97,0.14,1.77,0.0
1840.0,2024-01-03,15:44:25,1840.0,27.38,23.9,56.1,10.39,473.37,25.01,52.04,10.3,25.01,52.04,21.82,61.92,10.1,36.18,27.37,10.26,473.37,0.14,1.78,0.0
1841.0,2024-01-03,15:44:26,1841.0,27.38,23.9,56.1,10.39,473.77,25.01,52.04,10.3,25.01,52.04,21.82,61.92,10.1,36.18,27.37,10.26,473.77,0.14,1.78,0.0
1842.0,2024-01-03,15:44:27,1842.0,27.38,23.9,56.11,10.39,473.6,25.01,52.06,10.3,25.01,52.06,21.8,62.03,10.11,36.18,27.38,10.26,473.6,0.14,1.78,0.0
1843.0,2024-01-03,15:44:28,1843.0,27.38,23.9,56.11,10.39,473.27,25.01,52.06,10.3,25.01,52.06,21.8,62.03,10.11,36.18,27.38,10.26,473.27,0.14,1.78,0.0
1844.0,2024-01-03,15:44:29,1844.0,27.39,23.9,56.1,10.39,469.12,25.01,52.06,10.3,25.01,52.06,21.77,62.18,10.12,36.19,27.38,10.26,469.12,0.14,1.76,0.0
1845.0,2024-01-03,15:44:30,1845.0,27.39,23.9,56.1,10.39,468.02,25.01,52.06,10.3,25.01,52.06,21.77,62.18,10.12,36.19,27.38,10.26,468.02,0.14,1.76,0.0
1846.0,2024-01-03,15:44:31,1846.0,27.39,23.9,56.1,10.39,467.18,25.01,52.06,10.3,25.01,52.06,21.77,62.18,10.12,36.19,27.38,10.26,467.18,0.14,1.76,0.0
1847.0,2024-01-03,15:44:32,1847.0,27.39,23.9,56.1,10.39,467.45,25.01,52.06,10.3,25.01,52.06,21.77,62.18,10.12,36.19,27.38,10.26,467.45,0.14,1.76,0.0
1848.0,2024-01-03,15:44:33,1848.0,27.38,23.9,56.12,10.39,469.45,25.01,52.09,10.31,25.01,52.09,21.76,62.19,10.11,36.19,27.38,10.27,469.45,0.14,1.76,0.0
1849.0,2024-01-03,15:44:34,1849.0,27.38,23.9,56.12,10.39,469.89,25.01,52.09,10.31,25.01,52.09,21.76,62.19,10.11,36.19,27.38,10.27,469.89,0.15,1.77,0.0
1850.0,2024-01-03,15:44:35,1850.0,27.38,23.9,56.12,10.39,469.78,25.02,52.07,10.31,25.02,52.07,21.76,62.13,10.1,36.19,27.39,10.27,469.78,0.15,1.77,0.0
1851.0,2024-01-03,15:44:36,1851.0,27.38,23.9,56.12,10.39,469.72,25.02,52.07,10.31,25.02,52.07,21.76,62.13,10.1,36.19,27.39,10.27,469.72,0.15,1.77,0.0
1852.0,2024-01-03,15:44:37,1852.0,27.38,23.9,56.12,10.39,472.12,25.02,52.07,10.31,25.02,52.07,21.76,62.13,10.1,36.19,27.39,10.27,472.12,0.15,1.77,0.0
1853.0,2024-01-03,15:44:38,1853.0,27.38,23.9,56.12,10.39,474.32,25.02,52.07,10.31,25.02,52.07,21.76,62.13,10.1,36.19,27.39,10.27,474.32,0.15,1.78,0.0
1854.0,2024-01-03,15:44:39,1854.0,27.38,23.9,56.11,10.39,476.27,25.02,52.07,10.31,25.02,52.07,21.75,62.14,10.09,36.18,27.4,10.27,476.27,0.15,1.79,0.0
1855.0,2024-01-03,15:44:40,1855.0,27.38,23.9,56.11,10.39,476.44,25.02,52.07,10.31,25.02,52.07,21.75,62.14,10.09,36.18,27.4,10.27,476.44,0.15,1.79,0.0
1856.0,2024-01-03,15:44:41,1856.0,27.39,23.9,56.12,10.39,477.35,25.02,52.07,10.31,25.02,52.07,21.74,62.13,10.09,36.18,27.41,10.27,477.35,0.15,1.79,0.0
1857.0,2024-01-03,15:44:42,1857.0,27.39,23.9,56.12,10.39,478.02,25.02,52.07,10.31,25.02,52.07,21.74,62.13,10.09,36.18,27.41,10.27,478.02,0.15,1.8,0.0
1858.0,2024-01-03,15:44:43,1858.0,27.39,23.9,56.12,10.39,475.22,25.02,52.07,10.31,25.02,52.07,21.74,62.13,10.09,36.18,27.41,10.27,475.22,0.15,1.79,0.0
1859.0,2024-01-03,15:44:44,1859.0,27.39,23.9,56.12,10.39,474.01,25.02,52.07,10.31,25.02,52.07,21.74,62.13,10.09,36.18,27.41,10.27,474.01,0.15,1.78,0.0
1860.0,2024-01-03,15:44:45,1860.0,27.4,23.9,56.13,10.39,471.14,25.02,52.04,10.31,25.02,52.04,21.74,62.1,10.09,36.18,27.41,10.27,471.14,0.15,1.77,0.0
1861.0,2024-01-03,15:44:46,1861.0,27.4,23.9,56.13,10.39,469.56,25.02,52.04,10.31,25.02,52.04,21.74,62.1,10.09,36.18,27.41,10.27,469.56,0.15,1.76,0.0
1862.0,2024-01-03,15:44:47,1862.0,27.4,23.9,56.13,10.39,469.25,25.03,52.05,10.31,25.03,52.05,21.76,61.96,10.07,36.18,27.4,10.27,469.25,0.15,1.76,0.0
1863.0,2024-01-03,15:44:48,1863.0,27.4,23.9,56.13,10.39,469.43,25.03,52.05,10.31,25.03,52.05,21.76,61.96,10.07,36.18,27.4,10.27,469.43,0.15,1.76,0.0
1864.0,2024-01-03,15:44:49,1864.0,27.4,23.9,56.13,10.39,470.2,25.03,52.05,10.31,25.03,52.05,21.76,61.96,10.07,36.18,27.4,10.27,470.2,0.15,1.76,0.0
1865.0,2024-01-03,15:44:50,1865.0,27.4,23.9,56.13,10.39,472.11,25.03,52.05,10.31,25.03,52.05,21.76,61.96,10.07,36.18,27.4,10.27,472.11,0.15,1.77,0.0
1866.0,2024-01-03,15:44:51,1866.0,27.41,23.9,56.14,10.39,472.1,25.03,52,10.3,25.03,52,21.79,61.79,10.06,36.18,27.4,10.27,472.1,0.15,1.77,0.0
1867.0,2024-01-03,15:44:52,1867.0,27.41,23.9,56.14,10.39,470.35,25.03,52,10.3,25.03,52,21.79,61.79,10.06,36.18,27.4,10.27,470.35,0.14,1.77,0.0
1868.0,2024-01-03,15:44:53,1868.0,27.41,23.9,56.14,10.39,470.35,25.03,52,10.3,25.03,52,21.79,61.79,10.06,36.18,27.4,10.27,470.35,0.14,1.77,0.0
1869.0,2024-01-03,15:44:54,1869.0,27.41,23.9,56.16,10.4,471.19,25.04,52.01,10.31,25.04,52.01,21.81,61.65,10.06,36.18,27.41,10.27,471.19,0.15,1.77,0.0
1870.0,2024-01-03,15:44:55,1870.0,27.41,23.9,56.16,10.4,472.12,25.04,52.01,10.31,25.04,52.01,21.81,61.65,10.06,36.18,27.41,10.27,472.12,0.15,1.77,0.0
1871.0,2024-01-03,15:44:56,1871.0,27.42,23.9,56.16,10.4,474.78,25.04,52,10.31,25.04,52,21.85,61.4,10.04,36.18,27.42,10.27,474.78,0.15,1.78,0.0
1872.0,2024-01-03,15:44:57,1872.0,27.42,23.9,56.16,10.4,475.3,25.04,52,10.31,25.04,52,21.85,61.4,10.04,36.18,27.42,10.27,475.3,0.15,1.78,0.0
1873.0,2024-01-03,15:44:58,1873.0,27.42,23.9,56.16,10.4,476.1,25.04,52,10.31,25.04,52,21.85,61.4,10.04,36.18,27.42,10.27,476.1,0.15,1.79,0.0
1874.0,2024-01-03,15:44:59,1874.0,27.42,23.9,56.16,10.4,475.78,25.04,52,10.31,25.04,52,21.85,61.4,10.04,36.18,27.42,10.27,475.78,0.15,1.78,0.0
1875.0,2024-01-03,15:45:00,1875.0,27.42,23.9,56.15,10.4,476.44,25.04,51.99,10.31,25.04,51.99,21.88,61.28,10.03,36.18,27.41,10.27,476.44,0.15,1.79,0.0
1876.0,2024-01-03,15:45:01,1876.0,27.42,23.9,56.15,10.4,476.4,25.04,51.99,10.31,25.04,51.99,21.88,61.28,10.03,36.18,27.41,10.27,476.4,0.15,1.79,0.0
1877.0,2024-01-03,15:45:02,1877.0,27.43,23.9,56.15,10.4,474.47,25.04,51.99,10.31,25.04,51.99,21.87,61.33,10.04,36.18,27.4,10.27,474.47,0.15,1.78,0.0
1878.0,2024-01-03,15:45:03,1878.0,27.43,23.9,56.15,10.4,472.57,25.04,51.99,10.31,25.04,51.99,21.87,61.33,10.04,36.18,27.4,10.27,472.57,0.14,1.77,0.0
1879.0,2024-01-03,15:45:04,1879.0,27.43,23.9,56.15,10.4,472.9,25.04,51.99,10.31,25.04,51.99,21.87,61.33,10.04,36.18,27.4,10.27,472.9,0.14,1.77,0.0
1880.0,2024-01-03,15:45:05,1880.0,27.43,23.9,56.15,10.4,476.92,25.04,51.99,10.31,25.04,51.99,21.87,61.33,10.04,36.18,27.4,10.27,476.92,0.15,1.79,0.0
1881.0,2024-01-03,15:45:06,1881.0,27.43,23.9,56.14,10.4,477.62,25.04,52,10.31,25.04,52,21.85,61.42,10.04,36.18,27.39,10.27,477.62,0.15,1.79,0.0
1882.0,2024-01-03,15:45:07,1882.0,27.43,23.9,56.14,10.4,476.21,25.04,52,10.31,25.04,52,21.85,61.42,10.04,36.18,27.39,10.27,476.21,0.15,1.78,0.0
1883.0,2024-01-03,15:45:08,1883.0,27.43,23.9,56.14,10.4,475.04,25.04,52,10.31,25.04,52,21.85,61.42,10.04,36.18,27.39,10.27,475.04,0.15,1.78,0.0
1884.0,2024-01-03,15:45:09,1884.0,27.43,23.91,56.13,10.4,471.91,25.05,51.97,10.31,25.05,51.97,21.84,61.49,10.04,36.19,27.38,10.26,471.91,0.15,1.77,0.0
1885.0,2024-01-03,15:45:10,1885.0,27.43,23.91,56.13,10.4,470.7,25.05,51.97,10.31,25.05,51.97,21.84,61.49,10.04,36.19,27.38,10.26,470.7,0.15,1.76,0.0
1886.0,2024-01-03,15:45:11,1886.0,27.43,23.91,56.12,10.4,470.72,25.05,51.96,10.3,25.05,51.96,21.83,61.5,10.04,36.19,27.38,10.27,470.72,0.15,1.76,0.0
1887.0,2024-01-03,15:45:12,1887.0,27.43,23.91,56.12,10.4,471.47,25.05,51.96,10.3,25.05,51.96,21.83,61.5,10.04,36.19,27.38,10.27,471.47,0.14,1.77,0.0
1888.0,2024-01-03,15:45:13,1888.0,27.43,23.91,56.12,10.4,473.36,25.05,51.96,10.3,25.05,51.96,21.83,61.5,10.04,36.19,27.38,10.27,473.36,0.15,1.77,0.0
1889.0,2024-01-03,15:45:14,1889.0,27.43,23.91,56.12,10.4,472.9,25.05,51.96,10.3,25.05,51.96,21.83,61.5,10.04,36.19,27.38,10.27,472.9,0.15,1.77,0.0
1890.0,2024-01-03,15:45:15,1890.0,27.43,23.91,56.11,10.4,471.5,25.05,51.95,10.3,25.05,51.95,21.86,61.32,10.03,36.2,27.37,10.27,471.5,0.14,1.77,0.0
1891.0,2024-01-03,15:45:16,1891.0,27.43,23.91,56.11,10.4,471.16,25.05,51.95,10.3,25.05,51.95,21.86,61.32,10.03,36.2,27.37,10.27,471.16,0.14,1.77,0.0
1892.0,2024-01-03,15:45:17,1892.0,27.44,23.91,56.1,10.4,469.89,25.05,51.96,10.31,25.05,51.96,21.87,61.19,10.02,36.2,27.36,10.27,469.89,0.14,1.76,0.0
1893.0,2024-01-03,15:45:18,1893.0,27.44,23.91,56.1,10.4,470.07,25.05,51.96,10.31,25.05,51.96,21.87,61.19,10.02,36.2,27.36,10.27,470.07,0.15,1.76,0.0
1894.0,2024-01-03,15:45:19,1894.0,27.44,23.91,56.1,10.4,471.85,25.05,51.96,10.31,25.05,51.96,21.87,61.19,10.02,36.2,27.36,10.27,471.85,0.15,1.77,0.0
1895.0,2024-01-03,15:45:20,1895.0,27.44,23.91,56.1,10.4,472.3,25.05,51.96,10.31,25.05,51.96,21.87,61.19,10.02,36.2,27.36,10.27,472.3,0.15,1.77,0.0
1896.0,2024-01-03,15:45:21,1896.0,27.44,23.92,56.09,10.4,472.95,25.05,51.95,10.31,25.05,51.95,21.87,61.23,10.02,36.21,27.35,10.26,472.95,0.14,1.78,0.0
1897.0,2024-01-03,15:45:22,1897.0,27.44,23.92,56.09,10.4,473.34,25.05,51.95,10.31,25.05,51.95,21.87,61.23,10.02,36.21,27.35,10.26,473.34,0.15,1.78,0.0
1898.0,2024-01-03,15:45:23,1898.0,27.44,23.92,56.08,10.4,474.2,25.05,51.96,10.31,25.05,51.96,21.85,61.29,10.02,36.21,27.35,10.26,474.2,0.15,1.78,0.0
1899.0,2024-01-03,15:45:24,1899.0,27.44,23.92,56.08,10.4,474.53,25.05,51.96,10.31,25.05,51.96,21.85,61.29,10.02,36.21,27.35,10.26,474.53,0.15,1.78,0.0
1900.0,2024-01-03,15:45:25,1900.0,27.44,23.92,56.08,10.4,475.91,25.05,51.96,10.31,25.05,51.96,21.85,61.29,10.02,36.21,27.35,10.26,475.91,0.15,1.78,0.0
1901.0,2024-01-03,15:45:26,1901.0,27.44,23.92,56.08,10.4,477.36,25.05,51.96,10.31,25.05,51.96,21.85,61.29,10.02,36.21,27.35,10.26,477.36,0.15,1.79,0.0
1902.0,2024-01-03,15:45:27,1902.0,27.43,23.92,56.08,10.4,477.52,25.05,51.96,10.31,25.05,51.96,21.84,61.32,10.02,36.21,27.34,10.26,477.52,0.15,1.79,0.0
1903.0,2024-01-03,15:45:28,1903.0,27.43,23.92,56.08,10.4,479.71,25.05,51.96,10.31,25.05,51.96,21.84,61.32,10.02,36.21,27.34,10.26,479.71,0.15,1.8,0.0
1904.0,2024-01-03,15:45:29,1904.0,27.42,23.92,56.07,10.4,481.53,25.06,51.94,10.31,25.06,51.94,21.83,61.33,10.02,36.21,27.33,10.26,481.53,0.15,1.8,0.0
1905.0,2024-01-03,15:45:30,1905.0,27.42,23.92,56.07,10.4,480.19,25.06,51.94,10.31,25.06,51.94,21.83,61.33,10.02,36.21,27.33,10.26,480.19,0.15,1.8,0.0
1906.0,2024-01-03,15:45:31,1906.0,27.42,23.92,56.07,10.4,478.79,25.06,51.94,10.31,25.06,51.94,21.83,61.33,10.02,36.21,27.33,10.26,478.79,0.15,1.79,0.0
1907.0,2024-01-03,15:45:32,1907.0,27.42,23.92,56.07,10.4,478,25.06,51.94,10.31,25.06,51.94,21.83,61.33,10.02,36.21,27.33,10.26,478,0.15,1.79,0.0
1908.0,2024-01-03,15:45:33,1908.0,27.42,23.92,56.07,10.4,475.39,25.06,51.93,10.31,25.06,51.93,21.83,61.33,10.01,36.21,27.32,10.25,475.39,0.15,1.78,0.0
1909.0,2024-01-03,15:45:34,1909.0,27.42,23.92,56.07,10.4,472.46,25.06,51.93,10.31,25.06,51.93,21.83,61.33,10.01,36.21,27.32,10.25,472.46,0.14,1.77,0.0
1910.0,2024-01-03,15:45:35,1910.0,27.41,23.93,56.04,10.39,472.93,25.06,51.91,10.3,25.06,51.91,21.82,61.36,10.01,36.21,27.31,10.25,472.93,0.15,1.77,0.0
1911.0,2024-01-03,15:45:36,1911.0,27.41,23.93,56.04,10.39,476.42,25.06,51.91,10.3,25.06,51.91,21.82,61.36,10.01,36.21,27.31,10.25,476.42,0.15,1.78,0.0
1912.0,2024-01-03,15:45:37,1912.0,27.41,23.93,56.04,10.39,476.74,25.06,51.91,10.3,25.06,51.91,21.82,61.36,10.01,36.21,27.31,10.25,476.74,0.15,1.78,0.0
1913.0,2024-01-03,15:45:38,1913.0,27.41,23.93,56.04,10.39,476.72,25.06,51.91,10.3,25.06,51.91,21.82,61.36,10.01,36.21,27.31,10.25,476.72,0.15,1.78,0.0
1914.0,2024-01-03,15:45:39,1914.0,27.41,23.93,56.01,10.39,477.2,25.07,51.89,10.3,25.07,51.89,21.8,61.48,10.02,36.21,27.31,10.25,477.2,0.15,1.78,0.0
1915.0,2024-01-03,15:45:40,1915.0,27.41,23.93,56.01,10.39,479.99,25.07,51.89,10.3,25.07,51.89,21.8,61.48,10.02,36.21,27.31,10.25,479.99,0.15,1.79,0.0
1916.0,2024-01-03,15:45:41,1916.0,27.42,23.93,56,10.39,480.86,25.07,51.88,10.3,25.07,51.88,21.79,61.48,10.02,36.21,27.3,10.25,480.86,0.15,1.8,0.0
1917.0,2024-01-03,15:45:42,1917.0,27.42,23.93,56,10.39,480.47,25.07,51.88,10.3,25.07,51.88,21.79,61.48,10.02,36.21,27.3,10.25,480.47,0.15,1.79,0.0
1918.0,2024-01-03,15:45:43,1918.0,27.42,23.93,56,10.39,480.67,25.07,51.88,10.3,25.07,51.88,21.79,61.48,10.02,36.21,27.3,10.25,480.67,0.15,1.8,0.0
1919.0,2024-01-03,15:45:44,1919.0,27.42,23.93,56,10.39,477.51,25.07,51.88,10.3,25.07,51.88,21.79,61.48,10.02,36.21,27.3,10.25,477.51,0.15,1.78,0.0
1920.0,2024-01-03,15:45:45,1920.0,27.42,23.93,56,10.39,474.37,25.07,51.86,10.3,25.07,51.86,21.82,61.3,10,36.21,27.28,10.24,474.37,0.15,1.77,0.0
1921.0,2024-01-03,15:45:46,1921.0,27.42,23.93,56,10.39,470.51,25.07,51.86,10.3,25.07,51.86,21.82,61.3,10,36.21,27.28,10.24,470.51,0.14,1.76,0.0
1922.0,2024-01-03,15:45:47,1922.0,27.42,23.93,55.99,10.39,471.3,25.07,51.85,10.3,25.07,51.85,21.83,61.22,9.99,36.21,27.27,10.23,471.3,0.14,1.76,0.0
1923.0,2024-01-03,15:45:48,1923.0,27.42,23.93,55.99,10.39,474.54,25.07,51.85,10.3,25.07,51.85,21.83,61.22,9.99,36.21,27.27,10.23,474.54,0.14,1.77,0.0
1924.0,2024-01-03,15:45:49,1924.0,27.42,23.93,55.99,10.39,477.01,25.07,51.85,10.3,25.07,51.85,21.83,61.22,9.99,36.21,27.27,10.23,477.01,0.15,1.78,0.0
1925.0,2024-01-03,15:45:50,1925.0,27.42,23.93,55.99,10.39,479.84,25.07,51.85,10.3,25.07,51.85,21.83,61.22,9.99,36.21,27.27,10.23,479.84,0.15,1.79,0.0
1926.0,2024-01-03,15:45:51,1926.0,27.42,23.94,55.98,10.39,481.44,25.07,51.86,10.3,25.07,51.86,21.84,61.13,9.98,36.2,27.28,10.23,481.44,0.15,1.79,0.0
1927.0,2024-01-03,15:45:52,1927.0,27.42,23.94,55.98,10.39,483.29,25.07,51.86,10.3,25.07,51.86,21.84,61.13,9.98,36.2,27.28,10.23,483.29,0.15,1.8,0.0
1928.0,2024-01-03,15:45:53,1928.0,27.43,23.94,55.98,10.39,483.28,25.07,51.85,10.3,25.07,51.85,21.83,61.2,9.99,36.2,27.28,10.23,483.28,0.15,1.8,0.0
1929.0,2024-01-03,15:45:54,1929.0,27.43,23.94,55.98,10.39,478.39,25.07,51.85,10.3,25.07,51.85,21.83,61.2,9.99,36.2,27.28,10.23,478.39,0.15,1.78,0.0
1930.0,2024-01-03,15:45:55,1930.0,27.43,23.94,55.98,10.39,475.76,25.07,51.85,10.3,25.07,51.85,21.83,61.2,9.99,36.2,27.28,10.23,475.76,0.14,1.77,0.0
1931.0,2024-01-03,15:45:56,1931.0,27.43,23.94,55.98,10.39,473.68,25.07,51.85,10.3,25.07,51.85,21.83,61.2,9.99,36.2,27.28,10.23,473.68,0.14,1.76,0.0
1932.0,2024-01-03,15:45:57,1932.0,27.43,23.94,55.97,10.39,473.55,25.07,51.85,10.3,25.07,51.85,21.83,61.27,10,36.2,27.27,10.23,473.55,0.15,1.76,0.0
1933.0,2024-01-03,15:45:58,1933.0,27.43,23.94,55.97,10.39,473.42,25.07,51.85,10.3,25.07,51.85,21.83,61.27,10,36.2,27.27,10.23,473.42,0.15,1.76,0.0
1934.0,2024-01-03,15:45:59,1934.0,27.44,23.94,55.99,10.39,473.26,25.07,51.85,10.3,25.07,51.85,21.82,61.36,10.01,36.2,27.27,10.23,473.26,0.15,1.76,0.0
1935.0,2024-01-03,15:46:00,1935.0,27.44,23.94,55.99,10.39,472.92,25.07,51.85,10.3,25.07,51.85,21.82,61.36,10.01,36.2,27.27,10.23,472.92,0.14,1.76,0.0
1936.0,2024-01-03,15:46:01,1936.0,27.44,23.94,55.99,10.39,472.78,25.07,51.85,10.3,25.07,51.85,21.82,61.36,10.01,36.2,27.27,10.23,472.78,0.14,1.76,0.0
1937.0,2024-01-03,15:46:02,1937.0,27.44,23.94,55.99,10.39,470.53,25.07,51.85,10.3,25.07,51.85,21.82,61.36,10.01,36.2,27.27,10.23,470.53,0.14,1.75,0.0
1938.0,2024-01-03,15:46:03,1938.0,27.44,23.94,55.96,10.39,469.6,25.07,51.86,10.3,25.07,51.86,21.81,61.48,10.02,36.21,27.26,10.23,469.6,0.14,1.75,0.0
1939.0,2024-01-03,15:46:04,1939.0,27.44,23.94,55.96,10.39,469.1,25.07,51.86,10.3,25.07,51.86,21.81,61.48,10.02,36.21,27.26,10.23,469.1,0.14,1.75,0.0
1940.0,2024-01-03,15:46:05,1940.0,27.44,23.94,55.96,10.39,469.89,25.07,51.86,10.3,25.07,51.86,21.81,61.48,10.02,36.21,27.26,10.23,469.89,0.14,1.75,0.0
1941.0,2024-01-03,15:46:06,1941.0,27.45,23.94,55.94,10.39,474.18,25.07,51.87,10.3,25.07,51.87,21.83,61.35,10.02,36.21,27.26,10.23,474.18,0.15,1.77,0.0
1942.0,2024-01-03,15:46:07,1942.0,27.45,23.94,55.94,10.39,473.69,25.07,51.87,10.3,25.07,51.87,21.83,61.35,10.02,36.21,27.26,10.23,473.69,0.15,1.76,0.0
1943.0,2024-01-03,15:46:08,1943.0,27.46,23.94,55.98,10.39,470.05,25.07,51.87,10.3,25.07,51.87,21.83,61.32,10.01,36.21,27.27,10.24,470.05,0.15,1.75,0.0
1944.0,2024-01-03,15:46:09,1944.0,27.46,23.94,55.98,10.39,468.67,25.07,51.87,10.3,25.07,51.87,21.83,61.32,10.01,36.21,27.27,10.24,468.67,0.14,1.75,0.0
1945.0,2024-01-03,15:46:10,1945.0,27.46,23.94,55.98,10.39,466.45,25.07,51.87,10.3,25.07,51.87,21.83,61.32,10.01,36.21,27.27,10.24,466.45,0.14,1.74,0.0
1946.0,2024-01-03,15:46:11,1946.0,27.46,23.94,55.98,10.39,465.11,25.07,51.87,10.3,25.07,51.87,21.83,61.32,10.01,36.21,27.27,10.24,465.11,0.14,1.73,0.0
1947.0,2024-01-03,15:46:12,1947.0,27.46,23.94,55.97,10.39,464.78,25.07,51.86,10.3,25.07,51.86,21.82,61.39,10.02,36.21,27.29,10.24,464.78,0.14,1.73,0.0
1948.0,2024-01-03,15:46:13,1948.0,27.46,23.94,55.97,10.39,464.93,25.07,51.86,10.3,25.07,51.86,21.82,61.39,10.02,36.21,27.29,10.24,464.93,0.14,1.73,0.0
1949.0,2024-01-03,15:46:14,1949.0,27.47,23.94,55.97,10.39,465.08,25.08,51.85,10.3,25.08,51.85,21.81,61.4,10.01,36.21,27.28,10.24,465.08,0.14,1.73,0.0
1950.0,2024-01-03,15:46:15,1950.0,27.47,23.94,55.97,10.39,465.09,25.08,51.85,10.3,25.08,51.85,21.81,61.4,10.01,36.21,27.28,10.24,465.09,0.14,1.73,0.0
1951.0,2024-01-03,15:46:16,1951.0,27.47,23.94,55.97,10.39,467.24,25.08,51.85,10.3,25.08,51.85,21.81,61.4,10.01,36.21,27.28,10.24,467.24,0.14,1.74,0.0
1952.0,2024-01-03,15:46:17,1952.0,27.47,23.94,55.97,10.39,468.16,25.08,51.85,10.3,25.08,51.85,21.81,61.4,10.01,36.21,27.28,10.24,468.16,0.14,1.75,0.0
1953.0,2024-01-03,15:46:18,1953.0,27.47,23.94,55.97,10.39,467.81,25.08,51.85,10.3,25.08,51.85,21.8,61.48,10.02,36.22,27.27,10.24,467.81,0.14,1.75,0.0
1954.0,2024-01-03,15:46:19,1954.0,27.47,23.94,55.97,10.39,467.32,25.08,51.85,10.3,25.08,51.85,21.8,61.48,10.02,36.22,27.27,10.24,467.32,0.14,1.74,0.0
1955.0,2024-01-03,15:46:20,1955.0,27.48,23.94,55.96,10.39,467.33,25.08,51.83,10.3,25.08,51.83,21.77,61.6,10.02,36.22,27.28,10.25,467.33,0.14,1.74,0.0
1956.0,2024-01-03,15:46:21,1956.0,27.48,23.94,55.96,10.39,470.62,25.08,51.83,10.3,25.08,51.83,21.77,61.6,10.02,36.22,27.28,10.25,470.62,0.15,1.76,0.0
1957.0,2024-01-03,15:46:22,1957.0,27.48,23.94,55.96,10.39,472.6,25.08,51.83,10.3,25.08,51.83,21.77,61.6,10.02,36.22,27.28,10.25,472.6,0.15,1.77,0.0
1958.0,2024-01-03,15:46:23,1958.0,27.48,23.94,55.96,10.39,472.16,25.08,51.83,10.3,25.08,51.83,21.77,61.6,10.02,36.22,27.28,10.25,472.16,0.15,1.76,0.0
1959.0,2024-01-03,15:46:24,1959.0,27.48,23.95,55.94,10.39,470.72,25.09,51.82,10.3,25.09,51.82,21.76,61.69,10.03,36.22,27.3,10.25,470.72,0.15,1.76,0.0
1960.0,2024-01-03,15:46:25,1960.0,27.48,23.95,55.94,10.39,469.72,25.09,51.82,10.3,25.09,51.82,21.76,61.69,10.03,36.22,27.3,10.25,469.72,0.15,1.76,0.0
1961.0,2024-01-03,15:46:26,1961.0,27.48,23.95,55.94,10.39,469.59,25.09,51.82,10.3,25.09,51.82,21.76,61.69,10.03,36.22,27.3,10.25,469.59,0.15,1.76,0.0
1962.0,2024-01-03,15:46:27,1962.0,27.48,23.95,55.95,10.39,470.04,25.09,51.82,10.3,25.09,51.82,21.75,61.73,10.03,36.21,27.32,10.26,470.04,0.15,1.76,0.0
1963.0,2024-01-03,15:46:28,1963.0,27.48,23.95,55.95,10.39,470.39,25.09,51.82,10.3,25.09,51.82,21.75,61.73,10.03,36.21,27.32,10.26,470.39,0.15,1.76,0.0
1964.0,2024-01-03,15:46:29,1964.0,27.48,23.95,55.96,10.39,471.17,25.09,51.81,10.3,25.09,51.81,21.76,61.74,10.04,36.21,27.32,10.25,471.17,0.15,1.76,0.0
1965.0,2024-01-03,15:46:30,1965.0,27.48,23.95,55.96,10.39,471.34,25.09,51.81,10.3,25.09,51.81,21.76,61.74,10.04,36.21,27.32,10.25,471.34,0.15,1.76,0.0
1966.0,2024-01-03,15:46:31,1966.0,27.48,23.95,55.96,10.39,471.19,25.09,51.81,10.3,25.09,51.81,21.76,61.74,10.04,36.21,27.32,10.25,471.19,0.15,1.76,0.0
1967.0,2024-01-03,15:46:32,1967.0,27.48,23.95,55.96,10.39,471.54,25.09,51.81,10.3,25.09,51.81,21.76,61.74,10.04,36.21,27.32,10.25,471.54,0.15,1.76,0.0
1968.0,2024-01-03,15:46:33,1968.0,27.47,23.95,55.96,10.39,474.24,25.09,51.8,10.3,25.09,51.8,21.78,61.62,10.03,36.21,27.33,10.26,474.24,0.15,1.77,0.0
1969.0,2024-01-03,15:46:34,1969.0,27.47,23.95,55.96,10.39,476.17,25.09,51.8,10.3,25.09,51.8,21.78,61.62,10.03,36.21,27.33,10.26,476.17,0.15,1.78,0.0
1970.0,2024-01-03,15:46:35,1970.0,27.47,23.95,55.96,10.39,473.68,25.09,51.81,10.3,25.09,51.81,21.8,61.49,10.02,36.21,27.33,10.26,473.68,0.15,1.77,0.0
1971.0,2024-01-03,15:46:36,1971.0,27.47,23.95,55.96,10.39,472.47,25.09,51.81,10.3,25.09,51.81,21.8,61.49,10.02,36.21,27.33,10.26,472.47,0.15,1.77,0.0
1972.0,2024-01-03,15:46:37,1972.0,27.47,23.95,55.96,10.39,471.66,25.09,51.81,10.3,25.09,51.81,21.8,61.49,10.02,36.21,27.33,10.26,471.66,0.15,1.76,0.0
1973.0,2024-01-03,15:46:38,1973.0,27.47,23.95,55.96,10.39,472.41,25.09,51.81,10.3,25.09,51.81,21.8,61.49,10.02,36.21,27.33,10.26,472.41,0.15,1.76,0.0
1974.0,2024-01-03,15:46:39,1974.0,27.47,23.94,55.97,10.39,476.95,25.09,51.81,10.3,25.09,51.81,21.83,61.27,10.01,36.2,27.34,10.26,476.95,0.15,1.78,0.0
1975.0,2024-01-03,15:46:40,1975.0,27.47,23.94,55.97,10.39,476.24,25.09,51.81,10.3,25.09,51.81,21.83,61.27,10.01,36.2,27.34,10.26,476.24,0.15,1.78,0.0
1976.0,2024-01-03,15:46:41,1976.0,27.46,23.94,55.98,10.39,475.02,25.09,51.79,10.3,25.09,51.79,21.87,61.08,10,36.2,27.32,10.25,475.02,0.15,1.77,0.0
1977.0,2024-01-03,15:46:42,1977.0,27.46,23.94,55.98,10.39,472.12,25.09,51.79,10.3,25.09,51.79,21.87,61.08,10,36.2,27.32,10.25,472.12,0.15,1.76,0.0
1978.0,2024-01-03,15:46:43,1978.0,27.46,23.94,55.98,10.39,471.21,25.09,51.79,10.3,25.09,51.79,21.87,61.08,10,36.2,27.32,10.25,471.21,0.15,1.76,0.0
1979.0,2024-01-03,15:46:44,1979.0,27.46,23.94,55.98,10.39,470.55,25.09,51.79,10.3,25.09,51.79,21.87,61.08,10,36.2,27.32,10.25,470.55,0.15,1.76,0.0
1980.0,2024-01-03,15:46:45,1980.0,27.46,23.94,55.96,10.39,470.21,25.09,51.78,10.3,25.09,51.78,21.87,61.06,9.99,36.2,27.32,10.25,470.21,0.15,1.75,0.0
1981.0,2024-01-03,15:46:46,1981.0,27.46,23.94,55.96,10.39,469.89,25.09,51.78,10.3,25.09,51.78,21.87,61.06,9.99,36.2,27.32,10.25,469.89,0.15,1.75,0.0
1982.0,2024-01-03,15:46:47,1982.0,27.46,23.94,55.95,10.39,468.93,25.09,51.79,10.3,25.09,51.79,21.88,61.09,10,36.2,27.3,10.24,468.93,0.15,1.75,0.0
1983.0,2024-01-03,15:46:48,1983.0,27.46,23.94,55.95,10.39,467.65,25.09,51.79,10.3,25.09,51.79,21.88,61.09,10,36.2,27.3,10.24,467.65,0.15,1.74,0.0
1984.0,2024-01-03,15:46:49,1984.0,27.46,23.94,55.95,10.39,467.43,25.09,51.79,10.3,25.09,51.79,21.88,61.09,10,36.2,27.3,10.24,467.43,0.15,1.74,0.0
1985.0,2024-01-03,15:46:50,1985.0,27.46,23.94,55.95,10.39,469.21,25.09,51.79,10.3,25.09,51.79,21.88,61.09,10,36.2,27.3,10.24,469.21,0.15,1.75,0.0
1986.0,2024-01-03,15:46:51,1986.0,27.46,23.94,55.97,10.39,471.82,25.09,51.78,10.3,25.09,51.78,21.89,61.02,10,36.21,27.28,10.24,471.82,0.15,1.76,0.0
1987.0,2024-01-03,15:46:52,1987.0,27.46,23.94,55.97,10.39,474.83,25.09,51.78,10.3,25.09,51.78,21.89,61.02,10,36.21,27.28,10.24,474.83,0.15,1.77,0.0
1988.0,2024-01-03,15:46:53,1988.0,27.47,23.94,55.96,10.39,474.17,25.1,51.76,10.29,25.1,51.76,21.92,60.89,10,36.21,27.27,10.24,474.17,0.15,1.77,0.0
1989.0,2024-01-03,15:46:54,1989.0,27.47,23.94,55.96,10.39,473.69,25.1,51.76,10.29,25.1,51.76,21.92,60.89,10,36.21,27.27,10.24,473.69,0.15,1.77,0.0
1990.0,2024-01-03,15:46:55,1990.0,27.47,23.94,55.96,10.39,473.39,25.1,51.76,10.29,25.1,51.76,21.92,60.89,10,36.21,27.27,10.24,473.39,0.15,1.76,0.0
1991.0,2024-01-03,15:46:56,1991.0,27.47,23.94,55.96,10.39,472.94,25.1,51.76,10.29,25.1,51.76,21.92,60.89,10,36.21,27.27,10.24,472.94,0.15,1.76,0.0
1992.0,2024-01-03,15:46:57,1992.0,27.47,23.94,55.95,10.39,472.93,25.1,51.74,10.29,25.1,51.74,21.93,60.92,10,36.22,27.27,10.24,472.93,0.15,1.76,0.0
1993.0,2024-01-03,15:46:58,1993.0,27.47,23.94,55.95,10.39,472.94,25.1,51.74,10.29,25.1,51.74,21.93,60.92,10,36.22,27.27,10.24,472.94,0.15,1.76,0.0
1994.0,2024-01-03,15:46:59,1994.0,27.47,23.95,55.94,10.39,475.01,25.1,51.75,10.29,25.1,51.75,21.94,60.86,10,36.23,27.26,10.24,475.01,0.15,1.77,0.0
1995.0,2024-01-03,15:47:00,1995.0,27.47,23.95,55.94,10.39,477.33,25.1,51.75,10.29,25.1,51.75,21.94,60.86,10,36.23,27.26,10.24,477.33,0.15,1.78,0.0
1996.0,2024-01-03,15:47:01,1996.0,27.47,23.95,55.94,10.39,477.91,25.1,51.75,10.29,25.1,51.75,21.94,60.86,10,36.23,27.26,10.24,477.91,0.15,1.78,0.0
1997.0,2024-01-03,15:47:02,1997.0,27.47,23.95,55.94,10.39,483.46,25.1,51.75,10.29,25.1,51.75,21.94,60.86,10,36.23,27.26,10.24,483.46,0.15,1.81,0.0
1998.0,2024-01-03,15:47:03,1998.0,27.47,23.95,55.94,10.39,484.89,25.09,51.76,10.29,25.09,51.76,21.93,60.92,10.01,36.23,27.28,10.25,484.89,0.15,1.81,0.0
1999.0,2024-01-03,15:47:04,1999.0,27.47,23.95,55.94,10.39,484.89,25.09,51.76,10.29,25.09,51.76,21.93,60.92,10.01,36.23,27.28,10.25,484.89,0.15,1.81,0.0
2000.0,2024-01-03,15:47:05,2000.0,27.47,23.95,55.93,10.39,481.99,25.09,51.79,10.3,25.09,51.79,21.9,61.08,10.02,36.22,27.3,10.25,481.99,0.15,1.8,0.0
2001.0,2024-01-03,15:47:06,2001.0,27.47,23.95,55.93,10.39,478.25,25.09,51.79,10.3,25.09,51.79,21.9,61.08,10.02,36.22,27.3,10.25,478.25,0.15,1.79,0.0
2002.0,2024-01-03,15:47:07,2002.0,27.47,23.95,55.93,10.39,476.74,25.09,51.79,10.3,25.09,51.79,21.9,61.08,10.02,36.22,27.3,10.25,476.74,0.15,1.79,0.0
2003.0,2024-01-03,15:47:08,2003.0,27.47,23.95,55.93,10.39,475.1,25.09,51.79,10.3,25.09,51.79,21.9,61.08,10.02,36.22,27.3,10.25,475.1,0.15,1.78,0.0
2004.0,2024-01-03,15:47:09,2004.0,27.48,23.95,55.91,10.39,475.01,25.09,51.79,10.3,25.09,51.79,21.88,61.17,10.02,36.22,27.32,10.26,475.01,0.15,1.78,0.0
2005.0,2024-01-03,15:47:10,2005.0,27.48,23.95,55.91,10.39,477.37,25.09,51.79,10.3,25.09,51.79,21.88,61.17,10.02,36.22,27.32,10.26,477.37,0.15,1.79,0.0
2006.0,2024-01-03,15:47:11,2006.0,27.48,23.95,55.92,10.39,478.52,25.09,51.82,10.3,25.09,51.82,21.9,61.01,10,36.22,27.32,10.26,478.52,0.15,1.79,0.0
2007.0,2024-01-03,15:47:12,2007.0,27.48,23.95,55.92,10.39,481.56,25.09,51.82,10.3,25.09,51.82,21.9,61.01,10,36.22,27.32,10.26,481.56,0.15,1.8,0.0
2008.0,2024-01-03,15:47:13,2008.0,27.48,23.95,55.92,10.39,482.64,25.09,51.82,10.3,25.09,51.82,21.9,61.01,10,36.22,27.32,10.26,482.64,0.15,1.81,0.0
2009.0,2024-01-03,15:47:14,2009.0,27.48,23.95,55.92,10.39,483.32,25.09,51.82,10.3,25.09,51.82,21.9,61.01,10,36.22,27.32,10.26,483.32,0.15,1.81,0.0
2010.0,2024-01-03,15:47:15,2010.0,27.48,23.96,55.93,10.39,482.59,25.09,51.82,10.3,25.09,51.82,21.92,60.86,9.99,36.22,27.33,10.27,482.59,0.15,1.81,0.0
2011.0,2024-01-03,15:47:16,2011.0,27.48,23.96,55.93,10.39,478.45,25.09,51.82,10.3,25.09,51.82,21.92,60.86,9.99,36.22,27.33,10.27,478.45,0.15,1.79,0.0
2012.0,2024-01-03,15:47:17,2012.0,27.47,23.96,55.93,10.39,477.21,25.09,51.81,10.3,25.09,51.81,21.92,60.88,9.99,36.22,27.33,10.26,477.21,0.15,1.79,0.0
2013.0,2024-01-03,15:47:18,2013.0,27.47,23.96,55.93,10.39,474.87,25.09,51.81,10.3,25.09,51.81,21.92,60.88,9.99,36.22,27.33,10.26,474.87,0.15,1.78,0.0
2014.0,2024-01-03,15:47:19,2014.0,27.47,23.96,55.93,10.39,474.5,25.09,51.81,10.3,25.09,51.81,21.92,60.88,9.99,36.22,27.33,10.26,474.5,0.15,1.78,0.0
2015.0,2024-01-03,15:47:20,2015.0,27.47,23.96,55.93,10.39,472.39,25.09,51.81,10.3,25.09,51.81,21.92,60.88,9.99,36.22,27.33,10.26,472.39,0.14,1.77,0.0
2016.0,2024-01-03,15:47:21,2016.0,27.47,23.96,55.93,10.39,469.75,25.1,51.8,10.3,25.1,51.8,21.91,60.93,10,36.22,27.31,10.26,469.75,0.14,1.76,0.0
2017.0,2024-01-03,15:47:22,2017.0,27.47,23.96,55.93,10.39,467.53,25.1,51.8,10.3,25.1,51.8,21.91,60.93,10,36.22,27.31,10.26,467.53,0.14,1.75,0.0
2018.0,2024-01-03,15:47:23,2018.0,27.47,23.96,55.93,10.39,467.34,25.1,51.8,10.3,25.1,51.8,21.91,60.93,10,36.22,27.31,10.26,467.34,0.14,1.75,0.0
2019.0,2024-01-03,15:47:24,2019.0,27.47,23.96,55.93,10.39,467.04,25.1,51.79,10.3,25.1,51.79,21.9,60.99,10,36.22,27.3,10.26,467.04,0.14,1.75,0.0
2020.0,2024-01-03,15:47:25,2020.0,27.47,23.96,55.93,10.39,467.01,25.1,51.79,10.3,25.1,51.79,21.9,60.99,10,36.22,27.3,10.26,467.01,0.14,1.75,0.0
2021.0,2024-01-03,15:47:26,2021.0,27.47,23.96,55.92,10.39,468.78,25.1,51.77,10.3,25.1,51.77,21.88,61.07,10,36.22,27.3,10.26,468.78,0.14,1.75,0.0
2022.0,2024-01-03,15:47:27,2022.0,27.47,23.96,55.92,10.39,469.63,25.1,51.77,10.3,25.1,51.77,21.88,61.07,10,36.22,27.3,10.26,469.63,0.14,1.76,0.0
2023.0,2024-01-03,15:47:28,2023.0,27.47,23.96,55.92,10.39,472.45,25.1,51.77,10.3,25.1,51.77,21.88,61.07,10,36.22,27.3,10.26,472.45,0.15,1.77,0.0
2024.0,2024-01-03,15:47:29,2024.0,27.47,23.96,55.92,10.39,474.84,25.1,51.77,10.3,25.1,51.77,21.88,61.07,10,36.22,27.3,10.26,474.84,0.15,1.77,0.0
2025.0,2024-01-03,15:47:30,2025.0,27.48,23.96,55.94,10.4,476.9,25.11,51.74,10.3,25.11,51.74,21.87,61.13,10,36.22,27.32,10.26,476.9,0.15,1.78,0.0
2026.0,2024-01-03,15:47:31,2026.0,27.48,23.96,55.94,10.4,476.08,25.11,51.74,10.3,25.11,51.74,21.87,61.13,10,36.22,27.32,10.26,476.08,0.15,1.78,0.0
2027.0,2024-01-03,15:47:32,2027.0,27.48,23.96,55.92,10.39,472.13,25.11,51.73,10.3,25.11,51.73,21.85,61.22,10.01,36.22,27.31,10.26,472.13,0.14,1.76,0.0
2028.0,2024-01-03,15:47:33,2028.0,27.48,23.96,55.92,10.39,470.11,25.11,51.73,10.3,25.11,51.73,21.85,61.22,10.01,36.22,27.31,10.26,470.11,0.15,1.76,0.0
2029.0,2024-01-03,15:47:34,2029.0,27.48,23.96,55.92,10.39,472.13,25.11,51.73,10.3,25.11,51.73,21.85,61.22,10.01,36.22,27.31,10.26,472.13,0.15,1.76,0.0
2030.0,2024-01-03,15:47:35,2030.0,27.48,23.96,55.92,10.39,474.04,25.11,51.73,10.3,25.11,51.73,21.85,61.22,10.01,36.22,27.31,10.26,474.04,0.15,1.77,0.0
2031.0,2024-01-03,15:47:36,2031.0,27.49,23.96,55.94,10.4,475.47,25.11,51.71,10.3,25.11,51.71,21.83,61.37,10.02,36.22,27.3,10.25,475.47,0.14,1.78,0.0
2032.0,2024-01-03,15:47:37,2032.0,27.49,23.96,55.94,10.4,474.03,25.11,51.71,10.3,25.11,51.71,21.83,61.37,10.02,36.22,27.3,10.25,474.03,0.14,1.77,0.0
2033.0,2024-01-03,15:47:38,2033.0,27.49,23.96,55.93,10.4,472.61,25.11,51.7,10.29,25.11,51.7,21.8,61.55,10.03,36.23,27.28,10.25,472.61,0.14,1.77,0.0
2034.0,2024-01-03,15:47:39,2034.0,27.49,23.96,55.93,10.4,472.65,25.11,51.7,10.29,25.11,51.7,21.8,61.55,10.03,36.23,27.28,10.25,472.65,0.14,1.77,0.0
2035.0,2024-01-03,15:47:40,2035.0,27.49,23.96,55.93,10.4,471.76,25.11,51.7,10.29,25.11,51.7,21.8,61.55,10.03,36.23,27.28,10.25,471.76,0.14,1.76,0.0
2036.0,2024-01-03,15:47:41,2036.0,27.49,23.96,55.93,10.4,471.95,25.11,51.7,10.29,25.11,51.7,21.8,61.55,10.03,36.23,27.28,10.25,471.95,0.14,1.76,0.0
2037.0,2024-01-03,15:47:42,2037.0,27.5,23.96,55.93,10.4,475.13,25.11,51.73,10.3,25.11,51.73,21.76,61.8,10.04,36.24,27.28,10.25,475.13,0.15,1.78,0.0
2038.0,2024-01-03,15:47:43,2038.0,27.5,23.96,55.93,10.4,474.73,25.11,51.73,10.3,25.11,51.73,21.76,61.8,10.04,36.24,27.28,10.25,474.73,0.15,1.77,0.0
2039.0,2024-01-03,15:47:44,2039.0,27.5,23.96,55.92,10.39,473.76,25.11,51.76,10.3,25.11,51.76,21.71,62.05,10.06,36.24,27.27,10.25,473.76,0.15,1.77,0.0
2040.0,2024-01-03,15:47:45,2040.0,27.5,23.96,55.92,10.39,472.43,25.11,51.76,10.3,25.11,51.76,21.71,62.05,10.06,36.24,27.27,10.25,472.43,0.15,1.77,0.0
2041.0,2024-01-03,15:47:46,2041.0,27.5,23.96,55.92,10.39,471.93,25.11,51.76,10.3,25.11,51.76,21.71,62.05,10.06,36.24,27.27,10.25,471.93,0.15,1.76,0.0
2042.0,2024-01-03,15:47:47,2042.0,27.5,23.96,55.92,10.39,469.88,25.11,51.76,10.3,25.11,51.76,21.71,62.05,10.06,36.24,27.27,10.25,469.88,0.15,1.76,0.0
2043.0,2024-01-03,15:47:48,2043.0,27.51,23.96,55.93,10.4,469.29,25.11,51.74,10.3,25.11,51.74,21.69,62.21,10.07,36.24,27.26,10.25,469.29,0.14,1.75,0.0
2044.0,2024-01-03,15:47:49,2044.0,27.51,23.96,55.93,10.4,473.11,25.11,51.74,10.3,25.11,51.74,21.69,62.21,10.07,36.24,27.26,10.25,473.11,0.15,1.77,0.0
2045.0,2024-01-03,15:47:50,2045.0,27.51,23.96,55.91,10.39,475.62,25.11,51.76,10.3,25.11,51.76,21.69,62.21,10.07,36.25,27.26,10.25,475.62,0.15,1.78,0.0
2046.0,2024-01-03,15:47:51,2046.0,27.51,23.96,55.91,10.39,477.36,25.11,51.76,10.3,25.11,51.76,21.69,62.21,10.07,36.25,27.26,10.25,477.36,0.15,1.78,0.0
2047.0,2024-01-03,15:47:52,2047.0,27.51,23.96,55.91,10.39,477.56,25.11,51.76,10.3,25.11,51.76,21.69,62.21,10.07,36.25,27.26,10.25,477.56,0.15,1.78,0.0
2048.0,2024-01-03,15:47:53,2048.0,27.51,23.97,55.89,10.39,477.63,25.11,51.79,10.31,25.11,51.79,21.7,62.21,10.08,36.25,27.26,10.25,477.63,0.15,1.78,0.0
2049.0,2024-01-03,15:47:54,2049.0,27.51,23.97,55.89,10.39,477.36,25.11,51.79,10.31,25.11,51.79,21.7,62.21,10.08,36.25,27.26,10.25,477.36,0.15,1.78,0.0
2050.0,2024-01-03,15:47:55,2050.0,27.51,23.97,55.89,10.39,477.32,25.11,51.79,10.31,25.11,51.79,21.7,62.21,10.08,36.25,27.26,10.25,477.32,0.15,1.78,0.0
2051.0,2024-01-03,15:47:56,2051.0,27.51,23.97,55.89,10.39,476.68,25.11,51.79,10.31,25.11,51.79,21.7,62.21,10.08,36.25,27.26,10.25,476.68,0.15,1.78,0.0
2052.0,2024-01-03,15:47:57,2052.0,27.5,23.97,55.89,10.39,473.11,25.1,51.82,10.31,25.1,51.82,21.72,62.13,10.07,36.25,27.26,10.26,473.11,0.15,1.77,0.0
2053.0,2024-01-03,15:47:58,2053.0,27.5,23.97,55.89,10.39,473.26,25.1,51.82,10.31,25.1,51.82,21.72,62.13,10.07,36.25,27.26,10.26,473.26,0.15,1.77,0.0
2054.0,2024-01-03,15:47:59,2054.0,27.5,23.97,55.88,10.39,474.01,25.1,51.85,10.32,25.1,51.85,21.74,62.06,10.07,36.25,27.26,10.26,474.01,0.15,1.77,0.0
2055.0,2024-01-03,15:48:00,2055.0,27.5,23.97,55.88,10.39,474.71,25.1,51.85,10.32,25.1,51.85,21.74,62.06,10.07,36.25,27.26,10.26,474.71,0.15,1.77,0.0
2056.0,2024-01-03,15:48:01,2056.0,27.5,23.97,55.88,10.39,478.72,25.1,51.85,10.32,25.1,51.85,21.74,62.06,10.07,36.25,27.26,10.26,478.72,0.15,1.79,0.0
2057.0,2024-01-03,15:48:02,2057.0,27.5,23.97,55.88,10.39,479.38,25.1,51.85,10.32,25.1,51.85,21.74,62.06,10.07,36.25,27.26,10.26,479.38,0.15,1.79,0.0
2058.0,2024-01-03,15:48:03,2058.0,27.49,23.97,55.88,10.39,477.3,25.1,51.86,10.31,25.1,51.86,21.76,61.94,10.07,36.25,27.27,10.26,477.3,0.15,1.79,0.0
2059.0,2024-01-03,15:48:04,2059.0,27.49,23.97,55.88,10.39,474.56,25.1,51.86,10.31,25.1,51.86,21.76,61.94,10.07,36.25,27.27,10.26,474.56,0.15,1.78,0.0
2060.0,2024-01-03,15:48:05,2060.0,27.48,23.97,55.89,10.39,467.95,25.1,51.87,10.32,25.1,51.87,21.77,61.86,10.06,36.25,27.28,10.26,467.95,0.15,1.75,0.0
2061.0,2024-01-03,15:48:06,2061.0,27.48,23.97,55.89,10.39,465.5,25.1,51.87,10.32,25.1,51.87,21.77,61.86,10.06,36.25,27.28,10.26,465.5,0.15,1.74,0.0
2062.0,2024-01-03,15:48:07,2062.0,27.48,23.97,55.89,10.39,464.11,25.1,51.87,10.32,25.1,51.87,21.77,61.86,10.06,36.25,27.28,10.26,464.11,0.15,1.74,0.0
2063.0,2024-01-03,15:48:08,2063.0,27.48,23.97,55.89,10.39,464.08,25.1,51.87,10.32,25.1,51.87,21.77,61.86,10.06,36.25,27.28,10.26,464.08,0.15,1.74,0.0
2064.0,2024-01-03,15:48:09,2064.0,27.48,23.97,55.88,10.39,465.5,25.1,51.86,10.31,25.1,51.86,21.78,61.83,10.06,36.26,27.27,10.26,465.5,0.15,1.74,0.0
2065.0,2024-01-03,15:48:10,2065.0,27.48,23.97,55.88,10.39,467.8,25.1,51.86,10.31,25.1,51.86,21.78,61.83,10.06,36.26,27.27,10.26,467.8,0.15,1.75,0.0
2066.0,2024-01-03,15:48:11,2066.0,27.48,23.97,55.9,10.39,473.7,25.1,51.88,10.32,25.1,51.88,21.78,61.79,10.06,36.26,27.26,10.26,473.7,0.15,1.77,0.0
2067.0,2024-01-03,15:48:12,2067.0,27.48,23.97,55.9,10.39,475.93,25.1,51.88,10.32,25.1,51.88,21.78,61.79,10.06,36.26,27.26,10.26,475.93,0.15,1.78,0.0
2068.0,2024-01-03,15:48:13,2068.0,27.48,23.97,55.9,10.39,476.21,25.1,51.88,10.32,25.1,51.88,21.78,61.79,10.06,36.26,27.26,10.26,476.21,0.15,1.78,0.0
2069.0,2024-01-03,15:48:14,2069.0,27.48,23.97,55.9,10.39,475.79,25.1,51.88,10.32,25.1,51.88,21.78,61.79,10.06,36.26,27.26,10.26,475.79,0.15,1.78,0.0
2070.0,2024-01-03,15:48:15,2070.0,27.49,23.97,55.88,10.39,472.73,25.1,51.86,10.32,25.1,51.86,21.79,61.76,10.06,36.26,27.26,10.26,472.73,0.15,1.77,0.0
2071.0,2024-01-03,15:48:16,2071.0,27.49,23.97,55.88,10.39,470.36,25.1,51.86,10.32,25.1,51.86,21.79,61.76,10.06,36.26,27.26,10.26,470.36,0.15,1.76,0.0
2072.0,2024-01-03,15:48:17,2072.0,27.49,23.97,55.88,10.39,469.87,25.1,51.86,10.32,25.1,51.86,21.79,61.76,10.06,36.26,27.26,10.26,469.87,0.15,1.76,0.0
2073.0,2024-01-03,15:48:18,2073.0,27.49,23.97,55.87,10.39,469.91,25.11,51.83,10.31,25.11,51.83,21.81,61.6,10.05,36.26,27.26,10.26,469.91,0.15,1.76,0.0
2074.0,2024-01-03,15:48:19,2074.0,27.49,23.97,55.87,10.39,469.9,25.11,51.83,10.31,25.11,51.83,21.81,61.6,10.05,36.26,27.26,10.26,469.9,0.15,1.76,0.0
2075.0,2024-01-03,15:48:20,2075.0,27.49,23.97,55.88,10.39,469.85,25.11,51.8,10.31,25.11,51.8,21.83,61.47,10.04,36.26,27.26,10.26,469.85,0.15,1.76,0.0
2076.0,2024-01-03,15:48:21,2076.0,27.49,23.97,55.88,10.39,470.53,25.11,51.8,10.31,25.11,51.8,21.83,61.47,10.04,36.26,27.26,10.26,470.53,0.15,1.76,0.0
2077.0,2024-01-03,15:48:22,2077.0,27.49,23.97,55.88,10.39,470.7,25.11,51.8,10.31,25.11,51.8,21.83,61.47,10.04,36.26,27.26,10.26,470.7,0.15,1.76,0.0
2078.0,2024-01-03,15:48:23,2078.0,27.49,23.97,55.88,10.39,470.72,25.11,51.8,10.31,25.11,51.8,21.83,61.47,10.04,36.26,27.26,10.26,470.72,0.15,1.76,0.0
2079.0,2024-01-03,15:48:24,2079.0,27.49,23.97,55.89,10.39,470.56,25.11,51.79,10.31,25.11,51.79,21.86,61.3,10.03,36.27,27.26,10.26,470.56,0.15,1.76,0.0
2080.0,2024-01-03,15:48:25,2080.0,27.49,23.97,55.89,10.39,470.31,25.11,51.79,10.31,25.11,51.79,21.86,61.3,10.03,36.27,27.26,10.26,470.31,0.15,1.76,0.0
2081.0,2024-01-03,15:48:26,2081.0,27.49,23.97,55.89,10.39,470.37,25.12,51.77,10.31,25.12,51.77,21.86,61.3,10.03,36.26,27.27,10.27,470.37,0.15,1.76,0.0
2082.0,2024-01-03,15:48:27,2082.0,27.49,23.97,55.89,10.39,471.65,25.12,51.77,10.31,25.12,51.77,21.86,61.3,10.03,36.26,27.27,10.27,471.65,0.15,1.77,0.0
2083.0,2024-01-03,15:48:28,2083.0,27.49,23.97,55.89,10.39,472.47,25.12,51.77,10.31,25.12,51.77,21.86,61.3,10.03,36.26,27.27,10.27,472.47,0.15,1.77,0.0
2084.0,2024-01-03,15:48:29,2084.0,27.49,23.97,55.89,10.39,474.2,25.12,51.77,10.31,25.12,51.77,21.86,61.3,10.03,36.26,27.27,10.27,474.2,0.15,1.78,0.0
2085.0,2024-01-03,15:48:30,2085.0,27.49,23.97,55.88,10.39,474.17,25.12,51.76,10.31,25.12,51.76,21.86,61.27,10.02,36.26,27.29,10.27,474.17,0.15,1.78,0.0
2086.0,2024-01-03,15:48:31,2086.0,27.49,23.97,55.88,10.39,472.13,25.12,51.76,10.31,25.12,51.76,21.86,61.27,10.02,36.26,27.29,10.27,472.13,0.15,1.77,0.0
2087.0,2024-01-03,15:48:32,2087.0,27.49,23.97,55.88,10.39,472.29,25.13,51.73,10.31,25.13,51.73,21.86,61.22,10.02,36.25,27.31,10.28,472.29,0.15,1.77,0.0
2088.0,2024-01-03,15:48:33,2088.0,27.49,23.97,55.88,10.39,472.45,25.13,51.73,10.31,25.13,51.73,21.86,61.22,10.02,36.25,27.31,10.28,472.45,0.15,1.77,0.0
2089.0,2024-01-03,15:48:34,2089.0,27.49,23.97,55.88,10.39,473.01,25.13,51.73,10.31,25.13,51.73,21.86,61.22,10.02,36.25,27.31,10.28,473.01,0.15,1.77,0.0
2090.0,2024-01-03,15:48:35,2090.0,27.5,23.97,55.88,10.39,474.02,25.13,51.73,10.31,25.13,51.73,21.88,61.14,10.01,36.26,27.31,10.28,474.02,0.15,1.78,0.0
2091.0,2024-01-03,15:48:36,2091.0,27.5,23.97,55.88,10.39,474.16,25.13,51.73,10.31,25.13,51.73,21.88,61.14,10.01,36.26,27.31,10.28,474.16,0.15,1.78,0.0
2092.0,2024-01-03,15:48:37,2092.0,27.5,23.97,55.88,10.39,471.34,25.13,51.73,10.31,25.13,51.73,21.88,61.14,10.01,36.26,27.31,10.28,471.34,0.15,1.77,0.0
2093.0,2024-01-03,15:48:38,2093.0,27.51,23.97,55.87,10.39,470.7,25.13,51.7,10.31,25.13,51.7,21.93,60.88,10,36.25,27.32,10.28,470.7,0.15,1.76,0.0
2094.0,2024-01-03,15:48:39,2094.0,27.51,23.97,55.87,10.39,471.85,25.13,51.7,10.31,25.13,51.7,21.93,60.88,10,36.25,27.32,10.28,471.85,0.15,1.77,0.0
2095.0,2024-01-03,15:48:40,2095.0,27.51,23.97,55.87,10.39,472.14,25.13,51.7,10.31,25.13,51.7,21.93,60.88,10,36.25,27.32,10.28,472.14,0.15,1.77,0.0
2096.0,2024-01-03,15:48:41,2096.0,27.51,23.97,55.88,10.39,475.26,25.13,51.7,10.31,25.13,51.7,22.02,60.42,9.98,36.25,27.33,10.28,475.26,0.15,1.78,0.0
2097.0,2024-01-03,15:48:42,2097.0,27.51,23.97,55.88,10.39,478.23,25.13,51.7,10.31,25.13,51.7,22.02,60.42,9.98,36.25,27.33,10.28,478.23,0.15,1.8,0.0
2098.0,2024-01-03,15:48:43,2098.0,27.51,23.97,55.88,10.39,481.16,25.13,51.7,10.31,25.13,51.7,22.02,60.42,9.98,36.25,27.33,10.28,481.16,0.15,1.81,0.0
2099.0,2024-01-03,15:48:44,2099.0,27.51,23.97,55.88,10.39,483.28,25.14,51.69,10.31,25.14,51.69,22.09,60.14,9.97,36.25,27.33,10.28,483.28,0.15,1.82,0.0
2100.0,2024-01-03,15:48:45,2100.0,27.51,23.97,55.88,10.39,483.46,25.14,51.69,10.31,25.14,51.69,22.09,60.14,9.97,36.25,27.33,10.28,483.46,0.15,1.82,0.0
2101.0,2024-01-03,15:48:46,2101.0,27.51,23.97,55.88,10.39,481.88,25.14,51.69,10.31,25.14,51.69,22.09,60.14,9.97,36.25,27.33,10.28,481.88,0.15,1.81,0.0
2102.0,2024-01-03,15:48:47,2102.0,27.51,23.97,55.9,10.4,482.5,25.14,51.67,10.3,25.14,51.67,22.11,60.1,9.98,36.25,27.35,10.29,482.5,0.15,1.81,0.0
2103.0,2024-01-03,15:48:48,2103.0,27.51,23.97,55.9,10.4,482.52,25.14,51.67,10.3,25.14,51.67,22.11,60.1,9.98,36.25,27.35,10.29,482.52,0.15,1.81,0.0
2104.0,2024-01-03,15:48:49,2104.0,27.51,23.97,55.9,10.4,483.29,25.14,51.67,10.3,25.14,51.67,22.11,60.1,9.98,36.25,27.35,10.29,483.29,0.15,1.82,0.0
2105.0,2024-01-03,15:48:50,2105.0,27.51,23.97,55.9,10.4,483.61,25.14,51.67,10.3,25.14,51.67,22.11,60.1,9.98,36.25,27.35,10.29,483.61,0.15,1.82,0.0
2106.0,2024-01-03,15:48:51,2106.0,27.52,23.98,55.9,10.4,479.54,25.14,51.67,10.31,25.14,51.67,22.13,60.05,9.98,36.25,27.34,10.29,479.54,0.15,1.8,0.0
2107.0,2024-01-03,15:48:52,2107.0,27.52,23.98,55.9,10.4,477.31,25.14,51.67,10.31,25.14,51.67,22.13,60.05,9.98,36.25,27.34,10.29,477.31,0.15,1.79,0.0
2108.0,2024-01-03,15:48:53,2108.0,27.53,23.98,55.89,10.4,473.9,25.14,51.67,10.31,25.14,51.67,22.12,60.12,9.99,36.25,27.34,10.29,473.9,0.15,1.78,0.0
2109.0,2024-01-03,15:48:54,2109.0,27.53,23.98,55.89,10.4,473.65,25.14,51.67,10.31,25.14,51.67,22.12,60.12,9.99,36.25,27.34,10.29,473.65,0.15,1.78,0.0
2110.0,2024-01-03,15:48:55,2110.0,27.53,23.98,55.89,10.4,472.73,25.14,51.67,10.31,25.14,51.67,22.12,60.12,9.99,36.25,27.34,10.29,472.73,0.15,1.77,0.0
2111.0,2024-01-03,15:48:56,2111.0,27.53,23.98,55.89,10.4,471.38,25.14,51.67,10.31,25.14,51.67,22.12,60.12,9.99,36.25,27.34,10.29,471.38,0.15,1.77,0.0
2112.0,2024-01-03,15:48:57,2112.0,27.53,23.98,55.89,10.4,469.6,25.15,51.67,10.31,25.15,51.67,22.1,60.26,10,36.25,27.35,10.29,469.6,0.15,1.76,0.0
2113.0,2024-01-03,15:48:58,2113.0,27.53,23.98,55.89,10.4,469.12,25.15,51.67,10.31,25.15,51.67,22.1,60.26,10,36.25,27.35,10.29,469.12,0.15,1.76,0.0
2114.0,2024-01-03,15:48:59,2114.0,27.54,23.98,55.9,10.4,469.73,25.15,51.68,10.31,25.15,51.68,22.08,60.31,10,36.24,27.36,10.29,469.73,0.15,1.76,0.0
2115.0,2024-01-03,15:49:00,2115.0,27.54,23.98,55.9,10.4,472.41,25.15,51.68,10.31,25.15,51.68,22.08,60.31,10,36.24,27.36,10.29,472.41,0.15,1.77,0.0
2116.0,2024-01-03,15:49:01,2116.0,27.54,23.98,55.9,10.4,473.29,25.15,51.68,10.31,25.15,51.68,22.08,60.31,10,36.24,27.36,10.29,473.29,0.15,1.77,0.0
2117.0,2024-01-03,15:49:02,2117.0,27.54,23.98,55.9,10.4,470.71,25.15,51.68,10.31,25.15,51.68,22.08,60.31,10,36.24,27.36,10.29,470.71,0.15,1.76,0.0
2118.0,2024-01-03,15:49:03,2118.0,27.55,23.99,55.89,10.4,468.98,25.14,51.69,10.31,25.14,51.69,22.05,60.5,10.01,36.23,27.37,10.29,468.98,0.15,1.76,0.0
2119.0,2024-01-03,15:49:04,2119.0,27.55,23.99,55.89,10.4,470.86,25.14,51.69,10.31,25.14,51.69,22.05,60.5,10.01,36.23,27.37,10.29,470.86,0.15,1.76,0.0
2120.0,2024-01-03,15:49:05,2120.0,27.56,23.99,55.89,10.4,471.72,25.14,51.73,10.32,25.14,51.73,22,60.78,10.03,36.23,27.37,10.29,471.72,0.15,1.77,0.0
2121.0,2024-01-03,15:49:06,2121.0,27.56,23.99,55.89,10.4,473.55,25.14,51.73,10.32,25.14,51.73,22,60.78,10.03,36.23,27.37,10.29,473.55,0.15,1.77,0.0
2122.0,2024-01-03,15:49:07,2122.0,27.56,23.99,55.89,10.4,474.87,25.14,51.73,10.32,25.14,51.73,22,60.78,10.03,36.23,27.37,10.29,474.87,0.15,1.78,0.0
2123.0,2024-01-03,15:49:08,2123.0,27.57,23.99,55.86,10.4,474.69,25.14,51.72,10.31,25.14,51.72,21.96,61.06,10.05,36.23,27.37,10.28,474.69,0.15,1.77,0.0
2124.0,2024-01-03,15:49:09,2124.0,27.57,23.99,55.86,10.4,476.44,25.14,51.72,10.31,25.14,51.72,21.96,61.06,10.05,36.23,27.37,10.28,476.44,0.15,1.78,0.0
2125.0,2024-01-03,15:49:10,2125.0,27.57,23.99,55.86,10.4,476.52,25.14,51.72,10.31,25.14,51.72,21.96,61.06,10.05,36.23,27.37,10.28,476.52,0.15,1.78,0.0
2126.0,2024-01-03,15:49:11,2126.0,27.57,24,55.86,10.4,476.11,25.14,51.73,10.32,25.14,51.73,21.92,61.28,10.06,36.23,27.36,10.28,476.11,0.15,1.78,0.0
2127.0,2024-01-03,15:49:12,2127.0,27.57,24,55.86,10.4,475.96,25.14,51.73,10.32,25.14,51.73,21.92,61.28,10.06,36.23,27.36,10.28,475.96,0.15,1.78,0.0
2128.0,2024-01-03,15:49:13,2128.0,27.57,24,55.86,10.4,475.21,25.14,51.73,10.32,25.14,51.73,21.92,61.28,10.06,36.23,27.36,10.28,475.21,0.15,1.78,0.0
2129.0,2024-01-03,15:49:14,2129.0,27.58,24,55.86,10.41,472.43,25.14,51.72,10.32,25.14,51.72,21.89,61.44,10.07,36.24,27.35,10.28,472.43,0.15,1.76,0.0
2130.0,2024-01-03,15:49:15,2130.0,27.58,24,55.86,10.41,471.17,25.14,51.72,10.32,25.14,51.72,21.89,61.44,10.07,36.24,27.35,10.28,471.17,0.15,1.76,0.0
2131.0,2024-01-03,15:49:16,2131.0,27.58,24,55.86,10.41,470.58,25.14,51.72,10.32,25.14,51.72,21.89,61.44,10.07,36.24,27.35,10.28,470.58,0.15,1.76,0.0
2132.0,2024-01-03,15:49:17,2132.0,27.58,24,55.81,10.4,471.31,25.15,51.72,10.32,25.15,51.72,21.87,61.57,10.08,36.24,27.34,10.28,471.31,0.15,1.76,0.0
2133.0,2024-01-03,15:49:18,2133.0,27.58,24,55.81,10.4,476.1,25.15,51.72,10.32,25.15,51.72,21.87,61.57,10.08,36.24,27.34,10.28,476.1,0.15,1.78,0.0
2134.0,2024-01-03,15:49:19,2134.0,27.58,24,55.81,10.4,477.62,25.15,51.72,10.32,25.15,51.72,21.87,61.57,10.08,36.24,27.34,10.28,477.62,0.15,1.78,0.0
2135.0,2024-01-03,15:49:20,2135.0,27.58,24,55.82,10.4,478.91,25.15,51.72,10.32,25.15,51.72,21.85,61.7,10.08,36.24,27.34,10.28,478.91,0.15,1.79,0.0
2136.0,2024-01-03,15:49:21,2136.0,27.58,24,55.82,10.4,477.91,25.15,51.72,10.32,25.15,51.72,21.85,61.7,10.08,36.24,27.34,10.28,477.91,0.15,1.78,0.0
2137.0,2024-01-03,15:49:22,2137.0,27.58,24,55.82,10.4,475.92,25.15,51.72,10.32,25.15,51.72,21.85,61.7,10.08,36.24,27.34,10.28,475.92,0.15,1.78,0.0
2138.0,2024-01-03,15:49:23,2138.0,27.57,24.01,55.79,10.4,474.71,25.15,51.74,10.32,25.15,51.74,21.83,61.79,10.09,36.24,27.33,10.27,474.71,0.15,1.77,0.0
2139.0,2024-01-03,15:49:24,2139.0,27.57,24.01,55.79,10.4,474.17,25.15,51.74,10.32,25.15,51.74,21.83,61.79,10.09,36.24,27.33,10.27,474.17,0.15,1.77,0.0
2140.0,2024-01-03,15:49:25,2140.0,27.57,24.01,55.79,10.4,475.47,25.15,51.74,10.32,25.15,51.74,21.83,61.79,10.09,36.24,27.33,10.27,475.47,0.15,1.77,0.0
2141.0,2024-01-03,15:49:26,2141.0,27.57,24.01,55.79,10.4,473.86,25.15,51.73,10.32,25.15,51.73,21.81,61.81,10.08,36.25,27.3,10.27,473.86,0.15,1.77,0.0
2142.0,2024-01-03,15:49:27,2142.0,27.57,24.01,55.79,10.4,473.42,25.15,51.73,10.32,25.15,51.73,21.81,61.81,10.08,36.25,27.3,10.27,473.42,0.15,1.76,0.0
2143.0,2024-01-03,15:49:28,2143.0,27.57,24.01,55.79,10.4,472.99,25.15,51.73,10.32,25.15,51.73,21.81,61.81,10.08,36.25,27.3,10.27,472.99,0.15,1.76,0.0
2144.0,2024-01-03,15:49:29,2144.0,27.57,24.01,55.79,10.4,472.93,25.15,51.73,10.32,25.15,51.73,21.81,61.81,10.08,36.25,27.3,10.27,472.93,0.15,1.76,0.0
2145.0,2024-01-03,15:49:30,2145.0,27.56,24.01,55.77,10.4,472.6,25.15,51.71,10.32,25.15,51.71,21.82,61.66,10.06,36.25,27.3,10.27,472.6,0.15,1.76,0.0
2146.0,2024-01-03,15:49:31,2146.0,27.56,24.01,55.77,10.4,472.66,25.15,51.71,10.32,25.15,51.71,21.82,61.66,10.06,36.25,27.3,10.27,472.66,0.15,1.76,0.0
2147.0,2024-01-03,15:49:32,2147.0,27.55,24.01,55.76,10.39,472.67,25.16,51.69,10.32,25.16,51.69,21.86,61.4,10.04,36.25,27.29,10.26,472.67,0.15,1.76,0.0
2148.0,2024-01-03,15:49:33,2148.0,27.55,24.01,55.76,10.39,472.19,25.16,51.69,10.32,25.16,51.69,21.86,61.4,10.04,36.25,27.29,10.26,472.19,0.15,1.76,0.0
2149.0,2024-01-03,15:49:34,2149.0,27.55,24.01,55.76,10.39,470.09,25.16,51.69,10.32,25.16,51.69,21.86,61.4,10.04,36.25,27.29,10.26,470.09,0.15,1.75,0.0
2150.0,2024-01-03,15:49:35,2150.0,27.55,24.01,55.76,10.39,468.6,25.16,51.69,10.32,25.16,51.69,21.86,61.4,10.04,36.25,27.29,10.26,468.6,0.15,1.74,0.0
2151.0,2024-01-03,15:49:36,2151.0,27.56,24.01,55.76,10.39,465.73,25.16,51.67,10.32,25.16,51.67,21.89,61.15,10.02,36.25,27.28,10.26,465.73,0.15,1.73,0.0
2152.0,2024-01-03,15:49:37,2152.0,27.56,24.01,55.76,10.39,467.16,25.16,51.67,10.32,25.16,51.67,21.89,61.15,10.02,36.25,27.28,10.26,467.16,0.15,1.74,0.0
2153.0,2024-01-03,15:49:38,2153.0,27.56,24.01,55.74,10.39,467.47,25.16,51.66,10.32,25.16,51.66,21.89,61.12,10.02,36.25,27.26,10.26,467.47,0.15,1.74,0.0
2154.0,2024-01-03,15:49:39,2154.0,27.56,24.01,55.74,10.39,467.83,25.16,51.66,10.32,25.16,51.66,21.89,61.12,10.02,36.25,27.26,10.26,467.83,0.15,1.74,0.0
2155.0,2024-01-03,15:49:40,2155.0,27.56,24.01,55.74,10.39,468.06,25.16,51.66,10.32,25.16,51.66,21.89,61.12,10.02,36.25,27.26,10.26,468.06,0.15,1.74,0.0
2156.0,2024-01-03,15:49:41,2156.0,27.56,24.01,55.74,10.39,472.56,25.16,51.66,10.32,25.16,51.66,21.89,61.12,10.02,36.25,27.26,10.26,472.56,0.15,1.76,0.0
2157.0,2024-01-03,15:49:42,2157.0,27.56,24.01,55.72,10.39,474.36,25.16,51.65,10.31,25.16,51.65,21.86,61.32,10.03,36.26,27.26,10.26,474.36,0.16,1.76,0.0
2158.0,2024-01-03,15:49:43,2158.0,27.56,24.01,55.72,10.39,478.31,25.16,51.65,10.31,25.16,51.65,21.86,61.32,10.03,36.26,27.26,10.26,478.31,0.16,1.78,0.0
2159.0,2024-01-03,15:49:44,2159.0,27.56,24.01,55.73,10.39,479.15,25.16,51.67,10.32,25.16,51.67,21.82,61.51,10.04,36.25,27.25,10.25,479.15,0.16,1.78,0.0
2160.0,2024-01-03,15:49:45,2160.0,27.56,24.01,55.73,10.39,480.22,25.16,51.67,10.32,25.16,51.67,21.82,61.51,10.04,36.25,27.25,10.25,480.22,0.16,1.78,0.0
2161.0,2024-01-03,15:49:46,2161.0,27.56,24.01,55.73,10.39,480.5,25.16,51.67,10.32,25.16,51.67,21.82,61.51,10.04,36.25,27.25,10.25,480.5,0.16,1.79,0.0
2162.0,2024-01-03,15:49:47,2162.0,27.55,24.01,55.73,10.39,480.06,25.16,51.67,10.32,25.16,51.67,21.79,61.67,10.04,36.25,27.26,10.25,480.06,0.16,1.78,0.0
2163.0,2024-01-03,15:49:48,2163.0,27.55,24.01,55.73,10.39,479.84,25.16,51.67,10.32,25.16,51.67,21.79,61.67,10.04,36.25,27.26,10.25,479.84,0.16,1.78,0.0
2164.0,2024-01-03,15:49:49,2164.0,27.55,24.01,55.73,10.39,477.3,25.16,51.67,10.32,25.16,51.67,21.79,61.67,10.04,36.25,27.26,10.25,477.3,0.16,1.77,0.0
2165.0,2024-01-03,15:49:50,2165.0,27.55,24.01,55.73,10.39,475.96,25.16,51.67,10.32,25.16,51.67,21.79,61.67,10.04,36.25,27.26,10.25,475.96,0.16,1.77,0.0
2166.0,2024-01-03,15:49:51,2166.0,27.55,24.01,55.72,10.39,473.7,25.16,51.65,10.31,25.16,51.65,21.77,61.72,10.04,36.25,27.25,10.25,473.7,0.15,1.76,0.0
2167.0,2024-01-03,15:49:52,2167.0,27.55,24.01,55.72,10.39,472.46,25.16,51.65,10.31,25.16,51.65,21.77,61.72,10.04,36.25,27.25,10.25,472.46,0.15,1.75,0.0
2168.0,2024-01-03,15:49:53,2168.0,27.55,24.01,55.72,10.39,471.28,25.16,51.65,10.31,25.16,51.65,21.77,61.72,10.04,36.25,27.25,10.25,471.28,0.15,1.75,0.0
2169.0,2024-01-03,15:49:54,2169.0,27.55,24.01,55.7,10.39,473.12,25.16,51.64,10.31,25.16,51.64,21.76,61.75,10.04,36.25,27.24,10.25,473.12,0.16,1.76,0.0
2170.0,2024-01-03,15:49:55,2170.0,27.55,24.01,55.7,10.39,476.59,25.16,51.64,10.31,25.16,51.64,21.76,61.75,10.04,36.25,27.24,10.25,476.59,0.16,1.77,0.0
2171.0,2024-01-03,15:49:56,2171.0,27.54,24.01,55.7,10.39,477.11,25.17,51.62,10.31,25.17,51.62,21.76,61.72,10.03,36.26,27.22,10.24,477.11,0.16,1.77,0.0
2172.0,2024-01-03,15:49:57,2172.0,27.54,24.01,55.7,10.39,475.05,25.17,51.62,10.31,25.17,51.62,21.76,61.72,10.03,36.26,27.22,10.24,475.05,0.16,1.76,0.0
2173.0,2024-01-03,15:49:58,2173.0,27.54,24.01,55.7,10.39,474.24,25.17,51.62,10.31,25.17,51.62,21.76,61.72,10.03,36.26,27.22,10.24,474.24,0.15,1.76,0.0
2174.0,2024-01-03,15:49:59,2174.0,27.53,24.01,55.68,10.38,476.22,25.17,51.6,10.31,25.17,51.6,21.78,61.6,10.02,36.26,27.22,10.24,476.22,0.16,1.77,0.0
2175.0,2024-01-03,15:50:00,2175.0,27.53,24.01,55.68,10.38,477.34,25.17,51.6,10.31,25.17,51.6,21.78,61.6,10.02,36.26,27.22,10.24,477.34,0.16,1.77,0.0
2176.0,2024-01-03,15:50:01,2176.0,27.53,24.01,55.68,10.38,476.39,25.17,51.6,10.31,25.17,51.6,21.78,61.6,10.02,36.26,27.22,10.24,476.39,0.16,1.77,0.0
2177.0,2024-01-03,15:50:02,2177.0,27.53,24.02,55.68,10.38,475.6,25.17,51.59,10.31,25.17,51.59,21.8,61.41,10.01,36.26,27.21,10.24,475.6,0.16,1.76,0.0
2178.0,2024-01-03,15:50:03,2178.0,27.53,24.02,55.68,10.38,475.01,25.17,51.59,10.31,25.17,51.59,21.8,61.41,10.01,36.26,27.21,10.24,475.01,0.16,1.76,0.0
2179.0,2024-01-03,15:50:04,2179.0,27.53,24.02,55.68,10.38,475.03,25.17,51.59,10.31,25.17,51.59,21.8,61.41,10.01,36.26,27.21,10.24,475.03,0.16,1.76,0.0
2180.0,2024-01-03,15:50:05,2180.0,27.53,24.02,55.68,10.38,474.69,25.17,51.58,10.31,25.17,51.58,21.86,61.08,9.99,36.26,27.2,10.24,474.69,0.16,1.76,0.0
2181.0,2024-01-03,15:50:06,2181.0,27.53,24.02,55.68,10.38,474.34,25.17,51.58,10.31,25.17,51.58,21.86,61.08,9.99,36.26,27.2,10.24,474.34,0.16,1.76,0.0
2182.0,2024-01-03,15:50:07,2182.0,27.53,24.02,55.68,10.38,475.45,25.17,51.58,10.31,25.17,51.58,21.86,61.08,9.99,36.26,27.2,10.24,475.45,0.16,1.76,0.0
2183.0,2024-01-03,15:50:08,2183.0,27.53,24.02,55.68,10.38,476.09,25.17,51.58,10.31,25.17,51.58,21.86,61.08,9.99,36.26,27.2,10.24,476.09,0.16,1.76,0.0
2184.0,2024-01-03,15:50:09,2184.0,27.52,24.01,55.67,10.38,476.27,25.17,51.57,10.3,25.17,51.57,21.88,60.95,9.98,36.26,27.19,10.23,476.27,0.16,1.77,0.0
2185.0,2024-01-03,15:50:10,2185.0,27.52,24.01,55.67,10.38,476.09,25.17,51.57,10.3,25.17,51.57,21.88,60.95,9.98,36.26,27.19,10.23,476.09,0.16,1.77,0.0
2186.0,2024-01-03,15:50:11,2186.0,27.52,24.01,55.67,10.38,475.62,25.17,51.58,10.31,25.17,51.58,21.87,61.02,9.99,36.27,27.18,10.23,475.62,0.16,1.76,0.0
2187.0,2024-01-03,15:50:12,2187.0,27.52,24.01,55.67,10.38,475.22,25.17,51.58,10.31,25.17,51.58,21.87,61.02,9.99,36.27,27.18,10.23,475.22,0.16,1.76,0.0
2188.0,2024-01-03,15:50:13,2188.0,27.52,24.01,55.67,10.38,474.57,25.17,51.58,10.31,25.17,51.58,21.87,61.02,9.99,36.27,27.18,10.23,474.57,0.16,1.76,0.0
2189.0,2024-01-03,15:50:14,2189.0,27.52,24.01,55.67,10.38,474.14,25.17,51.58,10.31,25.17,51.58,21.87,61.02,9.99,36.27,27.18,10.23,474.14,0.16,1.76,0.0
2190.0,2024-01-03,15:50:15,2190.0,27.52,24.01,55.67,10.38,472.43,25.17,51.56,10.3,25.17,51.56,21.83,61.25,10,36.27,27.17,10.23,472.43,0.16,1.75,0.0
2191.0,2024-01-03,15:50:16,2191.0,27.52,24.01,55.67,10.38,472.4,25.17,51.56,10.3,25.17,51.56,21.83,61.25,10,36.27,27.17,10.23,472.4,0.16,1.75,0.0
2192.0,2024-01-03,15:50:17,2192.0,27.52,24.01,55.65,10.38,473.71,25.18,51.55,10.3,25.18,51.55,21.78,61.52,10.01,36.27,27.16,10.23,473.71,0.16,1.76,0.0
2193.0,2024-01-03,15:50:18,2193.0,27.52,24.01,55.65,10.38,475.2,25.18,51.55,10.3,25.18,51.55,21.78,61.52,10.01,36.27,27.16,10.23,475.2,0.16,1.76,0.0
2194.0,2024-01-03,15:50:19,2194.0,27.52,24.01,55.65,10.38,476.07,25.18,51.55,10.3,25.18,51.55,21.78,61.52,10.01,36.27,27.16,10.23,476.07,0.16,1.76,0.0
2195.0,2024-01-03,15:50:20,2195.0,27.52,24.01,55.65,10.38,476.23,25.18,51.55,10.3,25.18,51.55,21.78,61.52,10.01,36.27,27.16,10.23,476.23,0.16,1.76,0.0
2196.0,2024-01-03,15:50:21,2196.0,27.53,24.01,55.67,10.38,478.43,25.18,51.55,10.3,25.18,51.55,21.76,61.65,10.02,36.27,27.15,10.23,478.43,0.16,1.77,0.0
2197.0,2024-01-03,15:50:22,2197.0,27.53,24.01,55.67,10.38,478.61,25.18,51.55,10.3,25.18,51.55,21.76,61.65,10.02,36.27,27.15,10.23,478.61,0.16,1.77,0.0
2198.0,2024-01-03,15:50:23,2198.0,27.53,24.01,55.66,10.38,479.71,25.18,51.54,10.3,25.18,51.54,21.74,61.7,10.02,36.27,27.16,10.23,479.71,0.16,1.78,0.0
2199.0,2024-01-03,15:50:24,2199.0,27.53,24.01,55.66,10.38,479.23,25.18,51.54,10.3,25.18,51.54,21.74,61.7,10.02,36.27,27.16,10.23,479.23,0.16,1.78,0.0
2200.0,2024-01-03,15:50:25,2200.0,27.53,24.01,55.66,10.38,475.96,25.18,51.54,10.3,25.18,51.54,21.74,61.7,10.02,36.27,27.16,10.23,475.96,0.16,1.76,0.0
2201.0,2024-01-03,15:50:26,2201.0,27.53,24.01,55.66,10.38,475.1,25.18,51.54,10.3,25.18,51.54,21.74,61.7,10.02,36.27,27.16,10.23,475.1,0.16,1.76,0.0
2202.0,2024-01-03,15:50:27,2202.0,27.54,24.01,55.65,10.38,474.7,25.18,51.55,10.3,25.18,51.55,21.72,61.86,10.03,36.27,27.17,10.23,474.7,0.16,1.76,0.0
2203.0,2024-01-03,15:50:28,2203.0,27.54,24.01,55.65,10.38,472.77,25.18,51.55,10.3,25.18,51.55,21.72,61.86,10.03,36.27,27.17,10.23,472.77,0.16,1.75,0.0
2204.0,2024-01-03,15:50:29,2204.0,27.54,24.01,55.65,10.37,471.41,25.18,51.53,10.3,25.18,51.53,21.7,61.91,10.03,36.27,27.17,10.23,471.41,0.16,1.75,0.0
2205.0,2024-01-03,15:50:30,2205.0,27.54,24.01,55.65,10.37,471.26,25.18,51.53,10.3,25.18,51.53,21.7,61.91,10.03,36.27,27.17,10.23,471.26,0.16,1.75,0.0
2206.0,2024-01-03,15:50:31,2206.0,27.54,24.01,55.65,10.37,472.43,25.18,51.53,10.3,25.18,51.53,21.7,61.91,10.03,36.27,27.17,10.23,472.43,0.16,1.75,0.0
2207.0,2024-01-03,15:50:32,2207.0,27.54,24.01,55.64,10.37,470.99,25.18,51.51,10.3,25.18,51.51,21.7,61.95,10.03,36.27,27.17,10.23,470.99,0.16,1.74,0.0
2208.0,2024-01-03,15:50:33,2208.0,27.54,24.01,55.64,10.37,470.47,25.18,51.51,10.3,25.18,51.51,21.7,61.95,10.03,36.27,27.17,10.23,470.47,0.16,1.74,0.0
2209.0,2024-01-03,15:50:34,2209.0,27.54,24.01,55.64,10.37,469.85,25.18,51.51,10.3,25.18,51.51,21.7,61.95,10.03,36.27,27.17,10.23,469.85,0.16,1.74,0.0
2210.0,2024-01-03,15:50:35,2210.0,27.54,24.01,55.64,10.37,469.87,25.18,51.51,10.3,25.18,51.51,21.7,61.95,10.03,36.27,27.17,10.23,469.87,0.16,1.74,0.0
2211.0,2024-01-03,15:50:36,2211.0,27.54,24.01,55.63,10.37,471.3,25.18,51.51,10.3,25.18,51.51,21.69,61.95,10.03,36.27,27.17,10.23,471.3,0.16,1.75,0.0
2212.0,2024-01-03,15:50:37,2212.0,27.54,24.01,55.63,10.37,473.47,25.18,51.51,10.3,25.18,51.51,21.69,61.95,10.03,36.27,27.17,10.23,473.47,0.16,1.75,0.0
2213.0,2024-01-03,15:50:38,2213.0,27.55,24.01,55.63,10.37,476.09,25.18,51.52,10.3,25.18,51.52,21.7,61.92,10.03,36.27,27.17,10.23,476.09,0.16,1.76,0.0
2214.0,2024-01-03,15:50:39,2214.0,27.55,24.01,55.63,10.37,476.65,25.18,51.52,10.3,25.18,51.52,21.7,61.92,10.03,36.27,27.17,10.23,476.65,0.16,1.77,0.0
2215.0,2024-01-03,15:50:40,2215.0,27.55,24.01,55.63,10.37,476.86,25.18,51.52,10.3,25.18,51.52,21.7,61.92,10.03,36.27,27.17,10.23,476.86,0.16,1.77,0.0
2216.0,2024-01-03,15:50:41,2216.0,27.55,24.01,55.63,10.37,475.41,25.18,51.52,10.3,25.18,51.52,21.7,61.92,10.03,36.27,27.17,10.23,475.41,0.16,1.76,0.0
2217.0,2024-01-03,15:50:42,2217.0,27.54,24.01,55.64,10.37,470,25.18,51.51,10.3,25.18,51.51,21.74,61.62,10,36.27,27.17,10.23,470,0.16,1.74,0.0
2218.0,2024-01-03,15:50:43,2218.0,27.54,24.01,55.64,10.37,469.11,25.18,51.51,10.3,25.18,51.51,21.74,61.62,10,36.27,27.17,10.23,469.11,0.16,1.74,0.0
2219.0,2024-01-03,15:50:44,2219.0,27.54,24.01,55.64,10.37,469.94,25.18,51.52,10.3,25.18,51.52,21.79,61.26,9.98,36.27,27.17,10.23,469.94,0.16,1.74,0.0
2220.0,2024-01-03,15:50:45,2220.0,27.54,24.01,55.64,10.37,470.72,25.18,51.52,10.3,25.18,51.52,21.79,61.26,9.98,36.27,27.17,10.23,470.72,0.16,1.75,0.0
2221.0,2024-01-03,15:50:46,2221.0,27.54,24.01,55.64,10.37,474.41,25.18,51.52,10.3,25.18,51.52,21.79,61.26,9.98,36.27,27.17,10.23,474.41,0.16,1.76,0.0
2222.0,2024-01-03,15:50:47,2222.0,27.54,24.01,55.64,10.37,475.6,25.18,51.52,10.3,25.18,51.52,21.79,61.26,9.98,36.27,27.17,10.23,475.6,0.16,1.77,0.0
2223.0,2024-01-03,15:50:48,2223.0,27.54,24.01,55.62,10.37,479.93,25.17,51.53,10.3,25.17,51.53,21.81,61.13,9.97,36.28,27.17,10.24,479.93,0.16,1.78,0.0
2224.0,2024-01-03,15:50:49,2224.0,27.54,24.01,55.62,10.37,481.17,25.17,51.53,10.3,25.17,51.53,21.81,61.13,9.97,36.28,27.17,10.24,481.17,0.16,1.79,0.0
2225.0,2024-01-03,15:50:50,2225.0,27.55,24.01,55.63,10.37,481.71,25.18,51.53,10.3,25.18,51.53,21.82,61.06,9.96,36.28,27.17,10.24,481.71,0.16,1.79,0.0
2226.0,2024-01-03,15:50:51,2226.0,27.55,24.01,55.63,10.37,477.86,25.18,51.53,10.3,25.18,51.53,21.82,61.06,9.96,36.28,27.17,10.24,477.86,0.16,1.78,0.0
2227.0,2024-01-03,15:50:52,2227.0,27.55,24.01,55.63,10.37,476.55,25.18,51.53,10.3,25.18,51.53,21.82,61.06,9.96,36.28,27.17,10.24,476.55,0.16,1.77,0.0
2228.0,2024-01-03,15:50:53,2228.0,27.55,24.01,55.63,10.37,475.38,25.18,51.53,10.3,25.18,51.53,21.82,61.06,9.96,36.28,27.17,10.24,475.38,0.16,1.77,0.0
2229.0,2024-01-03,15:50:54,2229.0,27.55,24,55.67,10.37,474.93,25.17,51.53,10.3,25.17,51.53,21.84,60.95,9.96,36.28,27.17,10.24,474.93,0.16,1.77,0.0
2230.0,2024-01-03,15:50:55,2230.0,27.55,24,55.67,10.37,474.74,25.17,51.53,10.3,25.17,51.53,21.84,60.95,9.96,36.28,27.17,10.24,474.74,0.16,1.77,0.0
2231.0,2024-01-03,15:50:56,2231.0,27.55,24,55.66,10.37,476.69,25.18,51.51,10.3,25.18,51.51,21.85,60.87,9.95,36.29,27.18,10.24,476.69,0.16,1.78,0.0
2232.0,2024-01-03,15:50:57,2232.0,27.55,24,55.66,10.37,478.75,25.18,51.51,10.3,25.18,51.51,21.85,60.87,9.95,36.29,27.18,10.24,478.75,0.16,1.78,0.0
2233.0,2024-01-03,15:50:58,2233.0,27.55,24,55.66,10.37,478.48,25.18,51.51,10.3,25.18,51.51,21.85,60.87,9.95,36.29,27.18,10.24,478.48,0.16,1.78,0.0
2234.0,2024-01-03,15:50:59,2234.0,27.55,24,55.68,10.38,480.01,25.18,51.5,10.29,25.18,51.5,21.89,60.66,9.94,36.29,27.18,10.24,480.01,0.16,1.79,0.0
2235.0,2024-01-03,15:51:00,2235.0,27.55,24,55.68,10.38,480.92,25.18,51.5,10.29,25.18,51.5,21.89,60.66,9.94,36.29,27.18,10.24,480.92,0.16,1.79,0.0
2236.0,2024-01-03,15:51:01,2236.0,27.55,24,55.68,10.38,480.78,25.18,51.5,10.29,25.18,51.5,21.89,60.66,9.94,36.29,27.18,10.24,480.78,0.16,1.79,0.0
2237.0,2024-01-03,15:51:02,2237.0,27.55,24,55.7,10.38,479.57,25.18,51.48,10.29,25.18,51.48,21.92,60.49,9.93,36.29,27.18,10.25,479.57,0.16,1.79,0.0
2238.0,2024-01-03,15:51:03,2238.0,27.55,24,55.7,10.38,476.77,25.18,51.48,10.29,25.18,51.48,21.92,60.49,9.93,36.29,27.18,10.25,476.77,0.16,1.78,0.0
2239.0,2024-01-03,15:51:04,2239.0,27.55,24,55.7,10.38,475.28,25.18,51.48,10.29,25.18,51.48,21.92,60.49,9.93,36.29,27.18,10.25,475.28,0.16,1.77,0.0
2240.0,2024-01-03,15:51:05,2240.0,27.54,24,55.68,10.37,473.61,25.18,51.47,10.29,25.18,51.47,21.93,60.45,9.93,36.3,27.17,10.25,473.61,0.16,1.77,0.0
2241.0,2024-01-03,15:51:06,2241.0,27.54,24,55.68,10.37,472.95,25.18,51.47,10.29,25.18,51.47,21.93,60.45,9.93,36.3,27.17,10.25,472.95,0.16,1.77,0.0
2242.0,2024-01-03,15:51:07,2242.0,27.54,24,55.68,10.37,471.98,25.18,51.47,10.29,25.18,51.47,21.93,60.45,9.93,36.3,27.17,10.25,471.98,0.16,1.76,0.0
2243.0,2024-01-03,15:51:08,2243.0,27.54,24,55.67,10.37,471.73,25.18,51.48,10.29,25.18,51.48,21.92,60.58,9.94,36.3,27.17,10.25,471.73,0.16,1.76,0.0
2244.0,2024-01-03,15:51:09,2244.0,27.54,24,55.67,10.37,471.73,25.18,51.48,10.29,25.18,51.48,21.92,60.58,9.94,36.3,27.17,10.25,471.73,0.16,1.76,0.0
2245.0,2024-01-03,15:51:10,2245.0,27.54,24,55.67,10.37,471.27,25.18,51.48,10.29,25.18,51.48,21.92,60.58,9.94,36.3,27.17,10.25,471.27,0.16,1.76,0.0
2246.0,2024-01-03,15:51:11,2246.0,27.55,24,55.66,10.37,470.99,25.18,51.5,10.29,25.18,51.5,21.88,60.84,9.96,36.3,27.17,10.25,470.99,0.16,1.76,0.0
2247.0,2024-01-03,15:51:12,2247.0,27.55,24,55.66,10.37,470.66,25.18,51.5,10.29,25.18,51.5,21.88,60.84,9.96,36.3,27.17,10.25,470.66,0.16,1.76,0.0
2248.0,2024-01-03,15:51:13,2248.0,27.55,24,55.66,10.37,470.12,25.18,51.5,10.29,25.18,51.5,21.88,60.84,9.96,36.3,27.17,10.25,470.12,0.16,1.76,0.0
2249.0,2024-01-03,15:51:14,2249.0,27.55,24,55.66,10.37,469.91,25.18,51.5,10.29,25.18,51.5,21.88,60.84,9.96,36.3,27.17,10.25,469.91,0.16,1.76,0.0
2250.0,2024-01-03,15:51:15,2250.0,27.55,24,55.68,10.37,469.7,25.18,51.53,10.3,25.18,51.53,21.84,61.08,9.98,36.3,27.17,10.25,469.7,0.16,1.76,0.0
2251.0,2024-01-03,15:51:16,2251.0,27.55,24,55.68,10.37,469.96,25.18,51.53,10.3,25.18,51.53,21.84,61.08,9.98,36.3,27.17,10.25,469.96,0.16,1.76,0.0
2252.0,2024-01-03,15:51:17,2252.0,27.55,24,55.68,10.37,469.57,25.17,51.55,10.3,25.17,51.55,21.81,61.27,9.99,36.3,27.17,10.25,469.57,0.16,1.75,0.0
2253.0,2024-01-03,15:51:18,2253.0,27.55,24,55.68,10.37,469.22,25.17,51.55,10.3,25.17,51.55,21.81,61.27,9.99,36.3,27.17,10.25,469.22,0.16,1.75,0.0
2254.0,2024-01-03,15:51:19,2254.0,27.55,24,55.68,10.37,468.46,25.17,51.55,10.3,25.17,51.55,21.81,61.27,9.99,36.3,27.17,10.25,468.46,0.16,1.75,0.0
2255.0,2024-01-03,15:51:20,2255.0,27.55,24,55.68,10.37,468.1,25.17,51.55,10.3,25.17,51.55,21.81,61.27,9.99,36.3,27.17,10.25,468.1,0.16,1.75,0.0
2256.0,2024-01-03,15:51:21,2256.0,27.55,24,55.65,10.37,470.59,25.17,51.54,10.3,25.17,51.54,21.84,61.08,9.98,36.3,27.17,10.25,470.59,0.16,1.76,0.0
2257.0,2024-01-03,15:51:22,2257.0,27.55,24,55.65,10.37,472.12,25.17,51.54,10.3,25.17,51.54,21.84,61.08,9.98,36.3,27.17,10.25,472.12,0.16,1.76,0.0
2258.0,2024-01-03,15:51:23,2258.0,27.55,24.01,55.65,10.37,470.76,25.17,51.53,10.3,25.17,51.53,21.87,60.95,9.97,36.3,27.17,10.25,470.76,0.16,1.76,0.0
2259.0,2024-01-03,15:51:24,2259.0,27.55,24.01,55.65,10.37,470.02,25.17,51.53,10.3,25.17,51.53,21.87,60.95,9.97,36.3,27.17,10.25,470.02,0.16,1.75,0.0
2260.0,2024-01-03,15:51:25,2260.0,27.55,24.01,55.65,10.37,471.81,25.17,51.53,10.3,25.17,51.53,21.87,60.95,9.97,36.3,27.17,10.25,471.81,0.16,1.76,0.0
2261.0,2024-01-03,15:51:26,2261.0,27.54,24.01,55.63,10.37,473.52,25.18,51.53,10.3,25.18,51.53,21.87,60.96,9.97,36.29,27.17,10.25,473.52,0.16,1.77,0.0
2262.0,2024-01-03,15:51:27,2262.0,27.54,24.01,55.63,10.37,473.73,25.18,51.53,10.3,25.18,51.53,21.87,60.96,9.97,36.29,27.17,10.25,473.73,0.16,1.77,0.0
2263.0,2024-01-03,15:51:28,2263.0,27.54,24.01,55.63,10.37,472.39,25.18,51.53,10.3,25.18,51.53,21.87,60.96,9.97,36.29,27.17,10.25,472.39,0.16,1.76,0.0
2264.0,2024-01-03,15:51:29,2264.0,27.54,24.01,55.63,10.37,473.32,25.18,51.49,10.29,25.18,51.49,21.86,61.04,9.98,36.28,27.18,10.24,473.32,0.16,1.77,0.0
2265.0,2024-01-03,15:51:30,2265.0,27.54,24.01,55.63,10.37,474.47,25.18,51.49,10.29,25.18,51.49,21.86,61.04,9.98,36.28,27.18,10.24,474.47,0.16,1.77,0.0
2266.0,2024-01-03,15:51:31,2266.0,27.54,24.01,55.63,10.37,473.22,25.18,51.49,10.29,25.18,51.49,21.86,61.04,9.98,36.28,27.18,10.24,473.22,0.16,1.76,0.0
2267.0,2024-01-03,15:51:32,2267.0,27.54,24.01,55.62,10.37,471.15,25.18,51.48,10.29,25.18,51.48,21.82,61.29,10,36.28,27.17,10.24,471.15,0.16,1.76,0.0
2268.0,2024-01-03,15:51:33,2268.0,27.54,24.01,55.62,10.37,469.76,25.18,51.48,10.29,25.18,51.48,21.82,61.29,10,36.28,27.17,10.24,469.76,0.16,1.75,0.0
2269.0,2024-01-03,15:51:34,2269.0,27.54,24.01,55.62,10.37,469.72,25.18,51.48,10.29,25.18,51.48,21.82,61.29,10,36.28,27.17,10.24,469.72,0.16,1.75,0.0
2270.0,2024-01-03,15:51:35,2270.0,27.54,24.01,55.62,10.37,471.01,25.18,51.48,10.29,25.18,51.48,21.82,61.29,10,36.28,27.17,10.24,471.01,0.16,1.75,0.0
2271.0,2024-01-03,15:51:36,2271.0,27.55,24.01,55.6,10.37,474.5,25.19,51.47,10.29,25.19,51.47,21.8,61.49,10.02,36.29,27.15,10.24,474.5,0.16,1.77,0.0
2272.0,2024-01-03,15:51:37,2272.0,27.55,24.01,55.6,10.37,475.79,25.19,51.47,10.29,25.19,51.47,21.8,61.49,10.02,36.29,27.15,10.24,475.79,0.16,1.77,0.0
2273.0,2024-01-03,15:51:38,2273.0,27.55,24.01,55.6,10.36,479.21,25.19,51.45,10.29,25.19,51.45,21.78,61.57,10.02,36.29,27.15,10.23,479.21,0.16,1.78,0.0
2274.0,2024-01-03,15:51:39,2274.0,27.55,24.01,55.6,10.36,479.79,25.19,51.45,10.29,25.19,51.45,21.78,61.57,10.02,36.29,27.15,10.23,479.79,0.16,1.78,0.0
2275.0,2024-01-03,15:51:40,2275.0,27.55,24.01,55.6,10.36,479.86,25.19,51.45,10.29,25.19,51.45,21.78,61.57,10.02,36.29,27.15,10.23,479.86,0.16,1.78,0.0
2276.0,2024-01-03,15:51:41,2276.0,27.55,24.01,55.6,10.36,477.56,25.19,51.45,10.29,25.19,51.45,21.78,61.57,10.02,36.29,27.15,10.23,477.56,0.16,1.78,0.0
2277.0,2024-01-03,15:51:42,2277.0,27.56,24.01,55.59,10.36,476.09,25.2,51.43,10.29,25.2,51.43,21.78,61.56,10.02,36.3,27.14,10.24,476.09,0.16,1.77,0.0
2278.0,2024-01-03,15:51:43,2278.0,27.56,24.01,55.59,10.36,474.4,25.2,51.43,10.29,25.2,51.43,21.78,61.56,10.02,36.3,27.14,10.24,474.4,0.16,1.77,0.0
2279.0,2024-01-03,15:51:44,2279.0,27.56,24.01,55.62,10.37,471.68,25.19,51.44,10.29,25.19,51.44,21.79,61.5,10.01,36.29,27.14,10.23,471.68,0.16,1.76,0.0
2280.0,2024-01-03,15:51:45,2280.0,27.56,24.01,55.62,10.37,471.34,25.19,51.44,10.29,25.19,51.44,21.79,61.5,10.01,36.29,27.14,10.23,471.34,0.16,1.75,0.0
2281.0,2024-01-03,15:51:46,2281.0,27.56,24.01,55.62,10.37,472.89,25.19,51.44,10.29,25.19,51.44,21.79,61.5,10.01,36.29,27.14,10.23,472.89,0.16,1.76,0.0
2282.0,2024-01-03,15:51:47,2282.0,27.56,24.01,55.62,10.37,473.35,25.19,51.44,10.29,25.19,51.44,21.79,61.5,10.01,36.29,27.14,10.23,473.35,0.16,1.76,0.0
2283.0,2024-01-03,15:51:48,2283.0,27.56,24,55.63,10.37,473.55,25.19,51.45,10.29,25.19,51.45,21.8,61.37,10,36.28,27.14,10.23,473.55,0.16,1.76,0.0
2284.0,2024-01-03,15:51:49,2284.0,27.56,24,55.63,10.37,473.23,25.19,51.45,10.29,25.19,51.45,21.8,61.37,10,36.28,27.14,10.23,473.23,0.16,1.76,0.0
2285.0,2024-01-03,15:51:50,2285.0,27.57,24.01,55.64,10.37,471.33,25.19,51.43,10.29,25.19,51.43,21.85,61.1,9.99,36.3,27.13,10.23,471.33,0.16,1.75,0.0
2286.0,2024-01-03,15:51:51,2286.0,27.57,24.01,55.64,10.37,469.94,25.19,51.43,10.29,25.19,51.43,21.85,61.1,9.99,36.3,27.13,10.23,469.94,0.16,1.75,0.0
2287.0,2024-01-03,15:51:52,2287.0,27.57,24.01,55.64,10.37,470.05,25.19,51.43,10.29,25.19,51.43,21.85,61.1,9.99,36.3,27.13,10.23,470.05,0.16,1.75,0.0
2288.0,2024-01-03,15:51:53,2288.0,27.57,24.01,55.63,10.37,474.39,25.19,51.45,10.29,25.19,51.45,21.87,60.95,9.98,36.3,27.13,10.23,474.39,0.16,1.76,0.0
2289.0,2024-01-03,15:51:54,2289.0,27.57,24.01,55.63,10.37,475.72,25.19,51.45,10.29,25.19,51.45,21.87,60.95,9.98,36.3,27.13,10.23,475.72,0.16,1.77,0.0
2290.0,2024-01-03,15:51:55,2290.0,27.57,24.01,55.63,10.37,476.36,25.19,51.45,10.29,25.19,51.45,21.87,60.95,9.98,36.3,27.13,10.23,476.36,0.16,1.77,0.0
2291.0,2024-01-03,15:51:56,2291.0,27.58,24.01,55.63,10.37,476.39,25.19,51.45,10.29,25.19,51.45,21.91,60.69,9.96,36.3,27.13,10.23,476.39,0.16,1.77,0.0
2292.0,2024-01-03,15:51:57,2292.0,27.58,24.01,55.63,10.37,476.72,25.19,51.45,10.29,25.19,51.45,21.91,60.69,9.96,36.3,27.13,10.23,476.72,0.16,1.77,0.0
2293.0,2024-01-03,15:51:58,2293.0,27.58,24.01,55.63,10.37,477.39,25.19,51.45,10.29,25.19,51.45,21.91,60.69,9.96,36.3,27.13,10.23,477.39,0.16,1.78,0.0
2294.0,2024-01-03,15:51:59,2294.0,27.58,24.01,55.6,10.36,477.7,25.19,51.47,10.3,25.19,51.47,21.95,60.5,9.95,36.29,27.13,10.23,477.7,0.16,1.78,0.0
2295.0,2024-01-03,15:52:00,2295.0,27.58,24.01,55.6,10.36,477.85,25.19,51.47,10.3,25.19,51.47,21.95,60.5,9.95,36.29,27.13,10.23,477.85,0.16,1.78,0.0
2296.0,2024-01-03,15:52:01,2296.0,27.58,24.01,55.6,10.36,476.92,25.19,51.47,10.3,25.19,51.47,21.95,60.5,9.95,36.29,27.13,10.23,476.92,0.16,1.77,0.0
2297.0,2024-01-03,15:52:02,2297.0,27.58,24.01,55.6,10.36,476.52,25.19,51.47,10.3,25.19,51.47,21.95,60.5,9.95,36.29,27.13,10.23,476.52,0.16,1.77,0.0
2298.0,2024-01-03,15:52:03,2298.0,27.59,24.01,55.64,10.37,476,25.19,51.48,10.3,25.19,51.48,21.97,60.33,9.93,36.29,27.15,10.23,476,0.16,1.77,0.0
2299.0,2024-01-03,15:52:04,2299.0,27.59,24.01,55.64,10.37,475.09,25.19,51.48,10.3,25.19,51.48,21.97,60.33,9.93,36.29,27.15,10.23,475.09,0.16,1.76,0.0
2300.0,2024-01-03,15:52:05,2300.0,27.58,24.01,55.62,10.37,473.68,25.19,51.47,10.3,25.19,51.47,21.97,60.33,9.93,36.28,27.16,10.23,473.68,0.16,1.76,0.0
2301.0,2024-01-03,15:52:06,2301.0,27.58,24.01,55.62,10.37,473.37,25.19,51.47,10.3,25.19,51.47,21.97,60.33,9.93,36.28,27.16,10.23,473.37,0.16,1.76,0.0
2302.0,2024-01-03,15:52:07,2302.0,27.58,24.01,55.62,10.37,472.62,25.19,51.47,10.3,25.19,51.47,21.97,60.33,9.93,36.28,27.16,10.23,472.62,0.16,1.75,0.0
2303.0,2024-01-03,15:52:08,2303.0,27.58,24.01,55.62,10.37,472.46,25.19,51.47,10.3,25.19,51.47,21.97,60.33,9.93,36.28,27.16,10.23,472.46,0.16,1.75,0.0
2304.0,2024-01-03,15:52:09,2304.0,27.57,24.01,55.64,10.37,472.17,25.19,51.46,10.29,25.19,51.46,21.95,60.41,9.94,36.29,27.15,10.23,472.17,0.16,1.75,0.0
2305.0,2024-01-03,15:52:10,2305.0,27.57,24.01,55.64,10.37,471.62,25.19,51.46,10.29,25.19,51.46,21.95,60.41,9.94,36.29,27.15,10.23,471.62,0.16,1.75,0.0
2306.0,2024-01-03,15:52:11,2306.0,27.57,24.01,55.63,10.37,468.79,25.19,51.47,10.3,25.19,51.47,21.92,60.62,9.95,36.29,27.14,10.23,468.79,0.16,1.74,0.0
2307.0,2024-01-03,15:52:12,2307.0,27.57,24.01,55.63,10.37,467.9,25.19,51.47,10.3,25.19,51.47,21.92,60.62,9.95,36.29,27.14,10.23,467.9,0.16,1.74,0.0
2308.0,2024-01-03,15:52:13,2308.0,27.57,24.01,55.63,10.37,467.17,25.19,51.47,10.3,25.19,51.47,21.92,60.62,9.95,36.29,27.14,10.23,467.17,0.16,1.73,0.0
2309.0,2024-01-03,15:52:14,2309.0,27.57,24.01,55.63,10.37,466.99,25.19,51.47,10.3,25.19,51.47,21.92,60.62,9.95,36.29,27.14,10.23,466.99,0.16,1.73,0.0
2310.0,2024-01-03,15:52:15,2310.0,27.58,24.01,55.64,10.37,467.13,25.2,51.45,10.3,25.2,51.45,21.9,60.79,9.97,36.29,27.13,10.23,467.13,0.16,1.73,0.0
2311.0,2024-01-03,15:52:16,2311.0,27.58,24.01,55.64,10.37,466.94,25.2,51.45,10.3,25.2,51.45,21.9,60.79,9.97,36.29,27.13,10.23,466.94,0.16,1.73,0.0
2312.0,2024-01-03,15:52:17,2312.0,27.57,24.01,55.64,10.37,467.51,25.2,51.42,10.29,25.2,51.42,21.88,60.94,9.98,36.3,27.12,10.23,467.51,0.16,1.73,0.0
2313.0,2024-01-03,15:52:18,2313.0,27.57,24.01,55.64,10.37,469.57,25.2,51.42,10.29,25.2,51.42,21.88,60.94,9.98,36.3,27.12,10.23,469.57,0.16,1.74,0.0
2314.0,2024-01-03,15:52:19,2314.0,27.57,24.01,55.64,10.37,470.69,25.2,51.42,10.29,25.2,51.42,21.88,60.94,9.98,36.3,27.12,10.23,470.69,0.16,1.75,0.0
2315.0,2024-01-03,15:52:20,2315.0,27.57,24.01,55.63,10.37,474.19,25.2,51.41,10.29,25.2,51.41,21.86,61.16,10,36.3,27.11,10.23,474.19,0.16,1.76,0.0
2316.0,2024-01-03,15:52:21,2316.0,27.57,24.01,55.63,10.37,475.64,25.2,51.41,10.29,25.2,51.41,21.86,61.16,10,36.3,27.11,10.23,475.64,0.16,1.77,0.0
2317.0,2024-01-03,15:52:22,2317.0,27.57,24.01,55.63,10.37,477.16,25.2,51.41,10.29,25.2,51.41,21.86,61.16,10,36.3,27.11,10.23,477.16,0.16,1.77,0.0
2318.0,2024-01-03,15:52:23,2318.0,27.57,24.01,55.63,10.37,477.48,25.2,51.41,10.29,25.2,51.41,21.86,61.16,10,36.3,27.11,10.23,477.48,0.16,1.77,0.0
2319.0,2024-01-03,15:52:24,2319.0,27.56,24.01,55.63,10.37,479,25.2,51.43,10.29,25.2,51.43,21.81,61.5,10.03,36.31,27.1,10.23,479,0.16,1.78,0.0
2320.0,2024-01-03,15:52:25,2320.0,27.56,24.01,55.63,10.37,478.29,25.2,51.43,10.29,25.2,51.43,21.81,61.5,10.03,36.31,27.1,10.23,478.29,0.16,1.78,0.0
2321.0,2024-01-03,15:52:26,2321.0,27.56,24.01,55.63,10.37,475.49,25.2,51.41,10.29,25.2,51.41,21.77,61.82,10.05,36.32,27.09,10.23,475.49,0.16,1.77,0.0
2322.0,2024-01-03,15:52:27,2322.0,27.56,24.01,55.63,10.37,474.67,25.2,51.41,10.29,25.2,51.41,21.77,61.82,10.05,36.32,27.09,10.23,474.67,0.16,1.77,0.0
2323.0,2024-01-03,15:52:28,2323.0,27.56,24.01,55.63,10.37,473.68,25.2,51.41,10.29,25.2,51.41,21.77,61.82,10.05,36.32,27.09,10.23,473.68,0.16,1.76,0.0
2324.0,2024-01-03,15:52:29,2324.0,27.56,24.01,55.63,10.37,473.72,25.2,51.41,10.29,25.2,51.41,21.77,61.82,10.05,36.32,27.09,10.23,473.72,0.16,1.76,0.0
2325.0,2024-01-03,15:52:30,2325.0,27.57,24.01,55.63,10.37,473.68,25.2,51.42,10.29,25.2,51.42,21.73,62.07,10.07,36.33,27.07,10.23,473.68,0.16,1.76,0.0
2326.0,2024-01-03,15:52:31,2326.0,27.57,24.01,55.63,10.37,473.78,25.2,51.42,10.29,25.2,51.42,21.73,62.07,10.07,36.33,27.07,10.23,473.78,0.16,1.76,0.0
2327.0,2024-01-03,15:52:32,2327.0,27.57,24.02,55.61,10.37,473.15,25.21,51.41,10.29,25.21,51.41,21.72,62.13,10.08,36.34,27.07,10.23,473.15,0.16,1.76,0.0
2328.0,2024-01-03,15:52:33,2328.0,27.57,24.02,55.61,10.37,470.91,25.21,51.41,10.29,25.21,51.41,21.72,62.13,10.08,36.34,27.07,10.23,470.91,0.16,1.75,0.0
2329.0,2024-01-03,15:52:34,2329.0,27.57,24.02,55.61,10.37,470.55,25.21,51.41,10.29,25.21,51.41,21.72,62.13,10.08,36.34,27.07,10.23,470.55,0.16,1.75,0.0
2330.0,2024-01-03,15:52:35,2330.0,27.57,24.02,55.59,10.37,470.97,25.21,51.42,10.29,25.21,51.42,21.71,62.22,10.09,36.34,27.08,10.23,470.97,0.16,1.75,0.0
2331.0,2024-01-03,15:52:36,2331.0,27.57,24.02,55.59,10.37,471.23,25.21,51.42,10.29,25.21,51.42,21.71,62.22,10.09,36.34,27.08,10.23,471.23,0.16,1.76,0.0
2332.0,2024-01-03,15:52:37,2332.0,27.57,24.02,55.59,10.37,471.27,25.21,51.42,10.29,25.21,51.42,21.71,62.22,10.09,36.34,27.08,10.23,471.27,0.16,1.76,0.0
2333.0,2024-01-03,15:52:38,2333.0,27.57,24.02,55.59,10.37,471.48,25.2,51.42,10.29,25.2,51.42,21.7,62.27,10.09,36.34,27.07,10.23,471.48,0.16,1.76,0.0
2334.0,2024-01-03,15:52:39,2334.0,27.57,24.02,55.59,10.37,473.82,25.2,51.42,10.29,25.2,51.42,21.7,62.27,10.09,36.34,27.07,10.23,473.82,0.16,1.77,0.0
2335.0,2024-01-03,15:52:40,2335.0,27.57,24.02,55.59,10.37,471.96,25.2,51.42,10.29,25.2,51.42,21.7,62.27,10.09,36.34,27.07,10.23,471.96,0.16,1.76,0.0
2336.0,2024-01-03,15:52:41,2336.0,27.57,24.02,55.57,10.36,468.08,25.21,51.43,10.3,25.21,51.43,21.72,62.2,10.09,36.35,27.05,10.23,468.08,0.16,1.74,0.0
2337.0,2024-01-03,15:52:42,2337.0,27.57,24.02,55.57,10.36,467.57,25.21,51.43,10.3,25.21,51.43,21.72,62.2,10.09,36.35,27.05,10.23,467.57,0.16,1.74,0.0
2338.0,2024-01-03,15:52:43,2338.0,27.57,24.02,55.57,10.36,469.65,25.21,51.43,10.3,25.21,51.43,21.72,62.2,10.09,36.35,27.05,10.23,469.65,0.16,1.75,0.0
2339.0,2024-01-03,15:52:44,2339.0,27.57,24.02,55.57,10.36,471.1,25.21,51.4,10.29,25.21,51.4,21.75,61.97,10.07,36.35,27.05,10.23,471.1,0.16,1.76,0.0
2340.0,2024-01-03,15:52:45,2340.0,27.57,24.02,55.57,10.36,471.29,25.21,51.4,10.29,25.21,51.4,21.75,61.97,10.07,36.35,27.05,10.23,471.29,0.16,1.76,0.0
2341.0,2024-01-03,15:52:46,2341.0,27.57,24.02,55.57,10.36,471.15,25.21,51.4,10.29,25.21,51.4,21.75,61.97,10.07,36.35,27.05,10.23,471.15,0.16,1.76,0.0
2342.0,2024-01-03,15:52:47,2342.0,27.57,24.02,55.57,10.36,471.3,25.21,51.39,10.29,25.21,51.39,21.77,61.81,10.06,36.35,27.05,10.23,471.3,0.16,1.76,0.0
2343.0,2024-01-03,15:52:48,2343.0,27.57,24.02,55.57,10.36,473.45,25.21,51.39,10.29,25.21,51.39,21.77,61.81,10.06,36.35,27.05,10.23,473.45,0.16,1.76,0.0
2344.0,2024-01-03,15:52:49,2344.0,27.57,24.02,55.57,10.36,476.22,25.21,51.39,10.29,25.21,51.39,21.77,61.81,10.06,36.35,27.05,10.23,476.22,0.16,1.78,0.0
2345.0,2024-01-03,15:52:50,2345.0,27.57,24.02,55.57,10.36,476.78,25.21,51.39,10.29,25.21,51.39,21.77,61.81,10.06,36.35,27.05,10.23,476.78,0.16,1.78,0.0
2346.0,2024-01-03,15:52:51,2346.0,27.58,24.02,55.56,10.36,478.09,25.21,51.4,10.29,25.21,51.4,21.77,61.79,10.05,36.34,27.06,10.23,478.09,0.16,1.78,0.0
2347.0,2024-01-03,15:52:52,2347.0,27.58,24.02,55.56,10.36,476.52,25.21,51.4,10.29,25.21,51.4,21.77,61.79,10.05,36.34,27.06,10.23,476.52,0.16,1.78,0.0
2348.0,2024-01-03,15:52:53,2348.0,27.58,24.02,55.57,10.36,472.38,25.21,51.41,10.29,25.21,51.41,21.77,61.76,10.05,36.34,27.08,10.23,472.38,0.16,1.76,0.0
2349.0,2024-01-03,15:52:54,2349.0,27.58,24.02,55.57,10.36,472.06,25.21,51.41,10.29,25.21,51.41,21.77,61.76,10.05,36.34,27.08,10.23,472.06,0.16,1.76,0.0
2350.0,2024-01-03,15:52:55,2350.0,27.58,24.02,55.57,10.36,474.19,25.21,51.41,10.29,25.21,51.41,21.77,61.76,10.05,36.34,27.08,10.23,474.19,0.16,1.77,0.0
2351.0,2024-01-03,15:52:56,2351.0,27.58,24.02,55.57,10.36,475.06,25.21,51.41,10.29,25.21,51.41,21.77,61.76,10.05,36.34,27.08,10.23,475.06,0.16,1.77,0.0
2352.0,2024-01-03,15:52:57,2352.0,27.59,24.02,55.56,10.36,475.98,25.2,51.44,10.3,25.2,51.44,21.75,61.85,10.05,36.33,27.09,10.24,475.98,0.16,1.77,0.0
2353.0,2024-01-03,15:52:58,2353.0,27.59,24.02,55.56,10.36,475.01,25.2,51.44,10.3,25.2,51.44,21.75,61.85,10.05,36.33,27.09,10.24,475.01,0.16,1.77,0.0
2354.0,2024-01-03,15:52:59,2354.0,27.59,24.02,55.58,10.36,472.63,25.2,51.47,10.3,25.2,51.47,21.73,61.94,10.05,36.32,27.1,10.24,472.63,0.16,1.76,0.0
2355.0,2024-01-03,15:53:00,2355.0,27.59,24.02,55.58,10.36,471.75,25.2,51.47,10.3,25.2,51.47,21.73,61.94,10.05,36.32,27.1,10.24,471.75,0.16,1.76,0.0
2356.0,2024-01-03,15:53:01,2356.0,27.59,24.02,55.58,10.36,471.29,25.2,51.47,10.3,25.2,51.47,21.73,61.94,10.05,36.32,27.1,10.24,471.29,0.16,1.75,0.0
2357.0,2024-01-03,15:53:02,2357.0,27.59,24.02,55.59,10.37,469.79,25.2,51.47,10.3,25.2,51.47,21.71,61.98,10.05,36.32,27.11,10.24,469.79,0.16,1.75,0.0
2358.0,2024-01-03,15:53:03,2358.0,27.59,24.02,55.59,10.37,469.22,25.2,51.47,10.3,25.2,51.47,21.71,61.98,10.05,36.32,27.11,10.24,469.22,0.16,1.75,0.0
2359.0,2024-01-03,15:53:04,2359.0,27.59,24.02,55.59,10.37,467.17,25.2,51.47,10.3,25.2,51.47,21.71,61.98,10.05,36.32,27.11,10.24,467.17,0.16,1.74,0.0
2360.0,2024-01-03,15:53:05,2360.0,27.59,24.01,55.6,10.37,464.48,25.2,51.45,10.3,25.2,51.45,21.7,62.01,10.04,36.32,27.11,10.24,464.48,0.16,1.73,0.0
2361.0,2024-01-03,15:53:06,2361.0,27.59,24.01,55.6,10.37,462.27,25.2,51.45,10.3,25.2,51.45,21.7,62.01,10.04,36.32,27.11,10.24,462.27,0.16,1.72,0.0
2362.0,2024-01-03,15:53:07,2362.0,27.59,24.01,55.6,10.37,463.85,25.2,51.45,10.3,25.2,51.45,21.7,62.01,10.04,36.32,27.11,10.24,463.85,0.16,1.73,0.0
2363.0,2024-01-03,15:53:08,2363.0,27.59,24.01,55.59,10.36,469.85,25.2,51.44,10.3,25.2,51.44,21.7,62.01,10.04,36.31,27.12,10.24,469.85,0.16,1.75,0.0
2364.0,2024-01-03,15:53:09,2364.0,27.59,24.01,55.59,10.36,470.17,25.2,51.44,10.3,25.2,51.44,21.7,62.01,10.04,36.31,27.12,10.24,470.17,0.16,1.75,0.0
2365.0,2024-01-03,15:53:10,2365.0,27.59,24.01,55.59,10.36,469.96,25.2,51.44,10.3,25.2,51.44,21.7,62.01,10.04,36.31,27.12,10.24,469.96,0.16,1.75,0.0
2366.0,2024-01-03,15:53:11,2366.0,27.59,24.01,55.59,10.36,469.83,25.2,51.44,10.3,25.2,51.44,21.7,62.01,10.04,36.31,27.12,10.24,469.83,0.16,1.75,0.0
2367.0,2024-01-03,15:53:12,2367.0,27.59,24.01,55.59,10.36,467.26,25.2,51.42,10.29,25.2,51.42,21.7,61.97,10.04,36.31,27.12,10.23,467.26,0.16,1.74,0.0
2368.0,2024-01-03,15:53:13,2368.0,27.59,24.01,55.59,10.36,467.01,25.2,51.42,10.29,25.2,51.42,21.7,61.97,10.04,36.31,27.12,10.23,467.01,0.16,1.74,0.0
2369.0,2024-01-03,15:53:14,2369.0,27.59,24.01,55.59,10.36,469.93,25.21,51.4,10.29,25.21,51.4,21.71,61.84,10.02,36.3,27.13,10.23,469.93,0.16,1.75,0.0
2370.0,2024-01-03,15:53:15,2370.0,27.59,24.01,55.59,10.36,469.49,25.21,51.4,10.29,25.21,51.4,21.71,61.84,10.02,36.3,27.13,10.23,469.49,0.16,1.74,0.0
2371.0,2024-01-03,15:53:16,2371.0,27.59,24.01,55.59,10.36,471.26,25.21,51.4,10.29,25.21,51.4,21.71,61.84,10.02,36.3,27.13,10.23,471.26,0.16,1.75,0.0
2372.0,2024-01-03,15:53:17,2372.0,27.59,24.01,55.59,10.36,472.07,25.21,51.4,10.29,25.21,51.4,21.71,61.84,10.02,36.3,27.13,10.23,472.07,0.16,1.75,0.0
2373.0,2024-01-03,15:53:18,2373.0,27.59,24.01,55.59,10.36,471.73,25.21,51.39,10.29,25.21,51.39,21.72,61.81,10.02,36.3,27.13,10.23,471.73,0.16,1.75,0.0
2374.0,2024-01-03,15:53:19,2374.0,27.59,24.01,55.59,10.36,471.88,25.21,51.39,10.29,25.21,51.39,21.72,61.81,10.02,36.3,27.13,10.23,471.88,0.16,1.75,0.0
2375.0,2024-01-03,15:53:20,2375.0,27.6,24.01,55.58,10.36,472.34,25.2,51.42,10.29,25.2,51.42,21.79,61.38,9.99,36.29,27.12,10.23,472.34,0.16,1.75,0.0
2376.0,2024-01-03,15:53:21,2376.0,27.6,24.01,55.58,10.36,472.35,25.2,51.42,10.29,25.2,51.42,21.79,61.38,9.99,36.29,27.12,10.23,472.35,0.17,1.75,0.0
2377.0,2024-01-03,15:53:22,2377.0,27.6,24.01,55.58,10.36,473.31,25.2,51.42,10.29,25.2,51.42,21.79,61.38,9.99,36.29,27.12,10.23,473.31,0.17,1.76,0.0
2378.0,2024-01-03,15:53:23,2378.0,27.6,24.01,55.58,10.36,473.27,25.2,51.42,10.29,25.2,51.42,21.79,61.38,9.99,36.29,27.12,10.23,473.27,0.17,1.76,0.0
2379.0,2024-01-03,15:53:24,2379.0,27.61,24,55.59,10.36,473.61,25.21,51.41,10.29,25.21,51.41,21.83,61.09,9.97,36.29,27.12,10.22,473.61,0.17,1.76,0.0
2380.0,2024-01-03,15:53:25,2380.0,27.61,24,55.59,10.36,475.37,25.21,51.41,10.29,25.21,51.41,21.83,61.09,9.97,36.29,27.12,10.22,475.37,0.17,1.76,0.0
2381.0,2024-01-03,15:53:26,2381.0,27.61,24,55.61,10.36,476.67,25.21,51.41,10.29,25.21,51.41,21.83,61.06,9.97,36.3,27.11,10.22,476.67,0.17,1.77,0.0
2382.0,2024-01-03,15:53:27,2382.0,27.61,24,55.61,10.36,477.56,25.21,51.41,10.29,25.21,51.41,21.83,61.06,9.97,36.3,27.11,10.22,477.56,0.17,1.77,0.0
2383.0,2024-01-03,15:53:28,2383.0,27.61,24,55.61,10.36,477.82,25.21,51.41,10.29,25.21,51.41,21.83,61.06,9.97,36.3,27.11,10.22,477.82,0.17,1.77,0.0
2384.0,2024-01-03,15:53:29,2384.0,27.61,24,55.59,10.36,474.92,25.21,51.42,10.29,25.21,51.42,21.84,61.03,9.97,36.3,27.1,10.22,474.92,0.17,1.76,0.0
2385.0,2024-01-03,15:53:30,2385.0,27.61,24,55.59,10.36,473.95,25.21,51.42,10.29,25.21,51.42,21.84,61.03,9.97,36.3,27.1,10.22,473.95,0.17,1.76,0.0
2386.0,2024-01-03,15:53:31,2386.0,27.61,24,55.59,10.36,473.76,25.21,51.42,10.29,25.21,51.42,21.84,61.03,9.97,36.3,27.1,10.22,473.76,0.17,1.75,0.0
2387.0,2024-01-03,15:53:32,2387.0,27.61,24,55.59,10.36,475.06,25.21,51.42,10.29,25.21,51.42,21.84,61.03,9.97,36.3,27.1,10.22,475.06,0.17,1.76,0.0
2388.0,2024-01-03,15:53:33,2388.0,27.62,24,55.59,10.36,476.29,25.2,51.4,10.29,25.2,51.4,21.83,61.08,9.97,36.3,27.09,10.22,476.29,0.17,1.77,0.0
2389.0,2024-01-03,15:53:34,2389.0,27.62,24,55.59,10.36,476.54,25.2,51.4,10.29,25.2,51.4,21.83,61.08,9.97,36.3,27.09,10.22,476.54,0.17,1.77,0.0
2390.0,2024-01-03,15:53:35,2390.0,27.62,24,55.59,10.36,475.01,25.2,51.42,10.29,25.2,51.42,21.82,61.15,9.98,36.31,27.08,10.22,475.01,0.17,1.76,0.0
2391.0,2024-01-03,15:53:36,2391.0,27.62,24,55.59,10.36,475.08,25.2,51.42,10.29,25.2,51.42,21.82,61.15,9.98,36.31,27.08,10.22,475.08,0.17,1.76,0.0
2392.0,2024-01-03,15:53:37,2392.0,27.62,24,55.59,10.36,475.37,25.2,51.42,10.29,25.2,51.42,21.82,61.15,9.98,36.31,27.08,10.22,475.37,0.17,1.76,0.0
2393.0,2024-01-03,15:53:38,2393.0,27.62,24,55.58,10.35,475.36,25.2,51.41,10.29,25.2,51.41,21.8,61.31,9.99,36.3,27.09,10.22,475.36,0.17,1.76,0.0
2394.0,2024-01-03,15:53:39,2394.0,27.62,24,55.58,10.35,474.43,25.2,51.41,10.29,25.2,51.41,21.8,61.31,9.99,36.3,27.09,10.22,474.43,0.17,1.76,0.0
2395.0,2024-01-03,15:53:40,2395.0,27.62,24,55.58,10.35,473.76,25.2,51.41,10.29,25.2,51.41,21.8,61.31,9.99,36.3,27.09,10.22,473.76,0.17,1.76,0.0
2396.0,2024-01-03,15:53:41,2396.0,27.62,24,55.6,10.36,473.63,25.21,51.39,10.29,25.21,51.39,21.78,61.47,10,36.31,27.08,10.22,473.63,0.17,1.76,0.0
2397.0,2024-01-03,15:53:42,2397.0,27.62,24,55.6,10.36,474.27,25.21,51.39,10.29,25.21,51.39,21.78,61.47,10,36.31,27.08,10.22,474.27,0.17,1.76,0.0
2398.0,2024-01-03,15:53:43,2398.0,27.62,24,55.6,10.36,475.33,25.21,51.39,10.29,25.21,51.39,21.78,61.47,10,36.31,27.08,10.22,475.33,0.17,1.76,0.0
2399.0,2024-01-03,15:53:44,2399.0,27.62,24,55.6,10.36,476.79,25.21,51.39,10.29,25.21,51.39,21.78,61.47,10,36.31,27.08,10.22,476.79,0.17,1.77,0.0
2400.0,2024-01-03,15:53:45,2400.0,27.62,24,55.57,10.36,477.85,25.21,51.38,10.29,25.21,51.38,21.77,61.55,10.01,36.32,27.07,10.22,477.85,0.17,1.77,0.0
2401.0,2024-01-03,15:53:46,2401.0,27.62,24,55.57,10.36,476.53,25.21,51.38,10.29,25.21,51.38,21.77,61.55,10.01,36.32,27.07,10.22,476.53,0.17,1.77,0.0
2402.0,2024-01-03,15:53:47,2402.0,27.61,24,55.58,10.36,475.66,25.21,51.38,10.29,25.21,51.38,21.79,61.47,10.01,36.32,27.06,10.22,475.66,0.17,1.77,0.0
2403.0,2024-01-03,15:53:48,2403.0,27.61,24,55.58,10.36,475.46,25.21,51.38,10.29,25.21,51.38,21.79,61.47,10.01,36.32,27.06,10.22,475.46,0.17,1.77,0.0
2404.0,2024-01-03,15:53:49,2404.0,27.61,24,55.58,10.36,475.39,25.21,51.38,10.29,25.21,51.38,21.79,61.47,10.01,36.32,27.06,10.22,475.39,0.17,1.77,0.0
2405.0,2024-01-03,15:53:50,2405.0,27.61,24,55.58,10.36,472.64,25.21,51.38,10.29,25.21,51.38,21.79,61.47,10.01,36.32,27.06,10.22,472.64,0.16,1.76,0.0
2406.0,2024-01-03,15:53:51,2406.0,27.6,24,55.56,10.35,472.19,25.2,51.37,10.28,25.2,51.37,21.81,61.33,10,36.32,27.06,10.22,472.19,0.17,1.75,0.0
2407.0,2024-01-03,15:53:52,2407.0,27.6,24,55.56,10.35,469.83,25.2,51.37,10.28,25.2,51.37,21.81,61.33,10,36.32,27.06,10.22,469.83,0.17,1.75,0.0
2408.0,2024-01-03,15:53:53,2408.0,27.6,24,55.56,10.35,469.22,25.21,51.33,10.28,25.21,51.33,21.82,61.3,10,36.32,27.07,10.22,469.22,0.16,1.74,0.0
2409.0,2024-01-03,15:53:54,2409.0,27.6,24,55.56,10.35,470.02,25.21,51.33,10.28,25.21,51.33,21.82,61.3,10,36.32,27.07,10.22,470.02,0.16,1.75,0.0
2410.0,2024-01-03,15:53:55,2410.0,27.6,24,55.56,10.35,471.58,25.21,51.33,10.28,25.21,51.33,21.82,61.3,10,36.32,27.07,10.22,471.58,0.16,1.76,0.0
2411.0,2024-01-03,15:53:56,2411.0,27.61,24.01,55.56,10.35,472.97,25.22,51.33,10.28,25.22,51.33,21.85,61.14,10,36.33,27.06,10.22,472.97,0.16,1.76,0.0
2412.0,2024-01-03,15:53:57,2412.0,27.61,24.01,55.56,10.35,473.64,25.22,51.33,10.28,25.22,51.33,21.85,61.14,10,36.33,27.06,10.22,473.64,0.17,1.76,0.0
2413.0,2024-01-03,15:53:58,2413.0,27.61,24.01,55.56,10.35,477.23,25.22,51.33,10.28,25.22,51.33,21.85,61.14,10,36.33,27.06,10.22,477.23,0.17,1.78,0.0
2414.0,2024-01-03,15:53:59,2414.0,27.61,24.01,55.56,10.35,478.16,25.22,51.32,10.28,25.22,51.32,21.87,61.09,10,36.33,27.07,10.23,478.16,0.17,1.78,0.0
2415.0,2024-01-03,15:54:00,2415.0,27.61,24.01,55.56,10.35,477.68,25.22,51.32,10.28,25.22,51.32,21.87,61.09,10,36.33,27.07,10.23,477.68,0.17,1.78,0.0
2416.0,2024-01-03,15:54:01,2416.0,27.61,24.01,55.56,10.35,476.42,25.22,51.32,10.28,25.22,51.32,21.87,61.09,10,36.33,27.07,10.23,476.42,0.17,1.78,0.0
2417.0,2024-01-03,15:54:02,2417.0,27.63,24.01,55.53,10.35,475.49,25.22,51.3,10.28,25.22,51.3,21.88,61.02,9.99,36.33,27.06,10.22,475.49,0.17,1.77,0.0
2418.0,2024-01-03,15:54:03,2418.0,27.63,24.01,55.53,10.35,474.84,25.22,51.3,10.28,25.22,51.3,21.88,61.02,9.99,36.33,27.06,10.22,474.84,0.17,1.77,0.0
2419.0,2024-01-03,15:54:04,2419.0,27.63,24.01,55.53,10.35,470.67,25.22,51.3,10.28,25.22,51.3,21.88,61.02,9.99,36.33,27.06,10.22,470.67,0.17,1.75,0.0
2420.0,2024-01-03,15:54:05,2420.0,27.64,24.01,55.51,10.35,469.93,25.22,51.28,10.28,25.22,51.28,21.87,61.07,10,36.33,27.06,10.23,469.93,0.17,1.75,0.0
2421.0,2024-01-03,15:54:06,2421.0,27.64,24.01,55.51,10.35,469.51,25.22,51.28,10.28,25.22,51.28,21.87,61.07,10,36.33,27.06,10.23,469.51,0.17,1.75,0.0
2422.0,2024-01-03,15:54:07,2422.0,27.64,24.01,55.51,10.35,469.3,25.22,51.28,10.28,25.22,51.28,21.87,61.07,10,36.33,27.06,10.23,469.3,0.17,1.75,0.0
2423.0,2024-01-03,15:54:08,2423.0,27.64,24.01,55.5,10.35,469.98,25.23,51.26,10.27,25.23,51.26,21.86,61.14,10,36.33,27.06,10.22,469.98,0.17,1.75,0.0
2424.0,2024-01-03,15:54:09,2424.0,27.64,24.01,55.5,10.35,470.99,25.23,51.26,10.27,25.23,51.26,21.86,61.14,10,36.33,27.06,10.22,470.99,0.16,1.76,0.0
2425.0,2024-01-03,15:54:10,2425.0,27.64,24.01,55.5,10.35,473.65,25.23,51.26,10.27,25.23,51.26,21.86,61.14,10,36.33,27.06,10.22,473.65,0.17,1.77,0.0
2426.0,2024-01-03,15:54:11,2426.0,27.64,24.01,55.5,10.35,475.18,25.23,51.25,10.27,25.23,51.25,21.86,61.15,10,36.33,27.06,10.22,475.18,0.17,1.77,0.0
2427.0,2024-01-03,15:54:12,2427.0,27.64,24.01,55.5,10.35,473.32,25.23,51.25,10.27,25.23,51.25,21.86,61.15,10,36.33,27.06,10.22,473.32,0.17,1.76,0.0
2428.0,2024-01-03,15:54:13,2428.0,27.64,24.01,55.5,10.35,472.5,25.23,51.25,10.27,25.23,51.25,21.86,61.15,10,36.33,27.06,10.22,472.5,0.17,1.76,0.0
2429.0,2024-01-03,15:54:14,2429.0,27.63,24.02,55.5,10.35,469.03,25.23,51.22,10.27,25.23,51.22,21.89,60.99,9.99,36.34,27.04,10.22,469.03,0.16,1.75,0.0
2430.0,2024-01-03,15:54:15,2430.0,27.63,24.02,55.5,10.35,467.53,25.23,51.22,10.27,25.23,51.22,21.89,60.99,9.99,36.34,27.04,10.22,467.53,0.16,1.74,0.0
2431.0,2024-01-03,15:54:16,2431.0,27.63,24.02,55.5,10.35,464.97,25.23,51.22,10.27,25.23,51.22,21.89,60.99,9.99,36.34,27.04,10.22,464.97,0.16,1.73,0.0
2432.0,2024-01-03,15:54:17,2432.0,27.63,24.02,55.5,10.35,465.29,25.23,51.22,10.27,25.23,51.22,21.89,60.99,9.99,36.34,27.04,10.22,465.29,0.16,1.74,0.0
2433.0,2024-01-03,15:54:18,2433.0,27.63,24.02,55.5,10.35,466.24,25.23,51.22,10.27,25.23,51.22,21.92,60.76,9.97,36.34,27.03,10.22,466.24,0.16,1.74,0.0
2434.0,2024-01-03,15:54:19,2434.0,27.63,24.02,55.5,10.35,466.73,25.23,51.22,10.27,25.23,51.22,21.92,60.76,9.97,36.34,27.03,10.22,466.73,0.16,1.74,0.0
2435.0,2024-01-03,15:54:20,2435.0,27.63,24.02,55.47,10.35,467.13,25.24,51.19,10.27,25.24,51.19,21.96,60.48,9.95,36.34,27.03,10.22,467.13,0.16,1.74,0.0
2436.0,2024-01-03,15:54:21,2436.0,27.63,24.02,55.47,10.35,467.26,25.24,51.19,10.27,25.24,51.19,21.96,60.48,9.95,36.34,27.03,10.22,467.26,0.16,1.74,0.0
2437.0,2024-01-03,15:54:22,2437.0,27.63,24.02,55.47,10.35,467.6,25.24,51.19,10.27,25.24,51.19,21.96,60.48,9.95,36.34,27.03,10.22,467.6,0.16,1.74,0.0
2438.0,2024-01-03,15:54:23,2438.0,27.63,24.02,55.47,10.35,469.77,25.24,51.19,10.27,25.24,51.19,21.96,60.48,9.95,36.34,27.03,10.22,469.77,0.16,1.75,0.0
2439.0,2024-01-03,15:54:24,2439.0,27.63,24.02,55.47,10.35,471.56,25.24,51.2,10.27,25.24,51.2,22,60.28,9.94,36.34,27.03,10.22,471.56,0.16,1.76,0.0
2440.0,2024-01-03,15:54:25,2440.0,27.63,24.02,55.47,10.35,469.56,25.24,51.2,10.27,25.24,51.2,22,60.28,9.94,36.34,27.03,10.22,469.56,0.16,1.75,0.0
2441.0,2024-01-03,15:54:26,2441.0,27.63,24.02,55.47,10.35,467.56,25.23,51.21,10.27,25.23,51.21,22.03,60.09,9.93,36.34,27.03,10.22,467.56,0.16,1.74,0.0
2442.0,2024-01-03,15:54:27,2442.0,27.63,24.02,55.47,10.35,465.79,25.23,51.21,10.27,25.23,51.21,22.03,60.09,9.93,36.34,27.03,10.22,465.79,0.16,1.74,0.0
2443.0,2024-01-03,15:54:28,2443.0,27.63,24.02,55.47,10.35,466.35,25.23,51.21,10.27,25.23,51.21,22.03,60.09,9.93,36.34,27.03,10.22,466.35,0.16,1.74,0.0
2444.0,2024-01-03,15:54:29,2444.0,27.64,24.02,55.46,10.34,469.22,25.23,51.23,10.27,25.23,51.23,22.03,60.07,9.93,36.34,27.03,10.22,469.22,0.16,1.75,0.0
2445.0,2024-01-03,15:54:30,2445.0,27.64,24.02,55.46,10.34,469.82,25.23,51.23,10.27,25.23,51.23,22.03,60.07,9.93,36.34,27.03,10.22,469.82,0.16,1.75,0.0
2446.0,2024-01-03,15:54:31,2446.0,27.64,24.02,55.46,10.34,469.98,25.23,51.23,10.27,25.23,51.23,22.03,60.07,9.93,36.34,27.03,10.22,469.98,0.16,1.75,0.0
2447.0,2024-01-03,15:54:32,2447.0,27.64,24.02,55.47,10.35,470.01,25.23,51.22,10.27,25.23,51.22,22.04,60.03,9.93,36.34,27.03,10.22,470.01,0.16,1.75,0.0
2448.0,2024-01-03,15:54:33,2448.0,27.64,24.02,55.47,10.35,471.91,25.23,51.22,10.27,25.23,51.22,22.04,60.03,9.93,36.34,27.03,10.22,471.91,0.16,1.76,0.0
2449.0,2024-01-03,15:54:34,2449.0,27.64,24.02,55.47,10.35,473.01,25.23,51.22,10.27,25.23,51.22,22.04,60.03,9.93,36.34,27.03,10.22,473.01,0.16,1.76,0.0
2450.0,2024-01-03,15:54:35,2450.0,27.64,24.03,55.47,10.35,473.45,25.23,51.21,10.27,25.23,51.21,22.07,59.9,9.92,36.34,27.04,10.22,473.45,0.16,1.76,0.0
2451.0,2024-01-03,15:54:36,2451.0,27.64,24.03,55.47,10.35,472.02,25.23,51.21,10.27,25.23,51.21,22.07,59.9,9.92,36.34,27.04,10.22,472.02,0.16,1.76,0.0
2452.0,2024-01-03,15:54:37,2452.0,27.64,24.03,55.47,10.35,471.08,25.23,51.21,10.27,25.23,51.21,22.07,59.9,9.92,36.34,27.04,10.22,471.08,0.16,1.76,0.0
2453.0,2024-01-03,15:54:38,2453.0,27.64,24.03,55.45,10.35,470.8,25.23,51.21,10.27,25.23,51.21,22.09,59.75,9.91,36.33,27.04,10.22,470.8,0.16,1.75,0.0
2454.0,2024-01-03,15:54:39,2454.0,27.64,24.03,55.45,10.35,468.55,25.23,51.21,10.27,25.23,51.21,22.09,59.75,9.91,36.33,27.04,10.22,468.55,0.16,1.75,0.0
2455.0,2024-01-03,15:54:40,2455.0,27.64,24.03,55.45,10.35,468.63,25.23,51.21,10.27,25.23,51.21,22.09,59.75,9.91,36.33,27.04,10.22,468.63,0.16,1.75,0.0
2456.0,2024-01-03,15:54:41,2456.0,27.64,24.03,55.44,10.35,469.95,25.24,51.18,10.27,25.24,51.18,22.09,59.74,9.91,36.33,27.05,10.22,469.95,0.16,1.75,0.0
2457.0,2024-01-03,15:54:42,2457.0,27.64,24.03,55.44,10.35,470.3,25.24,51.18,10.27,25.24,51.18,22.09,59.74,9.91,36.33,27.05,10.22,470.3,0.16,1.75,0.0
2458.0,2024-01-03,15:54:43,2458.0,27.64,24.03,55.44,10.35,466.5,25.24,51.18,10.27,25.24,51.18,22.09,59.74,9.91,36.33,27.05,10.22,466.5,0.16,1.74,0.0
2459.0,2024-01-03,15:54:44,2459.0,27.64,24.03,55.44,10.35,464.94,25.24,51.15,10.26,25.24,51.15,22.05,59.91,9.91,36.33,27.04,10.22,464.94,0.16,1.73,0.0
2460.0,2024-01-03,15:54:45,2460.0,27.64,24.03,55.44,10.35,467.24,25.24,51.15,10.26,25.24,51.15,22.05,59.91,9.91,36.33,27.04,10.22,467.24,0.16,1.74,0.0
2461.0,2024-01-03,15:54:46,2461.0,27.64,24.03,55.44,10.35,466.89,25.24,51.15,10.26,25.24,51.15,22.05,59.91,9.91,36.33,27.04,10.22,466.89,0.16,1.74,0.0
2462.0,2024-01-03,15:54:47,2462.0,27.64,24.03,55.45,10.35,467.12,25.25,51.13,10.26,25.25,51.13,21.99,60.27,9.94,36.33,27.03,10.21,467.12,0.16,1.74,0.0
2463.0,2024-01-03,15:54:48,2463.0,27.64,24.03,55.45,10.35,467.42,25.25,51.13,10.26,25.25,51.13,21.99,60.27,9.94,36.33,27.03,10.21,467.42,0.16,1.74,0.0
2464.0,2024-01-03,15:54:49,2464.0,27.64,24.03,55.45,10.35,468.07,25.25,51.13,10.26,25.25,51.13,21.99,60.27,9.94,36.33,27.03,10.21,468.07,0.16,1.74,0.0
2465.0,2024-01-03,15:54:50,2465.0,27.64,24.03,55.45,10.35,468.54,25.25,51.13,10.26,25.25,51.13,21.99,60.27,9.94,36.33,27.03,10.21,468.54,0.16,1.74,0.0
2466.0,2024-01-03,15:54:51,2466.0,27.64,24.03,55.44,10.35,470.47,25.25,51.11,10.26,25.25,51.11,21.94,60.58,9.96,36.33,27.03,10.21,470.47,0.16,1.75,0.0
2467.0,2024-01-03,15:54:52,2467.0,27.64,24.03,55.44,10.35,471.22,25.25,51.11,10.26,25.25,51.11,21.94,60.58,9.96,36.33,27.03,10.21,471.22,0.16,1.75,0.0
2468.0,2024-01-03,15:54:53,2468.0,27.64,24.03,55.42,10.34,472.04,25.25,51.11,10.26,25.25,51.11,21.9,60.82,9.97,36.33,27.03,10.21,472.04,0.16,1.76,0.0
2469.0,2024-01-03,15:54:54,2469.0,27.64,24.03,55.42,10.34,472.21,25.25,51.11,10.26,25.25,51.11,21.9,60.82,9.97,36.33,27.03,10.21,472.21,0.16,1.75,0.0
2470.0,2024-01-03,15:54:55,2470.0,27.64,24.03,55.42,10.34,472.48,25.25,51.11,10.26,25.25,51.11,21.9,60.82,9.97,36.33,27.03,10.21,472.48,0.16,1.76,0.0
2471.0,2024-01-03,15:54:56,2471.0,27.64,24.03,55.42,10.34,472.41,25.25,51.11,10.26,25.25,51.11,21.9,60.82,9.97,36.33,27.03,10.21,472.41,0.16,1.76,0.0
2472.0,2024-01-03,15:54:57,2472.0,27.63,24.03,55.44,10.35,472.52,25.26,51.1,10.26,25.26,51.1,21.87,61.01,9.98,36.33,27.02,10.21,472.52,0.16,1.76,0.0
2473.0,2024-01-03,15:54:58,2473.0,27.63,24.03,55.44,10.35,472.59,25.26,51.1,10.26,25.26,51.1,21.87,61.01,9.98,36.33,27.02,10.21,472.59,0.16,1.76,0.0
2474.0,2024-01-03,15:54:59,2474.0,27.62,24.03,55.43,10.35,471.25,25.26,51.1,10.26,25.26,51.1,21.84,61.14,9.99,36.34,27.02,10.21,471.25,0.16,1.75,0.0
2475.0,2024-01-03,15:55:00,2475.0,27.62,24.03,55.43,10.35,471.09,25.26,51.1,10.26,25.26,51.1,21.84,61.14,9.99,36.34,27.02,10.21,471.09,0.16,1.75,0.0
2476.0,2024-01-03,15:55:01,2476.0,27.62,24.03,55.43,10.35,471.77,25.26,51.1,10.26,25.26,51.1,21.84,61.14,9.99,36.34,27.02,10.21,471.77,0.16,1.75,0.0
2477.0,2024-01-03,15:55:02,2477.0,27.62,24.03,55.42,10.35,472.51,25.26,51.09,10.26,25.26,51.09,21.82,61.21,9.99,36.34,27.01,10.21,472.51,0.16,1.76,0.0
2478.0,2024-01-03,15:55:03,2478.0,27.62,24.03,55.42,10.35,474.24,25.26,51.09,10.26,25.26,51.09,21.82,61.21,9.99,36.34,27.01,10.21,474.24,0.16,1.76,0.0
2479.0,2024-01-03,15:55:04,2479.0,27.62,24.03,55.42,10.35,476.3,25.26,51.09,10.26,25.26,51.09,21.82,61.21,9.99,36.34,27.01,10.21,476.3,0.16,1.77,0.0
2480.0,2024-01-03,15:55:05,2480.0,27.63,24.03,55.44,10.35,476.79,25.26,51.07,10.26,25.26,51.07,21.82,61.21,9.99,36.34,27.02,10.21,476.79,0.16,1.77,0.0
2481.0,2024-01-03,15:55:06,2481.0,27.63,24.03,55.44,10.35,476.14,25.26,51.07,10.26,25.26,51.07,21.82,61.21,9.99,36.34,27.02,10.21,476.14,0.16,1.77,0.0
2482.0,2024-01-03,15:55:07,2482.0,27.63,24.03,55.44,10.35,475.84,25.26,51.07,10.26,25.26,51.07,21.82,61.21,9.99,36.34,27.02,10.21,475.84,0.16,1.77,0.0
2483.0,2024-01-03,15:55:08,2483.0,27.63,24.04,55.42,10.35,475.21,25.26,51.07,10.26,25.26,51.07,21.83,61.18,9.98,36.34,27.02,10.21,475.21,0.16,1.77,0.0
2484.0,2024-01-03,15:55:09,2484.0,27.63,24.04,55.42,10.35,475.36,25.26,51.07,10.26,25.26,51.07,21.83,61.18,9.98,36.34,27.02,10.21,475.36,0.16,1.77,0.0
2485.0,2024-01-03,15:55:10,2485.0,27.63,24.04,55.42,10.35,475.49,25.26,51.07,10.26,25.26,51.07,21.83,61.18,9.98,36.34,27.02,10.21,475.49,0.16,1.77,0.0
2486.0,2024-01-03,15:55:11,2486.0,27.63,24.04,55.42,10.35,476.26,25.27,51.05,10.26,25.27,51.05,21.8,61.3,9.99,36.33,27.04,10.22,476.26,0.16,1.77,0.0
2487.0,2024-01-03,15:55:12,2487.0,27.63,24.04,55.42,10.35,476.34,25.27,51.05,10.26,25.27,51.05,21.8,61.3,9.99,36.33,27.04,10.22,476.34,0.16,1.77,0.0
2488.0,2024-01-03,15:55:13,2488.0,27.63,24.04,55.42,10.35,475.51,25.27,51.05,10.26,25.27,51.05,21.8,61.3,9.99,36.33,27.04,10.22,475.51,0.16,1.77,0.0
2489.0,2024-01-03,15:55:14,2489.0,27.62,24.04,55.41,10.35,474.53,25.26,51.07,10.26,25.26,51.07,21.77,61.49,10,36.33,27.04,10.22,474.53,0.16,1.77,0.0
2490.0,2024-01-03,15:55:15,2490.0,27.62,24.04,55.41,10.35,473.43,25.26,51.07,10.26,25.26,51.07,21.77,61.49,10,36.33,27.04,10.22,473.43,0.16,1.76,0.0
2491.0,2024-01-03,15:55:16,2491.0,27.62,24.04,55.41,10.35,472.35,25.26,51.07,10.26,25.26,51.07,21.77,61.49,10,36.33,27.04,10.22,472.35,0.16,1.76,0.0
2492.0,2024-01-03,15:55:17,2492.0,27.63,24.04,55.39,10.34,471.75,25.27,51.04,10.25,25.27,51.04,21.74,61.59,10,36.33,27.04,10.22,471.75,0.16,1.76,0.0
2493.0,2024-01-03,15:55:18,2493.0,27.63,24.04,55.39,10.34,472.44,25.27,51.04,10.25,25.27,51.04,21.74,61.59,10,36.33,27.04,10.22,472.44,0.16,1.76,0.0
2494.0,2024-01-03,15:55:19,2494.0,27.63,24.04,55.39,10.34,473.61,25.27,51.04,10.25,25.27,51.04,21.74,61.59,10,36.33,27.04,10.22,473.61,0.16,1.76,0.0
2495.0,2024-01-03,15:55:20,2495.0,27.63,24.04,55.37,10.34,474.69,25.27,51.04,10.26,25.27,51.04,21.74,61.61,10,36.33,27.04,10.22,474.69,0.16,1.77,0.0
2496.0,2024-01-03,15:55:21,2496.0,27.63,24.04,55.37,10.34,475.04,25.27,51.04,10.26,25.27,51.04,21.74,61.61,10,36.33,27.04,10.22,475.04,0.17,1.77,0.0
2497.0,2024-01-03,15:55:22,2497.0,27.63,24.04,55.37,10.34,472.96,25.27,51.04,10.26,25.27,51.04,21.74,61.61,10,36.33,27.04,10.22,472.96,0.16,1.76,0.0
2498.0,2024-01-03,15:55:23,2498.0,27.63,24.04,55.38,10.34,470.81,25.27,51.01,10.25,25.27,51.01,21.74,61.57,10,36.33,27.04,10.21,470.81,0.16,1.75,0.0
2499.0,2024-01-03,15:55:24,2499.0,27.63,24.04,55.38,10.34,470.12,25.27,51.01,10.25,25.27,51.01,21.74,61.57,10,36.33,27.04,10.21,470.12,0.16,1.75,0.0
2500.0,2024-01-03,15:55:25,2500.0,27.63,24.04,55.38,10.34,470.64,25.27,51.01,10.25,25.27,51.01,21.74,61.57,10,36.33,27.04,10.21,470.64,0.16,1.75,0.0
2501.0,2024-01-03,15:55:26,2501.0,27.63,24.04,55.38,10.34,470.62,25.28,51,10.25,25.28,51,21.75,61.51,9.99,36.33,27.02,10.21,470.62,0.16,1.75,0.0
2502.0,2024-01-03,15:55:27,2502.0,27.63,24.04,55.38,10.34,469.09,25.28,51,10.25,25.28,51,21.75,61.51,9.99,36.33,27.02,10.21,469.09,0.16,1.74,0.0
2503.0,2024-01-03,15:55:28,2503.0,27.63,24.04,55.38,10.34,469.06,25.28,51,10.25,25.28,51,21.75,61.51,9.99,36.33,27.02,10.21,469.06,0.16,1.74,0.0
2504.0,2024-01-03,15:55:29,2504.0,27.63,24.04,55.38,10.34,468.39,25.28,51,10.25,25.28,51,21.75,61.51,9.99,36.33,27.02,10.21,468.39,0.16,1.74,0.0
2505.0,2024-01-03,15:55:30,2505.0,27.63,24.04,55.37,10.34,469.8,25.28,50.99,10.25,25.28,50.99,21.76,61.47,9.99,36.34,27.02,10.21,469.8,0.16,1.75,0.0
2506.0,2024-01-03,15:55:31,2506.0,27.63,24.04,55.37,10.34,469.97,25.28,50.99,10.25,25.28,50.99,21.76,61.47,9.99,36.34,27.02,10.21,469.97,0.16,1.75,0.0
2507.0,2024-01-03,15:55:32,2507.0,27.63,24.04,55.38,10.34,469.71,25.28,51.02,10.26,25.28,51.02,21.77,61.41,9.99,36.33,27.02,10.21,469.71,0.16,1.75,0.0
2508.0,2024-01-03,15:55:33,2508.0,27.63,24.04,55.38,10.34,467.73,25.28,51.02,10.26,25.28,51.02,21.77,61.41,9.99,36.33,27.02,10.21,467.73,0.16,1.74,0.0
2509.0,2024-01-03,15:55:34,2509.0,27.63,24.04,55.38,10.34,466.22,25.28,51.02,10.26,25.28,51.02,21.77,61.41,9.99,36.33,27.02,10.21,466.22,0.16,1.73,0.0
2510.0,2024-01-03,15:55:35,2510.0,27.63,24.04,55.38,10.34,465.17,25.27,51.04,10.26,25.27,51.04,21.78,61.35,9.99,36.33,27.02,10.21,465.17,0.16,1.73,0.0
2511.0,2024-01-03,15:55:36,2511.0,27.63,24.04,55.38,10.34,466.29,25.27,51.04,10.26,25.27,51.04,21.78,61.35,9.99,36.33,27.02,10.21,466.29,0.16,1.73,0.0
2512.0,2024-01-03,15:55:37,2512.0,27.63,24.04,55.38,10.34,466.81,25.27,51.04,10.26,25.27,51.04,21.78,61.35,9.99,36.33,27.02,10.21,466.81,0.16,1.73,0.0
2513.0,2024-01-03,15:55:38,2513.0,27.63,24.04,55.39,10.34,468.84,25.27,51.07,10.26,25.27,51.07,21.81,61.19,9.98,36.32,27.03,10.21,468.84,0.16,1.74,0.0
2514.0,2024-01-03,15:55:39,2514.0,27.63,24.04,55.39,10.34,468.74,25.27,51.07,10.26,25.27,51.07,21.81,61.19,9.98,36.32,27.03,10.21,468.74,0.16,1.74,0.0
2515.0,2024-01-03,15:55:40,2515.0,27.63,24.04,55.39,10.34,466.56,25.27,51.07,10.26,25.27,51.07,21.81,61.19,9.98,36.32,27.03,10.21,466.56,0.16,1.73,0.0
2516.0,2024-01-03,15:55:41,2516.0,27.63,24.04,55.39,10.34,465.6,25.26,51.1,10.26,25.26,51.1,21.84,60.99,9.96,36.33,27.01,10.2,465.6,0.16,1.73,0.0
2517.0,2024-01-03,15:55:42,2517.0,27.63,24.04,55.39,10.34,468.2,25.26,51.1,10.26,25.26,51.1,21.84,60.99,9.96,36.33,27.01,10.2,468.2,0.16,1.74,0.0
2518.0,2024-01-03,15:55:43,2518.0,27.63,24.04,55.39,10.34,471.13,25.26,51.1,10.26,25.26,51.1,21.84,60.99,9.96,36.33,27.01,10.2,471.13,0.16,1.75,0.0
2519.0,2024-01-03,15:55:44,2519.0,27.63,24.04,55.37,10.34,472.1,25.26,51.12,10.26,25.26,51.12,21.84,60.98,9.96,36.33,27.01,10.2,472.1,0.16,1.75,0.0
2520.0,2024-01-03,15:55:45,2520.0,27.63,24.04,55.37,10.34,475.23,25.26,51.12,10.26,25.26,51.12,21.84,60.98,9.96,36.33,27.01,10.2,475.23,0.17,1.76,0.0
2521.0,2024-01-03,15:55:46,2521.0,27.63,24.04,55.37,10.34,475.35,25.26,51.12,10.26,25.26,51.12,21.84,60.98,9.96,36.33,27.01,10.2,475.35,0.17,1.76,0.0
2522.0,2024-01-03,15:55:47,2522.0,27.64,24.04,55.37,10.34,475.38,25.25,51.13,10.27,25.25,51.13,21.83,61.05,9.97,36.33,27.01,10.2,475.38,0.17,1.76,0.0
2523.0,2024-01-03,15:55:48,2523.0,27.64,24.04,55.37,10.34,475.35,25.25,51.13,10.27,25.25,51.13,21.83,61.05,9.97,36.33,27.01,10.2,475.35,0.17,1.76,0.0
2524.0,2024-01-03,15:55:49,2524.0,27.64,24.04,55.37,10.34,475.17,25.25,51.13,10.27,25.25,51.13,21.83,61.05,9.97,36.33,27.01,10.2,475.17,0.17,1.76,0.0
2525.0,2024-01-03,15:55:50,2525.0,27.64,24.04,55.37,10.34,475.03,25.25,51.13,10.27,25.25,51.13,21.83,61.05,9.97,36.33,27.01,10.2,475.03,0.17,1.76,0.0
2526.0,2024-01-03,15:55:51,2526.0,27.65,24.04,55.36,10.34,473.92,25.25,51.15,10.27,25.25,51.15,21.8,61.22,9.98,36.32,27.02,10.2,473.92,0.17,1.75,0.0
2527.0,2024-01-03,15:55:52,2527.0,27.65,24.04,55.36,10.34,474.05,25.25,51.15,10.27,25.25,51.15,21.8,61.22,9.98,36.32,27.02,10.2,474.05,0.17,1.76,0.0
2528.0,2024-01-03,15:55:53,2528.0,27.65,24.04,55.35,10.34,475.66,25.25,51.15,10.27,25.25,51.15,21.77,61.38,9.98,36.32,27.02,10.2,475.66,0.17,1.76,0.0
2529.0,2024-01-03,15:55:54,2529.0,27.65,24.04,55.35,10.34,475.34,25.25,51.15,10.27,25.25,51.15,21.77,61.38,9.98,36.32,27.02,10.2,475.34,0.17,1.76,0.0
2530.0,2024-01-03,15:55:55,2530.0,27.65,24.04,55.35,10.34,473.41,25.25,51.15,10.27,25.25,51.15,21.77,61.38,9.98,36.32,27.02,10.2,473.41,0.17,1.75,0.0
2531.0,2024-01-03,15:55:56,2531.0,27.65,24.04,55.35,10.34,472.35,25.25,51.17,10.27,25.25,51.17,21.75,61.51,9.99,36.32,27,10.2,472.35,0.17,1.75,0.0
2532.0,2024-01-03,15:55:57,2532.0,27.65,24.04,55.35,10.34,473.43,25.25,51.17,10.27,25.25,51.17,21.75,61.51,9.99,36.32,27,10.2,473.43,0.17,1.75,0.0
2533.0,2024-01-03,15:55:58,2533.0,27.65,24.04,55.35,10.34,474.22,25.25,51.17,10.27,25.25,51.17,21.75,61.51,9.99,36.32,27,10.2,474.22,0.17,1.75,0.0
2534.0,2024-01-03,15:55:59,2534.0,27.65,24.04,55.37,10.34,473.55,25.25,51.15,10.27,25.25,51.15,21.73,61.59,10,36.32,27,10.2,473.55,0.17,1.75,0.0
2535.0,2024-01-03,15:56:00,2535.0,27.65,24.04,55.37,10.34,469.82,25.25,51.15,10.27,25.25,51.15,21.73,61.59,10,36.32,27,10.2,469.82,0.16,1.74,0.0
2536.0,2024-01-03,15:56:01,2536.0,27.65,24.04,55.37,10.34,469.82,25.25,51.15,10.27,25.25,51.15,21.73,61.59,10,36.32,27,10.2,469.82,0.16,1.74,0.0
2537.0,2024-01-03,15:56:02,2537.0,27.65,24.04,55.38,10.34,471.74,25.25,51.15,10.27,25.25,51.15,21.71,61.69,10,36.32,27,10.2,471.74,0.17,1.75,0.0
2538.0,2024-01-03,15:56:03,2538.0,27.65,24.04,55.38,10.34,471.75,25.25,51.15,10.27,25.25,51.15,21.71,61.69,10,36.32,27,10.2,471.75,0.16,1.75,0.0
2539.0,2024-01-03,15:56:04,2539.0,27.65,24.04,55.38,10.34,470.47,25.25,51.15,10.27,25.25,51.15,21.71,61.69,10,36.32,27,10.2,470.47,0.16,1.74,0.0
2540.0,2024-01-03,15:56:05,2540.0,27.64,24.04,55.36,10.34,469.97,25.25,51.14,10.26,25.25,51.14,21.71,61.7,10,36.32,27,10.2,469.97,0.16,1.74,0.0
2541.0,2024-01-03,15:56:06,2541.0,27.64,24.04,55.36,10.34,469.54,25.25,51.14,10.26,25.25,51.14,21.71,61.7,10,36.32,27,10.2,469.54,0.17,1.74,0.0
2542.0,2024-01-03,15:56:07,2542.0,27.64,24.04,55.36,10.34,469.98,25.25,51.14,10.26,25.25,51.14,21.71,61.7,10,36.32,27,10.2,469.98,0.17,1.74,0.0
2543.0,2024-01-03,15:56:08,2543.0,27.64,24.04,55.36,10.33,467.91,25.26,51.12,10.26,25.26,51.12,21.69,61.72,9.99,36.32,27,10.2,467.91,0.16,1.73,0.0
2544.0,2024-01-03,15:56:09,2544.0,27.64,24.04,55.36,10.33,467.55,25.26,51.12,10.26,25.26,51.12,21.69,61.72,9.99,36.32,27,10.2,467.55,0.17,1.73,0.0
2545.0,2024-01-03,15:56:10,2545.0,27.64,24.04,55.36,10.33,471.28,25.26,51.12,10.26,25.26,51.12,21.69,61.72,9.99,36.32,27,10.2,471.28,0.17,1.74,0.0
2546.0,2024-01-03,15:56:11,2546.0,27.63,24.03,55.36,10.33,474.1,25.26,51.12,10.26,25.26,51.12,21.68,61.76,9.99,36.32,27,10.2,474.1,0.17,1.75,0.0
2547.0,2024-01-03,15:56:12,2547.0,27.63,24.03,55.36,10.33,476.14,25.26,51.12,10.26,25.26,51.12,21.68,61.76,9.99,36.32,27,10.2,476.14,0.17,1.76,0.0
2548.0,2024-01-03,15:56:13,2548.0,27.63,24.03,55.36,10.33,476.28,25.26,51.12,10.26,25.26,51.12,21.68,61.76,9.99,36.32,27,10.2,476.28,0.17,1.76,0.0
2549.0,2024-01-03,15:56:14,2549.0,27.63,24.03,55.36,10.33,473.41,25.25,51.13,10.26,25.25,51.13,21.68,61.74,9.99,36.32,27,10.19,473.41,0.17,1.75,0.0
2550.0,2024-01-03,15:56:15,2550.0,27.63,24.03,55.36,10.33,470.17,25.25,51.13,10.26,25.25,51.13,21.68,61.74,9.99,36.32,27,10.19,470.17,0.17,1.74,0.0
2551.0,2024-01-03,15:56:16,2551.0,27.63,24.03,55.36,10.33,464.68,25.25,51.13,10.26,25.25,51.13,21.68,61.74,9.99,36.32,27,10.19,464.68,0.17,1.72,0.0
2552.0,2024-01-03,15:56:17,2552.0,27.63,24.03,55.34,10.33,462.98,25.26,51.12,10.26,25.26,51.12,21.67,61.8,9.99,36.32,26.98,10.19,462.98,0.16,1.71,0.0
2553.0,2024-01-03,15:56:18,2553.0,27.63,24.03,55.34,10.33,464.68,25.26,51.12,10.26,25.26,51.12,21.67,61.8,9.99,36.32,26.98,10.19,464.68,0.17,1.72,0.0
2554.0,2024-01-03,15:56:19,2554.0,27.63,24.03,55.34,10.33,464.63,25.26,51.12,10.26,25.26,51.12,21.67,61.8,9.99,36.32,26.98,10.19,464.63,0.17,1.72,0.0
2555.0,2024-01-03,15:56:20,2555.0,27.63,24.03,55.38,10.34,467.05,25.26,51.09,10.26,25.26,51.09,21.64,61.9,9.99,36.33,26.95,10.18,467.05,0.17,1.73,0.0
2556.0,2024-01-03,15:56:21,2556.0,27.63,24.03,55.38,10.34,469.55,25.26,51.09,10.26,25.26,51.09,21.64,61.9,9.99,36.33,26.95,10.18,469.55,0.16,1.73,0.0
2557.0,2024-01-03,15:56:22,2557.0,27.63,24.03,55.38,10.34,470.24,25.26,51.09,10.26,25.26,51.09,21.64,61.9,9.99,36.33,26.95,10.18,470.24,0.17,1.74,0.0
2558.0,2024-01-03,15:56:23,2558.0,27.63,24.03,55.38,10.34,468.82,25.26,51.09,10.26,25.26,51.09,21.64,61.9,9.99,36.33,26.95,10.18,468.82,0.16,1.73,0.0
2559.0,2024-01-03,15:56:24,2559.0,27.64,24.03,55.38,10.34,468.04,25.26,51.1,10.26,25.26,51.1,21.63,61.99,10,36.34,26.93,10.18,468.04,0.17,1.73,0.0
2560.0,2024-01-03,15:56:25,2560.0,27.64,24.03,55.38,10.34,470.18,25.26,51.1,10.26,25.26,51.1,21.63,61.99,10,36.34,26.93,10.18,470.18,0.17,1.74,0.0
2561.0,2024-01-03,15:56:26,2561.0,27.65,24.03,55.37,10.33,471.24,25.26,51.11,10.26,25.26,51.11,21.61,62.06,10,36.34,26.93,10.18,471.24,0.17,1.74,0.0
2562.0,2024-01-03,15:56:27,2562.0,27.65,24.03,55.37,10.33,473.56,25.26,51.11,10.26,25.26,51.11,21.61,62.06,10,36.34,26.93,10.18,473.56,0.17,1.75,0.0
2563.0,2024-01-03,15:56:28,2563.0,27.65,24.03,55.37,10.33,474.53,25.26,51.11,10.26,25.26,51.11,21.61,62.06,10,36.34,26.93,10.18,474.53,0.17,1.75,0.0
2564.0,2024-01-03,15:56:29,2564.0,27.65,24.03,55.37,10.33,475.35,25.26,51.11,10.26,25.26,51.11,21.61,62.06,10,36.34,26.93,10.18,475.35,0.17,1.76,0.0
2565.0,2024-01-03,15:56:30,2565.0,27.66,24.03,55.37,10.33,475.04,25.25,51.13,10.26,25.25,51.13,21.6,62.12,10,36.34,26.94,10.18,475.04,0.17,1.75,0.0
2566.0,2024-01-03,15:56:31,2566.0,27.66,24.03,55.37,10.33,470.44,25.25,51.13,10.26,25.25,51.13,21.6,62.12,10,36.34,26.94,10.18,470.44,0.17,1.74,0.0
2567.0,2024-01-03,15:56:32,2567.0,27.67,24.03,55.36,10.33,470.32,25.25,51.11,10.26,25.25,51.11,21.59,62.12,9.99,36.34,26.94,10.18,470.32,0.17,1.74,0.0
2568.0,2024-01-03,15:56:33,2568.0,27.67,24.03,55.36,10.33,470.77,25.25,51.11,10.26,25.25,51.11,21.59,62.12,9.99,36.34,26.94,10.18,470.77,0.17,1.74,0.0
2569.0,2024-01-03,15:56:34,2569.0,27.67,24.03,55.36,10.33,471.1,25.25,51.11,10.26,25.25,51.11,21.59,62.12,9.99,36.34,26.94,10.18,471.1,0.17,1.74,0.0
2570.0,2024-01-03,15:56:35,2570.0,27.67,24.03,55.36,10.33,473.48,25.25,51.11,10.26,25.25,51.11,21.6,62.08,9.99,36.34,26.95,10.18,473.48,0.17,1.75,0.0
2571.0,2024-01-03,15:56:36,2571.0,27.67,24.03,55.36,10.33,472.65,25.25,51.11,10.26,25.25,51.11,21.6,62.08,9.99,36.34,26.95,10.18,472.65,0.17,1.75,0.0
2572.0,2024-01-03,15:56:37,2572.0,27.67,24.03,55.36,10.33,468.65,25.25,51.11,10.26,25.25,51.11,21.6,62.08,9.99,36.34,26.95,10.18,468.65,0.17,1.73,0.0
2573.0,2024-01-03,15:56:38,2573.0,27.66,24.03,55.36,10.33,467.11,25.26,51.11,10.26,25.26,51.11,21.61,62.02,9.99,36.33,26.97,10.19,467.11,0.17,1.73,0.0
2574.0,2024-01-03,15:56:39,2574.0,27.66,24.03,55.36,10.33,463.86,25.26,51.11,10.26,25.26,51.11,21.61,62.02,9.99,36.33,26.97,10.19,463.86,0.17,1.71,0.0
2575.0,2024-01-03,15:56:40,2575.0,27.66,24.03,55.36,10.33,464.32,25.26,51.11,10.26,25.26,51.11,21.61,62.02,9.99,36.33,26.97,10.19,464.32,0.17,1.71,0.0
2576.0,2024-01-03,15:56:41,2576.0,27.66,24.02,55.37,10.33,466.44,25.25,51.12,10.26,25.25,51.12,21.63,61.89,9.98,36.32,26.97,10.19,466.44,0.17,1.72,0.0
2577.0,2024-01-03,15:56:42,2577.0,27.66,24.02,55.37,10.33,468.54,25.25,51.12,10.26,25.25,51.12,21.63,61.89,9.98,36.32,26.97,10.19,468.54,0.17,1.73,0.0
2578.0,2024-01-03,15:56:43,2578.0,27.66,24.02,55.37,10.33,471.68,25.25,51.12,10.26,25.25,51.12,21.63,61.89,9.98,36.32,26.97,10.19,471.68,0.17,1.74,0.0
2579.0,2024-01-03,15:56:44,2579.0,27.66,24.02,55.37,10.33,471.06,25.25,51.12,10.26,25.25,51.12,21.63,61.89,9.98,36.32,26.97,10.19,471.06,0.17,1.74,0.0
2580.0,2024-01-03,15:56:45,2580.0,27.66,24.02,55.39,10.33,470.17,25.25,51.11,10.26,25.25,51.11,21.69,61.57,9.96,36.32,26.96,10.18,470.17,0.17,1.74,0.0
2581.0,2024-01-03,15:56:46,2581.0,27.66,24.02,55.39,10.33,469.85,25.25,51.11,10.26,25.25,51.11,21.69,61.57,9.96,36.32,26.96,10.18,469.85,0.17,1.74,0.0
2582.0,2024-01-03,15:56:47,2582.0,27.65,24.02,55.37,10.33,468.62,25.26,51.1,10.26,25.26,51.1,21.75,61.26,9.95,36.33,26.95,10.18,468.62,0.17,1.73,0.0
2583.0,2024-01-03,15:56:48,2583.0,27.65,24.02,55.37,10.33,471.62,25.26,51.1,10.26,25.26,51.1,21.75,61.26,9.95,36.33,26.95,10.18,471.62,0.17,1.74,0.0
2584.0,2024-01-03,15:56:49,2584.0,27.65,24.02,55.37,10.33,475.52,25.26,51.1,10.26,25.26,51.1,21.75,61.26,9.95,36.33,26.95,10.18,475.52,0.17,1.76,0.0
2585.0,2024-01-03,15:56:50,2585.0,27.64,24.02,55.38,10.33,476.15,25.26,51.07,10.26,25.26,51.07,21.77,61.13,9.94,36.32,26.96,10.18,476.15,0.17,1.76,0.0
2586.0,2024-01-03,15:56:51,2586.0,27.64,24.02,55.38,10.33,475.26,25.26,51.07,10.26,25.26,51.07,21.77,61.13,9.94,36.32,26.96,10.18,475.26,0.17,1.76,0.0
2587.0,2024-01-03,15:56:52,2587.0,27.64,24.02,55.38,10.33,474.86,25.26,51.07,10.26,25.26,51.07,21.77,61.13,9.94,36.32,26.96,10.18,474.86,0.17,1.75,0.0
2588.0,2024-01-03,15:56:53,2588.0,27.64,24.02,55.38,10.33,475.03,25.26,51.07,10.26,25.26,51.07,21.78,61.12,9.95,36.33,26.95,10.18,475.03,0.17,1.75,0.0
2589.0,2024-01-03,15:56:54,2589.0,27.64,24.02,55.38,10.33,475.08,25.26,51.07,10.26,25.26,51.07,21.78,61.12,9.95,36.33,26.95,10.18,475.08,0.17,1.75,0.0
2590.0,2024-01-03,15:56:55,2590.0,27.64,24.02,55.38,10.33,475.03,25.26,51.07,10.26,25.26,51.07,21.78,61.12,9.95,36.33,26.95,10.18,475.03,0.17,1.75,0.0
2591.0,2024-01-03,15:56:56,2591.0,27.64,24.02,55.37,10.33,474.75,25.26,51.07,10.26,25.26,51.07,21.77,61.24,9.96,36.32,26.96,10.18,474.75,0.17,1.75,0.0
2592.0,2024-01-03,15:56:57,2592.0,27.64,24.02,55.37,10.33,471.45,25.26,51.07,10.26,25.26,51.07,21.77,61.24,9.96,36.32,26.96,10.18,471.45,0.17,1.74,0.0
2593.0,2024-01-03,15:56:58,2593.0,27.64,24.02,55.37,10.33,470.66,25.26,51.07,10.26,25.26,51.07,21.77,61.24,9.96,36.32,26.96,10.18,470.66,0.17,1.74,0.0
2594.0,2024-01-03,15:56:59,2594.0,27.64,24.02,55.37,10.33,470.35,25.26,51.03,10.25,25.26,51.03,21.75,61.38,9.97,36.33,26.95,10.18,470.35,0.17,1.74,0.0
2595.0,2024-01-03,15:57:00,2595.0,27.64,24.02,55.37,10.33,471.13,25.26,51.03,10.25,25.26,51.03,21.75,61.38,9.97,36.33,26.95,10.18,471.13,0.17,1.74,0.0
2596.0,2024-01-03,15:57:01,2596.0,27.64,24.02,55.37,10.33,472.64,25.26,51.03,10.25,25.26,51.03,21.75,61.38,9.97,36.33,26.95,10.18,472.64,0.17,1.75,0.0
2597.0,2024-01-03,15:57:02,2597.0,27.64,24.02,55.37,10.33,475.3,25.26,51.03,10.25,25.26,51.03,21.75,61.38,9.97,36.33,26.95,10.18,475.3,0.17,1.76,0.0
2598.0,2024-01-03,15:57:03,2598.0,27.64,24.02,55.37,10.33,479.47,25.27,51.01,10.25,25.27,51.01,21.76,61.36,9.97,36.33,26.95,10.18,479.47,0.17,1.77,0.0
2599.0,2024-01-03,15:57:04,2599.0,27.64,24.02,55.37,10.33,477.45,25.27,51.01,10.25,25.27,51.01,21.76,61.36,9.97,36.33,26.95,10.18,477.45,0.17,1.76,0.0
2600.0,2024-01-03,15:57:05,2600.0,27.65,24.02,55.38,10.33,477.11,25.27,50.99,10.25,25.27,50.99,21.76,61.37,9.98,36.32,26.96,10.18,477.11,0.17,1.76,0.0
2601.0,2024-01-03,15:57:06,2601.0,27.65,24.02,55.38,10.33,475.9,25.27,50.99,10.25,25.27,50.99,21.76,61.37,9.98,36.32,26.96,10.18,475.9,0.17,1.76,0.0
2602.0,2024-01-03,15:57:07,2602.0,27.65,24.02,55.38,10.33,475.35,25.27,50.99,10.25,25.27,50.99,21.76,61.37,9.98,36.32,26.96,10.18,475.35,0.17,1.75,0.0
2603.0,2024-01-03,15:57:08,2603.0,27.65,24.02,55.38,10.33,475.06,25.27,50.99,10.25,25.27,50.99,21.76,61.37,9.98,36.32,26.96,10.18,475.06,0.17,1.75,0.0
2604.0,2024-01-03,15:57:09,2604.0,27.65,24.02,55.35,10.32,477.14,25.28,50.96,10.25,25.28,50.96,21.79,61.28,9.98,36.32,26.95,10.18,477.14,0.17,1.76,0.0
2605.0,2024-01-03,15:57:10,2605.0,27.65,24.02,55.35,10.32,481.31,25.28,50.96,10.25,25.28,50.96,21.79,61.28,9.98,36.32,26.95,10.18,481.31,0.17,1.78,0.0
2606.0,2024-01-03,15:57:11,2606.0,27.65,24.02,55.37,10.33,480.72,25.28,50.94,10.24,25.28,50.94,21.82,61.09,9.97,36.32,26.96,10.18,480.72,0.17,1.77,0.0
2607.0,2024-01-03,15:57:12,2607.0,27.65,24.02,55.37,10.33,478.72,25.28,50.94,10.24,25.28,50.94,21.82,61.09,9.97,36.32,26.96,10.18,478.72,0.17,1.77,0.0
2608.0,2024-01-03,15:57:13,2608.0,27.65,24.02,55.37,10.33,476.59,25.28,50.94,10.24,25.28,50.94,21.82,61.09,9.97,36.32,26.96,10.18,476.59,0.17,1.76,0.0
2609.0,2024-01-03,15:57:14,2609.0,27.65,24.02,55.37,10.33,475.21,25.29,50.92,10.24,25.29,50.92,21.85,60.98,9.97,36.32,26.96,10.18,475.21,0.17,1.75,0.0
2610.0,2024-01-03,15:57:15,2610.0,27.65,24.02,55.37,10.33,476.73,25.29,50.92,10.24,25.29,50.92,21.85,60.98,9.97,36.32,26.96,10.18,476.73,0.17,1.76,0.0
2611.0,2024-01-03,15:57:16,2611.0,27.65,24.02,55.37,10.33,478.68,25.29,50.92,10.24,25.29,50.92,21.85,60.98,9.97,36.32,26.96,10.18,478.68,0.17,1.77,0.0
2612.0,2024-01-03,15:57:17,2612.0,27.66,24.02,55.36,10.33,477.39,25.29,50.89,10.24,25.29,50.89,21.87,60.85,9.96,36.32,26.96,10.18,477.39,0.17,1.76,0.0
2613.0,2024-01-03,15:57:18,2613.0,27.66,24.02,55.36,10.33,472.82,25.29,50.89,10.24,25.29,50.89,21.87,60.85,9.96,36.32,26.96,10.18,472.82,0.17,1.75,0.0
2614.0,2024-01-03,15:57:19,2614.0,27.66,24.02,55.36,10.33,471.86,25.29,50.89,10.24,25.29,50.89,21.87,60.85,9.96,36.32,26.96,10.18,471.86,0.17,1.74,0.0
2615.0,2024-01-03,15:57:20,2615.0,27.65,24.02,55.38,10.33,470.94,25.28,50.93,10.24,25.28,50.93,21.89,60.81,9.96,36.32,26.95,10.18,470.94,0.17,1.74,0.0
2616.0,2024-01-03,15:57:21,2616.0,27.65,24.02,55.38,10.33,471.26,25.28,50.93,10.24,25.28,50.93,21.89,60.81,9.96,36.32,26.95,10.18,471.26,0.17,1.74,0.0
2617.0,2024-01-03,15:57:22,2617.0,27.65,24.02,55.38,10.33,473.28,25.28,50.93,10.24,25.28,50.93,21.89,60.81,9.96,36.32,26.95,10.18,473.28,0.17,1.75,0.0
2618.0,2024-01-03,15:57:23,2618.0,27.65,24.02,55.34,10.32,473.8,25.28,50.94,10.24,25.28,50.94,21.92,60.67,9.96,36.32,26.96,10.18,473.8,0.17,1.75,0.0
2619.0,2024-01-03,15:57:24,2619.0,27.65,24.02,55.34,10.32,476.76,25.28,50.94,10.24,25.28,50.94,21.92,60.67,9.96,36.32,26.96,10.18,476.76,0.17,1.76,0.0
2620.0,2024-01-03,15:57:25,2620.0,27.65,24.02,55.34,10.32,477.59,25.28,50.94,10.24,25.28,50.94,21.92,60.67,9.96,36.32,26.96,10.18,477.59,0.17,1.76,0.0
2621.0,2024-01-03,15:57:26,2621.0,27.65,24.02,55.34,10.32,479.42,25.29,50.92,10.24,25.29,50.92,21.94,60.53,9.95,36.31,26.98,10.18,479.42,0.17,1.77,0.0
2622.0,2024-01-03,15:57:27,2622.0,27.65,24.02,55.34,10.32,479,25.29,50.92,10.24,25.29,50.92,21.94,60.53,9.95,36.31,26.98,10.18,479,0.17,1.77,0.0
2623.0,2024-01-03,15:57:28,2623.0,27.65,24.02,55.34,10.32,477.41,25.29,50.92,10.24,25.29,50.92,21.94,60.53,9.95,36.31,26.98,10.18,477.41,0.17,1.76,0.0
2624.0,2024-01-03,15:57:29,2624.0,27.65,24.02,55.35,10.33,476.45,25.29,50.91,10.24,25.29,50.91,21.95,60.51,9.95,36.31,27,10.19,476.45,0.17,1.76,0.0
2625.0,2024-01-03,15:57:30,2625.0,27.65,24.02,55.35,10.33,475.04,25.29,50.91,10.24,25.29,50.91,21.95,60.51,9.95,36.31,27,10.19,475.04,0.17,1.76,0.0
2626.0,2024-01-03,15:57:31,2626.0,27.65,24.02,55.35,10.33,472.5,25.29,50.91,10.24,25.29,50.91,21.95,60.51,9.95,36.31,27,10.19,472.5,0.17,1.75,0.0
2627.0,2024-01-03,15:57:32,2627.0,27.65,24.03,55.33,10.32,469.82,25.28,50.94,10.25,25.28,50.94,21.95,60.57,9.96,36.31,27,10.19,469.82,0.17,1.74,0.0
2628.0,2024-01-03,15:57:33,2628.0,27.65,24.03,55.33,10.32,469.38,25.28,50.94,10.25,25.28,50.94,21.95,60.57,9.96,36.31,27,10.19,469.38,0.17,1.73,0.0
2629.0,2024-01-03,15:57:34,2629.0,27.65,24.03,55.33,10.32,468.85,25.28,50.94,10.25,25.28,50.94,21.95,60.57,9.96,36.31,27,10.19,468.85,0.17,1.73,0.0
2630.0,2024-01-03,15:57:35,2630.0,27.65,24.03,55.33,10.32,468.85,25.28,50.94,10.25,25.28,50.94,21.95,60.57,9.96,36.31,27,10.19,468.85,0.17,1.73,0.0
2631.0,2024-01-03,15:57:36,2631.0,27.66,24.03,55.32,10.32,468.85,25.28,50.93,10.24,25.28,50.93,21.95,60.6,9.96,36.31,27,10.19,468.85,0.17,1.73,0.0
2632.0,2024-01-03,15:57:37,2632.0,27.66,24.03,55.32,10.32,468.75,25.28,50.93,10.24,25.28,50.93,21.95,60.6,9.96,36.31,27,10.19,468.75,0.17,1.73,0.0
2633.0,2024-01-03,15:57:38,2633.0,27.66,24.03,55.3,10.32,469.06,25.28,50.93,10.24,25.28,50.93,21.95,60.59,9.97,36.31,27,10.19,469.06,0.17,1.73,0.0
2634.0,2024-01-03,15:57:39,2634.0,27.66,24.03,55.3,10.32,470.77,25.28,50.93,10.24,25.28,50.93,21.95,60.59,9.97,36.31,27,10.19,470.77,0.17,1.74,0.0
2635.0,2024-01-03,15:57:40,2635.0,27.66,24.03,55.3,10.32,471.14,25.28,50.93,10.24,25.28,50.93,21.95,60.59,9.97,36.31,27,10.19,471.14,0.17,1.74,0.0
2636.0,2024-01-03,15:57:41,2636.0,27.66,24.04,55.3,10.32,470.02,25.29,50.9,10.24,25.29,50.9,21.96,60.55,9.97,36.31,27,10.19,470.02,0.17,1.74,0.0
2637.0,2024-01-03,15:57:42,2637.0,27.66,24.04,55.3,10.32,468.34,25.29,50.9,10.24,25.29,50.9,21.96,60.55,9.97,36.31,27,10.19,468.34,0.17,1.73,0.0
2638.0,2024-01-03,15:57:43,2638.0,27.66,24.04,55.3,10.32,467.4,25.29,50.9,10.24,25.29,50.9,21.96,60.55,9.97,36.31,27,10.19,467.4,0.17,1.73,0.0
2639.0,2024-01-03,15:57:44,2639.0,27.66,24.04,55.27,10.32,467.92,25.29,50.89,10.24,25.29,50.89,21.94,60.68,9.97,36.32,27,10.19,467.92,0.17,1.73,0.0
2640.0,2024-01-03,15:57:45,2640.0,27.66,24.04,55.27,10.32,470.64,25.29,50.89,10.24,25.29,50.89,21.94,60.68,9.97,36.32,27,10.19,470.64,0.17,1.74,0.0
2641.0,2024-01-03,15:57:46,2641.0,27.66,24.04,55.27,10.32,471.07,25.29,50.89,10.24,25.29,50.89,21.94,60.68,9.97,36.32,27,10.19,471.07,0.17,1.74,0.0
2642.0,2024-01-03,15:57:47,2642.0,27.66,24.04,55.27,10.32,469.97,25.29,50.89,10.24,25.29,50.89,21.88,61,9.99,36.32,26.99,10.19,469.97,0.17,1.74,0.0
2643.0,2024-01-03,15:57:48,2643.0,27.66,24.04,55.27,10.32,469.51,25.29,50.89,10.24,25.29,50.89,21.88,61,9.99,36.32,26.99,10.19,469.51,0.17,1.74,0.0
2644.0,2024-01-03,15:57:49,2644.0,27.66,24.04,55.27,10.32,471.44,25.29,50.89,10.24,25.29,50.89,21.88,61,9.99,36.32,26.99,10.19,471.44,0.17,1.75,0.0
2645.0,2024-01-03,15:57:50,2645.0,27.66,24.04,55.25,10.32,472.18,25.29,50.92,10.24,25.29,50.92,21.82,61.32,10.01,36.33,26.97,10.19,472.18,0.17,1.75,0.0
2646.0,2024-01-03,15:57:51,2646.0,27.66,24.04,55.25,10.32,472.53,25.29,50.92,10.24,25.29,50.92,21.82,61.32,10.01,36.33,26.97,10.19,472.53,0.17,1.75,0.0
2647.0,2024-01-03,15:57:52,2647.0,27.66,24.04,55.25,10.32,472.53,25.29,50.92,10.24,25.29,50.92,21.82,61.32,10.01,36.33,26.97,10.19,472.53,0.17,1.75,0.0
2648.0,2024-01-03,15:57:53,2648.0,27.66,24.05,55.23,10.32,472.1,25.28,50.93,10.24,25.28,50.93,21.78,61.57,10.02,36.33,26.97,10.19,472.1,0.17,1.75,0.0
2649.0,2024-01-03,15:57:54,2649.0,27.66,24.05,55.23,10.32,470.9,25.28,50.93,10.24,25.28,50.93,21.78,61.57,10.02,36.33,26.97,10.19,470.9,0.17,1.74,0.0
2650.0,2024-01-03,15:57:55,2650.0,27.66,24.05,55.23,10.32,470.02,25.28,50.93,10.24,25.28,50.93,21.78,61.57,10.02,36.33,26.97,10.19,470.02,0.17,1.74,0.0
2651.0,2024-01-03,15:57:56,2651.0,27.65,24.05,55.23,10.32,469.93,25.28,50.93,10.24,25.28,50.93,21.74,61.69,10.02,36.33,26.98,10.19,469.93,0.17,1.74,0.0
2652.0,2024-01-03,15:57:57,2652.0,27.65,24.05,55.23,10.32,469.22,25.28,50.93,10.24,25.28,50.93,21.74,61.69,10.02,36.33,26.98,10.19,469.22,0.17,1.74,0.0
2653.0,2024-01-03,15:57:58,2653.0,27.65,24.05,55.23,10.32,469.06,25.28,50.93,10.24,25.28,50.93,21.74,61.69,10.02,36.33,26.98,10.19,469.06,0.17,1.74,0.0
2654.0,2024-01-03,15:57:59,2654.0,27.65,24.05,55.23,10.32,469,25.29,50.92,10.24,25.29,50.92,21.72,61.8,10.02,36.33,26.99,10.2,469,0.17,1.74,0.0
2655.0,2024-01-03,15:58:00,2655.0,27.65,24.05,55.23,10.32,469.64,25.29,50.92,10.24,25.29,50.92,21.72,61.8,10.02,36.33,26.99,10.2,469.64,0.17,1.74,0.0
2656.0,2024-01-03,15:58:01,2656.0,27.65,24.05,55.23,10.32,472.71,25.29,50.92,10.24,25.29,50.92,21.72,61.8,10.02,36.33,26.99,10.2,472.71,0.17,1.75,0.0
2657.0,2024-01-03,15:58:02,2657.0,27.65,24.05,55.23,10.32,473.49,25.29,50.92,10.24,25.29,50.92,21.72,61.8,10.02,36.33,26.99,10.2,473.49,0.17,1.76,0.0
2658.0,2024-01-03,15:58:03,2658.0,27.66,24.05,55.22,10.32,472.07,25.29,50.91,10.24,25.29,50.91,21.7,61.87,10.02,36.32,27,10.2,472.07,0.17,1.75,0.0
2659.0,2024-01-03,15:58:04,2659.0,27.66,24.05,55.22,10.32,471.22,25.29,50.91,10.24,25.29,50.91,21.7,61.87,10.02,36.32,27,10.2,471.22,0.17,1.75,0.0
2660.0,2024-01-03,15:58:05,2660.0,27.66,24.05,55.22,10.32,471.11,25.29,50.91,10.24,25.29,50.91,21.7,61.88,10.02,36.32,26.99,10.19,471.11,0.17,1.75,0.0
2661.0,2024-01-03,15:58:06,2661.0,27.66,24.05,55.22,10.32,470.89,25.29,50.91,10.24,25.29,50.91,21.7,61.88,10.02,36.32,26.99,10.19,470.89,0.17,1.74,0.0
2662.0,2024-01-03,15:58:07,2662.0,27.66,24.05,55.22,10.32,470.65,25.29,50.91,10.24,25.29,50.91,21.7,61.88,10.02,36.32,26.99,10.19,470.65,0.17,1.74,0.0
2663.0,2024-01-03,15:58:08,2663.0,27.66,24.05,55.22,10.32,471.59,25.29,50.92,10.24,25.29,50.92,21.71,61.86,10.02,36.32,26.99,10.19,471.59,0.17,1.75,0.0
2664.0,2024-01-03,15:58:09,2664.0,27.66,24.05,55.22,10.32,472.9,25.29,50.92,10.24,25.29,50.92,21.71,61.86,10.02,36.32,26.99,10.19,472.9,0.17,1.75,0.0
2665.0,2024-01-03,15:58:10,2665.0,27.66,24.05,55.22,10.32,473.16,25.29,50.92,10.24,25.29,50.92,21.71,61.86,10.02,36.32,26.99,10.19,473.16,0.17,1.75,0.0
2666.0,2024-01-03,15:58:11,2666.0,27.66,24.05,55.22,10.32,471.74,25.29,50.91,10.24,25.29,50.91,21.72,61.83,10.03,36.32,26.98,10.19,471.74,0.17,1.75,0.0
2667.0,2024-01-03,15:58:12,2667.0,27.66,24.05,55.22,10.32,465.01,25.29,50.91,10.24,25.29,50.91,21.72,61.83,10.03,36.32,26.98,10.19,465.01,0.17,1.72,0.0
2668.0,2024-01-03,15:58:13,2668.0,27.66,24.05,55.22,10.32,463.74,25.29,50.91,10.24,25.29,50.91,21.72,61.83,10.03,36.32,26.98,10.19,463.74,0.16,1.72,0.0
2669.0,2024-01-03,15:58:14,2669.0,27.66,24.05,55.22,10.32,464.28,25.29,50.87,10.24,25.29,50.87,21.72,61.82,10.03,36.32,26.98,10.19,464.28,0.16,1.72,0.0
2670.0,2024-01-03,15:58:15,2670.0,27.66,24.05,55.22,10.32,464.87,25.29,50.87,10.24,25.29,50.87,21.72,61.82,10.03,36.32,26.98,10.19,464.87,0.16,1.72,0.0
2671.0,2024-01-03,15:58:16,2671.0,27.66,24.05,55.22,10.32,465.81,25.29,50.87,10.24,25.29,50.87,21.72,61.82,10.03,36.32,26.98,10.19,465.81,0.16,1.72,0.0
2672.0,2024-01-03,15:58:17,2672.0,27.67,24.05,55.22,10.32,465.91,25.3,50.86,10.24,25.3,50.86,21.71,61.89,10.03,36.33,26.96,10.18,465.91,0.16,1.72,0.0
2673.0,2024-01-03,15:58:18,2673.0,27.67,24.05,55.22,10.32,468.5,25.3,50.86,10.24,25.3,50.86,21.71,61.89,10.03,36.33,26.96,10.18,468.5,0.17,1.73,0.0
2674.0,2024-01-03,15:58:19,2674.0,27.67,24.05,55.22,10.32,469.44,25.3,50.86,10.24,25.3,50.86,21.71,61.89,10.03,36.33,26.96,10.18,469.44,0.17,1.74,0.0
2675.0,2024-01-03,15:58:20,2675.0,27.66,24.05,55.2,10.31,470.79,25.3,50.83,10.23,25.3,50.83,21.7,61.95,10.03,36.33,26.96,10.18,470.79,0.17,1.74,0.0
2676.0,2024-01-03,15:58:21,2676.0,27.66,24.05,55.2,10.31,470.39,25.3,50.83,10.23,25.3,50.83,21.7,61.95,10.03,36.33,26.96,10.18,470.39,0.17,1.74,0.0
2677.0,2024-01-03,15:58:22,2677.0,27.66,24.05,55.2,10.31,472.49,25.3,50.83,10.23,25.3,50.83,21.7,61.95,10.03,36.33,26.96,10.18,472.49,0.17,1.75,0.0
2678.0,2024-01-03,15:58:23,2678.0,27.66,24.05,55.21,10.31,473.81,25.3,50.85,10.24,25.3,50.85,21.7,61.93,10.03,36.33,26.95,10.18,473.81,0.17,1.75,0.0
2679.0,2024-01-03,15:58:24,2679.0,27.66,24.05,55.21,10.31,473.61,25.3,50.85,10.24,25.3,50.85,21.7,61.93,10.03,36.33,26.95,10.18,473.61,0.17,1.75,0.0
2680.0,2024-01-03,15:58:25,2680.0,27.66,24.05,55.21,10.31,472.27,25.3,50.85,10.24,25.3,50.85,21.7,61.93,10.03,36.33,26.95,10.18,472.27,0.17,1.74,0.0
2681.0,2024-01-03,15:58:26,2681.0,27.67,24.05,55.2,10.31,471.71,25.3,50.86,10.24,25.3,50.86,21.68,61.98,10.03,36.33,26.94,10.18,471.71,0.17,1.74,0.0
2682.0,2024-01-03,15:58:27,2682.0,27.67,24.05,55.2,10.31,471.68,25.3,50.86,10.24,25.3,50.86,21.68,61.98,10.03,36.33,26.94,10.18,471.68,0.17,1.74,0.0
2683.0,2024-01-03,15:58:28,2683.0,27.67,24.05,55.2,10.31,471.41,25.3,50.86,10.24,25.3,50.86,21.68,61.98,10.03,36.33,26.94,10.18,471.41,0.17,1.74,0.0
2684.0,2024-01-03,15:58:29,2684.0,27.67,24.05,55.22,10.32,471.41,25.29,50.9,10.24,25.29,50.9,21.65,62.11,10.03,36.34,26.93,10.18,471.41,0.17,1.74,0.0
2685.0,2024-01-03,15:58:30,2685.0,27.67,24.05,55.22,10.32,471.11,25.29,50.9,10.24,25.29,50.9,21.65,62.11,10.03,36.34,26.93,10.18,471.11,0.17,1.74,0.0
2686.0,2024-01-03,15:58:31,2686.0,27.67,24.05,55.22,10.32,470.96,25.29,50.9,10.24,25.29,50.9,21.65,62.11,10.03,36.34,26.93,10.18,470.96,0.17,1.74,0.0
2687.0,2024-01-03,15:58:32,2687.0,27.67,24.04,55.22,10.31,470.91,25.29,50.9,10.24,25.29,50.9,21.64,62.17,10.03,36.34,26.92,10.18,470.91,0.17,1.74,0.0
2688.0,2024-01-03,15:58:33,2688.0,27.67,24.04,55.22,10.31,471.86,25.29,50.9,10.24,25.29,50.9,21.64,62.17,10.03,36.34,26.92,10.18,471.86,0.17,1.74,0.0
2689.0,2024-01-03,15:58:34,2689.0,27.67,24.04,55.22,10.31,474.48,25.29,50.9,10.24,25.29,50.9,21.64,62.17,10.03,36.34,26.92,10.18,474.48,0.17,1.75,0.0
2690.0,2024-01-03,15:58:35,2690.0,27.67,24.04,55.22,10.31,475.02,25.29,50.9,10.24,25.29,50.9,21.64,62.17,10.03,36.34,26.92,10.18,475.02,0.17,1.76,0.0
2691.0,2024-01-03,15:58:36,2691.0,27.67,24.04,55.22,10.31,477.28,25.29,50.89,10.24,25.29,50.89,21.65,62.09,10.02,36.34,26.92,10.18,477.28,0.17,1.76,0.0
2692.0,2024-01-03,15:58:37,2692.0,27.67,24.04,55.22,10.31,478.19,25.29,50.89,10.24,25.29,50.89,21.65,62.09,10.02,36.34,26.92,10.18,478.19,0.17,1.77,0.0
2693.0,2024-01-03,15:58:38,2693.0,27.67,24.04,55.22,10.31,478.81,25.29,50.88,10.24,25.29,50.88,21.72,61.6,9.99,36.34,26.92,10.17,478.81,0.17,1.77,0.0
2694.0,2024-01-03,15:58:39,2694.0,27.67,24.04,55.22,10.31,479.32,25.29,50.88,10.24,25.29,50.88,21.72,61.6,9.99,36.34,26.92,10.17,479.32,0.17,1.77,0.0
2695.0,2024-01-03,15:58:40,2695.0,27.67,24.04,55.22,10.31,479.51,25.29,50.88,10.24,25.29,50.88,21.72,61.6,9.99,36.34,26.92,10.17,479.51,0.17,1.77,0.0
2696.0,2024-01-03,15:58:41,2696.0,27.68,24.04,55.2,10.31,477.68,25.29,50.9,10.24,25.29,50.9,21.81,61,9.95,36.34,26.92,10.18,477.68,0.17,1.77,0.0
2697.0,2024-01-03,15:58:42,2697.0,27.68,24.04,55.2,10.31,476.62,25.29,50.9,10.24,25.29,50.9,21.81,61,9.95,36.34,26.92,10.18,476.62,0.17,1.76,0.0
2698.0,2024-01-03,15:58:43,2698.0,27.68,24.04,55.2,10.31,477.42,25.29,50.9,10.24,25.29,50.9,21.81,61,9.95,36.34,26.92,10.18,477.42,0.17,1.76,0.0
2699.0,2024-01-03,15:58:44,2699.0,27.68,24.04,55.22,10.31,478.66,25.29,50.9,10.24,25.29,50.9,21.84,60.78,9.93,36.34,26.92,10.18,478.66,0.17,1.77,0.0
2700.0,2024-01-03,15:58:45,2700.0,27.68,24.04,55.22,10.31,478.66,25.29,50.9,10.24,25.29,50.9,21.84,60.78,9.93,36.34,26.92,10.18,478.66,0.17,1.77,0.0
2701.0,2024-01-03,15:58:46,2701.0,27.68,24.04,55.22,10.31,478.7,25.29,50.9,10.24,25.29,50.9,21.84,60.78,9.93,36.34,26.92,10.18,478.7,0.17,1.77,0.0
2702.0,2024-01-03,15:58:47,2702.0,27.68,24.04,55.2,10.31,478.62,25.29,50.9,10.24,25.29,50.9,21.85,60.71,9.92,36.34,26.92,10.17,478.62,0.17,1.77,0.0
2703.0,2024-01-03,15:58:48,2703.0,27.68,24.04,55.2,10.31,478.58,25.29,50.9,10.24,25.29,50.9,21.85,60.71,9.92,36.34,26.92,10.17,478.58,0.17,1.77,0.0
2704.0,2024-01-03,15:58:49,2704.0,27.68,24.04,55.2,10.31,478.83,25.29,50.9,10.24,25.29,50.9,21.85,60.71,9.92,36.34,26.92,10.17,478.83,0.17,1.77,0.0
2705.0,2024-01-03,15:58:50,2705.0,27.68,24.04,55.21,10.31,478.81,25.29,50.91,10.24,25.29,50.91,21.86,60.67,9.92,36.34,26.93,10.18,478.81,0.17,1.77,0.0
2706.0,2024-01-03,15:58:51,2706.0,27.68,24.04,55.21,10.31,479.91,25.29,50.91,10.24,25.29,50.91,21.86,60.67,9.92,36.34,26.93,10.18,479.91,0.18,1.77,0.0
2707.0,2024-01-03,15:58:52,2707.0,27.68,24.04,55.21,10.31,481.07,25.29,50.91,10.24,25.29,50.91,21.86,60.67,9.92,36.34,26.93,10.18,481.07,0.18,1.78,0.0
2708.0,2024-01-03,15:58:53,2708.0,27.68,24.04,55.21,10.31,481.58,25.29,50.9,10.24,25.29,50.9,21.86,60.65,9.92,36.33,26.93,10.18,481.58,0.18,1.78,0.0
2709.0,2024-01-03,15:58:54,2709.0,27.68,24.04,55.21,10.31,481.49,25.29,50.9,10.24,25.29,50.9,21.86,60.65,9.92,36.33,26.93,10.18,481.49,0.18,1.78,0.0
2710.0,2024-01-03,15:58:55,2710.0,27.68,24.04,55.21,10.31,481.28,25.29,50.9,10.24,25.29,50.9,21.86,60.65,9.92,36.33,26.93,10.18,481.28,0.18,1.78,0.0
2711.0,2024-01-03,15:58:56,2711.0,27.69,24.04,55.21,10.31,479.78,25.29,50.89,10.24,25.29,50.89,21.87,60.64,9.92,36.34,26.93,10.18,479.78,0.18,1.77,0.0
2712.0,2024-01-03,15:58:57,2712.0,27.69,24.04,55.21,10.31,475.21,25.29,50.89,10.24,25.29,50.89,21.87,60.64,9.92,36.34,26.93,10.18,475.21,0.17,1.76,0.0
2713.0,2024-01-03,15:58:58,2713.0,27.69,24.04,55.21,10.31,474.76,25.29,50.89,10.24,25.29,50.89,21.87,60.64,9.92,36.34,26.93,10.18,474.76,0.17,1.75,0.0
2714.0,2024-01-03,15:58:59,2714.0,27.69,24.04,55.2,10.31,474.27,25.29,50.86,10.23,25.29,50.86,21.89,60.56,9.92,36.34,26.92,10.17,474.27,0.17,1.75,0.0
2715.0,2024-01-03,15:59:00,2715.0,27.69,24.04,55.2,10.31,472.57,25.29,50.86,10.23,25.29,50.86,21.89,60.56,9.92,36.34,26.92,10.17,472.57,0.17,1.75,0.0
2716.0,2024-01-03,15:59:01,2716.0,27.69,24.04,55.2,10.31,471.29,25.29,50.86,10.23,25.29,50.86,21.89,60.56,9.92,36.34,26.92,10.17,471.29,0.17,1.74,0.0
2717.0,2024-01-03,15:59:02,2717.0,27.68,24.04,55.19,10.3,470.92,25.29,50.86,10.23,25.29,50.86,21.89,60.58,9.92,36.33,26.92,10.17,470.92,0.17,1.74,0.0
2718.0,2024-01-03,15:59:03,2718.0,27.68,24.04,55.19,10.3,470.12,25.29,50.86,10.23,25.29,50.86,21.89,60.58,9.92,36.33,26.92,10.17,470.12,0.17,1.74,0.0
2719.0,2024-01-03,15:59:04,2719.0,27.68,24.04,55.19,10.3,469.92,25.29,50.86,10.23,25.29,50.86,21.89,60.58,9.92,36.33,26.92,10.17,469.92,0.17,1.74,0.0
2720.0,2024-01-03,15:59:05,2720.0,27.69,24.04,55.19,10.3,469.84,25.29,50.87,10.23,25.29,50.87,21.86,60.71,9.93,36.33,26.92,10.17,469.84,0.17,1.74,0.0
2721.0,2024-01-03,15:59:06,2721.0,27.69,24.04,55.19,10.3,470.28,25.29,50.87,10.23,25.29,50.87,21.86,60.71,9.93,36.33,26.92,10.17,470.28,0.17,1.74,0.0
2722.0,2024-01-03,15:59:07,2722.0,27.69,24.04,55.19,10.3,472.36,25.29,50.87,10.23,25.29,50.87,21.86,60.71,9.93,36.33,26.92,10.17,472.36,0.17,1.75,0.0
2723.0,2024-01-03,15:59:08,2723.0,27.68,24.04,55.2,10.31,472.87,25.29,50.87,10.23,25.29,50.87,21.84,60.83,9.94,36.33,26.92,10.17,472.87,0.17,1.75,0.0
2724.0,2024-01-03,15:59:09,2724.0,27.68,24.04,55.2,10.31,476.62,25.29,50.87,10.23,25.29,50.87,21.84,60.83,9.94,36.33,26.92,10.17,476.62,0.17,1.76,0.0
2725.0,2024-01-03,15:59:10,2725.0,27.68,24.04,55.2,10.31,477.85,25.29,50.87,10.23,25.29,50.87,21.84,60.83,9.94,36.33,26.92,10.17,477.85,0.17,1.77,0.0
2726.0,2024-01-03,15:59:11,2726.0,27.68,24.04,55.18,10.3,476.06,25.29,50.85,10.23,25.29,50.85,21.84,60.82,9.93,36.33,26.92,10.17,476.06,0.17,1.76,0.0
2727.0,2024-01-03,15:59:12,2727.0,27.68,24.04,55.18,10.3,474.72,25.29,50.85,10.23,25.29,50.85,21.84,60.82,9.93,36.33,26.92,10.17,474.72,0.17,1.76,0.0
2728.0,2024-01-03,15:59:13,2728.0,27.68,24.04,55.18,10.3,473.8,25.29,50.85,10.23,25.29,50.85,21.84,60.82,9.93,36.33,26.92,10.17,473.8,0.17,1.75,0.0
2729.0,2024-01-03,15:59:14,2729.0,27.68,24.04,55.19,10.3,473.62,25.29,50.84,10.23,25.29,50.84,21.83,60.86,9.93,36.33,26.92,10.17,473.62,0.17,1.75,0.0
2730.0,2024-01-03,15:59:15,2730.0,27.68,24.04,55.19,10.3,474.11,25.29,50.84,10.23,25.29,50.84,21.83,60.86,9.93,36.33,26.92,10.17,474.11,0.17,1.75,0.0
2731.0,2024-01-03,15:59:16,2731.0,27.68,24.04,55.19,10.3,478.66,25.29,50.84,10.23,25.29,50.84,21.83,60.86,9.93,36.33,26.92,10.17,478.66,0.17,1.77,0.0
2732.0,2024-01-03,15:59:17,2732.0,27.68,24.04,55.16,10.3,479.94,25.3,50.82,10.23,25.3,50.82,21.81,61,9.94,36.33,26.92,10.17,479.94,0.18,1.77,0.0
2733.0,2024-01-03,15:59:18,2733.0,27.68,24.04,55.16,10.3,480.68,25.3,50.82,10.23,25.3,50.82,21.81,61,9.94,36.33,26.92,10.17,480.68,0.18,1.78,0.0
2734.0,2024-01-03,15:59:19,2734.0,27.68,24.04,55.16,10.3,480.37,25.3,50.82,10.23,25.3,50.82,21.81,61,9.94,36.33,26.92,10.17,480.37,0.18,1.78,0.0
2735.0,2024-01-03,15:59:20,2735.0,27.68,24.04,55.16,10.3,476.26,25.3,50.82,10.23,25.3,50.82,21.81,61,9.94,36.33,26.92,10.17,476.26,0.18,1.76,0.0
2736.0,2024-01-03,15:59:21,2736.0,27.69,24.04,55.18,10.3,474.93,25.3,50.81,10.23,25.3,50.81,21.77,61.22,9.96,36.33,26.93,10.17,474.93,0.17,1.76,0.0
2737.0,2024-01-03,15:59:22,2737.0,27.69,24.04,55.18,10.3,474.89,25.3,50.81,10.23,25.3,50.81,21.77,61.22,9.96,36.33,26.93,10.17,474.89,0.17,1.76,0.0
2738.0,2024-01-03,15:59:23,2738.0,27.69,24.04,55.18,10.3,475.97,25.3,50.79,10.23,25.3,50.79,21.74,61.4,9.97,36.33,26.93,10.17,475.97,0.17,1.76,0.0
2739.0,2024-01-03,15:59:24,2739.0,27.69,24.04,55.18,10.3,479.46,25.3,50.79,10.23,25.3,50.79,21.74,61.4,9.97,36.33,26.93,10.17,479.46,0.18,1.77,0.0
2740.0,2024-01-03,15:59:25,2740.0,27.69,24.04,55.18,10.3,480.23,25.3,50.79,10.23,25.3,50.79,21.74,61.4,9.97,36.33,26.93,10.17,480.23,0.18,1.78,0.0
2741.0,2024-01-03,15:59:26,2741.0,27.69,24.04,55.17,10.3,481.01,25.31,50.79,10.23,25.31,50.79,21.74,61.44,9.97,36.34,26.92,10.17,481.01,0.18,1.78,0.0
2742.0,2024-01-03,15:59:27,2742.0,27.69,24.04,55.17,10.3,480.68,25.31,50.79,10.23,25.31,50.79,21.74,61.44,9.97,36.34,26.92,10.17,480.68,0.18,1.78,0.0
2743.0,2024-01-03,15:59:28,2743.0,27.69,24.04,55.17,10.3,477.45,25.31,50.79,10.23,25.31,50.79,21.74,61.44,9.97,36.34,26.92,10.17,477.45,0.17,1.77,0.0
2744.0,2024-01-03,15:59:29,2744.0,27.69,24.04,55.16,10.3,476.6,25.3,50.82,10.23,25.3,50.82,21.73,61.46,9.97,36.35,26.9,10.17,476.6,0.17,1.76,0.0
2745.0,2024-01-03,15:59:30,2745.0,27.69,24.04,55.16,10.3,476,25.3,50.82,10.23,25.3,50.82,21.73,61.46,9.97,36.35,26.9,10.17,476,0.17,1.76,0.0
2746.0,2024-01-03,15:59:31,2746.0,27.69,24.04,55.16,10.3,475.88,25.3,50.82,10.23,25.3,50.82,21.73,61.46,9.97,36.35,26.9,10.17,475.88,0.17,1.76,0.0
2747.0,2024-01-03,15:59:32,2747.0,27.69,24.04,55.15,10.3,476.66,25.3,50.85,10.23,25.3,50.85,21.73,61.49,9.98,36.36,26.88,10.17,476.66,0.18,1.76,0.0
2748.0,2024-01-03,15:59:33,2748.0,27.69,24.04,55.15,10.3,478.39,25.3,50.85,10.23,25.3,50.85,21.73,61.49,9.98,36.36,26.88,10.17,478.39,0.18,1.77,0.0
2749.0,2024-01-03,15:59:34,2749.0,27.69,24.04,55.15,10.3,480.55,25.3,50.85,10.23,25.3,50.85,21.73,61.49,9.98,36.36,26.88,10.17,480.55,0.18,1.78,0.0
2750.0,2024-01-03,15:59:35,2750.0,27.68,24.04,55.15,10.3,480.85,25.29,50.87,10.24,25.29,50.87,21.74,61.41,9.97,36.36,26.88,10.17,480.85,0.18,1.78,0.0
2751.0,2024-01-03,15:59:36,2751.0,27.68,24.04,55.15,10.3,480.08,25.29,50.87,10.24,25.29,50.87,21.74,61.41,9.97,36.36,26.88,10.17,480.08,0.18,1.78,0.0
2752.0,2024-01-03,15:59:37,2752.0,27.68,24.04,55.15,10.3,479.92,25.29,50.87,10.24,25.29,50.87,21.74,61.41,9.97,36.36,26.88,10.17,479.92,0.18,1.77,0.0
2753.0,2024-01-03,15:59:38,2753.0,27.68,24.05,55.13,10.3,477.87,25.29,50.88,10.24,25.29,50.88,21.74,61.4,9.97,36.36,26.88,10.17,477.87,0.18,1.77,0.0
2754.0,2024-01-03,15:59:39,2754.0,27.68,24.05,55.13,10.3,476.94,25.29,50.88,10.24,25.29,50.88,21.74,61.4,9.97,36.36,26.88,10.17,476.94,0.18,1.76,0.0
2755.0,2024-01-03,15:59:40,2755.0,27.68,24.05,55.13,10.3,476.36,25.29,50.88,10.24,25.29,50.88,21.74,61.4,9.97,36.36,26.88,10.17,476.36,0.18,1.76,0.0
2756.0,2024-01-03,15:59:41,2756.0,27.69,24.04,55.13,10.3,476.83,25.29,50.88,10.23,25.29,50.88,21.76,61.4,9.98,36.35,26.88,10.17,476.83,0.18,1.76,0.0
2757.0,2024-01-03,15:59:42,2757.0,27.69,24.04,55.12,10.29,477.72,25.29,50.9,10.24,25.29,50.9,21.76,61.31,9.96,36.35,26.88,10.17,477.72,0.18,1.77,0.0
2758.0,2024-01-03,15:59:43,2758.0,27.69,24.04,55.12,10.29,477.24,25.29,50.9,10.24,25.29,50.9,21.76,61.31,9.96,36.35,26.88,10.17,477.24,0.18,1.76,0.0
2759.0,2024-01-03,15:59:44,2759.0,27.69,24.04,55.14,10.3,475.05,25.29,50.89,10.24,25.29,50.89,21.8,61.05,9.94,36.35,26.89,10.17,475.05,0.18,1.76,0.0
2760.0,2024-01-03,15:59:45,2760.0,27.69,24.04,55.14,10.3,475.1,25.29,50.89,10.24,25.29,50.89,21.8,61.05,9.94,36.35,26.89,10.17,475.1,0.18,1.76,0.0
2761.0,2024-01-03,15:59:46,2761.0,27.69,24.04,55.14,10.3,474.91,25.29,50.89,10.24,25.29,50.89,21.8,61.05,9.94,36.35,26.89,10.17,474.91,0.18,1.76,0.0
2762.0,2024-01-03,15:59:47,2762.0,27.69,24.04,55.14,10.3,475.24,25.29,50.89,10.24,25.29,50.89,21.8,61.05,9.94,36.35,26.89,10.17,475.24,0.18,1.76,0.0
2763.0,2024-01-03,15:59:48,2763.0,27.7,24.05,55.14,10.3,475.26,25.29,50.88,10.24,25.29,50.88,21.85,60.71,9.92,36.35,26.89,10.17,475.26,0.18,1.76,0.0
2764.0,2024-01-03,15:59:49,2764.0,27.7,24.05,55.14,10.3,475.39,25.29,50.88,10.24,25.29,50.88,21.85,60.71,9.92,36.35,26.89,10.17,475.39,0.18,1.76,0.0
2765.0,2024-01-03,15:59:50,2765.0,27.7,24.05,55.15,10.3,475.02,25.29,50.88,10.24,25.29,50.88,21.9,60.43,9.91,36.35,26.9,10.17,475.02,0.17,1.76,0.0
2766.0,2024-01-03,15:59:51,2766.0,27.7,24.05,55.15,10.3,475.18,25.29,50.88,10.24,25.29,50.88,21.9,60.43,9.91,36.35,26.9,10.17,475.18,0.18,1.76,0.0
2767.0,2024-01-03,15:59:52,2767.0,27.7,24.05,55.15,10.3,476.15,25.29,50.88,10.24,25.29,50.88,21.9,60.43,9.91,36.35,26.9,10.17,476.15,0.18,1.76,0.0
2768.0,2024-01-03,15:59:53,2768.0,27.7,24.05,55.15,10.3,475.17,25.29,50.88,10.24,25.29,50.88,21.9,60.43,9.91,36.35,26.9,10.17,475.17,0.18,1.76,0.0
2769.0,2024-01-03,15:59:54,2769.0,27.7,24.04,55.16,10.3,475.2,25.29,50.89,10.24,25.29,50.89,21.93,60.23,9.89,36.35,26.9,10.17,475.2,0.17,1.76,0.0
2770.0,2024-01-03,15:59:55,2770.0,27.7,24.04,55.16,10.3,475.34,25.29,50.89,10.24,25.29,50.89,21.93,60.23,9.89,36.35,26.9,10.17,475.34,0.17,1.76,0.0
2771.0,2024-01-03,15:59:56,2771.0,27.7,24.04,55.17,10.3,475.19,25.28,50.92,10.24,25.28,50.92,21.92,60.3,9.9,36.35,26.9,10.17,475.19,0.17,1.76,0.0
2772.0,2024-01-03,15:59:57,2772.0,27.7,24.04,55.17,10.3,474.76,25.28,50.92,10.24,25.28,50.92,21.92,60.3,9.9,36.35,26.9,10.17,474.76,0.17,1.75,0.0
2773.0,2024-01-03,15:59:58,2773.0,27.7,24.04,55.17,10.3,474.54,25.28,50.92,10.24,25.28,50.92,21.92,60.3,9.9,36.35,26.9,10.17,474.54,0.17,1.75,0.0
2774.0,2024-01-03,15:59:59,2774.0,27.7,24.04,55.17,10.3,474.26,25.28,50.92,10.24,25.28,50.92,21.9,60.43,9.9,36.35,26.9,10.17,474.26,0.17,1.75,0.0
2775.0,2024-01-03,16:00:00,2775.0,27.7,24.04,55.16,10.3,474.4,25.28,50.92,10.24,25.28,50.92,21.9,60.43,9.9,36.35,26.9,10.17,474.4,0.17,1.75,0.0
2776.0,2024-01-03,16:00:01,2776.0,27.7,24.04,55.16,10.3,474.53,25.28,50.92,10.24,25.28,50.92,21.9,60.43,9.9,36.35,26.9,10.17,474.53,0.17,1.75,0.0
2777.0,2024-01-03,16:00:02,2777.0,27.7,24.04,55.15,10.3,475.31,25.28,50.92,10.24,25.28,50.92,21.85,60.72,9.92,36.34,26.92,10.17,475.31,0.18,1.76,0.0
2778.0,2024-01-03,16:00:03,2778.0,27.7,24.04,55.15,10.3,476.49,25.28,50.92,10.24,25.28,50.92,21.85,60.72,9.92,36.34,26.92,10.17,476.49,0.18,1.76,0.0
2779.0,2024-01-03,16:00:04,2779.0,27.7,24.04,55.15,10.3,476.92,25.28,50.92,10.24,25.28,50.92,21.85,60.72,9.92,36.34,26.92,10.17,476.92,0.18,1.76,0.0
2780.0,2024-01-03,16:00:05,2780.0,27.7,24.05,55.15,10.3,477.41,25.28,50.93,10.24,25.28,50.93,21.8,60.99,9.94,36.33,26.93,10.18,477.41,0.18,1.77,0.0
2781.0,2024-01-03,16:00:06,2781.0,27.7,24.05,55.15,10.3,477.43,25.28,50.93,10.24,25.28,50.93,21.8,60.99,9.94,36.33,26.93,10.18,477.43,0.18,1.77,0.0
2782.0,2024-01-03,16:00:07,2782.0,27.7,24.05,55.15,10.3,475.11,25.28,50.93,10.24,25.28,50.93,21.8,60.99,9.94,36.33,26.93,10.18,475.11,0.17,1.76,0.0
2783.0,2024-01-03,16:00:08,2783.0,27.7,24.05,55.15,10.3,473.01,25.28,50.93,10.24,25.28,50.93,21.78,61.14,9.95,36.33,26.92,10.17,473.01,0.17,1.75,0.0
2784.0,2024-01-03,16:00:09,2784.0,27.7,24.05,55.15,10.3,469.97,25.28,50.93,10.24,25.28,50.93,21.78,61.14,9.95,36.33,26.92,10.17,469.97,0.17,1.74,0.0
2785.0,2024-01-03,16:00:10,2785.0,27.7,24.05,55.15,10.3,470.16,25.28,50.93,10.24,25.28,50.93,21.78,61.14,9.95,36.33,26.92,10.17,470.16,0.17,1.74,0.0
2786.0,2024-01-03,16:00:11,2786.0,27.7,24.05,55.15,10.3,471.45,25.29,50.9,10.24,25.29,50.9,21.77,61.17,9.95,36.34,26.9,10.17,471.45,0.17,1.74,0.0
2787.0,2024-01-03,16:00:12,2787.0,27.7,24.05,55.15,10.3,471.73,25.29,50.9,10.24,25.29,50.9,21.77,61.17,9.95,36.34,26.9,10.17,471.73,0.17,1.74,0.0
2788.0,2024-01-03,16:00:13,2788.0,27.7,24.05,55.15,10.3,474.33,25.29,50.9,10.24,25.29,50.9,21.77,61.17,9.95,36.34,26.9,10.17,474.33,0.17,1.75,0.0
2789.0,2024-01-03,16:00:14,2789.0,27.69,24.05,55.14,10.3,473.27,25.29,50.86,10.23,25.29,50.86,21.77,61.2,9.95,36.35,26.88,10.16,473.27,0.17,1.75,0.0
2790.0,2024-01-03,16:00:15,2790.0,27.69,24.05,55.14,10.3,472.37,25.29,50.86,10.23,25.29,50.86,21.77,61.2,9.95,36.35,26.88,10.16,472.37,0.17,1.74,0.0
2791.0,2024-01-03,16:00:16,2791.0,27.69,24.05,55.14,10.3,472.03,25.29,50.86,10.23,25.29,50.86,21.77,61.2,9.95,36.35,26.88,10.16,472.03,0.17,1.74,0.0
2792.0,2024-01-03,16:00:17,2792.0,27.69,24.05,55.15,10.3,472.15,25.3,50.84,10.23,25.3,50.84,21.75,61.31,9.96,36.35,26.87,10.16,472.15,0.17,1.74,0.0
2793.0,2024-01-03,16:00:18,2793.0,27.69,24.05,55.15,10.3,474.75,25.3,50.84,10.23,25.3,50.84,21.75,61.31,9.96,36.35,26.87,10.16,474.75,0.17,1.75,0.0
2794.0,2024-01-03,16:00:19,2794.0,27.69,24.05,55.15,10.3,475.54,25.3,50.84,10.23,25.3,50.84,21.75,61.31,9.96,36.35,26.87,10.16,475.54,0.17,1.76,0.0
2795.0,2024-01-03,16:00:20,2795.0,27.69,24.05,55.15,10.3,476.28,25.3,50.84,10.23,25.3,50.84,21.75,61.31,9.96,36.35,26.87,10.16,476.28,0.17,1.76,0.0
2796.0,2024-01-03,16:00:21,2796.0,27.68,24.05,55.13,10.3,477.25,25.3,50.81,10.23,25.3,50.81,21.73,61.44,9.97,36.35,26.86,10.16,477.25,0.18,1.76,0.0
2797.0,2024-01-03,16:00:22,2797.0,27.68,24.05,55.13,10.3,477.85,25.3,50.81,10.23,25.3,50.81,21.73,61.44,9.97,36.35,26.86,10.16,477.85,0.18,1.76,0.0
2798.0,2024-01-03,16:00:23,2798.0,27.67,24.05,55.12,10.3,478.13,25.31,50.78,10.23,25.31,50.78,21.73,61.44,9.97,36.35,26.86,10.16,478.13,0.18,1.77,0.0
2799.0,2024-01-03,16:00:24,2799.0,27.67,24.05,55.12,10.3,476.31,25.31,50.78,10.23,25.31,50.78,21.73,61.44,9.97,36.35,26.86,10.16,476.31,0.18,1.76,0.0
2800.0,2024-01-03,16:00:25,2800.0,27.67,24.05,55.12,10.3,475.66,25.31,50.78,10.23,25.31,50.78,21.73,61.44,9.97,36.35,26.86,10.16,475.66,0.18,1.76,0.0
2801.0,2024-01-03,16:00:26,2801.0,27.66,24.05,55.12,10.3,476.94,25.31,50.74,10.22,25.31,50.74,21.75,61.31,9.96,36.34,26.88,10.16,476.94,0.18,1.76,0.0
2802.0,2024-01-03,16:00:27,2802.0,27.66,24.05,55.12,10.3,477.15,25.31,50.74,10.22,25.31,50.74,21.75,61.31,9.96,36.34,26.88,10.16,477.15,0.18,1.76,0.0
2803.0,2024-01-03,16:00:28,2803.0,27.66,24.05,55.12,10.3,473.47,25.31,50.74,10.22,25.31,50.74,21.75,61.31,9.96,36.34,26.88,10.16,473.47,0.17,1.75,0.0
2804.0,2024-01-03,16:00:29,2804.0,27.66,24.05,55.12,10.3,471.14,25.31,50.74,10.22,25.31,50.74,21.81,60.89,9.93,36.34,26.88,10.16,471.14,0.17,1.74,0.0
2805.0,2024-01-03,16:00:30,2805.0,27.66,24.05,55.12,10.3,466.44,25.31,50.74,10.22,25.31,50.74,21.81,60.89,9.93,36.34,26.88,10.16,466.44,0.17,1.72,0.0
2806.0,2024-01-03,16:00:31,2806.0,27.66,24.05,55.12,10.3,466.27,25.31,50.74,10.22,25.31,50.74,21.81,60.89,9.93,36.34,26.88,10.16,466.27,0.17,1.72,0.0
2807.0,2024-01-03,16:00:32,2807.0,27.66,24.05,55.12,10.3,467.09,25.32,50.71,10.22,25.32,50.71,21.86,60.63,9.91,36.34,26.88,10.16,467.09,0.17,1.72,0.0
2808.0,2024-01-03,16:00:33,2808.0,27.66,24.05,55.12,10.3,467.4,25.32,50.71,10.22,25.32,50.71,21.86,60.63,9.91,36.34,26.88,10.16,467.4,0.17,1.73,0.0
2809.0,2024-01-03,16:00:34,2809.0,27.66,24.05,55.12,10.3,467.13,25.32,50.71,10.22,25.32,50.71,21.86,60.63,9.91,36.34,26.88,10.16,467.13,0.17,1.72,0.0
2810.0,2024-01-03,16:00:35,2810.0,27.68,24.05,55.12,10.3,469.15,25.32,50.69,10.22,25.32,50.69,21.87,60.58,9.91,36.34,26.89,10.16,469.15,0.17,1.73,0.0
2811.0,2024-01-03,16:00:36,2811.0,27.68,24.05,55.12,10.3,471.26,25.32,50.69,10.22,25.32,50.69,21.87,60.58,9.91,36.34,26.89,10.16,471.26,0.17,1.74,0.0
2812.0,2024-01-03,16:00:37,2812.0,27.68,24.05,55.12,10.3,471.58,25.32,50.69,10.22,25.32,50.69,21.87,60.58,9.91,36.34,26.89,10.16,471.58,0.17,1.74,0.0
2813.0,2024-01-03,16:00:38,2813.0,27.69,24.05,55.12,10.3,471.73,25.32,50.7,10.22,25.32,50.7,21.89,60.47,9.91,36.34,26.88,10.16,471.73,0.17,1.74,0.0
2814.0,2024-01-03,16:00:39,2814.0,27.69,24.05,55.12,10.3,474.24,25.32,50.7,10.22,25.32,50.7,21.89,60.47,9.91,36.34,26.88,10.16,474.24,0.17,1.75,0.0
2815.0,2024-01-03,16:00:40,2815.0,27.69,24.05,55.12,10.3,474.75,25.32,50.7,10.22,25.32,50.7,21.89,60.47,9.91,36.34,26.88,10.16,474.75,0.17,1.75,0.0
2816.0,2024-01-03,16:00:41,2816.0,27.7,24.05,55.13,10.3,475.5,25.32,50.72,10.22,25.32,50.72,21.92,60.35,9.9,36.34,26.87,10.16,475.5,0.18,1.75,0.0
2817.0,2024-01-03,16:00:42,2817.0,27.7,24.05,55.13,10.3,475.97,25.32,50.72,10.22,25.32,50.72,21.92,60.35,9.9,36.34,26.87,10.16,475.97,0.18,1.76,0.0
2818.0,2024-01-03,16:00:43,2818.0,27.7,24.05,55.13,10.3,476.28,25.32,50.72,10.22,25.32,50.72,21.92,60.35,9.9,36.34,26.87,10.16,476.28,0.18,1.76,0.0
2819.0,2024-01-03,16:00:44,2819.0,27.71,24.05,55.12,10.3,476.16,25.31,50.76,10.23,25.31,50.76,21.92,60.37,9.91,36.35,26.86,10.16,476.16,0.18,1.76,0.0
2820.0,2024-01-03,16:00:45,2820.0,27.71,24.05,55.12,10.3,475.57,25.31,50.76,10.23,25.31,50.76,21.92,60.37,9.91,36.35,26.86,10.16,475.57,0.18,1.75,0.0
2821.0,2024-01-03,16:00:46,2821.0,27.71,24.05,55.12,10.3,475.24,25.31,50.76,10.23,25.31,50.76,21.92,60.37,9.91,36.35,26.86,10.16,475.24,0.18,1.75,0.0
2822.0,2024-01-03,16:00:47,2822.0,27.71,24.05,55.11,10.29,474.72,25.31,50.78,10.23,25.31,50.78,21.92,60.42,9.92,36.35,26.85,10.16,474.72,0.18,1.75,0.0
2823.0,2024-01-03,16:00:48,2823.0,27.71,24.05,55.11,10.29,475.21,25.31,50.78,10.23,25.31,50.78,21.92,60.42,9.92,36.35,26.85,10.16,475.21,0.18,1.75,0.0
2824.0,2024-01-03,16:00:49,2824.0,27.71,24.05,55.11,10.29,474.44,25.31,50.78,10.23,25.31,50.78,21.92,60.42,9.92,36.35,26.85,10.16,474.44,0.18,1.75,0.0
2825.0,2024-01-03,16:00:50,2825.0,27.72,24.05,55.13,10.3,473.75,25.31,50.79,10.23,25.31,50.79,21.95,60.33,9.92,36.35,26.85,10.16,473.75,0.18,1.75,0.0
2826.0,2024-01-03,16:00:51,2826.0,27.72,24.05,55.13,10.3,473.48,25.31,50.79,10.23,25.31,50.79,21.95,60.33,9.92,36.35,26.85,10.16,473.48,0.18,1.74,0.0
2827.0,2024-01-03,16:00:52,2827.0,27.72,24.05,55.13,10.3,474.07,25.31,50.79,10.23,25.31,50.79,21.95,60.33,9.92,36.35,26.85,10.16,474.07,0.18,1.75,0.0
2828.0,2024-01-03,16:00:53,2828.0,27.72,24.05,55.12,10.3,476.29,25.31,50.79,10.23,25.31,50.79,21.98,60.16,9.91,36.35,26.86,10.16,476.29,0.18,1.75,0.0
2829.0,2024-01-03,16:00:54,2829.0,27.72,24.05,55.12,10.3,477.88,25.31,50.79,10.23,25.31,50.79,21.98,60.16,9.91,36.35,26.86,10.16,477.88,0.18,1.76,0.0
2830.0,2024-01-03,16:00:55,2830.0,27.72,24.05,55.12,10.3,479.25,25.31,50.79,10.23,25.31,50.79,21.98,60.16,9.91,36.35,26.86,10.16,479.25,0.18,1.77,0.0
2831.0,2024-01-03,16:00:56,2831.0,27.73,24.05,55.1,10.29,479.5,25.31,50.77,10.23,25.31,50.77,22.02,60,9.91,36.35,26.85,10.15,479.5,0.18,1.77,0.0
2832.0,2024-01-03,16:00:57,2832.0,27.73,24.05,55.1,10.29,479.63,25.31,50.77,10.23,25.31,50.77,22.02,60,9.91,36.35,26.85,10.15,479.63,0.18,1.77,0.0
2833.0,2024-01-03,16:00:58,2833.0,27.73,24.05,55.1,10.29,478.4,25.31,50.77,10.23,25.31,50.77,22.02,60,9.91,36.35,26.85,10.15,478.4,0.18,1.76,0.0
2834.0,2024-01-03,16:00:59,2834.0,27.73,24.05,55.1,10.29,475.28,25.31,50.77,10.23,25.31,50.77,22.02,60,9.91,36.35,26.85,10.15,475.28,0.18,1.75,0.0
2835.0,2024-01-03,16:01:00,2835.0,27.73,24.05,55.13,10.3,473.5,25.32,50.75,10.23,25.32,50.75,22.03,59.94,9.9,36.36,26.84,10.15,473.5,0.17,1.75,0.0
2836.0,2024-01-03,16:01:01,2836.0,27.73,24.05,55.13,10.3,472.28,25.32,50.75,10.23,25.32,50.75,22.03,59.94,9.9,36.36,26.84,10.15,472.28,0.17,1.74,0.0
2837.0,2024-01-03,16:01:02,2837.0,27.73,24.05,55.11,10.3,473.79,25.32,50.74,10.23,25.32,50.74,22.02,60,9.91,36.36,26.82,10.15,473.79,0.17,1.75,0.0
2838.0,2024-01-03,16:01:03,2838.0,27.73,24.05,55.11,10.3,477.41,25.32,50.74,10.23,25.32,50.74,22.02,60,9.91,36.36,26.82,10.15,477.41,0.18,1.76,0.0
2839.0,2024-01-03,16:01:04,2839.0,27.73,24.05,55.11,10.3,477.42,25.32,50.74,10.23,25.32,50.74,22.02,60,9.91,36.36,26.82,10.15,477.42,0.18,1.76,0.0
2840.0,2024-01-03,16:01:05,2840.0,27.73,24.05,55.11,10.3,477.4,25.32,50.73,10.22,25.32,50.73,22.02,60.04,9.91,36.36,26.82,10.15,477.4,0.18,1.76,0.0
2841.0,2024-01-03,16:01:06,2841.0,27.73,24.05,55.11,10.3,477.27,25.32,50.73,10.22,25.32,50.73,22.02,60.04,9.91,36.36,26.82,10.15,477.27,0.18,1.76,0.0
2842.0,2024-01-03,16:01:07,2842.0,27.73,24.05,55.11,10.3,475.98,25.32,50.73,10.22,25.32,50.73,22.02,60.04,9.91,36.36,26.82,10.15,475.98,0.18,1.76,0.0
2843.0,2024-01-03,16:01:08,2843.0,27.73,24.05,55.1,10.3,475.06,25.32,50.74,10.22,25.32,50.74,22.04,59.86,9.9,36.36,26.83,10.15,475.06,0.17,1.75,0.0
2844.0,2024-01-03,16:01:09,2844.0,27.73,24.05,55.1,10.3,470.23,25.32,50.74,10.22,25.32,50.74,22.04,59.86,9.9,36.36,26.83,10.15,470.23,0.17,1.73,0.0
2845.0,2024-01-03,16:01:10,2845.0,27.73,24.05,55.1,10.3,468.44,25.32,50.74,10.22,25.32,50.74,22.04,59.86,9.9,36.36,26.83,10.15,468.44,0.17,1.73,0.0
2846.0,2024-01-03,16:01:11,2846.0,27.73,24.05,55.08,10.29,469.97,25.32,50.72,10.22,25.32,50.72,22.04,59.88,9.9,36.36,26.84,10.15,469.97,0.17,1.73,0.0
2847.0,2024-01-03,16:01:12,2847.0,27.73,24.05,55.08,10.29,470.66,25.32,50.72,10.22,25.32,50.72,22.04,59.88,9.9,36.36,26.84,10.15,470.66,0.17,1.74,0.0
2848.0,2024-01-03,16:01:13,2848.0,27.73,24.05,55.08,10.29,474.28,25.32,50.72,10.22,25.32,50.72,22.04,59.88,9.9,36.36,26.84,10.15,474.28,0.17,1.75,0.0
2849.0,2024-01-03,16:01:14,2849.0,27.74,24.06,55.07,10.29,475.84,25.32,50.7,10.22,25.32,50.7,22.04,59.87,9.9,36.36,26.84,10.15,475.84,0.17,1.76,0.0
2850.0,2024-01-03,16:01:15,2850.0,27.74,24.06,55.07,10.29,476.92,25.32,50.7,10.22,25.32,50.7,22.04,59.87,9.9,36.36,26.84,10.15,476.92,0.17,1.76,0.0
2851.0,2024-01-03,16:01:16,2851.0,27.74,24.06,55.07,10.29,476.93,25.32,50.7,10.22,25.32,50.7,22.04,59.87,9.9,36.36,26.84,10.15,476.93,0.17,1.76,0.0
2852.0,2024-01-03,16:01:17,2852.0,27.74,24.06,55.04,10.29,473.79,25.32,50.7,10.22,25.32,50.7,22.1,59.56,9.88,36.36,26.84,10.15,473.79,0.17,1.75,0.0
2853.0,2024-01-03,16:01:18,2853.0,27.74,24.06,55.04,10.29,472.71,25.32,50.7,10.22,25.32,50.7,22.1,59.56,9.88,36.36,26.84,10.15,472.71,0.17,1.74,0.0
2854.0,2024-01-03,16:01:19,2854.0,27.74,24.06,55.04,10.29,472.99,25.32,50.7,10.22,25.32,50.7,22.1,59.56,9.88,36.36,26.84,10.15,472.99,0.17,1.75,0.0
2855.0,2024-01-03,16:01:20,2855.0,27.75,24.06,55.02,10.29,471.94,25.32,50.69,10.22,25.32,50.69,22.12,59.5,9.89,36.36,26.82,10.15,471.94,0.17,1.74,0.0
2856.0,2024-01-03,16:01:21,2856.0,27.75,24.06,55.02,10.29,471.43,25.32,50.69,10.22,25.32,50.69,22.12,59.5,9.89,36.36,26.82,10.15,471.43,0.18,1.74,0.0
2857.0,2024-01-03,16:01:22,2857.0,27.75,24.06,55.02,10.29,472.56,25.32,50.69,10.22,25.32,50.69,22.12,59.5,9.89,36.36,26.82,10.15,472.56,0.18,1.74,0.0
2858.0,2024-01-03,16:01:23,2858.0,27.75,24.06,55.03,10.29,472.51,25.33,50.68,10.22,25.33,50.68,22.12,59.54,9.89,36.37,26.81,10.15,472.51,0.18,1.74,0.0
2859.0,2024-01-03,16:01:24,2859.0,27.75,24.06,55.03,10.29,472.94,25.33,50.68,10.22,25.33,50.68,22.12,59.54,9.89,36.37,26.81,10.15,472.94,0.17,1.74,0.0
2860.0,2024-01-03,16:01:25,2860.0,27.75,24.06,55.03,10.29,473.8,25.33,50.68,10.22,25.33,50.68,22.12,59.54,9.89,36.37,26.81,10.15,473.8,0.17,1.75,0.0
2861.0,2024-01-03,16:01:26,2861.0,27.76,24.06,55.03,10.29,477,25.33,50.66,10.21,25.33,50.66,22.1,59.74,9.91,36.37,26.79,10.14,477,0.18,1.76,0.0
2862.0,2024-01-03,16:01:27,2862.0,27.76,24.06,55.03,10.29,477.54,25.33,50.66,10.21,25.33,50.66,22.1,59.74,9.91,36.37,26.79,10.14,477.54,0.18,1.76,0.0
2863.0,2024-01-03,16:01:28,2863.0,27.76,24.06,55.03,10.29,478.39,25.33,50.66,10.21,25.33,50.66,22.1,59.74,9.91,36.37,26.79,10.14,478.39,0.18,1.76,0.0
2864.0,2024-01-03,16:01:29,2864.0,27.76,24.06,55.03,10.29,479.42,25.33,50.63,10.21,25.33,50.63,22.08,59.86,9.92,36.37,26.8,10.15,479.42,0.18,1.77,0.0
2865.0,2024-01-03,16:01:30,2865.0,27.76,24.06,55.03,10.29,481.12,25.33,50.63,10.21,25.33,50.63,22.08,59.86,9.92,36.37,26.8,10.15,481.12,0.17,1.78,0.0
2866.0,2024-01-03,16:01:31,2866.0,27.76,24.06,55.03,10.29,481.16,25.33,50.63,10.21,25.33,50.63,22.08,59.86,9.92,36.37,26.8,10.15,481.16,0.17,1.78,0.0
2867.0,2024-01-03,16:01:32,2867.0,27.76,24.07,55.02,10.29,480.54,25.33,50.61,10.21,25.33,50.61,22.08,59.86,9.92,36.37,26.8,10.15,480.54,0.17,1.77,0.0
2868.0,2024-01-03,16:01:33,2868.0,27.76,24.07,55.02,10.29,480.24,25.33,50.61,10.21,25.33,50.61,22.08,59.86,9.92,36.37,26.8,10.15,480.24,0.17,1.77,0.0
2869.0,2024-01-03,16:01:34,2869.0,27.76,24.07,55.02,10.29,476.74,25.33,50.61,10.21,25.33,50.61,22.08,59.86,9.92,36.37,26.8,10.15,476.74,0.17,1.76,0.0
2870.0,2024-01-03,16:01:35,2870.0,27.77,24.07,54.98,10.28,475.09,25.34,50.58,10.2,25.34,50.58,22.06,59.96,9.93,36.37,26.8,10.15,475.09,0.17,1.75,0.0
2871.0,2024-01-03,16:01:36,2871.0,27.77,24.07,54.98,10.28,473.94,25.34,50.58,10.2,25.34,50.58,22.06,59.96,9.93,36.37,26.8,10.15,473.94,0.17,1.75,0.0
2872.0,2024-01-03,16:01:37,2872.0,27.77,24.07,54.98,10.28,472.65,25.34,50.58,10.2,25.34,50.58,22.06,59.96,9.93,36.37,26.8,10.15,472.65,0.17,1.75,0.0
2873.0,2024-01-03,16:01:38,2873.0,27.77,24.07,54.96,10.28,471.89,25.34,50.58,10.21,25.34,50.58,22.05,60.1,9.94,36.38,26.79,10.15,471.89,0.17,1.74,0.0
2874.0,2024-01-03,16:01:39,2874.0,27.77,24.07,54.96,10.28,471.91,25.34,50.58,10.21,25.34,50.58,22.05,60.1,9.94,36.38,26.79,10.15,471.91,0.17,1.74,0.0
2875.0,2024-01-03,16:01:40,2875.0,27.77,24.07,54.96,10.28,473.63,25.34,50.58,10.21,25.34,50.58,22.05,60.1,9.94,36.38,26.79,10.15,473.63,0.17,1.75,0.0
2876.0,2024-01-03,16:01:41,2876.0,27.76,24.07,54.95,10.28,473.75,25.34,50.55,10.2,25.34,50.55,22.07,60.03,9.94,36.38,26.78,10.14,473.75,0.17,1.75,0.0
2877.0,2024-01-03,16:01:42,2877.0,27.76,24.07,54.95,10.28,472.47,25.34,50.55,10.2,25.34,50.55,22.07,60.03,9.94,36.38,26.78,10.14,472.47,0.17,1.75,0.0
2878.0,2024-01-03,16:01:43,2878.0,27.76,24.07,54.95,10.28,469.38,25.34,50.55,10.2,25.34,50.55,22.07,60.03,9.94,36.38,26.78,10.14,469.38,0.17,1.73,0.0
2879.0,2024-01-03,16:01:44,2879.0,27.76,24.08,54.95,10.28,466.55,25.35,50.55,10.2,25.35,50.55,22.06,60.07,9.95,36.38,26.78,10.14,466.55,0.17,1.72,0.0
2880.0,2024-01-03,16:01:45,2880.0,27.76,24.08,54.95,10.28,469.92,25.35,50.55,10.2,25.35,50.55,22.06,60.07,9.95,36.38,26.78,10.14,469.92,0.17,1.74,0.0
2881.0,2024-01-03,16:01:46,2881.0,27.76,24.08,54.95,10.28,470.91,25.35,50.55,10.2,25.35,50.55,22.06,60.07,9.95,36.38,26.78,10.14,470.91,0.17,1.74,0.0
2882.0,2024-01-03,16:01:47,2882.0,27.75,24.08,54.94,10.28,472.17,25.35,50.54,10.2,25.35,50.54,22.02,60.42,9.98,36.38,26.78,10.14,472.17,0.17,1.74,0.0
2883.0,2024-01-03,16:01:48,2883.0,27.75,24.08,54.94,10.28,471.26,25.35,50.54,10.2,25.35,50.54,22.02,60.42,9.98,36.38,26.78,10.14,471.26,0.17,1.74,0.0
2884.0,2024-01-03,16:01:49,2884.0,27.75,24.08,54.94,10.28,469.33,25.35,50.54,10.2,25.35,50.54,22.02,60.42,9.98,36.38,26.78,10.14,469.33,0.17,1.73,0.0
2885.0,2024-01-03,16:01:50,2885.0,27.76,24.08,54.94,10.28,469.04,25.35,50.56,10.2,25.35,50.56,21.95,60.84,10.01,36.38,26.77,10.14,469.04,0.17,1.73,0.0
2886.0,2024-01-03,16:01:51,2886.0,27.76,24.08,54.94,10.28,467.54,25.35,50.56,10.2,25.35,50.56,21.95,60.84,10.01,36.38,26.77,10.14,467.54,0.17,1.73,0.0
2887.0,2024-01-03,16:01:52,2887.0,27.76,24.08,54.94,10.28,466.6,25.35,50.56,10.2,25.35,50.56,21.95,60.84,10.01,36.38,26.77,10.14,466.6,0.17,1.72,0.0
2888.0,2024-01-03,16:01:53,2888.0,27.76,24.08,54.93,10.28,466.25,25.35,50.55,10.2,25.35,50.55,21.89,61.24,10.03,36.38,26.78,10.14,466.25,0.17,1.72,0.0
2889.0,2024-01-03,16:01:54,2889.0,27.76,24.08,54.93,10.28,467.55,25.35,50.55,10.2,25.35,50.55,21.89,61.24,10.03,36.38,26.78,10.14,467.55,0.17,1.72,0.0
2890.0,2024-01-03,16:01:55,2890.0,27.76,24.08,54.93,10.28,471.25,25.35,50.55,10.2,25.35,50.55,21.89,61.24,10.03,36.38,26.78,10.14,471.25,0.17,1.74,0.0
2891.0,2024-01-03,16:01:56,2891.0,27.77,24.08,54.92,10.28,472.09,25.35,50.54,10.2,25.35,50.54,21.83,61.56,10.05,36.37,26.79,10.14,472.09,0.17,1.74,0.0
2892.0,2024-01-03,16:01:57,2892.0,27.77,24.08,54.92,10.28,472.55,25.35,50.54,10.2,25.35,50.54,21.83,61.56,10.05,36.37,26.79,10.14,472.55,0.17,1.74,0.0
2893.0,2024-01-03,16:01:58,2893.0,27.77,24.08,54.92,10.28,473.8,25.35,50.54,10.2,25.35,50.54,21.83,61.56,10.05,36.37,26.79,10.14,473.8,0.17,1.75,0.0
2894.0,2024-01-03,16:01:59,2894.0,27.77,24.08,54.91,10.28,475.18,25.35,50.54,10.2,25.35,50.54,21.79,61.73,10.05,36.36,26.79,10.14,475.18,0.17,1.75,0.0
2895.0,2024-01-03,16:02:00,2895.0,27.77,24.08,54.91,10.28,475.48,25.35,50.54,10.2,25.35,50.54,21.79,61.73,10.05,36.36,26.79,10.14,475.48,0.17,1.75,0.0
2896.0,2024-01-03,16:02:01,2896.0,27.77,24.08,54.91,10.28,473.44,25.35,50.54,10.2,25.35,50.54,21.79,61.73,10.05,36.36,26.79,10.14,473.44,0.17,1.74,0.0
2897.0,2024-01-03,16:02:02,2897.0,27.77,24.08,54.9,10.28,472.06,25.35,50.53,10.2,25.35,50.53,21.77,61.81,10.05,36.36,26.79,10.13,472.06,0.17,1.74,0.0
2898.0,2024-01-03,16:02:03,2898.0,27.77,24.08,54.9,10.28,470.95,25.35,50.53,10.2,25.35,50.53,21.77,61.81,10.05,36.36,26.79,10.13,470.95,0.17,1.73,0.0
2899.0,2024-01-03,16:02:04,2899.0,27.77,24.08,54.9,10.28,470.44,25.35,50.53,10.2,25.35,50.53,21.77,61.81,10.05,36.36,26.79,10.13,470.44,0.17,1.73,0.0
2900.0,2024-01-03,16:02:05,2900.0,27.77,24.08,54.91,10.28,472.42,25.36,50.53,10.21,25.36,50.53,21.76,61.81,10.05,36.35,26.79,10.13,472.42,0.17,1.74,0.0
2901.0,2024-01-03,16:02:06,2901.0,27.77,24.08,54.91,10.28,472.88,25.36,50.53,10.21,25.36,50.53,21.76,61.81,10.05,36.35,26.79,10.13,472.88,0.18,1.74,0.0
2902.0,2024-01-03,16:02:07,2902.0,27.77,24.08,54.91,10.28,475.07,25.36,50.53,10.21,25.36,50.53,21.76,61.81,10.05,36.35,26.79,10.13,475.07,0.18,1.74,0.0
2903.0,2024-01-03,16:02:08,2903.0,27.77,24.08,54.91,10.28,475.82,25.36,50.53,10.21,25.36,50.53,21.75,61.8,10.04,36.35,26.79,10.13,475.82,0.18,1.75,0.0
2904.0,2024-01-03,16:02:09,2904.0,27.77,24.08,54.91,10.28,476.47,25.36,50.53,10.21,25.36,50.53,21.75,61.8,10.04,36.35,26.79,10.13,476.47,0.18,1.75,0.0
2905.0,2024-01-03,16:02:10,2905.0,27.77,24.08,54.91,10.28,476.63,25.36,50.53,10.21,25.36,50.53,21.75,61.8,10.04,36.35,26.79,10.13,476.63,0.18,1.75,0.0
2906.0,2024-01-03,16:02:11,2906.0,27.77,24.08,54.91,10.28,473.81,25.36,50.53,10.21,25.36,50.53,21.75,61.8,10.04,36.35,26.79,10.13,473.81,0.18,1.74,0.0
2907.0,2024-01-03,16:02:12,2907.0,27.77,24.08,54.92,10.28,473.36,25.36,50.51,10.2,25.36,50.51,21.76,61.73,10.03,36.34,26.79,10.13,473.36,0.17,1.73,0.0
2908.0,2024-01-03,16:02:13,2908.0,27.77,24.08,54.92,10.28,473.81,25.36,50.51,10.2,25.36,50.51,21.76,61.73,10.03,36.34,26.79,10.13,473.81,0.17,1.74,0.0
2909.0,2024-01-03,16:02:14,2909.0,27.76,24.08,54.93,10.28,475.05,25.36,50.51,10.2,25.36,50.51,21.82,61.25,10,36.34,26.79,10.13,475.05,0.17,1.74,0.0
2910.0,2024-01-03,16:02:15,2910.0,27.76,24.08,54.93,10.28,475.99,25.36,50.51,10.2,25.36,50.51,21.82,61.25,10,36.34,26.79,10.13,475.99,0.17,1.74,0.0
2911.0,2024-01-03,16:02:16,2911.0,27.76,24.08,54.93,10.28,476.03,25.36,50.51,10.2,25.36,50.51,21.82,61.25,10,36.34,26.79,10.13,476.03,0.17,1.74,0.0
2912.0,2024-01-03,16:02:17,2912.0,27.76,24.08,54.92,10.28,475.67,25.35,50.53,10.2,25.35,50.53,21.89,60.77,9.96,36.34,26.78,10.12,475.67,0.17,1.74,0.0
2913.0,2024-01-03,16:02:18,2913.0,27.76,24.08,54.92,10.28,475.54,25.35,50.53,10.2,25.35,50.53,21.89,60.77,9.96,36.34,26.78,10.12,475.54,0.18,1.74,0.0
2914.0,2024-01-03,16:02:19,2914.0,27.76,24.08,54.92,10.28,475.39,25.35,50.53,10.2,25.35,50.53,21.89,60.77,9.96,36.34,26.78,10.12,475.39,0.18,1.74,0.0
2915.0,2024-01-03,16:02:20,2915.0,27.76,24.08,54.91,10.28,474.58,25.35,50.52,10.2,25.35,50.52,21.91,60.61,9.94,36.35,26.77,10.12,474.58,0.18,1.74,0.0
2916.0,2024-01-03,16:02:21,2916.0,27.76,24.08,54.91,10.28,472.83,25.35,50.52,10.2,25.35,50.52,21.91,60.61,9.94,36.35,26.77,10.12,472.83,0.18,1.73,0.0
2917.0,2024-01-03,16:02:22,2917.0,27.76,24.08,54.91,10.28,471.01,25.35,50.52,10.2,25.35,50.52,21.91,60.61,9.94,36.35,26.77,10.12,471.01,0.18,1.73,0.0
2918.0,2024-01-03,16:02:23,2918.0,27.76,24.08,54.92,10.28,469.64,25.35,50.5,10.2,25.35,50.5,21.92,60.49,9.93,36.35,26.77,10.12,469.64,0.17,1.72,0.0
2919.0,2024-01-03,16:02:24,2919.0,27.76,24.08,54.92,10.28,469.67,25.35,50.5,10.2,25.35,50.5,21.92,60.49,9.93,36.35,26.77,10.12,469.67,0.17,1.72,0.0
2920.0,2024-01-03,16:02:25,2920.0,27.76,24.08,54.92,10.28,469.48,25.35,50.5,10.2,25.35,50.5,21.92,60.49,9.93,36.35,26.77,10.12,469.48,0.17,1.72,0.0
2921.0,2024-01-03,16:02:26,2921.0,27.76,24.08,54.92,10.28,469.43,25.35,50.52,10.2,25.35,50.52,21.93,60.38,9.92,36.35,26.76,10.12,469.43,0.17,1.72,0.0
2922.0,2024-01-03,16:02:27,2922.0,27.76,24.08,54.92,10.28,471.07,25.35,50.52,10.2,25.35,50.52,21.93,60.38,9.92,36.35,26.76,10.12,471.07,0.17,1.73,0.0
2923.0,2024-01-03,16:02:28,2923.0,27.76,24.08,54.92,10.28,471.63,25.35,50.52,10.2,25.35,50.52,21.93,60.38,9.92,36.35,26.76,10.12,471.63,0.17,1.73,0.0
2924.0,2024-01-03,16:02:29,2924.0,27.76,24.08,54.93,10.28,472.55,25.35,50.53,10.2,25.35,50.53,21.94,60.28,9.91,36.35,26.78,10.13,472.55,0.17,1.73,0.0
2925.0,2024-01-03,16:02:30,2925.0,27.76,24.08,54.93,10.28,471.73,25.35,50.53,10.2,25.35,50.53,21.94,60.28,9.91,36.35,26.78,10.13,471.73,0.17,1.73,0.0
2926.0,2024-01-03,16:02:31,2926.0,27.76,24.08,54.93,10.28,470.39,25.35,50.53,10.2,25.35,50.53,21.94,60.28,9.91,36.35,26.78,10.13,470.39,0.17,1.72,0.0
2927.0,2024-01-03,16:02:32,2927.0,27.76,24.08,54.93,10.28,468.74,25.35,50.52,10.2,25.35,50.52,21.93,60.28,9.9,36.36,26.76,10.12,468.74,0.17,1.72,0.0
2928.0,2024-01-03,16:02:33,2928.0,27.76,24.08,54.93,10.28,468.34,25.35,50.52,10.2,25.35,50.52,21.93,60.28,9.9,36.36,26.76,10.12,468.34,0.17,1.72,0.0
2929.0,2024-01-03,16:02:34,2929.0,27.76,24.08,54.93,10.28,468.98,25.35,50.52,10.2,25.35,50.52,21.93,60.28,9.9,36.36,26.76,10.12,468.98,0.17,1.72,0.0
2930.0,2024-01-03,16:02:35,2930.0,27.76,24.08,54.94,10.28,467.6,25.35,50.5,10.2,25.35,50.5,21.91,60.35,9.9,36.36,26.74,10.12,467.6,0.17,1.71,0.0
2931.0,2024-01-03,16:02:36,2931.0,27.76,24.08,54.94,10.28,463.73,25.35,50.5,10.2,25.35,50.5,21.91,60.35,9.9,36.36,26.74,10.12,463.73,0.17,1.7,0.0
2932.0,2024-01-03,16:02:37,2932.0,27.76,24.08,54.94,10.28,463.64,25.35,50.5,10.2,25.35,50.5,21.91,60.35,9.9,36.36,26.74,10.12,463.64,0.17,1.7,0.0
2933.0,2024-01-03,16:02:38,2933.0,27.76,24.08,54.9,10.27,464.98,25.35,50.5,10.2,25.35,50.5,21.89,60.47,9.9,36.36,26.74,10.12,464.98,0.17,1.71,0.0
2934.0,2024-01-03,16:02:39,2934.0,27.76,24.08,54.9,10.27,465.51,25.35,50.5,10.2,25.35,50.5,21.89,60.47,9.9,36.36,26.74,10.12,465.51,0.17,1.71,0.0
2935.0,2024-01-03,16:02:40,2935.0,27.76,24.08,54.9,10.27,464.78,25.35,50.5,10.2,25.35,50.5,21.89,60.47,9.9,36.36,26.74,10.12,464.78,0.17,1.71,0.0
2936.0,2024-01-03,16:02:41,2936.0,27.75,24.08,54.88,10.27,464.68,25.35,50.55,10.2,25.35,50.55,21.87,60.54,9.91,36.36,26.75,10.12,464.68,0.17,1.71,0.0
2937.0,2024-01-03,16:02:42,2937.0,27.75,24.08,54.88,10.27,466.45,25.35,50.55,10.2,25.35,50.55,21.87,60.54,9.91,36.36,26.75,10.12,466.45,0.17,1.71,0.0
2938.0,2024-01-03,16:02:43,2938.0,27.75,24.08,54.88,10.27,468.37,25.35,50.55,10.2,25.35,50.55,21.87,60.54,9.91,36.36,26.75,10.12,468.37,0.17,1.72,0.0
2939.0,2024-01-03,16:02:44,2939.0,27.75,24.08,54.9,10.28,471.43,25.34,50.57,10.21,25.34,50.57,21.87,60.56,9.91,36.36,26.76,10.12,471.43,0.18,1.73,0.0
2940.0,2024-01-03,16:02:45,2940.0,27.75,24.08,54.9,10.28,471.79,25.34,50.57,10.21,25.34,50.57,21.87,60.56,9.91,36.36,26.76,10.12,471.79,0.18,1.73,0.0
2941.0,2024-01-03,16:02:46,2941.0,27.75,24.08,54.9,10.28,474.37,25.34,50.57,10.21,25.34,50.57,21.87,60.56,9.91,36.36,26.76,10.12,474.37,0.18,1.74,0.0
2942.0,2024-01-03,16:02:47,2942.0,27.75,24.08,54.88,10.27,474.94,25.35,50.56,10.21,25.35,50.56,21.87,60.56,9.91,36.36,26.75,10.12,474.94,0.18,1.74,0.0
2943.0,2024-01-03,16:02:48,2943.0,27.75,24.08,54.88,10.27,476.31,25.35,50.56,10.21,25.35,50.56,21.87,60.56,9.91,36.36,26.75,10.12,476.31,0.18,1.75,0.0
2944.0,2024-01-03,16:02:49,2944.0,27.75,24.08,54.88,10.27,479.58,25.35,50.56,10.21,25.35,50.56,21.87,60.56,9.91,36.36,26.75,10.12,479.58,0.18,1.76,0.0
2945.0,2024-01-03,16:02:50,2945.0,27.76,24.08,54.87,10.27,483.3,25.35,50.52,10.2,25.35,50.52,21.89,60.51,9.91,36.36,26.75,10.12,483.3,0.18,1.77,0.0
2946.0,2024-01-03,16:02:51,2946.0,27.76,24.08,54.87,10.27,483.68,25.35,50.52,10.2,25.35,50.52,21.89,60.51,9.91,36.36,26.75,10.12,483.68,0.18,1.77,0.0
2947.0,2024-01-03,16:02:52,2947.0,27.76,24.08,54.87,10.27,482.38,25.35,50.52,10.2,25.35,50.52,21.89,60.51,9.91,36.36,26.75,10.12,482.38,0.18,1.77,0.0
2948.0,2024-01-03,16:02:53,2948.0,27.77,24.09,54.86,10.27,481.3,25.36,50.51,10.2,25.36,50.51,21.92,60.34,9.9,36.36,26.75,10.12,481.3,0.18,1.76,0.0
2949.0,2024-01-03,16:02:54,2949.0,27.77,24.09,54.86,10.27,479.01,25.36,50.51,10.2,25.36,50.51,21.92,60.34,9.9,36.36,26.75,10.12,479.01,0.18,1.76,0.0
2950.0,2024-01-03,16:02:55,2950.0,27.77,24.09,54.86,10.27,477,25.36,50.51,10.2,25.36,50.51,21.92,60.34,9.9,36.36,26.75,10.12,477,0.18,1.75,0.0
2951.0,2024-01-03,16:02:56,2951.0,27.78,24.09,54.84,10.27,472.81,25.35,50.52,10.2,25.35,50.52,21.96,60.14,9.89,36.37,26.74,10.12,472.81,0.18,1.73,0.0
2952.0,2024-01-03,16:02:57,2952.0,27.78,24.09,54.84,10.27,471.31,25.35,50.52,10.2,25.35,50.52,21.96,60.14,9.89,36.37,26.74,10.12,471.31,0.18,1.73,0.0
2953.0,2024-01-03,16:02:58,2953.0,27.78,24.09,54.84,10.27,469.84,25.35,50.52,10.2,25.35,50.52,21.96,60.14,9.89,36.37,26.74,10.12,469.84,0.18,1.72,0.0
2954.0,2024-01-03,16:02:59,2954.0,27.77,24.09,54.85,10.27,469.12,25.35,50.54,10.21,25.35,50.54,21.96,60.11,9.89,36.37,26.73,10.12,469.12,0.18,1.72,0.0
2955.0,2024-01-03,16:03:00,2955.0,27.77,24.09,54.85,10.27,468.09,25.35,50.54,10.21,25.35,50.54,21.96,60.11,9.89,36.37,26.73,10.12,468.09,0.18,1.72,0.0
2956.0,2024-01-03,16:03:01,2956.0,27.77,24.09,54.85,10.27,468.6,25.35,50.54,10.21,25.35,50.54,21.96,60.11,9.89,36.37,26.73,10.12,468.6,0.18,1.72,0.0
2957.0,2024-01-03,16:03:02,2957.0,27.76,24.09,54.85,10.27,468.95,25.35,50.53,10.2,25.35,50.53,21.97,60.13,9.9,36.37,26.74,10.12,468.95,0.17,1.72,0.0
2958.0,2024-01-03,16:03:03,2958.0,27.76,24.09,54.85,10.27,468.52,25.35,50.53,10.2,25.35,50.53,21.97,60.13,9.9,36.37,26.74,10.12,468.52,0.17,1.72,0.0
2959.0,2024-01-03,16:03:04,2959.0,27.76,24.09,54.85,10.27,467.27,25.35,50.53,10.2,25.35,50.53,21.97,60.13,9.9,36.37,26.74,10.12,467.27,0.17,1.71,0.0
2960.0,2024-01-03,16:03:05,2960.0,27.76,24.09,54.84,10.27,466.93,25.35,50.54,10.2,25.35,50.54,21.99,60.04,9.9,36.36,26.76,10.13,466.93,0.17,1.71,0.0
2961.0,2024-01-03,16:03:06,2961.0,27.76,24.09,54.84,10.27,466.62,25.35,50.54,10.2,25.35,50.54,21.99,60.04,9.9,36.36,26.76,10.13,466.62,0.17,1.71,0.0
2962.0,2024-01-03,16:03:07,2962.0,27.76,24.09,54.84,10.27,467.78,25.35,50.54,10.2,25.35,50.54,21.99,60.04,9.9,36.36,26.76,10.13,467.78,0.17,1.72,0.0
2963.0,2024-01-03,16:03:08,2963.0,27.76,24.09,54.82,10.27,469.97,25.34,50.55,10.2,25.34,50.55,22,60.03,9.9,36.36,26.77,10.12,469.97,0.17,1.73,0.0
2964.0,2024-01-03,16:03:09,2964.0,27.76,24.09,54.82,10.27,470.11,25.34,50.55,10.2,25.34,50.55,22,60.03,9.9,36.36,26.77,10.12,470.11,0.17,1.73,0.0
2965.0,2024-01-03,16:03:10,2965.0,27.76,24.09,54.82,10.27,470.91,25.34,50.55,10.2,25.34,50.55,22,60.03,9.9,36.36,26.77,10.12,470.91,0.17,1.73,0.0
2966.0,2024-01-03,16:03:11,2966.0,27.77,24.1,54.8,10.27,471.54,25.34,50.56,10.2,25.34,50.56,22.01,60,9.9,36.36,26.77,10.12,471.54,0.17,1.73,0.0
2967.0,2024-01-03,16:03:12,2967.0,27.77,24.1,54.8,10.27,473.62,25.34,50.56,10.2,25.34,50.56,22.01,60,9.9,36.36,26.77,10.12,473.62,0.18,1.74,0.0
2968.0,2024-01-03,16:03:13,2968.0,27.77,24.1,54.8,10.27,473.96,25.34,50.56,10.2,25.34,50.56,22.01,60,9.9,36.36,26.77,10.12,473.96,0.18,1.74,0.0
2969.0,2024-01-03,16:03:14,2969.0,27.78,24.1,54.79,10.27,474.77,25.34,50.54,10.2,25.34,50.54,22.01,60.02,9.9,36.36,26.76,10.12,474.77,0.18,1.74,0.0
2970.0,2024-01-03,16:03:15,2970.0,27.78,24.1,54.79,10.27,476.32,25.34,50.54,10.2,25.34,50.54,22.01,60.02,9.9,36.36,26.76,10.12,476.32,0.18,1.75,0.0
2971.0,2024-01-03,16:03:16,2971.0,27.78,24.1,54.79,10.27,477.4,25.34,50.54,10.2,25.34,50.54,22.01,60.02,9.9,36.36,26.76,10.12,477.4,0.18,1.75,0.0
2972.0,2024-01-03,16:03:17,2972.0,27.78,24.1,54.8,10.27,477.45,25.35,50.52,10.2,25.35,50.52,21.97,60.24,9.92,36.36,26.75,10.12,477.45,0.18,1.75,0.0
2973.0,2024-01-03,16:03:18,2973.0,27.78,24.1,54.8,10.27,477.49,25.35,50.52,10.2,25.35,50.52,21.97,60.24,9.92,36.36,26.75,10.12,477.49,0.17,1.75,0.0
2974.0,2024-01-03,16:03:19,2974.0,27.78,24.1,54.8,10.27,476.53,25.35,50.52,10.2,25.35,50.52,21.97,60.24,9.92,36.36,26.75,10.12,476.53,0.17,1.75,0.0
2975.0,2024-01-03,16:03:20,2975.0,27.79,24.1,54.79,10.27,474.27,25.35,50.5,10.2,25.35,50.5,21.95,60.41,9.94,36.36,26.76,10.12,474.27,0.17,1.74,0.0
2976.0,2024-01-03,16:03:21,2976.0,27.79,24.1,54.79,10.27,472.67,25.35,50.5,10.2,25.35,50.5,21.95,60.41,9.94,36.36,26.76,10.12,472.67,0.17,1.74,0.0
2977.0,2024-01-03,16:03:22,2977.0,27.79,24.1,54.79,10.27,468.98,25.35,50.5,10.2,25.35,50.5,21.95,60.41,9.94,36.36,26.76,10.12,468.98,0.17,1.72,0.0
2978.0,2024-01-03,16:03:23,2978.0,27.79,24.11,54.77,10.27,467.13,25.36,50.49,10.2,25.36,50.49,21.95,60.47,9.94,36.37,26.75,10.13,467.13,0.17,1.72,0.0
2979.0,2024-01-03,16:03:24,2979.0,27.79,24.11,54.77,10.27,465.1,25.36,50.49,10.2,25.36,50.49,21.95,60.47,9.94,36.37,26.75,10.13,465.1,0.17,1.71,0.0
2980.0,2024-01-03,16:03:25,2980.0,27.79,24.11,54.77,10.27,465.14,25.36,50.49,10.2,25.36,50.49,21.95,60.47,9.94,36.37,26.75,10.13,465.14,0.17,1.71,0.0
2981.0,2024-01-03,16:03:26,2981.0,27.79,24.11,54.76,10.27,467.44,25.36,50.51,10.2,25.36,50.51,21.92,60.66,9.96,36.37,26.75,10.13,467.44,0.17,1.72,0.0
2982.0,2024-01-03,16:03:27,2982.0,27.79,24.11,54.76,10.27,467.88,25.36,50.51,10.2,25.36,50.51,21.92,60.66,9.96,36.37,26.75,10.13,467.88,0.17,1.72,0.0
2983.0,2024-01-03,16:03:28,2983.0,27.79,24.11,54.76,10.27,471.47,25.36,50.51,10.2,25.36,50.51,21.92,60.66,9.96,36.37,26.75,10.13,471.47,0.17,1.73,0.0
2984.0,2024-01-03,16:03:29,2984.0,27.79,24.11,54.75,10.27,472.49,25.36,50.49,10.2,25.36,50.49,21.89,60.84,9.97,36.37,26.75,10.13,472.49,0.17,1.74,0.0
2985.0,2024-01-03,16:03:30,2985.0,27.79,24.11,54.75,10.27,470.7,25.36,50.49,10.2,25.36,50.49,21.89,60.84,9.97,36.37,26.75,10.13,470.7,0.17,1.73,0.0
2986.0,2024-01-03,16:03:31,2986.0,27.79,24.11,54.75,10.27,469.72,25.36,50.49,10.2,25.36,50.49,21.89,60.84,9.97,36.37,26.75,10.13,469.72,0.17,1.73,0.0
2987.0,2024-01-03,16:03:32,2987.0,27.8,24.11,54.74,10.27,470.77,25.37,50.45,10.19,25.37,50.45,21.86,60.97,9.97,36.37,26.76,10.13,470.77,0.17,1.73,0.0
2988.0,2024-01-03,16:03:33,2988.0,27.8,24.11,54.74,10.27,471.21,25.37,50.45,10.19,25.37,50.45,21.86,60.97,9.97,36.37,26.76,10.13,471.21,0.17,1.74,0.0
2989.0,2024-01-03,16:03:34,2989.0,27.8,24.11,54.74,10.27,471.33,25.37,50.45,10.19,25.37,50.45,21.86,60.97,9.97,36.37,26.76,10.13,471.33,0.17,1.74,0.0
2990.0,2024-01-03,16:03:35,2990.0,27.79,24.11,54.74,10.27,471.22,25.37,50.44,10.2,25.37,50.44,21.82,61.2,9.99,36.38,26.75,10.13,471.22,0.17,1.74,0.0
2991.0,2024-01-03,16:03:36,2991.0,27.79,24.11,54.74,10.27,473.09,25.37,50.44,10.2,25.37,50.44,21.82,61.2,9.99,36.38,26.75,10.13,473.09,0.17,1.74,0.0
2992.0,2024-01-03,16:03:37,2992.0,27.79,24.11,54.74,10.27,473.68,25.37,50.44,10.2,25.37,50.44,21.82,61.2,9.99,36.38,26.75,10.13,473.68,0.17,1.74,0.0
2993.0,2024-01-03,16:03:38,2993.0,27.79,24.11,54.72,10.26,472.83,25.37,50.44,10.19,25.37,50.44,21.8,61.3,9.99,36.38,26.75,10.13,472.83,0.17,1.74,0.0
2994.0,2024-01-03,16:03:39,2994.0,27.79,24.11,54.72,10.26,471.69,25.37,50.44,10.19,25.37,50.44,21.8,61.3,9.99,36.38,26.75,10.13,471.69,0.17,1.74,0.0
2995.0,2024-01-03,16:03:40,2995.0,27.79,24.11,54.72,10.26,470.45,25.37,50.44,10.19,25.37,50.44,21.8,61.3,9.99,36.38,26.75,10.13,470.45,0.17,1.73,0.0
2996.0,2024-01-03,16:03:41,2996.0,27.79,24.12,54.74,10.27,470.13,25.37,50.45,10.2,25.37,50.45,21.8,61.34,9.99,36.37,26.75,10.13,470.13,0.17,1.73,0.0
2997.0,2024-01-03,16:03:42,2997.0,27.79,24.12,54.74,10.27,470.01,25.37,50.45,10.2,25.37,50.45,21.8,61.34,9.99,36.37,26.75,10.13,470.01,0.17,1.73,0.0
2998.0,2024-01-03,16:03:43,2998.0,27.79,24.12,54.74,10.27,470.09,25.37,50.45,10.2,25.37,50.45,21.8,61.34,9.99,36.37,26.75,10.13,470.09,0.17,1.73,0.0
2999.0,2024-01-03,16:03:44,2999.0,27.8,24.12,54.72,10.26,471.87,25.37,50.43,10.19,25.37,50.43,21.79,61.34,9.99,36.37,26.76,10.13,471.87,0.17,1.74,0.0
3000.0,2024-01-03,16:03:45,3000.0,27.8,24.12,54.72,10.26,473.2,25.37,50.43,10.19,25.37,50.43,21.79,61.34,9.99,36.37,26.76,10.13,473.2,0.17,1.74,0.0
3001.0,2024-01-03,16:03:46,3001.0,27.8,24.12,54.72,10.26,477.4,25.37,50.43,10.19,25.37,50.43,21.79,61.34,9.99,36.37,26.76,10.13,477.4,0.17,1.76,0.0
3002.0,2024-01-03,16:03:47,3002.0,27.81,24.11,54.74,10.27,479.16,25.37,50.43,10.19,25.37,50.43,21.81,61.26,9.99,36.37,26.76,10.13,479.16,0.18,1.76,0.0
3003.0,2024-01-03,16:03:48,3003.0,27.81,24.11,54.74,10.27,483.11,25.37,50.43,10.19,25.37,50.43,21.81,61.26,9.99,36.37,26.76,10.13,483.11,0.18,1.78,0.0
3004.0,2024-01-03,16:03:49,3004.0,27.81,24.11,54.74,10.27,482.3,25.37,50.43,10.19,25.37,50.43,21.81,61.26,9.99,36.37,26.76,10.13,482.3,0.18,1.77,0.0
3005.0,2024-01-03,16:03:50,3005.0,27.81,24.11,54.76,10.27,478.85,25.37,50.42,10.19,25.37,50.42,21.84,61.06,9.97,36.37,26.77,10.13,478.85,0.17,1.76,0.0
3006.0,2024-01-03,16:03:51,3006.0,27.81,24.11,54.76,10.27,477.42,25.37,50.42,10.19,25.37,50.42,21.84,61.06,9.97,36.37,26.77,10.13,477.42,0.17,1.76,0.0
3007.0,2024-01-03,16:03:52,3007.0,27.81,24.11,54.76,10.27,478.06,25.37,50.42,10.19,25.37,50.42,21.84,61.06,9.97,36.37,26.77,10.13,478.06,0.17,1.76,0.0
3008.0,2024-01-03,16:03:53,3008.0,27.81,24.11,54.73,10.26,479.16,25.37,50.41,10.19,25.37,50.41,21.88,60.78,9.95,36.36,26.78,10.13,479.16,0.18,1.76,0.0
3009.0,2024-01-03,16:03:54,3009.0,27.81,24.11,54.73,10.26,477.13,25.37,50.41,10.19,25.37,50.41,21.88,60.78,9.95,36.36,26.78,10.13,477.13,0.18,1.75,0.0
3010.0,2024-01-03,16:03:55,3010.0,27.81,24.11,54.73,10.26,475.07,25.37,50.41,10.19,25.37,50.41,21.88,60.78,9.95,36.36,26.78,10.13,475.07,0.17,1.75,0.0
3011.0,2024-01-03,16:03:56,3011.0,27.81,24.11,54.74,10.26,474.7,25.37,50.42,10.19,25.37,50.42,21.91,60.55,9.93,36.36,26.78,10.13,474.7,0.17,1.75,0.0
3012.0,2024-01-03,16:03:57,3012.0,27.81,24.11,54.74,10.26,473.83,25.37,50.42,10.19,25.37,50.42,21.91,60.55,9.93,36.36,26.78,10.13,473.83,0.17,1.74,0.0
3013.0,2024-01-03,16:03:58,3013.0,27.81,24.11,54.74,10.26,473.75,25.37,50.42,10.19,25.37,50.42,21.91,60.55,9.93,36.36,26.78,10.13,473.75,0.17,1.74,0.0
3014.0,2024-01-03,16:03:59,3014.0,27.81,24.11,54.74,10.26,471.36,25.38,50.4,10.19,25.38,50.4,21.92,60.48,9.93,36.36,26.78,10.13,471.36,0.17,1.73,0.0
3015.0,2024-01-03,16:04:00,3015.0,27.81,24.11,54.74,10.26,470.79,25.38,50.4,10.19,25.38,50.4,21.92,60.48,9.93,36.36,26.78,10.13,470.79,0.17,1.73,0.0
3016.0,2024-01-03,16:04:01,3016.0,27.81,24.11,54.74,10.26,470.76,25.38,50.4,10.19,25.38,50.4,21.92,60.48,9.93,36.36,26.78,10.13,470.76,0.17,1.73,0.0
3017.0,2024-01-03,16:04:02,3017.0,27.81,24.11,54.73,10.26,471.03,25.38,50.38,10.19,25.38,50.38,21.92,60.48,9.93,36.36,26.76,10.13,471.03,0.17,1.73,0.0
3018.0,2024-01-03,16:04:03,3018.0,27.81,24.11,54.73,10.26,474.45,25.38,50.38,10.19,25.38,50.38,21.92,60.48,9.93,36.36,26.76,10.13,474.45,0.18,1.74,0.0
3019.0,2024-01-03,16:04:04,3019.0,27.81,24.11,54.73,10.26,475.48,25.38,50.38,10.19,25.38,50.38,21.92,60.48,9.93,36.36,26.76,10.13,475.48,0.18,1.75,0.0
3020.0,2024-01-03,16:04:05,3020.0,27.81,24.11,54.74,10.26,476.61,25.38,50.38,10.19,25.38,50.38,21.92,60.46,9.92,36.36,26.76,10.13,476.61,0.18,1.75,0.0
3021.0,2024-01-03,16:04:06,3021.0,27.81,24.11,54.74,10.26,476.38,25.38,50.38,10.19,25.38,50.38,21.92,60.46,9.92,36.36,26.76,10.13,476.38,0.18,1.75,0.0
3022.0,2024-01-03,16:04:07,3022.0,27.81,24.11,54.74,10.26,473.84,25.38,50.38,10.19,25.38,50.38,21.92,60.46,9.92,36.36,26.76,10.13,473.84,0.17,1.74,0.0
3023.0,2024-01-03,16:04:08,3023.0,27.8,24.11,54.74,10.26,473.44,25.38,50.39,10.19,25.38,50.39,21.93,60.38,9.91,36.36,26.76,10.13,473.44,0.17,1.74,0.0
3024.0,2024-01-03,16:04:09,3024.0,27.8,24.11,54.74,10.26,473.81,25.38,50.39,10.19,25.38,50.39,21.93,60.38,9.91,36.36,26.76,10.13,473.81,0.18,1.74,0.0
3025.0,2024-01-03,16:04:10,3025.0,27.8,24.11,54.74,10.26,474.19,25.38,50.39,10.19,25.38,50.39,21.93,60.38,9.91,36.36,26.76,10.13,474.19,0.18,1.74,0.0
3026.0,2024-01-03,16:04:11,3026.0,27.79,24.11,54.74,10.26,474.7,25.38,50.37,10.19,25.38,50.37,21.94,60.24,9.9,36.36,26.77,10.13,474.7,0.18,1.74,0.0
3027.0,2024-01-03,16:04:12,3027.0,27.79,24.11,54.74,10.26,475.02,25.38,50.37,10.19,25.38,50.37,21.94,60.24,9.9,36.36,26.77,10.13,475.02,0.18,1.74,0.0
3028.0,2024-01-03,16:04:13,3028.0,27.79,24.11,54.74,10.26,475.83,25.38,50.37,10.19,25.38,50.37,21.94,60.24,9.9,36.36,26.77,10.13,475.83,0.18,1.75,0.0
3029.0,2024-01-03,16:04:14,3029.0,27.79,24.11,54.74,10.26,477.28,25.39,50.33,10.19,25.39,50.33,21.92,60.32,9.9,36.36,26.76,10.13,477.28,0.18,1.75,0.0
3030.0,2024-01-03,16:04:15,3030.0,27.79,24.11,54.74,10.26,479.18,25.39,50.33,10.19,25.39,50.33,21.92,60.32,9.9,36.36,26.76,10.13,479.18,0.18,1.76,0.0
3031.0,2024-01-03,16:04:16,3031.0,27.79,24.11,54.74,10.26,479.75,25.39,50.33,10.19,25.39,50.33,21.92,60.32,9.9,36.36,26.76,10.13,479.75,0.18,1.76,0.0
3032.0,2024-01-03,16:04:17,3032.0,27.79,24.11,54.73,10.26,477.96,25.39,50.31,10.18,25.39,50.31,21.88,60.47,9.9,36.36,26.77,10.13,477.96,0.18,1.76,0.0
3033.0,2024-01-03,16:04:18,3033.0,27.79,24.11,54.73,10.26,475.35,25.39,50.31,10.18,25.39,50.31,21.88,60.47,9.9,36.36,26.77,10.13,475.35,0.18,1.75,0.0
3034.0,2024-01-03,16:04:19,3034.0,27.79,24.11,54.73,10.26,471.21,25.39,50.31,10.18,25.39,50.31,21.88,60.47,9.9,36.36,26.77,10.13,471.21,0.17,1.73,0.0
3035.0,2024-01-03,16:04:20,3035.0,27.79,24.11,54.72,10.26,470.9,25.39,50.32,10.18,25.39,50.32,21.84,60.69,9.91,36.36,26.77,10.13,470.9,0.17,1.73,0.0
3036.0,2024-01-03,16:04:21,3036.0,27.79,24.11,54.72,10.26,469.72,25.39,50.32,10.18,25.39,50.32,21.84,60.69,9.91,36.36,26.77,10.13,469.72,0.17,1.73,0.0
3037.0,2024-01-03,16:04:22,3037.0,27.79,24.11,54.72,10.26,468.66,25.39,50.32,10.18,25.39,50.32,21.84,60.69,9.91,36.36,26.77,10.13,468.66,0.17,1.72,0.0
3038.0,2024-01-03,16:04:23,3038.0,27.78,24.11,54.69,10.26,467.64,25.39,50.34,10.18,25.39,50.34,21.8,60.91,9.92,36.36,26.77,10.13,467.64,0.17,1.72,0.0
3039.0,2024-01-03,16:04:24,3039.0,27.78,24.11,54.69,10.26,467.56,25.39,50.34,10.18,25.39,50.34,21.8,60.91,9.92,36.36,26.77,10.13,467.56,0.17,1.72,0.0
3040.0,2024-01-03,16:04:25,3040.0,27.78,24.11,54.69,10.26,467.58,25.39,50.34,10.18,25.39,50.34,21.8,60.91,9.92,36.36,26.77,10.13,467.58,0.17,1.72,0.0
3041.0,2024-01-03,16:04:26,3041.0,27.78,24.11,54.69,10.26,467.52,25.38,50.36,10.19,25.38,50.36,21.77,61.08,9.93,36.36,26.76,10.13,467.52,0.17,1.72,0.0
3042.0,2024-01-03,16:04:27,3042.0,27.78,24.11,54.69,10.26,467.3,25.38,50.36,10.19,25.38,50.36,21.77,61.08,9.93,36.36,26.76,10.13,467.3,0.17,1.72,0.0
3043.0,2024-01-03,16:04:28,3043.0,27.78,24.11,54.69,10.26,467.12,25.38,50.36,10.19,25.38,50.36,21.77,61.08,9.93,36.36,26.76,10.13,467.12,0.17,1.72,0.0
3044.0,2024-01-03,16:04:29,3044.0,27.78,24.11,54.7,10.26,467.76,25.39,50.33,10.18,25.39,50.33,21.75,61.19,9.94,36.36,26.76,10.12,467.76,0.17,1.72,0.0
3045.0,2024-01-03,16:04:30,3045.0,27.78,24.11,54.7,10.26,470.14,25.39,50.33,10.18,25.39,50.33,21.75,61.19,9.94,36.36,26.76,10.12,470.14,0.17,1.73,0.0
3046.0,2024-01-03,16:04:31,3046.0,27.78,24.11,54.7,10.26,477.36,25.39,50.33,10.18,25.39,50.33,21.75,61.19,9.94,36.36,26.76,10.12,477.36,0.18,1.75,0.0
3047.0,2024-01-03,16:04:32,3047.0,27.79,24.11,54.71,10.26,479.65,25.4,50.32,10.19,25.4,50.32,21.75,61.11,9.93,36.36,26.76,10.13,479.65,0.18,1.76,0.0
3048.0,2024-01-03,16:04:33,3048.0,27.79,24.11,54.71,10.26,481.18,25.4,50.32,10.19,25.4,50.32,21.75,61.11,9.93,36.36,26.76,10.13,481.18,0.18,1.77,0.0
3049.0,2024-01-03,16:04:34,3049.0,27.79,24.11,54.71,10.26,481.52,25.4,50.32,10.19,25.4,50.32,21.75,61.11,9.93,36.36,26.76,10.13,481.52,0.18,1.77,0.0
3050.0,2024-01-03,16:04:35,3050.0,27.79,24.11,54.7,10.26,481.05,25.4,50.28,10.18,25.4,50.28,21.77,60.96,9.92,36.37,26.75,10.13,481.05,0.18,1.77,0.0
3051.0,2024-01-03,16:04:36,3051.0,27.79,24.11,54.7,10.26,478.76,25.4,50.28,10.18,25.4,50.28,21.77,60.96,9.92,36.37,26.75,10.13,478.76,0.18,1.76,0.0
3052.0,2024-01-03,16:04:37,3052.0,27.79,24.11,54.7,10.26,474.28,25.4,50.28,10.18,25.4,50.28,21.77,60.96,9.92,36.37,26.75,10.13,474.28,0.18,1.74,0.0
3053.0,2024-01-03,16:04:38,3053.0,27.79,24.11,54.71,10.26,472.56,25.41,50.24,10.18,25.41,50.24,21.79,60.83,9.9,36.37,26.74,10.12,472.56,0.17,1.74,0.0
3054.0,2024-01-03,16:04:39,3054.0,27.79,24.11,54.71,10.26,473.81,25.41,50.24,10.18,25.41,50.24,21.79,60.83,9.9,36.37,26.74,10.12,473.81,0.17,1.74,0.0
3055.0,2024-01-03,16:04:40,3055.0,27.79,24.11,54.71,10.26,476.24,25.41,50.24,10.18,25.41,50.24,21.79,60.83,9.9,36.37,26.74,10.12,476.24,0.18,1.75,0.0
3056.0,2024-01-03,16:04:41,3056.0,27.79,24.11,54.71,10.26,476.75,25.41,50.22,10.18,25.41,50.22,21.77,60.87,9.9,36.38,26.73,10.12,476.75,0.18,1.75,0.0
3057.0,2024-01-03,16:04:42,3057.0,27.79,24.11,54.71,10.26,477.24,25.41,50.22,10.18,25.41,50.22,21.77,60.87,9.9,36.38,26.73,10.12,477.24,0.18,1.76,0.0
3058.0,2024-01-03,16:04:43,3058.0,27.79,24.11,54.71,10.26,477.5,25.41,50.22,10.18,25.41,50.22,21.77,60.87,9.9,36.38,26.73,10.12,477.5,0.18,1.76,0.0
3059.0,2024-01-03,16:04:44,3059.0,27.79,24.11,54.69,10.26,477.36,25.41,50.23,10.18,25.41,50.23,21.75,61.02,9.91,36.38,26.72,10.12,477.36,0.18,1.75,0.0
3060.0,2024-01-03,16:04:45,3060.0,27.79,24.11,54.69,10.26,476.93,25.41,50.23,10.18,25.41,50.23,21.75,61.02,9.91,36.38,26.72,10.12,476.93,0.18,1.75,0.0
3061.0,2024-01-03,16:04:46,3061.0,27.79,24.11,54.69,10.26,476.44,25.41,50.23,10.18,25.41,50.23,21.75,61.02,9.91,36.38,26.72,10.12,476.44,0.18,1.75,0.0
3062.0,2024-01-03,16:04:47,3062.0,27.79,24.11,54.71,10.26,475.82,25.42,50.22,10.18,25.42,50.22,21.72,61.15,9.92,36.38,26.73,10.12,475.82,0.18,1.75,0.0
3063.0,2024-01-03,16:04:48,3063.0,27.79,24.11,54.71,10.26,474.19,25.42,50.22,10.18,25.42,50.22,21.72,61.15,9.92,36.38,26.73,10.12,474.19,0.18,1.74,0.0
3064.0,2024-01-03,16:04:49,3064.0,27.79,24.11,54.71,10.26,474.08,25.42,50.22,10.18,25.42,50.22,21.72,61.15,9.92,36.38,26.73,10.12,474.08,0.18,1.74,0.0
3065.0,2024-01-03,16:04:50,3065.0,27.79,24.11,54.7,10.26,474.26,25.42,50.22,10.18,25.42,50.22,21.72,61.23,9.93,36.38,26.73,10.12,474.26,0.18,1.74,0.0
3066.0,2024-01-03,16:04:51,3066.0,27.79,24.11,54.7,10.26,473.86,25.42,50.22,10.18,25.42,50.22,21.72,61.23,9.93,36.38,26.73,10.12,473.86,0.18,1.74,0.0
3067.0,2024-01-03,16:04:52,3067.0,27.79,24.11,54.7,10.26,473.01,25.42,50.22,10.18,25.42,50.22,21.72,61.23,9.93,36.38,26.73,10.12,473.01,0.18,1.74,0.0
3068.0,2024-01-03,16:04:53,3068.0,27.78,24.11,54.73,10.26,472.68,25.42,50.24,10.18,25.42,50.24,21.73,61.17,9.92,36.38,26.74,10.13,472.68,0.18,1.74,0.0
3069.0,2024-01-03,16:04:54,3069.0,27.78,24.11,54.73,10.26,472.64,25.42,50.24,10.18,25.42,50.24,21.73,61.17,9.92,36.38,26.74,10.13,472.64,0.18,1.74,0.0
3070.0,2024-01-03,16:04:55,3070.0,27.78,24.11,54.73,10.26,472.58,25.42,50.24,10.18,25.42,50.24,21.73,61.17,9.92,36.38,26.74,10.13,472.58,0.18,1.74,0.0
3071.0,2024-01-03,16:04:56,3071.0,27.78,24.11,54.72,10.26,472.6,25.41,50.27,10.19,25.41,50.27,21.77,60.96,9.91,36.37,26.75,10.13,472.6,0.18,1.74,0.0
3072.0,2024-01-03,16:04:57,3072.0,27.78,24.11,54.72,10.26,472.6,25.41,50.27,10.19,25.41,50.27,21.77,60.96,9.91,36.37,26.75,10.13,472.6,0.18,1.73,0.0
3073.0,2024-01-03,16:04:58,3073.0,27.78,24.11,54.72,10.26,473,25.41,50.27,10.19,25.41,50.27,21.77,60.96,9.91,36.37,26.75,10.13,473,0.18,1.74,0.0
3074.0,2024-01-03,16:04:59,3074.0,27.78,24.11,54.75,10.26,473.15,25.41,50.25,10.18,25.41,50.25,21.79,60.88,9.91,36.36,26.78,10.13,473.15,0.18,1.74,0.0
3075.0,2024-01-03,16:05:00,3075.0,27.78,24.11,54.75,10.26,473.27,25.41,50.25,10.18,25.41,50.25,21.79,60.88,9.91,36.36,26.78,10.13,473.27,0.18,1.74,0.0
3076.0,2024-01-03,16:05:01,3076.0,27.78,24.11,54.75,10.26,473.39,25.41,50.25,10.18,25.41,50.25,21.79,60.88,9.91,36.36,26.78,10.13,473.39,0.18,1.74,0.0
3077.0,2024-01-03,16:05:02,3077.0,27.79,24.11,54.74,10.26,472.9,25.41,50.24,10.18,25.41,50.24,21.79,60.86,9.91,36.35,26.79,10.13,472.9,0.18,1.74,0.0
3078.0,2024-01-03,16:05:03,3078.0,27.79,24.11,54.74,10.26,472.66,25.41,50.24,10.18,25.41,50.24,21.79,60.86,9.91,36.35,26.79,10.13,472.66,0.18,1.73,0.0
3079.0,2024-01-03,16:05:04,3079.0,27.79,24.11,54.74,10.26,473.35,25.41,50.24,10.18,25.41,50.24,21.79,60.86,9.91,36.35,26.79,10.13,473.35,0.18,1.74,0.0
3080.0,2024-01-03,16:05:05,3080.0,27.79,24.11,54.73,10.26,473.26,25.41,50.25,10.18,25.41,50.25,21.79,60.86,9.91,36.35,26.79,10.13,473.26,0.18,1.73,0.0
3081.0,2024-01-03,16:05:06,3081.0,27.79,24.11,54.73,10.26,472.99,25.41,50.25,10.18,25.41,50.25,21.79,60.86,9.91,36.35,26.79,10.13,472.99,0.18,1.73,0.0
3082.0,2024-01-03,16:05:07,3082.0,27.79,24.11,54.73,10.26,472.15,25.41,50.25,10.18,25.41,50.25,21.79,60.86,9.91,36.35,26.79,10.13,472.15,0.18,1.73,0.0
3083.0,2024-01-03,16:05:08,3083.0,27.79,24.11,54.73,10.26,473.44,25.42,50.24,10.18,25.42,50.24,21.82,60.7,9.9,36.35,26.78,10.13,473.44,0.18,1.73,0.0
3084.0,2024-01-03,16:05:09,3084.0,27.79,24.11,54.73,10.26,474.27,25.42,50.24,10.18,25.42,50.24,21.82,60.7,9.9,36.35,26.78,10.13,474.27,0.18,1.74,0.0
3085.0,2024-01-03,16:05:10,3085.0,27.79,24.11,54.73,10.26,473.83,25.42,50.24,10.18,25.42,50.24,21.82,60.7,9.9,36.35,26.78,10.13,473.83,0.18,1.74,0.0
3086.0,2024-01-03,16:05:11,3086.0,27.79,24.1,54.73,10.26,473.67,25.42,50.24,10.18,25.42,50.24,21.85,60.52,9.89,36.35,26.78,10.12,473.67,0.18,1.73,0.0
3087.0,2024-01-03,16:05:12,3087.0,27.79,24.1,54.73,10.26,473.41,25.42,50.24,10.18,25.42,50.24,21.85,60.52,9.89,36.35,26.78,10.12,473.41,0.18,1.73,0.0
3088.0,2024-01-03,16:05:13,3088.0,27.79,24.1,54.73,10.26,472.84,25.42,50.24,10.18,25.42,50.24,21.85,60.52,9.89,36.35,26.78,10.12,472.84,0.18,1.73,0.0
3089.0,2024-01-03,16:05:14,3089.0,27.8,24.1,54.74,10.26,472.46,25.42,50.24,10.19,25.42,50.24,21.89,60.32,9.88,36.35,26.76,10.12,472.46,0.18,1.73,0.0
3090.0,2024-01-03,16:05:15,3090.0,27.8,24.1,54.74,10.26,471.69,25.42,50.24,10.19,25.42,50.24,21.89,60.32,9.88,36.35,26.76,10.12,471.69,0.18,1.72,0.0
3091.0,2024-01-03,16:05:16,3091.0,27.8,24.1,54.74,10.26,470,25.42,50.24,10.19,25.42,50.24,21.89,60.32,9.88,36.35,26.76,10.12,470,0.18,1.72,0.0
3092.0,2024-01-03,16:05:17,3092.0,27.8,24.1,54.76,10.26,468.84,25.42,50.24,10.19,25.42,50.24,21.9,60.32,9.89,36.35,26.77,10.13,468.84,0.18,1.71,0.0
3093.0,2024-01-03,16:05:18,3093.0,27.8,24.1,54.76,10.26,468.85,25.42,50.24,10.19,25.42,50.24,21.9,60.32,9.89,36.35,26.77,10.13,468.85,0.18,1.72,0.0
3094.0,2024-01-03,16:05:19,3094.0,27.8,24.1,54.76,10.26,472.78,25.42,50.24,10.19,25.42,50.24,21.9,60.32,9.89,36.35,26.77,10.13,472.78,0.18,1.73,0.0
3095.0,2024-01-03,16:05:20,3095.0,27.81,24.1,54.75,10.26,472.51,25.42,50.26,10.19,25.42,50.26,21.89,60.36,9.89,36.35,26.78,10.13,472.51,0.18,1.73,0.0
3096.0,2024-01-03,16:05:21,3096.0,27.81,24.1,54.75,10.26,469.85,25.42,50.26,10.19,25.42,50.26,21.89,60.36,9.89,36.35,26.78,10.13,469.85,0.18,1.72,0.0
3097.0,2024-01-03,16:05:22,3097.0,27.81,24.1,54.75,10.26,469.02,25.42,50.26,10.19,25.42,50.26,21.89,60.36,9.89,36.35,26.78,10.13,469.02,0.18,1.72,0.0
3098.0,2024-01-03,16:05:23,3098.0,27.81,24.1,54.76,10.26,468.63,25.41,50.28,10.19,25.41,50.28,21.9,60.33,9.89,36.35,26.79,10.13,468.63,0.18,1.72,0.0
3099.0,2024-01-03,16:05:24,3099.0,27.81,24.1,54.76,10.26,471.04,25.41,50.28,10.19,25.41,50.28,21.9,60.33,9.89,36.35,26.79,10.13,471.04,0.18,1.73,0.0
3100.0,2024-01-03,16:05:25,3100.0,27.81,24.1,54.76,10.26,472.03,25.41,50.28,10.19,25.41,50.28,21.9,60.33,9.89,36.35,26.79,10.13,472.03,0.18,1.73,0.0
3101.0,2024-01-03,16:05:26,3101.0,27.8,24.1,54.76,10.26,472.61,25.41,50.28,10.19,25.41,50.28,21.9,60.33,9.89,36.35,26.8,10.13,472.61,0.18,1.73,0.0
3102.0,2024-01-03,16:05:27,3102.0,27.8,24.1,54.76,10.26,471.55,25.41,50.28,10.19,25.41,50.28,21.9,60.33,9.89,36.35,26.8,10.13,471.55,0.18,1.73,0.0
3103.0,2024-01-03,16:05:28,3103.0,27.8,24.1,54.76,10.26,469.96,25.41,50.28,10.19,25.41,50.28,21.9,60.33,9.89,36.35,26.8,10.13,469.96,0.18,1.72,0.0
3104.0,2024-01-03,16:05:29,3104.0,27.8,24.1,54.77,10.26,469.43,25.41,50.28,10.19,25.41,50.28,21.88,60.43,9.89,36.35,26.8,10.14,469.43,0.18,1.72,0.0
3105.0,2024-01-03,16:05:30,3105.0,27.8,24.1,54.77,10.26,469.6,25.41,50.28,10.19,25.41,50.28,21.88,60.43,9.89,36.35,26.8,10.14,469.6,0.18,1.72,0.0
3106.0,2024-01-03,16:05:31,3106.0,27.8,24.1,54.77,10.26,469.49,25.41,50.28,10.19,25.41,50.28,21.88,60.43,9.89,36.35,26.8,10.14,469.49,0.18,1.72,0.0
3107.0,2024-01-03,16:05:32,3107.0,27.81,24.1,54.76,10.26,469.76,25.41,50.32,10.19,25.41,50.32,21.86,60.53,9.9,36.35,26.81,10.14,469.76,0.18,1.72,0.0
3108.0,2024-01-03,16:05:33,3108.0,27.81,24.1,54.76,10.26,469.99,25.41,50.32,10.19,25.41,50.32,21.86,60.53,9.9,36.35,26.81,10.14,469.99,0.18,1.72,0.0
3109.0,2024-01-03,16:05:34,3109.0,27.81,24.1,54.76,10.26,473.13,25.41,50.32,10.19,25.41,50.32,21.86,60.53,9.9,36.35,26.81,10.14,473.13,0.18,1.74,0.0
3110.0,2024-01-03,16:05:35,3110.0,27.81,24.1,54.78,10.27,474.61,25.4,50.36,10.2,25.4,50.36,21.86,60.58,9.91,36.35,26.8,10.14,474.61,0.18,1.74,0.0
3111.0,2024-01-03,16:05:36,3111.0,27.81,24.1,54.78,10.27,476.3,25.4,50.36,10.2,25.4,50.36,21.86,60.58,9.91,36.35,26.8,10.14,476.3,0.18,1.75,0.0
3112.0,2024-01-03,16:05:37,3112.0,27.81,24.1,54.78,10.27,476.67,25.4,50.36,10.2,25.4,50.36,21.86,60.58,9.91,36.35,26.8,10.14,476.67,0.18,1.75,0.0
3113.0,2024-01-03,16:05:38,3113.0,27.81,24.1,54.78,10.27,474.9,25.4,50.38,10.2,25.4,50.38,21.86,60.58,9.91,36.36,26.8,10.14,474.9,0.18,1.74,0.0
3114.0,2024-01-03,16:05:39,3114.0,27.81,24.1,54.78,10.27,472.52,25.4,50.38,10.2,25.4,50.38,21.86,60.58,9.91,36.36,26.8,10.14,472.52,0.18,1.73,0.0
3115.0,2024-01-03,16:05:40,3115.0,27.81,24.1,54.78,10.27,470.77,25.4,50.38,10.2,25.4,50.38,21.86,60.58,9.91,36.36,26.8,10.14,470.77,0.18,1.73,0.0
3116.0,2024-01-03,16:05:41,3116.0,27.81,24.1,54.76,10.26,470.56,25.4,50.37,10.2,25.4,50.37,21.87,60.6,9.91,36.36,26.79,10.14,470.56,0.18,1.73,0.0
3117.0,2024-01-03,16:05:42,3117.0,27.81,24.1,54.76,10.26,471.67,25.4,50.37,10.2,25.4,50.37,21.87,60.6,9.91,36.36,26.79,10.14,471.67,0.18,1.73,0.0
3118.0,2024-01-03,16:05:43,3118.0,27.81,24.1,54.76,10.26,476.96,25.4,50.37,10.2,25.4,50.37,21.87,60.6,9.91,36.36,26.79,10.14,476.96,0.18,1.75,0.0
3119.0,2024-01-03,16:05:44,3119.0,27.81,24.1,54.77,10.27,478.45,25.4,50.36,10.2,25.4,50.36,21.86,60.63,9.92,36.36,26.8,10.14,478.45,0.18,1.75,0.0
3120.0,2024-01-03,16:05:45,3120.0,27.81,24.1,54.77,10.27,479.42,25.4,50.36,10.2,25.4,50.36,21.86,60.63,9.92,36.36,26.8,10.14,479.42,0.18,1.76,0.0
3121.0,2024-01-03,16:05:46,3121.0,27.81,24.1,54.77,10.27,479.22,25.4,50.36,10.2,25.4,50.36,21.86,60.63,9.92,36.36,26.8,10.14,479.22,0.18,1.76,0.0
3122.0,2024-01-03,16:05:47,3122.0,27.81,24.11,54.75,10.26,478.79,25.4,50.36,10.2,25.4,50.36,21.86,60.67,9.92,36.35,26.81,10.14,478.79,0.18,1.76,0.0
3123.0,2024-01-03,16:05:48,3123.0,27.81,24.11,54.75,10.26,478.71,25.4,50.36,10.2,25.4,50.36,21.86,60.67,9.92,36.35,26.81,10.14,478.71,0.18,1.76,0.0
3124.0,2024-01-03,16:05:49,3124.0,27.81,24.11,54.75,10.26,477.29,25.4,50.36,10.2,25.4,50.36,21.86,60.67,9.92,36.35,26.81,10.14,477.29,0.18,1.75,0.0
3125.0,2024-01-03,16:05:50,3125.0,27.81,24.11,54.73,10.26,477,25.39,50.36,10.19,25.39,50.36,21.86,60.69,9.92,36.35,26.81,10.14,477,0.18,1.75,0.0
3126.0,2024-01-03,16:05:51,3126.0,27.81,24.11,54.73,10.26,477.44,25.39,50.36,10.19,25.39,50.36,21.86,60.69,9.92,36.35,26.81,10.14,477.44,0.18,1.75,0.0
3127.0,2024-01-03,16:05:52,3127.0,27.81,24.11,54.73,10.26,477.33,25.39,50.36,10.19,25.39,50.36,21.86,60.69,9.92,36.35,26.81,10.14,477.33,0.18,1.75,0.0
3128.0,2024-01-03,16:05:53,3128.0,27.8,24.11,54.72,10.26,475.24,25.39,50.38,10.2,25.39,50.38,21.83,60.82,9.93,36.35,26.82,10.14,475.24,0.18,1.75,0.0
3129.0,2024-01-03,16:05:54,3129.0,27.8,24.11,54.72,10.26,472.36,25.39,50.38,10.2,25.39,50.38,21.83,60.82,9.93,36.35,26.82,10.14,472.36,0.18,1.73,0.0
3130.0,2024-01-03,16:05:55,3130.0,27.8,24.11,54.72,10.26,474.11,25.39,50.38,10.2,25.39,50.38,21.83,60.82,9.93,36.35,26.82,10.14,474.11,0.18,1.74,0.0
3131.0,2024-01-03,16:05:56,3131.0,27.8,24.11,54.72,10.26,475.38,25.39,50.38,10.19,25.39,50.38,21.81,60.93,9.93,36.34,26.82,10.14,475.38,0.18,1.75,0.0
3132.0,2024-01-03,16:05:57,3132.0,27.8,24.11,54.72,10.26,476.61,25.39,50.38,10.19,25.39,50.38,21.81,60.93,9.93,36.34,26.82,10.14,476.61,0.18,1.75,0.0
3133.0,2024-01-03,16:05:58,3133.0,27.8,24.11,54.72,10.26,476.3,25.39,50.38,10.19,25.39,50.38,21.81,60.93,9.93,36.34,26.82,10.14,476.3,0.18,1.75,0.0
3134.0,2024-01-03,16:05:59,3134.0,27.8,24.12,54.69,10.26,471.63,25.39,50.39,10.2,25.39,50.39,21.8,60.99,9.94,36.34,26.83,10.14,471.63,0.18,1.73,0.0
3135.0,2024-01-03,16:06:00,3135.0,27.8,24.12,54.69,10.26,470.78,25.39,50.39,10.2,25.39,50.39,21.8,60.99,9.94,36.34,26.83,10.14,470.78,0.18,1.73,0.0
3136.0,2024-01-03,16:06:01,3136.0,27.8,24.12,54.69,10.26,471.23,25.39,50.39,10.2,25.39,50.39,21.8,60.99,9.94,36.34,26.83,10.14,471.23,0.18,1.73,0.0
3137.0,2024-01-03,16:06:02,3137.0,27.8,24.12,54.67,10.25,469.98,25.39,50.4,10.2,25.39,50.4,21.82,60.88,9.93,36.34,26.84,10.14,469.98,0.18,1.73,0.0
3138.0,2024-01-03,16:06:03,3138.0,27.8,24.12,54.67,10.25,470.95,25.39,50.4,10.2,25.39,50.4,21.82,60.88,9.93,36.34,26.84,10.14,470.95,0.18,1.73,0.0
3139.0,2024-01-03,16:06:04,3139.0,27.8,24.12,54.67,10.25,470.88,25.39,50.4,10.2,25.39,50.4,21.82,60.88,9.93,36.34,26.84,10.14,470.88,0.18,1.73,0.0
3140.0,2024-01-03,16:06:05,3140.0,27.79,24.12,54.68,10.26,470.8,25.39,50.39,10.2,25.39,50.39,21.85,60.71,9.92,36.34,26.83,10.14,470.8,0.18,1.73,0.0
3141.0,2024-01-03,16:06:06,3141.0,27.79,24.12,54.68,10.26,468.85,25.39,50.39,10.2,25.39,50.39,21.85,60.71,9.92,36.34,26.83,10.14,468.85,0.18,1.72,0.0
3142.0,2024-01-03,16:06:07,3142.0,27.79,24.12,54.68,10.26,467.87,25.39,50.39,10.2,25.39,50.39,21.85,60.71,9.92,36.34,26.83,10.14,467.87,0.18,1.71,0.0
3143.0,2024-01-03,16:06:08,3143.0,27.8,24.12,54.7,10.26,466.68,25.39,50.36,10.19,25.39,50.36,21.89,60.49,9.91,36.34,26.81,10.14,466.68,0.18,1.71,0.0
3144.0,2024-01-03,16:06:09,3144.0,27.8,24.12,54.7,10.26,464.77,25.39,50.36,10.19,25.39,50.36,21.89,60.49,9.91,36.34,26.81,10.14,464.77,0.17,1.7,0.0
3145.0,2024-01-03,16:06:10,3145.0,27.8,24.12,54.7,10.26,463.68,25.39,50.36,10.19,25.39,50.36,21.89,60.49,9.91,36.34,26.81,10.14,463.68,0.17,1.7,0.0
3146.0,2024-01-03,16:06:11,3146.0,27.8,24.12,54.68,10.26,463.68,25.4,50.35,10.19,25.4,50.35,21.94,60.25,9.9,36.35,26.8,10.13,463.68,0.17,1.7,0.0
3147.0,2024-01-03,16:06:12,3147.0,27.8,24.12,54.68,10.26,469.15,25.4,50.35,10.19,25.4,50.35,21.94,60.25,9.9,36.35,26.8,10.13,469.15,0.18,1.72,0.0
3148.0,2024-01-03,16:06:13,3148.0,27.8,24.12,54.68,10.26,470.24,25.4,50.35,10.19,25.4,50.35,21.94,60.25,9.9,36.35,26.8,10.13,470.24,0.18,1.72,0.0
3149.0,2024-01-03,16:06:14,3149.0,27.8,24.12,54.67,10.26,471.13,25.4,50.32,10.19,25.4,50.32,21.98,60.08,9.9,36.35,26.78,10.13,471.13,0.18,1.73,0.0
3150.0,2024-01-03,16:06:15,3150.0,27.8,24.12,54.67,10.26,471.1,25.4,50.32,10.19,25.4,50.32,21.98,60.08,9.9,36.35,26.78,10.13,471.1,0.18,1.73,0.0
3151.0,2024-01-03,16:06:16,3151.0,27.8,24.12,54.67,10.26,468.81,25.4,50.32,10.19,25.4,50.32,21.98,60.08,9.9,36.35,26.78,10.13,468.81,0.18,1.72,0.0
3152.0,2024-01-03,16:06:17,3152.0,27.79,24.12,54.65,10.25,468.81,25.4,50.33,10.19,25.4,50.33,21.99,60.06,9.9,36.36,26.77,10.13,468.81,0.18,1.72,0.0
3153.0,2024-01-03,16:06:18,3153.0,27.79,24.12,54.65,10.25,471.22,25.4,50.33,10.19,25.4,50.33,21.99,60.06,9.9,36.36,26.77,10.13,471.22,0.18,1.73,0.0
3154.0,2024-01-03,16:06:19,3154.0,27.79,24.12,54.65,10.25,469.95,25.4,50.33,10.19,25.4,50.33,21.99,60.06,9.9,36.36,26.77,10.13,469.95,0.18,1.72,0.0
3155.0,2024-01-03,16:06:20,3155.0,27.79,24.12,54.65,10.25,468.82,25.4,50.32,10.19,25.4,50.32,21.98,60.16,9.91,36.37,26.76,10.13,468.82,0.18,1.72,0.0
3156.0,2024-01-03,16:06:21,3156.0,27.79,24.12,54.65,10.25,469.77,25.4,50.32,10.19,25.4,50.32,21.98,60.16,9.91,36.37,26.76,10.13,469.77,0.18,1.72,0.0
3157.0,2024-01-03,16:06:22,3157.0,27.79,24.12,54.65,10.25,470.95,25.4,50.32,10.19,25.4,50.32,21.98,60.16,9.91,36.37,26.76,10.13,470.95,0.18,1.73,0.0
3158.0,2024-01-03,16:06:23,3158.0,27.8,24.12,54.67,10.26,471.18,25.4,50.31,10.19,25.4,50.31,21.97,60.27,9.92,36.37,26.75,10.13,471.18,0.18,1.73,0.0
3159.0,2024-01-03,16:06:24,3159.0,27.8,24.12,54.67,10.26,471.36,25.4,50.31,10.19,25.4,50.31,21.97,60.27,9.92,36.37,26.75,10.13,471.36,0.18,1.73,0.0
3160.0,2024-01-03,16:06:25,3160.0,27.8,24.12,54.67,10.26,471.52,25.4,50.31,10.19,25.4,50.31,21.97,60.27,9.92,36.37,26.75,10.13,471.52,0.18,1.73,0.0
3161.0,2024-01-03,16:06:26,3161.0,27.81,24.12,54.66,10.26,476.28,25.41,50.29,10.19,25.41,50.29,21.96,60.29,9.92,36.36,26.77,10.13,476.28,0.18,1.75,0.0
3162.0,2024-01-03,16:06:27,3162.0,27.81,24.12,54.66,10.26,478.13,25.41,50.29,10.19,25.41,50.29,21.96,60.29,9.92,36.36,26.77,10.13,478.13,0.18,1.76,0.0
3163.0,2024-01-03,16:06:28,3163.0,27.81,24.12,54.66,10.26,477.23,25.41,50.29,10.19,25.41,50.29,21.96,60.29,9.92,36.36,26.77,10.13,477.23,0.18,1.75,0.0
3164.0,2024-01-03,16:06:29,3164.0,27.81,24.12,54.66,10.26,475.35,25.41,50.28,10.19,25.41,50.28,21.95,60.36,9.93,36.36,26.77,10.13,475.35,0.18,1.75,0.0
3165.0,2024-01-03,16:06:30,3165.0,27.81,24.12,54.66,10.26,475.17,25.41,50.28,10.19,25.41,50.28,21.95,60.36,9.93,36.36,26.77,10.13,475.17,0.18,1.74,0.0
3166.0,2024-01-03,16:06:31,3166.0,27.81,24.12,54.66,10.26,475.45,25.41,50.28,10.19,25.41,50.28,21.95,60.36,9.93,36.36,26.77,10.13,475.45,0.18,1.75,0.0
3167.0,2024-01-03,16:06:32,3167.0,27.81,24.13,54.65,10.26,477.42,25.41,50.24,10.18,25.41,50.24,21.94,60.38,9.92,36.37,26.76,10.13,477.42,0.18,1.75,0.0
3168.0,2024-01-03,16:06:33,3168.0,27.81,24.13,54.65,10.26,478.37,25.41,50.24,10.18,25.41,50.24,21.94,60.38,9.92,36.37,26.76,10.13,478.37,0.18,1.76,0.0
3169.0,2024-01-03,16:06:34,3169.0,27.81,24.13,54.65,10.26,477.7,25.41,50.24,10.18,25.41,50.24,21.94,60.38,9.92,36.37,26.76,10.13,477.7,0.18,1.75,0.0
3170.0,2024-01-03,16:06:35,3170.0,27.81,24.13,54.63,10.25,472.97,25.41,50.24,10.18,25.41,50.24,21.94,60.39,9.92,36.36,26.76,10.13,472.97,0.18,1.74,0.0
3171.0,2024-01-03,16:06:36,3171.0,27.81,24.13,54.63,10.25,469.28,25.41,50.24,10.18,25.41,50.24,21.94,60.39,9.92,36.36,26.76,10.13,469.28,0.18,1.72,0.0
3172.0,2024-01-03,16:06:37,3172.0,27.81,24.13,54.63,10.25,466.06,25.41,50.24,10.18,25.41,50.24,21.94,60.39,9.92,36.36,26.76,10.13,466.06,0.17,1.71,0.0
3173.0,2024-01-03,16:06:38,3173.0,27.81,24.13,54.63,10.25,465.34,25.42,50.24,10.18,25.42,50.24,21.94,60.38,9.92,36.36,26.76,10.13,465.34,0.17,1.71,0.0
3174.0,2024-01-03,16:06:39,3174.0,27.81,24.13,54.63,10.25,464.74,25.42,50.24,10.18,25.42,50.24,21.94,60.38,9.92,36.36,26.76,10.13,464.74,0.17,1.7,0.0
3175.0,2024-01-03,16:06:40,3175.0,27.81,24.13,54.63,10.25,465.8,25.42,50.24,10.18,25.42,50.24,21.94,60.38,9.92,36.36,26.76,10.13,465.8,0.18,1.71,0.0
3176.0,2024-01-03,16:06:41,3176.0,27.81,24.13,54.64,10.26,469.6,25.42,50.23,10.18,25.42,50.23,21.92,60.43,9.92,36.36,26.76,10.13,469.6,0.18,1.72,0.0
3177.0,2024-01-03,16:06:42,3177.0,27.81,24.13,54.64,10.26,470.13,25.42,50.23,10.18,25.42,50.23,21.92,60.43,9.92,36.36,26.76,10.13,470.13,0.18,1.72,0.0
3178.0,2024-01-03,16:06:43,3178.0,27.81,24.13,54.64,10.26,467.73,25.42,50.23,10.18,25.42,50.23,21.92,60.43,9.92,36.36,26.76,10.13,467.73,0.17,1.72,0.0
3179.0,2024-01-03,16:06:44,3179.0,27.81,24.13,54.64,10.26,466.64,25.42,50.22,10.18,25.42,50.22,21.91,60.43,9.91,36.36,26.76,10.13,466.64,0.17,1.71,0.0
3180.0,2024-01-03,16:06:45,3180.0,27.81,24.13,54.64,10.26,467.03,25.42,50.22,10.18,25.42,50.22,21.91,60.43,9.91,36.36,26.76,10.13,467.03,0.17,1.71,0.0
3181.0,2024-01-03,16:06:46,3181.0,27.81,24.13,54.64,10.26,466.98,25.42,50.22,10.18,25.42,50.22,21.91,60.43,9.91,36.36,26.76,10.13,466.98,0.17,1.71,0.0
3182.0,2024-01-03,16:06:47,3182.0,27.8,24.13,54.63,10.26,469.63,25.42,50.2,10.18,25.42,50.2,21.93,60.28,9.9,36.36,26.77,10.13,469.63,0.18,1.72,0.0
3183.0,2024-01-03,16:06:48,3183.0,27.8,24.13,54.63,10.26,470.1,25.42,50.2,10.18,25.42,50.2,21.93,60.28,9.9,36.36,26.77,10.13,470.1,0.18,1.73,0.0
3184.0,2024-01-03,16:06:49,3184.0,27.8,24.13,54.63,10.26,470.26,25.42,50.2,10.18,25.42,50.2,21.93,60.28,9.9,36.36,26.77,10.13,470.26,0.18,1.73,0.0
3185.0,2024-01-03,16:06:50,3185.0,27.81,24.13,54.63,10.26,470.49,25.43,50.17,10.18,25.43,50.17,21.95,60.1,9.88,36.36,26.78,10.13,470.49,0.18,1.73,0.0
3186.0,2024-01-03,16:06:51,3186.0,27.81,24.13,54.63,10.26,472.27,25.43,50.17,10.18,25.43,50.17,21.95,60.1,9.88,36.36,26.78,10.13,472.27,0.18,1.73,0.0
3187.0,2024-01-03,16:06:52,3187.0,27.81,24.13,54.63,10.26,473.94,25.43,50.17,10.18,25.43,50.17,21.95,60.1,9.88,36.36,26.78,10.13,473.94,0.18,1.74,0.0
3188.0,2024-01-03,16:06:53,3188.0,27.81,24.13,54.62,10.26,472.49,25.43,50.15,10.17,25.43,50.15,21.95,60.06,9.88,36.35,26.79,10.13,472.49,0.18,1.74,0.0
3189.0,2024-01-03,16:06:54,3189.0,27.81,24.13,54.62,10.26,472.67,25.43,50.15,10.17,25.43,50.15,21.95,60.06,9.88,36.35,26.79,10.13,472.67,0.18,1.74,0.0
3190.0,2024-01-03,16:06:55,3190.0,27.81,24.13,54.62,10.26,475.23,25.43,50.15,10.17,25.43,50.15,21.95,60.06,9.88,36.35,26.79,10.13,475.23,0.18,1.75,0.0
3191.0,2024-01-03,16:06:56,3191.0,27.8,24.13,54.61,10.25,476.66,25.43,50.13,10.17,25.43,50.13,21.96,60.01,9.87,36.35,26.79,10.14,476.66,0.18,1.75,0.0
3192.0,2024-01-03,16:06:57,3192.0,27.8,24.13,54.61,10.25,475.98,25.43,50.13,10.17,25.43,50.13,21.96,60.01,9.87,36.35,26.79,10.14,475.98,0.18,1.75,0.0
3193.0,2024-01-03,16:06:58,3193.0,27.8,24.13,54.61,10.25,471.93,25.43,50.13,10.17,25.43,50.13,21.96,60.01,9.87,36.35,26.79,10.14,471.93,0.18,1.73,0.0
3194.0,2024-01-03,16:06:59,3194.0,27.8,24.13,54.63,10.26,471.81,25.43,50.15,10.18,25.43,50.15,21.99,59.82,9.86,36.35,26.81,10.14,471.81,0.18,1.73,0.0
3195.0,2024-01-03,16:07:00,3195.0,27.8,24.13,54.63,10.26,473.02,25.43,50.15,10.18,25.43,50.15,21.99,59.82,9.86,36.35,26.81,10.14,473.02,0.18,1.74,0.0
3196.0,2024-01-03,16:07:01,3196.0,27.8,24.13,54.63,10.26,473.84,25.43,50.15,10.18,25.43,50.15,21.99,59.82,9.86,36.35,26.81,10.14,473.84,0.18,1.74,0.0
3197.0,2024-01-03,16:07:02,3197.0,27.8,24.13,54.62,10.25,475.02,25.44,50.13,10.17,25.44,50.13,22.02,59.66,9.85,36.35,26.82,10.14,475.02,0.18,1.75,0.0
3198.0,2024-01-03,16:07:03,3198.0,27.8,24.13,54.62,10.25,475.18,25.44,50.13,10.17,25.44,50.13,22.02,59.66,9.85,36.35,26.82,10.14,475.18,0.18,1.75,0.0
3199.0,2024-01-03,16:07:04,3199.0,27.8,24.13,54.62,10.25,475.69,25.44,50.13,10.17,25.44,50.13,22.02,59.66,9.85,36.35,26.82,10.14,475.69,0.18,1.75,0.0
3200.0,2024-01-03,16:07:05,3200.0,27.8,24.13,54.62,10.26,475.55,25.43,50.13,10.17,25.43,50.13,22.04,59.49,9.84,36.35,26.82,10.14,475.55,0.18,1.75,0.0
3201.0,2024-01-03,16:07:06,3201.0,27.8,24.13,54.62,10.26,475.03,25.43,50.13,10.17,25.43,50.13,22.04,59.49,9.84,36.35,26.82,10.14,475.03,0.18,1.75,0.0
3202.0,2024-01-03,16:07:07,3202.0,27.8,24.13,54.62,10.26,475.1,25.43,50.13,10.17,25.43,50.13,22.04,59.49,9.84,36.35,26.82,10.14,475.1,0.18,1.75,0.0
3203.0,2024-01-03,16:07:08,3203.0,27.8,24.13,54.63,10.26,474.94,25.43,50.15,10.17,25.43,50.15,22.05,59.42,9.83,36.35,26.81,10.14,474.94,0.18,1.75,0.0
3204.0,2024-01-03,16:07:09,3204.0,27.8,24.13,54.63,10.26,476.18,25.43,50.15,10.17,25.43,50.15,22.05,59.42,9.83,36.35,26.81,10.14,476.18,0.18,1.75,0.0
3205.0,2024-01-03,16:07:10,3205.0,27.8,24.13,54.63,10.26,477.3,25.43,50.15,10.17,25.43,50.15,22.05,59.42,9.83,36.35,26.81,10.14,477.3,0.18,1.76,0.0
3206.0,2024-01-03,16:07:11,3206.0,27.81,24.14,54.61,10.26,477.27,25.43,50.14,10.17,25.43,50.14,22.01,59.69,9.85,36.36,26.79,10.14,477.27,0.18,1.76,0.0
3207.0,2024-01-03,16:07:12,3207.0,27.81,24.14,54.61,10.26,476.99,25.43,50.14,10.17,25.43,50.14,22.01,59.69,9.85,36.36,26.79,10.14,476.99,0.18,1.76,0.0
3208.0,2024-01-03,16:07:13,3208.0,27.81,24.14,54.61,10.26,476.66,25.43,50.14,10.17,25.43,50.14,22.01,59.69,9.85,36.36,26.79,10.14,476.66,0.18,1.75,0.0
3209.0,2024-01-03,16:07:14,3209.0,27.82,24.14,54.6,10.25,474.55,25.43,50.15,10.17,25.43,50.15,21.97,59.89,9.86,36.36,26.79,10.14,474.55,0.17,1.75,0.0
3210.0,2024-01-03,16:07:15,3210.0,27.82,24.14,54.6,10.25,474.07,25.43,50.15,10.17,25.43,50.15,21.97,59.89,9.86,36.36,26.79,10.14,474.07,0.17,1.75,0.0
3211.0,2024-01-03,16:07:16,3211.0,27.82,24.14,54.6,10.25,476.76,25.43,50.15,10.17,25.43,50.15,21.97,59.89,9.86,36.36,26.79,10.14,476.76,0.18,1.76,0.0
3212.0,2024-01-03,16:07:17,3212.0,27.82,24.14,54.57,10.25,477.23,25.42,50.18,10.18,25.42,50.18,21.93,60.11,9.87,36.36,26.78,10.14,477.23,0.18,1.76,0.0
3213.0,2024-01-03,16:07:18,3213.0,27.82,24.14,54.57,10.25,477.97,25.42,50.18,10.18,25.42,50.18,21.93,60.11,9.87,36.36,26.78,10.14,477.97,0.18,1.76,0.0
3214.0,2024-01-03,16:07:19,3214.0,27.82,24.14,54.57,10.25,478.27,25.42,50.18,10.18,25.42,50.18,21.93,60.11,9.87,36.36,26.78,10.14,478.27,0.18,1.76,0.0
3215.0,2024-01-03,16:07:20,3215.0,27.83,24.14,54.57,10.25,478.2,25.42,50.21,10.18,25.42,50.21,21.89,60.37,9.89,36.37,26.78,10.13,478.2,0.18,1.76,0.0
3216.0,2024-01-03,16:07:21,3216.0,27.83,24.14,54.57,10.25,478.21,25.42,50.21,10.18,25.42,50.21,21.89,60.37,9.89,36.37,26.78,10.13,478.21,0.18,1.76,0.0
3217.0,2024-01-03,16:07:22,3217.0,27.83,24.14,54.57,10.25,479.49,25.42,50.21,10.18,25.42,50.21,21.89,60.37,9.89,36.37,26.78,10.13,479.49,0.18,1.76,0.0
3218.0,2024-01-03,16:07:23,3218.0,27.83,24.14,54.57,10.25,479.16,25.41,50.24,10.18,25.41,50.24,21.84,60.6,9.9,36.37,26.77,10.13,479.16,0.18,1.76,0.0
3219.0,2024-01-03,16:07:24,3219.0,27.83,24.14,54.57,10.25,476.1,25.41,50.24,10.18,25.41,50.24,21.84,60.6,9.9,36.37,26.77,10.13,476.1,0.18,1.75,0.0
3220.0,2024-01-03,16:07:25,3220.0,27.83,24.14,54.57,10.25,475.08,25.41,50.24,10.18,25.41,50.24,21.84,60.6,9.9,36.37,26.77,10.13,475.08,0.18,1.75,0.0
3221.0,2024-01-03,16:07:26,3221.0,27.83,24.15,54.59,10.26,475.91,25.41,50.23,10.18,25.41,50.23,21.8,60.82,9.91,36.37,26.76,10.13,475.91,0.18,1.75,0.0
3222.0,2024-01-03,16:07:27,3222.0,27.83,24.15,54.59,10.26,473.52,25.41,50.23,10.18,25.41,50.23,21.8,60.82,9.91,36.37,26.76,10.13,473.52,0.17,1.74,0.0
3223.0,2024-01-03,16:07:28,3223.0,27.83,24.15,54.59,10.26,472.48,25.41,50.23,10.18,25.41,50.23,21.8,60.82,9.91,36.37,26.76,10.13,472.48,0.17,1.74,0.0
3224.0,2024-01-03,16:07:29,3224.0,27.83,24.15,54.56,10.25,472.21,25.41,50.22,10.18,25.41,50.22,21.76,61.02,9.92,36.37,26.75,10.13,472.21,0.17,1.74,0.0
3225.0,2024-01-03,16:07:30,3225.0,27.83,24.15,54.56,10.25,472.21,25.41,50.22,10.18,25.41,50.22,21.76,61.02,9.92,36.37,26.75,10.13,472.21,0.17,1.74,0.0
3226.0,2024-01-03,16:07:31,3226.0,27.83,24.15,54.56,10.25,471.93,25.41,50.22,10.18,25.41,50.22,21.76,61.02,9.92,36.37,26.75,10.13,471.93,0.17,1.74,0.0
3227.0,2024-01-03,16:07:32,3227.0,27.83,24.15,54.55,10.25,472.34,25.41,50.22,10.18,25.41,50.22,21.73,61.18,9.92,36.37,26.75,10.13,472.34,0.17,1.74,0.0
3228.0,2024-01-03,16:07:33,3228.0,27.83,24.15,54.55,10.25,473.5,25.41,50.22,10.18,25.41,50.22,21.73,61.18,9.92,36.37,26.75,10.13,473.5,0.17,1.74,0.0
3229.0,2024-01-03,16:07:34,3229.0,27.83,24.15,54.55,10.25,473.49,25.41,50.22,10.18,25.41,50.22,21.73,61.18,9.92,36.37,26.75,10.13,473.49,0.17,1.74,0.0
3230.0,2024-01-03,16:07:35,3230.0,27.84,24.15,54.54,10.25,472.72,25.41,50.23,10.18,25.41,50.23,21.69,61.33,9.93,36.37,26.74,10.13,472.72,0.17,1.74,0.0
3231.0,2024-01-03,16:07:36,3231.0,27.84,24.15,54.54,10.25,472.73,25.41,50.23,10.18,25.41,50.23,21.69,61.33,9.93,36.37,26.74,10.13,472.73,0.17,1.74,0.0
3232.0,2024-01-03,16:07:37,3232.0,27.84,24.15,54.54,10.25,474.99,25.41,50.23,10.18,25.41,50.23,21.69,61.33,9.93,36.37,26.74,10.13,474.99,0.18,1.75,0.0
3233.0,2024-01-03,16:07:38,3233.0,27.84,24.15,54.52,10.25,475.38,25.41,50.23,10.18,25.41,50.23,21.67,61.46,9.93,36.38,26.73,10.12,475.38,0.18,1.75,0.0
3234.0,2024-01-03,16:07:39,3234.0,27.84,24.15,54.52,10.25,476,25.41,50.23,10.18,25.41,50.23,21.67,61.46,9.93,36.38,26.73,10.12,476,0.18,1.75,0.0
3235.0,2024-01-03,16:07:40,3235.0,27.84,24.15,54.52,10.25,475.93,25.41,50.23,10.18,25.41,50.23,21.67,61.46,9.93,36.38,26.73,10.12,475.93,0.18,1.75,0.0
3236.0,2024-01-03,16:07:41,3236.0,27.84,24.15,54.54,10.25,475.76,25.41,50.23,10.18,25.41,50.23,21.67,61.43,9.93,36.38,26.72,10.12,475.76,0.18,1.75,0.0
3237.0,2024-01-03,16:07:42,3237.0,27.84,24.15,54.54,10.25,474.36,25.41,50.23,10.18,25.41,50.23,21.67,61.43,9.93,36.38,26.72,10.12,474.36,0.18,1.74,0.0
3238.0,2024-01-03,16:07:43,3238.0,27.84,24.15,54.54,10.25,469.27,25.41,50.23,10.18,25.41,50.23,21.67,61.43,9.93,36.38,26.72,10.12,469.27,0.17,1.72,0.0
3239.0,2024-01-03,16:07:44,3239.0,27.85,24.15,54.5,10.24,467.93,25.42,50.21,10.18,25.42,50.21,21.67,61.36,9.92,36.39,26.69,10.11,467.93,0.17,1.72,0.0
3240.0,2024-01-03,16:07:45,3240.0,27.85,24.15,54.5,10.24,467.41,25.42,50.21,10.18,25.42,50.21,21.67,61.36,9.92,36.39,26.69,10.11,467.41,0.18,1.72,0.0
3241.0,2024-01-03,16:07:46,3241.0,27.85,24.15,54.5,10.24,467.55,25.42,50.21,10.18,25.42,50.21,21.67,61.36,9.92,36.39,26.69,10.11,467.55,0.18,1.72,0.0
3242.0,2024-01-03,16:07:47,3242.0,27.84,24.14,54.52,10.24,470.29,25.42,50.2,10.18,25.42,50.2,21.68,61.27,9.91,36.39,26.67,10.11,470.29,0.18,1.73,0.0
3243.0,2024-01-03,16:07:48,3243.0,27.84,24.14,54.52,10.24,471.45,25.42,50.2,10.18,25.42,50.2,21.68,61.27,9.91,36.39,26.67,10.11,471.45,0.18,1.73,0.0
3244.0,2024-01-03,16:07:49,3244.0,27.84,24.14,54.52,10.24,474.91,25.42,50.2,10.18,25.42,50.2,21.68,61.27,9.91,36.39,26.67,10.11,474.91,0.18,1.74,0.0
3245.0,2024-01-03,16:07:50,3245.0,27.84,24.14,54.52,10.24,475.3,25.42,50.16,10.17,25.42,50.16,21.7,61.16,9.9,36.4,26.66,10.11,475.3,0.18,1.74,0.0
3246.0,2024-01-03,16:07:51,3246.0,27.84,24.14,54.52,10.24,475.05,25.42,50.16,10.17,25.42,50.16,21.7,61.16,9.9,36.4,26.66,10.11,475.05,0.18,1.74,0.0
3247.0,2024-01-03,16:07:52,3247.0,27.84,24.14,54.52,10.24,475.68,25.42,50.16,10.17,25.42,50.16,21.7,61.16,9.9,36.4,26.66,10.11,475.68,0.18,1.75,0.0
3248.0,2024-01-03,16:07:53,3248.0,27.83,24.14,54.53,10.24,475.6,25.43,50.15,10.17,25.43,50.15,21.72,61.01,9.89,36.4,26.66,10.11,475.6,0.18,1.75,0.0
3249.0,2024-01-03,16:07:54,3249.0,27.83,24.14,54.53,10.24,476.07,25.43,50.15,10.17,25.43,50.15,21.72,61.01,9.89,36.4,26.66,10.11,476.07,0.18,1.75,0.0
3250.0,2024-01-03,16:07:55,3250.0,27.83,24.14,54.53,10.24,477.81,25.43,50.15,10.17,25.43,50.15,21.72,61.01,9.89,36.4,26.66,10.11,477.81,0.18,1.75,0.0
3251.0,2024-01-03,16:07:56,3251.0,27.82,24.14,54.55,10.24,479.36,25.43,50.12,10.17,25.43,50.12,21.74,60.89,9.88,36.4,26.66,10.11,479.36,0.18,1.76,0.0
3252.0,2024-01-03,16:07:57,3252.0,27.82,24.14,54.55,10.24,479.9,25.43,50.12,10.17,25.43,50.12,21.74,60.89,9.88,36.4,26.66,10.11,479.9,0.18,1.76,0.0
3253.0,2024-01-03,16:07:58,3253.0,27.82,24.14,54.55,10.24,480.2,25.43,50.12,10.17,25.43,50.12,21.74,60.89,9.88,36.4,26.66,10.11,480.2,0.18,1.76,0.0
3254.0,2024-01-03,16:07:59,3254.0,27.82,24.13,54.54,10.24,480.18,25.44,50.11,10.17,25.44,50.11,21.77,60.69,9.87,36.4,26.66,10.11,480.18,0.18,1.76,0.0
3255.0,2024-01-03,16:08:00,3255.0,27.82,24.13,54.54,10.24,481.09,25.44,50.11,10.17,25.44,50.11,21.77,60.69,9.87,36.4,26.66,10.11,481.09,0.18,1.77,0.0
3256.0,2024-01-03,16:08:01,3256.0,27.82,24.13,54.54,10.24,481.06,25.44,50.11,10.17,25.44,50.11,21.77,60.69,9.87,36.4,26.66,10.11,481.06,0.18,1.77,0.0
3257.0,2024-01-03,16:08:02,3257.0,27.82,24.13,54.56,10.24,480.62,25.44,50.09,10.17,25.44,50.09,21.8,60.53,9.86,36.4,26.67,10.11,480.62,0.18,1.76,0.0
3258.0,2024-01-03,16:08:03,3258.0,27.82,24.13,54.56,10.24,479.17,25.44,50.09,10.17,25.44,50.09,21.8,60.53,9.86,36.4,26.67,10.11,479.17,0.18,1.76,0.0
3259.0,2024-01-03,16:08:04,3259.0,27.82,24.13,54.56,10.24,477.43,25.44,50.09,10.17,25.44,50.09,21.8,60.53,9.86,36.4,26.67,10.11,477.43,0.18,1.75,0.0
3260.0,2024-01-03,16:08:05,3260.0,27.81,24.13,54.58,10.24,477.18,25.44,50.08,10.17,25.44,50.08,21.83,60.33,9.85,36.4,26.66,10.11,477.18,0.18,1.75,0.0
3261.0,2024-01-03,16:08:06,3261.0,27.81,24.13,54.58,10.24,475.79,25.44,50.08,10.17,25.44,50.08,21.83,60.33,9.85,36.4,26.66,10.11,475.79,0.18,1.75,0.0
3262.0,2024-01-03,16:08:07,3262.0,27.81,24.13,54.58,10.24,474.72,25.44,50.08,10.17,25.44,50.08,21.83,60.33,9.85,36.4,26.66,10.11,474.72,0.18,1.74,0.0
3263.0,2024-01-03,16:08:08,3263.0,27.81,24.13,54.57,10.24,474.93,25.44,50.07,10.16,25.44,50.07,21.89,59.99,9.82,36.4,26.66,10.11,474.93,0.18,1.74,0.0
3264.0,2024-01-03,16:08:09,3264.0,27.81,24.13,54.57,10.24,477.4,25.44,50.07,10.16,25.44,50.07,21.89,59.99,9.82,36.4,26.66,10.11,477.4,0.18,1.75,0.0
3265.0,2024-01-03,16:08:10,3265.0,27.81,24.13,54.57,10.24,477.88,25.44,50.07,10.16,25.44,50.07,21.89,59.99,9.82,36.4,26.66,10.11,477.88,0.18,1.75,0.0
3266.0,2024-01-03,16:08:11,3266.0,27.81,24.12,54.57,10.24,476.66,25.44,50.08,10.17,25.44,50.08,21.93,59.79,9.82,36.39,26.67,10.11,476.66,0.18,1.75,0.0
3267.0,2024-01-03,16:08:12,3267.0,27.81,24.12,54.57,10.24,473.54,25.44,50.08,10.17,25.44,50.08,21.93,59.79,9.82,36.39,26.67,10.11,473.54,0.18,1.74,0.0
3268.0,2024-01-03,16:08:13,3268.0,27.81,24.12,54.57,10.24,472.71,25.44,50.08,10.17,25.44,50.08,21.93,59.79,9.82,36.39,26.67,10.11,472.71,0.18,1.73,0.0
3269.0,2024-01-03,16:08:14,3269.0,27.82,24.12,54.57,10.24,472.54,25.44,50.07,10.16,25.44,50.07,21.94,59.73,9.81,36.39,26.67,10.11,472.54,0.18,1.73,0.0
3270.0,2024-01-03,16:08:15,3270.0,27.82,24.12,54.57,10.24,473.91,25.44,50.07,10.16,25.44,50.07,21.94,59.73,9.81,36.39,26.67,10.11,473.91,0.18,1.74,0.0
3271.0,2024-01-03,16:08:16,3271.0,27.82,24.12,54.57,10.24,473.86,25.44,50.07,10.16,25.44,50.07,21.94,59.73,9.81,36.39,26.67,10.11,473.86,0.18,1.74,0.0
3272.0,2024-01-03,16:08:17,3272.0,27.82,24.12,54.57,10.24,472.63,25.45,50.05,10.16,25.45,50.05,21.93,59.77,9.82,36.39,26.68,10.11,472.63,0.18,1.73,0.0
3273.0,2024-01-03,16:08:18,3273.0,27.82,24.12,54.57,10.24,473.75,25.45,50.05,10.16,25.45,50.05,21.93,59.77,9.82,36.39,26.68,10.11,473.75,0.18,1.74,0.0
3274.0,2024-01-03,16:08:19,3274.0,27.82,24.12,54.57,10.24,475.78,25.45,50.05,10.16,25.45,50.05,21.93,59.77,9.82,36.39,26.68,10.11,475.78,0.18,1.75,0.0
3275.0,2024-01-03,16:08:20,3275.0,27.83,24.12,54.56,10.24,476.32,25.44,50.06,10.16,25.44,50.06,21.92,59.82,9.82,36.39,26.68,10.11,476.32,0.18,1.75,0.0
3276.0,2024-01-03,16:08:21,3276.0,27.83,24.12,54.56,10.24,474.64,25.44,50.06,10.16,25.44,50.06,21.92,59.82,9.82,36.39,26.68,10.11,474.64,0.18,1.74,0.0
3277.0,2024-01-03,16:08:22,3277.0,27.83,24.12,54.56,10.24,473.98,25.44,50.06,10.16,25.44,50.06,21.92,59.82,9.82,36.39,26.68,10.11,473.98,0.18,1.74,0.0
3278.0,2024-01-03,16:08:23,3278.0,27.83,24.12,54.57,10.24,470.38,25.44,50.05,10.16,25.44,50.05,21.92,59.87,9.82,36.39,26.67,10.11,470.38,0.18,1.73,0.0
3279.0,2024-01-03,16:08:24,3279.0,27.83,24.12,54.57,10.24,470.93,25.44,50.05,10.16,25.44,50.05,21.92,59.87,9.82,36.39,26.67,10.11,470.93,0.18,1.73,0.0
3280.0,2024-01-03,16:08:25,3280.0,27.83,24.12,54.57,10.24,471.66,25.44,50.05,10.16,25.44,50.05,21.92,59.87,9.82,36.39,26.67,10.11,471.66,0.18,1.73,0.0
3281.0,2024-01-03,16:08:26,3281.0,27.84,24.12,54.55,10.24,471.73,25.44,50.08,10.16,25.44,50.08,21.93,59.84,9.82,36.39,26.66,10.11,471.73,0.18,1.73,0.0
3282.0,2024-01-03,16:08:27,3282.0,27.84,24.12,54.55,10.24,471.76,25.44,50.08,10.16,25.44,50.08,21.93,59.84,9.82,36.39,26.66,10.11,471.76,0.18,1.73,0.0
3283.0,2024-01-03,16:08:28,3283.0,27.84,24.12,54.55,10.24,472.65,25.44,50.08,10.16,25.44,50.08,21.93,59.84,9.82,36.39,26.66,10.11,472.65,0.18,1.73,0.0
3284.0,2024-01-03,16:08:29,3284.0,27.84,24.12,54.56,10.24,473.48,25.43,50.09,10.16,25.43,50.09,21.96,59.67,9.81,36.39,26.66,10.1,473.48,0.18,1.74,0.0
3285.0,2024-01-03,16:08:30,3285.0,27.84,24.12,54.56,10.24,474.29,25.43,50.09,10.16,25.43,50.09,21.96,59.67,9.81,36.39,26.66,10.1,474.29,0.18,1.74,0.0
3286.0,2024-01-03,16:08:31,3286.0,27.84,24.12,54.56,10.24,475.09,25.43,50.09,10.16,25.43,50.09,21.96,59.67,9.81,36.39,26.66,10.1,475.09,0.18,1.74,0.0
3287.0,2024-01-03,16:08:32,3287.0,27.84,24.12,54.53,10.23,472.65,25.44,50.09,10.16,25.44,50.09,21.99,59.53,9.81,36.4,26.65,10.1,472.65,0.18,1.73,0.0
3288.0,2024-01-03,16:08:33,3288.0,27.84,24.12,54.53,10.23,471.82,25.44,50.09,10.16,25.44,50.09,21.99,59.53,9.81,36.4,26.65,10.1,471.82,0.18,1.73,0.0
3289.0,2024-01-03,16:08:34,3289.0,27.84,24.12,54.53,10.23,470.66,25.44,50.09,10.16,25.44,50.09,21.99,59.53,9.81,36.4,26.65,10.1,470.66,0.18,1.73,0.0
3290.0,2024-01-03,16:08:35,3290.0,27.84,24.12,54.53,10.23,470.35,25.43,50.06,10.16,25.43,50.06,22,59.48,9.81,36.39,26.65,10.1,470.35,0.18,1.73,0.0
3291.0,2024-01-03,16:08:36,3291.0,27.84,24.12,54.53,10.23,470.27,25.43,50.06,10.16,25.43,50.06,22,59.48,9.81,36.39,26.65,10.1,470.27,0.18,1.73,0.0
3292.0,2024-01-03,16:08:37,3292.0,27.84,24.12,54.53,10.23,470.23,25.43,50.06,10.16,25.43,50.06,22,59.48,9.81,36.39,26.65,10.1,470.23,0.18,1.73,0.0
3293.0,2024-01-03,16:08:38,3293.0,27.84,24.13,54.52,10.23,474.82,25.44,50.07,10.16,25.44,50.07,22.05,59.17,9.79,36.39,26.66,10.1,474.82,0.18,1.74,0.0
3294.0,2024-01-03,16:08:39,3294.0,27.84,24.13,54.52,10.23,478.04,25.44,50.07,10.16,25.44,50.07,22.05,59.17,9.79,36.39,26.66,10.1,478.04,0.18,1.75,0.0
3295.0,2024-01-03,16:08:40,3295.0,27.84,24.13,54.52,10.23,481.31,25.44,50.07,10.16,25.44,50.07,22.05,59.17,9.79,36.39,26.66,10.1,481.31,0.18,1.77,0.0
3296.0,2024-01-03,16:08:41,3296.0,27.85,24.13,54.53,10.24,481.62,25.44,50.07,10.16,25.44,50.07,22.04,59.3,9.8,36.39,26.66,10.11,481.62,0.19,1.77,0.0
3297.0,2024-01-03,16:08:42,3297.0,27.85,24.13,54.53,10.24,481.68,25.44,50.07,10.16,25.44,50.07,22.04,59.3,9.8,36.39,26.66,10.11,481.68,0.18,1.77,0.0
3298.0,2024-01-03,16:08:43,3298.0,27.85,24.13,54.53,10.24,479.86,25.44,50.07,10.16,25.44,50.07,22.04,59.3,9.8,36.39,26.66,10.11,479.86,0.18,1.76,0.0
3299.0,2024-01-03,16:08:44,3299.0,27.84,24.13,54.52,10.23,475.53,25.44,50.06,10.16,25.44,50.06,21.99,59.57,9.82,36.39,26.67,10.11,475.53,0.18,1.75,0.0
3300.0,2024-01-03,16:08:45,3300.0,27.84,24.13,54.52,10.23,473.68,25.44,50.06,10.16,25.44,50.06,21.99,59.57,9.82,36.39,26.67,10.11,473.68,0.18,1.74,0.0
3301.0,2024-01-03,16:08:46,3301.0,27.84,24.13,54.52,10.23,472.07,25.44,50.06,10.16,25.44,50.06,21.99,59.57,9.82,36.39,26.67,10.11,472.07,0.18,1.73,0.0
3302.0,2024-01-03,16:08:47,3302.0,27.84,24.13,54.51,10.23,471.59,25.44,50.06,10.16,25.44,50.06,21.95,59.78,9.83,36.38,26.68,10.11,471.59,0.18,1.73,0.0
3303.0,2024-01-03,16:08:48,3303.0,27.84,24.13,54.51,10.23,471.7,25.44,50.06,10.16,25.44,50.06,21.95,59.78,9.83,36.38,26.68,10.11,471.7,0.18,1.73,0.0
3304.0,2024-01-03,16:08:49,3304.0,27.84,24.13,54.51,10.23,471.72,25.44,50.06,10.16,25.44,50.06,21.95,59.78,9.83,36.38,26.68,10.11,471.72,0.18,1.73,0.0
3305.0,2024-01-03,16:08:50,3305.0,27.83,24.13,54.52,10.23,470.84,25.44,50.05,10.16,25.44,50.05,21.92,59.96,9.84,36.38,26.68,10.11,470.84,0.18,1.73,0.0
3306.0,2024-01-03,16:08:51,3306.0,27.83,24.13,54.52,10.23,470.8,25.44,50.05,10.16,25.44,50.05,21.92,59.96,9.84,36.38,26.68,10.11,470.8,0.18,1.73,0.0
3307.0,2024-01-03,16:08:52,3307.0,27.83,24.13,54.52,10.23,470.99,25.44,50.05,10.16,25.44,50.05,21.92,59.96,9.84,36.38,26.68,10.11,470.99,0.18,1.73,0.0
3308.0,2024-01-03,16:08:53,3308.0,27.83,24.13,54.52,10.23,469.88,25.44,50.06,10.16,25.44,50.06,21.89,60.15,9.85,36.39,26.67,10.11,469.88,0.18,1.72,0.0
3309.0,2024-01-03,16:08:54,3309.0,27.83,24.13,54.52,10.23,465.95,25.44,50.06,10.16,25.44,50.06,21.89,60.15,9.85,36.39,26.67,10.11,465.95,0.18,1.71,0.0
3310.0,2024-01-03,16:08:55,3310.0,27.83,24.13,54.52,10.23,464.57,25.44,50.06,10.16,25.44,50.06,21.89,60.15,9.85,36.39,26.67,10.11,464.57,0.18,1.7,0.0
3311.0,2024-01-03,16:08:56,3311.0,27.83,24.13,54.51,10.23,464.18,25.45,50.02,10.16,25.45,50.02,21.86,60.33,9.86,36.4,26.65,10.1,464.18,0.18,1.7,0.0
3312.0,2024-01-03,16:08:57,3312.0,27.83,24.13,54.51,10.23,466.02,25.45,50.02,10.16,25.45,50.02,21.86,60.33,9.86,36.4,26.65,10.1,466.02,0.18,1.71,0.0
3313.0,2024-01-03,16:08:58,3313.0,27.83,24.13,54.51,10.23,472.42,25.45,50.02,10.16,25.45,50.02,21.86,60.33,9.86,36.4,26.65,10.1,472.42,0.18,1.73,0.0
3314.0,2024-01-03,16:08:59,3314.0,27.82,24.13,54.48,10.23,475.56,25.45,50,10.15,25.45,50,21.83,60.49,9.87,36.4,26.64,10.1,475.56,0.18,1.74,0.0
3315.0,2024-01-03,16:09:00,3315.0,27.82,24.13,54.48,10.23,477.06,25.45,50,10.15,25.45,50,21.83,60.49,9.87,36.4,26.64,10.1,477.06,0.18,1.75,0.0
3316.0,2024-01-03,16:09:01,3316.0,27.82,24.13,54.48,10.23,476.05,25.45,50,10.15,25.45,50,21.83,60.49,9.87,36.4,26.64,10.1,476.05,0.18,1.75,0.0
3317.0,2024-01-03,16:09:02,3317.0,27.83,24.13,54.47,10.23,473.8,25.45,49.99,10.16,25.45,49.99,21.82,60.53,9.88,36.4,26.63,10.1,473.8,0.18,1.74,0.0
3318.0,2024-01-03,16:09:03,3318.0,27.83,24.13,54.47,10.23,473.77,25.45,49.99,10.16,25.45,49.99,21.82,60.53,9.88,36.4,26.63,10.1,473.77,0.18,1.74,0.0
3319.0,2024-01-03,16:09:04,3319.0,27.83,24.13,54.47,10.23,474.17,25.45,49.99,10.16,25.45,49.99,21.82,60.53,9.88,36.4,26.63,10.1,474.17,0.18,1.74,0.0
3320.0,2024-01-03,16:09:05,3320.0,27.83,24.13,54.48,10.23,474.21,25.45,49.99,10.15,25.45,49.99,21.83,60.49,9.87,36.4,26.63,10.1,474.21,0.18,1.74,0.0
3321.0,2024-01-03,16:09:06,3321.0,27.83,24.13,54.48,10.23,474.08,25.45,49.99,10.15,25.45,49.99,21.83,60.49,9.87,36.4,26.63,10.1,474.08,0.18,1.74,0.0
3322.0,2024-01-03,16:09:07,3322.0,27.83,24.13,54.48,10.23,471.92,25.45,49.99,10.15,25.45,49.99,21.83,60.49,9.87,36.4,26.63,10.1,471.92,0.18,1.73,0.0
3323.0,2024-01-03,16:09:08,3323.0,27.82,24.13,54.47,10.23,472.5,25.45,50,10.16,25.45,50,21.82,60.5,9.87,36.4,26.63,10.1,472.5,0.18,1.73,0.0
3324.0,2024-01-03,16:09:09,3324.0,27.82,24.13,54.47,10.23,473.39,25.45,50,10.16,25.45,50,21.82,60.5,9.87,36.4,26.63,10.1,473.39,0.18,1.73,0.0
3325.0,2024-01-03,16:09:10,3325.0,27.82,24.13,54.47,10.23,471.81,25.45,50,10.16,25.45,50,21.82,60.5,9.87,36.4,26.63,10.1,471.81,0.18,1.73,0.0
3326.0,2024-01-03,16:09:11,3326.0,27.82,24.13,54.49,10.23,471.35,25.45,49.99,10.15,25.45,49.99,21.82,60.5,9.87,36.4,26.63,10.09,471.35,0.18,1.73,0.0
3327.0,2024-01-03,16:09:12,3327.0,27.82,24.13,54.49,10.23,471.41,25.45,49.99,10.15,25.45,49.99,21.82,60.5,9.87,36.4,26.63,10.09,471.41,0.18,1.73,0.0
3328.0,2024-01-03,16:09:13,3328.0,27.82,24.13,54.49,10.23,471.24,25.45,49.99,10.15,25.45,49.99,21.82,60.5,9.87,36.4,26.63,10.09,471.24,0.18,1.73,0.0
3329.0,2024-01-03,16:09:14,3329.0,27.81,24.13,54.51,10.23,471.33,25.45,50.01,10.16,25.45,50.01,21.81,60.53,9.87,36.39,26.63,10.09,471.33,0.18,1.73,0.0
3330.0,2024-01-03,16:09:15,3330.0,27.81,24.13,54.51,10.23,474.97,25.45,50.01,10.16,25.45,50.01,21.81,60.53,9.87,36.39,26.63,10.09,474.97,0.18,1.74,0.0
3331.0,2024-01-03,16:09:16,3331.0,27.81,24.13,54.51,10.23,476.75,25.45,50.01,10.16,25.45,50.01,21.81,60.53,9.87,36.39,26.63,10.09,476.75,0.18,1.74,0.0
3332.0,2024-01-03,16:09:17,3332.0,27.8,24.13,54.5,10.23,477.32,25.45,50,10.15,25.45,50,21.84,60.37,9.86,36.4,26.62,10.09,477.32,0.18,1.75,0.0
3333.0,2024-01-03,16:09:18,3333.0,27.8,24.13,54.5,10.23,475.42,25.45,50,10.15,25.45,50,21.84,60.37,9.86,36.4,26.62,10.09,475.42,0.18,1.74,0.0
3334.0,2024-01-03,16:09:19,3334.0,27.8,24.13,54.5,10.23,473.91,25.45,50,10.15,25.45,50,21.84,60.37,9.86,36.4,26.62,10.09,473.91,0.18,1.73,0.0
3335.0,2024-01-03,16:09:20,3335.0,27.8,24.13,54.51,10.23,473.41,25.45,50.01,10.15,25.45,50.01,21.87,60.17,9.84,36.4,26.6,10.09,473.41,0.18,1.73,0.0
3336.0,2024-01-03,16:09:21,3336.0,27.8,24.13,54.51,10.23,470.84,25.45,50.01,10.15,25.45,50.01,21.87,60.17,9.84,36.4,26.6,10.09,470.84,0.18,1.72,0.0
3337.0,2024-01-03,16:09:22,3337.0,27.8,24.13,54.51,10.23,470.97,25.45,50.01,10.15,25.45,50.01,21.87,60.17,9.84,36.4,26.6,10.09,470.97,0.18,1.72,0.0
3338.0,2024-01-03,16:09:23,3338.0,27.8,24.13,54.5,10.23,471.8,25.45,50.01,10.16,25.45,50.01,21.89,60.11,9.84,36.4,26.59,10.09,471.8,0.18,1.73,0.0
3339.0,2024-01-03,16:09:24,3339.0,27.8,24.13,54.5,10.23,472.44,25.45,50.01,10.16,25.45,50.01,21.89,60.11,9.84,36.4,26.59,10.09,472.44,0.18,1.73,0.0
3340.0,2024-01-03,16:09:25,3340.0,27.8,24.13,54.5,10.23,473.65,25.45,50.01,10.16,25.45,50.01,21.89,60.11,9.84,36.4,26.59,10.09,473.65,0.18,1.73,0.0
3341.0,2024-01-03,16:09:26,3341.0,27.8,24.13,54.48,10.23,474.73,25.45,50.02,10.15,25.45,50.02,21.89,60.14,9.85,36.4,26.6,10.09,474.73,0.18,1.74,0.0
3342.0,2024-01-03,16:09:27,3342.0,27.8,24.13,54.48,10.23,478.5,25.45,50.02,10.15,25.45,50.02,21.89,60.14,9.85,36.4,26.6,10.09,478.5,0.18,1.75,0.0
3343.0,2024-01-03,16:09:28,3343.0,27.8,24.13,54.48,10.23,478.91,25.45,50.02,10.15,25.45,50.02,21.89,60.14,9.85,36.4,26.6,10.09,478.91,0.18,1.75,0.0
3344.0,2024-01-03,16:09:29,3344.0,27.8,24.13,54.5,10.23,476.85,25.44,50.03,10.16,25.44,50.03,21.88,60.21,9.86,36.4,26.6,10.09,476.85,0.18,1.75,0.0
3345.0,2024-01-03,16:09:30,3345.0,27.8,24.13,54.5,10.23,475.52,25.44,50.03,10.16,25.44,50.03,21.88,60.21,9.86,36.4,26.6,10.09,475.52,0.18,1.74,0.0
3346.0,2024-01-03,16:09:31,3346.0,27.8,24.13,54.5,10.23,474.49,25.44,50.03,10.16,25.44,50.03,21.88,60.21,9.86,36.4,26.6,10.09,474.49,0.18,1.74,0.0
3347.0,2024-01-03,16:09:32,3347.0,27.8,24.13,54.51,10.23,475.8,25.44,50.04,10.16,25.44,50.04,21.86,60.35,9.87,36.4,26.61,10.09,475.8,0.18,1.74,0.0
3348.0,2024-01-03,16:09:33,3348.0,27.8,24.13,54.51,10.23,474.27,25.44,50.04,10.16,25.44,50.04,21.86,60.35,9.87,36.4,26.61,10.09,474.27,0.18,1.74,0.0
3349.0,2024-01-03,16:09:34,3349.0,27.8,24.13,54.51,10.23,473.82,25.44,50.04,10.16,25.44,50.04,21.86,60.35,9.87,36.4,26.61,10.09,473.82,0.18,1.73,0.0
3350.0,2024-01-03,16:09:35,3350.0,27.8,24.13,54.5,10.23,474.24,25.44,50.06,10.16,25.44,50.06,21.84,60.47,9.88,36.4,26.61,10.09,474.24,0.18,1.74,0.0
3351.0,2024-01-03,16:09:36,3351.0,27.8,24.13,54.5,10.23,473.92,25.44,50.06,10.16,25.44,50.06,21.84,60.47,9.88,36.4,26.61,10.09,473.92,0.18,1.73,0.0
3352.0,2024-01-03,16:09:37,3352.0,27.8,24.13,54.5,10.23,473.41,25.44,50.06,10.16,25.44,50.06,21.84,60.47,9.88,36.4,26.61,10.09,473.41,0.18,1.73,0.0
3353.0,2024-01-03,16:09:38,3353.0,27.81,24.13,54.49,10.23,473.06,25.44,50.07,10.16,25.44,50.07,21.84,60.48,9.88,36.4,26.61,10.09,473.06,0.18,1.73,0.0
3354.0,2024-01-03,16:09:39,3354.0,27.81,24.13,54.49,10.23,472.78,25.44,50.07,10.16,25.44,50.07,21.84,60.48,9.88,36.4,26.61,10.09,472.78,0.18,1.73,0.0
3355.0,2024-01-03,16:09:40,3355.0,27.81,24.13,54.49,10.23,472.17,25.44,50.07,10.16,25.44,50.07,21.84,60.48,9.88,36.4,26.61,10.09,472.17,0.18,1.73,0.0
3356.0,2024-01-03,16:09:41,3356.0,27.81,24.13,54.49,10.23,471.67,25.44,50.06,10.16,25.44,50.06,21.85,60.45,9.88,36.4,26.61,10.09,471.67,0.18,1.73,0.0
3357.0,2024-01-03,16:09:42,3357.0,27.81,24.13,54.49,10.23,468.66,25.44,50.06,10.16,25.44,50.06,21.85,60.45,9.88,36.4,26.61,10.09,468.66,0.18,1.71,0.0
3358.0,2024-01-03,16:09:43,3358.0,27.81,24.13,54.49,10.23,467.52,25.44,50.06,10.16,25.44,50.06,21.85,60.45,9.88,36.4,26.61,10.09,467.52,0.18,1.71,0.0
3359.0,2024-01-03,16:09:44,3359.0,27.81,24.13,54.51,10.23,463.98,25.44,50.05,10.16,25.44,50.05,21.89,60.29,9.87,36.39,26.62,10.09,463.98,0.18,1.7,0.0
3360.0,2024-01-03,16:09:45,3360.0,27.81,24.13,54.51,10.23,462.89,25.44,50.05,10.16,25.44,50.05,21.89,60.29,9.87,36.39,26.62,10.09,462.89,0.18,1.69,0.0
3361.0,2024-01-03,16:09:46,3361.0,27.81,24.13,54.51,10.23,463.42,25.44,50.05,10.16,25.44,50.05,21.89,60.29,9.87,36.39,26.62,10.09,463.42,0.18,1.7,0.0
3362.0,2024-01-03,16:09:47,3362.0,27.81,24.13,54.5,10.23,464.36,25.44,50.04,10.16,25.44,50.04,21.94,60.06,9.87,36.4,26.61,10.09,464.36,0.18,1.7,0.0
3363.0,2024-01-03,16:09:48,3363.0,27.81,24.13,54.5,10.23,466.35,25.44,50.04,10.16,25.44,50.04,21.94,60.06,9.87,36.4,26.61,10.09,466.35,0.18,1.71,0.0
3364.0,2024-01-03,16:09:49,3364.0,27.81,24.13,54.5,10.23,467.62,25.44,50.04,10.16,25.44,50.04,21.94,60.06,9.87,36.4,26.61,10.09,467.62,0.18,1.71,0.0
3365.0,2024-01-03,16:09:50,3365.0,27.82,24.13,54.48,10.23,469.4,25.44,50.03,10.16,25.44,50.03,21.97,60.01,9.88,36.4,26.6,10.09,469.4,0.18,1.72,0.0
3366.0,2024-01-03,16:09:51,3366.0,27.82,24.13,54.48,10.23,469.71,25.44,50.03,10.16,25.44,50.03,21.97,60.01,9.88,36.4,26.6,10.09,469.71,0.18,1.72,0.0
3367.0,2024-01-03,16:09:52,3367.0,27.82,24.13,54.48,10.23,473.76,25.44,50.03,10.16,25.44,50.03,21.97,60.01,9.88,36.4,26.6,10.09,473.76,0.18,1.73,0.0
3368.0,2024-01-03,16:09:53,3368.0,27.82,24.13,54.48,10.23,476.14,25.44,50.01,10.15,25.44,50.01,21.98,60,9.89,36.4,26.61,10.09,476.14,0.18,1.74,0.0
3369.0,2024-01-03,16:09:54,3369.0,27.82,24.13,54.48,10.23,477.79,25.44,50.01,10.15,25.44,50.01,21.98,60,9.89,36.4,26.61,10.09,477.79,0.18,1.75,0.0
3370.0,2024-01-03,16:09:55,3370.0,27.82,24.13,54.48,10.23,477.43,25.44,50.01,10.15,25.44,50.01,21.98,60,9.89,36.4,26.61,10.09,477.43,0.18,1.75,0.0
3371.0,2024-01-03,16:09:56,3371.0,27.82,24.13,54.48,10.23,477.21,25.44,50.02,10.15,25.44,50.02,22,59.96,9.89,36.39,26.63,10.09,477.21,0.18,1.75,0.0
3372.0,2024-01-03,16:09:57,3372.0,27.82,24.13,54.48,10.23,476.66,25.44,50.02,10.15,25.44,50.02,22,59.96,9.89,36.39,26.63,10.09,476.66,0.18,1.75,0.0
3373.0,2024-01-03,16:09:58,3373.0,27.82,24.13,54.48,10.23,471.48,25.44,50.02,10.15,25.44,50.02,22,59.96,9.89,36.39,26.63,10.09,471.48,0.18,1.73,0.0
3374.0,2024-01-03,16:09:59,3374.0,27.83,24.13,54.46,10.22,470.25,25.45,50,10.15,25.45,50,22.02,59.92,9.89,36.39,26.63,10.09,470.25,0.18,1.72,0.0
3375.0,2024-01-03,16:10:00,3375.0,27.83,24.13,54.46,10.22,469.98,25.45,50,10.15,25.45,50,22.02,59.92,9.89,36.39,26.63,10.09,469.98,0.18,1.72,0.0
3376.0,2024-01-03,16:10:01,3376.0,27.83,24.13,54.46,10.22,468.82,25.45,50,10.15,25.45,50,22.02,59.92,9.89,36.39,26.63,10.09,468.82,0.18,1.72,0.0
3377.0,2024-01-03,16:10:02,3377.0,27.83,24.13,54.47,10.23,468.26,25.45,49.97,10.15,25.45,49.97,22.03,59.87,9.89,36.39,26.64,10.09,468.26,0.18,1.72,0.0
3378.0,2024-01-03,16:10:03,3378.0,27.83,24.13,54.47,10.23,467.9,25.45,49.97,10.15,25.45,49.97,22.03,59.87,9.89,36.39,26.64,10.09,467.9,0.18,1.71,0.0
3379.0,2024-01-03,16:10:04,3379.0,27.83,24.13,54.47,10.23,468.12,25.45,49.97,10.15,25.45,49.97,22.03,59.87,9.89,36.39,26.64,10.09,468.12,0.18,1.71,0.0
3380.0,2024-01-03,16:10:05,3380.0,27.84,24.13,54.49,10.23,467.88,25.46,49.94,10.15,25.46,49.94,22.03,59.88,9.89,36.39,26.65,10.1,467.88,0.18,1.71,0.0
3381.0,2024-01-03,16:10:06,3381.0,27.84,24.13,54.49,10.23,467.4,25.46,49.94,10.15,25.46,49.94,22.03,59.88,9.89,36.39,26.65,10.1,467.4,0.18,1.71,0.0
3382.0,2024-01-03,16:10:07,3382.0,27.84,24.13,54.49,10.23,467.46,25.46,49.94,10.15,25.46,49.94,22.03,59.88,9.89,36.39,26.65,10.1,467.46,0.18,1.71,0.0
3383.0,2024-01-03,16:10:08,3383.0,27.85,24.14,54.46,10.23,468.37,25.46,49.93,10.15,25.46,49.93,22.03,59.86,9.89,36.39,26.65,10.1,468.37,0.18,1.72,0.0
3384.0,2024-01-03,16:10:09,3384.0,27.85,24.14,54.46,10.23,469.1,25.46,49.93,10.15,25.46,49.93,22.03,59.86,9.89,36.39,26.65,10.1,469.1,0.18,1.72,0.0
3385.0,2024-01-03,16:10:10,3385.0,27.85,24.14,54.46,10.23,469.01,25.46,49.93,10.15,25.46,49.93,22.03,59.86,9.89,36.39,26.65,10.1,469.01,0.18,1.72,0.0
3386.0,2024-01-03,16:10:11,3386.0,27.87,24.14,54.48,10.23,469.71,25.46,49.91,10.15,25.46,49.91,22.05,59.77,9.89,36.38,26.67,10.1,469.71,0.18,1.72,0.0
3387.0,2024-01-03,16:10:12,3387.0,27.87,24.14,54.48,10.23,469.86,25.46,49.91,10.15,25.46,49.91,22.05,59.77,9.89,36.38,26.67,10.1,469.86,0.18,1.72,0.0
3388.0,2024-01-03,16:10:13,3388.0,27.87,24.14,54.48,10.23,470.48,25.46,49.91,10.15,25.46,49.91,22.05,59.77,9.89,36.38,26.67,10.1,470.48,0.18,1.73,0.0
3389.0,2024-01-03,16:10:14,3389.0,27.88,24.14,54.49,10.23,470.47,25.47,49.9,10.14,25.47,49.9,22.05,59.75,9.89,36.37,26.69,10.11,470.47,0.18,1.73,0.0
3390.0,2024-01-03,16:10:15,3390.0,27.88,24.14,54.49,10.23,470.21,25.47,49.9,10.14,25.47,49.9,22.05,59.75,9.89,36.37,26.69,10.11,470.21,0.18,1.72,0.0
3391.0,2024-01-03,16:10:16,3391.0,27.88,24.14,54.49,10.23,469.98,25.47,49.9,10.14,25.47,49.9,22.05,59.75,9.89,36.37,26.69,10.11,469.98,0.18,1.72,0.0
3392.0,2024-01-03,16:10:17,3392.0,27.89,24.14,54.47,10.23,470.55,25.47,49.9,10.15,25.47,49.9,22.09,59.54,9.88,36.37,26.69,10.11,470.55,0.18,1.73,0.0
3393.0,2024-01-03,16:10:18,3393.0,27.89,24.14,54.47,10.23,471.03,25.47,49.9,10.15,25.47,49.9,22.09,59.54,9.88,36.37,26.69,10.11,471.03,0.18,1.73,0.0
3394.0,2024-01-03,16:10:19,3394.0,27.89,24.14,54.47,10.23,471.1,25.47,49.9,10.15,25.47,49.9,22.09,59.54,9.88,36.37,26.69,10.11,471.1,0.18,1.73,0.0
3395.0,2024-01-03,16:10:20,3395.0,27.89,24.14,54.47,10.23,471.35,25.47,49.92,10.15,25.47,49.92,22.13,59.31,9.86,36.37,26.69,10.1,471.35,0.18,1.73,0.0
3396.0,2024-01-03,16:10:21,3396.0,27.89,24.14,54.47,10.23,471.11,25.47,49.92,10.15,25.47,49.92,22.13,59.31,9.86,36.37,26.69,10.1,471.11,0.18,1.73,0.0
3397.0,2024-01-03,16:10:22,3397.0,27.89,24.14,54.47,10.23,472.22,25.47,49.92,10.15,25.47,49.92,22.13,59.31,9.86,36.37,26.69,10.1,472.22,0.18,1.73,0.0
3398.0,2024-01-03,16:10:23,3398.0,27.9,24.15,54.47,10.24,473.18,25.47,49.91,10.15,25.47,49.91,22.19,58.95,9.83,36.37,26.7,10.11,473.18,0.18,1.74,0.0
3399.0,2024-01-03,16:10:24,3399.0,27.9,24.15,54.47,10.24,473.14,25.47,49.91,10.15,25.47,49.91,22.19,58.95,9.83,36.37,26.7,10.11,473.14,0.18,1.74,0.0
3400.0,2024-01-03,16:10:25,3400.0,27.9,24.15,54.47,10.24,471.86,25.47,49.91,10.15,25.47,49.91,22.19,58.95,9.83,36.37,26.7,10.11,471.86,0.18,1.73,0.0
3401.0,2024-01-03,16:10:26,3401.0,27.91,24.15,54.47,10.24,471.26,25.47,49.93,10.15,25.47,49.93,22.2,58.85,9.82,36.37,26.7,10.11,471.26,0.18,1.73,0.0
3402.0,2024-01-03,16:10:27,3402.0,27.91,24.15,54.47,10.24,471.36,25.47,49.93,10.15,25.47,49.93,22.2,58.85,9.82,36.37,26.7,10.11,471.36,0.18,1.73,0.0
3403.0,2024-01-03,16:10:28,3403.0,27.91,24.15,54.47,10.24,471.72,25.47,49.93,10.15,25.47,49.93,22.2,58.85,9.82,36.37,26.7,10.11,471.72,0.18,1.73,0.0
3404.0,2024-01-03,16:10:29,3404.0,27.92,24.15,54.48,10.24,472.08,25.47,49.93,10.15,25.47,49.93,22.2,58.79,9.82,36.37,26.7,10.11,472.08,0.18,1.73,0.0
3405.0,2024-01-03,16:10:30,3405.0,27.92,24.15,54.48,10.24,470.13,25.47,49.93,10.15,25.47,49.93,22.2,58.79,9.82,36.37,26.7,10.11,470.13,0.17,1.72,0.0
3406.0,2024-01-03,16:10:31,3406.0,27.92,24.15,54.48,10.24,469.13,25.47,49.93,10.15,25.47,49.93,22.2,58.79,9.82,36.37,26.7,10.11,469.13,0.17,1.72,0.0
3407.0,2024-01-03,16:10:32,3407.0,27.91,24.15,54.47,10.24,470.44,25.47,49.94,10.15,25.47,49.94,22.23,58.54,9.79,36.37,26.72,10.11,470.44,0.18,1.72,0.0
3408.0,2024-01-03,16:10:33,3408.0,27.91,24.15,54.47,10.24,470.56,25.47,49.94,10.15,25.47,49.94,22.23,58.54,9.79,36.37,26.72,10.11,470.56,0.18,1.72,0.0
3409.0,2024-01-03,16:10:34,3409.0,27.91,24.15,54.47,10.24,470.39,25.47,49.94,10.15,25.47,49.94,22.23,58.54,9.79,36.37,26.72,10.11,470.39,0.18,1.72,0.0
3410.0,2024-01-03,16:10:35,3410.0,27.91,24.16,54.45,10.24,470.74,25.47,49.94,10.15,25.47,49.94,22.23,58.52,9.79,36.37,26.72,10.12,470.74,0.18,1.73,0.0
3411.0,2024-01-03,16:10:36,3411.0,27.91,24.16,54.45,10.24,470.12,25.47,49.94,10.15,25.47,49.94,22.23,58.52,9.79,36.37,26.72,10.12,470.12,0.18,1.72,0.0
3412.0,2024-01-03,16:10:37,3412.0,27.91,24.16,54.45,10.24,470.26,25.47,49.94,10.15,25.47,49.94,22.23,58.52,9.79,36.37,26.72,10.12,470.26,0.18,1.73,0.0
3413.0,2024-01-03,16:10:38,3413.0,27.91,24.16,54.43,10.24,470.17,25.47,49.96,10.16,25.47,49.96,22.18,58.76,9.8,36.37,26.73,10.12,470.17,0.18,1.73,0.0
3414.0,2024-01-03,16:10:39,3414.0,27.91,24.16,54.43,10.24,471.92,25.47,49.96,10.16,25.47,49.96,22.18,58.76,9.8,36.37,26.73,10.12,471.92,0.18,1.73,0.0
3415.0,2024-01-03,16:10:40,3415.0,27.91,24.16,54.43,10.24,474.91,25.47,49.96,10.16,25.47,49.96,22.18,58.76,9.8,36.37,26.73,10.12,474.91,0.18,1.74,0.0
3416.0,2024-01-03,16:10:41,3416.0,27.91,24.17,54.43,10.24,476.65,25.47,49.97,10.16,25.47,49.97,22.12,59.07,9.82,36.37,26.74,10.12,476.65,0.18,1.75,0.0
3417.0,2024-01-03,16:10:42,3417.0,27.91,24.17,54.43,10.24,480.72,25.47,49.97,10.16,25.47,49.97,22.12,59.07,9.82,36.37,26.74,10.12,480.72,0.18,1.76,0.0
3418.0,2024-01-03,16:10:43,3418.0,27.91,24.17,54.43,10.24,482.58,25.47,49.97,10.16,25.47,49.97,22.12,59.07,9.82,36.37,26.74,10.12,482.58,0.18,1.77,0.0
3419.0,2024-01-03,16:10:44,3419.0,27.9,24.17,54.43,10.24,488.22,25.47,49.97,10.16,25.47,49.97,22.06,59.43,9.84,36.37,26.73,10.12,488.22,0.18,1.79,0.0
3420.0,2024-01-03,16:10:45,3420.0,27.9,24.17,54.43,10.24,489.22,25.47,49.97,10.16,25.47,49.97,22.06,59.43,9.84,36.37,26.73,10.12,489.22,0.18,1.79,0.0
3421.0,2024-01-03,16:10:46,3421.0,27.9,24.17,54.43,10.24,489.65,25.47,49.97,10.16,25.47,49.97,22.06,59.43,9.84,36.37,26.73,10.12,489.65,0.18,1.79,0.0
3422.0,2024-01-03,16:10:47,3422.0,27.89,24.17,54.44,10.24,488.52,25.47,49.94,10.16,25.47,49.94,22,59.77,9.86,36.37,26.73,10.12,488.52,0.18,1.79,0.0
3423.0,2024-01-03,16:10:48,3423.0,27.89,24.17,54.44,10.24,486.14,25.47,49.94,10.16,25.47,49.94,22,59.77,9.86,36.37,26.73,10.12,486.14,0.18,1.78,0.0
3424.0,2024-01-03,16:10:49,3424.0,27.89,24.17,54.44,10.24,484.88,25.47,49.94,10.16,25.47,49.94,22,59.77,9.86,36.37,26.73,10.12,484.88,0.18,1.78,0.0
3425.0,2024-01-03,16:10:50,3425.0,27.89,24.17,54.44,10.24,481.99,25.48,49.92,10.16,25.48,49.92,21.97,59.9,9.86,36.37,26.72,10.12,481.99,0.18,1.76,0.0
3426.0,2024-01-03,16:10:51,3426.0,27.89,24.17,54.44,10.24,480.47,25.48,49.92,10.16,25.48,49.92,21.97,59.9,9.86,36.37,26.72,10.12,480.47,0.18,1.76,0.0
3427.0,2024-01-03,16:10:52,3427.0,27.89,24.17,54.44,10.24,481.05,25.48,49.92,10.16,25.48,49.92,21.97,59.9,9.86,36.37,26.72,10.12,481.05,0.18,1.76,0.0
3428.0,2024-01-03,16:10:53,3428.0,27.89,24.17,54.43,10.24,481.06,25.48,49.91,10.16,25.48,49.91,22,59.71,9.85,36.37,26.72,10.11,481.06,0.18,1.76,0.0
3429.0,2024-01-03,16:10:54,3429.0,27.89,24.17,54.43,10.24,481.34,25.48,49.91,10.16,25.48,49.91,22,59.71,9.85,36.37,26.72,10.11,481.34,0.18,1.76,0.0
3430.0,2024-01-03,16:10:55,3430.0,27.89,24.17,54.43,10.24,481.15,25.48,49.91,10.16,25.48,49.91,22,59.71,9.85,36.37,26.72,10.11,481.15,0.18,1.76,0.0
3431.0,2024-01-03,16:10:56,3431.0,27.89,24.17,54.44,10.24,479.93,25.48,49.93,10.16,25.48,49.93,22.01,59.58,9.83,36.38,26.71,10.11,479.93,0.18,1.76,0.0
3432.0,2024-01-03,16:10:57,3432.0,27.89,24.17,54.44,10.24,478.98,25.48,49.93,10.16,25.48,49.93,22.01,59.58,9.83,36.38,26.71,10.11,478.98,0.18,1.75,0.0
3433.0,2024-01-03,16:10:58,3433.0,27.89,24.17,54.44,10.24,476.64,25.48,49.93,10.16,25.48,49.93,22.01,59.58,9.83,36.38,26.71,10.11,476.64,0.18,1.74,0.0
3434.0,2024-01-03,16:10:59,3434.0,27.89,24.17,54.45,10.25,475.9,25.48,49.95,10.16,25.48,49.95,22.04,59.38,9.82,36.38,26.7,10.11,475.9,0.18,1.74,0.0
3435.0,2024-01-03,16:11:00,3435.0,27.89,24.17,54.45,10.25,475.56,25.48,49.95,10.16,25.48,49.95,22.04,59.38,9.82,36.38,26.7,10.11,475.56,0.18,1.74,0.0
3436.0,2024-01-03,16:11:01,3436.0,27.89,24.17,54.45,10.25,475.41,25.48,49.95,10.16,25.48,49.95,22.04,59.38,9.82,36.38,26.7,10.11,475.41,0.18,1.74,0.0
3437.0,2024-01-03,16:11:02,3437.0,27.89,24.17,54.44,10.24,475.28,25.48,49.96,10.16,25.48,49.96,22.07,59.25,9.81,36.37,26.7,10.11,475.28,0.18,1.74,0.0
3438.0,2024-01-03,16:11:03,3438.0,27.89,24.17,54.44,10.24,473.43,25.48,49.96,10.16,25.48,49.96,22.07,59.25,9.81,36.37,26.7,10.11,473.43,0.18,1.73,0.0
3439.0,2024-01-03,16:11:04,3439.0,27.89,24.17,54.44,10.24,471.58,25.48,49.96,10.16,25.48,49.96,22.07,59.25,9.81,36.37,26.7,10.11,471.58,0.18,1.72,0.0
3440.0,2024-01-03,16:11:05,3440.0,27.89,24.17,54.43,10.24,474.26,25.48,49.98,10.16,25.48,49.98,22.05,59.35,9.82,36.37,26.7,10.11,474.26,0.18,1.73,0.0
3441.0,2024-01-03,16:11:06,3441.0,27.89,24.17,54.43,10.24,475.23,25.48,49.98,10.16,25.48,49.98,22.05,59.35,9.82,36.37,26.7,10.11,475.23,0.18,1.73,0.0
3442.0,2024-01-03,16:11:07,3442.0,27.89,24.17,54.43,10.24,473.54,25.48,49.98,10.16,25.48,49.98,22.05,59.35,9.82,36.37,26.7,10.11,473.54,0.18,1.73,0.0
3443.0,2024-01-03,16:11:08,3443.0,27.89,24.17,54.43,10.24,470.19,25.48,49.97,10.16,25.48,49.97,22.01,59.6,9.83,36.37,26.7,10.11,470.19,0.18,1.72,0.0
3444.0,2024-01-03,16:11:09,3444.0,27.89,24.17,54.43,10.24,470.87,25.48,49.97,10.16,25.48,49.97,22.01,59.6,9.83,36.37,26.7,10.11,470.87,0.18,1.72,0.0
3445.0,2024-01-03,16:11:10,3445.0,27.89,24.17,54.43,10.24,474.72,25.48,49.97,10.16,25.48,49.97,22.01,59.6,9.83,36.37,26.7,10.11,474.72,0.18,1.73,0.0
3446.0,2024-01-03,16:11:11,3446.0,27.89,24.17,54.44,10.24,475.05,25.48,49.98,10.17,25.48,49.98,21.97,59.84,9.85,36.37,26.69,10.1,475.05,0.18,1.73,0.0
3447.0,2024-01-03,16:11:12,3447.0,27.89,24.17,54.44,10.24,475.25,25.48,49.98,10.17,25.48,49.98,21.97,59.84,9.85,36.37,26.69,10.1,475.25,0.18,1.73,0.0
3448.0,2024-01-03,16:11:13,3448.0,27.89,24.17,54.44,10.24,476.75,25.48,49.98,10.17,25.48,49.98,21.97,59.84,9.85,36.37,26.69,10.1,476.75,0.18,1.74,0.0
3449.0,2024-01-03,16:11:14,3449.0,27.9,24.17,54.43,10.24,477.31,25.48,49.97,10.16,25.48,49.97,21.96,59.88,9.85,36.37,26.68,10.1,477.31,0.18,1.74,0.0
3450.0,2024-01-03,16:11:15,3450.0,27.9,24.17,54.43,10.24,476.16,25.48,49.97,10.16,25.48,49.97,21.96,59.88,9.85,36.37,26.68,10.1,476.16,0.18,1.73,0.0
3451.0,2024-01-03,16:11:16,3451.0,27.9,24.17,54.43,10.24,473.6,25.48,49.97,10.16,25.48,49.97,21.96,59.88,9.85,36.37,26.68,10.1,473.6,0.18,1.72,0.0
3452.0,2024-01-03,16:11:17,3452.0,27.9,24.17,54.42,10.24,472.88,25.48,49.95,10.16,25.48,49.95,21.94,59.97,9.85,36.37,26.68,10.1,472.88,0.18,1.72,0.0
3453.0,2024-01-03,16:11:18,3453.0,27.9,24.17,54.42,10.24,470.96,25.48,49.95,10.16,25.48,49.95,21.94,59.97,9.85,36.37,26.68,10.1,470.96,0.18,1.71,0.0
3454.0,2024-01-03,16:11:19,3454.0,27.9,24.17,54.42,10.24,472.9,25.48,49.95,10.16,25.48,49.95,21.94,59.97,9.85,36.37,26.68,10.1,472.9,0.18,1.72,0.0
3455.0,2024-01-03,16:11:20,3455.0,27.9,24.17,54.43,10.24,476.26,25.49,49.92,10.16,25.49,49.92,21.9,60.22,9.87,36.37,26.68,10.1,476.26,0.18,1.73,0.0
3456.0,2024-01-03,16:11:21,3456.0,27.9,24.17,54.43,10.24,476.83,25.49,49.92,10.16,25.49,49.92,21.9,60.22,9.87,36.37,26.68,10.1,476.83,0.18,1.73,0.0
3457.0,2024-01-03,16:11:22,3457.0,27.9,24.17,54.43,10.24,477.49,25.49,49.92,10.16,25.49,49.92,21.9,60.22,9.87,36.37,26.68,10.1,477.49,0.18,1.74,0.0
3458.0,2024-01-03,16:11:23,3458.0,27.9,24.17,54.44,10.24,477.47,25.49,49.93,10.16,25.49,49.93,21.86,60.44,9.88,36.36,26.69,10.1,477.47,0.18,1.74,0.0
3459.0,2024-01-03,16:11:24,3459.0,27.9,24.17,54.44,10.24,479.88,25.49,49.93,10.16,25.49,49.93,21.86,60.44,9.88,36.36,26.69,10.1,479.88,0.18,1.74,0.0
3460.0,2024-01-03,16:11:25,3460.0,27.9,24.17,54.44,10.24,480.31,25.49,49.93,10.16,25.49,49.93,21.86,60.44,9.88,36.36,26.69,10.1,480.31,0.18,1.75,0.0
3461.0,2024-01-03,16:11:26,3461.0,27.9,24.17,54.46,10.25,477.5,25.48,49.96,10.17,25.48,49.96,21.83,60.62,9.89,36.36,26.69,10.1,477.5,0.18,1.74,0.0
3462.0,2024-01-03,16:11:27,3462.0,27.9,24.17,54.46,10.25,476.18,25.48,49.96,10.17,25.48,49.96,21.83,60.62,9.89,36.36,26.69,10.1,476.18,0.18,1.73,0.0
3463.0,2024-01-03,16:11:28,3463.0,27.9,24.17,54.46,10.25,475.23,25.48,49.96,10.17,25.48,49.96,21.83,60.62,9.89,36.36,26.69,10.1,475.23,0.18,1.73,0.0
3464.0,2024-01-03,16:11:29,3464.0,27.89,24.16,54.45,10.24,475.13,25.48,50.01,10.17,25.48,50.01,21.82,60.69,9.9,36.37,26.68,10.1,475.13,0.18,1.73,0.0
3465.0,2024-01-03,16:11:30,3465.0,27.89,24.16,54.45,10.24,475.16,25.48,50.01,10.17,25.48,50.01,21.82,60.69,9.9,36.37,26.68,10.1,475.16,0.18,1.73,0.0
3466.0,2024-01-03,16:11:31,3466.0,27.89,24.16,54.45,10.24,475.3,25.48,50.01,10.17,25.48,50.01,21.82,60.69,9.9,36.37,26.68,10.1,475.3,0.18,1.73,0.0
3467.0,2024-01-03,16:11:32,3467.0,27.88,24.16,54.45,10.24,475.8,25.47,50.04,10.17,25.47,50.04,21.8,60.7,9.89,36.36,26.69,10.1,475.8,0.18,1.73,0.0
3468.0,2024-01-03,16:11:33,3468.0,27.88,24.16,54.45,10.24,475.62,25.47,50.04,10.17,25.47,50.04,21.8,60.7,9.89,36.36,26.69,10.1,475.62,0.18,1.73,0.0
3469.0,2024-01-03,16:11:34,3469.0,27.88,24.16,54.45,10.24,474.97,25.47,50.04,10.17,25.47,50.04,21.8,60.7,9.89,36.36,26.69,10.1,474.97,0.18,1.73,0.0
3470.0,2024-01-03,16:11:35,3470.0,27.87,24.16,54.47,10.24,473.37,25.46,50.06,10.17,25.46,50.06,21.8,60.65,9.88,36.36,26.69,10.1,473.37,0.18,1.72,0.0
3471.0,2024-01-03,16:11:36,3471.0,27.87,24.16,54.47,10.24,472.12,25.46,50.06,10.17,25.46,50.06,21.8,60.65,9.88,36.36,26.69,10.1,472.12,0.18,1.72,0.0
3472.0,2024-01-03,16:11:37,3472.0,27.87,24.16,54.47,10.24,467.64,25.46,50.06,10.17,25.46,50.06,21.8,60.65,9.88,36.36,26.69,10.1,467.64,0.18,1.7,0.0
3473.0,2024-01-03,16:11:38,3473.0,27.86,24.16,54.46,10.24,465.51,25.46,50.08,10.18,25.46,50.08,21.82,60.53,9.87,36.36,26.69,10.1,465.51,0.18,1.69,0.0
3474.0,2024-01-03,16:11:39,3474.0,27.86,24.16,54.46,10.24,467.59,25.46,50.08,10.18,25.46,50.08,21.82,60.53,9.87,36.36,26.69,10.1,467.59,0.18,1.7,0.0
3475.0,2024-01-03,16:11:40,3475.0,27.86,24.16,54.46,10.24,467.61,25.46,50.08,10.18,25.46,50.08,21.82,60.53,9.87,36.36,26.69,10.1,467.61,0.18,1.7,0.0
3476.0,2024-01-03,16:11:41,3476.0,27.86,24.16,54.48,10.24,468.22,25.46,50.09,10.18,25.46,50.09,21.83,60.46,9.87,36.36,26.7,10.1,468.22,0.18,1.7,0.0
3477.0,2024-01-03,16:11:42,3477.0,27.86,24.16,54.48,10.24,469.08,25.46,50.09,10.18,25.46,50.09,21.83,60.46,9.87,36.36,26.7,10.1,469.08,0.18,1.7,0.0
3478.0,2024-01-03,16:11:43,3478.0,27.86,24.16,54.48,10.24,467.87,25.46,50.09,10.18,25.46,50.09,21.83,60.46,9.87,36.36,26.7,10.1,467.87,0.18,1.7,0.0
3479.0,2024-01-03,16:11:44,3479.0,27.85,24.16,54.48,10.24,466.82,25.46,50.11,10.18,25.46,50.11,21.85,60.35,9.86,36.36,26.69,10.1,466.82,0.18,1.7,0.0
3480.0,2024-01-03,16:11:45,3480.0,27.85,24.16,54.48,10.24,466.56,25.46,50.11,10.18,25.46,50.11,21.85,60.35,9.86,36.36,26.69,10.1,466.56,0.18,1.7,0.0
3481.0,2024-01-03,16:11:46,3481.0,27.85,24.16,54.48,10.24,466.57,25.46,50.11,10.18,25.46,50.11,21.85,60.35,9.86,36.36,26.69,10.1,466.57,0.18,1.7,0.0
3482.0,2024-01-03,16:11:47,3482.0,27.86,24.16,54.49,10.25,467.79,25.46,50.1,10.18,25.46,50.1,21.86,60.29,9.86,36.37,26.69,10.1,467.79,0.18,1.7,0.0
3483.0,2024-01-03,16:11:48,3483.0,27.86,24.16,54.49,10.25,469.59,25.46,50.1,10.18,25.46,50.1,21.86,60.29,9.86,36.37,26.69,10.1,469.59,0.18,1.71,0.0
3484.0,2024-01-03,16:11:49,3484.0,27.86,24.16,54.49,10.25,468.58,25.46,50.1,10.18,25.46,50.1,21.86,60.29,9.86,36.37,26.69,10.1,468.58,0.18,1.7,0.0
3485.0,2024-01-03,16:11:50,3485.0,27.85,24.16,54.47,10.24,466.99,25.46,50.09,10.18,25.46,50.09,21.86,60.3,9.86,36.37,26.68,10.1,466.99,0.18,1.7,0.0
3486.0,2024-01-03,16:11:51,3486.0,27.85,24.16,54.47,10.24,469,25.46,50.09,10.18,25.46,50.09,21.86,60.3,9.86,36.37,26.68,10.1,469,0.18,1.7,0.0
3487.0,2024-01-03,16:11:52,3487.0,27.85,24.16,54.47,10.24,474.06,25.46,50.09,10.18,25.46,50.09,21.86,60.3,9.86,36.37,26.68,10.1,474.06,0.18,1.72,0.0
3488.0,2024-01-03,16:11:53,3488.0,27.85,24.16,54.48,10.24,475.01,25.47,50.07,10.18,25.47,50.07,21.85,60.39,9.87,36.37,26.68,10.1,475.01,0.18,1.73,0.0
3489.0,2024-01-03,16:11:54,3489.0,27.85,24.16,54.48,10.24,476.41,25.47,50.07,10.18,25.47,50.07,21.85,60.39,9.87,36.37,26.68,10.1,476.41,0.19,1.73,0.0
3490.0,2024-01-03,16:11:55,3490.0,27.85,24.16,54.48,10.24,476.53,25.47,50.07,10.18,25.47,50.07,21.85,60.39,9.87,36.37,26.68,10.1,476.53,0.19,1.73,0.0
3491.0,2024-01-03,16:11:56,3491.0,27.85,24.16,54.47,10.24,476.94,25.47,50.07,10.18,25.47,50.07,21.84,60.48,9.88,36.37,26.67,10.1,476.94,0.19,1.73,0.0
3492.0,2024-01-03,16:11:57,3492.0,27.85,24.16,54.47,10.24,475.31,25.47,50.07,10.18,25.47,50.07,21.84,60.48,9.88,36.37,26.67,10.1,475.31,0.19,1.73,0.0
3493.0,2024-01-03,16:11:58,3493.0,27.85,24.16,54.47,10.24,477.04,25.47,50.07,10.18,25.47,50.07,21.84,60.48,9.88,36.37,26.67,10.1,477.04,0.19,1.73,0.0
3494.0,2024-01-03,16:11:59,3494.0,27.85,24.16,54.47,10.24,478.78,25.47,50.1,10.18,25.47,50.1,21.82,60.59,9.89,36.38,26.66,10.1,478.78,0.19,1.74,0.0
3495.0,2024-01-03,16:12:00,3495.0,27.85,24.16,54.47,10.24,480.14,25.47,50.1,10.18,25.47,50.1,21.82,60.59,9.89,36.38,26.66,10.1,480.14,0.19,1.74,0.0
3496.0,2024-01-03,16:12:01,3496.0,27.85,24.16,54.47,10.24,480.58,25.47,50.1,10.18,25.47,50.1,21.82,60.59,9.89,36.38,26.66,10.1,480.58,0.19,1.75,0.0
3497.0,2024-01-03,16:12:02,3497.0,27.85,24.16,54.48,10.25,481.86,25.47,50.08,10.18,25.47,50.08,21.8,60.69,9.89,36.38,26.66,10.1,481.86,0.19,1.75,0.0
3498.0,2024-01-03,16:12:03,3498.0,27.85,24.16,54.48,10.25,481.22,25.47,50.08,10.18,25.47,50.08,21.8,60.69,9.89,36.38,26.66,10.1,481.22,0.19,1.75,0.0
3499.0,2024-01-03,16:12:04,3499.0,27.85,24.16,54.48,10.25,479.04,25.47,50.08,10.18,25.47,50.08,21.8,60.69,9.89,36.38,26.66,10.1,479.04,0.19,1.74,0.0
3500.0,2024-01-03,16:12:05,3500.0,27.85,24.16,54.47,10.24,478.16,25.46,50.11,10.18,25.46,50.11,21.79,60.76,9.89,36.38,26.66,10.1,478.16,0.19,1.74,0.0
3501.0,2024-01-03,16:12:06,3501.0,27.85,24.16,54.47,10.24,477.32,25.46,50.11,10.18,25.46,50.11,21.79,60.76,9.89,36.38,26.66,10.1,477.32,0.19,1.73,0.0
3502.0,2024-01-03,16:12:07,3502.0,27.85,24.16,54.47,10.24,477.19,25.46,50.11,10.18,25.46,50.11,21.79,60.76,9.89,36.38,26.66,10.1,477.19,0.19,1.73,0.0
3503.0,2024-01-03,16:12:08,3503.0,27.85,24.16,54.47,10.24,476.87,25.46,50.13,10.19,25.46,50.13,21.79,60.8,9.9,36.38,26.67,10.1,476.87,0.19,1.73,0.0
3504.0,2024-01-03,16:12:09,3504.0,27.85,24.16,54.47,10.24,477.07,25.46,50.13,10.19,25.46,50.13,21.79,60.8,9.9,36.38,26.67,10.1,477.07,0.19,1.73,0.0
3505.0,2024-01-03,16:12:10,3505.0,27.85,24.16,54.47,10.24,478.02,25.46,50.13,10.19,25.46,50.13,21.79,60.8,9.9,36.38,26.67,10.1,478.02,0.19,1.74,0.0
3506.0,2024-01-03,16:12:11,3506.0,27.85,24.16,54.47,10.24,479.46,25.46,50.11,10.19,25.46,50.11,21.76,61.02,9.92,36.38,26.68,10.1,479.46,0.19,1.74,0.0
3507.0,2024-01-03,16:12:12,3507.0,27.85,24.16,54.47,10.24,479.9,25.46,50.11,10.19,25.46,50.11,21.76,61.02,9.92,36.38,26.68,10.1,479.9,0.19,1.74,0.0
3508.0,2024-01-03,16:12:13,3508.0,27.85,24.16,54.47,10.24,480.21,25.46,50.11,10.19,25.46,50.11,21.76,61.02,9.92,36.38,26.68,10.1,480.21,0.19,1.74,0.0
3509.0,2024-01-03,16:12:14,3509.0,27.86,24.16,54.48,10.24,480,25.47,50.09,10.18,25.47,50.09,21.74,61.15,9.92,36.38,26.68,10.1,480,0.19,1.74,0.0
3510.0,2024-01-03,16:12:15,3510.0,27.86,24.16,54.48,10.24,479.65,25.47,50.09,10.18,25.47,50.09,21.74,61.15,9.92,36.38,26.68,10.1,479.65,0.19,1.74,0.0
3511.0,2024-01-03,16:12:16,3511.0,27.86,24.16,54.48,10.24,478.69,25.47,50.09,10.18,25.47,50.09,21.74,61.15,9.92,36.38,26.68,10.1,478.69,0.19,1.74,0.0
3512.0,2024-01-03,16:12:17,3512.0,27.86,24.16,54.47,10.24,476.31,25.47,50.09,10.18,25.47,50.09,21.73,61.17,9.92,36.38,26.67,10.1,476.31,0.19,1.73,0.0
3513.0,2024-01-03,16:12:18,3513.0,27.86,24.16,54.47,10.24,475.88,25.47,50.09,10.18,25.47,50.09,21.73,61.17,9.92,36.38,26.67,10.1,475.88,0.19,1.73,0.0
3514.0,2024-01-03,16:12:19,3514.0,27.86,24.16,54.47,10.24,475.67,25.47,50.09,10.18,25.47,50.09,21.73,61.17,9.92,36.38,26.67,10.1,475.67,0.19,1.73,0.0
3515.0,2024-01-03,16:12:20,3515.0,27.86,24.16,54.46,10.24,477.31,25.47,50.1,10.18,25.47,50.1,21.72,61.23,9.93,36.38,26.67,10.1,477.31,0.19,1.73,0.0
3516.0,2024-01-03,16:12:21,3516.0,27.86,24.16,54.46,10.24,479.04,25.47,50.1,10.18,25.47,50.1,21.72,61.23,9.93,36.38,26.67,10.1,479.04,0.19,1.74,0.0
3517.0,2024-01-03,16:12:22,3517.0,27.86,24.16,54.46,10.24,479.61,25.47,50.1,10.18,25.47,50.1,21.72,61.23,9.93,36.38,26.67,10.1,479.61,0.19,1.74,0.0
3518.0,2024-01-03,16:12:23,3518.0,27.85,24.16,54.48,10.24,478.58,25.46,50.11,10.19,25.46,50.11,21.72,61.25,9.93,36.37,26.67,10.1,478.58,0.19,1.74,0.0
3519.0,2024-01-03,16:12:24,3519.0,27.85,24.16,54.48,10.24,475.16,25.46,50.11,10.19,25.46,50.11,21.72,61.25,9.93,36.37,26.67,10.1,475.16,0.19,1.72,0.0
3520.0,2024-01-03,16:12:25,3520.0,27.85,24.16,54.48,10.24,468.81,25.46,50.11,10.19,25.46,50.11,21.72,61.25,9.93,36.37,26.67,10.1,468.81,0.19,1.7,0.0
3521.0,2024-01-03,16:12:26,3521.0,27.85,24.16,54.48,10.24,468.21,25.46,50.1,10.18,25.46,50.1,21.74,61.14,9.93,36.38,26.66,10.1,468.21,0.18,1.7,0.0
3522.0,2024-01-03,16:12:27,3522.0,27.85,24.16,54.48,10.24,468.77,25.46,50.1,10.18,25.46,50.1,21.74,61.14,9.93,36.38,26.66,10.1,468.77,0.18,1.7,0.0
3523.0,2024-01-03,16:12:28,3523.0,27.85,24.16,54.48,10.24,468.78,25.46,50.1,10.18,25.46,50.1,21.74,61.14,9.93,36.38,26.66,10.1,468.78,0.18,1.7,0.0
3524.0,2024-01-03,16:12:29,3524.0,27.85,24.16,54.46,10.24,472.03,25.47,50.08,10.18,25.47,50.08,21.76,61.08,9.93,36.38,26.64,10.09,472.03,0.19,1.71,0.0
3525.0,2024-01-03,16:12:30,3525.0,27.85,24.16,54.46,10.24,473.88,25.47,50.08,10.18,25.47,50.08,21.76,61.08,9.93,36.38,26.64,10.09,473.88,0.19,1.72,0.0
3526.0,2024-01-03,16:12:31,3526.0,27.85,24.16,54.46,10.24,477.4,25.47,50.08,10.18,25.47,50.08,21.76,61.08,9.93,36.38,26.64,10.09,477.4,0.19,1.73,0.0
3527.0,2024-01-03,16:12:32,3527.0,27.85,24.15,54.47,10.24,477.42,25.47,50.06,10.18,25.47,50.06,21.77,61.04,9.93,36.39,26.64,10.09,477.42,0.19,1.73,0.0
3528.0,2024-01-03,16:12:33,3528.0,27.85,24.15,54.47,10.24,477.86,25.47,50.06,10.18,25.47,50.06,21.77,61.04,9.93,36.39,26.64,10.09,477.86,0.19,1.74,0.0
3529.0,2024-01-03,16:12:34,3529.0,27.85,24.15,54.47,10.24,477.24,25.47,50.06,10.18,25.47,50.06,21.77,61.04,9.93,36.39,26.64,10.09,477.24,0.19,1.73,0.0
3530.0,2024-01-03,16:12:35,3530.0,27.85,24.15,54.49,10.24,477.27,25.47,50.06,10.18,25.47,50.06,21.78,60.94,9.92,36.39,26.63,10.09,477.27,0.19,1.73,0.0
3531.0,2024-01-03,16:12:36,3531.0,27.85,24.15,54.49,10.24,477.22,25.47,50.06,10.18,25.47,50.06,21.78,60.94,9.92,36.39,26.63,10.09,477.22,0.19,1.73,0.0
3532.0,2024-01-03,16:12:37,3532.0,27.85,24.15,54.49,10.24,477.21,25.47,50.06,10.18,25.47,50.06,21.78,60.94,9.92,36.39,26.63,10.09,477.21,0.19,1.73,0.0
3533.0,2024-01-03,16:12:38,3533.0,27.86,24.15,54.5,10.24,477.26,25.47,50.07,10.18,25.47,50.07,21.79,60.92,9.92,36.39,26.63,10.09,477.26,0.19,1.73,0.0
3534.0,2024-01-03,16:12:39,3534.0,27.86,24.15,54.5,10.24,481.04,25.47,50.07,10.18,25.47,50.07,21.79,60.92,9.92,36.39,26.63,10.09,481.04,0.19,1.75,0.0
3535.0,2024-01-03,16:12:40,3535.0,27.86,24.15,54.5,10.24,481.28,25.47,50.07,10.18,25.47,50.07,21.79,60.92,9.92,36.39,26.63,10.09,481.28,0.19,1.75,0.0
3536.0,2024-01-03,16:12:41,3536.0,27.86,24.15,54.51,10.24,481.35,25.47,50.05,10.18,25.47,50.05,21.8,60.81,9.91,36.39,26.62,10.09,481.35,0.19,1.75,0.0
3537.0,2024-01-03,16:12:42,3537.0,27.86,24.15,54.51,10.24,479.03,25.47,50.05,10.18,25.47,50.05,21.8,60.81,9.91,36.39,26.62,10.09,479.03,0.19,1.74,0.0
3538.0,2024-01-03,16:12:43,3538.0,27.86,24.15,54.51,10.24,479.23,25.47,50.05,10.18,25.47,50.05,21.8,60.81,9.91,36.39,26.62,10.09,479.23,0.19,1.74,0.0
3539.0,2024-01-03,16:12:44,3539.0,27.85,24.15,54.5,10.24,479.9,25.47,50.05,10.17,25.47,50.05,21.82,60.71,9.9,36.39,26.61,10.09,479.9,0.19,1.74,0.0
3540.0,2024-01-03,16:12:45,3540.0,27.85,24.15,54.5,10.24,478.96,25.47,50.05,10.17,25.47,50.05,21.82,60.71,9.9,36.39,26.61,10.09,478.96,0.19,1.74,0.0
3541.0,2024-01-03,16:12:46,3541.0,27.85,24.15,54.5,10.24,474.8,25.47,50.05,10.17,25.47,50.05,21.82,60.71,9.9,36.39,26.61,10.09,474.8,0.19,1.72,0.0
3542.0,2024-01-03,16:12:47,3542.0,27.85,24.15,54.48,10.24,474.44,25.47,50.03,10.17,25.47,50.03,21.87,60.41,9.88,36.4,26.6,10.09,474.44,0.19,1.72,0.0
3543.0,2024-01-03,16:12:48,3543.0,27.85,24.15,54.48,10.24,477.4,25.47,50.03,10.17,25.47,50.03,21.87,60.41,9.88,36.4,26.6,10.09,477.4,0.19,1.73,0.0
3544.0,2024-01-03,16:12:49,3544.0,27.85,24.15,54.48,10.24,478.12,25.47,50.03,10.17,25.47,50.03,21.87,60.41,9.88,36.4,26.6,10.09,478.12,0.19,1.74,0.0
3545.0,2024-01-03,16:12:50,3545.0,27.85,24.15,54.48,10.24,479.01,25.48,50.01,10.17,25.48,50.01,21.91,60.17,9.87,36.41,26.6,10.09,479.01,0.19,1.74,0.0
3546.0,2024-01-03,16:12:51,3546.0,27.85,24.15,54.48,10.24,479.03,25.48,50.01,10.17,25.48,50.01,21.91,60.17,9.87,36.41,26.6,10.09,479.03,0.19,1.74,0.0
3547.0,2024-01-03,16:12:52,3547.0,27.85,24.15,54.48,10.24,479.3,25.48,50.01,10.17,25.48,50.01,21.91,60.17,9.87,36.41,26.6,10.09,479.3,0.19,1.74,0.0
3548.0,2024-01-03,16:12:53,3548.0,27.84,24.14,54.5,10.24,479.19,25.47,50.01,10.17,25.47,50.01,21.92,60.05,9.86,36.39,26.61,10.09,479.19,0.19,1.74,0.0
3549.0,2024-01-03,16:12:54,3549.0,27.84,24.14,54.5,10.24,478.89,25.47,50.01,10.17,25.47,50.01,21.92,60.05,9.86,36.39,26.61,10.09,478.89,0.19,1.74,0.0
3550.0,2024-01-03,16:12:55,3550.0,27.84,24.14,54.5,10.24,478.56,25.47,50.01,10.17,25.47,50.01,21.92,60.05,9.86,36.39,26.61,10.09,478.56,0.19,1.74,0.0
3551.0,2024-01-03,16:12:56,3551.0,27.85,24.15,54.51,10.24,478.56,25.48,50.01,10.17,25.48,50.01,21.92,60.05,9.86,36.39,26.63,10.09,478.56,0.19,1.74,0.0
3552.0,2024-01-03,16:12:57,3552.0,27.85,24.15,54.51,10.24,478.28,25.48,50.01,10.17,25.48,50.01,21.92,60.05,9.86,36.39,26.63,10.09,478.28,0.19,1.74,0.0
3553.0,2024-01-03,16:12:58,3553.0,27.85,24.15,54.51,10.24,477.15,25.48,50.01,10.17,25.48,50.01,21.92,60.05,9.86,36.39,26.63,10.09,477.15,0.19,1.74,0.0
3554.0,2024-01-03,16:12:59,3554.0,27.84,24.15,54.51,10.24,476.21,25.48,50,10.17,25.48,50,21.92,60.04,9.86,36.39,26.63,10.09,476.21,0.19,1.73,0.0
3555.0,2024-01-03,16:13:00,3555.0,27.84,24.15,54.51,10.24,475.7,25.48,50,10.17,25.48,50,21.92,60.04,9.86,36.39,26.63,10.09,475.7,0.19,1.73,0.0
3556.0,2024-01-03,16:13:01,3556.0,27.84,24.15,54.51,10.24,476.07,25.48,50,10.17,25.48,50,21.92,60.04,9.86,36.39,26.63,10.09,476.07,0.19,1.73,0.0
3557.0,2024-01-03,16:13:02,3557.0,27.84,24.15,54.52,10.25,476.43,25.48,49.98,10.17,25.48,49.98,21.93,60,9.85,36.39,26.64,10.1,476.43,0.19,1.73,0.0
3558.0,2024-01-03,16:13:03,3558.0,27.84,24.15,54.52,10.25,475.15,25.48,49.98,10.17,25.48,49.98,21.93,60,9.85,36.39,26.64,10.1,475.15,0.18,1.73,0.0
3559.0,2024-01-03,16:13:04,3559.0,27.84,24.15,54.52,10.25,473.48,25.48,49.98,10.17,25.48,49.98,21.93,60,9.85,36.39,26.64,10.1,473.48,0.18,1.72,0.0
3560.0,2024-01-03,16:13:05,3560.0,27.85,24.15,54.51,10.24,474.64,25.49,49.95,10.17,25.49,49.95,21.97,59.74,9.84,36.39,26.65,10.1,474.64,0.18,1.73,0.0
3561.0,2024-01-03,16:13:06,3561.0,27.85,24.15,54.51,10.24,472.71,25.49,49.95,10.17,25.49,49.95,21.97,59.74,9.84,36.39,26.65,10.1,472.71,0.18,1.72,0.0
3562.0,2024-01-03,16:13:07,3562.0,27.85,24.15,54.51,10.24,470.01,25.49,49.95,10.17,25.49,49.95,21.97,59.74,9.84,36.39,26.65,10.1,470.01,0.18,1.71,0.0
3563.0,2024-01-03,16:13:08,3563.0,27.85,24.15,54.48,10.24,468.61,25.49,49.92,10.16,25.49,49.92,22,59.56,9.82,36.39,26.65,10.1,468.61,0.18,1.71,0.0
3564.0,2024-01-03,16:13:09,3564.0,27.85,24.15,54.48,10.24,467.81,25.49,49.92,10.16,25.49,49.92,22,59.56,9.82,36.39,26.65,10.1,467.81,0.18,1.71,0.0
3565.0,2024-01-03,16:13:10,3565.0,27.85,24.15,54.48,10.24,469.57,25.49,49.92,10.16,25.49,49.92,22,59.56,9.82,36.39,26.65,10.1,469.57,0.18,1.71,0.0
3566.0,2024-01-03,16:13:11,3566.0,27.85,24.15,54.51,10.25,472.22,25.49,49.95,10.17,25.49,49.95,22.03,59.4,9.82,36.39,26.67,10.11,472.22,0.18,1.72,0.0
3567.0,2024-01-03,16:13:12,3567.0,27.85,24.15,54.51,10.25,472.62,25.49,49.95,10.17,25.49,49.95,22.03,59.4,9.82,36.39,26.67,10.11,472.62,0.18,1.72,0.0
3568.0,2024-01-03,16:13:13,3568.0,27.85,24.15,54.51,10.25,473.06,25.49,49.95,10.17,25.49,49.95,22.03,59.4,9.82,36.39,26.67,10.11,473.06,0.18,1.73,0.0
3569.0,2024-01-03,16:13:14,3569.0,27.84,24.15,54.51,10.24,473.71,25.48,49.98,10.17,25.48,49.98,22.05,59.29,9.81,36.38,26.69,10.11,473.71,0.18,1.73,0.0
3570.0,2024-01-03,16:13:15,3570.0,27.84,24.15,54.51,10.24,474.3,25.48,49.98,10.17,25.48,49.98,22.05,59.29,9.81,36.38,26.69,10.11,474.3,0.19,1.73,0.0
3571.0,2024-01-03,16:13:16,3571.0,27.84,24.15,54.51,10.24,475.07,25.48,49.98,10.17,25.48,49.98,22.05,59.29,9.81,36.38,26.69,10.11,475.07,0.19,1.73,0.0
3572.0,2024-01-03,16:13:17,3572.0,27.85,24.15,54.5,10.24,474.71,25.49,49.98,10.17,25.49,49.98,22.06,59.3,9.81,36.38,26.71,10.12,474.71,0.19,1.73,0.0
3573.0,2024-01-03,16:13:18,3573.0,27.85,24.15,54.5,10.24,473.57,25.49,49.98,10.17,25.49,49.98,22.06,59.3,9.81,36.38,26.71,10.12,473.57,0.19,1.73,0.0
3574.0,2024-01-03,16:13:19,3574.0,27.85,24.15,54.5,10.24,471.31,25.49,49.98,10.17,25.49,49.98,22.06,59.3,9.81,36.38,26.71,10.12,471.31,0.18,1.72,0.0
3575.0,2024-01-03,16:13:20,3575.0,27.85,24.15,54.52,10.25,470.98,25.48,49.98,10.17,25.48,49.98,22.04,59.42,9.82,36.38,26.72,10.12,470.98,0.18,1.72,0.0
3576.0,2024-01-03,16:13:21,3576.0,27.85,24.15,54.52,10.25,469.75,25.48,49.98,10.17,25.48,49.98,22.04,59.42,9.82,36.38,26.72,10.12,469.75,0.18,1.72,0.0
3577.0,2024-01-03,16:13:22,3577.0,27.85,24.15,54.52,10.25,468.04,25.48,49.98,10.17,25.48,49.98,22.04,59.42,9.82,36.38,26.72,10.12,468.04,0.18,1.71,0.0
3578.0,2024-01-03,16:13:23,3578.0,27.86,24.15,54.52,10.25,467.82,25.48,49.99,10.17,25.48,49.99,22.02,59.56,9.83,36.38,26.73,10.12,467.82,0.18,1.71,0.0
3579.0,2024-01-03,16:13:24,3579.0,27.86,24.15,54.52,10.25,468.23,25.48,49.99,10.17,25.48,49.99,22.02,59.56,9.83,36.38,26.73,10.12,468.23,0.18,1.71,0.0
3580.0,2024-01-03,16:13:25,3580.0,27.86,24.15,54.52,10.25,468.96,25.48,49.99,10.17,25.48,49.99,22.02,59.56,9.83,36.38,26.73,10.12,468.96,0.18,1.71,0.0
3581.0,2024-01-03,16:13:26,3581.0,27.86,24.15,54.52,10.25,469.61,25.48,49.99,10.17,25.48,49.99,22,59.67,9.84,36.37,26.74,10.12,469.61,0.18,1.72,0.0
3582.0,2024-01-03,16:13:27,3582.0,27.86,24.15,54.52,10.25,472.1,25.48,49.99,10.17,25.48,49.99,22,59.67,9.84,36.37,26.74,10.12,472.1,0.18,1.73,0.0
3583.0,2024-01-03,16:13:28,3583.0,27.86,24.15,54.52,10.25,474.24,25.48,49.99,10.17,25.48,49.99,22,59.67,9.84,36.37,26.74,10.12,474.24,0.18,1.74,0.0
3584.0,2024-01-03,16:13:29,3584.0,27.87,24.16,54.5,10.25,476.09,25.48,50,10.17,25.48,50,21.99,59.77,9.85,36.38,26.74,10.13,476.09,0.18,1.74,0.0
3585.0,2024-01-03,16:13:30,3585.0,27.87,24.16,54.5,10.25,476.74,25.48,50,10.17,25.48,50,21.99,59.77,9.85,36.38,26.74,10.13,476.74,0.18,1.74,0.0
3586.0,2024-01-03,16:13:31,3586.0,27.87,24.16,54.5,10.25,477.5,25.48,50,10.17,25.48,50,21.99,59.77,9.85,36.38,26.74,10.13,477.5,0.19,1.75,0.0
3587.0,2024-01-03,16:13:32,3587.0,27.86,24.16,54.52,10.25,478.5,25.48,50.01,10.17,25.48,50.01,21.96,59.97,9.87,36.37,26.75,10.13,478.5,0.19,1.75,0.0
3588.0,2024-01-03,16:13:33,3588.0,27.86,24.16,54.52,10.25,479.57,25.48,50.01,10.17,25.48,50.01,21.96,59.97,9.87,36.37,26.75,10.13,479.57,0.18,1.75,0.0
3589.0,2024-01-03,16:13:34,3589.0,27.86,24.16,54.52,10.25,479.9,25.48,50.01,10.17,25.48,50.01,21.96,59.97,9.87,36.37,26.75,10.13,479.9,0.18,1.76,0.0
3590.0,2024-01-03,16:13:35,3590.0,27.87,24.16,54.52,10.25,479.79,25.48,49.99,10.17,25.48,49.99,21.95,60.05,9.88,36.38,26.74,10.13,479.79,0.18,1.75,0.0
3591.0,2024-01-03,16:13:36,3591.0,27.87,24.16,54.52,10.25,479.74,25.48,49.99,10.17,25.48,49.99,21.95,60.05,9.88,36.38,26.74,10.13,479.74,0.18,1.75,0.0
3592.0,2024-01-03,16:13:37,3592.0,27.87,24.16,54.52,10.25,478.08,25.48,49.99,10.17,25.48,49.99,21.95,60.05,9.88,36.38,26.74,10.13,478.08,0.18,1.75,0.0
3593.0,2024-01-03,16:13:38,3593.0,27.88,24.16,54.53,10.26,477.44,25.49,49.99,10.18,25.49,49.99,21.96,60.05,9.88,36.38,26.74,10.13,477.44,0.18,1.75,0.0
3594.0,2024-01-03,16:13:39,3594.0,27.88,24.16,54.53,10.26,475.24,25.49,49.99,10.18,25.49,49.99,21.96,60.05,9.88,36.38,26.74,10.13,475.24,0.18,1.74,0.0
3595.0,2024-01-03,16:13:40,3595.0,27.88,24.16,54.53,10.26,474.72,25.49,49.99,10.18,25.49,49.99,21.96,60.05,9.88,36.38,26.74,10.13,474.72,0.18,1.74,0.0
3596.0,2024-01-03,16:13:41,3596.0,27.87,24.16,54.52,10.26,472,25.49,49.98,10.17,25.49,49.98,21.97,59.95,9.87,36.38,26.74,10.13,472,0.18,1.73,0.0
3597.0,2024-01-03,16:13:42,3597.0,27.87,24.16,54.52,10.26,471.88,25.49,49.98,10.17,25.49,49.98,21.97,59.95,9.87,36.38,26.74,10.13,471.88,0.18,1.73,0.0
3598.0,2024-01-03,16:13:43,3598.0,27.87,24.16,54.52,10.26,472.57,25.49,49.98,10.17,25.49,49.98,21.97,59.95,9.87,36.38,26.74,10.13,472.57,0.18,1.73,0.0
3599.0,2024-01-03,16:13:44,3599.0,27.88,24.17,54.51,10.26,471.07,25.49,49.98,10.18,25.49,49.98,21.97,59.92,9.87,36.38,26.74,10.13,471.07,0.18,1.72,0.0
3600.0,2024-01-03,16:13:45,3600.0,27.88,24.17,54.51,10.26,469.75,25.49,49.98,10.18,25.49,49.98,21.97,59.92,9.87,36.38,26.74,10.13,469.75,0.18,1.72,0.0
3601.0,2024-01-03,16:13:46,3601.0,27.88,24.17,54.51,10.26,468.6,25.49,49.98,10.18,25.49,49.98,21.97,59.92,9.87,36.38,26.74,10.13,468.6,0.18,1.71,0.0
3602.0,2024-01-03,16:13:47,3602.0,27.88,24.17,54.51,10.26,468.37,25.51,49.92,10.17,25.51,49.92,22,59.71,9.85,36.38,26.73,10.13,468.37,0.18,1.71,0.0
3603.0,2024-01-03,16:13:48,3603.0,27.88,24.17,54.51,10.26,468.7,25.51,49.92,10.17,25.51,49.92,22,59.71,9.85,36.38,26.73,10.13,468.7,0.18,1.71,0.0
3604.0,2024-01-03,16:13:49,3604.0,27.88,24.17,54.51,10.26,469.06,25.51,49.92,10.17,25.51,49.92,22,59.71,9.85,36.38,26.73,10.13,469.06,0.18,1.71,0.0
3605.0,2024-01-03,16:13:50,3605.0,27.88,24.17,54.48,10.25,470.04,25.5,49.9,10.17,25.5,49.9,21.99,59.67,9.84,36.37,26.74,10.12,470.04,0.18,1.72,0.0
3606.0,2024-01-03,16:13:51,3606.0,27.88,24.17,54.48,10.25,471.27,25.5,49.9,10.17,25.5,49.9,21.99,59.67,9.84,36.37,26.74,10.12,471.27,0.18,1.72,0.0
3607.0,2024-01-03,16:13:52,3607.0,27.88,24.17,54.48,10.25,469.48,25.5,49.9,10.17,25.5,49.9,21.99,59.67,9.84,36.37,26.74,10.12,469.48,0.18,1.71,0.0
3608.0,2024-01-03,16:13:53,3608.0,27.89,24.17,54.47,10.25,470.16,25.5,49.91,10.17,25.5,49.91,21.95,59.91,9.85,36.36,26.74,10.12,470.16,0.18,1.72,0.0
3609.0,2024-01-03,16:13:54,3609.0,27.89,24.17,54.47,10.25,472.23,25.5,49.91,10.17,25.5,49.91,21.95,59.91,9.85,36.36,26.74,10.12,472.23,0.18,1.72,0.0
3610.0,2024-01-03,16:13:55,3610.0,27.89,24.17,54.47,10.25,472.95,25.5,49.91,10.17,25.5,49.91,21.95,59.91,9.85,36.36,26.74,10.12,472.95,0.18,1.72,0.0
3611.0,2024-01-03,16:13:56,3611.0,27.9,24.18,54.47,10.25,470.49,25.51,49.89,10.17,25.51,49.89,21.89,60.24,9.87,36.37,26.73,10.12,470.49,0.18,1.72,0.0
3612.0,2024-01-03,16:13:57,3612.0,27.9,24.18,54.47,10.25,468.19,25.51,49.89,10.17,25.51,49.89,21.89,60.24,9.87,36.37,26.73,10.12,468.19,0.18,1.71,0.0
3613.0,2024-01-03,16:13:58,3613.0,27.9,24.18,54.47,10.25,466.81,25.51,49.89,10.17,25.51,49.89,21.89,60.24,9.87,36.37,26.73,10.12,466.81,0.18,1.7,0.0
3614.0,2024-01-03,16:13:59,3614.0,27.89,24.18,54.44,10.25,467.17,25.51,49.87,10.17,25.51,49.87,21.83,60.52,9.88,36.37,26.73,10.12,467.17,0.18,1.7,0.0
3615.0,2024-01-03,16:14:00,3615.0,27.89,24.18,54.44,10.25,468.91,25.51,49.87,10.17,25.51,49.87,21.83,60.52,9.88,36.37,26.73,10.12,468.91,0.18,1.71,0.0
3616.0,2024-01-03,16:14:01,3616.0,27.89,24.18,54.44,10.25,471.96,25.51,49.87,10.17,25.51,49.87,21.83,60.52,9.88,36.37,26.73,10.12,471.96,0.18,1.72,0.0
3617.0,2024-01-03,16:14:02,3617.0,27.89,24.18,54.45,10.25,475.32,25.52,49.88,10.17,25.52,49.88,21.79,60.75,9.89,36.37,26.73,10.12,475.32,0.18,1.73,0.0
3618.0,2024-01-03,16:14:03,3618.0,27.89,24.18,54.45,10.25,473.81,25.52,49.88,10.17,25.52,49.88,21.79,60.75,9.89,36.37,26.73,10.12,473.81,0.18,1.73,0.0
3619.0,2024-01-03,16:14:04,3619.0,27.89,24.18,54.45,10.25,472.54,25.52,49.88,10.17,25.52,49.88,21.79,60.75,9.89,36.37,26.73,10.12,472.54,0.18,1.72,0.0
3620.0,2024-01-03,16:14:05,3620.0,27.88,24.18,54.43,10.25,472.78,25.51,49.9,10.17,25.51,49.9,21.76,60.86,9.89,36.36,26.73,10.11,472.78,0.18,1.72,0.0
3621.0,2024-01-03,16:14:06,3621.0,27.88,24.18,54.43,10.25,471.98,25.51,49.9,10.17,25.51,49.9,21.76,60.86,9.89,36.36,26.73,10.11,471.98,0.18,1.72,0.0
3622.0,2024-01-03,16:14:07,3622.0,27.88,24.18,54.43,10.25,471.67,25.51,49.9,10.17,25.51,49.9,21.76,60.86,9.89,36.36,26.73,10.11,471.67,0.18,1.71,0.0
3623.0,2024-01-03,16:14:08,3623.0,27.88,24.18,54.44,10.25,471.81,25.51,49.88,10.17,25.51,49.88,21.74,60.94,9.89,36.37,26.72,10.11,471.81,0.18,1.72,0.0
3624.0,2024-01-03,16:14:09,3624.0,27.88,24.18,54.44,10.25,471.9,25.51,49.88,10.17,25.51,49.88,21.74,60.94,9.89,36.37,26.72,10.11,471.9,0.18,1.72,0.0
3625.0,2024-01-03,16:14:10,3625.0,27.88,24.18,54.44,10.25,472.26,25.51,49.88,10.17,25.51,49.88,21.74,60.94,9.89,36.37,26.72,10.11,472.26,0.18,1.72,0.0
3626.0,2024-01-03,16:14:11,3626.0,27.88,24.18,54.42,10.25,471.98,25.51,49.89,10.17,25.51,49.89,21.74,60.92,9.89,36.37,26.71,10.11,471.98,0.18,1.72,0.0
3627.0,2024-01-03,16:14:12,3627.0,27.88,24.18,54.42,10.25,469.21,25.51,49.89,10.17,25.51,49.89,21.74,60.92,9.89,36.37,26.71,10.11,469.21,0.18,1.71,0.0
3628.0,2024-01-03,16:14:13,3628.0,27.88,24.18,54.42,10.25,468.94,25.51,49.89,10.17,25.51,49.89,21.74,60.92,9.89,36.37,26.71,10.11,468.94,0.18,1.71,0.0
3629.0,2024-01-03,16:14:14,3629.0,27.88,24.18,54.44,10.25,470.15,25.51,49.89,10.17,25.51,49.89,21.73,60.99,9.89,36.37,26.7,10.11,470.15,0.18,1.71,0.0
3630.0,2024-01-03,16:14:15,3630.0,27.88,24.18,54.44,10.25,472.23,25.51,49.89,10.17,25.51,49.89,21.73,60.99,9.89,36.37,26.7,10.11,472.23,0.18,1.72,0.0
3631.0,2024-01-03,16:14:16,3631.0,27.88,24.18,54.44,10.25,475.31,25.51,49.89,10.17,25.51,49.89,21.73,60.99,9.89,36.37,26.7,10.11,475.31,0.18,1.73,0.0
3632.0,2024-01-03,16:14:17,3632.0,27.88,24.18,54.43,10.25,475.64,25.51,49.9,10.17,25.51,49.9,21.69,61.18,9.9,36.37,26.7,10.11,475.64,0.18,1.73,0.0
3633.0,2024-01-03,16:14:18,3633.0,27.88,24.18,54.43,10.25,475.29,25.51,49.9,10.17,25.51,49.9,21.69,61.18,9.9,36.37,26.7,10.11,475.29,0.18,1.73,0.0
3634.0,2024-01-03,16:14:19,3634.0,27.88,24.18,54.43,10.25,474.78,25.51,49.9,10.17,25.51,49.9,21.69,61.18,9.9,36.37,26.7,10.11,474.78,0.18,1.72,0.0
3635.0,2024-01-03,16:14:20,3635.0,27.88,24.18,54.45,10.25,474.71,25.51,49.89,10.17,25.51,49.89,21.68,61.21,9.9,36.38,26.69,10.11,474.71,0.18,1.72,0.0
3636.0,2024-01-03,16:14:21,3636.0,27.88,24.18,54.45,10.25,474.39,25.51,49.89,10.17,25.51,49.89,21.68,61.21,9.9,36.38,26.69,10.11,474.39,0.18,1.72,0.0
3637.0,2024-01-03,16:14:22,3637.0,27.88,24.18,54.45,10.25,474.54,25.51,49.89,10.17,25.51,49.89,21.68,61.21,9.9,36.38,26.69,10.11,474.54,0.18,1.73,0.0
3638.0,2024-01-03,16:14:23,3638.0,27.88,24.18,54.44,10.25,474.81,25.51,49.9,10.17,25.51,49.9,21.69,61.13,9.89,36.38,26.69,10.11,474.81,0.18,1.73,0.0
3639.0,2024-01-03,16:14:24,3639.0,27.88,24.18,54.44,10.25,475.02,25.51,49.9,10.17,25.51,49.9,21.69,61.13,9.89,36.38,26.69,10.11,475.02,0.18,1.73,0.0
3640.0,2024-01-03,16:14:25,3640.0,27.88,24.18,54.44,10.25,474.95,25.51,49.9,10.17,25.51,49.9,21.69,61.13,9.89,36.38,26.69,10.11,474.95,0.18,1.73,0.0
3641.0,2024-01-03,16:14:26,3641.0,27.89,24.17,54.46,10.25,475.25,25.51,49.91,10.17,25.51,49.91,21.7,61.07,9.89,36.38,26.69,10.11,475.25,0.18,1.73,0.0
3642.0,2024-01-03,16:14:27,3642.0,27.89,24.17,54.46,10.25,473.56,25.51,49.91,10.17,25.51,49.91,21.7,61.07,9.89,36.38,26.69,10.11,473.56,0.18,1.72,0.0
3643.0,2024-01-03,16:14:28,3643.0,27.89,24.17,54.46,10.25,473.35,25.51,49.91,10.17,25.51,49.91,21.7,61.07,9.89,36.38,26.69,10.11,473.35,0.18,1.72,0.0
3644.0,2024-01-03,16:14:29,3644.0,27.89,24.17,54.47,10.25,476.19,25.5,49.93,10.17,25.5,49.93,21.71,61,9.88,36.38,26.69,10.11,476.19,0.19,1.73,0.0
3645.0,2024-01-03,16:14:30,3645.0,27.89,24.17,54.47,10.25,477.3,25.5,49.93,10.17,25.5,49.93,21.71,61,9.88,36.38,26.69,10.11,477.3,0.19,1.74,0.0
3646.0,2024-01-03,16:14:31,3646.0,27.89,24.17,54.47,10.25,479.63,25.5,49.93,10.17,25.5,49.93,21.71,61,9.88,36.38,26.69,10.11,479.63,0.19,1.74,0.0
3647.0,2024-01-03,16:14:32,3647.0,27.88,24.16,54.5,10.25,479.63,25.5,49.93,10.17,25.5,49.93,21.72,60.89,9.87,36.36,26.7,10.1,479.63,0.19,1.74,0.0
3648.0,2024-01-03,16:14:33,3648.0,27.88,24.16,54.5,10.25,477.06,25.5,49.93,10.17,25.5,49.93,21.72,60.89,9.87,36.36,26.7,10.1,477.06,0.18,1.73,0.0
3649.0,2024-01-03,16:14:34,3649.0,27.88,24.16,54.5,10.25,476.34,25.5,49.93,10.17,25.5,49.93,21.72,60.89,9.87,36.36,26.7,10.1,476.34,0.18,1.73,0.0
3650.0,2024-01-03,16:14:35,3650.0,27.9,24.16,54.52,10.25,475.15,25.5,49.94,10.17,25.5,49.94,21.75,60.74,9.86,36.38,26.68,10.11,475.15,0.18,1.73,0.0
3651.0,2024-01-03,16:14:36,3651.0,27.9,24.16,54.52,10.25,472.84,25.5,49.94,10.17,25.5,49.94,21.75,60.74,9.86,36.38,26.68,10.11,472.84,0.18,1.72,0.0
3652.0,2024-01-03,16:14:37,3652.0,27.9,24.16,54.52,10.25,469.9,25.5,49.94,10.17,25.5,49.94,21.75,60.74,9.86,36.38,26.68,10.11,469.9,0.18,1.71,0.0
3653.0,2024-01-03,16:14:38,3653.0,27.89,24.16,54.52,10.25,468.9,25.5,49.95,10.17,25.5,49.95,21.79,60.48,9.85,36.39,26.67,10.11,468.9,0.18,1.71,0.0
3654.0,2024-01-03,16:14:39,3654.0,27.89,24.16,54.52,10.25,467.04,25.5,49.95,10.17,25.5,49.95,21.79,60.48,9.85,36.39,26.67,10.11,467.04,0.18,1.7,0.0
3655.0,2024-01-03,16:14:40,3655.0,27.89,24.16,54.52,10.25,465.47,25.5,49.95,10.17,25.5,49.95,21.79,60.48,9.85,36.39,26.67,10.11,465.47,0.18,1.69,0.0
3656.0,2024-01-03,16:14:41,3656.0,27.89,24.16,54.54,10.25,466.16,25.49,49.98,10.18,25.49,49.98,21.84,60.11,9.82,36.39,26.66,10.11,466.16,0.18,1.7,0.0
3657.0,2024-01-03,16:14:42,3657.0,27.89,24.16,54.54,10.25,469.21,25.49,49.98,10.18,25.49,49.98,21.84,60.11,9.82,36.39,26.66,10.11,469.21,0.18,1.71,0.0
3658.0,2024-01-03,16:14:43,3658.0,27.89,24.16,54.54,10.25,471.46,25.49,49.98,10.18,25.49,49.98,21.84,60.11,9.82,36.39,26.66,10.11,471.46,0.18,1.72,0.0
3659.0,2024-01-03,16:14:44,3659.0,27.88,24.15,54.55,10.25,475.15,25.49,50,10.18,25.49,50,21.91,59.73,9.8,36.39,26.67,10.11,475.15,0.18,1.73,0.0
3660.0,2024-01-03,16:14:45,3660.0,27.88,24.15,54.55,10.25,474.9,25.49,50,10.18,25.49,50,21.91,59.73,9.8,36.39,26.67,10.11,474.9,0.18,1.73,0.0
3661.0,2024-01-03,16:14:46,3661.0,27.88,24.15,54.55,10.25,474.8,25.49,50,10.18,25.49,50,21.91,59.73,9.8,36.39,26.67,10.11,474.8,0.18,1.73,0.0
3662.0,2024-01-03,16:14:47,3662.0,27.88,24.15,54.55,10.25,474.78,25.49,49.99,10.18,25.49,49.99,21.99,59.35,9.78,36.39,26.66,10.11,474.78,0.18,1.73,0.0
3663.0,2024-01-03,16:14:48,3663.0,27.88,24.15,54.55,10.25,473.9,25.49,49.99,10.18,25.49,49.99,21.99,59.35,9.78,36.39,26.66,10.11,473.9,0.18,1.73,0.0
3664.0,2024-01-03,16:14:49,3664.0,27.88,24.15,54.55,10.25,471.37,25.49,49.99,10.18,25.49,49.99,21.99,59.35,9.78,36.39,26.66,10.11,471.37,0.18,1.72,0.0
3665.0,2024-01-03,16:14:50,3665.0,27.88,24.15,54.55,10.25,469.08,25.49,49.99,10.18,25.49,49.99,22.04,59.13,9.78,36.39,26.68,10.11,469.08,0.18,1.71,0.0
3666.0,2024-01-03,16:14:51,3666.0,27.88,24.15,54.55,10.25,470.05,25.49,49.99,10.18,25.49,49.99,22.04,59.13,9.78,36.39,26.68,10.11,470.05,0.18,1.71,0.0
3667.0,2024-01-03,16:14:52,3667.0,27.88,24.15,54.55,10.25,471.04,25.49,49.99,10.18,25.49,49.99,22.04,59.13,9.78,36.39,26.68,10.11,471.04,0.18,1.72,0.0
3668.0,2024-01-03,16:14:53,3668.0,27.88,24.15,54.56,10.25,471.36,25.48,50.01,10.18,25.48,50.01,22.07,59.05,9.78,36.39,26.67,10.11,471.36,0.18,1.72,0.0
3669.0,2024-01-03,16:14:54,3669.0,27.88,24.15,54.56,10.25,471.26,25.48,50.01,10.18,25.48,50.01,22.07,59.05,9.78,36.39,26.67,10.11,471.26,0.18,1.72,0.0
3670.0,2024-01-03,16:14:55,3670.0,27.88,24.15,54.56,10.25,472.18,25.48,50.01,10.18,25.48,50.01,22.07,59.05,9.78,36.39,26.67,10.11,472.18,0.18,1.72,0.0
3671.0,2024-01-03,16:14:56,3671.0,27.86,24.14,54.57,10.25,475.74,25.48,49.99,10.17,25.48,49.99,22.05,59.17,9.79,36.39,26.66,10.1,475.74,0.18,1.73,0.0
3672.0,2024-01-03,16:14:57,3672.0,27.86,24.14,54.57,10.25,476.24,25.48,49.99,10.17,25.48,49.99,22.05,59.17,9.79,36.39,26.66,10.1,476.24,0.18,1.74,0.0
3673.0,2024-01-03,16:14:58,3673.0,27.86,24.14,54.57,10.25,476.49,25.48,49.99,10.17,25.48,49.99,22.05,59.17,9.79,36.39,26.66,10.1,476.49,0.18,1.74,0.0
3674.0,2024-01-03,16:14:59,3674.0,27.87,24.15,54.57,10.26,476.4,25.49,49.98,10.18,25.49,49.98,22.02,59.43,9.82,36.41,26.64,10.11,476.4,0.18,1.74,0.0
3675.0,2024-01-03,16:15:00,3675.0,27.87,24.15,54.57,10.26,476.15,25.49,49.98,10.18,25.49,49.98,22.02,59.43,9.82,36.41,26.64,10.11,476.15,0.19,1.74,0.0
3676.0,2024-01-03,16:15:01,3676.0,27.87,24.15,54.57,10.26,474.63,25.49,49.98,10.18,25.49,49.98,22.02,59.43,9.82,36.41,26.64,10.11,474.63,0.19,1.73,0.0
3677.0,2024-01-03,16:15:02,3677.0,27.87,24.15,54.57,10.26,473.59,25.49,49.98,10.18,25.49,49.98,22.03,59.39,9.81,36.41,26.63,10.11,473.59,0.18,1.73,0.0
3678.0,2024-01-03,16:15:03,3678.0,27.87,24.15,54.57,10.26,473.6,25.49,49.98,10.18,25.49,49.98,22.03,59.39,9.81,36.41,26.63,10.11,473.6,0.18,1.73,0.0
3679.0,2024-01-03,16:15:04,3679.0,27.87,24.15,54.57,10.26,475.2,25.49,49.98,10.18,25.49,49.98,22.03,59.39,9.81,36.41,26.63,10.11,475.2,0.19,1.73,0.0
3680.0,2024-01-03,16:15:05,3680.0,27.88,24.15,54.56,10.25,472.94,25.49,49.98,10.18,25.49,49.98,22.04,59.38,9.82,36.41,26.63,10.1,472.94,0.19,1.72,0.0
3681.0,2024-01-03,16:15:06,3681.0,27.88,24.15,54.56,10.25,471.33,25.49,49.98,10.18,25.49,49.98,22.04,59.38,9.82,36.41,26.63,10.1,471.33,0.19,1.72,0.0
3682.0,2024-01-03,16:15:07,3682.0,27.88,24.15,54.56,10.25,470.22,25.49,49.98,10.18,25.49,49.98,22.04,59.38,9.82,36.41,26.63,10.1,470.22,0.18,1.71,0.0
3683.0,2024-01-03,16:15:08,3683.0,27.88,24.15,54.56,10.26,470.01,25.5,49.95,10.18,25.5,49.95,22.06,59.29,9.81,36.42,26.63,10.11,470.01,0.18,1.71,0.0
3684.0,2024-01-03,16:15:09,3684.0,27.88,24.15,54.56,10.26,470.31,25.5,49.95,10.18,25.5,49.95,22.06,59.29,9.81,36.42,26.63,10.11,470.31,0.18,1.72,0.0
3685.0,2024-01-03,16:15:10,3685.0,27.88,24.15,54.56,10.26,470.53,25.5,49.95,10.18,25.5,49.95,22.06,59.29,9.81,36.42,26.63,10.11,470.53,0.18,1.72,0.0
3686.0,2024-01-03,16:15:11,3686.0,27.89,24.15,54.57,10.26,471.2,25.5,49.94,10.17,25.5,49.94,22.08,59.23,9.81,36.42,26.62,10.1,471.2,0.18,1.72,0.0
3687.0,2024-01-03,16:15:12,3687.0,27.89,24.15,54.57,10.26,472.43,25.5,49.94,10.17,25.5,49.94,22.08,59.23,9.81,36.42,26.62,10.1,472.43,0.18,1.72,0.0
3688.0,2024-01-03,16:15:13,3688.0,27.89,24.15,54.57,10.26,472.06,25.5,49.94,10.17,25.5,49.94,22.08,59.23,9.81,36.42,26.62,10.1,472.06,0.18,1.72,0.0
3689.0,2024-01-03,16:15:14,3689.0,27.9,24.16,54.54,10.25,470.47,25.51,49.94,10.18,25.51,49.94,22.1,59.16,9.81,36.41,26.66,10.12,470.47,0.18,1.71,0.0
3690.0,2024-01-03,16:15:15,3690.0,27.9,24.16,54.54,10.25,469.67,25.51,49.94,10.18,25.51,49.94,22.1,59.16,9.81,36.41,26.66,10.12,469.67,0.18,1.71,0.0
3691.0,2024-01-03,16:15:16,3691.0,27.9,24.16,54.54,10.25,470.18,25.51,49.94,10.18,25.51,49.94,22.1,59.16,9.81,36.41,26.66,10.12,470.18,0.18,1.72,0.0
3692.0,2024-01-03,16:15:17,3692.0,27.91,24.16,54.55,10.26,473.83,25.51,49.94,10.18,25.51,49.94,22.1,59.22,9.82,36.4,26.68,10.12,473.83,0.18,1.73,0.0
3693.0,2024-01-03,16:15:18,3693.0,27.91,24.16,54.55,10.26,474.96,25.51,49.94,10.18,25.51,49.94,22.1,59.22,9.82,36.4,26.68,10.12,474.96,0.18,1.73,0.0
3694.0,2024-01-03,16:15:19,3694.0,27.91,24.16,54.55,10.26,476.86,25.51,49.94,10.18,25.51,49.94,22.1,59.22,9.82,36.4,26.68,10.12,476.86,0.18,1.74,0.0
3695.0,2024-01-03,16:15:20,3695.0,27.91,24.16,54.52,10.26,477.26,25.51,49.93,10.18,25.51,49.93,22.09,59.26,9.83,36.4,26.69,10.12,477.26,0.18,1.74,0.0
3696.0,2024-01-03,16:15:21,3696.0,27.91,24.16,54.52,10.26,481.69,25.51,49.93,10.18,25.51,49.93,22.09,59.26,9.83,36.4,26.69,10.12,481.69,0.19,1.76,0.0
3697.0,2024-01-03,16:15:22,3697.0,27.91,24.16,54.52,10.26,482.43,25.51,49.93,10.18,25.51,49.93,22.09,59.26,9.83,36.4,26.69,10.12,482.43,0.19,1.76,0.0
3698.0,2024-01-03,16:15:23,3698.0,27.91,24.17,54.52,10.26,477.94,25.51,49.94,10.18,25.51,49.94,22.11,59.22,9.83,36.4,26.69,10.12,477.94,0.19,1.74,0.0
3699.0,2024-01-03,16:15:24,3699.0,27.91,24.17,54.52,10.26,476.72,25.51,49.94,10.18,25.51,49.94,22.11,59.22,9.83,36.4,26.69,10.12,476.72,0.19,1.74,0.0
3700.0,2024-01-03,16:15:25,3700.0,27.91,24.17,54.52,10.26,478.83,25.51,49.94,10.18,25.51,49.94,22.11,59.22,9.83,36.4,26.69,10.12,478.83,0.19,1.74,0.0
3701.0,2024-01-03,16:15:26,3701.0,27.91,24.17,54.51,10.26,479.52,25.51,49.92,10.18,25.51,49.92,22.11,59.19,9.83,36.4,26.68,10.12,479.52,0.19,1.75,0.0
3702.0,2024-01-03,16:15:27,3702.0,27.91,24.17,54.51,10.26,480.04,25.51,49.92,10.18,25.51,49.92,22.11,59.19,9.83,36.4,26.68,10.12,480.04,0.19,1.75,0.0
3703.0,2024-01-03,16:15:28,3703.0,27.91,24.17,54.51,10.26,480.15,25.51,49.92,10.18,25.51,49.92,22.11,59.19,9.83,36.4,26.68,10.12,480.15,0.19,1.75,0.0
3704.0,2024-01-03,16:15:29,3704.0,27.91,24.17,54.5,10.26,479.65,25.51,49.92,10.18,25.51,49.92,22.08,59.4,9.84,36.41,26.68,10.12,479.65,0.19,1.75,0.0
3705.0,2024-01-03,16:15:30,3705.0,27.91,24.17,54.5,10.26,479.43,25.51,49.92,10.18,25.51,49.92,22.08,59.4,9.84,36.41,26.68,10.12,479.43,0.19,1.75,0.0
3706.0,2024-01-03,16:15:31,3706.0,27.91,24.17,54.5,10.26,477.7,25.51,49.92,10.18,25.51,49.92,22.08,59.4,9.84,36.41,26.68,10.12,477.7,0.19,1.74,0.0
3707.0,2024-01-03,16:15:32,3707.0,27.91,24.17,54.49,10.26,476.22,25.51,49.92,10.18,25.51,49.92,22.04,59.57,9.85,36.4,26.68,10.12,476.22,0.19,1.74,0.0
3708.0,2024-01-03,16:15:33,3708.0,27.91,24.17,54.49,10.26,474.02,25.51,49.92,10.18,25.51,49.92,22.04,59.57,9.85,36.4,26.68,10.12,474.02,0.18,1.73,0.0
3709.0,2024-01-03,16:15:34,3709.0,27.91,24.17,54.49,10.26,473.67,25.51,49.92,10.18,25.51,49.92,22.04,59.57,9.85,36.4,26.68,10.12,473.67,0.18,1.73,0.0
3710.0,2024-01-03,16:15:35,3710.0,27.9,24.17,54.49,10.26,472.51,25.51,49.93,10.18,25.51,49.93,22.01,59.74,9.86,36.4,26.69,10.12,472.51,0.18,1.72,0.0
3711.0,2024-01-03,16:15:36,3711.0,27.9,24.17,54.49,10.26,472.04,25.51,49.93,10.18,25.51,49.93,22.01,59.74,9.86,36.4,26.69,10.12,472.04,0.18,1.72,0.0
3712.0,2024-01-03,16:15:37,3712.0,27.9,24.17,54.49,10.26,471.5,25.51,49.93,10.18,25.51,49.93,22.01,59.74,9.86,36.4,26.69,10.12,471.5,0.18,1.72,0.0
3713.0,2024-01-03,16:15:38,3713.0,27.9,24.18,54.46,10.25,471.27,25.51,49.95,10.18,25.51,49.95,21.99,59.82,9.86,36.39,26.7,10.12,471.27,0.18,1.72,0.0
3714.0,2024-01-03,16:15:39,3714.0,27.9,24.18,54.46,10.25,471.41,25.51,49.95,10.18,25.51,49.95,21.99,59.82,9.86,36.39,26.7,10.12,471.41,0.18,1.72,0.0
3715.0,2024-01-03,16:15:40,3715.0,27.9,24.18,54.46,10.25,470.95,25.51,49.95,10.18,25.51,49.95,21.99,59.82,9.86,36.39,26.7,10.12,470.95,0.18,1.72,0.0
3716.0,2024-01-03,16:15:41,3716.0,27.89,24.18,54.47,10.25,468.96,25.51,49.95,10.18,25.51,49.95,22,59.73,9.85,36.39,26.71,10.12,468.96,0.18,1.71,0.0
3717.0,2024-01-03,16:15:42,3717.0,27.89,24.18,54.47,10.25,467.55,25.51,49.95,10.18,25.51,49.95,22,59.73,9.85,36.39,26.71,10.12,467.55,0.18,1.7,0.0
3718.0,2024-01-03,16:15:43,3718.0,27.89,24.18,54.47,10.25,464.6,25.51,49.95,10.18,25.51,49.95,22,59.73,9.85,36.39,26.71,10.12,464.6,0.18,1.69,0.0
3719.0,2024-01-03,16:15:44,3719.0,27.89,24.18,54.47,10.25,464.93,25.51,49.97,10.18,25.51,49.97,21.98,59.84,9.86,36.39,26.7,10.12,464.93,0.18,1.69,0.0
3720.0,2024-01-03,16:15:45,3720.0,27.89,24.18,54.47,10.25,465.75,25.51,49.97,10.18,25.51,49.97,21.98,59.84,9.86,36.39,26.7,10.12,465.75,0.18,1.69,0.0
3721.0,2024-01-03,16:15:46,3721.0,27.89,24.18,54.47,10.25,468.72,25.51,49.97,10.18,25.51,49.97,21.98,59.84,9.86,36.39,26.7,10.12,468.72,0.18,1.71,0.0
3722.0,2024-01-03,16:15:47,3722.0,27.89,24.18,54.46,10.26,467.34,25.51,49.96,10.18,25.51,49.96,21.95,59.99,9.87,36.39,26.7,10.12,467.34,0.18,1.7,0.0
3723.0,2024-01-03,16:15:48,3723.0,27.89,24.18,54.46,10.26,465.13,25.51,49.96,10.18,25.51,49.96,21.95,59.99,9.87,36.39,26.7,10.12,465.13,0.18,1.69,0.0
3724.0,2024-01-03,16:15:49,3724.0,27.89,24.18,54.46,10.26,465.31,25.51,49.96,10.18,25.51,49.96,21.95,59.99,9.87,36.39,26.7,10.12,465.31,0.18,1.69,0.0
3725.0,2024-01-03,16:15:50,3725.0,27.88,24.18,54.45,10.25,465.68,25.51,49.96,10.18,25.51,49.96,21.91,60.19,9.88,36.38,26.7,10.11,465.68,0.18,1.69,0.0
3726.0,2024-01-03,16:15:51,3726.0,27.88,24.18,54.45,10.25,465.68,25.51,49.96,10.18,25.51,49.96,21.91,60.19,9.88,36.38,26.7,10.11,465.68,0.18,1.69,0.0
3727.0,2024-01-03,16:15:52,3727.0,27.88,24.18,54.45,10.25,467.5,25.51,49.96,10.18,25.51,49.96,21.91,60.19,9.88,36.38,26.7,10.11,467.5,0.18,1.7,0.0
3728.0,2024-01-03,16:15:53,3728.0,27.89,24.18,54.46,10.26,469.76,25.51,49.96,10.18,25.51,49.96,21.9,60.26,9.88,36.39,26.69,10.11,469.76,0.18,1.71,0.0
3729.0,2024-01-03,16:15:54,3729.0,27.89,24.18,54.46,10.26,471.1,25.51,49.96,10.18,25.51,49.96,21.9,60.26,9.88,36.39,26.69,10.11,471.1,0.18,1.71,0.0
3730.0,2024-01-03,16:15:55,3730.0,27.89,24.18,54.46,10.26,471.09,25.51,49.96,10.18,25.51,49.96,21.9,60.26,9.88,36.39,26.69,10.11,471.09,0.18,1.71,0.0
3731.0,2024-01-03,16:15:56,3731.0,27.88,24.18,54.44,10.25,471.61,25.51,49.95,10.18,25.51,49.95,21.95,59.92,9.85,36.39,26.68,10.11,471.61,0.18,1.71,0.0
3732.0,2024-01-03,16:15:57,3732.0,27.88,24.18,54.44,10.25,471.36,25.51,49.95,10.18,25.51,49.95,21.95,59.92,9.85,36.39,26.68,10.11,471.36,0.18,1.71,0.0
3733.0,2024-01-03,16:15:58,3733.0,27.88,24.18,54.44,10.25,471.11,25.51,49.95,10.18,25.51,49.95,21.95,59.92,9.85,36.39,26.68,10.11,471.11,0.18,1.71,0.0
3734.0,2024-01-03,16:15:59,3734.0,27.89,24.19,54.44,10.25,471.36,25.51,49.94,10.18,25.51,49.94,22.01,59.58,9.83,36.39,26.67,10.11,471.36,0.18,1.71,0.0
3735.0,2024-01-03,16:16:00,3735.0,27.89,24.19,54.44,10.25,471.69,25.51,49.94,10.18,25.51,49.94,22.01,59.58,9.83,36.39,26.67,10.11,471.69,0.18,1.71,0.0
3736.0,2024-01-03,16:16:01,3736.0,27.89,24.19,54.44,10.25,471.75,25.51,49.94,10.18,25.51,49.94,22.01,59.58,9.83,36.39,26.67,10.11,471.75,0.18,1.71,0.0
3737.0,2024-01-03,16:16:02,3737.0,27.89,24.19,54.44,10.25,472.5,25.51,49.95,10.18,25.51,49.95,22.03,59.44,9.82,36.38,26.68,10.11,472.5,0.18,1.71,0.0
3738.0,2024-01-03,16:16:03,3738.0,27.89,24.19,54.44,10.25,472.6,25.51,49.95,10.18,25.51,49.95,22.03,59.44,9.82,36.38,26.68,10.11,472.6,0.18,1.72,0.0
3739.0,2024-01-03,16:16:04,3739.0,27.89,24.19,54.44,10.25,473,25.51,49.95,10.18,25.51,49.95,22.03,59.44,9.82,36.38,26.68,10.11,473,0.18,1.72,0.0
3740.0,2024-01-03,16:16:05,3740.0,27.9,24.19,54.44,10.26,473.06,25.51,49.96,10.18,25.51,49.96,22.01,59.57,9.83,36.39,26.68,10.11,473.06,0.18,1.72,0.0
3741.0,2024-01-03,16:16:06,3741.0,27.9,24.19,54.44,10.26,473.23,25.51,49.96,10.18,25.51,49.96,22.01,59.57,9.83,36.39,26.68,10.11,473.23,0.18,1.72,0.0
3742.0,2024-01-03,16:16:07,3742.0,27.9,24.19,54.44,10.26,473.3,25.51,49.96,10.18,25.51,49.96,22.01,59.57,9.83,36.39,26.68,10.11,473.3,0.18,1.72,0.0
3743.0,2024-01-03,16:16:08,3743.0,27.89,24.19,54.43,10.25,475.4,25.51,49.96,10.18,25.51,49.96,21.99,59.64,9.83,36.39,26.69,10.11,475.4,0.18,1.73,0.0
3744.0,2024-01-03,16:16:09,3744.0,27.89,24.19,54.43,10.25,476.08,25.51,49.96,10.18,25.51,49.96,21.99,59.64,9.83,36.39,26.69,10.11,476.08,0.18,1.73,0.0
3745.0,2024-01-03,16:16:10,3745.0,27.89,24.19,54.43,10.25,476.56,25.51,49.96,10.18,25.51,49.96,21.99,59.64,9.83,36.39,26.69,10.11,476.56,0.18,1.73,0.0
3746.0,2024-01-03,16:16:11,3746.0,27.89,24.19,54.44,10.26,476.69,25.5,49.97,10.18,25.5,49.97,21.98,59.64,9.83,36.39,26.69,10.12,476.69,0.18,1.73,0.0
3747.0,2024-01-03,16:16:12,3747.0,27.89,24.19,54.44,10.26,476.89,25.5,49.97,10.18,25.5,49.97,21.98,59.64,9.83,36.39,26.69,10.12,476.89,0.18,1.74,0.0
3748.0,2024-01-03,16:16:13,3748.0,27.89,24.19,54.44,10.26,477.68,25.5,49.97,10.18,25.5,49.97,21.98,59.64,9.83,36.39,26.69,10.12,477.68,0.18,1.74,0.0
3749.0,2024-01-03,16:16:14,3749.0,27.9,24.19,54.44,10.26,476.92,25.51,49.97,10.19,25.51,49.97,22,59.54,9.82,36.4,26.69,10.12,476.92,0.18,1.74,0.0
3750.0,2024-01-03,16:16:15,3750.0,27.9,24.19,54.44,10.26,474.57,25.51,49.97,10.19,25.51,49.97,22,59.54,9.82,36.4,26.69,10.12,474.57,0.18,1.73,0.0
3751.0,2024-01-03,16:16:16,3751.0,27.9,24.19,54.44,10.26,472.57,25.51,49.97,10.19,25.51,49.97,22,59.54,9.82,36.4,26.69,10.12,472.57,0.18,1.72,0.0
3752.0,2024-01-03,16:16:17,3752.0,27.89,24.19,54.44,10.26,473.53,25.51,49.96,10.18,25.51,49.96,22.06,59.12,9.79,36.39,26.7,10.12,473.53,0.18,1.72,0.0
3753.0,2024-01-03,16:16:18,3753.0,27.89,24.19,54.44,10.26,477.9,25.51,49.96,10.18,25.51,49.96,22.06,59.12,9.79,36.39,26.7,10.12,477.9,0.18,1.74,0.0
3754.0,2024-01-03,16:16:19,3754.0,27.89,24.19,54.44,10.26,478.55,25.51,49.96,10.18,25.51,49.96,22.06,59.12,9.79,36.39,26.7,10.12,478.55,0.18,1.74,0.0
3755.0,2024-01-03,16:16:20,3755.0,27.89,24.19,54.46,10.26,479.08,25.51,49.94,10.18,25.51,49.94,22.15,58.63,9.76,36.4,26.71,10.13,479.08,0.18,1.75,0.0
3756.0,2024-01-03,16:16:21,3756.0,27.89,24.19,54.46,10.26,479.08,25.51,49.94,10.18,25.51,49.94,22.15,58.63,9.76,36.4,26.71,10.13,479.08,0.18,1.75,0.0
3757.0,2024-01-03,16:16:22,3757.0,27.89,24.19,54.46,10.26,476.05,25.51,49.94,10.18,25.51,49.94,22.15,58.63,9.76,36.4,26.71,10.13,476.05,0.18,1.74,0.0
3758.0,2024-01-03,16:16:23,3758.0,27.89,24.19,54.47,10.26,473.21,25.52,49.91,10.18,25.52,49.91,22.21,58.33,9.74,36.4,26.72,10.13,473.21,0.18,1.73,0.0
3759.0,2024-01-03,16:16:24,3759.0,27.89,24.19,54.47,10.26,468.5,25.52,49.91,10.18,25.52,49.91,22.21,58.33,9.74,36.4,26.72,10.13,468.5,0.18,1.71,0.0
3760.0,2024-01-03,16:16:25,3760.0,27.89,24.19,54.47,10.26,467.6,25.52,49.91,10.18,25.52,49.91,22.21,58.33,9.74,36.4,26.72,10.13,467.6,0.18,1.71,0.0
3761.0,2024-01-03,16:16:26,3761.0,27.89,24.19,54.48,10.26,468.58,25.53,49.89,10.18,25.53,49.89,22.21,58.35,9.74,36.4,26.72,10.13,468.58,0.18,1.71,0.0
3762.0,2024-01-03,16:16:27,3762.0,27.89,24.19,54.48,10.26,472.52,25.53,49.89,10.18,25.53,49.89,22.21,58.35,9.74,36.4,26.72,10.13,472.52,0.18,1.73,0.0
3763.0,2024-01-03,16:16:28,3763.0,27.89,24.19,54.48,10.26,472.86,25.53,49.89,10.18,25.53,49.89,22.21,58.35,9.74,36.4,26.72,10.13,472.86,0.18,1.73,0.0
3764.0,2024-01-03,16:16:29,3764.0,27.89,24.19,54.47,10.26,471.84,25.53,49.88,10.18,25.53,49.88,22.18,58.58,9.77,36.4,26.73,10.14,471.84,0.18,1.73,0.0
3765.0,2024-01-03,16:16:30,3765.0,27.89,24.19,54.47,10.26,471.65,25.53,49.88,10.18,25.53,49.88,22.18,58.58,9.77,36.4,26.73,10.14,471.65,0.18,1.73,0.0
3766.0,2024-01-03,16:16:31,3766.0,27.89,24.19,54.47,10.26,471.2,25.53,49.88,10.18,25.53,49.88,22.18,58.58,9.77,36.4,26.73,10.14,471.2,0.18,1.72,0.0
3767.0,2024-01-03,16:16:32,3767.0,27.9,24.19,54.48,10.26,469.59,25.53,49.9,10.18,25.53,49.9,22.2,58.61,9.78,36.41,26.73,10.14,469.59,0.18,1.72,0.0
3768.0,2024-01-03,16:16:33,3768.0,27.9,24.19,54.48,10.26,467.87,25.53,49.9,10.18,25.53,49.9,22.2,58.61,9.78,36.41,26.73,10.14,467.87,0.18,1.71,0.0
3769.0,2024-01-03,16:16:34,3769.0,27.9,24.19,54.48,10.26,467.91,25.53,49.9,10.18,25.53,49.9,22.2,58.61,9.78,36.41,26.73,10.14,467.91,0.18,1.71,0.0
3770.0,2024-01-03,16:16:35,3770.0,27.89,24.19,54.49,10.27,467.84,25.53,49.91,10.18,25.53,49.91,22.21,58.62,9.79,36.42,26.72,10.14,467.84,0.18,1.71,0.0
3771.0,2024-01-03,16:16:36,3771.0,27.89,24.19,54.49,10.27,468.13,25.53,49.91,10.18,25.53,49.91,22.21,58.62,9.79,36.42,26.72,10.14,468.13,0.18,1.71,0.0
3772.0,2024-01-03,16:16:37,3772.0,27.89,24.19,54.49,10.27,469.08,25.53,49.91,10.18,25.53,49.91,22.21,58.62,9.79,36.42,26.72,10.14,469.08,0.18,1.72,0.0
3773.0,2024-01-03,16:16:38,3773.0,27.9,24.19,54.49,10.27,469.87,25.52,49.92,10.18,25.52,49.92,22.21,58.7,9.81,36.42,26.71,10.14,469.87,0.18,1.72,0.0
3774.0,2024-01-03,16:16:39,3774.0,27.9,24.19,54.49,10.27,471.02,25.52,49.92,10.18,25.52,49.92,22.21,58.7,9.81,36.42,26.71,10.14,471.02,0.18,1.73,0.0
3775.0,2024-01-03,16:16:40,3775.0,27.9,24.19,54.49,10.27,471.94,25.52,49.92,10.18,25.52,49.92,22.21,58.7,9.81,36.42,26.71,10.14,471.94,0.18,1.73,0.0
3776.0,2024-01-03,16:16:41,3776.0,27.91,24.19,54.49,10.27,470.09,25.52,49.93,10.18,25.52,49.93,22.18,58.92,9.83,36.42,26.71,10.14,470.09,0.18,1.72,0.0
3777.0,2024-01-03,16:16:42,3777.0,27.91,24.19,54.49,10.27,469.13,25.52,49.93,10.18,25.52,49.93,22.18,58.92,9.83,36.42,26.71,10.14,469.13,0.18,1.72,0.0
3778.0,2024-01-03,16:16:43,3778.0,27.91,24.19,54.49,10.27,472.47,25.52,49.93,10.18,25.52,49.93,22.18,58.92,9.83,36.42,26.71,10.14,472.47,0.18,1.73,0.0
3779.0,2024-01-03,16:16:44,3779.0,27.91,24.19,54.49,10.27,474.13,25.52,49.9,10.18,25.52,49.9,22.16,59.1,9.84,36.42,26.71,10.14,474.13,0.18,1.74,0.0
3780.0,2024-01-03,16:16:45,3780.0,27.91,24.19,54.49,10.27,478.88,25.52,49.9,10.18,25.52,49.9,22.16,59.1,9.84,36.42,26.71,10.14,478.88,0.18,1.76,0.0
3781.0,2024-01-03,16:16:46,3781.0,27.91,24.19,54.49,10.27,480.76,25.52,49.9,10.18,25.52,49.9,22.16,59.1,9.84,36.42,26.71,10.14,480.76,0.18,1.76,0.0
3782.0,2024-01-03,16:16:47,3782.0,27.92,24.19,54.49,10.27,480.62,25.53,49.87,10.18,25.53,49.87,22.14,59.25,9.85,36.43,26.71,10.14,480.62,0.18,1.76,0.0
3783.0,2024-01-03,16:16:48,3783.0,27.92,24.19,54.49,10.27,479.25,25.53,49.87,10.18,25.53,49.87,22.14,59.25,9.85,36.43,26.71,10.14,479.25,0.18,1.76,0.0
3784.0,2024-01-03,16:16:49,3784.0,27.92,24.19,54.49,10.27,475.43,25.53,49.87,10.18,25.53,49.87,22.14,59.25,9.85,36.43,26.71,10.14,475.43,0.18,1.74,0.0
3785.0,2024-01-03,16:16:50,3785.0,27.91,24.19,54.48,10.27,473.05,25.53,49.86,10.18,25.53,49.86,22.1,59.43,9.86,36.42,26.71,10.14,473.05,0.18,1.74,0.0
3786.0,2024-01-03,16:16:51,3786.0,27.91,24.19,54.48,10.27,466.78,25.53,49.86,10.18,25.53,49.86,22.1,59.43,9.86,36.42,26.71,10.14,466.78,0.18,1.71,0.0
3787.0,2024-01-03,16:16:52,3787.0,27.91,24.19,54.48,10.27,465.44,25.53,49.86,10.18,25.53,49.86,22.1,59.43,9.86,36.42,26.71,10.14,465.44,0.18,1.71,0.0
3788.0,2024-01-03,16:16:53,3788.0,27.92,24.2,54.48,10.27,467.42,25.54,49.84,10.18,25.54,49.84,22.08,59.57,9.87,36.42,26.72,10.14,467.42,0.18,1.71,0.0
3789.0,2024-01-03,16:16:54,3789.0,27.92,24.2,54.48,10.27,468.56,25.54,49.84,10.18,25.54,49.84,22.08,59.57,9.87,36.42,26.72,10.14,468.56,0.18,1.72,0.0
3790.0,2024-01-03,16:16:55,3790.0,27.92,24.2,54.48,10.27,469.65,25.54,49.84,10.18,25.54,49.84,22.08,59.57,9.87,36.42,26.72,10.14,469.65,0.18,1.72,0.0
3791.0,2024-01-03,16:16:56,3791.0,27.92,24.2,54.47,10.27,470.1,25.54,49.83,10.18,25.54,49.83,22.06,59.67,9.88,36.42,26.73,10.14,470.1,0.18,1.72,0.0
3792.0,2024-01-03,16:16:57,3792.0,27.92,24.2,54.47,10.27,470.93,25.54,49.83,10.18,25.54,49.83,22.06,59.67,9.88,36.42,26.73,10.14,470.93,0.18,1.73,0.0
3793.0,2024-01-03,16:16:58,3793.0,27.92,24.2,54.47,10.27,472.8,25.54,49.83,10.18,25.54,49.83,22.06,59.67,9.88,36.42,26.73,10.14,472.8,0.18,1.73,0.0
3794.0,2024-01-03,16:16:59,3794.0,27.94,24.2,54.47,10.27,473.24,25.55,49.82,10.17,25.55,49.82,22.04,59.78,9.88,36.41,26.73,10.14,473.24,0.18,1.73,0.0
3795.0,2024-01-03,16:17:00,3795.0,27.94,24.2,54.47,10.27,472.54,25.55,49.82,10.17,25.55,49.82,22.04,59.78,9.88,36.41,26.73,10.14,472.54,0.18,1.73,0.0
3796.0,2024-01-03,16:17:01,3796.0,27.94,24.2,54.47,10.27,472.08,25.55,49.82,10.17,25.55,49.82,22.04,59.78,9.88,36.41,26.73,10.14,472.08,0.18,1.73,0.0
3797.0,2024-01-03,16:17:02,3797.0,27.94,24.2,54.47,10.27,474.04,25.55,49.79,10.17,25.55,49.79,22.01,59.93,9.89,36.41,26.73,10.14,474.04,0.18,1.74,0.0
3798.0,2024-01-03,16:17:03,3798.0,27.94,24.2,54.47,10.27,476.88,25.55,49.79,10.17,25.55,49.79,22.01,59.93,9.89,36.41,26.73,10.14,476.88,0.18,1.74,0.0
3799.0,2024-01-03,16:17:04,3799.0,27.94,24.2,54.47,10.27,477.55,25.55,49.79,10.17,25.55,49.79,22.01,59.93,9.89,36.41,26.73,10.14,477.55,0.18,1.75,0.0
3800.0,2024-01-03,16:17:05,3800.0,27.95,24.2,54.46,10.27,479.07,25.55,49.78,10.17,25.55,49.78,21.99,60.05,9.9,36.42,26.72,10.14,479.07,0.18,1.75,0.0
3801.0,2024-01-03,16:17:06,3801.0,27.95,24.2,54.46,10.27,478.36,25.55,49.78,10.17,25.55,49.78,21.99,60.05,9.9,36.42,26.72,10.14,478.36,0.18,1.75,0.0
3802.0,2024-01-03,16:17:07,3802.0,27.95,24.2,54.46,10.27,477.28,25.55,49.78,10.17,25.55,49.78,21.99,60.05,9.9,36.42,26.72,10.14,477.28,0.18,1.75,0.0
3803.0,2024-01-03,16:17:08,3803.0,27.95,24.2,54.46,10.27,477.32,25.55,49.78,10.17,25.55,49.78,21.97,60.2,9.91,36.41,26.73,10.14,477.32,0.18,1.75,0.0
3804.0,2024-01-03,16:17:09,3804.0,27.95,24.2,54.46,10.27,478.61,25.55,49.78,10.17,25.55,49.78,21.97,60.2,9.91,36.41,26.73,10.14,478.61,0.18,1.75,0.0
3805.0,2024-01-03,16:17:10,3805.0,27.95,24.2,54.46,10.27,479.42,25.55,49.78,10.17,25.55,49.78,21.97,60.2,9.91,36.41,26.73,10.14,479.42,0.18,1.75,0.0
3806.0,2024-01-03,16:17:11,3806.0,27.94,24.2,54.46,10.27,479.88,25.56,49.76,10.17,25.56,49.76,21.94,60.39,9.92,36.41,26.72,10.14,479.88,0.18,1.76,0.0
3807.0,2024-01-03,16:17:12,3807.0,27.94,24.2,54.46,10.27,480.16,25.56,49.76,10.17,25.56,49.76,21.94,60.39,9.92,36.41,26.72,10.14,480.16,0.18,1.76,0.0
3808.0,2024-01-03,16:17:13,3808.0,27.94,24.2,54.46,10.27,479.92,25.56,49.76,10.17,25.56,49.76,21.94,60.39,9.92,36.41,26.72,10.14,479.92,0.18,1.76,0.0
3809.0,2024-01-03,16:17:14,3809.0,27.94,24.2,54.45,10.27,480.89,25.56,49.76,10.17,25.56,49.76,21.92,60.53,9.94,36.41,26.72,10.14,480.89,0.18,1.76,0.0
3810.0,2024-01-03,16:17:15,3810.0,27.94,24.2,54.45,10.27,483.86,25.56,49.76,10.17,25.56,49.76,21.92,60.53,9.94,36.41,26.72,10.14,483.86,0.18,1.77,0.0
3811.0,2024-01-03,16:17:16,3811.0,27.94,24.2,54.45,10.27,483.93,25.56,49.76,10.17,25.56,49.76,21.92,60.53,9.94,36.41,26.72,10.14,483.93,0.18,1.77,0.0
3812.0,2024-01-03,16:17:17,3812.0,27.93,24.2,54.45,10.27,482.61,25.56,49.77,10.17,25.56,49.77,21.9,60.7,9.95,36.41,26.72,10.14,482.61,0.18,1.76,0.0
3813.0,2024-01-03,16:17:18,3813.0,27.93,24.2,54.45,10.27,481.11,25.56,49.77,10.17,25.56,49.77,21.9,60.7,9.95,36.41,26.72,10.14,481.11,0.18,1.76,0.0
3814.0,2024-01-03,16:17:19,3814.0,27.93,24.2,54.45,10.27,477.67,25.56,49.77,10.17,25.56,49.77,21.9,60.7,9.95,36.41,26.72,10.14,477.67,0.18,1.75,0.0
3815.0,2024-01-03,16:17:20,3815.0,27.93,24.2,54.46,10.26,475.66,25.55,49.78,10.17,25.55,49.78,21.88,60.8,9.95,36.4,26.72,10.13,475.66,0.18,1.74,0.0
3816.0,2024-01-03,16:17:21,3816.0,27.93,24.2,54.46,10.26,473.86,25.55,49.78,10.17,25.55,49.78,21.88,60.8,9.95,36.4,26.72,10.13,473.86,0.18,1.73,0.0
3817.0,2024-01-03,16:17:22,3817.0,27.93,24.2,54.46,10.26,473.7,25.55,49.78,10.17,25.55,49.78,21.88,60.8,9.95,36.4,26.72,10.13,473.7,0.18,1.73,0.0
3818.0,2024-01-03,16:17:23,3818.0,27.94,24.21,54.45,10.27,473.71,25.56,49.78,10.17,25.56,49.78,21.87,60.87,9.96,36.42,26.7,10.14,473.71,0.18,1.73,0.0
3819.0,2024-01-03,16:17:24,3819.0,27.94,24.21,54.45,10.27,473.32,25.56,49.78,10.17,25.56,49.78,21.87,60.87,9.96,36.42,26.7,10.14,473.32,0.18,1.73,0.0
3820.0,2024-01-03,16:17:25,3820.0,27.94,24.21,54.45,10.27,472.97,25.56,49.78,10.17,25.56,49.78,21.87,60.87,9.96,36.42,26.7,10.14,472.97,0.18,1.73,0.0
3821.0,2024-01-03,16:17:26,3821.0,27.93,24.2,54.45,10.27,473.37,25.55,49.8,10.18,25.55,49.8,21.85,60.96,9.96,36.42,26.7,10.14,473.37,0.18,1.73,0.0
3822.0,2024-01-03,16:17:27,3822.0,27.93,24.2,54.45,10.27,474.26,25.55,49.8,10.18,25.55,49.8,21.85,60.96,9.96,36.42,26.7,10.14,474.26,0.18,1.73,0.0
3823.0,2024-01-03,16:17:28,3823.0,27.93,24.2,54.45,10.27,473.36,25.55,49.8,10.18,25.55,49.8,21.85,60.96,9.96,36.42,26.7,10.14,473.36,0.18,1.73,0.0
3824.0,2024-01-03,16:17:29,3824.0,27.92,24.2,54.45,10.27,471.12,25.55,49.8,10.18,25.55,49.8,21.83,61.04,9.96,36.42,26.71,10.14,471.12,0.18,1.72,0.0
3825.0,2024-01-03,16:17:30,3825.0,27.92,24.2,54.45,10.27,471.43,25.55,49.8,10.18,25.55,49.8,21.83,61.04,9.96,36.42,26.71,10.14,471.43,0.18,1.72,0.0
3826.0,2024-01-03,16:17:31,3826.0,27.92,24.2,54.45,10.27,472.49,25.55,49.8,10.18,25.55,49.8,21.83,61.04,9.96,36.42,26.71,10.14,472.49,0.18,1.73,0.0
3827.0,2024-01-03,16:17:32,3827.0,27.92,24.2,54.46,10.27,472.43,25.55,49.81,10.18,25.55,49.81,21.81,61.15,9.97,36.42,26.71,10.14,472.43,0.18,1.73,0.0
3828.0,2024-01-03,16:17:33,3828.0,27.92,24.2,54.46,10.27,472.2,25.55,49.81,10.18,25.55,49.81,21.81,61.15,9.97,36.42,26.71,10.14,472.2,0.18,1.73,0.0
3829.0,2024-01-03,16:17:34,3829.0,27.92,24.2,54.46,10.27,472.11,25.55,49.81,10.18,25.55,49.81,21.81,61.15,9.97,36.42,26.71,10.14,472.11,0.18,1.73,0.0
3830.0,2024-01-03,16:17:35,3830.0,27.91,24.2,54.45,10.27,473.07,25.55,49.84,10.18,25.55,49.84,21.78,61.35,9.98,36.42,26.72,10.14,473.07,0.18,1.73,0.0
3831.0,2024-01-03,16:17:36,3831.0,27.91,24.2,54.45,10.27,473.75,25.55,49.84,10.18,25.55,49.84,21.78,61.35,9.98,36.42,26.72,10.14,473.75,0.18,1.73,0.0
3832.0,2024-01-03,16:17:37,3832.0,27.91,24.2,54.45,10.27,474.88,25.55,49.84,10.18,25.55,49.84,21.78,61.35,9.98,36.42,26.72,10.14,474.88,0.18,1.73,0.0
3833.0,2024-01-03,16:17:38,3833.0,27.89,24.2,54.45,10.27,476.38,25.55,49.81,10.18,25.55,49.81,21.73,61.6,10,36.42,26.71,10.14,476.38,0.18,1.74,0.0
3834.0,2024-01-03,16:17:39,3834.0,27.89,24.2,54.45,10.27,478.63,25.55,49.81,10.18,25.55,49.81,21.73,61.6,10,36.42,26.71,10.14,478.63,0.18,1.75,0.0
3835.0,2024-01-03,16:17:40,3835.0,27.89,24.2,54.45,10.27,479.17,25.55,49.81,10.18,25.55,49.81,21.73,61.6,10,36.42,26.71,10.14,479.17,0.18,1.75,0.0
3836.0,2024-01-03,16:17:41,3836.0,27.89,24.2,54.44,10.26,479.51,25.55,49.81,10.18,25.55,49.81,21.7,61.79,10.01,36.42,26.7,10.14,479.51,0.19,1.75,0.0
3837.0,2024-01-03,16:17:42,3837.0,27.89,24.2,54.44,10.26,479.2,25.55,49.81,10.18,25.55,49.81,21.7,61.79,10.01,36.42,26.7,10.14,479.2,0.19,1.75,0.0
3838.0,2024-01-03,16:17:43,3838.0,27.89,24.2,54.44,10.26,479.09,25.55,49.81,10.18,25.55,49.81,21.7,61.79,10.01,36.42,26.7,10.14,479.09,0.19,1.75,0.0
3839.0,2024-01-03,16:17:44,3839.0,27.88,24.2,54.45,10.27,478.82,25.56,49.8,10.18,25.56,49.8,21.66,61.96,10.01,36.41,26.71,10.14,478.82,0.18,1.75,0.0
3840.0,2024-01-03,16:17:45,3840.0,27.88,24.2,54.45,10.27,478.78,25.56,49.8,10.18,25.56,49.8,21.66,61.96,10.01,36.41,26.71,10.14,478.78,0.18,1.75,0.0
3841.0,2024-01-03,16:17:46,3841.0,27.88,24.2,54.45,10.27,478.09,25.56,49.78,10.18,25.56,49.78,21.63,62.11,10.02,36.41,26.71,10.14,478.09,0.18,1.74,0.0
3842.0,2024-01-03,16:17:47,3842.0,27.89,24.2,54.46,10.27,476.33,25.56,49.78,10.18,25.56,49.78,21.63,62.11,10.02,36.41,26.71,10.14,476.33,0.18,1.74,0.0
3843.0,2024-01-03,16:17:48,3843.0,27.89,24.2,54.46,10.27,472.77,25.56,49.78,10.18,25.56,49.78,21.63,62.11,10.02,36.41,26.71,10.14,472.77,0.18,1.73,0.0
3844.0,2024-01-03,16:17:49,3844.0,27.89,24.2,54.46,10.27,471.12,25.56,49.78,10.18,25.56,49.78,21.63,62.11,10.02,36.41,26.71,10.14,471.12,0.18,1.72,0.0
3845.0,2024-01-03,16:17:50,3845.0,27.89,24.2,54.46,10.27,469.39,25.56,49.78,10.18,25.56,49.78,21.62,62.14,10.01,36.41,26.71,10.13,469.39,0.18,1.71,0.0
3846.0,2024-01-03,16:17:51,3846.0,27.89,24.2,54.46,10.27,469.46,25.56,49.78,10.18,25.56,49.78,21.62,62.14,10.01,36.41,26.71,10.13,469.46,0.18,1.71,0.0
3847.0,2024-01-03,16:17:52,3847.0,27.89,24.2,54.46,10.27,469.43,25.56,49.78,10.18,25.56,49.78,21.62,62.14,10.01,36.41,26.71,10.13,469.43,0.18,1.71,0.0
3848.0,2024-01-03,16:17:53,3848.0,27.89,24.2,54.48,10.27,469.67,25.55,49.82,10.18,25.55,49.82,21.61,62.19,10.01,36.41,26.7,10.13,469.67,0.18,1.71,0.0
3849.0,2024-01-03,16:17:54,3849.0,27.89,24.2,54.48,10.27,467.08,25.55,49.82,10.18,25.55,49.82,21.61,62.19,10.01,36.41,26.7,10.13,467.08,0.18,1.7,0.0
3850.0,2024-01-03,16:17:55,3850.0,27.89,24.2,54.48,10.27,465.47,25.55,49.82,10.18,25.55,49.82,21.61,62.19,10.01,36.41,26.7,10.13,465.47,0.18,1.7,0.0
3851.0,2024-01-03,16:17:56,3851.0,27.88,24.2,54.48,10.27,467.39,25.56,49.81,10.18,25.56,49.81,21.61,62.14,10.01,36.43,26.67,10.13,467.39,0.18,1.7,0.0
3852.0,2024-01-03,16:17:57,3852.0,27.88,24.2,54.48,10.27,468.79,25.56,49.81,10.18,25.56,49.81,21.61,62.14,10.01,36.43,26.67,10.13,468.79,0.18,1.71,0.0
3853.0,2024-01-03,16:17:58,3853.0,27.88,24.2,54.48,10.27,470.9,25.56,49.81,10.18,25.56,49.81,21.61,62.14,10.01,36.43,26.67,10.13,470.9,0.18,1.72,0.0
3854.0,2024-01-03,16:17:59,3854.0,27.88,24.19,54.49,10.27,472.59,25.56,49.79,10.18,25.56,49.79,21.63,62.03,10,36.43,26.66,10.13,472.59,0.18,1.72,0.0
3855.0,2024-01-03,16:18:00,3855.0,27.88,24.19,54.49,10.27,474.82,25.56,49.79,10.18,25.56,49.79,21.63,62.03,10,36.43,26.66,10.13,474.82,0.18,1.73,0.0
3856.0,2024-01-03,16:18:01,3856.0,27.88,24.19,54.49,10.27,478.57,25.56,49.79,10.18,25.56,49.79,21.63,62.03,10,36.43,26.66,10.13,478.57,0.19,1.74,0.0
3857.0,2024-01-03,16:18:02,3857.0,27.88,24.19,54.52,10.27,485.25,25.56,49.8,10.18,25.56,49.8,21.66,61.77,9.98,36.43,26.67,10.13,485.25,0.19,1.77,0.0
3858.0,2024-01-03,16:18:03,3858.0,27.88,24.19,54.52,10.27,487.18,25.56,49.8,10.18,25.56,49.8,21.66,61.77,9.98,36.43,26.67,10.13,487.18,0.19,1.77,0.0
3859.0,2024-01-03,16:18:04,3859.0,27.88,24.19,54.52,10.27,486.77,25.56,49.8,10.18,25.56,49.8,21.66,61.77,9.98,36.43,26.67,10.13,486.77,0.19,1.77,0.0
3860.0,2024-01-03,16:18:05,3860.0,27.87,24.19,54.52,10.27,482.38,25.56,49.81,10.18,25.56,49.81,21.73,61.35,9.95,36.43,26.66,10.13,482.38,0.19,1.76,0.0
3861.0,2024-01-03,16:18:06,3861.0,27.87,24.19,54.52,10.27,480.13,25.56,49.81,10.18,25.56,49.81,21.73,61.35,9.95,36.43,26.66,10.13,480.13,0.19,1.75,0.0
3862.0,2024-01-03,16:18:07,3862.0,27.87,24.19,54.52,10.27,480,25.56,49.81,10.18,25.56,49.81,21.73,61.35,9.95,36.43,26.66,10.13,480,0.19,1.75,0.0
3863.0,2024-01-03,16:18:08,3863.0,27.87,24.18,54.52,10.27,480.45,25.56,49.82,10.18,25.56,49.82,21.77,61.07,9.93,36.43,26.66,10.13,480.45,0.19,1.75,0.0
3864.0,2024-01-03,16:18:09,3864.0,27.87,24.18,54.52,10.27,480.65,25.56,49.82,10.18,25.56,49.82,21.77,61.07,9.93,36.43,26.66,10.13,480.65,0.19,1.75,0.0
3865.0,2024-01-03,16:18:10,3865.0,27.87,24.18,54.52,10.27,481.16,25.56,49.82,10.18,25.56,49.82,21.77,61.07,9.93,36.43,26.66,10.13,481.16,0.19,1.75,0.0
3866.0,2024-01-03,16:18:11,3866.0,27.88,24.18,54.54,10.27,479.98,25.55,49.86,10.19,25.55,49.86,21.79,60.89,9.92,36.43,26.66,10.13,479.98,0.19,1.75,0.0
3867.0,2024-01-03,16:18:12,3867.0,27.88,24.18,54.54,10.27,478.48,25.55,49.86,10.19,25.55,49.86,21.79,60.89,9.92,36.43,26.66,10.13,478.48,0.19,1.74,0.0
3868.0,2024-01-03,16:18:13,3868.0,27.88,24.18,54.54,10.27,478.21,25.55,49.86,10.19,25.55,49.86,21.79,60.89,9.92,36.43,26.66,10.13,478.21,0.19,1.74,0.0
3869.0,2024-01-03,16:18:14,3869.0,27.88,24.18,54.54,10.27,478.1,25.55,49.88,10.19,25.55,49.88,21.79,60.87,9.91,36.43,26.67,10.13,478.1,0.19,1.74,0.0
3870.0,2024-01-03,16:18:15,3870.0,27.88,24.18,54.54,10.27,477.79,25.55,49.88,10.19,25.55,49.88,21.79,60.87,9.91,36.43,26.67,10.13,477.79,0.19,1.74,0.0
3871.0,2024-01-03,16:18:16,3871.0,27.88,24.18,54.54,10.27,476.06,25.55,49.88,10.19,25.55,49.88,21.79,60.87,9.91,36.43,26.67,10.13,476.06,0.19,1.74,0.0
3872.0,2024-01-03,16:18:17,3872.0,27.89,24.18,54.57,10.27,475.46,25.54,49.89,10.19,25.54,49.89,21.8,60.82,9.91,36.43,26.67,10.13,475.46,0.19,1.73,0.0
3873.0,2024-01-03,16:18:18,3873.0,27.89,24.18,54.57,10.27,475.49,25.54,49.89,10.19,25.54,49.89,21.8,60.82,9.91,36.43,26.67,10.13,475.49,0.19,1.73,0.0
3874.0,2024-01-03,16:18:19,3874.0,27.89,24.18,54.57,10.27,475.33,25.54,49.89,10.19,25.54,49.89,21.8,60.82,9.91,36.43,26.67,10.13,475.33,0.19,1.73,0.0
3875.0,2024-01-03,16:18:20,3875.0,27.89,24.18,54.56,10.27,475.08,25.54,49.89,10.19,25.54,49.89,21.82,60.68,9.9,36.43,26.67,10.13,475.08,0.19,1.73,0.0
3876.0,2024-01-03,16:18:21,3876.0,27.89,24.18,54.56,10.27,474.57,25.54,49.89,10.19,25.54,49.89,21.82,60.68,9.9,36.43,26.67,10.13,474.57,0.19,1.73,0.0
3877.0,2024-01-03,16:18:22,3877.0,27.89,24.18,54.56,10.27,474.13,25.54,49.89,10.19,25.54,49.89,21.82,60.68,9.9,36.43,26.67,10.13,474.13,0.19,1.73,0.0
3878.0,2024-01-03,16:18:23,3878.0,27.89,24.18,54.57,10.27,472.5,25.54,49.9,10.19,25.54,49.9,21.84,60.58,9.89,36.43,26.68,10.13,472.5,0.19,1.72,0.0
3879.0,2024-01-03,16:18:24,3879.0,27.89,24.18,54.57,10.27,471.16,25.54,49.9,10.19,25.54,49.9,21.84,60.58,9.89,36.43,26.68,10.13,471.16,0.19,1.72,0.0
3880.0,2024-01-03,16:18:25,3880.0,27.89,24.18,54.57,10.27,471.03,25.54,49.9,10.19,25.54,49.9,21.84,60.58,9.89,36.43,26.68,10.13,471.03,0.19,1.72,0.0
3881.0,2024-01-03,16:18:26,3881.0,27.9,24.18,54.57,10.27,470.22,25.54,49.9,10.19,25.54,49.9,21.86,60.42,9.88,36.43,26.69,10.14,470.22,0.19,1.72,0.0
3882.0,2024-01-03,16:18:27,3882.0,27.9,24.18,54.57,10.27,470.02,25.54,49.9,10.19,25.54,49.9,21.86,60.42,9.88,36.43,26.69,10.14,470.02,0.19,1.72,0.0
3883.0,2024-01-03,16:18:28,3883.0,27.9,24.18,54.57,10.27,469.98,25.54,49.9,10.19,25.54,49.9,21.86,60.42,9.88,36.43,26.69,10.14,469.98,0.19,1.71,0.0
3884.0,2024-01-03,16:18:29,3884.0,27.9,24.17,54.59,10.27,470.41,25.53,49.93,10.19,25.53,49.93,21.89,60.24,9.87,36.42,26.7,10.13,470.41,0.18,1.72,0.0
3885.0,2024-01-03,16:18:30,3885.0,27.9,24.17,54.59,10.27,471.18,25.53,49.93,10.19,25.53,49.93,21.89,60.24,9.87,36.42,26.7,10.13,471.18,0.19,1.72,0.0
3886.0,2024-01-03,16:18:31,3886.0,27.9,24.17,54.59,10.27,471.67,25.53,49.93,10.19,25.53,49.93,21.89,60.24,9.87,36.42,26.7,10.13,471.67,0.19,1.72,0.0
3887.0,2024-01-03,16:18:32,3887.0,27.9,24.17,54.57,10.27,471.66,25.53,49.96,10.19,25.53,49.96,21.89,60.23,9.87,36.42,26.7,10.14,471.66,0.19,1.72,0.0
3888.0,2024-01-03,16:18:33,3888.0,27.9,24.17,54.57,10.27,471.16,25.53,49.96,10.19,25.53,49.96,21.89,60.23,9.87,36.42,26.7,10.14,471.16,0.19,1.72,0.0
3889.0,2024-01-03,16:18:34,3889.0,27.9,24.17,54.57,10.27,471.25,25.53,49.96,10.19,25.53,49.96,21.89,60.23,9.87,36.42,26.7,10.14,471.25,0.19,1.72,0.0
3890.0,2024-01-03,16:18:35,3890.0,27.9,24.17,54.59,10.27,471.08,25.53,49.97,10.2,25.53,49.97,21.89,60.26,9.87,36.42,26.71,10.14,471.08,0.19,1.72,0.0
3891.0,2024-01-03,16:18:36,3891.0,27.9,24.17,54.59,10.27,470.83,25.53,49.97,10.2,25.53,49.97,21.89,60.26,9.87,36.42,26.71,10.14,470.83,0.19,1.72,0.0
3892.0,2024-01-03,16:18:37,3892.0,27.9,24.17,54.59,10.27,472.3,25.53,49.97,10.2,25.53,49.97,21.89,60.26,9.87,36.42,26.71,10.14,472.3,0.19,1.72,0.0
3893.0,2024-01-03,16:18:38,3893.0,27.91,24.18,54.56,10.27,473.3,25.53,49.99,10.2,25.53,49.99,21.9,60.17,9.86,36.42,26.7,10.14,473.3,0.19,1.73,0.0
3894.0,2024-01-03,16:18:39,3894.0,27.91,24.18,54.56,10.27,478.32,25.53,49.99,10.2,25.53,49.99,21.9,60.17,9.86,36.42,26.7,10.14,478.32,0.19,1.74,0.0
3895.0,2024-01-03,16:18:40,3895.0,27.91,24.18,54.56,10.27,479.68,25.53,49.99,10.2,25.53,49.99,21.9,60.17,9.86,36.42,26.7,10.14,479.68,0.19,1.75,0.0
3896.0,2024-01-03,16:18:41,3896.0,27.92,24.18,54.56,10.27,480.17,25.53,50.01,10.2,25.53,50.01,21.88,60.26,9.87,36.43,26.69,10.14,480.17,0.19,1.75,0.0
3897.0,2024-01-03,16:18:42,3897.0,27.92,24.18,54.56,10.27,481.03,25.53,50.01,10.2,25.53,50.01,21.88,60.26,9.87,36.43,26.69,10.14,481.03,0.19,1.75,0.0
3898.0,2024-01-03,16:18:43,3898.0,27.92,24.18,54.56,10.27,479.6,25.53,50.01,10.2,25.53,50.01,21.88,60.26,9.87,36.43,26.69,10.14,479.6,0.19,1.75,0.0
3899.0,2024-01-03,16:18:44,3899.0,27.92,24.18,54.59,10.28,479.19,25.52,50.05,10.21,25.52,50.05,21.86,60.45,9.88,36.43,26.7,10.14,479.19,0.19,1.75,0.0
3900.0,2024-01-03,16:18:45,3900.0,27.92,24.18,54.59,10.28,478.38,25.52,50.05,10.21,25.52,50.05,21.86,60.45,9.88,36.43,26.7,10.14,478.38,0.19,1.74,0.0
3901.0,2024-01-03,16:18:46,3901.0,27.92,24.18,54.59,10.28,477.05,25.52,50.05,10.21,25.52,50.05,21.86,60.45,9.88,36.43,26.7,10.14,477.05,0.19,1.74,0.0
3902.0,2024-01-03,16:18:47,3902.0,27.92,24.18,54.57,10.27,475.48,25.52,50.03,10.21,25.52,50.03,21.82,60.62,9.89,36.43,26.71,10.14,475.48,0.19,1.73,0.0
3903.0,2024-01-03,16:18:48,3903.0,27.92,24.18,54.57,10.27,474.08,25.52,50.03,10.21,25.52,50.03,21.82,60.62,9.89,36.43,26.71,10.14,474.08,0.19,1.73,0.0
3904.0,2024-01-03,16:18:49,3904.0,27.92,24.18,54.57,10.27,470.3,25.52,50.03,10.21,25.52,50.03,21.82,60.62,9.89,36.43,26.71,10.14,470.3,0.19,1.72,0.0
3905.0,2024-01-03,16:18:50,3905.0,27.92,24.18,54.56,10.27,470.8,25.52,50.04,10.21,25.52,50.04,21.82,60.68,9.9,36.43,26.71,10.14,470.8,0.19,1.72,0.0
3906.0,2024-01-03,16:18:51,3906.0,27.92,24.18,54.56,10.27,471.1,25.52,50.04,10.21,25.52,50.04,21.82,60.68,9.9,36.43,26.71,10.14,471.1,0.19,1.72,0.0
3907.0,2024-01-03,16:18:52,3907.0,27.92,24.18,54.56,10.27,471.59,25.52,50.04,10.21,25.52,50.04,21.82,60.68,9.9,36.43,26.71,10.14,471.59,0.19,1.72,0.0
3908.0,2024-01-03,16:18:53,3908.0,27.92,24.18,54.55,10.27,473.72,25.51,50.06,10.21,25.51,50.06,21.85,60.48,9.89,36.42,26.71,10.14,473.72,0.19,1.73,0.0
3909.0,2024-01-03,16:18:54,3909.0,27.92,24.18,54.55,10.27,475.98,25.51,50.06,10.21,25.51,50.06,21.85,60.48,9.89,36.42,26.71,10.14,475.98,0.19,1.73,0.0
3910.0,2024-01-03,16:18:55,3910.0,27.92,24.18,54.55,10.27,476.99,25.51,50.06,10.21,25.51,50.06,21.85,60.48,9.89,36.42,26.71,10.14,476.99,0.19,1.74,0.0
3911.0,2024-01-03,16:18:56,3911.0,27.92,24.18,54.55,10.27,474.7,25.51,50.05,10.2,25.51,50.05,21.89,60.28,9.88,36.41,26.72,10.14,474.7,0.19,1.73,0.0
3912.0,2024-01-03,16:18:57,3912.0,27.92,24.18,54.55,10.27,471.78,25.51,50.05,10.2,25.51,50.05,21.89,60.28,9.88,36.41,26.72,10.14,471.78,0.19,1.72,0.0
3913.0,2024-01-03,16:18:58,3913.0,27.92,24.18,54.55,10.27,472.55,25.51,50.05,10.2,25.51,50.05,21.89,60.28,9.88,36.41,26.72,10.14,472.55,0.19,1.72,0.0
3914.0,2024-01-03,16:18:59,3914.0,27.93,24.18,54.54,10.27,469.47,25.52,50.05,10.21,25.52,50.05,21.94,60.08,9.87,36.41,26.73,10.14,469.47,0.19,1.71,0.0
3915.0,2024-01-03,16:19:00,3915.0,27.93,24.18,54.54,10.27,468.53,25.52,50.05,10.21,25.52,50.05,21.94,60.08,9.87,36.41,26.73,10.14,468.53,0.19,1.71,0.0
3916.0,2024-01-03,16:19:01,3916.0,27.93,24.18,54.54,10.27,467.82,25.52,50.05,10.21,25.52,50.05,21.94,60.08,9.87,36.41,26.73,10.14,467.82,0.19,1.71,0.0
3917.0,2024-01-03,16:19:02,3917.0,27.94,24.19,54.53,10.27,467.72,25.52,50.05,10.21,25.52,50.05,21.97,59.97,9.87,36.41,26.73,10.14,467.72,0.19,1.7,0.0
3918.0,2024-01-03,16:19:03,3918.0,27.94,24.19,54.53,10.27,467.91,25.52,50.05,10.21,25.52,50.05,21.97,59.97,9.87,36.41,26.73,10.14,467.91,0.19,1.71,0.0
3919.0,2024-01-03,16:19:04,3919.0,27.94,24.19,54.53,10.27,468.36,25.52,50.05,10.21,25.52,50.05,21.97,59.97,9.87,36.41,26.73,10.14,468.36,0.19,1.71,0.0
3920.0,2024-01-03,16:19:05,3920.0,27.95,24.19,54.55,10.27,468.91,25.52,50.04,10.2,25.52,50.04,21.99,59.89,9.87,36.41,26.73,10.14,468.91,0.18,1.71,0.0
3921.0,2024-01-03,16:19:06,3921.0,27.95,24.19,54.55,10.27,468.8,25.52,50.04,10.2,25.52,50.04,21.99,59.89,9.87,36.41,26.73,10.14,468.8,0.18,1.71,0.0
3922.0,2024-01-03,16:19:07,3922.0,27.95,24.19,54.55,10.27,468.98,25.52,50.04,10.2,25.52,50.04,21.99,59.89,9.87,36.41,26.73,10.14,468.98,0.18,1.71,0.0
3923.0,2024-01-03,16:19:08,3923.0,27.96,24.19,54.54,10.27,468.72,25.52,50.02,10.2,25.52,50.02,21.98,59.93,9.87,36.42,26.72,10.14,468.72,0.18,1.71,0.0
3924.0,2024-01-03,16:19:09,3924.0,27.96,24.19,54.54,10.27,466.68,25.52,50.02,10.2,25.52,50.02,21.98,59.93,9.87,36.42,26.72,10.14,466.68,0.18,1.7,0.0
3925.0,2024-01-03,16:19:10,3925.0,27.96,24.19,54.54,10.27,467.97,25.52,50.02,10.2,25.52,50.02,21.98,59.93,9.87,36.42,26.72,10.14,467.97,0.18,1.71,0.0
3926.0,2024-01-03,16:19:11,3926.0,27.95,24.18,54.55,10.27,470.3,25.52,50.02,10.2,25.52,50.02,21.97,60.02,9.88,36.41,26.72,10.14,470.3,0.18,1.72,0.0
3927.0,2024-01-03,16:19:12,3927.0,27.95,24.18,54.55,10.27,474.32,25.52,50.02,10.2,25.52,50.02,21.97,60.02,9.88,36.41,26.72,10.14,474.32,0.19,1.73,0.0
3928.0,2024-01-03,16:19:13,3928.0,27.95,24.18,54.55,10.27,476.09,25.52,50.02,10.2,25.52,50.02,21.97,60.02,9.88,36.41,26.72,10.14,476.09,0.19,1.74,0.0
3929.0,2024-01-03,16:19:14,3929.0,27.95,24.19,54.55,10.28,481.27,25.52,50.02,10.2,25.52,50.02,21.98,59.98,9.88,36.42,26.72,10.14,481.27,0.19,1.76,0.0
3930.0,2024-01-03,16:19:15,3930.0,27.95,24.19,54.55,10.28,482.38,25.52,50.02,10.2,25.52,50.02,21.98,59.98,9.88,36.42,26.72,10.14,482.38,0.19,1.76,0.0
3931.0,2024-01-03,16:19:16,3931.0,27.95,24.19,54.55,10.27,479.99,25.53,50.01,10.2,25.53,50.01,21.97,60.07,9.89,36.42,26.73,10.15,479.99,0.19,1.75,0.0
3932.0,2024-01-03,16:19:17,3932.0,27.95,24.19,54.55,10.27,478.17,25.53,50.01,10.2,25.53,50.01,21.97,60.07,9.89,36.42,26.73,10.15,478.17,0.19,1.74,0.0
3933.0,2024-01-03,16:19:18,3933.0,27.95,24.19,54.55,10.27,473.8,25.53,50.01,10.2,25.53,50.01,21.97,60.07,9.89,36.42,26.73,10.15,473.8,0.19,1.73,0.0
3934.0,2024-01-03,16:19:19,3934.0,27.95,24.19,54.55,10.27,473.51,25.53,50.01,10.2,25.53,50.01,21.97,60.07,9.89,36.42,26.73,10.15,473.51,0.19,1.73,0.0
3935.0,2024-01-03,16:19:20,3935.0,27.95,24.18,54.56,10.28,473.42,25.53,50,10.2,25.53,50,21.97,60.09,9.89,36.42,26.74,10.15,473.42,0.19,1.73,0.0
3936.0,2024-01-03,16:19:21,3936.0,27.95,24.18,54.56,10.28,473.35,25.53,50,10.2,25.53,50,21.97,60.09,9.89,36.42,26.74,10.15,473.35,0.19,1.73,0.0
3937.0,2024-01-03,16:19:22,3937.0,27.95,24.18,54.56,10.28,472.96,25.53,50,10.2,25.53,50,21.97,60.09,9.89,36.42,26.74,10.15,472.96,0.19,1.73,0.0
3938.0,2024-01-03,16:19:23,3938.0,27.96,24.19,54.55,10.28,472.66,25.54,49.97,10.2,25.54,49.97,21.97,60.12,9.9,36.42,26.73,10.15,472.66,0.19,1.72,0.0
3939.0,2024-01-03,16:19:24,3939.0,27.96,24.19,54.55,10.28,472.76,25.54,49.97,10.2,25.54,49.97,21.97,60.12,9.9,36.42,26.73,10.15,472.76,0.19,1.72,0.0
3940.0,2024-01-03,16:19:25,3940.0,27.96,24.19,54.55,10.28,473.06,25.54,49.97,10.2,25.54,49.97,21.97,60.12,9.9,36.42,26.73,10.15,473.06,0.19,1.73,0.0
3941.0,2024-01-03,16:19:26,3941.0,27.97,24.19,54.55,10.28,473.83,25.54,49.92,10.19,25.54,49.92,21.98,60.09,9.9,36.42,26.72,10.15,473.83,0.19,1.73,0.0
3942.0,2024-01-03,16:19:27,3942.0,27.97,24.19,54.55,10.28,473.74,25.54,49.92,10.19,25.54,49.92,21.98,60.09,9.9,36.42,26.72,10.15,473.74,0.19,1.73,0.0
3943.0,2024-01-03,16:19:28,3943.0,27.97,24.19,54.55,10.28,472.62,25.54,49.92,10.19,25.54,49.92,21.98,60.09,9.9,36.42,26.72,10.15,472.62,0.19,1.73,0.0
3944.0,2024-01-03,16:19:30,3944.0,27.98,24.19,54.53,10.27,471.05,25.55,49.88,10.19,25.55,49.88,21.98,60.09,9.9,36.43,26.71,10.15,471.05,0.18,1.72,0.0
3945.0,2024-01-03,16:19:31,3945.0,27.98,24.19,54.53,10.27,470.27,25.55,49.88,10.19,25.55,49.88,21.98,60.09,9.9,36.43,26.71,10.15,470.27,0.18,1.72,0.0
3946.0,2024-01-03,16:19:32,3946.0,27.98,24.19,54.53,10.27,471.88,25.55,49.88,10.19,25.55,49.88,21.98,60.09,9.9,36.43,26.71,10.15,471.88,0.19,1.72,0.0
3947.0,2024-01-03,16:19:33,3947.0,27.99,24.19,54.55,10.28,472.26,25.56,49.85,10.19,25.56,49.85,21.96,60.18,9.9,36.43,26.71,10.15,472.26,0.18,1.73,0.0
3948.0,2024-01-03,16:19:34,3948.0,27.99,24.19,54.55,10.28,471.35,25.56,49.85,10.19,25.56,49.85,21.96,60.18,9.9,36.43,26.71,10.15,471.35,0.18,1.72,0.0
3949.0,2024-01-03,16:19:35,3949.0,27.99,24.19,54.55,10.28,471.06,25.56,49.85,10.19,25.56,49.85,21.96,60.18,9.9,36.43,26.71,10.15,471.06,0.18,1.72,0.0
3950.0,2024-01-03,16:19:36,3950.0,27.99,24.19,54.54,10.28,470.33,25.56,49.85,10.19,25.56,49.85,21.94,60.27,9.91,36.43,26.72,10.15,470.33,0.18,1.72,0.0
3951.0,2024-01-03,16:19:37,3951.0,27.99,24.19,54.54,10.28,470.04,25.56,49.85,10.19,25.56,49.85,21.94,60.27,9.91,36.43,26.72,10.15,470.04,0.18,1.72,0.0
3952.0,2024-01-03,16:19:38,3952.0,27.99,24.19,54.54,10.28,469.58,25.56,49.85,10.19,25.56,49.85,21.94,60.27,9.91,36.43,26.72,10.15,469.58,0.18,1.72,0.0
3953.0,2024-01-03,16:19:39,3953.0,27.99,24.2,54.53,10.28,469.52,25.56,49.86,10.19,25.56,49.86,21.91,60.48,9.92,36.42,26.74,10.15,469.52,0.18,1.72,0.0
3954.0,2024-01-03,16:19:40,3954.0,27.99,24.2,54.53,10.28,467.45,25.56,49.86,10.19,25.56,49.86,21.91,60.48,9.92,36.42,26.74,10.15,467.45,0.18,1.71,0.0
3955.0,2024-01-03,16:19:41,3955.0,27.99,24.2,54.53,10.28,466.22,25.56,49.86,10.19,25.56,49.86,21.91,60.48,9.92,36.42,26.74,10.15,466.22,0.18,1.7,0.0
3956.0,2024-01-03,16:19:42,3956.0,27.98,24.2,54.53,10.28,468.79,25.56,49.88,10.2,25.56,49.88,21.87,60.68,9.93,36.42,26.74,10.15,468.79,0.18,1.71,0.0
3957.0,2024-01-03,16:19:43,3957.0,27.98,24.2,54.53,10.28,470.96,25.56,49.88,10.2,25.56,49.88,21.87,60.68,9.93,36.42,26.74,10.15,470.96,0.18,1.72,0.0
3958.0,2024-01-03,16:19:44,3958.0,27.98,24.2,54.53,10.28,473.43,25.56,49.88,10.2,25.56,49.88,21.87,60.68,9.93,36.42,26.74,10.15,473.43,0.18,1.73,0.0
3959.0,2024-01-03,16:19:45,3959.0,27.97,24.2,54.54,10.28,474.89,25.55,49.91,10.2,25.55,49.91,21.84,60.81,9.93,36.43,26.74,10.15,474.89,0.19,1.73,0.0
3960.0,2024-01-03,16:19:46,3960.0,27.97,24.2,54.54,10.28,476.02,25.55,49.91,10.2,25.55,49.91,21.84,60.81,9.93,36.43,26.74,10.15,476.02,0.18,1.74,0.0
3961.0,2024-01-03,16:19:47,3961.0,27.97,24.2,54.54,10.28,476.38,25.55,49.91,10.2,25.55,49.91,21.84,60.81,9.93,36.43,26.74,10.15,476.38,0.18,1.74,0.0
3962.0,2024-01-03,16:19:48,3962.0,27.97,24.2,54.52,10.28,476.03,25.55,49.9,10.2,25.55,49.9,21.82,60.93,9.94,36.43,26.74,10.15,476.03,0.19,1.74,0.0
3963.0,2024-01-03,16:19:49,3963.0,27.97,24.2,54.52,10.28,474.94,25.55,49.9,10.2,25.55,49.9,21.82,60.93,9.94,36.43,26.74,10.15,474.94,0.18,1.74,0.0
3964.0,2024-01-03,16:19:50,3964.0,27.97,24.2,54.52,10.28,473.7,25.55,49.9,10.2,25.55,49.9,21.82,60.93,9.94,36.43,26.74,10.15,473.7,0.18,1.73,0.0
3965.0,2024-01-03,16:19:51,3965.0,27.96,24.2,54.51,10.28,473.46,25.55,49.91,10.2,25.55,49.91,21.81,60.98,9.94,36.43,26.75,10.16,473.46,0.18,1.73,0.0
3966.0,2024-01-03,16:19:52,3966.0,27.96,24.2,54.51,10.28,473.29,25.55,49.91,10.2,25.55,49.91,21.81,60.98,9.94,36.43,26.75,10.16,473.29,0.19,1.73,0.0
3967.0,2024-01-03,16:19:53,3967.0,27.96,24.2,54.51,10.28,474.97,25.55,49.91,10.2,25.55,49.91,21.81,60.98,9.94,36.43,26.75,10.16,474.97,0.19,1.74,0.0
3968.0,2024-01-03,16:19:54,3968.0,27.96,24.21,54.49,10.28,474.99,25.56,49.9,10.2,25.56,49.9,21.8,60.99,9.94,36.42,26.76,10.16,474.99,0.19,1.74,0.0
3969.0,2024-01-03,16:19:55,3969.0,27.96,24.21,54.49,10.28,471.88,25.56,49.9,10.2,25.56,49.9,21.8,60.99,9.94,36.42,26.76,10.16,471.88,0.18,1.73,0.0
3970.0,2024-01-03,16:19:56,3970.0,27.96,24.21,54.49,10.28,471.11,25.56,49.9,10.2,25.56,49.9,21.8,60.99,9.94,36.42,26.76,10.16,471.11,0.18,1.72,0.0
3971.0,2024-01-03,16:19:57,3971.0,27.96,24.21,54.5,10.28,471.64,25.56,49.91,10.2,25.56,49.91,21.79,60.98,9.93,36.42,26.76,10.16,471.64,0.19,1.72,0.0
3972.0,2024-01-03,16:19:58,3972.0,27.96,24.21,54.5,10.28,469.59,25.56,49.91,10.2,25.56,49.91,21.79,60.98,9.93,36.42,26.76,10.16,469.59,0.19,1.72,0.0
3973.0,2024-01-03,16:19:59,3973.0,27.97,24.21,54.49,10.28,468.36,25.56,49.91,10.2,25.56,49.91,21.79,60.99,9.93,36.42,26.76,10.16,468.36,0.18,1.71,0.0
3974.0,2024-01-03,16:20:00,3974.0,27.97,24.21,54.49,10.28,468.18,25.56,49.91,10.2,25.56,49.91,21.79,60.99,9.93,36.42,26.76,10.16,468.18,0.18,1.71,0.0
3975.0,2024-01-03,16:20:01,3975.0,27.97,24.21,54.49,10.28,468.52,25.56,49.91,10.2,25.56,49.91,21.79,60.99,9.93,36.42,26.76,10.16,468.52,0.18,1.71,0.0
3976.0,2024-01-03,16:20:02,3976.0,27.97,24.21,54.49,10.28,468.84,25.56,49.91,10.2,25.56,49.91,21.79,60.99,9.93,36.42,26.76,10.16,468.84,0.18,1.71,0.0
3977.0,2024-01-03,16:20:03,3977.0,27.97,24.21,54.51,10.28,472.22,25.55,49.93,10.2,25.55,49.93,21.79,61.02,9.94,36.42,26.75,10.16,472.22,0.18,1.72,0.0
3978.0,2024-01-03,16:20:04,3978.0,27.97,24.21,54.51,10.28,472.86,25.55,49.93,10.2,25.55,49.93,21.79,61.02,9.94,36.42,26.75,10.16,472.86,0.18,1.73,0.0
3979.0,2024-01-03,16:20:05,3979.0,27.97,24.21,54.5,10.28,474.08,25.55,49.95,10.2,25.55,49.95,21.79,61.01,9.94,36.43,26.73,10.15,474.08,0.19,1.73,0.0
3980.0,2024-01-03,16:20:06,3980.0,27.97,24.21,54.5,10.28,475.32,25.55,49.95,10.2,25.55,49.95,21.79,61.01,9.94,36.43,26.73,10.15,475.32,0.19,1.74,0.0
3981.0,2024-01-03,16:20:07,3981.0,27.97,24.21,54.5,10.28,474.8,25.55,49.95,10.2,25.55,49.95,21.79,61.01,9.94,36.43,26.73,10.15,474.8,0.19,1.73,0.0
3982.0,2024-01-03,16:20:08,3982.0,27.97,24.21,54.5,10.28,474.32,25.55,49.95,10.2,25.55,49.95,21.79,61.01,9.94,36.43,26.73,10.15,474.32,0.19,1.73,0.0
3983.0,2024-01-03,16:20:09,3983.0,27.97,24.21,54.5,10.28,471.79,25.55,49.94,10.2,25.55,49.94,21.83,60.84,9.93,36.44,26.71,10.15,471.79,0.19,1.72,0.0
3984.0,2024-01-03,16:20:10,3984.0,27.97,24.21,54.5,10.28,470.94,25.55,49.94,10.2,25.55,49.94,21.83,60.84,9.93,36.44,26.71,10.15,470.94,0.19,1.72,0.0
3985.0,2024-01-03,16:20:11,3985.0,27.97,24.21,54.5,10.28,469.43,25.55,49.94,10.2,25.55,49.94,21.83,60.84,9.93,36.44,26.71,10.15,469.43,0.19,1.71,0.0
3986.0,2024-01-03,16:20:12,3986.0,27.97,24.21,54.51,10.28,469.11,25.55,49.93,10.2,25.55,49.93,21.89,60.47,9.91,36.45,26.71,10.15,469.11,0.18,1.71,0.0
3987.0,2024-01-03,16:20:13,3987.0,27.97,24.21,54.51,10.28,468.81,25.55,49.93,10.2,25.55,49.93,21.89,60.47,9.91,36.45,26.71,10.15,468.81,0.18,1.71,0.0
3988.0,2024-01-03,16:20:14,3988.0,27.97,24.21,54.51,10.28,470.34,25.55,49.93,10.2,25.55,49.93,21.89,60.47,9.91,36.45,26.71,10.15,470.34,0.18,1.72,0.0
3989.0,2024-01-03,16:20:15,3989.0,27.97,24.21,54.52,10.28,471.62,25.55,49.93,10.2,25.55,49.93,21.95,60.2,9.9,36.45,26.7,10.15,471.62,0.18,1.72,0.0
3990.0,2024-01-03,16:20:16,3990.0,27.97,24.21,54.52,10.28,472.01,25.55,49.93,10.2,25.55,49.93,21.95,60.2,9.9,36.45,26.7,10.15,472.01,0.19,1.73,0.0
3991.0,2024-01-03,16:20:17,3991.0,27.97,24.21,54.52,10.28,471.49,25.55,49.93,10.2,25.55,49.93,21.95,60.2,9.9,36.45,26.7,10.15,471.49,0.18,1.72,0.0
3992.0,2024-01-03,16:20:18,3992.0,27.97,24.21,54.52,10.28,469.93,25.56,49.93,10.21,25.56,49.93,21.97,60.14,9.9,36.46,26.7,10.16,469.93,0.18,1.72,0.0
3993.0,2024-01-03,16:20:19,3993.0,27.97,24.21,54.52,10.28,468.85,25.56,49.93,10.21,25.56,49.93,21.97,60.14,9.9,36.46,26.7,10.16,468.85,0.18,1.71,0.0
3994.0,2024-01-03,16:20:20,3994.0,27.97,24.21,54.52,10.28,468.95,25.56,49.93,10.21,25.56,49.93,21.97,60.14,9.9,36.46,26.7,10.16,468.95,0.18,1.71,0.0
3995.0,2024-01-03,16:20:21,3995.0,27.98,24.21,54.53,10.28,469.36,25.56,49.92,10.2,25.56,49.92,21.96,60.25,9.91,36.45,26.72,10.16,469.36,0.18,1.72,0.0
3996.0,2024-01-03,16:20:22,3996.0,27.98,24.21,54.53,10.28,470.28,25.56,49.92,10.2,25.56,49.92,21.96,60.25,9.91,36.45,26.72,10.16,470.28,0.18,1.72,0.0
3997.0,2024-01-03,16:20:23,3997.0,27.98,24.21,54.53,10.28,470.53,25.56,49.92,10.2,25.56,49.92,21.96,60.25,9.91,36.45,26.72,10.16,470.53,0.18,1.72,0.0
3998.0,2024-01-03,16:20:24,3998.0,27.98,24.21,54.55,10.29,468.77,25.56,49.92,10.2,25.56,49.92,21.94,60.41,9.93,36.45,26.73,10.16,468.77,0.18,1.72,0.0
3999.0,2024-01-03,16:20:25,3999.0,27.98,24.21,54.55,10.29,468.06,25.56,49.92,10.2,25.56,49.92,21.94,60.41,9.93,36.45,26.73,10.16,468.06,0.18,1.71,0.0
4000.0,2024-01-03,16:20:26,4000.0,27.98,24.21,54.55,10.29,468.68,25.56,49.92,10.2,25.56,49.92,21.94,60.41,9.93,36.45,26.73,10.16,468.68,0.18,1.72,0.0
4001.0,2024-01-03,16:20:27,4001.0,27.99,24.2,54.56,10.29,469.14,25.56,49.92,10.2,25.56,49.92,21.92,60.6,9.94,36.44,26.74,10.16,469.14,0.18,1.72,0.0
4002.0,2024-01-03,16:20:28,4002.0,27.99,24.2,54.56,10.29,469.89,25.56,49.92,10.2,25.56,49.92,21.92,60.6,9.94,36.44,26.74,10.16,469.89,0.18,1.72,0.0
4003.0,2024-01-03,16:20:29,4003.0,27.99,24.2,54.56,10.29,469.9,25.56,49.92,10.2,25.56,49.92,21.92,60.6,9.94,36.44,26.74,10.16,469.9,0.18,1.72,0.0
4004.0,2024-01-03,16:20:30,4004.0,27.99,24.2,54.54,10.28,469.05,25.56,49.91,10.2,25.56,49.91,21.91,60.7,9.96,36.44,26.73,10.16,469.05,0.18,1.72,0.0
4005.0,2024-01-03,16:20:31,4005.0,27.99,24.2,54.54,10.28,468.85,25.56,49.91,10.2,25.56,49.91,21.91,60.7,9.96,36.44,26.73,10.16,468.85,0.18,1.72,0.0
4006.0,2024-01-03,16:20:32,4006.0,27.98,24.21,54.56,10.29,469.05,25.56,49.9,10.2,25.56,49.9,21.93,60.62,9.96,36.45,26.72,10.16,469.05,0.18,1.72,0.0
4007.0,2024-01-03,16:20:33,4007.0,27.98,24.21,54.56,10.29,468.05,25.56,49.9,10.2,25.56,49.9,21.93,60.62,9.96,36.45,26.72,10.16,468.05,0.18,1.71,0.0
4008.0,2024-01-03,16:20:34,4008.0,27.98,24.21,54.56,10.29,466.75,25.56,49.9,10.2,25.56,49.9,21.93,60.62,9.96,36.45,26.72,10.16,466.75,0.18,1.71,0.0
4009.0,2024-01-03,16:20:35,4009.0,27.98,24.21,54.56,10.29,466.26,25.56,49.9,10.2,25.56,49.9,21.93,60.62,9.96,36.45,26.72,10.16,466.26,0.18,1.71,0.0
4010.0,2024-01-03,16:20:36,4010.0,27.97,24.21,54.55,10.29,471.66,25.57,49.9,10.21,25.57,49.9,21.95,60.53,9.95,36.46,26.71,10.16,471.66,0.18,1.73,0.0
4011.0,2024-01-03,16:20:37,4011.0,27.97,24.21,54.55,10.29,473.01,25.57,49.9,10.21,25.57,49.9,21.95,60.53,9.95,36.46,26.71,10.16,473.01,0.19,1.73,0.0
4012.0,2024-01-03,16:20:38,4012.0,27.97,24.21,54.55,10.29,473.83,25.57,49.9,10.21,25.57,49.9,21.95,60.53,9.95,36.46,26.71,10.16,473.83,0.19,1.74,0.0
4013.0,2024-01-03,16:20:39,4013.0,27.96,24.21,54.55,10.29,473.9,25.56,49.91,10.2,25.56,49.91,21.98,60.42,9.95,36.46,26.71,10.16,473.9,0.19,1.74,0.0
4014.0,2024-01-03,16:20:40,4014.0,27.96,24.21,54.55,10.29,474.72,25.56,49.91,10.2,25.56,49.91,21.98,60.42,9.95,36.46,26.71,10.16,474.72,0.18,1.74,0.0
4015.0,2024-01-03,16:20:41,4015.0,27.96,24.21,54.55,10.29,475.16,25.56,49.91,10.2,25.56,49.91,21.98,60.42,9.95,36.46,26.71,10.16,475.16,0.18,1.74,0.0
4016.0,2024-01-03,16:20:42,4016.0,27.96,24.21,54.56,10.29,475.48,25.56,49.94,10.21,25.56,49.94,22.02,60.19,9.94,36.46,26.7,10.16,475.48,0.18,1.74,0.0
4017.0,2024-01-03,16:20:43,4017.0,27.96,24.21,54.56,10.29,475.58,25.56,49.94,10.21,25.56,49.94,22.02,60.19,9.94,36.46,26.7,10.16,475.58,0.18,1.74,0.0
4018.0,2024-01-03,16:20:44,4018.0,27.96,24.21,54.56,10.29,476.26,25.56,49.94,10.21,25.56,49.94,22.02,60.19,9.94,36.46,26.7,10.16,476.26,0.18,1.74,0.0
4019.0,2024-01-03,16:20:45,4019.0,27.95,24.21,54.56,10.29,477.18,25.55,49.96,10.21,25.55,49.96,22.07,59.89,9.92,36.46,26.7,10.16,477.18,0.19,1.75,0.0
4020.0,2024-01-03,16:20:46,4020.0,27.95,24.21,54.56,10.29,480.03,25.55,49.96,10.21,25.55,49.96,22.07,59.89,9.92,36.46,26.7,10.16,480.03,0.19,1.76,0.0
4021.0,2024-01-03,16:20:47,4021.0,27.95,24.21,54.56,10.29,479.7,25.55,49.96,10.21,25.55,49.96,22.07,59.89,9.92,36.46,26.7,10.16,479.7,0.19,1.76,0.0
4022.0,2024-01-03,16:20:48,4022.0,27.96,24.21,54.54,10.29,479.47,25.56,49.96,10.21,25.56,49.96,22.1,59.69,9.91,36.47,26.7,10.16,479.47,0.19,1.76,0.0
4023.0,2024-01-03,16:20:49,4023.0,27.96,24.21,54.54,10.29,479.29,25.56,49.96,10.21,25.56,49.96,22.1,59.69,9.91,36.47,26.7,10.16,479.29,0.19,1.76,0.0
4024.0,2024-01-03,16:20:50,4024.0,27.96,24.21,54.54,10.29,479.86,25.56,49.96,10.21,25.56,49.96,22.1,59.69,9.91,36.47,26.7,10.16,479.86,0.19,1.76,0.0
4025.0,2024-01-03,16:20:51,4025.0,27.95,24.21,54.54,10.29,480.9,25.56,49.95,10.21,25.56,49.95,22.11,59.65,9.9,36.47,26.7,10.16,480.9,0.19,1.76,0.0
4026.0,2024-01-03,16:20:52,4026.0,27.95,24.21,54.54,10.29,480.01,25.56,49.95,10.21,25.56,49.95,22.11,59.65,9.9,36.47,26.7,10.16,480.01,0.19,1.76,0.0
4027.0,2024-01-03,16:20:53,4027.0,27.95,24.21,54.54,10.29,479.35,25.56,49.95,10.21,25.56,49.95,22.11,59.65,9.9,36.47,26.7,10.16,479.35,0.19,1.76,0.0
4028.0,2024-01-03,16:20:54,4028.0,27.96,24.21,54.55,10.29,476.67,25.56,49.93,10.21,25.56,49.93,22.11,59.62,9.9,36.47,26.71,10.17,476.67,0.19,1.75,0.0
4029.0,2024-01-03,16:20:55,4029.0,27.96,24.21,54.55,10.29,474.77,25.56,49.93,10.21,25.56,49.93,22.11,59.62,9.9,36.47,26.71,10.17,474.77,0.18,1.74,0.0
4030.0,2024-01-03,16:20:56,4030.0,27.96,24.21,54.55,10.29,472.66,25.56,49.93,10.21,25.56,49.93,22.11,59.62,9.9,36.47,26.71,10.17,472.66,0.18,1.73,0.0
4031.0,2024-01-03,16:20:57,4031.0,27.95,24.21,54.55,10.29,475.47,25.57,49.92,10.21,25.57,49.92,22.15,59.39,9.88,36.47,26.72,10.17,475.47,0.19,1.74,0.0
4032.0,2024-01-03,16:20:58,4032.0,27.95,24.21,54.55,10.29,477.15,25.57,49.92,10.21,25.57,49.92,22.15,59.39,9.88,36.47,26.72,10.17,477.15,0.19,1.75,0.0
4033.0,2024-01-03,16:20:59,4033.0,27.95,24.21,54.55,10.29,478.69,25.57,49.92,10.21,25.57,49.92,22.15,59.39,9.88,36.47,26.72,10.17,478.69,0.19,1.75,0.0
4034.0,2024-01-03,16:21:00,4034.0,27.95,24.21,54.54,10.29,477.82,25.57,49.92,10.21,25.57,49.92,22.18,59.19,9.87,36.46,26.75,10.18,477.82,0.19,1.75,0.0
4035.0,2024-01-03,16:21:01,4035.0,27.95,24.21,54.54,10.29,476.91,25.57,49.92,10.21,25.57,49.92,22.18,59.19,9.87,36.46,26.75,10.18,476.91,0.19,1.75,0.0
4036.0,2024-01-03,16:21:02,4036.0,27.95,24.21,54.54,10.29,476.62,25.57,49.92,10.21,25.57,49.92,22.18,59.19,9.87,36.46,26.75,10.18,476.62,0.19,1.75,0.0
4037.0,2024-01-03,16:21:03,4037.0,27.95,24.22,54.55,10.29,477.82,25.57,49.9,10.21,25.57,49.9,22.2,59.11,9.87,36.45,26.77,10.18,477.82,0.19,1.75,0.0
4038.0,2024-01-03,16:21:04,4038.0,27.95,24.22,54.55,10.29,477.82,25.57,49.9,10.21,25.57,49.9,22.2,59.11,9.87,36.45,26.77,10.18,477.82,0.19,1.75,0.0
4039.0,2024-01-03,16:21:05,4039.0,27.96,24.22,54.57,10.3,476.27,25.57,49.92,10.21,25.57,49.92,22.21,59.08,9.87,36.45,26.79,10.19,476.27,0.19,1.75,0.0
4040.0,2024-01-03,16:21:06,4040.0,27.96,24.22,54.57,10.3,475.45,25.57,49.92,10.21,25.57,49.92,22.21,59.08,9.87,36.45,26.79,10.19,475.45,0.18,1.75,0.0
4041.0,2024-01-03,16:21:07,4041.0,27.96,24.22,54.57,10.3,476.73,25.57,49.92,10.21,25.57,49.92,22.21,59.08,9.87,36.45,26.79,10.19,476.73,0.18,1.75,0.0
4042.0,2024-01-03,16:21:08,4042.0,27.96,24.22,54.57,10.3,477.19,25.57,49.92,10.21,25.57,49.92,22.21,59.08,9.87,36.45,26.79,10.19,477.19,0.19,1.75,0.0
4043.0,2024-01-03,16:21:09,4043.0,27.96,24.22,54.58,10.3,476.84,25.57,49.95,10.21,25.57,49.95,22.22,59.12,9.88,36.44,26.81,10.19,476.84,0.18,1.75,0.0
4044.0,2024-01-03,16:21:10,4044.0,27.96,24.22,54.58,10.3,475.86,25.57,49.95,10.21,25.57,49.95,22.22,59.12,9.88,36.44,26.81,10.19,475.86,0.18,1.75,0.0
4045.0,2024-01-03,16:21:11,4045.0,27.96,24.22,54.58,10.3,476.79,25.57,49.95,10.21,25.57,49.95,22.22,59.12,9.88,36.44,26.81,10.19,476.79,0.18,1.75,0.0
4046.0,2024-01-03,16:21:12,4046.0,27.96,24.22,54.58,10.3,479.09,25.56,49.99,10.22,25.56,49.99,22.23,59.12,9.89,36.44,26.81,10.19,479.09,0.19,1.76,0.0
4047.0,2024-01-03,16:21:13,4047.0,27.96,24.22,54.58,10.3,479.83,25.56,49.99,10.22,25.56,49.99,22.23,59.12,9.89,36.44,26.81,10.19,479.83,0.19,1.76,0.0
4048.0,2024-01-03,16:21:14,4048.0,27.96,24.22,54.58,10.3,479.23,25.56,49.99,10.22,25.56,49.99,22.23,59.12,9.89,36.44,26.81,10.19,479.23,0.19,1.76,0.0
4049.0,2024-01-03,16:21:15,4049.0,27.96,24.22,54.61,10.3,478.4,25.55,50.02,10.22,25.55,50.02,22.24,59.17,9.9,36.44,26.8,10.19,478.4,0.18,1.75,0.0
4050.0,2024-01-03,16:21:16,4050.0,27.96,24.22,54.61,10.3,478.12,25.55,50.02,10.22,25.55,50.02,22.24,59.17,9.9,36.44,26.8,10.19,478.12,0.18,1.75,0.0
4051.0,2024-01-03,16:21:17,4051.0,27.96,24.22,54.61,10.3,477.27,25.55,50.02,10.22,25.55,50.02,22.24,59.17,9.9,36.44,26.8,10.19,477.27,0.18,1.75,0.0
4052.0,2024-01-03,16:21:18,4052.0,27.97,24.22,54.6,10.3,476.39,25.55,50.04,10.22,25.55,50.04,22.25,59.16,9.91,36.44,26.78,10.18,476.39,0.18,1.75,0.0
4053.0,2024-01-03,16:21:19,4053.0,27.97,24.22,54.6,10.3,474.08,25.55,50.04,10.22,25.55,50.04,22.25,59.16,9.91,36.44,26.78,10.18,474.08,0.18,1.74,0.0
4054.0,2024-01-03,16:21:20,4054.0,27.97,24.22,54.6,10.3,473.35,25.55,50.04,10.22,25.55,50.04,22.25,59.16,9.91,36.44,26.78,10.18,473.35,0.18,1.73,0.0
4055.0,2024-01-03,16:21:21,4055.0,27.98,24.22,54.58,10.3,469.56,25.55,50.04,10.22,25.55,50.04,22.27,59.07,9.91,36.45,26.77,10.18,469.56,0.18,1.72,0.0
4056.0,2024-01-03,16:21:22,4056.0,27.98,24.22,54.58,10.3,469.03,25.55,50.04,10.22,25.55,50.04,22.27,59.07,9.91,36.45,26.77,10.18,469.03,0.18,1.72,0.0
4057.0,2024-01-03,16:21:23,4057.0,27.98,24.22,54.58,10.3,473.21,25.55,50.04,10.22,25.55,50.04,22.27,59.07,9.91,36.45,26.77,10.18,473.21,0.18,1.73,0.0
4058.0,2024-01-03,16:21:24,4058.0,27.98,24.22,54.59,10.3,473.85,25.55,50.03,10.22,25.55,50.03,22.32,58.85,9.89,36.46,26.75,10.18,473.85,0.18,1.73,0.0
4059.0,2024-01-03,16:21:25,4059.0,27.98,24.22,54.59,10.3,472.95,25.55,50.03,10.22,25.55,50.03,22.32,58.85,9.89,36.46,26.75,10.18,472.95,0.18,1.73,0.0
4060.0,2024-01-03,16:21:26,4060.0,27.98,24.22,54.59,10.3,471.94,25.55,50.03,10.22,25.55,50.03,22.32,58.85,9.89,36.46,26.75,10.18,471.94,0.18,1.73,0.0
4061.0,2024-01-03,16:21:27,4061.0,27.97,24.22,54.59,10.3,471.47,25.56,50.03,10.23,25.56,50.03,22.34,58.7,9.88,36.46,26.74,10.18,471.47,0.18,1.72,0.0
4062.0,2024-01-03,16:21:28,4062.0,27.97,24.22,54.59,10.3,469.41,25.56,50.03,10.23,25.56,50.03,22.34,58.7,9.88,36.46,26.74,10.18,469.41,0.18,1.72,0.0
4063.0,2024-01-03,16:21:29,4063.0,27.97,24.22,54.59,10.3,467.83,25.56,50.03,10.23,25.56,50.03,22.34,58.7,9.88,36.46,26.74,10.18,467.83,0.18,1.71,0.0
4064.0,2024-01-03,16:21:30,4064.0,27.97,24.22,54.57,10.3,469.51,25.56,50.01,10.22,25.56,50.01,22.33,58.78,9.89,36.46,26.74,10.17,469.51,0.18,1.72,0.0
4065.0,2024-01-03,16:21:31,4065.0,27.97,24.22,54.57,10.3,471.07,25.56,50.01,10.22,25.56,50.01,22.33,58.78,9.89,36.46,26.74,10.17,471.07,0.18,1.72,0.0
4066.0,2024-01-03,16:21:32,4066.0,27.98,24.22,54.58,10.3,472.32,25.56,49.99,10.22,25.56,49.99,22.29,58.98,9.9,36.46,26.75,10.18,472.32,0.18,1.73,0.0
4067.0,2024-01-03,16:21:33,4067.0,27.98,24.22,54.58,10.3,472.49,25.56,49.99,10.22,25.56,49.99,22.29,58.98,9.9,36.46,26.75,10.18,472.49,0.18,1.73,0.0
4068.0,2024-01-03,16:21:34,4068.0,27.98,24.22,54.58,10.3,472.54,25.56,49.99,10.22,25.56,49.99,22.29,58.98,9.9,36.46,26.75,10.18,472.54,0.18,1.73,0.0
4069.0,2024-01-03,16:21:35,4069.0,27.98,24.22,54.58,10.3,473.39,25.56,49.99,10.22,25.56,49.99,22.29,58.98,9.9,36.46,26.75,10.18,473.39,0.18,1.73,0.0
4070.0,2024-01-03,16:21:36,4070.0,27.99,24.23,54.57,10.3,474.18,25.57,49.99,10.22,25.57,49.99,22.28,59.04,9.9,36.46,26.76,10.18,474.18,0.18,1.74,0.0
4071.0,2024-01-03,16:21:37,4071.0,27.99,24.23,54.57,10.3,476.04,25.57,49.99,10.22,25.57,49.99,22.28,59.04,9.9,36.46,26.76,10.18,476.04,0.18,1.74,0.0
4072.0,2024-01-03,16:21:38,4072.0,28,24.23,54.57,10.31,477.87,25.57,49.97,10.22,25.57,49.97,22.28,58.97,9.89,36.46,26.77,10.18,477.87,0.19,1.75,0.0
4073.0,2024-01-03,16:21:39,4073.0,28,24.23,54.57,10.31,478.95,25.57,49.97,10.22,25.57,49.97,22.28,58.97,9.89,36.46,26.77,10.18,478.95,0.18,1.75,0.0
4074.0,2024-01-03,16:21:40,4074.0,28,24.23,54.57,10.31,480.03,25.57,49.97,10.22,25.57,49.97,22.28,58.97,9.89,36.46,26.77,10.18,480.03,0.19,1.76,0.0
4075.0,2024-01-03,16:21:41,4075.0,28,24.23,54.57,10.31,477.98,25.57,49.97,10.22,25.57,49.97,22.28,58.97,9.89,36.46,26.77,10.18,477.98,0.18,1.75,0.0
4076.0,2024-01-03,16:21:42,4076.0,28,24.23,54.58,10.31,476.29,25.58,49.94,10.22,25.58,49.94,22.26,59.1,9.9,36.46,26.76,10.18,476.29,0.18,1.74,0.0
4077.0,2024-01-03,16:21:43,4077.0,28,24.23,54.58,10.31,476.05,25.58,49.94,10.22,25.58,49.94,22.26,59.1,9.9,36.46,26.76,10.18,476.05,0.18,1.74,0.0
4078.0,2024-01-03,16:21:44,4078.0,28,24.23,54.58,10.31,477.05,25.58,49.94,10.22,25.58,49.94,22.26,59.1,9.9,36.46,26.76,10.18,477.05,0.19,1.75,0.0
4079.0,2024-01-03,16:21:45,4079.0,28.01,24.23,54.58,10.31,477.37,25.59,49.88,10.22,25.59,49.88,22.23,59.23,9.91,36.47,26.76,10.19,477.37,0.19,1.75,0.0
4080.0,2024-01-03,16:21:46,4080.0,28.01,24.23,54.58,10.31,475.07,25.59,49.88,10.22,25.59,49.88,22.23,59.23,9.91,36.47,26.76,10.19,475.07,0.18,1.74,0.0
4081.0,2024-01-03,16:21:47,4081.0,28.01,24.23,54.58,10.31,474.51,25.59,49.88,10.22,25.59,49.88,22.23,59.23,9.91,36.47,26.76,10.19,474.51,0.18,1.74,0.0
4082.0,2024-01-03,16:21:48,4082.0,28.01,24.23,54.58,10.31,473.05,25.6,49.86,10.22,25.6,49.86,22.21,59.31,9.91,36.47,26.75,10.18,473.05,0.18,1.73,0.0
4083.0,2024-01-03,16:21:49,4083.0,28.01,24.23,54.58,10.31,471.96,25.6,49.86,10.22,25.6,49.86,22.21,59.31,9.91,36.47,26.75,10.18,471.96,0.18,1.73,0.0
4084.0,2024-01-03,16:21:50,4084.0,28.01,24.23,54.58,10.31,470.72,25.6,49.86,10.22,25.6,49.86,22.21,59.31,9.91,36.47,26.75,10.18,470.72,0.18,1.73,0.0
4085.0,2024-01-03,16:21:51,4085.0,28.01,24.23,54.58,10.31,468.81,25.6,49.87,10.22,25.6,49.87,22.19,59.44,9.92,36.47,26.76,10.19,468.81,0.18,1.72,0.0
4086.0,2024-01-03,16:21:52,4086.0,28.01,24.23,54.58,10.31,467.61,25.6,49.87,10.22,25.6,49.87,22.19,59.44,9.92,36.47,26.76,10.19,467.61,0.18,1.71,0.0
4087.0,2024-01-03,16:21:53,4087.0,28.01,24.23,54.58,10.31,467.63,25.6,49.87,10.22,25.6,49.87,22.19,59.44,9.92,36.47,26.76,10.19,467.63,0.18,1.71,0.0
4088.0,2024-01-03,16:21:54,4088.0,28,24.23,54.58,10.31,468.31,25.6,49.85,10.21,25.6,49.85,22.13,59.76,9.94,36.46,26.78,10.19,468.31,0.18,1.72,0.0
4089.0,2024-01-03,16:21:55,4089.0,28,24.23,54.58,10.31,468.84,25.6,49.85,10.21,25.6,49.85,22.13,59.76,9.94,36.46,26.78,10.19,468.84,0.18,1.72,0.0
4090.0,2024-01-03,16:21:56,4090.0,28,24.23,54.58,10.31,469.75,25.6,49.85,10.21,25.6,49.85,22.13,59.76,9.94,36.46,26.78,10.19,469.75,0.18,1.72,0.0
4091.0,2024-01-03,16:21:57,4091.0,28,24.23,54.57,10.31,469.98,25.6,49.83,10.21,25.6,49.83,22.08,60.06,9.95,36.45,26.78,10.19,469.98,0.18,1.72,0.0
4092.0,2024-01-03,16:21:58,4092.0,28,24.23,54.57,10.31,475.19,25.6,49.83,10.21,25.6,49.83,22.08,60.06,9.95,36.45,26.78,10.19,475.19,0.18,1.74,0.0
4093.0,2024-01-03,16:21:59,4093.0,28,24.23,54.57,10.31,477.88,25.6,49.83,10.21,25.6,49.83,22.08,60.06,9.95,36.45,26.78,10.19,477.88,0.18,1.75,0.0
4094.0,2024-01-03,16:22:00,4094.0,28,24.24,54.57,10.31,477.91,25.6,49.83,10.21,25.6,49.83,22.04,60.21,9.96,36.46,26.77,10.18,477.91,0.18,1.75,0.0
4095.0,2024-01-03,16:22:01,4095.0,28,24.24,54.57,10.31,478.17,25.6,49.83,10.21,25.6,49.83,22.04,60.21,9.96,36.46,26.77,10.18,478.17,0.18,1.75,0.0
4096.0,2024-01-03,16:22:02,4096.0,28,24.24,54.57,10.31,478.12,25.6,49.83,10.21,25.6,49.83,22.04,60.21,9.96,36.46,26.77,10.18,478.12,0.18,1.75,0.0
4097.0,2024-01-03,16:22:03,4097.0,27.99,24.24,54.57,10.31,475.67,25.61,49.84,10.22,25.61,49.84,22.02,60.31,9.96,36.46,26.76,10.18,475.67,0.18,1.74,0.0
4098.0,2024-01-03,16:22:04,4098.0,27.99,24.24,54.57,10.31,475.13,25.61,49.84,10.22,25.61,49.84,22.02,60.31,9.96,36.46,26.76,10.18,475.13,0.18,1.74,0.0
4099.0,2024-01-03,16:22:05,4099.0,27.98,24.24,54.56,10.31,477.1,25.61,49.8,10.21,25.61,49.8,21.99,60.46,9.97,36.47,26.75,10.18,477.1,0.18,1.74,0.0
4100.0,2024-01-03,16:22:06,4100.0,27.98,24.24,54.56,10.31,479.83,25.61,49.8,10.21,25.61,49.8,21.99,60.46,9.97,36.47,26.75,10.18,479.83,0.18,1.76,0.0
4101.0,2024-01-03,16:22:07,4101.0,27.98,24.24,54.56,10.31,479.87,25.61,49.8,10.21,25.61,49.8,21.99,60.46,9.97,36.47,26.75,10.18,479.87,0.18,1.76,0.0
4102.0,2024-01-03,16:22:08,4102.0,27.98,24.24,54.56,10.31,478.77,25.61,49.8,10.21,25.61,49.8,21.99,60.46,9.97,36.47,26.75,10.18,478.77,0.18,1.75,0.0
4103.0,2024-01-03,16:22:09,4103.0,27.98,24.24,54.58,10.31,477.86,25.62,49.77,10.21,25.62,49.77,21.96,60.57,9.97,36.46,26.76,10.18,477.86,0.18,1.75,0.0
4104.0,2024-01-03,16:22:10,4104.0,27.98,24.24,54.58,10.31,477.47,25.62,49.77,10.21,25.62,49.77,21.96,60.57,9.97,36.46,26.76,10.18,477.47,0.18,1.75,0.0
4105.0,2024-01-03,16:22:11,4105.0,27.97,24.24,54.58,10.31,476.6,25.62,49.77,10.21,25.62,49.77,21.93,60.68,9.97,36.46,26.77,10.19,476.6,0.18,1.74,0.0
4106.0,2024-01-03,16:22:12,4106.0,27.97,24.24,54.58,10.31,476.38,25.62,49.77,10.21,25.62,49.77,21.93,60.68,9.97,36.46,26.77,10.19,476.38,0.18,1.74,0.0
4107.0,2024-01-03,16:22:13,4107.0,27.97,24.24,54.58,10.31,478.94,25.62,49.77,10.21,25.62,49.77,21.93,60.68,9.97,36.46,26.77,10.19,478.94,0.18,1.75,0.0
4108.0,2024-01-03,16:22:14,4108.0,27.97,24.24,54.58,10.31,479.38,25.62,49.77,10.21,25.62,49.77,21.93,60.68,9.97,36.46,26.77,10.19,479.38,0.18,1.75,0.0
4109.0,2024-01-03,16:22:15,4109.0,27.97,24.24,54.58,10.31,478.19,25.62,49.77,10.21,25.62,49.77,21.92,60.74,9.97,36.46,26.77,10.18,478.19,0.18,1.75,0.0
4110.0,2024-01-03,16:22:16,4110.0,27.97,24.24,54.58,10.31,477.79,25.62,49.77,10.21,25.62,49.77,21.92,60.74,9.97,36.46,26.77,10.18,477.79,0.18,1.75,0.0
4111.0,2024-01-03,16:22:17,4111.0,27.97,24.24,54.58,10.31,480.02,25.62,49.77,10.21,25.62,49.77,21.92,60.74,9.97,36.46,26.77,10.18,480.02,0.18,1.76,0.0
4112.0,2024-01-03,16:22:18,4112.0,27.98,24.24,54.55,10.31,479.76,25.62,49.77,10.21,25.62,49.77,21.92,60.68,9.96,36.47,26.75,10.19,479.76,0.18,1.76,0.0
4113.0,2024-01-03,16:22:19,4113.0,27.98,24.24,54.55,10.31,479.49,25.62,49.77,10.21,25.62,49.77,21.92,60.68,9.96,36.47,26.75,10.19,479.49,0.19,1.76,0.0
4114.0,2024-01-03,16:22:20,4114.0,27.98,24.24,54.55,10.31,479.64,25.62,49.77,10.21,25.62,49.77,21.92,60.68,9.96,36.47,26.75,10.19,479.64,0.19,1.76,0.0
4115.0,2024-01-03,16:22:21,4115.0,27.98,24.23,54.58,10.31,478.48,25.62,49.76,10.21,25.62,49.76,21.93,60.57,9.95,36.47,26.74,10.18,478.48,0.18,1.75,0.0
4116.0,2024-01-03,16:22:22,4116.0,27.98,24.23,54.58,10.31,476.9,25.62,49.76,10.21,25.62,49.76,21.93,60.57,9.95,36.47,26.74,10.18,476.9,0.18,1.75,0.0
4117.0,2024-01-03,16:22:23,4117.0,27.98,24.23,54.58,10.31,474.48,25.62,49.76,10.21,25.62,49.76,21.93,60.57,9.95,36.47,26.74,10.18,474.48,0.18,1.74,0.0
4118.0,2024-01-03,16:22:24,4118.0,27.98,24.24,54.58,10.31,472.7,25.62,49.78,10.21,25.62,49.78,21.95,60.46,9.94,36.48,26.73,10.18,472.7,0.18,1.73,0.0
4119.0,2024-01-03,16:22:25,4119.0,27.98,24.24,54.58,10.31,472.98,25.62,49.78,10.21,25.62,49.78,21.95,60.46,9.94,36.48,26.73,10.18,472.98,0.18,1.73,0.0
4120.0,2024-01-03,16:22:26,4120.0,27.98,24.24,54.58,10.31,472.45,25.62,49.78,10.21,25.62,49.78,21.95,60.46,9.94,36.48,26.73,10.18,472.45,0.18,1.73,0.0
4121.0,2024-01-03,16:22:27,4121.0,27.98,24.24,54.59,10.31,473.05,25.62,49.78,10.22,25.62,49.78,21.98,60.27,9.93,36.48,26.72,10.18,473.05,0.18,1.73,0.0
4122.0,2024-01-03,16:22:28,4122.0,27.98,24.24,54.59,10.31,476.79,25.62,49.78,10.22,25.62,49.78,21.98,60.27,9.93,36.48,26.72,10.18,476.79,0.18,1.74,0.0
4123.0,2024-01-03,16:22:29,4123.0,27.98,24.24,54.59,10.31,478.15,25.62,49.78,10.22,25.62,49.78,21.98,60.27,9.93,36.48,26.72,10.18,478.15,0.19,1.75,0.0
4124.0,2024-01-03,16:22:30,4124.0,27.99,24.23,54.61,10.32,478.97,25.62,49.82,10.22,25.62,49.82,22,60.16,9.92,36.48,26.73,10.18,478.97,0.19,1.75,0.0
4125.0,2024-01-03,16:22:31,4125.0,27.99,24.23,54.61,10.32,478.49,25.62,49.82,10.22,25.62,49.82,22,60.16,9.92,36.48,26.73,10.18,478.49,0.19,1.75,0.0
4126.0,2024-01-03,16:22:32,4126.0,28,24.23,54.61,10.32,476.67,25.61,49.86,10.22,25.61,49.86,22.01,60.07,9.92,36.48,26.74,10.18,476.67,0.18,1.74,0.0
4127.0,2024-01-03,16:22:33,4127.0,28,24.23,54.61,10.32,475.08,25.61,49.86,10.22,25.61,49.86,22.01,60.07,9.92,36.48,26.74,10.18,475.08,0.18,1.74,0.0
4128.0,2024-01-03,16:22:34,4128.0,28,24.23,54.61,10.32,473.27,25.61,49.86,10.22,25.61,49.86,22.01,60.07,9.92,36.48,26.74,10.18,473.27,0.18,1.73,0.0
4129.0,2024-01-03,16:22:35,4129.0,28,24.23,54.61,10.32,472.81,25.61,49.86,10.22,25.61,49.86,22.01,60.07,9.92,36.48,26.74,10.18,472.81,0.18,1.73,0.0
4130.0,2024-01-03,16:22:36,4130.0,28,24.23,54.6,10.32,472.18,25.6,49.9,10.23,25.6,49.9,22.01,60.11,9.92,36.48,26.74,10.18,472.18,0.18,1.73,0.0
4131.0,2024-01-03,16:22:37,4131.0,28,24.23,54.6,10.32,471.08,25.6,49.9,10.23,25.6,49.9,22.01,60.11,9.92,36.48,26.74,10.18,471.08,0.18,1.72,0.0
4132.0,2024-01-03,16:22:38,4132.0,28,24.23,54.6,10.32,470.61,25.6,49.9,10.23,25.6,49.9,22.01,60.11,9.92,36.48,26.74,10.18,470.61,0.18,1.72,0.0
4133.0,2024-01-03,16:22:39,4133.0,28,24.23,54.61,10.32,471.95,25.6,49.9,10.23,25.6,49.9,22,60.17,9.92,36.48,26.74,10.18,471.95,0.18,1.72,0.0
4134.0,2024-01-03,16:22:40,4134.0,28,24.23,54.61,10.32,472.42,25.6,49.9,10.23,25.6,49.9,22,60.17,9.92,36.48,26.74,10.18,472.42,0.18,1.73,0.0
4135.0,2024-01-03,16:22:41,4135.0,28,24.23,54.61,10.32,472.38,25.6,49.9,10.23,25.6,49.9,22,60.17,9.92,36.48,26.74,10.18,472.38,0.18,1.73,0.0
4136.0,2024-01-03,16:22:42,4136.0,28,24.23,54.62,10.32,472.26,25.6,49.92,10.23,25.6,49.92,22,60.21,9.93,36.48,26.74,10.18,472.26,0.18,1.73,0.0
4137.0,2024-01-03,16:22:43,4137.0,28,24.23,54.62,10.32,471.79,25.6,49.92,10.23,25.6,49.92,22,60.21,9.93,36.48,26.74,10.18,471.79,0.18,1.72,0.0
4138.0,2024-01-03,16:22:44,4138.0,28,24.23,54.62,10.32,471.18,25.6,49.92,10.23,25.6,49.92,22,60.21,9.93,36.48,26.74,10.18,471.18,0.18,1.72,0.0
4139.0,2024-01-03,16:22:45,4139.0,27.99,24.23,54.63,10.32,470.86,25.6,49.93,10.23,25.6,49.93,22,60.2,9.93,36.47,26.75,10.18,470.86,0.18,1.72,0.0
4140.0,2024-01-03,16:22:46,4140.0,27.99,24.23,54.63,10.32,470.1,25.6,49.93,10.23,25.6,49.93,22,60.2,9.93,36.47,26.75,10.18,470.1,0.18,1.72,0.0
4141.0,2024-01-03,16:22:47,4141.0,27.99,24.23,54.63,10.32,473.11,25.6,49.93,10.23,25.6,49.93,22,60.2,9.93,36.47,26.75,10.18,473.11,0.18,1.73,0.0
4142.0,2024-01-03,16:22:48,4142.0,28,24.24,54.63,10.32,475.07,25.6,49.9,10.23,25.6,49.9,22.02,60.18,9.94,36.47,26.77,10.19,475.07,0.18,1.74,0.0
4143.0,2024-01-03,16:22:49,4143.0,28,24.24,54.63,10.32,478.29,25.6,49.9,10.23,25.6,49.9,22.02,60.18,9.94,36.47,26.77,10.19,478.29,0.18,1.75,0.0
4144.0,2024-01-03,16:22:50,4144.0,28,24.24,54.63,10.32,479.1,25.6,49.9,10.23,25.6,49.9,22.02,60.18,9.94,36.47,26.77,10.19,479.1,0.19,1.75,0.0
4145.0,2024-01-03,16:22:51,4145.0,27.99,24.24,54.62,10.32,478.62,25.61,49.9,10.23,25.61,49.9,22.03,60.17,9.94,36.45,26.8,10.19,478.62,0.19,1.75,0.0
4146.0,2024-01-03,16:22:52,4146.0,27.99,24.24,54.62,10.32,478.17,25.61,49.9,10.23,25.61,49.9,22.03,60.17,9.94,36.45,26.8,10.19,478.17,0.19,1.75,0.0
4147.0,2024-01-03,16:22:53,4147.0,27.99,24.24,54.64,10.32,478.02,25.61,49.87,10.23,25.61,49.87,22.04,60.12,9.94,36.45,26.82,10.2,478.02,0.19,1.74,0.0
4148.0,2024-01-03,16:22:54,4148.0,27.99,24.24,54.64,10.32,478.31,25.61,49.87,10.23,25.61,49.87,22.04,60.12,9.94,36.45,26.82,10.2,478.31,0.18,1.75,0.0
4149.0,2024-01-03,16:22:55,4149.0,27.99,24.24,54.64,10.32,480.05,25.61,49.87,10.23,25.61,49.87,22.04,60.12,9.94,36.45,26.82,10.2,480.05,0.18,1.75,0.0
4150.0,2024-01-03,16:22:56,4150.0,27.99,24.24,54.64,10.32,480.54,25.61,49.87,10.23,25.61,49.87,22.04,60.12,9.94,36.45,26.82,10.2,480.54,0.19,1.76,0.0
4151.0,2024-01-03,16:22:57,4151.0,27.98,24.23,54.62,10.32,480.48,25.61,49.87,10.23,25.61,49.87,22.06,60.07,9.94,36.44,26.83,10.2,480.48,0.19,1.75,0.0
4152.0,2024-01-03,16:22:58,4152.0,27.98,24.23,54.62,10.32,480.16,25.61,49.87,10.23,25.61,49.87,22.06,60.07,9.94,36.44,26.83,10.2,480.16,0.19,1.75,0.0
4153.0,2024-01-03,16:22:59,4153.0,27.98,24.23,54.62,10.32,480.79,25.61,49.87,10.23,25.61,49.87,22.06,60.07,9.94,36.44,26.83,10.2,480.79,0.19,1.75,0.0
4154.0,2024-01-03,16:23:00,4154.0,27.98,24.24,54.63,10.32,482.06,25.61,49.88,10.23,25.61,49.88,22.11,59.77,9.93,36.44,26.83,10.2,482.06,0.19,1.76,0.0
4155.0,2024-01-03,16:23:01,4155.0,27.98,24.24,54.63,10.32,481.87,25.61,49.88,10.23,25.61,49.88,22.11,59.77,9.93,36.44,26.83,10.2,481.87,0.19,1.76,0.0
4156.0,2024-01-03,16:23:02,4156.0,27.98,24.24,54.63,10.32,481.48,25.61,49.88,10.23,25.61,49.88,22.11,59.77,9.93,36.44,26.83,10.2,481.48,0.19,1.76,0.0
4157.0,2024-01-03,16:23:03,4157.0,27.99,24.24,54.62,10.32,481.09,25.62,49.85,10.23,25.62,49.85,22.18,59.41,9.9,36.44,26.83,10.2,481.09,0.19,1.75,0.0
4158.0,2024-01-03,16:23:04,4158.0,27.99,24.24,54.62,10.32,479.33,25.62,49.85,10.23,25.62,49.85,22.18,59.41,9.9,36.44,26.83,10.2,479.33,0.19,1.75,0.0
4159.0,2024-01-03,16:23:05,4159.0,27.99,24.24,54.62,10.32,478.95,25.62,49.85,10.23,25.62,49.85,22.18,59.41,9.9,36.44,26.83,10.2,478.95,0.19,1.75,0.0
4160.0,2024-01-03,16:23:06,4160.0,28,24.24,54.62,10.32,479.83,25.62,49.85,10.23,25.62,49.85,22.21,59.25,9.9,36.43,26.84,10.2,479.83,0.19,1.75,0.0
4161.0,2024-01-03,16:23:07,4161.0,28,24.24,54.62,10.32,480.97,25.62,49.85,10.23,25.62,49.85,22.21,59.25,9.9,36.43,26.84,10.2,480.97,0.19,1.75,0.0
4162.0,2024-01-03,16:23:08,4162.0,28,24.24,54.62,10.32,479.06,25.62,49.85,10.23,25.62,49.85,22.21,59.25,9.9,36.43,26.84,10.2,479.06,0.19,1.75,0.0
4163.0,2024-01-03,16:23:09,4163.0,28,24.24,54.62,10.32,476.88,25.62,49.87,10.23,25.62,49.87,22.19,59.38,9.91,36.43,26.84,10.2,476.88,0.19,1.74,0.0
4164.0,2024-01-03,16:23:10,4164.0,28,24.24,54.62,10.32,475.08,25.62,49.87,10.23,25.62,49.87,22.19,59.38,9.91,36.43,26.84,10.2,475.08,0.18,1.73,0.0
4165.0,2024-01-03,16:23:11,4165.0,28,24.24,54.62,10.32,475.69,25.62,49.87,10.23,25.62,49.87,22.19,59.38,9.91,36.43,26.84,10.2,475.69,0.19,1.73,0.0
4166.0,2024-01-03,16:23:12,4166.0,28.01,24.24,54.62,10.32,476.99,25.61,49.88,10.23,25.61,49.88,22.17,59.51,9.92,36.43,26.84,10.19,476.99,0.19,1.74,0.0
4167.0,2024-01-03,16:23:13,4167.0,28.01,24.24,54.62,10.32,477.39,25.61,49.88,10.23,25.61,49.88,22.17,59.51,9.92,36.43,26.84,10.19,477.39,0.18,1.74,0.0
4168.0,2024-01-03,16:23:14,4168.0,28.01,24.24,54.62,10.32,477.52,25.61,49.88,10.23,25.61,49.88,22.17,59.51,9.92,36.43,26.84,10.19,477.52,0.18,1.74,0.0
4169.0,2024-01-03,16:23:15,4169.0,28.01,24.24,54.62,10.32,480.09,25.61,49.91,10.23,25.61,49.91,22.17,59.52,9.92,36.43,26.83,10.19,480.09,0.19,1.75,0.0
4170.0,2024-01-03,16:23:16,4170.0,28.01,24.24,54.62,10.32,478.66,25.61,49.91,10.23,25.61,49.91,22.17,59.52,9.92,36.43,26.83,10.19,478.66,0.19,1.74,0.0
4171.0,2024-01-03,16:23:17,4171.0,28.01,24.24,54.62,10.32,474.34,25.61,49.91,10.23,25.61,49.91,22.17,59.52,9.92,36.43,26.83,10.19,474.34,0.19,1.73,0.0
4172.0,2024-01-03,16:23:18,4172.0,28.01,24.24,54.64,10.33,472.24,25.6,49.91,10.23,25.6,49.91,22.12,59.74,9.93,36.43,26.83,10.19,472.24,0.18,1.72,0.0
4173.0,2024-01-03,16:23:19,4173.0,28.01,24.24,54.64,10.33,470.41,25.6,49.91,10.23,25.6,49.91,22.12,59.74,9.93,36.43,26.83,10.19,470.41,0.18,1.71,0.0
4174.0,2024-01-03,16:23:20,4174.0,28.01,24.24,54.64,10.33,469.92,25.6,49.91,10.23,25.6,49.91,22.12,59.74,9.93,36.43,26.83,10.19,469.92,0.18,1.71,0.0
4175.0,2024-01-03,16:23:21,4175.0,28.01,24.24,54.62,10.32,469.35,25.6,49.97,10.24,25.6,49.97,22.07,60.02,9.94,36.43,26.84,10.19,469.35,0.18,1.71,0.0
4176.0,2024-01-03,16:23:22,4176.0,28.01,24.24,54.62,10.32,467.93,25.6,49.97,10.24,25.6,49.97,22.07,60.02,9.94,36.43,26.84,10.19,467.93,0.18,1.7,0.0
4177.0,2024-01-03,16:23:23,4177.0,28.01,24.24,54.62,10.32,467.36,25.6,49.97,10.24,25.6,49.97,22.07,60.02,9.94,36.43,26.84,10.19,467.36,0.18,1.7,0.0
4178.0,2024-01-03,16:23:24,4178.0,28.02,24.25,54.63,10.33,467.58,25.6,49.98,10.24,25.6,49.98,22.02,60.28,9.96,36.42,26.84,10.19,467.58,0.18,1.7,0.0
4179.0,2024-01-03,16:23:25,4179.0,28.02,24.25,54.63,10.33,470.53,25.6,49.98,10.24,25.6,49.98,22.02,60.28,9.96,36.42,26.84,10.19,470.53,0.18,1.71,0.0
4180.0,2024-01-03,16:23:26,4180.0,28.02,24.25,54.63,10.33,473.68,25.6,49.98,10.24,25.6,49.98,22.02,60.28,9.96,36.42,26.84,10.19,473.68,0.18,1.72,0.0
4181.0,2024-01-03,16:23:27,4181.0,28.01,24.25,54.62,10.33,477.73,25.6,49.97,10.24,25.6,49.97,21.98,60.49,9.97,36.42,26.84,10.19,477.73,0.18,1.73,0.0
4182.0,2024-01-03,16:23:28,4182.0,28.01,24.25,54.62,10.33,478.44,25.6,49.97,10.24,25.6,49.97,21.98,60.49,9.97,36.42,26.84,10.19,478.44,0.18,1.74,0.0
4183.0,2024-01-03,16:23:29,4183.0,28.01,24.25,54.62,10.33,478.59,25.6,49.97,10.24,25.6,49.97,21.98,60.49,9.97,36.42,26.84,10.19,478.59,0.18,1.74,0.0
4184.0,2024-01-03,16:23:30,4184.0,28.02,24.25,54.59,10.32,478.77,25.61,49.94,10.24,25.61,49.94,21.96,60.69,9.98,36.42,26.83,10.19,478.77,0.19,1.74,0.0
4185.0,2024-01-03,16:23:31,4185.0,28.02,24.25,54.59,10.32,478.42,25.61,49.94,10.24,25.61,49.94,21.96,60.69,9.98,36.42,26.83,10.19,478.42,0.18,1.74,0.0
4186.0,2024-01-03,16:23:32,4186.0,28.02,24.25,54.59,10.32,478.69,25.61,49.94,10.24,25.61,49.94,21.96,60.69,9.98,36.42,26.83,10.19,478.69,0.18,1.74,0.0
4187.0,2024-01-03,16:23:33,4187.0,28.02,24.25,54.59,10.32,479.12,25.61,49.94,10.24,25.61,49.94,21.96,60.66,9.98,36.42,26.82,10.19,479.12,0.19,1.74,0.0
4188.0,2024-01-03,16:23:34,4188.0,28.02,24.25,54.59,10.32,481.16,25.61,49.94,10.24,25.61,49.94,21.96,60.66,9.98,36.42,26.82,10.19,481.16,0.19,1.75,0.0
4189.0,2024-01-03,16:23:35,4189.0,28.02,24.25,54.59,10.32,480.81,25.61,49.94,10.24,25.61,49.94,21.96,60.66,9.98,36.42,26.82,10.19,480.81,0.19,1.74,0.0
4190.0,2024-01-03,16:23:36,4190.0,28.02,24.25,54.58,10.32,478.96,25.6,49.96,10.24,25.6,49.96,21.97,60.62,9.98,36.43,26.81,10.18,478.96,0.19,1.74,0.0
4191.0,2024-01-03,16:23:37,4191.0,28.02,24.25,54.58,10.32,478.09,25.6,49.96,10.24,25.6,49.96,21.97,60.62,9.98,36.43,26.81,10.18,478.09,0.19,1.73,0.0
4192.0,2024-01-03,16:23:38,4192.0,28.03,24.25,54.58,10.32,477.46,25.6,49.97,10.24,25.6,49.97,21.97,60.61,9.98,36.44,26.8,10.18,477.46,0.19,1.73,0.0
4193.0,2024-01-03,16:23:39,4193.0,28.03,24.25,54.58,10.32,476.37,25.6,49.97,10.24,25.6,49.97,21.97,60.61,9.98,36.44,26.8,10.18,476.37,0.19,1.73,0.0
4194.0,2024-01-03,16:23:40,4194.0,28.03,24.25,54.58,10.32,475.73,25.6,49.97,10.24,25.6,49.97,21.97,60.61,9.98,36.44,26.8,10.18,475.73,0.18,1.73,0.0
4195.0,2024-01-03,16:23:41,4195.0,28.03,24.25,54.58,10.32,475.37,25.6,49.97,10.24,25.6,49.97,21.97,60.61,9.98,36.44,26.8,10.18,475.37,0.18,1.72,0.0
4196.0,2024-01-03,16:23:42,4196.0,28.03,24.26,54.58,10.33,472.19,25.6,49.96,10.24,25.6,49.96,21.96,60.68,9.99,36.45,26.79,10.19,472.19,0.18,1.72,0.0
4197.0,2024-01-03,16:23:43,4197.0,28.03,24.26,54.58,10.33,470.41,25.6,49.96,10.24,25.6,49.96,21.96,60.68,9.99,36.45,26.79,10.19,470.41,0.18,1.71,0.0
4198.0,2024-01-03,16:23:44,4198.0,28,24.26,54.6,10.33,469.87,25.6,49.97,10.24,25.6,49.97,21.93,60.84,10,36.44,26.79,10.18,469.87,0.18,1.71,0.0
4199.0,2024-01-03,16:23:45,4199.0,28,24.26,54.6,10.33,469.79,25.6,49.97,10.24,25.6,49.97,21.93,60.84,10,36.44,26.79,10.18,469.79,0.18,1.71,0.0
4200.0,2024-01-03,16:23:46,4200.0,28,24.26,54.6,10.33,467.93,25.6,49.97,10.24,25.6,49.97,21.93,60.84,10,36.44,26.79,10.18,467.93,0.18,1.7,0.0
4201.0,2024-01-03,16:23:47,4201.0,28,24.26,54.6,10.33,466.44,25.6,49.97,10.24,25.6,49.97,21.93,60.84,10,36.44,26.79,10.18,466.44,0.18,1.69,0.0
4202.0,2024-01-03,16:23:48,4202.0,27.92,24.26,54.58,10.33,467.47,25.6,49.98,10.24,25.6,49.98,21.9,61.04,10.01,36.45,26.77,10.18,467.47,0.18,1.7,0.0
4203.0,2024-01-03,16:23:49,4203.0,27.92,24.26,54.58,10.33,469.35,25.6,49.98,10.24,25.6,49.98,21.9,61.04,10.01,36.45,26.77,10.18,469.35,0.18,1.7,0.0
4204.0,2024-01-03,16:23:50,4204.0,27.92,24.26,54.58,10.33,473.01,25.6,49.98,10.24,25.6,49.98,21.9,61.04,10.01,36.45,26.77,10.18,473.01,0.18,1.72,0.0
4205.0,2024-01-03,16:23:51,4205.0,27.8,24.26,54.6,10.33,473.64,25.6,50.02,10.25,25.6,50.02,21.88,61.1,10.01,36.44,26.84,10.2,473.64,0.18,1.72,0.0
4206.0,2024-01-03,16:23:52,4206.0,27.8,24.26,54.6,10.33,475.67,25.6,50.02,10.25,25.6,50.02,21.88,61.1,10.01,36.44,26.84,10.2,475.67,0.18,1.73,0.0
4207.0,2024-01-03,16:23:53,4207.0,27.8,24.26,54.6,10.33,477.21,25.6,50.02,10.25,25.6,50.02,21.88,61.1,10.01,36.44,26.84,10.2,477.21,0.18,1.74,0.0
4208.0,2024-01-03,16:23:54,4208.0,27.58,24.26,54.64,10.34,480.17,25.59,50.07,10.26,25.59,50.07,21.9,60.96,10,36.44,26.88,10.22,480.17,0.18,1.75,0.0
4209.0,2024-01-03,16:23:55,4209.0,27.58,24.26,54.64,10.34,480.59,25.59,50.07,10.26,25.59,50.07,21.9,60.96,10,36.44,26.88,10.22,480.59,0.18,1.75,0.0
4210.0,2024-01-03,16:23:56,4210.0,27.58,24.26,54.64,10.34,479.55,25.59,50.07,10.26,25.59,50.07,21.9,60.96,10,36.44,26.88,10.22,479.55,0.18,1.75,0.0
4211.0,2024-01-03,16:23:57,4211.0,27.22,24.25,54.68,10.34,479.97,25.58,50.15,10.27,25.58,50.15,21.93,60.75,9.98,36.43,26.95,10.24,479.97,0.19,1.76,0.0
4212.0,2024-01-03,16:23:58,4212.0,27.22,24.25,54.68,10.34,480.05,25.58,50.15,10.27,25.58,50.15,21.93,60.75,9.98,36.43,26.95,10.24,480.05,0.19,1.76,0.0
4213.0,2024-01-03,16:23:59,4213.0,27.22,24.25,54.68,10.34,480.08,25.58,50.15,10.27,25.58,50.15,21.93,60.75,9.98,36.43,26.95,10.24,480.08,0.19,1.76,0.0
4214.0,2024-01-03,16:24:00,4214.0,26.77,24.25,54.74,10.35,479,25.57,50.24,10.28,25.57,50.24,21.97,60.53,9.96,36.44,27.01,10.27,479,0.18,1.76,0.0
4215.0,2024-01-03,16:24:01,4215.0,26.77,24.25,54.74,10.35,476.15,25.57,50.24,10.28,25.57,50.24,21.97,60.53,9.96,36.44,27.01,10.27,476.15,0.18,1.75,0.0
4216.0,2024-01-03,16:24:02,4216.0,26.77,24.25,54.74,10.35,475.61,25.57,50.24,10.28,25.57,50.24,21.97,60.53,9.96,36.44,27.01,10.27,475.61,0.18,1.75,0.0
4217.0,2024-01-03,16:24:03,4217.0,26.18,24.25,54.86,10.37,474.92,25.56,50.34,10.29,25.56,50.34,22.01,60.3,9.95,36.43,27.1,10.3,474.92,0.18,1.75,0.0
4218.0,2024-01-03,16:24:04,4218.0,26.18,24.25,54.86,10.37,474.94,25.56,50.34,10.29,25.56,50.34,22.01,60.3,9.95,36.43,27.1,10.3,474.94,0.18,1.75,0.0
4219.0,2024-01-03,16:24:05,4219.0,25.52,24.24,55.03,10.4,474.57,25.55,50.43,10.31,25.55,50.43,22.04,60.13,9.94,36.43,27.19,10.33,474.57,0.18,1.75,0.0
4220.0,2024-01-03,16:24:06,4220.0,25.52,24.24,55.03,10.4,474.13,25.55,50.43,10.31,25.55,50.43,22.04,60.13,9.94,36.43,27.19,10.33,474.13,0.17,1.76,0.0
4221.0,2024-01-03,16:24:07,4221.0,25.52,24.24,55.03,10.4,471.88,25.55,50.43,10.31,25.55,50.43,22.04,60.13,9.94,36.43,27.19,10.33,471.88,0.17,1.75,0.0
4222.0,2024-01-03,16:24:08,4222.0,25.52,24.24,55.03,10.4,469.91,25.55,50.43,10.31,25.55,50.43,22.04,60.13,9.94,36.43,27.19,10.33,469.91,0.17,1.74,0.0
4223.0,2024-01-03,16:24:09,4223.0,24.94,24.23,55.16,10.42,468.22,25.55,50.52,10.32,25.55,50.52,22.06,60.03,9.94,36.43,27.27,10.36,468.22,0.17,1.74,0.0
4224.0,2024-01-03,16:24:10,4224.0,24.94,24.23,55.16,10.42,468.23,25.55,50.52,10.32,25.55,50.52,22.06,60.03,9.94,36.43,27.27,10.36,468.23,0.17,1.74,0.0
4225.0,2024-01-03,16:24:11,4225.0,24.4,24.21,55.35,10.44,467.89,25.53,50.69,10.35,25.53,50.69,22.08,59.93,9.94,36.42,27.35,10.39,467.89,0.17,1.74,0.0
4226.0,2024-01-03,16:24:12,4226.0,24.4,24.21,55.35,10.44,470.94,25.53,50.69,10.35,25.53,50.69,22.08,59.93,9.94,36.42,27.35,10.39,470.94,0.17,1.76,0.0
4227.0,2024-01-03,16:24:13,4227.0,24.4,24.21,55.35,10.44,475.59,25.53,50.69,10.35,25.53,50.69,22.08,59.93,9.94,36.42,27.35,10.39,475.59,0.17,1.78,0.0
4228.0,2024-01-03,16:24:14,4228.0,24.4,24.21,55.35,10.44,475.61,25.53,50.69,10.35,25.53,50.69,22.08,59.93,9.94,36.42,27.35,10.39,475.61,0.17,1.78,0.0
4229.0,2024-01-03,16:24:15,4229.0,23.92,24.19,55.54,10.47,474.93,25.5,50.86,10.37,25.5,50.86,22.1,59.84,9.93,36.43,27.43,10.42,474.93,0.17,1.78,0.0
4230.0,2024-01-03,16:24:16,4230.0,23.92,24.19,55.54,10.47,475.65,25.5,50.86,10.37,25.5,50.86,22.1,59.84,9.93,36.43,27.43,10.42,475.65,0.17,1.79,0.0
4231.0,2024-01-03,16:24:17,4231.0,23.53,24.17,55.74,10.49,474.05,25.47,51.09,10.39,25.47,51.09,22.1,59.84,9.93,36.43,27.51,10.45,474.05,0.17,1.78,0.0
4232.0,2024-01-03,16:24:18,4232.0,23.53,24.17,55.74,10.49,473.97,25.47,51.09,10.39,25.47,51.09,22.1,59.84,9.93,36.43,27.51,10.45,473.97,0.17,1.79,0.0
4233.0,2024-01-03,16:24:19,4233.0,23.53,24.17,55.74,10.49,472.49,25.47,51.09,10.39,25.47,51.09,22.1,59.84,9.93,36.43,27.51,10.45,472.49,0.17,1.78,0.0
4234.0,2024-01-03,16:24:20,4234.0,23.53,24.17,55.74,10.49,470.97,25.47,51.09,10.39,25.47,51.09,22.1,59.84,9.93,36.43,27.51,10.45,470.97,0.17,1.77,0.0
4235.0,2024-01-03,16:24:21,4235.0,23.23,24.14,55.97,10.52,471.66,25.44,51.3,10.42,25.44,51.3,22.09,59.85,9.93,36.43,27.57,10.48,471.66,0.17,1.78,0.0
4236.0,2024-01-03,16:24:22,4236.0,23.23,24.14,55.97,10.52,470.81,25.44,51.3,10.42,25.44,51.3,22.09,59.85,9.93,36.43,27.57,10.48,470.81,0.17,1.78,0.0
4237.0,2024-01-03,16:24:23,4237.0,23.23,24.14,55.97,10.52,467.84,25.44,51.3,10.42,25.44,51.3,22.09,59.85,9.93,36.43,27.57,10.48,467.84,0.17,1.77,0.0
4238.0,2024-01-03,16:24:24,4238.0,22.99,24.12,56.19,10.54,468.23,25.41,51.54,10.45,25.41,51.54,22.11,59.76,9.92,36.43,27.64,10.5,468.23,0.17,1.77,0.0
4239.0,2024-01-03,16:24:25,4239.0,22.99,24.12,56.19,10.54,469.44,25.41,51.54,10.45,25.41,51.54,22.11,59.76,9.92,36.43,27.64,10.5,469.44,0.17,1.78,0.0
4240.0,2024-01-03,16:24:26,4240.0,22.99,24.12,56.19,10.54,470.09,25.41,51.54,10.45,25.41,51.54,22.11,59.76,9.92,36.43,27.64,10.5,470.09,0.17,1.78,0.0
4241.0,2024-01-03,16:24:27,4241.0,22.79,24.08,56.44,10.57,471.56,25.37,51.8,10.47,25.37,51.8,22.08,59.95,9.94,36.43,27.69,10.53,471.56,0.17,1.79,0.0
4242.0,2024-01-03,16:24:28,4242.0,22.79,24.08,56.44,10.57,474.56,25.37,51.8,10.47,25.37,51.8,22.08,59.95,9.94,36.43,27.69,10.53,474.56,0.17,1.8,0.0
4243.0,2024-01-03,16:24:29,4243.0,22.79,24.08,56.44,10.57,475.63,25.37,51.8,10.47,25.37,51.8,22.08,59.95,9.94,36.43,27.69,10.53,475.63,0.17,1.81,0.0
4244.0,2024-01-03,16:24:30,4244.0,22.61,24.04,56.66,10.59,477.07,25.32,52.09,10.5,25.32,52.09,22.04,60.24,9.96,36.44,27.74,10.55,477.07,0.17,1.82,0.0
4245.0,2024-01-03,16:24:31,4245.0,22.61,24.04,56.66,10.59,477.86,25.32,52.09,10.5,25.32,52.09,22.04,60.24,9.96,36.44,27.74,10.55,477.86,0.17,1.82,0.0
4246.0,2024-01-03,16:24:32,4246.0,22.44,24,56.91,10.61,478.67,25.26,52.41,10.53,25.26,52.41,22,60.53,9.99,36.44,27.79,10.57,478.67,0.17,1.83,0.0
4247.0,2024-01-03,16:24:33,4247.0,22.44,24,56.91,10.61,477.48,25.26,52.41,10.53,25.26,52.41,22,60.53,9.99,36.44,27.79,10.57,477.48,0.17,1.83,0.0
4248.0,2024-01-03,16:24:34,4248.0,22.44,24,56.91,10.61,475.8,25.26,52.41,10.53,25.26,52.41,22,60.53,9.99,36.44,27.79,10.57,475.8,0.17,1.82,0.0
4249.0,2024-01-03,16:24:35,4249.0,22.44,24,56.91,10.61,473.2,25.26,52.41,10.53,25.26,52.41,22,60.53,9.99,36.44,27.79,10.57,473.2,0.17,1.81,0.0
4250.0,2024-01-03,16:24:36,4250.0,22.29,23.96,57.17,10.63,470.2,25.22,52.68,10.56,25.22,52.68,22,60.63,10,36.43,27.84,10.58,470.2,0.17,1.8,0.0
4251.0,2024-01-03,16:24:37,4251.0,22.29,23.96,57.17,10.63,469.77,25.22,52.68,10.56,25.22,52.68,22,60.63,10,36.43,27.84,10.58,469.77,0.17,1.8,0.0
4252.0,2024-01-03,16:24:38,4252.0,22.16,23.91,57.42,10.65,469.51,25.17,52.94,10.58,25.17,52.94,21.98,60.78,10.01,36.43,27.89,10.6,469.51,0.17,1.8,0.0
4253.0,2024-01-03,16:24:39,4253.0,22.16,23.91,57.42,10.65,470.96,25.17,52.94,10.58,25.17,52.94,21.98,60.78,10.01,36.43,27.89,10.6,470.96,0.17,1.81,0.0
4254.0,2024-01-03,16:24:40,4254.0,22.16,23.91,57.42,10.65,472.13,25.17,52.94,10.58,25.17,52.94,21.98,60.78,10.01,36.43,27.89,10.6,472.13,0.17,1.81,0.0
4255.0,2024-01-03,16:24:41,4255.0,22.16,23.91,57.42,10.65,472.27,25.17,52.94,10.58,25.17,52.94,21.98,60.78,10.01,36.43,27.89,10.6,472.27,0.17,1.82,0.0
4256.0,2024-01-03,16:24:42,4256.0,22.05,23.87,57.65,10.66,470.87,25.11,53.23,10.6,25.11,53.23,21.96,60.95,10.03,36.43,27.92,10.61,470.87,0.18,1.81,0.0
4257.0,2024-01-03,16:24:43,4257.0,22.05,23.87,57.65,10.66,470.25,25.11,53.23,10.6,25.11,53.23,21.96,60.95,10.03,36.43,27.92,10.61,470.25,0.18,1.81,0.0
4258.0,2024-01-03,16:24:44,4258.0,21.95,23.82,57.9,10.67,467.6,25.06,53.54,10.63,25.06,53.54,21.95,61.07,10.05,36.42,27.95,10.62,467.6,0.18,1.8,0.0
4259.0,2024-01-03,16:24:45,4259.0,21.95,23.82,57.9,10.67,466.11,25.06,53.54,10.63,25.06,53.54,21.95,61.07,10.05,36.42,27.95,10.62,466.11,0.18,1.8,0.0
4260.0,2024-01-03,16:24:46,4260.0,21.95,23.82,57.9,10.67,465.61,25.06,53.54,10.63,25.06,53.54,21.95,61.07,10.05,36.42,27.95,10.62,465.61,0.18,1.8,0.0
4261.0,2024-01-03,16:24:47,4261.0,21.95,23.82,57.9,10.67,466.46,25.06,53.54,10.63,25.06,53.54,21.95,61.07,10.05,36.42,27.95,10.62,466.46,0.18,1.8,0.0
4262.0,2024-01-03,16:24:48,4262.0,21.83,23.77,58.14,10.69,466.56,24.99,53.84,10.65,24.99,53.84,21.96,61.05,10.05,36.42,27.99,10.63,466.56,0.18,1.8,0.0
4263.0,2024-01-03,16:24:49,4263.0,21.83,23.77,58.14,10.69,468.83,24.99,53.84,10.65,24.99,53.84,21.96,61.05,10.05,36.42,27.99,10.63,468.83,0.18,1.81,0.0
4264.0,2024-01-03,16:24:50,4264.0,21.83,23.77,58.14,10.69,468.51,24.99,53.84,10.65,24.99,53.84,21.96,61.05,10.05,36.42,27.99,10.63,468.51,0.18,1.81,0.0
4265.0,2024-01-03,16:24:51,4265.0,21.73,23.72,58.38,10.7,467.8,24.93,54.15,10.67,24.93,54.15,21.99,60.96,10.05,36.42,28.01,10.64,467.8,0.18,1.81,0.0
4266.0,2024-01-03,16:24:52,4266.0,21.73,23.72,58.38,10.7,468.03,24.93,54.15,10.67,24.93,54.15,21.99,60.96,10.05,36.42,28.01,10.64,468.03,0.18,1.81,0.0
4267.0,2024-01-03,16:24:53,4267.0,21.65,23.66,58.6,10.7,468.47,24.87,54.46,10.69,24.87,54.46,22.02,60.77,10.04,36.41,28.04,10.65,468.47,0.18,1.82,0.0
4268.0,2024-01-03,16:24:54,4268.0,21.65,23.66,58.6,10.7,468.21,24.87,54.46,10.69,24.87,54.46,22.02,60.77,10.04,36.41,28.04,10.65,468.21,0.19,1.82,0.0
4269.0,2024-01-03,16:24:55,4269.0,21.65,23.66,58.6,10.7,467.94,24.87,54.46,10.69,24.87,54.46,22.02,60.77,10.04,36.41,28.04,10.65,467.94,0.19,1.82,0.0
4270.0,2024-01-03,16:24:56,4270.0,21.65,23.66,58.6,10.7,467.73,24.87,54.46,10.69,24.87,54.46,22.02,60.77,10.04,36.41,28.04,10.65,467.73,0.19,1.82,0.0
4271.0,2024-01-03,16:24:57,4271.0,21.6,23.61,58.83,10.71,467.69,24.8,54.76,10.71,24.8,54.76,22.05,60.6,10.03,36.4,28.07,10.65,467.69,0.19,1.82,0.0
4272.0,2024-01-03,16:24:58,4272.0,21.6,23.61,58.83,10.71,467.95,24.8,54.76,10.71,24.8,54.76,22.05,60.6,10.03,36.4,28.07,10.65,467.95,0.19,1.82,0.0
4273.0,2024-01-03,16:24:59,4273.0,21.55,23.56,59.06,10.72,469.94,24.74,55.07,10.73,24.74,55.07,22.08,60.43,10.02,36.4,28.08,10.65,469.94,0.19,1.83,0.0
4274.0,2024-01-03,16:25:00,4274.0,21.55,23.56,59.06,10.72,470.91,24.74,55.07,10.73,24.74,55.07,22.08,60.43,10.02,36.4,28.08,10.65,470.91,0.19,1.84,0.0
4275.0,2024-01-03,16:25:01,4275.0,21.55,23.56,59.06,10.72,473.01,24.74,55.07,10.73,24.74,55.07,22.08,60.43,10.02,36.4,28.08,10.65,473.01,0.19,1.84,0.0
4276.0,2024-01-03,16:25:02,4276.0,21.55,23.56,59.06,10.72,474.15,24.74,55.07,10.73,24.74,55.07,22.08,60.43,10.02,36.4,28.08,10.65,474.15,0.19,1.85,0.0
4277.0,2024-01-03,16:25:03,4277.0,21.51,23.51,59.29,10.73,473.33,24.67,55.35,10.74,24.67,55.35,22.11,60.26,10.01,36.4,28.08,10.66,473.33,0.19,1.85,0.0
4278.0,2024-01-03,16:25:04,4278.0,21.51,23.51,59.29,10.73,472.84,24.67,55.35,10.74,24.67,55.35,22.11,60.26,10.01,36.4,28.08,10.66,472.84,0.19,1.85,0.0
4279.0,2024-01-03,16:25:05,4279.0,21.51,23.51,59.29,10.73,470.65,24.67,55.35,10.74,24.67,55.35,22.11,60.26,10.01,36.4,28.08,10.66,470.65,0.19,1.84,0.0
4280.0,2024-01-03,16:25:06,4280.0,21.46,23.45,59.48,10.73,469.83,24.61,55.65,10.76,24.61,55.65,22.12,60.23,10.01,36.4,28.08,10.66,469.83,0.19,1.84,0.0
4281.0,2024-01-03,16:25:07,4281.0,21.46,23.45,59.48,10.73,470.03,24.61,55.65,10.76,24.61,55.65,22.12,60.23,10.01,36.4,28.08,10.66,470.03,0.2,1.84,0.0
4282.0,2024-01-03,16:25:08,4282.0,21.46,23.45,59.48,10.73,468.81,24.61,55.65,10.76,24.61,55.65,22.12,60.23,10.01,36.4,28.08,10.66,468.81,0.2,1.84,0.0
4283.0,2024-01-03,16:25:09,4283.0,21.42,23.41,59.7,10.74,461.93,24.54,55.94,10.77,24.54,55.94,22.1,60.33,10.01,36.4,28.1,10.66,461.93,0.19,1.82,0.0
4284.0,2024-01-03,16:25:10,4284.0,21.42,23.41,59.7,10.74,459.67,24.54,55.94,10.77,24.54,55.94,22.1,60.33,10.01,36.4,28.1,10.66,459.67,0.19,1.81,0.0
4285.0,2024-01-03,16:25:11,4285.0,21.42,23.41,59.7,10.74,460.6,24.54,55.94,10.77,24.54,55.94,22.1,60.33,10.01,36.4,28.1,10.66,460.6,0.19,1.81,0.0
4286.0,2024-01-03,16:25:12,4286.0,21.38,23.36,59.89,10.74,465.85,24.48,56.23,10.79,24.48,56.23,22.09,60.43,10.03,36.39,28.11,10.67,465.85,0.19,1.84,0.0
4287.0,2024-01-03,16:25:13,4287.0,21.38,23.36,59.89,10.74,467.94,24.48,56.23,10.79,24.48,56.23,22.09,60.43,10.03,36.39,28.11,10.67,467.94,0.2,1.85,0.0
4288.0,2024-01-03,16:25:14,4288.0,21.38,23.36,59.89,10.74,473.77,24.48,56.23,10.79,24.48,56.23,22.09,60.43,10.03,36.39,28.11,10.67,473.77,0.2,1.87,0.0
4289.0,2024-01-03,16:25:15,4289.0,21.36,23.32,60.05,10.74,475.19,24.41,56.52,10.8,24.41,56.52,22.1,60.4,10.02,36.39,28.12,10.67,475.19,0.2,1.88,0.0
4290.0,2024-01-03,16:25:16,4290.0,21.36,23.32,60.05,10.74,476.22,24.41,56.52,10.8,24.41,56.52,22.1,60.4,10.02,36.39,28.12,10.67,476.22,0.2,1.89,0.0
4291.0,2024-01-03,16:25:17,4291.0,21.36,23.32,60.05,10.74,477.39,24.41,56.52,10.8,24.41,56.52,22.1,60.4,10.02,36.39,28.12,10.67,477.39,0.2,1.89,0.0
4292.0,2024-01-03,16:25:18,4292.0,21.33,23.27,60.25,10.75,478.17,24.34,56.8,10.81,24.34,56.8,22.13,60.21,10.01,36.39,28.14,10.67,478.17,0.2,1.9,0.0
4293.0,2024-01-03,16:25:19,4293.0,21.33,23.27,60.25,10.75,477.22,24.34,56.8,10.81,24.34,56.8,22.13,60.21,10.01,36.39,28.14,10.67,477.22,0.2,1.9,0.0
4294.0,2024-01-03,16:25:20,4294.0,21.29,23.23,60.41,10.75,478.06,24.28,57.08,10.82,24.28,57.08,22.16,60.03,10,36.39,28.14,10.67,478.06,0.2,1.9,0.0
4295.0,2024-01-03,16:25:21,4295.0,21.29,23.23,60.41,10.75,479.09,24.28,57.08,10.82,24.28,57.08,22.16,60.03,10,36.39,28.14,10.67,479.09,0.2,1.91,0.0
4296.0,2024-01-03,16:25:22,4296.0,21.29,23.23,60.41,10.75,481.38,24.28,57.08,10.82,24.28,57.08,22.16,60.03,10,36.39,28.14,10.67,481.38,0.2,1.92,0.0
4297.0,2024-01-03,16:25:23,4297.0,21.29,23.23,60.41,10.75,482.36,24.28,57.08,10.82,24.28,57.08,22.16,60.03,10,36.39,28.14,10.67,482.36,0.2,1.92,0.0
4298.0,2024-01-03,16:25:24,4298.0,21.26,23.2,60.55,10.75,480.58,24.22,57.33,10.83,24.22,57.33,22.15,60.07,10,36.39,28.15,10.68,480.58,0.2,1.93,0.0
4299.0,2024-01-03,16:25:25,4299.0,21.26,23.2,60.55,10.75,478.13,24.22,57.33,10.83,24.22,57.33,22.15,60.07,10,36.39,28.15,10.68,478.13,0.2,1.92,0.0
4300.0,2024-01-03,16:25:26,4300.0,21.22,23.16,60.68,10.75,471.98,24.16,57.63,10.85,24.16,57.63,22.13,60.21,10.01,36.39,28.16,10.68,471.98,0.19,1.89,0.0
4301.0,2024-01-03,16:25:27,4301.0,21.22,23.16,60.68,10.75,471.32,24.16,57.63,10.85,24.16,57.63,22.13,60.21,10.01,36.39,28.16,10.68,471.32,0.2,1.89,0.0
4302.0,2024-01-03,16:25:28,4302.0,21.22,23.16,60.68,10.75,475.59,24.16,57.63,10.85,24.16,57.63,22.13,60.21,10.01,36.39,28.16,10.68,475.59,0.2,1.91,0.0
4303.0,2024-01-03,16:25:29,4303.0,21.22,23.16,60.68,10.75,477.07,24.16,57.63,10.85,24.16,57.63,22.13,60.21,10.01,36.39,28.16,10.68,477.07,0.2,1.92,0.0
4304.0,2024-01-03,16:25:30,4304.0,21.18,23.13,60.8,10.75,480.08,24.1,57.88,10.85,24.1,57.88,22.14,60.13,10,36.39,28.15,10.68,480.08,0.2,1.93,0.0
4305.0,2024-01-03,16:25:31,4305.0,21.18,23.13,60.8,10.75,481.22,24.1,57.88,10.85,24.1,57.88,22.14,60.13,10,36.39,28.15,10.68,481.22,0.2,1.94,0.0
4306.0,2024-01-03,16:25:32,4306.0,21.18,23.13,60.8,10.75,481.55,24.1,57.88,10.85,24.1,57.88,22.14,60.13,10,36.39,28.15,10.68,481.55,0.2,1.94,0.0
4307.0,2024-01-03,16:25:33,4307.0,21.14,23.1,60.91,10.75,481.18,24.04,58.13,10.86,24.04,58.13,22.15,60.05,9.99,36.4,28.15,10.68,481.18,0.2,1.95,0.0
4308.0,2024-01-03,16:25:34,4308.0,21.14,23.1,60.91,10.75,479.25,24.04,58.13,10.86,24.04,58.13,22.15,60.05,9.99,36.4,28.15,10.68,479.25,0.2,1.94,0.0
4309.0,2024-01-03,16:25:35,4309.0,21.14,23.1,60.91,10.75,476.34,24.04,58.13,10.86,24.04,58.13,22.15,60.05,9.99,36.4,28.15,10.68,476.34,0.2,1.93,0.0
4310.0,2024-01-03,16:25:36,4310.0,21.11,23.07,61.05,10.76,475.52,23.98,58.38,10.87,23.98,58.38,22.14,60.03,9.99,36.41,28.13,10.68,475.52,0.2,1.93,0.0
4311.0,2024-01-03,16:25:37,4311.0,21.11,23.07,61.05,10.76,474.76,23.98,58.38,10.87,23.98,58.38,22.14,60.03,9.99,36.41,28.13,10.68,474.76,0.19,1.93,0.0
4312.0,2024-01-03,16:25:38,4312.0,21.11,23.07,61.05,10.76,473.91,23.98,58.38,10.87,23.98,58.38,22.14,60.03,9.99,36.41,28.13,10.68,473.91,0.19,1.92,0.0
4313.0,2024-01-03,16:25:39,4313.0,21.1,23.04,61.16,10.76,474.25,23.93,58.62,10.88,23.93,58.62,22.12,60.12,9.99,36.41,28.13,10.69,474.25,0.19,1.93,0.0
4314.0,2024-01-03,16:25:40,4314.0,21.1,23.04,61.16,10.76,476.4,23.93,58.62,10.88,23.93,58.62,22.12,60.12,9.99,36.41,28.13,10.69,476.4,0.2,1.94,0.0
4315.0,2024-01-03,16:25:41,4315.0,21.1,23.04,61.16,10.76,478.14,23.93,58.62,10.88,23.93,58.62,22.12,60.12,9.99,36.41,28.13,10.69,478.14,0.2,1.95,0.0
4316.0,2024-01-03,16:25:42,4316.0,21.1,23.01,61.28,10.76,478.45,23.88,58.84,10.89,23.88,58.84,22.09,60.25,9.99,36.42,28.14,10.69,478.45,0.19,1.96,0.0
4317.0,2024-01-03,16:25:43,4317.0,21.1,23.01,61.28,10.76,478.42,23.88,58.84,10.89,23.88,58.84,22.09,60.25,9.99,36.42,28.14,10.69,478.42,0.19,1.96,0.0
4318.0,2024-01-03,16:25:44,4318.0,21.1,23.01,61.28,10.76,478.12,23.88,58.84,10.89,23.88,58.84,22.09,60.25,9.99,36.42,28.14,10.69,478.12,0.19,1.95,0.0
4319.0,2024-01-03,16:25:45,4319.0,21.1,22.98,61.37,10.76,475.29,23.83,59.08,10.9,23.83,59.08,22.06,60.36,9.99,36.42,28.14,10.69,475.29,0.19,1.95,0.0
4320.0,2024-01-03,16:25:46,4320.0,21.1,22.98,61.37,10.76,474.59,23.83,59.08,10.9,23.83,59.08,22.06,60.36,9.99,36.42,28.14,10.69,474.59,0.19,1.95,0.0
4321.0,2024-01-03,16:25:47,4321.0,21.1,22.98,61.37,10.76,474,23.83,59.08,10.9,23.83,59.08,22.06,60.36,9.99,36.42,28.14,10.69,474,0.19,1.94,0.0
4322.0,2024-01-03,16:25:48,4322.0,21.12,22.96,61.48,10.76,474.04,23.77,59.28,10.9,23.77,59.28,22.04,60.39,9.99,36.42,28.14,10.69,474.04,0.19,1.95,0.0
4323.0,2024-01-03,16:25:49,4323.0,21.12,22.96,61.48,10.76,474.24,23.77,59.28,10.9,23.77,59.28,22.04,60.39,9.99,36.42,28.14,10.69,474.24,0.19,1.95,0.0
4324.0,2024-01-03,16:25:50,4324.0,21.12,22.96,61.48,10.76,474.3,23.77,59.28,10.9,23.77,59.28,22.04,60.39,9.99,36.42,28.14,10.69,474.3,0.19,1.95,0.0
4325.0,2024-01-03,16:25:51,4325.0,21.14,22.93,61.56,10.76,472.31,23.72,59.52,10.91,23.72,59.52,22.04,60.39,9.98,36.43,28.14,10.69,472.31,0.19,1.95,0.0
4326.0,2024-01-03,16:25:52,4326.0,21.14,22.93,61.56,10.76,471.83,23.72,59.52,10.91,23.72,59.52,22.04,60.39,9.98,36.43,28.14,10.69,471.83,0.19,1.95,0.0
4327.0,2024-01-03,16:25:53,4327.0,21.14,22.93,61.56,10.76,471.4,23.72,59.52,10.91,23.72,59.52,22.04,60.39,9.98,36.43,28.14,10.69,471.4,0.19,1.95,0.0
4328.0,2024-01-03,16:25:54,4328.0,21.16,22.91,61.66,10.76,473.21,23.68,59.71,10.92,23.68,59.71,22.05,60.23,9.97,36.43,28.15,10.7,473.21,0.19,1.96,0.0
4329.0,2024-01-03,16:25:55,4329.0,21.16,22.91,61.66,10.76,476.24,23.68,59.71,10.92,23.68,59.71,22.05,60.23,9.97,36.43,28.15,10.7,476.24,0.19,1.97,0.0
4330.0,2024-01-03,16:25:56,4330.0,21.16,22.91,61.66,10.76,475.03,23.68,59.71,10.92,23.68,59.71,22.05,60.23,9.97,36.43,28.15,10.7,475.03,0.19,1.97,0.0
4331.0,2024-01-03,16:25:57,4331.0,21.16,22.88,61.75,10.76,473.92,23.63,59.92,10.93,23.63,59.92,22.06,60.22,9.97,36.43,28.16,10.7,473.92,0.19,1.97,0.0
4332.0,2024-01-03,16:25:58,4332.0,21.16,22.88,61.75,10.76,473.89,23.63,59.92,10.93,23.63,59.92,22.06,60.22,9.97,36.43,28.16,10.7,473.89,0.19,1.97,0.0
4333.0,2024-01-03,16:25:59,4333.0,21.16,22.88,61.75,10.76,474.27,23.63,59.92,10.93,23.63,59.92,22.06,60.22,9.97,36.43,28.16,10.7,474.27,0.19,1.97,0.0
4334.0,2024-01-03,16:26:00,4334.0,21.17,22.86,61.85,10.76,473.72,23.58,60.14,10.93,23.58,60.14,22.07,60.19,9.97,36.42,28.17,10.7,473.72,0.18,1.98,0.0
4335.0,2024-01-03,16:26:01,4335.0,21.17,22.86,61.85,10.76,472.51,23.58,60.14,10.93,23.58,60.14,22.07,60.19,9.97,36.42,28.17,10.7,472.51,0.18,1.97,0.0
4336.0,2024-01-03,16:26:02,4336.0,21.17,22.86,61.85,10.76,474.61,23.58,60.14,10.93,23.58,60.14,22.07,60.19,9.97,36.42,28.17,10.7,474.61,0.18,1.98,0.0
4337.0,2024-01-03,16:26:03,4337.0,21.18,22.84,61.93,10.76,477.67,23.54,60.32,10.94,23.54,60.32,22.05,60.27,9.97,36.42,28.18,10.71,477.67,0.18,2.0,0.0
4338.0,2024-01-03,16:26:04,4338.0,21.18,22.84,61.93,10.76,479.82,23.54,60.32,10.94,23.54,60.32,22.05,60.27,9.97,36.42,28.18,10.71,479.82,0.18,2.01,0.0
4339.0,2024-01-03,16:26:05,4339.0,21.18,22.84,61.93,10.76,479.14,23.54,60.32,10.94,23.54,60.32,22.05,60.27,9.97,36.42,28.18,10.71,479.14,0.18,2.0,0.0
4340.0,2024-01-03,16:26:06,4340.0,21.18,22.82,62.02,10.77,477.9,23.49,60.53,10.95,23.49,60.53,22.04,60.4,9.99,36.42,28.18,10.71,477.9,0.18,2.0,0.0
4341.0,2024-01-03,16:26:07,4341.0,21.18,22.82,62.02,10.77,475.24,23.49,60.53,10.95,23.49,60.53,22.04,60.4,9.99,36.42,28.18,10.71,475.24,0.18,1.99,0.0
4342.0,2024-01-03,16:26:08,4342.0,21.18,22.82,62.02,10.77,474.89,23.49,60.53,10.95,23.49,60.53,22.04,60.4,9.99,36.42,28.18,10.71,474.89,0.18,1.99,0.0
4343.0,2024-01-03,16:26:09,4343.0,21.18,22.8,62.08,10.76,473.2,23.45,60.71,10.95,23.45,60.71,22.04,60.46,10,36.42,28.19,10.71,473.2,0.18,1.99,0.0
4344.0,2024-01-03,16:26:10,4344.0,21.18,22.8,62.08,10.76,472.21,23.45,60.71,10.95,23.45,60.71,22.04,60.46,10,36.42,28.19,10.71,472.21,0.18,1.98,0.0
4345.0,2024-01-03,16:26:11,4345.0,21.18,22.8,62.08,10.76,470.99,23.45,60.71,10.95,23.45,60.71,22.04,60.46,10,36.42,28.19,10.71,470.99,0.18,1.98,0.0
4346.0,2024-01-03,16:26:12,4346.0,21.17,22.78,62.16,10.76,470.75,23.41,60.88,10.96,23.41,60.88,22.06,60.42,10,36.42,28.18,10.71,470.75,0.18,1.98,0.0
4347.0,2024-01-03,16:26:13,4347.0,21.17,22.78,62.16,10.76,470.31,23.41,60.88,10.96,23.41,60.88,22.06,60.42,10,36.42,28.18,10.71,470.31,0.18,1.98,0.0
4348.0,2024-01-03,16:26:14,4348.0,21.17,22.76,62.24,10.76,470.51,23.37,61.03,10.96,23.37,61.03,22.09,60.33,10,36.41,28.2,10.71,470.51,0.18,1.98,0.0
4349.0,2024-01-03,16:26:15,4349.0,21.17,22.76,62.24,10.76,469.94,23.37,61.03,10.96,23.37,61.03,22.09,60.33,10,36.41,28.2,10.71,469.94,0.18,1.98,0.0
4350.0,2024-01-03,16:26:16,4350.0,21.17,22.76,62.24,10.76,470.18,23.37,61.03,10.96,23.37,61.03,22.09,60.33,10,36.41,28.2,10.71,470.18,0.18,1.98,0.0
4351.0,2024-01-03,16:26:17,4351.0,21.17,22.76,62.24,10.76,469.92,23.37,61.03,10.96,23.37,61.03,22.09,60.33,10,36.41,28.2,10.71,469.92,0.18,1.98,0.0
4352.0,2024-01-03,16:26:18,4352.0,21.17,22.74,62.3,10.76,470.12,23.34,61.2,10.97,23.34,61.2,22.1,60.38,10.02,36.4,28.2,10.71,470.12,0.18,1.98,0.0
4353.0,2024-01-03,16:26:19,4353.0,21.17,22.74,62.3,10.76,470.63,23.34,61.2,10.97,23.34,61.2,22.1,60.38,10.02,36.4,28.2,10.71,470.63,0.18,1.99,0.0
4354.0,2024-01-03,16:26:20,4354.0,21.17,22.74,62.3,10.76,470.77,23.34,61.2,10.97,23.34,61.2,22.1,60.38,10.02,36.4,28.2,10.71,470.77,0.18,1.99,0.0
4355.0,2024-01-03,16:26:21,4355.0,21.16,22.72,62.38,10.76,474.13,23.31,61.32,10.96,23.31,61.32,22.09,60.42,10.02,36.39,28.23,10.71,474.13,0.18,2.01,0.0
4356.0,2024-01-03,16:26:22,4356.0,21.16,22.72,62.38,10.76,476.05,23.31,61.32,10.96,23.31,61.32,22.09,60.42,10.02,36.39,28.23,10.71,476.05,0.18,2.01,0.0
4357.0,2024-01-03,16:26:23,4357.0,21.16,22.7,62.46,10.76,477.76,23.27,61.43,10.97,23.27,61.43,22.1,60.42,10.03,36.38,28.25,10.71,477.76,0.18,2.02,0.0
4358.0,2024-01-03,16:26:24,4358.0,21.16,22.7,62.46,10.76,478.27,23.27,61.43,10.97,23.27,61.43,22.1,60.42,10.03,36.38,28.25,10.71,478.27,0.18,2.03,0.0
4359.0,2024-01-03,16:26:25,4359.0,21.16,22.7,62.46,10.76,477.48,23.27,61.43,10.97,23.27,61.43,22.1,60.42,10.03,36.38,28.25,10.71,477.48,0.18,2.02,0.0
4360.0,2024-01-03,16:26:26,4360.0,21.16,22.7,62.46,10.76,480.04,23.27,61.43,10.97,23.27,61.43,22.1,60.42,10.03,36.38,28.25,10.71,480.04,0.18,2.03,0.0
4361.0,2024-01-03,16:26:27,4361.0,21.18,22.68,62.52,10.76,478.74,23.25,61.54,10.97,23.25,61.54,22.13,60.21,10.01,36.38,28.25,10.71,478.74,0.18,2.03,0.0
4362.0,2024-01-03,16:26:28,4362.0,21.18,22.68,62.52,10.76,477.46,23.25,61.54,10.97,23.25,61.54,22.13,60.21,10.01,36.38,28.25,10.71,477.46,0.18,2.03,0.0
4363.0,2024-01-03,16:26:29,4363.0,21.19,22.66,62.59,10.76,476.12,23.22,61.63,10.96,23.22,61.63,22.17,59.95,9.99,36.38,28.24,10.71,476.12,0.17,2.02,0.0
4364.0,2024-01-03,16:26:30,4364.0,21.19,22.66,62.59,10.76,475.21,23.22,61.63,10.96,23.22,61.63,22.17,59.95,9.99,36.38,28.24,10.71,475.21,0.17,2.02,0.0
4365.0,2024-01-03,16:26:31,4365.0,21.19,22.66,62.59,10.76,476.4,23.22,61.63,10.96,23.22,61.63,22.17,59.95,9.99,36.38,28.24,10.71,476.4,0.17,2.02,0.0
4366.0,2024-01-03,16:26:32,4366.0,21.19,22.66,62.59,10.76,477.08,23.22,61.63,10.96,23.22,61.63,22.17,59.95,9.99,36.38,28.24,10.71,477.08,0.17,2.03,0.0
4367.0,2024-01-03,16:26:33,4367.0,21.19,22.64,62.65,10.76,477.93,23.2,61.72,10.96,23.2,61.72,22.18,59.89,9.99,36.38,28.24,10.71,477.93,0.17,2.04,0.0
4368.0,2024-01-03,16:26:34,4368.0,21.19,22.64,62.65,10.76,478.45,23.2,61.72,10.96,23.2,61.72,22.18,59.89,9.99,36.38,28.24,10.71,478.45,0.17,2.04,0.0
4369.0,2024-01-03,16:26:35,4369.0,21.19,22.63,62.72,10.76,478.77,23.17,61.82,10.97,23.17,61.82,22.17,59.89,9.98,36.38,28.24,10.71,478.77,0.17,2.04,0.0
4370.0,2024-01-03,16:26:36,4370.0,21.19,22.63,62.72,10.76,478.55,23.17,61.82,10.97,23.17,61.82,22.17,59.89,9.98,36.38,28.24,10.71,478.55,0.17,2.04,0.0
4371.0,2024-01-03,16:26:37,4371.0,21.19,22.63,62.72,10.76,478,23.17,61.82,10.97,23.17,61.82,22.17,59.89,9.98,36.38,28.24,10.71,478,0.17,2.04,0.0
4372.0,2024-01-03,16:26:38,4372.0,21.19,22.63,62.72,10.76,476.09,23.17,61.82,10.97,23.17,61.82,22.17,59.89,9.98,36.38,28.24,10.71,476.09,0.17,2.03,0.0
4373.0,2024-01-03,16:26:39,4373.0,21.2,22.61,62.76,10.76,475.69,23.15,61.92,10.97,23.15,61.92,22.16,59.93,9.98,36.38,28.26,10.71,475.69,0.17,2.03,0.0
4374.0,2024-01-03,16:26:40,4374.0,21.2,22.61,62.76,10.76,476.33,23.15,61.92,10.97,23.15,61.92,22.16,59.93,9.98,36.38,28.26,10.71,476.33,0.17,2.04,0.0
4375.0,2024-01-03,16:26:41,4375.0,21.19,22.6,62.82,10.76,476.69,23.13,61.98,10.96,23.13,61.98,22.14,60.03,9.98,36.37,28.27,10.72,476.69,0.17,2.04,0.0
4376.0,2024-01-03,16:26:42,4376.0,21.19,22.6,62.82,10.76,472.59,23.13,61.98,10.96,23.13,61.98,22.14,60.03,9.98,36.37,28.27,10.72,472.59,0.17,2.03,0.0
4377.0,2024-01-03,16:26:43,4377.0,21.19,22.6,62.82,10.76,471.58,23.13,61.98,10.96,23.13,61.98,22.14,60.03,9.98,36.37,28.27,10.72,471.58,0.17,2.02,0.0
4378.0,2024-01-03,16:26:44,4378.0,21.19,22.6,62.82,10.76,472.63,23.13,61.98,10.96,23.13,61.98,22.14,60.03,9.98,36.37,28.27,10.72,472.63,0.17,2.03,0.0
4379.0,2024-01-03,16:26:45,4379.0,21.18,22.58,62.88,10.76,473.25,23.1,62.07,10.97,23.1,62.07,22.15,59.9,9.97,36.37,28.29,10.72,473.25,0.17,2.04,0.0
4380.0,2024-01-03,16:26:46,4380.0,21.18,22.58,62.88,10.76,473.54,23.1,62.07,10.97,23.1,62.07,22.15,59.9,9.97,36.37,28.29,10.72,473.54,0.17,2.04,0.0
4381.0,2024-01-03,16:26:47,4381.0,21.18,22.58,62.88,10.76,472.46,23.1,62.07,10.97,23.1,62.07,22.15,59.9,9.97,36.37,28.29,10.72,472.46,0.17,2.03,0.0
4382.0,2024-01-03,16:26:48,4382.0,21.19,22.57,62.92,10.76,469.18,23.08,62.17,10.97,23.08,62.17,22.16,59.82,9.97,36.38,28.29,10.72,469.18,0.16,2.02,0.0
4383.0,2024-01-03,16:26:49,4383.0,21.19,22.57,62.92,10.76,469.53,23.08,62.17,10.97,23.08,62.17,22.16,59.82,9.97,36.38,28.29,10.72,469.53,0.16,2.02,0.0
4384.0,2024-01-03,16:26:50,4384.0,21.19,22.56,62.97,10.76,470.49,23.06,62.24,10.97,23.06,62.24,22.15,59.88,9.97,36.37,28.3,10.73,470.49,0.16,2.03,0.0
4385.0,2024-01-03,16:26:51,4385.0,21.19,22.56,62.97,10.76,470.7,23.06,62.24,10.97,23.06,62.24,22.15,59.88,9.97,36.37,28.3,10.73,470.7,0.17,2.03,0.0
4386.0,2024-01-03,16:26:52,4386.0,21.19,22.56,62.97,10.76,471.14,23.06,62.24,10.97,23.06,62.24,22.15,59.88,9.97,36.37,28.3,10.73,471.14,0.17,2.03,0.0
4387.0,2024-01-03,16:26:53,4387.0,21.19,22.56,62.97,10.76,472.44,23.06,62.24,10.97,23.06,62.24,22.15,59.88,9.97,36.37,28.3,10.73,472.44,0.17,2.04,0.0
4388.0,2024-01-03,16:26:54,4388.0,21.2,22.54,63.04,10.76,475.09,23.04,62.33,10.97,23.04,62.33,22.13,60.01,9.98,36.37,28.3,10.72,475.09,0.16,2.05,0.0
4389.0,2024-01-03,16:26:55,4389.0,21.2,22.54,63.04,10.76,476.61,23.04,62.33,10.97,23.04,62.33,22.13,60.01,9.98,36.37,28.3,10.72,476.61,0.17,2.06,0.0
4390.0,2024-01-03,16:26:56,4390.0,21.2,22.53,63.09,10.76,478.89,23.02,62.41,10.97,23.02,62.41,22.1,60.14,9.98,36.38,28.3,10.73,478.89,0.17,2.07,0.0
4391.0,2024-01-03,16:26:57,4391.0,21.2,22.53,63.09,10.76,478.45,23.02,62.41,10.97,23.02,62.41,22.1,60.14,9.98,36.38,28.3,10.73,478.45,0.17,2.07,0.0
4392.0,2024-01-03,16:26:58,4392.0,21.2,22.53,63.09,10.76,477.47,23.02,62.41,10.97,23.02,62.41,22.1,60.14,9.98,36.38,28.3,10.73,477.47,0.16,2.07,0.0
4393.0,2024-01-03,16:26:59,4393.0,21.2,22.53,63.09,10.76,477.38,23.02,62.41,10.97,23.02,62.41,22.1,60.14,9.98,36.38,28.3,10.73,477.38,0.16,2.07,0.0
4394.0,2024-01-03,16:27:00,4394.0,21.2,22.52,63.13,10.76,477.4,23,62.51,10.97,23,62.51,22.06,60.41,10,36.38,28.28,10.72,477.4,0.17,2.07,0.0
4395.0,2024-01-03,16:27:01,4395.0,21.2,22.52,63.13,10.76,477.79,23,62.51,10.97,23,62.51,22.06,60.41,10,36.38,28.28,10.72,477.79,0.17,2.07,0.0
4396.0,2024-01-03,16:27:02,4396.0,21.2,22.51,63.17,10.76,478.69,22.98,62.58,10.97,22.98,62.58,22.04,60.59,10.02,36.38,28.27,10.72,478.69,0.17,2.07,0.0
4397.0,2024-01-03,16:27:03,4397.0,21.2,22.51,63.17,10.76,478.65,22.98,62.58,10.97,22.98,62.58,22.04,60.59,10.02,36.38,28.27,10.72,478.65,0.16,2.08,0.0
4398.0,2024-01-03,16:27:04,4398.0,21.2,22.51,63.17,10.76,478.9,22.98,62.58,10.97,22.98,62.58,22.04,60.59,10.02,36.38,28.27,10.72,478.9,0.16,2.08,0.0
4399.0,2024-01-03,16:27:05,4399.0,21.2,22.51,63.17,10.76,478.61,22.98,62.58,10.97,22.98,62.58,22.04,60.59,10.02,36.38,28.27,10.72,478.61,0.16,2.08,0.0
4400.0,2024-01-03,16:27:06,4400.0,21.19,22.49,63.22,10.76,476.87,22.96,62.65,10.97,22.96,62.65,22.03,60.72,10.03,36.38,28.23,10.71,476.87,0.16,2.07,0.0
4401.0,2024-01-03,16:27:07,4401.0,21.19,22.49,63.22,10.76,476.33,22.96,62.65,10.97,22.96,62.65,22.03,60.72,10.03,36.38,28.23,10.71,476.33,0.16,2.06,0.0
4402.0,2024-01-03,16:27:08,4402.0,21.18,22.48,63.21,10.75,475.89,22.94,62.69,10.97,22.94,62.69,22.04,60.67,10.03,36.38,28.19,10.69,475.89,0.16,2.06,0.0
4403.0,2024-01-03,16:27:09,4403.0,21.18,22.48,63.21,10.75,476.63,22.94,62.69,10.97,22.94,62.69,22.04,60.67,10.03,36.38,28.19,10.69,476.63,0.16,2.06,0.0
4404.0,2024-01-03,16:27:10,4404.0,21.18,22.48,63.21,10.75,476.69,22.94,62.69,10.97,22.94,62.69,22.04,60.67,10.03,36.38,28.19,10.69,476.69,0.16,2.06,0.0
4405.0,2024-01-03,16:27:11,4405.0,21.18,22.48,63.21,10.75,475.92,22.94,62.69,10.97,22.94,62.69,22.04,60.67,10.03,36.38,28.19,10.69,475.92,0.16,2.06,0.0
4406.0,2024-01-03,16:27:12,4406.0,21.16,22.46,63.19,10.74,474.3,22.92,62.71,10.96,22.92,62.71,22.04,60.7,10.04,36.38,28.15,10.67,474.3,0.16,2.05,0.0
4407.0,2024-01-03,16:27:13,4407.0,21.16,22.46,63.19,10.74,472.54,22.92,62.71,10.96,22.92,62.71,22.04,60.7,10.04,36.38,28.15,10.67,472.54,0.16,2.04,0.0
4408.0,2024-01-03,16:27:14,4408.0,21.15,22.45,63.16,10.72,472.13,22.91,62.73,10.95,22.91,62.73,22.03,60.8,10.05,36.38,28.09,10.65,472.13,0.16,2.04,0.0
4409.0,2024-01-03,16:27:15,4409.0,21.15,22.45,63.16,10.72,470.04,22.91,62.73,10.95,22.91,62.73,22.03,60.8,10.05,36.38,28.09,10.65,470.04,0.16,2.03,0.0
4410.0,2024-01-03,16:27:16,4410.0,21.15,22.45,63.16,10.72,471.44,22.91,62.73,10.95,22.91,62.73,22.03,60.8,10.05,36.38,28.09,10.65,471.44,0.16,2.04,0.0
4411.0,2024-01-03,16:27:17,4411.0,21.15,22.45,63.16,10.72,474.22,22.91,62.73,10.95,22.91,62.73,22.03,60.8,10.05,36.38,28.09,10.65,474.22,0.17,2.05,0.0
4412.0,2024-01-03,16:27:18,4412.0,21.14,22.44,63.12,10.71,476.21,22.89,62.72,10.94,22.89,62.72,22.06,60.61,10.04,36.38,28.04,10.63,476.21,0.17,2.06,0.0
4413.0,2024-01-03,16:27:19,4413.0,21.14,22.44,63.12,10.71,476.55,22.89,62.72,10.94,22.89,62.72,22.06,60.61,10.04,36.38,28.04,10.63,476.55,0.17,2.06,0.0
4414.0,2024-01-03,16:27:20,4414.0,21.14,22.44,63.12,10.71,476.15,22.89,62.72,10.94,22.89,62.72,22.06,60.61,10.04,36.38,28.04,10.63,476.15,0.17,2.06,0.0
4415.0,2024-01-03,16:27:21,4415.0,21.14,22.43,63.06,10.69,473.24,22.88,62.71,10.93,22.88,62.71,22.09,60.46,10.03,36.38,28,10.61,473.24,0.17,2.04,0.0
4416.0,2024-01-03,16:27:22,4416.0,21.14,22.43,63.06,10.69,473.16,22.88,62.71,10.93,22.88,62.71,22.09,60.46,10.03,36.38,28,10.61,473.16,0.17,2.04,0.0
4417.0,2024-01-03,16:27:23,4417.0,21.12,22.42,63.02,10.67,470.31,22.86,62.68,10.91,22.86,62.68,22.1,60.44,10.03,36.38,27.97,10.6,470.31,0.17,2.03,0.0
4418.0,2024-01-03,16:27:24,4418.0,21.12,22.42,63.02,10.67,471.33,22.86,62.68,10.91,22.86,62.68,22.1,60.44,10.03,36.38,27.97,10.6,471.33,0.17,2.04,0.0
4419.0,2024-01-03,16:27:25,4419.0,21.12,22.42,63.02,10.67,469.97,22.86,62.68,10.91,22.86,62.68,22.1,60.44,10.03,36.38,27.97,10.6,469.97,0.17,2.03,0.0
4420.0,2024-01-03,16:27:26,4420.0,21.12,22.42,63.02,10.67,469.59,22.86,62.68,10.91,22.86,62.68,22.1,60.44,10.03,36.38,27.97,10.6,469.59,0.17,2.03,0.0
4421.0,2024-01-03,16:27:27,4421.0,21.11,22.41,63,10.66,472.27,22.85,62.68,10.91,22.85,62.68,22.1,60.48,10.04,36.37,27.94,10.59,472.27,0.17,2.04,0.0
4422.0,2024-01-03,16:27:28,4422.0,21.11,22.41,63,10.66,472.99,22.85,62.68,10.91,22.85,62.68,22.1,60.48,10.04,36.37,27.94,10.59,472.99,0.17,2.05,0.0
4423.0,2024-01-03,16:27:29,4423.0,21.11,22.4,62.97,10.65,472.97,22.84,62.67,10.9,22.84,62.67,22.06,60.75,10.06,36.38,27.9,10.57,472.97,0.17,2.05,0.0
4424.0,2024-01-03,16:27:30,4424.0,21.11,22.4,62.97,10.65,472.68,22.84,62.67,10.9,22.84,62.67,22.06,60.75,10.06,36.38,27.9,10.57,472.68,0.17,2.04,0.0
4425.0,2024-01-03,16:27:31,4425.0,21.11,22.4,62.97,10.65,472.31,22.84,62.67,10.9,22.84,62.67,22.06,60.75,10.06,36.38,27.9,10.57,472.31,0.17,2.04,0.0
4426.0,2024-01-03,16:27:32,4426.0,21.11,22.4,62.97,10.65,472.38,22.84,62.67,10.9,22.84,62.67,22.06,60.75,10.06,36.38,27.9,10.57,472.38,0.17,2.04,0.0
4427.0,2024-01-03,16:27:33,4427.0,21.1,22.39,62.95,10.64,472.26,22.82,62.66,10.88,22.82,62.66,22.01,61.04,10.08,36.37,27.86,10.56,472.26,0.17,2.04,0.0
4428.0,2024-01-03,16:27:34,4428.0,21.1,22.39,62.95,10.64,471.65,22.82,62.66,10.88,22.82,62.66,22.01,61.04,10.08,36.37,27.86,10.56,471.65,0.17,2.04,0.0
4429.0,2024-01-03,16:27:35,4429.0,21.09,22.38,62.92,10.63,470.07,22.81,62.65,10.87,22.81,62.65,21.97,61.24,10.08,36.38,27.82,10.54,470.07,0.17,2.03,0.0
4430.0,2024-01-03,16:27:36,4430.0,21.09,22.38,62.92,10.63,470.75,22.81,62.65,10.87,22.81,62.65,21.97,61.24,10.08,36.38,27.82,10.54,470.75,0.17,2.04,0.0
4431.0,2024-01-03,16:27:37,4431.0,21.09,22.38,62.92,10.63,472.42,22.81,62.65,10.87,22.81,62.65,21.97,61.24,10.08,36.38,27.82,10.54,472.42,0.17,2.04,0.0
4432.0,2024-01-03,16:27:38,4432.0,21.09,22.38,62.92,10.63,472.43,22.81,62.65,10.87,22.81,62.65,21.97,61.24,10.08,36.38,27.82,10.54,472.43,0.17,2.04,0.0
4433.0,2024-01-03,16:27:39,4433.0,21.09,22.37,62.91,10.62,472.18,22.8,62.65,10.86,22.8,62.65,21.95,61.31,10.08,36.38,27.78,10.53,472.18,0.17,2.04,0.0
4434.0,2024-01-03,16:27:40,4434.0,21.09,22.37,62.91,10.62,471.48,22.8,62.65,10.86,22.8,62.65,21.95,61.31,10.08,36.38,27.78,10.53,471.48,0.17,2.04,0.0
4435.0,2024-01-03,16:27:41,4435.0,21.1,22.35,62.85,10.6,471.12,22.78,62.64,10.85,22.78,62.64,21.94,61.32,10.08,36.37,27.76,10.52,471.12,0.17,2.04,0.0
4436.0,2024-01-03,16:27:42,4436.0,21.1,22.35,62.85,10.6,470.59,22.78,62.64,10.85,22.78,62.64,21.94,61.32,10.08,36.37,27.76,10.52,470.59,0.17,2.04,0.0
4437.0,2024-01-03,16:27:43,4437.0,21.1,22.35,62.85,10.6,470.29,22.78,62.64,10.85,22.78,62.64,21.94,61.32,10.08,36.37,27.76,10.52,470.29,0.17,2.04,0.0
4438.0,2024-01-03,16:27:44,4438.0,21.1,22.35,62.85,10.6,468.41,22.78,62.64,10.85,22.78,62.64,21.94,61.32,10.08,36.37,27.76,10.52,468.41,0.17,2.03,0.0
4439.0,2024-01-03,16:27:45,4439.0,21.1,22.35,62.84,10.6,468.01,22.77,62.62,10.84,22.77,62.62,21.95,61.2,10.07,36.37,27.75,10.51,468.01,0.17,2.03,0.0
4440.0,2024-01-03,16:27:46,4440.0,21.1,22.35,62.84,10.6,465.31,22.77,62.62,10.84,22.77,62.62,21.95,61.2,10.07,36.37,27.75,10.51,465.31,0.16,2.02,0.0
4441.0,2024-01-03,16:27:47,4441.0,21.1,22.35,62.84,10.6,466.42,22.77,62.62,10.84,22.77,62.62,21.95,61.2,10.07,36.37,27.75,10.51,466.42,0.16,2.02,0.0
4442.0,2024-01-03,16:27:48,4442.0,21.1,22.34,62.82,10.59,470.37,22.76,62.61,10.83,22.76,62.61,21.99,60.96,10.05,36.36,27.74,10.5,470.37,0.17,2.04,0.0
4443.0,2024-01-03,16:27:49,4443.0,21.1,22.34,62.82,10.59,471.11,22.76,62.61,10.83,22.76,62.61,21.99,60.96,10.05,36.36,27.74,10.5,471.11,0.17,2.04,0.0
4444.0,2024-01-03,16:27:50,4444.0,21.1,22.34,62.82,10.59,472.02,22.76,62.61,10.83,22.76,62.61,21.99,60.96,10.05,36.36,27.74,10.5,472.02,0.17,2.05,0.0
4445.0,2024-01-03,16:27:51,4445.0,21.11,22.33,62.81,10.58,472.57,22.75,62.6,10.82,22.75,62.6,22,60.85,10.04,36.36,27.73,10.5,472.57,0.17,2.05,0.0
4446.0,2024-01-03,16:27:52,4446.0,21.11,22.33,62.81,10.58,473.19,22.75,62.6,10.82,22.75,62.6,22,60.85,10.04,36.36,27.73,10.5,473.19,0.17,2.05,0.0
4447.0,2024-01-03,16:27:53,4447.0,21.11,22.33,62.81,10.58,473.54,22.75,62.6,10.82,22.75,62.6,22,60.85,10.04,36.36,27.73,10.5,473.54,0.17,2.06,0.0
4448.0,2024-01-03,16:27:54,4448.0,21.1,22.32,62.82,10.57,472.1,22.74,62.58,10.81,22.74,62.58,21.99,60.92,10.05,36.36,27.7,10.49,472.1,0.16,2.05,0.0
4449.0,2024-01-03,16:27:55,4449.0,21.1,22.32,62.82,10.57,472.45,22.74,62.58,10.81,22.74,62.58,21.99,60.92,10.05,36.36,27.7,10.49,472.45,0.16,2.06,0.0
4450.0,2024-01-03,16:27:56,4450.0,21.09,22.31,62.85,10.57,472.24,22.73,62.6,10.81,22.73,62.6,21.98,60.93,10.04,36.37,27.67,10.48,472.24,0.16,2.05,0.0
4451.0,2024-01-03,16:27:57,4451.0,21.09,22.31,62.85,10.57,471.64,22.73,62.6,10.81,22.73,62.6,21.98,60.93,10.04,36.37,27.67,10.48,471.64,0.16,2.05,0.0
4452.0,2024-01-03,16:27:58,4452.0,21.09,22.31,62.85,10.57,466.89,22.73,62.6,10.81,22.73,62.6,21.98,60.93,10.04,36.37,27.67,10.48,466.89,0.16,2.03,0.0
4453.0,2024-01-03,16:27:59,4453.0,21.09,22.29,62.87,10.57,465.5,22.71,62.63,10.8,22.71,62.63,21.98,60.94,10.04,36.36,27.64,10.47,465.5,0.16,2.03,0.0
4454.0,2024-01-03,16:28:00,4454.0,21.09,22.29,62.87,10.57,466.86,22.71,62.63,10.8,22.71,62.63,21.98,60.94,10.04,36.36,27.64,10.47,466.86,0.16,2.03,0.0
4455.0,2024-01-03,16:28:01,4455.0,21.09,22.29,62.87,10.57,468.89,22.71,62.63,10.8,22.71,62.63,21.98,60.94,10.04,36.36,27.64,10.47,468.89,0.16,2.04,0.0
4456.0,2024-01-03,16:28:02,4456.0,21.08,22.28,62.89,10.57,472.3,22.7,62.66,10.8,22.7,62.66,21.94,61.1,10.04,36.37,27.62,10.46,472.3,0.16,2.05,0.0
4457.0,2024-01-03,16:28:03,4457.0,21.08,22.28,62.89,10.57,474.7,22.7,62.66,10.8,22.7,62.66,21.94,61.1,10.04,36.37,27.62,10.46,474.7,0.16,2.07,0.0
4458.0,2024-01-03,16:28:04,4458.0,21.08,22.28,62.89,10.57,477.75,22.7,62.66,10.8,22.7,62.66,21.94,61.1,10.04,36.37,27.62,10.46,477.75,0.16,2.08,0.0
4459.0,2024-01-03,16:28:05,4459.0,21.08,22.28,62.89,10.57,477.48,22.7,62.66,10.8,22.7,62.66,21.94,61.1,10.04,36.37,27.62,10.46,477.48,0.16,2.08,0.0
4460.0,2024-01-03,16:28:06,4460.0,21.08,22.28,62.88,10.56,476.6,22.69,62.66,10.79,22.69,62.66,21.9,61.28,10.05,36.37,27.6,10.45,476.6,0.16,2.08,0.0
4461.0,2024-01-03,16:28:07,4461.0,21.08,22.28,62.88,10.56,476.33,22.69,62.66,10.79,22.69,62.66,21.9,61.28,10.05,36.37,27.6,10.45,476.33,0.16,2.08,0.0
4462.0,2024-01-03,16:28:08,4462.0,21.07,22.27,62.91,10.56,476.05,22.67,62.66,10.78,22.67,62.66,21.86,61.45,10.05,36.37,27.58,10.45,476.05,0.16,2.08,0.0
4463.0,2024-01-03,16:28:09,4463.0,21.07,22.27,62.91,10.56,474.35,22.67,62.66,10.78,22.67,62.66,21.86,61.45,10.05,36.37,27.58,10.45,474.35,0.16,2.07,0.0
4464.0,2024-01-03,16:28:10,4464.0,21.07,22.27,62.91,10.56,470.98,22.67,62.66,10.78,22.67,62.66,21.86,61.45,10.05,36.37,27.58,10.45,470.98,0.16,2.06,0.0
4465.0,2024-01-03,16:28:11,4465.0,21.07,22.27,62.91,10.56,470.1,22.67,62.66,10.78,22.67,62.66,21.86,61.45,10.05,36.37,27.58,10.45,470.1,0.15,2.05,0.0
4466.0,2024-01-03,16:28:12,4466.0,21.06,22.26,62.91,10.55,469.88,22.67,62.66,10.78,22.67,62.66,21.82,61.7,10.06,36.38,27.56,10.44,469.88,0.15,2.06,0.0
4467.0,2024-01-03,16:28:13,4467.0,21.06,22.26,62.91,10.55,470.11,22.67,62.66,10.78,22.67,62.66,21.82,61.7,10.06,36.38,27.56,10.44,470.11,0.15,2.06,0.0
4468.0,2024-01-03,16:28:14,4468.0,21.05,22.25,62.92,10.55,471.9,22.66,62.64,10.77,22.66,62.64,21.78,61.85,10.07,36.37,27.56,10.44,471.9,0.15,2.06,0.0
4469.0,2024-01-03,16:28:15,4469.0,21.05,22.25,62.92,10.55,472.19,22.66,62.64,10.77,22.66,62.64,21.78,61.85,10.07,36.37,27.56,10.44,472.19,0.15,2.07,0.0
4470.0,2024-01-03,16:28:16,4470.0,21.05,22.25,62.92,10.55,471.96,22.66,62.64,10.77,22.66,62.64,21.78,61.85,10.07,36.37,27.56,10.44,471.96,0.15,2.07,0.0
4471.0,2024-01-03,16:28:17,4471.0,21.05,22.25,62.92,10.55,471.68,22.66,62.64,10.77,22.66,62.64,21.78,61.85,10.07,36.37,27.56,10.44,471.68,0.15,2.07,0.0
4472.0,2024-01-03,16:28:18,4472.0,21.02,22.24,62.91,10.54,473.62,22.65,62.67,10.76,22.65,62.67,21.77,61.85,10.06,36.38,27.54,10.43,473.62,0.15,2.08,0.0
4473.0,2024-01-03,16:28:19,4473.0,21.02,22.24,62.91,10.54,475.94,22.65,62.67,10.76,22.65,62.67,21.77,61.85,10.06,36.38,27.54,10.43,475.94,0.16,2.09,0.0
4474.0,2024-01-03,16:28:20,4474.0,21.01,22.23,62.93,10.54,477.38,22.63,62.68,10.76,22.63,62.68,21.77,61.8,10.05,36.38,27.53,10.43,477.38,0.16,2.09,0.0
4475.0,2024-01-03,16:28:21,4475.0,21.01,22.23,62.93,10.54,477.29,22.63,62.68,10.76,22.63,62.68,21.77,61.8,10.05,36.38,27.53,10.43,477.29,0.15,2.1,0.0
4476.0,2024-01-03,16:28:22,4476.0,21.01,22.23,62.93,10.54,477.58,22.63,62.68,10.76,22.63,62.68,21.77,61.8,10.05,36.38,27.53,10.43,477.58,0.15,2.1,0.0
4477.0,2024-01-03,16:28:23,4477.0,21.01,22.23,62.93,10.54,478.48,22.63,62.68,10.76,22.63,62.68,21.77,61.8,10.05,36.38,27.53,10.43,478.48,0.15,2.1,0.0
4478.0,2024-01-03,16:28:24,4478.0,21,22.22,62.95,10.54,478.46,22.62,62.69,10.75,22.62,62.69,21.8,61.55,10.03,36.38,27.52,10.42,478.46,0.15,2.1,0.0
4479.0,2024-01-03,16:28:25,4479.0,21,22.22,62.95,10.54,478.19,22.62,62.69,10.75,22.62,62.69,21.8,61.55,10.03,36.38,27.52,10.42,478.19,0.15,2.1,0.0
4480.0,2024-01-03,16:28:26,4480.0,21.01,22.22,62.94,10.53,477.48,22.61,62.69,10.75,22.61,62.69,21.83,61.37,10.02,36.38,27.48,10.42,477.48,0.15,2.1,0.0
4481.0,2024-01-03,16:28:27,4481.0,21.01,22.22,62.94,10.53,477.22,22.61,62.69,10.75,22.61,62.69,21.83,61.37,10.02,36.38,27.48,10.42,477.22,0.15,2.1,0.0
4482.0,2024-01-03,16:28:28,4482.0,21.01,22.22,62.94,10.53,474.98,22.61,62.69,10.75,22.61,62.69,21.83,61.37,10.02,36.38,27.48,10.42,474.98,0.15,2.09,0.0
4483.0,2024-01-03,16:28:29,4483.0,21.01,22.22,62.94,10.53,475.09,22.61,62.69,10.75,22.61,62.69,21.83,61.37,10.02,36.38,27.48,10.42,475.09,0.15,2.09,0.0
4484.0,2024-01-03,16:28:30,4484.0,21.02,22.21,62.96,10.53,476,22.6,62.7,10.74,22.6,62.7,21.85,61.26,10.01,36.38,27.46,10.41,476,0.15,2.09,0.0
4485.0,2024-01-03,16:28:31,4485.0,21.02,22.21,62.96,10.53,476.59,22.6,62.7,10.74,22.6,62.7,21.85,61.26,10.01,36.38,27.46,10.41,476.59,0.15,2.1,0.0
4486.0,2024-01-03,16:28:32,4486.0,21.03,22.2,62.98,10.53,476.37,22.59,62.7,10.73,22.59,62.7,21.89,61.08,10.01,36.38,27.45,10.4,476.37,0.15,2.09,0.0
4487.0,2024-01-03,16:28:33,4487.0,21.03,22.2,62.98,10.53,477.42,22.59,62.7,10.73,22.59,62.7,21.89,61.08,10.01,36.38,27.45,10.4,477.42,0.15,2.1,0.0
4488.0,2024-01-03,16:28:34,4488.0,21.03,22.2,62.98,10.53,475.93,22.59,62.7,10.73,22.59,62.7,21.89,61.08,10.01,36.38,27.45,10.4,475.93,0.15,2.1,0.0
4489.0,2024-01-03,16:28:35,4489.0,21.03,22.2,62.95,10.52,474.51,22.58,62.7,10.73,22.58,62.7,21.93,60.87,10,36.39,27.43,10.4,474.51,0.15,2.09,0.0
4490.0,2024-01-03,16:28:36,4490.0,21.03,22.2,62.95,10.52,476.34,22.58,62.7,10.73,22.58,62.7,21.93,60.87,10,36.39,27.43,10.4,476.34,0.15,2.1,0.0
4491.0,2024-01-03,16:28:37,4491.0,21.03,22.2,62.95,10.52,477.74,22.58,62.7,10.73,22.58,62.7,21.93,60.87,10,36.39,27.43,10.4,477.74,0.15,2.11,0.0
4492.0,2024-01-03,16:28:38,4492.0,21.03,22.2,62.95,10.52,477.85,22.58,62.7,10.73,22.58,62.7,21.93,60.87,10,36.39,27.43,10.4,477.85,0.15,2.11,0.0
4493.0,2024-01-03,16:28:39,4493.0,21.03,22.19,62.97,10.52,475.65,22.57,62.71,10.72,22.57,62.71,21.94,60.81,10,36.39,27.41,10.39,475.65,0.14,2.1,0.0
4494.0,2024-01-03,16:28:40,4494.0,21.03,22.19,62.97,10.52,474.88,22.57,62.71,10.72,22.57,62.71,21.94,60.81,10,36.39,27.41,10.39,474.88,0.14,2.1,0.0
4495.0,2024-01-03,16:28:41,4495.0,21.03,22.18,62.97,10.51,473.96,22.56,62.71,10.72,22.56,62.71,21.93,60.89,10,36.39,27.41,10.39,473.96,0.14,2.09,0.0
4496.0,2024-01-03,16:28:42,4496.0,21.03,22.18,62.97,10.51,473.64,22.56,62.71,10.72,22.56,62.71,21.93,60.89,10,36.39,27.41,10.39,473.64,0.14,2.09,0.0
4497.0,2024-01-03,16:28:43,4497.0,21.03,22.18,62.97,10.51,471.51,22.56,62.71,10.72,22.56,62.71,21.93,60.89,10,36.39,27.41,10.39,471.51,0.14,2.09,0.0
4498.0,2024-01-03,16:28:44,4498.0,21.03,22.18,62.97,10.51,471.15,22.56,62.71,10.72,22.56,62.71,21.93,60.89,10,36.39,27.41,10.39,471.15,0.14,2.08,0.0
4499.0,2024-01-03,16:28:45,4499.0,21.02,22.17,62.99,10.51,465.76,22.55,62.71,10.71,22.55,62.71,21.92,60.93,10,36.4,27.4,10.39,465.76,0.14,2.06,0.0
4500.0,2024-01-03,16:28:46,4500.0,21.02,22.17,62.99,10.51,462.37,22.55,62.71,10.71,22.55,62.71,21.92,60.93,10,36.4,27.4,10.39,462.37,0.14,2.05,0.0
4501.0,2024-01-03,16:28:47,4501.0,21.03,22.17,62.99,10.51,459.91,22.54,62.73,10.71,22.54,62.73,21.95,60.77,9.99,36.4,27.38,10.39,459.91,0.14,2.04,0.0
4502.0,2024-01-03,16:28:48,4502.0,21.03,22.17,62.99,10.51,459.68,22.54,62.73,10.71,22.54,62.73,21.95,60.77,9.99,36.4,27.38,10.39,459.68,0.14,2.04,0.0
4503.0,2024-01-03,16:28:49,4503.0,21.03,22.17,62.99,10.51,466.22,22.54,62.73,10.71,22.54,62.73,21.95,60.77,9.99,36.4,27.38,10.39,466.22,0.14,2.07,0.0
4504.0,2024-01-03,16:28:50,4504.0,21.03,22.17,62.99,10.51,468.18,22.54,62.73,10.71,22.54,62.73,21.95,60.77,9.99,36.4,27.38,10.39,468.18,0.14,2.08,0.0
4505.0,2024-01-03,16:28:51,4505.0,21.03,22.16,63.02,10.51,470.26,22.54,62.75,10.71,22.54,62.75,21.97,60.67,9.99,36.4,27.36,10.38,470.26,0.14,2.09,0.0
4506.0,2024-01-03,16:28:52,4506.0,21.03,22.16,63.02,10.51,473.9,22.54,62.75,10.71,22.54,62.75,21.97,60.67,9.99,36.4,27.36,10.38,473.9,0.14,2.1,0.0
4507.0,2024-01-03,16:28:53,4507.0,21.03,22.15,63.01,10.5,474.79,22.53,62.77,10.7,22.53,62.77,21.98,60.61,9.99,36.41,27.34,10.38,474.79,0.14,2.11,0.0
4508.0,2024-01-03,16:28:54,4508.0,21.03,22.15,63.01,10.5,472.09,22.53,62.77,10.7,22.53,62.77,21.98,60.61,9.99,36.41,27.34,10.38,472.09,0.14,2.09,0.0
4509.0,2024-01-03,16:28:55,4509.0,21.03,22.15,63.01,10.5,471.33,22.53,62.77,10.7,22.53,62.77,21.98,60.61,9.99,36.41,27.34,10.38,471.33,0.14,2.09,0.0
4510.0,2024-01-03,16:28:56,4510.0,21.03,22.15,63.01,10.5,470.55,22.53,62.77,10.7,22.53,62.77,21.98,60.61,9.99,36.41,27.34,10.38,470.55,0.14,2.09,0.0
4511.0,2024-01-03,16:28:57,4511.0,21.03,22.15,63,10.49,470.36,22.52,62.77,10.7,22.52,62.77,22.02,60.45,9.98,36.4,27.35,10.38,470.36,0.14,2.09,0.0
4512.0,2024-01-03,16:28:58,4512.0,21.03,22.15,63,10.49,470.11,22.52,62.77,10.7,22.52,62.77,22.02,60.45,9.98,36.4,27.35,10.38,470.11,0.14,2.09,0.0
4513.0,2024-01-03,16:28:59,4513.0,21.05,22.14,63,10.49,470.25,22.51,62.75,10.69,22.51,62.75,22.02,60.47,9.98,36.4,27.35,10.38,470.25,0.14,2.09,0.0
4514.0,2024-01-03,16:29:00,4514.0,21.05,22.14,63,10.49,471.22,22.51,62.75,10.69,22.51,62.75,22.02,60.47,9.98,36.4,27.35,10.38,471.22,0.14,2.1,0.0
4515.0,2024-01-03,16:29:01,4515.0,21.05,22.14,63,10.49,476.66,22.51,62.75,10.69,22.51,62.75,22.02,60.47,9.98,36.4,27.35,10.38,476.66,0.14,2.12,0.0
4516.0,2024-01-03,16:29:02,4516.0,21.05,22.14,63,10.49,478.91,22.51,62.75,10.69,22.51,62.75,22.02,60.47,9.98,36.4,27.35,10.38,478.91,0.14,2.13,0.0
4517.0,2024-01-03,16:29:03,4517.0,21.07,22.13,62.99,10.49,478.89,22.51,62.73,10.68,22.51,62.73,21.99,60.66,10,36.4,27.34,10.38,478.89,0.14,2.13,0.0
4518.0,2024-01-03,16:29:04,4518.0,21.07,22.13,62.99,10.49,476.02,22.51,62.73,10.68,22.51,62.73,21.99,60.66,10,36.4,27.34,10.38,476.02,0.14,2.12,0.0
4519.0,2024-01-03,16:29:05,4519.0,21.08,22.13,63.01,10.48,474.71,22.5,62.73,10.68,22.5,62.73,21.97,60.79,10.01,36.4,27.35,10.38,474.71,0.14,2.12,0.0
4520.0,2024-01-03,16:29:06,4520.0,21.08,22.13,63.01,10.48,474.67,22.5,62.73,10.68,22.5,62.73,21.97,60.79,10.01,36.4,27.35,10.38,474.67,0.14,2.12,0.0
4521.0,2024-01-03,16:29:07,4521.0,21.08,22.13,63.01,10.48,476.95,22.5,62.73,10.68,22.5,62.73,21.97,60.79,10.01,36.4,27.35,10.38,476.95,0.14,2.13,0.0
4522.0,2024-01-03,16:29:08,4522.0,21.08,22.13,63.01,10.48,479.25,22.5,62.73,10.68,22.5,62.73,21.97,60.79,10.01,36.4,27.35,10.38,479.25,0.14,2.14,0.0
4523.0,2024-01-03,16:29:09,4523.0,21.08,22.12,63.03,10.48,480.01,22.49,62.74,10.68,22.49,62.74,21.96,60.82,10.01,36.4,27.36,10.38,480.01,0.14,2.15,0.0
4524.0,2024-01-03,16:29:10,4524.0,21.08,22.12,63.03,10.48,479.96,22.49,62.74,10.68,22.49,62.74,21.96,60.82,10.01,36.4,27.36,10.38,479.96,0.14,2.15,0.0
4525.0,2024-01-03,16:29:11,4525.0,21.08,22.11,63.05,10.48,477.65,22.49,62.76,10.67,22.49,62.76,21.97,60.74,10,36.4,27.37,10.38,477.65,0.14,2.14,0.0
4526.0,2024-01-03,16:29:12,4526.0,21.08,22.11,63.05,10.48,470.69,22.49,62.76,10.67,22.49,62.76,21.97,60.74,10,36.4,27.37,10.38,470.69,0.14,2.11,0.0
4527.0,2024-01-03,16:29:13,4527.0,21.08,22.11,63.05,10.48,468.8,22.49,62.76,10.67,22.49,62.76,21.97,60.74,10,36.4,27.37,10.38,468.8,0.14,2.1,0.0
4528.0,2024-01-03,16:29:14,4528.0,21.08,22.11,63.06,10.48,467.59,22.48,62.78,10.67,22.48,62.78,21.96,60.77,10,36.4,27.38,10.39,467.59,0.14,2.09,0.0
4529.0,2024-01-03,16:29:15,4529.0,21.08,22.11,63.06,10.48,467.59,22.48,62.78,10.67,22.48,62.78,21.96,60.77,10,36.4,27.38,10.39,467.59,0.13,2.1,0.0
4530.0,2024-01-03,16:29:16,4530.0,21.08,22.11,63.06,10.48,469.97,22.48,62.78,10.67,22.48,62.78,21.96,60.77,10,36.4,27.38,10.39,469.97,0.14,2.11,0.0
4531.0,2024-01-03,16:29:17,4531.0,21.08,22.11,63.06,10.48,470.08,22.48,62.78,10.67,22.48,62.78,21.96,60.77,10,36.4,27.38,10.39,470.08,0.14,2.11,0.0
4532.0,2024-01-03,16:29:18,4532.0,21.07,22.1,63.07,10.48,472.55,22.47,62.81,10.67,22.47,62.81,21.93,60.94,10.01,36.4,27.39,10.39,472.55,0.14,2.12,0.0
4533.0,2024-01-03,16:29:19,4533.0,21.07,22.1,63.07,10.48,474.1,22.47,62.81,10.67,22.47,62.81,21.93,60.94,10.01,36.4,27.39,10.39,474.1,0.14,2.13,0.0
4534.0,2024-01-03,16:29:20,4534.0,21.06,22.1,63.11,10.48,475.06,22.46,62.85,10.67,22.46,62.85,21.89,61.17,10.02,36.39,27.41,10.39,475.06,0.14,2.13,0.0
4535.0,2024-01-03,16:29:21,4535.0,21.06,22.1,63.11,10.48,475.06,22.46,62.85,10.67,22.46,62.85,21.89,61.17,10.02,36.39,27.41,10.39,475.06,0.14,2.14,0.0
4536.0,2024-01-03,16:29:22,4536.0,21.06,22.1,63.11,10.48,474.92,22.46,62.85,10.67,22.46,62.85,21.89,61.17,10.02,36.39,27.41,10.39,474.92,0.14,2.13,0.0
4537.0,2024-01-03,16:29:23,4537.0,21.06,22.1,63.11,10.48,474.94,22.46,62.85,10.67,22.46,62.85,21.89,61.17,10.02,36.39,27.41,10.39,474.94,0.14,2.13,0.0
4538.0,2024-01-03,16:29:24,4538.0,21.06,22.09,63.16,10.48,475.91,22.45,62.9,10.67,22.45,62.9,21.83,61.51,10.04,36.39,27.42,10.4,475.91,0.13,2.14,0.0
4539.0,2024-01-03,16:29:25,4539.0,21.06,22.09,63.16,10.48,474.41,22.45,62.9,10.67,22.45,62.9,21.83,61.51,10.04,36.39,27.42,10.4,474.41,0.13,2.13,0.0
4540.0,2024-01-03,16:29:26,4540.0,21.06,22.08,63.21,10.49,472.49,22.44,62.93,10.67,22.44,62.93,21.8,61.7,10.05,36.38,27.44,10.4,472.49,0.13,2.12,0.0
4541.0,2024-01-03,16:29:27,4541.0,21.06,22.08,63.21,10.49,472.03,22.44,62.93,10.67,22.44,62.93,21.8,61.7,10.05,36.38,27.44,10.4,472.03,0.13,2.12,0.0
4542.0,2024-01-03,16:29:28,4542.0,21.06,22.08,63.21,10.49,471.37,22.44,62.93,10.67,22.44,62.93,21.8,61.7,10.05,36.38,27.44,10.4,471.37,0.13,2.12,0.0
4543.0,2024-01-03,16:29:29,4543.0,21.06,22.08,63.21,10.49,470.72,22.44,62.93,10.67,22.44,62.93,21.8,61.7,10.05,36.38,27.44,10.4,470.72,0.13,2.12,0.0
4544.0,2024-01-03,16:29:30,4544.0,21.06,22.08,63.22,10.49,468.46,22.43,62.97,10.68,22.43,62.97,21.79,61.76,10.06,36.38,27.45,10.4,468.46,0.13,2.11,0.0
4545.0,2024-01-03,16:29:31,4545.0,21.06,22.08,63.22,10.49,467.74,22.43,62.97,10.68,22.43,62.97,21.79,61.76,10.06,36.38,27.45,10.4,467.74,0.13,2.11,0.0
4546.0,2024-01-03,16:29:32,4546.0,21.07,22.07,63.25,10.49,467.62,22.43,62.98,10.67,22.43,62.98,21.79,61.76,10.06,36.38,27.44,10.4,467.62,0.13,2.11,0.0
4547.0,2024-01-03,16:29:33,4547.0,21.07,22.07,63.25,10.49,467.19,22.43,62.98,10.67,22.43,62.98,21.79,61.76,10.06,36.38,27.44,10.4,467.19,0.13,2.1,0.0
4548.0,2024-01-03,16:29:34,4548.0,21.07,22.07,63.25,10.49,466.91,22.43,62.98,10.67,22.43,62.98,21.79,61.76,10.06,36.38,27.44,10.4,466.91,0.13,2.1,0.0
4549.0,2024-01-03,16:29:35,4549.0,21.06,22.06,63.26,10.49,469.86,22.42,63,10.67,22.42,63,21.81,61.66,10.05,36.38,27.42,10.39,469.86,0.13,2.12,0.0
4550.0,2024-01-03,16:29:36,4550.0,21.06,22.06,63.26,10.49,470.86,22.42,63,10.67,22.42,63,21.81,61.66,10.05,36.38,27.42,10.39,470.86,0.13,2.12,0.0
4551.0,2024-01-03,16:29:37,4551.0,21.06,22.06,63.26,10.49,471.75,22.42,63,10.67,22.42,63,21.81,61.66,10.05,36.38,27.42,10.39,471.75,0.13,2.12,0.0
4552.0,2024-01-03,16:29:38,4552.0,21.06,22.06,63.26,10.49,470.87,22.42,63,10.67,22.42,63,21.81,61.66,10.05,36.38,27.42,10.39,470.87,0.13,2.12,0.0
4553.0,2024-01-03,16:29:39,4553.0,21.06,22.06,63.26,10.48,468.39,22.41,63,10.67,22.41,63,21.84,61.49,10.05,36.37,27.41,10.38,468.39,0.13,2.11,0.0
4554.0,2024-01-03,16:29:40,4554.0,21.06,22.06,63.26,10.48,467.67,22.41,63,10.67,22.41,63,21.84,61.49,10.05,36.37,27.41,10.38,467.67,0.13,2.11,0.0
4555.0,2024-01-03,16:29:41,4555.0,21.04,22.05,63.27,10.48,467.52,22.4,63,10.66,22.4,63,21.86,61.43,10.05,36.38,27.39,10.37,467.52,0.13,2.11,0.0
4556.0,2024-01-03,16:29:42,4556.0,21.04,22.05,63.27,10.48,467.55,22.4,63,10.66,22.4,63,21.86,61.43,10.05,36.38,27.39,10.37,467.55,0.13,2.1,0.0
4557.0,2024-01-03,16:29:43,4557.0,21.04,22.05,63.27,10.48,467.51,22.4,63,10.66,22.4,63,21.86,61.43,10.05,36.38,27.39,10.37,467.51,0.13,2.1,0.0
4558.0,2024-01-03,16:29:44,4558.0,21.04,22.05,63.27,10.48,467.35,22.4,63,10.66,22.4,63,21.86,61.43,10.05,36.38,27.39,10.37,467.35,0.13,2.1,0.0
4559.0,2024-01-03,16:29:45,4559.0,21.02,22.05,63.28,10.48,467.2,22.39,63.05,10.66,22.39,63.05,21.84,61.55,10.06,36.38,27.38,10.37,467.2,0.13,2.1,0.0
4560.0,2024-01-03,16:29:46,4560.0,21.02,22.05,63.28,10.48,466.95,22.39,63.05,10.66,22.39,63.05,21.84,61.55,10.06,36.38,27.38,10.37,466.95,0.13,2.1,0.0
4561.0,2024-01-03,16:29:47,4561.0,21.01,22.04,63.28,10.47,466.62,22.39,63.05,10.66,22.39,63.05,21.81,61.72,10.07,36.38,27.37,10.37,466.62,0.13,2.1,0.0
4562.0,2024-01-03,16:29:48,4562.0,21.01,22.04,63.28,10.47,466.61,22.39,63.05,10.66,22.39,63.05,21.81,61.72,10.07,36.38,27.37,10.37,466.61,0.13,2.1,0.0
4563.0,2024-01-03,16:29:49,4563.0,21.01,22.04,63.28,10.47,467.08,22.39,63.05,10.66,22.39,63.05,21.81,61.72,10.07,36.38,27.37,10.37,467.08,0.13,2.11,0.0
4564.0,2024-01-03,16:29:50,4564.0,21.01,22.04,63.28,10.47,469.23,22.39,63.05,10.66,22.39,63.05,21.81,61.72,10.07,36.38,27.37,10.37,469.23,0.13,2.12,0.0
4565.0,2024-01-03,16:29:51,4565.0,21.02,22.03,63.3,10.47,469.89,22.38,63.07,10.66,22.38,63.07,21.82,61.67,10.06,36.38,27.37,10.37,469.89,0.13,2.12,0.0
4566.0,2024-01-03,16:29:52,4566.0,21.02,22.03,63.3,10.47,466.48,22.38,63.07,10.66,22.38,63.07,21.82,61.67,10.06,36.38,27.37,10.37,466.48,0.13,2.1,0.0
4567.0,2024-01-03,16:29:53,4567.0,21.02,22.03,63.34,10.47,466.94,22.38,63.09,10.66,22.38,63.09,21.85,61.46,10.05,36.38,27.39,10.37,466.94,0.13,2.11,0.0
4568.0,2024-01-03,16:29:54,4568.0,21.02,22.03,63.34,10.47,467.68,22.38,63.09,10.66,22.38,63.09,21.85,61.46,10.05,36.38,27.39,10.37,467.68,0.13,2.11,0.0
4569.0,2024-01-03,16:29:55,4569.0,21.02,22.03,63.34,10.47,467.29,22.38,63.09,10.66,22.38,63.09,21.85,61.46,10.05,36.38,27.39,10.37,467.29,0.13,2.11,0.0
4570.0,2024-01-03,16:29:56,4570.0,21.01,22.02,63.35,10.47,466.51,22.37,63.1,10.66,22.37,63.1,21.88,61.31,10.04,36.37,27.4,10.38,466.51,0.13,2.11,0.0
4571.0,2024-01-03,16:29:57,4571.0,21.01,22.02,63.35,10.47,466.28,22.37,63.1,10.66,22.37,63.1,21.88,61.31,10.04,36.37,27.4,10.38,466.28,0.13,2.11,0.0
4572.0,2024-01-03,16:29:58,4572.0,21.01,22.02,63.35,10.47,466.08,22.37,63.1,10.66,22.37,63.1,21.88,61.31,10.04,36.37,27.4,10.38,466.08,0.13,2.11,0.0
4573.0,2024-01-03,16:29:59,4573.0,21.01,22.02,63.35,10.47,466.32,22.37,63.1,10.66,22.37,63.1,21.88,61.31,10.04,36.37,27.4,10.38,466.32,0.13,2.11,0.0
4574.0,2024-01-03,16:30:00,4574.0,21.02,22.02,63.37,10.47,469.22,22.36,63.13,10.66,22.36,63.13,21.87,61.36,10.04,36.37,27.4,10.37,469.22,0.13,2.12,0.0
4575.0,2024-01-03,16:30:01,4575.0,21.02,22.02,63.37,10.47,471.88,22.36,63.13,10.66,22.36,63.13,21.87,61.36,10.04,36.37,27.4,10.37,471.88,0.13,2.13,0.0
4576.0,2024-01-03,16:30:02,4576.0,21.03,22.01,63.39,10.47,476.41,22.36,63.16,10.66,22.36,63.16,21.84,61.54,10.06,36.37,27.39,10.37,476.41,0.13,2.15,0.0
4577.0,2024-01-03,16:30:03,4577.0,21.03,22.01,63.39,10.47,478.68,22.36,63.16,10.66,22.36,63.16,21.84,61.54,10.06,36.37,27.39,10.37,478.68,0.13,2.16,0.0
4578.0,2024-01-03,16:30:04,4578.0,21.03,22.01,63.39,10.47,476.35,22.36,63.16,10.66,22.36,63.16,21.84,61.54,10.06,36.37,27.39,10.37,476.35,0.13,2.15,0.0
4579.0,2024-01-03,16:30:05,4579.0,21.03,22.01,63.39,10.47,476.08,22.36,63.16,10.66,22.36,63.16,21.84,61.54,10.06,36.37,27.39,10.37,476.08,0.13,2.15,0.0
4580.0,2024-01-03,16:30:06,4580.0,21.05,22.01,63.4,10.47,475.71,22.36,63.18,10.66,22.36,63.18,21.82,61.73,10.07,36.38,27.38,10.37,475.71,0.13,2.15,0.0
4581.0,2024-01-03,16:30:07,4581.0,21.05,22.01,63.4,10.47,474.61,22.36,63.18,10.66,22.36,63.18,21.82,61.73,10.07,36.38,27.38,10.37,474.61,0.13,2.14,0.0
4582.0,2024-01-03,16:30:08,4582.0,21.05,22,63.41,10.47,472.14,22.35,63.2,10.66,22.35,63.2,21.8,61.8,10.07,36.38,27.36,10.37,472.14,0.13,2.13,0.0
4583.0,2024-01-03,16:30:09,4583.0,21.05,22,63.41,10.47,471.36,22.35,63.2,10.66,22.35,63.2,21.8,61.8,10.07,36.38,27.36,10.37,471.36,0.13,2.13,0.0
4584.0,2024-01-03,16:30:10,4584.0,21.05,22,63.41,10.47,471.73,22.35,63.2,10.66,22.35,63.2,21.8,61.8,10.07,36.38,27.36,10.37,471.73,0.13,2.13,0.0
4585.0,2024-01-03,16:30:11,4585.0,21.05,22,63.41,10.47,473.9,22.35,63.2,10.66,22.35,63.2,21.8,61.8,10.07,36.38,27.36,10.37,473.9,0.13,2.14,0.0
4586.0,2024-01-03,16:30:12,4586.0,21.05,22,63.45,10.47,474.14,22.34,63.22,10.66,22.34,63.22,21.8,61.81,10.07,36.38,27.36,10.37,474.14,0.13,2.14,0.0
4587.0,2024-01-03,16:30:13,4587.0,21.05,22,63.45,10.47,472.82,22.34,63.22,10.66,22.34,63.22,21.8,61.81,10.07,36.38,27.36,10.37,472.82,0.13,2.14,0.0
4588.0,2024-01-03,16:30:14,4588.0,21.05,22,63.45,10.47,471.68,22.34,63.22,10.66,22.34,63.22,21.8,61.81,10.07,36.38,27.36,10.37,471.68,0.13,2.13,0.0
4589.0,2024-01-03,16:30:15,4589.0,21.06,21.99,63.46,10.47,470.88,22.33,63.24,10.65,22.33,63.24,21.79,61.87,10.08,36.38,27.35,10.36,470.88,0.13,2.13,0.0
4590.0,2024-01-03,16:30:16,4590.0,21.06,21.99,63.46,10.47,470.88,22.33,63.24,10.65,22.33,63.24,21.79,61.87,10.08,36.38,27.35,10.36,470.88,0.13,2.13,0.0
4591.0,2024-01-03,16:30:17,4591.0,21.07,21.99,63.46,10.47,471.35,22.32,63.26,10.65,22.32,63.26,21.78,61.95,10.08,36.38,27.34,10.36,471.35,0.13,2.13,0.0
4592.0,2024-01-03,16:30:18,4592.0,21.07,21.99,63.46,10.47,473.24,22.32,63.26,10.65,22.32,63.26,21.78,61.95,10.08,36.38,27.34,10.36,473.24,0.13,2.14,0.0
4593.0,2024-01-03,16:30:19,4593.0,21.07,21.99,63.46,10.47,477.39,22.32,63.26,10.65,22.32,63.26,21.78,61.95,10.08,36.38,27.34,10.36,477.39,0.13,2.16,0.0
4594.0,2024-01-03,16:30:20,4594.0,21.07,21.99,63.46,10.47,479.56,22.32,63.26,10.65,22.32,63.26,21.78,61.95,10.08,36.38,27.34,10.36,479.56,0.13,2.17,0.0
4595.0,2024-01-03,16:30:21,4595.0,21.07,21.98,63.46,10.46,481.53,22.31,63.26,10.65,22.31,63.26,21.78,61.94,10.08,36.37,27.36,10.36,481.53,0.13,2.18,0.0
4596.0,2024-01-03,16:30:22,4596.0,21.07,21.98,63.46,10.46,481.93,22.31,63.26,10.65,22.31,63.26,21.78,61.94,10.08,36.37,27.36,10.36,481.93,0.13,2.18,0.0
4597.0,2024-01-03,16:30:23,4597.0,21.06,21.98,63.47,10.46,481.68,22.31,63.28,10.65,22.31,63.28,21.79,61.91,10.09,36.36,27.37,10.36,481.68,0.13,2.18,0.0
4598.0,2024-01-03,16:30:24,4598.0,21.06,21.98,63.47,10.46,480.03,22.31,63.28,10.65,22.31,63.28,21.79,61.91,10.09,36.36,27.37,10.36,480.03,0.13,2.17,0.0
4599.0,2024-01-03,16:30:25,4599.0,21.06,21.98,63.47,10.46,476.3,22.31,63.28,10.65,22.31,63.28,21.79,61.91,10.09,36.36,27.37,10.36,476.3,0.13,2.16,0.0
4600.0,2024-01-03,16:30:26,4600.0,21.06,21.98,63.47,10.46,474.2,22.31,63.28,10.65,22.31,63.28,21.79,61.91,10.09,36.36,27.37,10.36,474.2,0.13,2.15,0.0
4601.0,2024-01-03,16:30:27,4601.0,21.06,21.97,63.49,10.46,475.55,22.31,63.26,10.64,22.31,63.26,21.8,61.95,10.09,36.36,27.36,10.36,475.55,0.13,2.15,0.0
4602.0,2024-01-03,16:30:28,4602.0,21.06,21.97,63.49,10.46,476.26,22.31,63.26,10.64,22.31,63.26,21.8,61.95,10.09,36.36,27.36,10.36,476.26,0.13,2.16,0.0
4603.0,2024-01-03,16:30:29,4603.0,21.04,21.96,63.49,10.46,473.94,22.3,63.26,10.64,22.3,63.26,21.82,61.84,10.09,36.36,27.35,10.35,473.94,0.13,2.15,0.0
4604.0,2024-01-03,16:30:30,4604.0,21.04,21.96,63.49,10.46,471.36,22.3,63.26,10.64,22.3,63.26,21.82,61.84,10.09,36.36,27.35,10.35,471.36,0.13,2.13,0.0
4605.0,2024-01-03,16:30:31,4605.0,21.04,21.96,63.49,10.46,469.57,22.3,63.26,10.64,22.3,63.26,21.82,61.84,10.09,36.36,27.35,10.35,469.57,0.13,2.13,0.0
4606.0,2024-01-03,16:30:32,4606.0,21.04,21.96,63.49,10.46,468.98,22.3,63.26,10.64,22.3,63.26,21.82,61.84,10.09,36.36,27.35,10.35,468.98,0.13,2.12,0.0
4607.0,2024-01-03,16:30:33,4607.0,21.01,21.96,63.5,10.45,469.97,22.3,63.26,10.64,22.3,63.26,21.85,61.64,10.08,36.35,27.36,10.35,469.97,0.13,2.13,0.0
4608.0,2024-01-03,16:30:34,4608.0,21.01,21.96,63.5,10.45,470.37,22.3,63.26,10.64,22.3,63.26,21.85,61.64,10.08,36.35,27.36,10.35,470.37,0.13,2.13,0.0
4609.0,2024-01-03,16:30:35,4609.0,21,21.95,63.5,10.45,470.91,22.3,63.27,10.64,22.3,63.27,21.87,61.53,10.07,36.36,27.35,10.35,470.91,0.13,2.13,0.0
4610.0,2024-01-03,16:30:36,4610.0,21,21.95,63.5,10.45,471.03,22.3,63.27,10.64,22.3,63.27,21.87,61.53,10.07,36.36,27.35,10.35,471.03,0.13,2.13,0.0
4611.0,2024-01-03,16:30:37,4611.0,21,21.95,63.5,10.45,473.48,22.3,63.27,10.64,22.3,63.27,21.87,61.53,10.07,36.36,27.35,10.35,473.48,0.13,2.15,0.0
4612.0,2024-01-03,16:30:38,4612.0,21,21.95,63.5,10.45,473.78,22.3,63.27,10.64,22.3,63.27,21.87,61.53,10.07,36.36,27.35,10.35,473.78,0.13,2.15,0.0
4613.0,2024-01-03,16:30:39,4613.0,21.01,21.95,63.52,10.45,473.63,22.3,63.27,10.64,22.3,63.27,21.89,61.48,10.07,36.36,27.34,10.35,473.63,0.13,2.15,0.0
4614.0,2024-01-03,16:30:40,4614.0,21.01,21.95,63.52,10.45,473.81,22.3,63.27,10.64,22.3,63.27,21.89,61.48,10.07,36.36,27.34,10.35,473.81,0.13,2.15,0.0
4615.0,2024-01-03,16:30:41,4615.0,21.01,21.95,63.54,10.45,474.56,22.29,63.28,10.63,22.29,63.28,21.88,61.52,10.07,36.35,27.36,10.35,474.56,0.13,2.15,0.0
4616.0,2024-01-03,16:30:42,4616.0,21.01,21.95,63.54,10.45,475.8,22.29,63.28,10.63,22.29,63.28,21.88,61.52,10.07,36.35,27.36,10.35,475.8,0.13,2.16,0.0
4617.0,2024-01-03,16:30:43,4617.0,21.01,21.95,63.54,10.45,476.13,22.29,63.28,10.63,22.29,63.28,21.88,61.52,10.07,36.35,27.36,10.35,476.13,0.13,2.16,0.0
4618.0,2024-01-03,16:30:44,4618.0,21.04,21.94,63.54,10.45,476.34,22.29,63.26,10.63,22.29,63.26,21.88,61.51,10.07,36.35,27.37,10.35,476.34,0.13,2.16,0.0
4619.0,2024-01-03,16:30:45,4619.0,21.04,21.94,63.54,10.45,475.51,22.29,63.26,10.63,22.29,63.26,21.88,61.51,10.07,36.35,27.37,10.35,475.51,0.13,2.16,0.0
4620.0,2024-01-03,16:30:46,4620.0,21.04,21.94,63.54,10.45,473.69,22.29,63.26,10.63,22.29,63.26,21.88,61.51,10.07,36.35,27.37,10.35,473.69,0.13,2.15,0.0
4621.0,2024-01-03,16:30:47,4621.0,21.04,21.94,63.54,10.45,472.94,22.29,63.26,10.63,22.29,63.26,21.88,61.51,10.07,36.35,27.37,10.35,472.94,0.13,2.15,0.0
4622.0,2024-01-03,16:30:48,4622.0,21.04,21.93,63.56,10.45,472.77,22.28,63.29,10.63,22.28,63.29,21.88,61.42,10.06,36.34,27.37,10.35,472.77,0.13,2.15,0.0
4623.0,2024-01-03,16:30:49,4623.0,21.04,21.93,63.56,10.45,475.04,22.28,63.29,10.63,22.28,63.29,21.88,61.42,10.06,36.34,27.37,10.35,475.04,0.13,2.16,0.0
4624.0,2024-01-03,16:30:50,4624.0,21.03,21.93,63.56,10.45,477.08,22.27,63.29,10.63,22.27,63.29,21.89,61.38,10.06,36.33,27.39,10.35,477.08,0.13,2.17,0.0
4625.0,2024-01-03,16:30:51,4625.0,21.03,21.93,63.56,10.45,477.29,22.27,63.29,10.63,22.27,63.29,21.89,61.38,10.06,36.33,27.39,10.35,477.29,0.13,2.17,0.0
4626.0,2024-01-03,16:30:52,4626.0,21.03,21.93,63.56,10.45,476.19,22.27,63.29,10.63,22.27,63.29,21.89,61.38,10.06,36.33,27.39,10.35,476.19,0.13,2.16,0.0
4627.0,2024-01-03,16:30:53,4627.0,21.03,21.93,63.56,10.45,477.54,22.27,63.29,10.63,22.27,63.29,21.89,61.38,10.06,36.33,27.39,10.35,477.54,0.13,2.17,0.0
4628.0,2024-01-03,16:30:54,4628.0,21.04,21.93,63.57,10.45,478.31,22.27,63.3,10.63,22.27,63.3,21.9,61.35,10.06,36.33,27.39,10.35,478.31,0.13,2.17,0.0
4629.0,2024-01-03,16:30:55,4629.0,21.04,21.93,63.57,10.45,476.87,22.27,63.3,10.63,22.27,63.3,21.9,61.35,10.06,36.33,27.39,10.35,476.87,0.13,2.17,0.0
4630.0,2024-01-03,16:30:56,4630.0,21.03,21.93,63.57,10.45,475.33,22.26,63.29,10.62,22.26,63.29,21.92,61.23,10.05,36.33,27.4,10.35,475.33,0.13,2.16,0.0
4631.0,2024-01-03,16:30:57,4631.0,21.03,21.93,63.57,10.45,475.17,22.26,63.29,10.62,22.26,63.29,21.92,61.23,10.05,36.33,27.4,10.35,475.17,0.12,2.16,0.0
4632.0,2024-01-03,16:30:58,4632.0,21.03,21.93,63.57,10.45,473.76,22.26,63.29,10.62,22.26,63.29,21.92,61.23,10.05,36.33,27.4,10.35,473.76,0.12,2.15,0.0
4633.0,2024-01-03,16:30:59,4633.0,21.03,21.93,63.57,10.45,473.47,22.26,63.29,10.62,22.26,63.29,21.92,61.23,10.05,36.33,27.4,10.35,473.47,0.12,2.15,0.0
4634.0,2024-01-03,16:31:00,4634.0,21.03,21.92,63.59,10.45,474.25,22.25,63.34,10.62,22.25,63.34,21.94,61.11,10.04,36.31,27.42,10.35,474.25,0.12,2.16,0.0
4635.0,2024-01-03,16:31:01,4635.0,21.03,21.92,63.59,10.45,475.67,22.25,63.34,10.62,22.25,63.34,21.94,61.11,10.04,36.31,27.42,10.35,475.67,0.12,2.16,0.0
4636.0,2024-01-03,16:31:02,4636.0,21.03,21.92,63.6,10.45,475.81,22.25,63.35,10.62,22.25,63.35,21.95,61.15,10.06,36.31,27.42,10.35,475.81,0.12,2.16,0.0
4637.0,2024-01-03,16:31:03,4637.0,21.03,21.92,63.6,10.45,476.27,22.25,63.35,10.62,22.25,63.35,21.95,61.15,10.06,36.31,27.42,10.35,476.27,0.12,2.17,0.0
4638.0,2024-01-03,16:31:04,4638.0,21.03,21.92,63.6,10.45,476.38,22.25,63.35,10.62,22.25,63.35,21.95,61.15,10.06,36.31,27.42,10.35,476.38,0.12,2.17,0.0
4639.0,2024-01-03,16:31:05,4639.0,21.03,21.92,63.6,10.45,471.59,22.25,63.35,10.62,22.25,63.35,21.95,61.15,10.06,36.31,27.42,10.35,471.59,0.12,2.14,0.0
4640.0,2024-01-03,16:31:06,4640.0,21.02,21.91,63.62,10.44,469.46,22.24,63.36,10.62,22.24,63.36,21.95,61.17,10.06,36.3,27.41,10.34,469.46,0.12,2.13,0.0
4641.0,2024-01-03,16:31:07,4641.0,21.02,21.91,63.62,10.44,466.85,22.24,63.36,10.62,22.24,63.36,21.95,61.17,10.06,36.3,27.41,10.34,466.85,0.12,2.12,0.0
4642.0,2024-01-03,16:31:08,4642.0,21.01,21.91,63.63,10.45,468.25,22.24,63.36,10.62,22.24,63.36,21.95,61.21,10.07,36.31,27.4,10.34,468.25,0.12,2.13,0.0
4643.0,2024-01-03,16:31:09,4643.0,21.01,21.91,63.63,10.45,470.5,22.24,63.36,10.62,22.24,63.36,21.95,61.21,10.07,36.31,27.4,10.34,470.5,0.12,2.14,0.0
4644.0,2024-01-03,16:31:10,4644.0,21.01,21.91,63.63,10.45,471.8,22.24,63.36,10.62,22.24,63.36,21.95,61.21,10.07,36.31,27.4,10.34,471.8,0.12,2.14,0.0
4645.0,2024-01-03,16:31:11,4645.0,20.99,21.91,63.63,10.44,475.15,22.24,63.35,10.62,22.24,63.35,21.93,61.32,10.07,36.31,27.4,10.34,475.15,0.12,2.16,0.0
4646.0,2024-01-03,16:31:12,4646.0,20.99,21.91,63.63,10.44,474.78,22.24,63.35,10.62,22.24,63.35,21.93,61.32,10.07,36.31,27.4,10.34,474.78,0.12,2.16,0.0
4647.0,2024-01-03,16:31:13,4647.0,20.99,21.91,63.63,10.44,473.53,22.24,63.35,10.62,22.24,63.35,21.93,61.32,10.07,36.31,27.4,10.34,473.53,0.12,2.15,0.0
4648.0,2024-01-03,16:31:14,4648.0,20.99,21.91,63.63,10.44,472.06,22.24,63.35,10.62,22.24,63.35,21.93,61.32,10.07,36.31,27.4,10.34,472.06,0.12,2.15,0.0
4649.0,2024-01-03,16:31:15,4649.0,20.98,21.9,63.65,10.44,470.91,22.24,63.37,10.62,22.24,63.37,21.91,61.43,10.08,36.31,27.38,10.34,470.91,0.12,2.14,0.0
4650.0,2024-01-03,16:31:16,4650.0,20.98,21.9,63.65,10.44,470.47,22.24,63.37,10.62,22.24,63.37,21.91,61.43,10.08,36.31,27.38,10.34,470.47,0.12,2.14,0.0
4651.0,2024-01-03,16:31:17,4651.0,20.98,21.9,63.67,10.45,470.3,22.24,63.34,10.61,22.24,63.34,21.91,61.42,10.08,36.31,27.39,10.34,470.3,0.12,2.14,0.0
4652.0,2024-01-03,16:31:18,4652.0,20.98,21.9,63.67,10.45,470.72,22.24,63.34,10.61,22.24,63.34,21.91,61.42,10.08,36.31,27.39,10.34,470.72,0.12,2.14,0.0
4653.0,2024-01-03,16:31:19,4653.0,20.98,21.9,63.67,10.45,472.89,22.24,63.34,10.61,22.24,63.34,21.91,61.42,10.08,36.31,27.39,10.34,472.89,0.12,2.15,0.0
4654.0,2024-01-03,16:31:20,4654.0,20.98,21.9,63.67,10.45,473.25,22.24,63.34,10.61,22.24,63.34,21.91,61.42,10.08,36.31,27.39,10.34,473.25,0.12,2.15,0.0
4655.0,2024-01-03,16:31:21,4655.0,20.97,21.89,63.68,10.44,473.65,22.23,63.38,10.61,22.23,63.38,21.9,61.44,10.07,36.29,27.42,10.34,473.65,0.12,2.15,0.0
4656.0,2024-01-03,16:31:22,4656.0,20.97,21.89,63.68,10.44,473.71,22.23,63.38,10.61,22.23,63.38,21.9,61.44,10.07,36.29,27.42,10.34,473.71,0.12,2.15,0.0
4657.0,2024-01-03,16:31:23,4657.0,20.97,21.89,63.67,10.44,471,22.23,63.38,10.61,22.23,63.38,21.88,61.59,10.09,36.29,27.43,10.35,471,0.12,2.14,0.0
4658.0,2024-01-03,16:31:24,4658.0,20.97,21.89,63.67,10.44,470.57,22.23,63.38,10.61,22.23,63.38,21.88,61.59,10.09,36.29,27.43,10.35,470.57,0.12,2.14,0.0
4659.0,2024-01-03,16:31:25,4659.0,20.97,21.89,63.67,10.44,470.4,22.23,63.38,10.61,22.23,63.38,21.88,61.59,10.09,36.29,27.43,10.35,470.4,0.12,2.14,0.0
4660.0,2024-01-03,16:31:26,4660.0,20.97,21.89,63.67,10.44,470.77,22.23,63.38,10.61,22.23,63.38,21.88,61.59,10.09,36.29,27.43,10.35,470.77,0.12,2.14,0.0
4661.0,2024-01-03,16:31:27,4661.0,20.98,21.89,63.71,10.45,472.91,22.22,63.41,10.61,22.22,63.41,21.85,61.8,10.1,36.29,27.45,10.35,472.91,0.12,2.15,0.0
4662.0,2024-01-03,16:31:28,4662.0,20.98,21.89,63.71,10.45,473.31,22.22,63.41,10.61,22.22,63.41,21.85,61.8,10.1,36.29,27.45,10.35,473.31,0.12,2.16,0.0
4663.0,2024-01-03,16:31:29,4663.0,20.97,21.89,63.7,10.44,474.29,22.21,63.44,10.61,22.21,63.44,21.82,61.95,10.11,36.29,27.46,10.35,474.29,0.12,2.16,0.0
4664.0,2024-01-03,16:31:30,4664.0,20.97,21.89,63.7,10.44,474.57,22.21,63.44,10.61,22.21,63.44,21.82,61.95,10.11,36.29,27.46,10.35,474.57,0.12,2.16,0.0
4665.0,2024-01-03,16:31:31,4665.0,20.97,21.89,63.7,10.44,474.33,22.21,63.44,10.61,22.21,63.44,21.82,61.95,10.11,36.29,27.46,10.35,474.33,0.12,2.16,0.0
4666.0,2024-01-03,16:31:32,4666.0,20.97,21.89,63.7,10.44,474.12,22.21,63.44,10.61,22.21,63.44,21.82,61.95,10.11,36.29,27.46,10.35,474.12,0.12,2.16,0.0
4667.0,2024-01-03,16:31:33,4667.0,20.97,21.89,63.71,10.44,474.18,22.21,63.45,10.61,22.21,63.45,21.8,62.08,10.12,36.29,27.45,10.35,474.18,0.12,2.16,0.0
4668.0,2024-01-03,16:31:34,4668.0,20.97,21.89,63.71,10.44,475.06,22.21,63.45,10.61,22.21,63.45,21.8,62.08,10.12,36.29,27.45,10.35,475.06,0.12,2.17,0.0
4669.0,2024-01-03,16:31:35,4669.0,20.97,21.88,63.77,10.45,472.58,22.2,63.47,10.61,22.2,63.47,21.77,62.2,10.12,36.29,27.45,10.35,472.58,0.12,2.16,0.0
4670.0,2024-01-03,16:31:36,4670.0,20.97,21.88,63.77,10.45,468.82,22.2,63.47,10.61,22.2,63.47,21.77,62.2,10.12,36.29,27.45,10.35,468.82,0.11,2.14,0.0
4671.0,2024-01-03,16:31:37,4671.0,20.97,21.88,63.77,10.45,468.4,22.2,63.47,10.61,22.2,63.47,21.77,62.2,10.12,36.29,27.45,10.35,468.4,0.11,2.14,0.0
4672.0,2024-01-03,16:31:38,4672.0,20.97,21.87,63.78,10.45,467.7,22.19,63.5,10.61,22.19,63.5,21.76,62.24,10.12,36.29,27.44,10.35,467.7,0.11,2.13,0.0
4673.0,2024-01-03,16:31:39,4673.0,20.97,21.87,63.78,10.45,467.84,22.19,63.5,10.61,22.19,63.5,21.76,62.24,10.12,36.29,27.44,10.35,467.84,0.11,2.14,0.0
4674.0,2024-01-03,16:31:40,4674.0,20.97,21.87,63.78,10.45,470.52,22.19,63.5,10.61,22.19,63.5,21.76,62.24,10.12,36.29,27.44,10.35,470.52,0.12,2.15,0.0
4675.0,2024-01-03,16:31:41,4675.0,20.97,21.87,63.79,10.45,474,22.19,63.5,10.61,22.19,63.5,21.76,62.23,10.12,36.31,27.42,10.35,474,0.12,2.16,0.0
4676.0,2024-01-03,16:31:42,4676.0,20.97,21.87,63.79,10.45,478.01,22.19,63.5,10.61,22.19,63.5,21.76,62.23,10.12,36.31,27.42,10.35,478.01,0.12,2.19,0.0
4677.0,2024-01-03,16:31:43,4677.0,20.97,21.87,63.79,10.45,478.55,22.19,63.5,10.61,22.19,63.5,21.76,62.23,10.12,36.31,27.42,10.35,478.55,0.12,2.19,0.0
4678.0,2024-01-03,16:31:44,4678.0,20.97,21.87,63.82,10.45,477.66,22.19,63.54,10.61,22.19,63.54,21.74,62.35,10.12,36.33,27.39,10.35,477.66,0.12,2.18,0.0
4679.0,2024-01-03,16:31:45,4679.0,20.97,21.87,63.82,10.45,476.6,22.19,63.54,10.61,22.19,63.54,21.74,62.35,10.12,36.33,27.39,10.35,476.6,0.12,2.18,0.0
4680.0,2024-01-03,16:31:46,4680.0,20.97,21.87,63.82,10.45,473.78,22.19,63.54,10.61,22.19,63.54,21.74,62.35,10.12,36.33,27.39,10.35,473.78,0.11,2.17,0.0
4681.0,2024-01-03,16:31:47,4681.0,20.97,21.87,63.82,10.45,473.12,22.19,63.54,10.61,22.19,63.54,21.74,62.35,10.12,36.33,27.39,10.35,473.12,0.11,2.17,0.0
4682.0,2024-01-03,16:31:48,4682.0,20.96,21.87,63.84,10.45,472.04,22.18,63.62,10.62,22.18,63.62,21.71,62.42,10.12,36.33,27.4,10.36,472.04,0.12,2.16,0.0
4683.0,2024-01-03,16:31:49,4683.0,20.96,21.87,63.84,10.45,471.61,22.18,63.62,10.62,22.18,63.62,21.71,62.42,10.12,36.33,27.4,10.36,471.61,0.12,2.16,0.0
4684.0,2024-01-03,16:31:50,4684.0,20.97,21.87,63.88,10.46,471.27,22.17,63.66,10.62,22.17,63.66,21.7,62.51,10.13,36.34,27.42,10.36,471.27,0.12,2.16,0.0
4685.0,2024-01-03,16:31:51,4685.0,20.97,21.87,63.88,10.46,471.69,22.17,63.66,10.62,22.17,63.66,21.7,62.51,10.13,36.34,27.42,10.36,471.69,0.11,2.17,0.0
4686.0,2024-01-03,16:31:52,4686.0,20.97,21.87,63.88,10.46,471.86,22.17,63.66,10.62,22.17,63.66,21.7,62.51,10.13,36.34,27.42,10.36,471.86,0.11,2.17,0.0
4687.0,2024-01-03,16:31:53,4687.0,20.97,21.87,63.88,10.46,471.65,22.17,63.66,10.62,22.17,63.66,21.7,62.51,10.13,36.34,27.42,10.36,471.65,0.11,2.17,0.0
4688.0,2024-01-03,16:31:54,4688.0,20.97,21.86,63.9,10.46,471.41,22.17,63.69,10.62,22.17,63.69,21.7,62.54,10.13,36.34,27.42,10.37,471.41,0.11,2.17,0.0
4689.0,2024-01-03,16:31:55,4689.0,20.97,21.86,63.9,10.46,471.55,22.17,63.69,10.62,22.17,63.69,21.7,62.54,10.13,36.34,27.42,10.37,471.55,0.11,2.17,0.0
4690.0,2024-01-03,16:31:56,4690.0,20.97,21.86,63.94,10.46,471.1,22.16,63.73,10.63,22.16,63.73,21.69,62.61,10.13,36.34,27.44,10.37,471.1,0.11,2.17,0.0
4691.0,2024-01-03,16:31:57,4691.0,20.97,21.86,63.94,10.46,468.75,22.16,63.73,10.63,22.16,63.73,21.69,62.61,10.13,36.34,27.44,10.37,468.75,0.11,2.16,0.0
4692.0,2024-01-03,16:31:58,4692.0,20.97,21.86,63.94,10.46,469.31,22.16,63.73,10.63,22.16,63.73,21.69,62.61,10.13,36.34,27.44,10.37,469.31,0.11,2.16,0.0
4693.0,2024-01-03,16:31:59,4693.0,20.97,21.86,63.94,10.46,469.63,22.16,63.73,10.63,22.16,63.73,21.69,62.61,10.13,36.34,27.44,10.37,469.63,0.11,2.16,0.0
4694.0,2024-01-03,16:32:00,4694.0,20.99,21.86,63.95,10.46,469.31,22.16,63.78,10.63,22.16,63.78,21.67,62.69,10.14,36.34,27.45,10.38,469.31,0.11,2.16,0.0
4695.0,2024-01-03,16:32:01,4695.0,20.99,21.86,63.95,10.46,469.03,22.16,63.78,10.63,22.16,63.78,21.67,62.69,10.14,36.34,27.45,10.38,469.03,0.11,2.16,0.0
4696.0,2024-01-03,16:32:02,4696.0,21.02,21.85,63.97,10.46,469.13,22.15,63.8,10.63,22.15,63.8,21.69,62.61,10.13,36.34,27.44,10.37,469.13,0.11,2.16,0.0
4697.0,2024-01-03,16:32:03,4697.0,21.02,21.85,63.97,10.46,468.71,22.15,63.8,10.63,22.15,63.8,21.69,62.61,10.13,36.34,27.44,10.37,468.71,0.11,2.16,0.0
4698.0,2024-01-03,16:32:04,4698.0,21.02,21.85,63.97,10.46,466.04,22.15,63.8,10.63,22.15,63.8,21.69,62.61,10.13,36.34,27.44,10.37,466.04,0.11,2.14,0.0
4699.0,2024-01-03,16:32:05,4699.0,21.02,21.85,63.97,10.46,464.93,22.15,63.8,10.63,22.15,63.8,21.69,62.61,10.13,36.34,27.44,10.37,464.93,0.11,2.14,0.0
4700.0,2024-01-03,16:32:06,4700.0,21.03,21.84,63.99,10.46,467.23,22.14,63.83,10.63,22.14,63.83,21.7,62.52,10.13,36.33,27.45,10.37,467.23,0.11,2.15,0.0
4701.0,2024-01-03,16:32:07,4701.0,21.03,21.84,63.99,10.46,467.53,22.14,63.83,10.63,22.14,63.83,21.7,62.52,10.13,36.33,27.45,10.37,467.53,0.11,2.15,0.0
4702.0,2024-01-03,16:32:08,4702.0,21.03,21.84,64.03,10.47,468.87,22.14,63.84,10.63,22.14,63.84,21.71,62.45,10.12,36.33,27.46,10.38,468.87,0.11,2.16,0.0
4703.0,2024-01-03,16:32:09,4703.0,21.03,21.84,64.03,10.47,469.79,22.14,63.84,10.63,22.14,63.84,21.71,62.45,10.12,36.33,27.46,10.38,469.79,0.11,2.16,0.0
4704.0,2024-01-03,16:32:10,4704.0,21.03,21.84,64.03,10.47,473.01,22.14,63.84,10.63,22.14,63.84,21.71,62.45,10.12,36.33,27.46,10.38,473.01,0.11,2.18,0.0
4705.0,2024-01-03,16:32:11,4705.0,21.03,21.84,64.03,10.47,473.75,22.14,63.84,10.63,22.14,63.84,21.71,62.45,10.12,36.33,27.46,10.38,473.75,0.11,2.18,0.0
4706.0,2024-01-03,16:32:12,4706.0,21.01,21.84,64.03,10.47,472.21,22.14,63.84,10.63,22.14,63.84,21.72,62.42,10.12,36.33,27.47,10.38,472.21,0.11,2.18,0.0
4707.0,2024-01-03,16:32:13,4707.0,21.01,21.84,64.03,10.47,470.83,22.14,63.84,10.63,22.14,63.84,21.72,62.42,10.12,36.33,27.47,10.38,470.83,0.11,2.17,0.0
4708.0,2024-01-03,16:32:14,4708.0,21,21.84,64.04,10.47,471.11,22.13,63.87,10.63,22.13,63.87,21.73,62.35,10.12,36.33,27.47,10.38,471.11,0.11,2.17,0.0
4709.0,2024-01-03,16:32:15,4709.0,21,21.84,64.04,10.47,471.69,22.13,63.87,10.63,22.13,63.87,21.73,62.35,10.12,36.33,27.47,10.38,471.69,0.11,2.17,0.0
4710.0,2024-01-03,16:32:16,4710.0,21,21.84,64.04,10.47,474.85,22.13,63.87,10.63,22.13,63.87,21.73,62.35,10.12,36.33,27.47,10.38,474.85,0.12,2.19,0.0
4711.0,2024-01-03,16:32:17,4711.0,21,21.84,64.04,10.47,475.04,22.13,63.87,10.63,22.13,63.87,21.73,62.35,10.12,36.33,27.47,10.38,475.04,0.12,2.19,0.0
4712.0,2024-01-03,16:32:18,4712.0,20.99,21.83,64.06,10.47,477.41,22.13,63.86,10.63,22.13,63.86,21.73,62.35,10.12,36.33,27.46,10.38,477.41,0.11,2.2,0.0
4713.0,2024-01-03,16:32:19,4713.0,20.99,21.83,64.06,10.47,479.42,22.13,63.86,10.63,22.13,63.86,21.73,62.35,10.12,36.33,27.46,10.38,479.42,0.11,2.21,0.0
4714.0,2024-01-03,16:32:20,4714.0,20.98,21.83,64.07,10.47,479.74,22.13,63.85,10.63,22.13,63.85,21.72,62.43,10.13,36.33,27.45,10.37,479.74,0.11,2.21,0.0
4715.0,2024-01-03,16:32:21,4715.0,20.98,21.83,64.07,10.47,479.44,22.13,63.85,10.63,22.13,63.85,21.72,62.43,10.13,36.33,27.45,10.37,479.44,0.11,2.21,0.0
4716.0,2024-01-03,16:32:22,4716.0,20.98,21.83,64.07,10.47,477.4,22.13,63.85,10.63,22.13,63.85,21.72,62.43,10.13,36.33,27.45,10.37,477.4,0.11,2.2,0.0
4717.0,2024-01-03,16:32:23,4717.0,20.96,21.82,64.07,10.46,473.65,22.13,63.85,10.62,22.13,63.85,21.71,62.52,10.13,36.33,27.44,10.37,473.65,0.11,2.18,0.0
4718.0,2024-01-03,16:32:24,4718.0,20.96,21.82,64.07,10.46,474.32,22.13,63.85,10.62,22.13,63.85,21.71,62.52,10.13,36.33,27.44,10.37,474.32,0.11,2.18,0.0
4719.0,2024-01-03,16:32:25,4719.0,20.96,21.82,64.07,10.46,475.1,22.13,63.85,10.62,22.13,63.85,21.71,62.52,10.13,36.33,27.44,10.37,475.1,0.11,2.19,0.0
4720.0,2024-01-03,16:32:26,4720.0,20.95,21.82,64.03,10.45,475.28,22.12,63.87,10.62,22.12,63.87,21.7,62.56,10.14,36.32,27.44,10.36,475.28,0.11,2.19,0.0
4721.0,2024-01-03,16:32:27,4721.0,20.95,21.82,64.03,10.45,474.98,22.12,63.87,10.62,22.12,63.87,21.7,62.56,10.14,36.32,27.44,10.36,474.98,0.12,2.19,0.0
4722.0,2024-01-03,16:32:28,4722.0,20.95,21.82,64.03,10.45,474.68,22.12,63.87,10.62,22.12,63.87,21.7,62.56,10.14,36.32,27.44,10.36,474.68,0.12,2.18,0.0
4723.0,2024-01-03,16:32:29,4723.0,20.94,21.82,64.04,10.45,474.09,22.12,63.85,10.62,22.12,63.85,21.71,62.53,10.14,36.33,27.44,10.37,474.09,0.12,2.18,0.0
4724.0,2024-01-03,16:32:30,4724.0,20.94,21.82,64.04,10.45,473.16,22.12,63.85,10.62,22.12,63.85,21.71,62.53,10.14,36.33,27.44,10.37,473.16,0.12,2.18,0.0
4725.0,2024-01-03,16:32:31,4725.0,20.94,21.82,64.04,10.45,473.61,22.12,63.85,10.62,22.12,63.85,21.71,62.53,10.14,36.33,27.44,10.37,473.61,0.12,2.18,0.0
4726.0,2024-01-03,16:32:32,4726.0,20.94,21.82,64.04,10.45,474.69,22.12,63.85,10.62,22.12,63.85,21.71,62.53,10.14,36.33,27.44,10.37,474.69,0.12,2.19,0.0
4727.0,2024-01-03,16:32:33,4727.0,20.93,21.81,64.04,10.45,476.53,22.11,63.87,10.62,22.11,63.87,21.72,62.44,10.13,36.32,27.44,10.36,476.53,0.12,2.19,0.0
4728.0,2024-01-03,16:32:34,4728.0,20.93,21.81,64.04,10.45,477.3,22.11,63.87,10.62,22.11,63.87,21.72,62.44,10.13,36.32,27.44,10.36,477.3,0.12,2.2,0.0
4729.0,2024-01-03,16:32:35,4729.0,20.94,21.81,64.07,10.45,477.72,22.12,63.84,10.62,22.12,63.84,21.73,62.35,10.12,36.33,27.43,10.37,477.72,0.12,2.2,0.0
4730.0,2024-01-03,16:32:36,4730.0,20.94,21.81,64.07,10.45,477.55,22.12,63.84,10.62,22.12,63.84,21.73,62.35,10.12,36.33,27.43,10.37,477.55,0.11,2.2,0.0
4731.0,2024-01-03,16:32:37,4731.0,20.94,21.81,64.07,10.45,477.21,22.12,63.84,10.62,22.12,63.84,21.73,62.35,10.12,36.33,27.43,10.37,477.21,0.11,2.2,0.0
4732.0,2024-01-03,16:32:38,4732.0,20.94,21.81,64.07,10.45,474.59,22.12,63.84,10.62,22.12,63.84,21.73,62.35,10.12,36.33,27.43,10.37,474.59,0.11,2.19,0.0
4733.0,2024-01-03,16:32:39,4733.0,20.92,21.81,64.04,10.45,472.04,22.11,63.85,10.62,22.11,63.85,21.75,62.24,10.12,36.33,27.43,10.37,472.04,0.12,2.18,0.0
4734.0,2024-01-03,16:32:40,4734.0,20.92,21.81,64.04,10.45,471.33,22.11,63.85,10.62,22.11,63.85,21.75,62.24,10.12,36.33,27.43,10.37,471.33,0.12,2.18,0.0
4735.0,2024-01-03,16:32:41,4735.0,20.91,21.8,64.06,10.45,474.18,22.11,63.85,10.61,22.11,63.85,21.75,62.2,10.11,36.32,27.44,10.37,474.18,0.12,2.19,0.0
4736.0,2024-01-03,16:32:42,4736.0,20.91,21.8,64.06,10.45,475.5,22.11,63.85,10.61,22.11,63.85,21.75,62.2,10.11,36.32,27.44,10.37,475.5,0.12,2.2,0.0
4737.0,2024-01-03,16:32:43,4737.0,20.91,21.8,64.06,10.45,475.66,22.11,63.85,10.61,22.11,63.85,21.75,62.2,10.11,36.32,27.44,10.37,475.66,0.12,2.2,0.0
4738.0,2024-01-03,16:32:44,4738.0,20.91,21.8,64.06,10.45,475.19,22.11,63.85,10.61,22.11,63.85,21.75,62.2,10.11,36.32,27.44,10.37,475.19,0.12,2.2,0.0
4739.0,2024-01-03,16:32:45,4739.0,20.92,21.79,64.08,10.45,472.88,22.1,63.87,10.61,22.1,63.87,21.78,62.06,10.1,36.32,27.44,10.36,472.88,0.12,2.18,0.0
4740.0,2024-01-03,16:32:46,4740.0,20.92,21.79,64.08,10.45,471.18,22.1,63.87,10.61,22.1,63.87,21.78,62.06,10.1,36.32,27.44,10.36,471.18,0.11,2.18,0.0
4741.0,2024-01-03,16:32:47,4741.0,20.94,21.8,64.08,10.45,472.16,22.1,63.87,10.61,22.1,63.87,21.79,62.02,10.1,36.33,27.43,10.37,472.16,0.11,2.18,0.0
4742.0,2024-01-03,16:32:48,4742.0,20.94,21.8,64.08,10.45,473.74,22.1,63.87,10.61,22.1,63.87,21.79,62.02,10.1,36.33,27.43,10.37,473.74,0.11,2.19,0.0
4743.0,2024-01-03,16:32:49,4743.0,20.94,21.8,64.08,10.45,473.64,22.1,63.87,10.61,22.1,63.87,21.79,62.02,10.1,36.33,27.43,10.37,473.64,0.11,2.19,0.0
4744.0,2024-01-03,16:32:50,4744.0,20.95,21.79,64.09,10.45,472.65,22.1,63.87,10.61,22.1,63.87,21.79,62.1,10.11,36.34,27.42,10.37,472.65,0.11,2.19,0.0
4745.0,2024-01-03,16:32:51,4745.0,20.95,21.79,64.09,10.45,472.46,22.1,63.87,10.61,22.1,63.87,21.79,62.1,10.11,36.34,27.42,10.37,472.46,0.11,2.19,0.0
4746.0,2024-01-03,16:32:52,4746.0,20.95,21.79,64.09,10.45,472.55,22.1,63.87,10.61,22.1,63.87,21.79,62.1,10.11,36.34,27.42,10.37,472.55,0.11,2.19,0.0
4747.0,2024-01-03,16:32:53,4747.0,20.95,21.79,64.09,10.45,473.6,22.1,63.87,10.61,22.1,63.87,21.79,62.1,10.11,36.34,27.42,10.37,473.6,0.11,2.19,0.0
4748.0,2024-01-03,16:32:54,4748.0,20.95,21.79,64.11,10.45,477.85,22.09,63.87,10.61,22.09,63.87,21.8,62.06,10.11,36.33,27.43,10.36,477.85,0.11,2.21,0.0
4749.0,2024-01-03,16:32:55,4749.0,20.95,21.79,64.11,10.45,479.57,22.09,63.87,10.61,22.09,63.87,21.8,62.06,10.11,36.33,27.43,10.36,479.57,0.11,2.22,0.0
4750.0,2024-01-03,16:32:56,4750.0,20.96,21.79,64.1,10.45,481.01,22.09,63.91,10.61,22.09,63.91,21.82,62.04,10.12,36.33,27.43,10.37,481.01,0.11,2.23,0.0
4751.0,2024-01-03,16:32:57,4751.0,20.96,21.79,64.1,10.45,479.13,22.09,63.91,10.61,22.09,63.91,21.82,62.04,10.12,36.33,27.43,10.37,479.13,0.12,2.22,0.0
4752.0,2024-01-03,16:32:58,4752.0,20.96,21.79,64.1,10.45,475.18,22.09,63.91,10.61,22.09,63.91,21.82,62.04,10.12,36.33,27.43,10.37,475.18,0.11,2.2,0.0
4753.0,2024-01-03,16:32:59,4753.0,20.96,21.79,64.1,10.45,474.39,22.09,63.91,10.61,22.09,63.91,21.82,62.04,10.12,36.33,27.43,10.37,474.39,0.11,2.2,0.0
4754.0,2024-01-03,16:33:00,4754.0,20.97,21.79,64.07,10.44,475.19,22.09,63.9,10.61,22.09,63.9,21.82,62.05,10.12,36.32,27.45,10.37,475.19,0.12,2.2,0.0
4755.0,2024-01-03,16:33:01,4755.0,20.97,21.79,64.07,10.44,476.33,22.09,63.9,10.61,22.09,63.9,21.82,62.05,10.12,36.32,27.45,10.37,476.33,0.12,2.21,0.0
4756.0,2024-01-03,16:33:02,4756.0,20.98,21.79,64.07,10.44,479.75,22.08,63.93,10.61,22.08,63.93,21.81,62.13,10.14,36.32,27.46,10.37,479.75,0.12,2.22,0.0
4757.0,2024-01-03,16:33:03,4757.0,20.98,21.79,64.07,10.44,481.61,22.08,63.93,10.61,22.08,63.93,21.81,62.13,10.14,36.32,27.46,10.37,481.61,0.12,2.23,0.0
4758.0,2024-01-03,16:33:04,4758.0,20.98,21.79,64.07,10.44,481.48,22.08,63.93,10.61,22.08,63.93,21.81,62.13,10.14,36.32,27.46,10.37,481.48,0.12,2.23,0.0
4759.0,2024-01-03,16:33:05,4759.0,20.98,21.79,64.07,10.44,481.15,22.08,63.93,10.61,22.08,63.93,21.81,62.13,10.14,36.32,27.46,10.37,481.15,0.12,2.23,0.0
4760.0,2024-01-03,16:33:06,4760.0,20.98,21.78,64.1,10.44,480.71,22.07,63.94,10.6,22.07,63.94,21.81,62.16,10.14,36.31,27.47,10.37,480.71,0.12,2.23,0.0
4761.0,2024-01-03,16:33:07,4761.0,20.98,21.78,64.1,10.44,480.25,22.07,63.94,10.6,22.07,63.94,21.81,62.16,10.14,36.31,27.47,10.37,480.25,0.12,2.23,0.0
4762.0,2024-01-03,16:33:08,4762.0,20.99,21.78,64.11,10.44,479.05,22.07,63.94,10.6,22.07,63.94,21.81,62.21,10.15,36.32,27.48,10.38,479.05,0.12,2.22,0.0
4763.0,2024-01-03,16:33:09,4763.0,20.99,21.78,64.11,10.44,477.68,22.07,63.94,10.6,22.07,63.94,21.81,62.21,10.15,36.32,27.48,10.38,477.68,0.11,2.22,0.0
4764.0,2024-01-03,16:33:10,4764.0,20.99,21.78,64.11,10.44,475.02,22.07,63.94,10.6,22.07,63.94,21.81,62.21,10.15,36.32,27.48,10.38,475.02,0.11,2.21,0.0
4765.0,2024-01-03,16:33:11,4765.0,20.99,21.78,64.11,10.44,473.75,22.07,63.94,10.6,22.07,63.94,21.81,62.21,10.15,36.32,27.48,10.38,473.75,0.11,2.2,0.0
4766.0,2024-01-03,16:33:12,4766.0,20.98,21.78,64.15,10.45,472.65,22.07,63.95,10.6,22.07,63.95,21.82,62.15,10.14,36.32,27.48,10.38,472.65,0.11,2.2,0.0
4767.0,2024-01-03,16:33:13,4767.0,20.98,21.78,64.15,10.45,472.49,22.07,63.95,10.6,22.07,63.95,21.82,62.15,10.14,36.32,27.48,10.38,472.49,0.11,2.2,0.0
4768.0,2024-01-03,16:33:14,4768.0,20.98,21.77,64.19,10.45,472.14,22.07,63.99,10.61,22.07,63.99,21.81,62.22,10.15,36.32,27.48,10.38,472.14,0.11,2.2,0.0
4769.0,2024-01-03,16:33:15,4769.0,20.98,21.77,64.19,10.45,471.89,22.07,63.99,10.61,22.07,63.99,21.81,62.22,10.15,36.32,27.48,10.38,471.89,0.11,2.19,0.0
4770.0,2024-01-03,16:33:16,4770.0,20.98,21.77,64.19,10.45,469.02,22.07,63.99,10.61,22.07,63.99,21.81,62.22,10.15,36.32,27.48,10.38,469.02,0.11,2.18,0.0
4771.0,2024-01-03,16:33:17,4771.0,20.98,21.77,64.19,10.45,467.07,22.07,63.99,10.61,22.07,63.99,21.81,62.22,10.15,36.32,27.48,10.38,467.07,0.11,2.17,0.0
4772.0,2024-01-03,16:33:18,4772.0,20.99,21.77,64.2,10.45,467.88,22.06,64.01,10.61,22.06,64.01,21.79,62.32,10.15,36.32,27.48,10.38,467.88,0.11,2.18,0.0
4773.0,2024-01-03,16:33:19,4773.0,20.99,21.77,64.2,10.45,469.28,22.06,64.01,10.61,22.06,64.01,21.79,62.32,10.15,36.32,27.48,10.38,469.28,0.11,2.18,0.0
4774.0,2024-01-03,16:33:20,4774.0,21,21.77,64.24,10.46,469.6,22.06,64.04,10.61,22.06,64.04,21.78,62.36,10.15,36.33,27.48,10.39,469.6,0.11,2.18,0.0
4775.0,2024-01-03,16:33:21,4775.0,21,21.77,64.24,10.46,472.03,22.06,64.04,10.61,22.06,64.04,21.78,62.36,10.15,36.33,27.48,10.39,472.03,0.11,2.2,0.0
4776.0,2024-01-03,16:33:22,4776.0,21,21.77,64.24,10.46,473.13,22.06,64.04,10.61,22.06,64.04,21.78,62.36,10.15,36.33,27.48,10.39,473.13,0.11,2.2,0.0
4777.0,2024-01-03,16:33:23,4777.0,21.01,21.77,64.24,10.46,474.34,22.06,64.07,10.62,22.06,64.07,21.77,62.42,10.16,36.34,27.48,10.39,474.34,0.11,2.21,0.0
4778.0,2024-01-03,16:33:24,4778.0,21.01,21.77,64.24,10.46,474.75,22.06,64.07,10.62,22.06,64.07,21.77,62.42,10.16,36.34,27.48,10.39,474.75,0.11,2.21,0.0
4779.0,2024-01-03,16:33:25,4779.0,21.01,21.77,64.24,10.46,473.44,22.06,64.07,10.62,22.06,64.07,21.77,62.42,10.16,36.34,27.48,10.39,473.44,0.11,2.21,0.0
4780.0,2024-01-03,16:33:26,4780.0,21,21.76,64.26,10.45,472.06,22.05,64.1,10.62,22.05,64.1,21.76,62.51,10.17,36.33,27.49,10.39,472.06,0.11,2.2,0.0
4781.0,2024-01-03,16:33:27,4781.0,21,21.76,64.26,10.45,470.9,22.05,64.1,10.62,22.05,64.1,21.76,62.51,10.17,36.33,27.49,10.39,470.9,0.11,2.19,0.0
4782.0,2024-01-03,16:33:28,4782.0,21,21.76,64.26,10.45,471.23,22.05,64.1,10.62,22.05,64.1,21.76,62.51,10.17,36.33,27.49,10.39,471.23,0.11,2.19,0.0
4783.0,2024-01-03,16:33:29,4783.0,20.98,21.76,64.3,10.46,472.03,22.05,64.11,10.62,22.05,64.11,21.77,62.5,10.17,36.33,27.51,10.39,472.03,0.11,2.2,0.0
4784.0,2024-01-03,16:33:30,4784.0,20.98,21.76,64.3,10.46,472.39,22.05,64.11,10.62,22.05,64.11,21.77,62.5,10.17,36.33,27.51,10.39,472.39,0.11,2.2,0.0
4785.0,2024-01-03,16:33:31,4785.0,20.98,21.76,64.3,10.46,472.53,22.05,64.11,10.62,22.05,64.11,21.77,62.5,10.17,36.33,27.51,10.39,472.53,0.11,2.2,0.0
4786.0,2024-01-03,16:33:32,4786.0,20.98,21.76,64.3,10.46,472.53,22.05,64.11,10.62,22.05,64.11,21.77,62.5,10.17,36.33,27.51,10.39,472.53,0.11,2.2,0.0
4787.0,2024-01-03,16:33:33,4787.0,20.97,21.75,64.32,10.46,473.74,22.04,64.13,10.62,22.04,64.13,21.79,62.33,10.15,36.32,27.51,10.39,473.74,0.11,2.21,0.0
4788.0,2024-01-03,16:33:34,4788.0,20.97,21.75,64.32,10.46,473.59,22.04,64.13,10.62,22.04,64.13,21.79,62.33,10.15,36.32,27.51,10.39,473.59,0.11,2.21,0.0
4789.0,2024-01-03,16:33:35,4789.0,20.96,21.75,64.35,10.46,472.33,22.04,64.18,10.62,22.04,64.18,21.83,62.04,10.13,36.33,27.51,10.39,472.33,0.11,2.2,0.0
4790.0,2024-01-03,16:33:36,4790.0,20.96,21.75,64.35,10.46,471.21,22.04,64.18,10.62,22.04,64.18,21.83,62.04,10.13,36.33,27.51,10.39,471.21,0.11,2.2,0.0
4791.0,2024-01-03,16:33:37,4791.0,20.96,21.75,64.35,10.46,470.44,22.04,64.18,10.62,22.04,64.18,21.83,62.04,10.13,36.33,27.51,10.39,470.44,0.11,2.19,0.0
4792.0,2024-01-03,16:33:38,4792.0,20.96,21.75,64.35,10.46,470.66,22.04,64.18,10.62,22.04,64.18,21.83,62.04,10.13,36.33,27.51,10.39,470.66,0.11,2.19,0.0
4793.0,2024-01-03,16:33:39,4793.0,20.96,21.75,64.37,10.46,470.86,22.04,64.16,10.62,22.04,64.16,21.86,61.85,10.12,36.32,27.53,10.4,470.86,0.11,2.2,0.0
4794.0,2024-01-03,16:33:40,4794.0,20.96,21.75,64.37,10.46,470.93,22.04,64.16,10.62,22.04,64.16,21.86,61.85,10.12,36.32,27.53,10.4,470.93,0.11,2.2,0.0
4795.0,2024-01-03,16:33:41,4795.0,20.95,21.74,64.4,10.47,466.43,22.03,64.2,10.62,22.03,64.2,21.86,61.8,10.11,36.31,27.53,10.39,466.43,0.11,2.18,0.0
4796.0,2024-01-03,16:33:42,4796.0,20.95,21.74,64.4,10.47,465.07,22.03,64.2,10.62,22.03,64.2,21.86,61.8,10.11,36.31,27.53,10.39,465.07,0.11,2.17,0.0
4797.0,2024-01-03,16:33:43,4797.0,20.95,21.74,64.4,10.47,463.01,22.03,64.2,10.62,22.03,64.2,21.86,61.8,10.11,36.31,27.53,10.39,463.01,0.11,2.16,0.0
4798.0,2024-01-03,16:33:44,4798.0,20.95,21.74,64.4,10.47,464.86,22.03,64.2,10.62,22.03,64.2,21.86,61.8,10.11,36.31,27.53,10.39,464.86,0.11,2.17,0.0
4799.0,2024-01-03,16:33:45,4799.0,20.95,21.74,64.41,10.47,468.79,22.03,64.21,10.62,22.03,64.21,21.84,61.87,10.11,36.31,27.53,10.39,468.79,0.11,2.18,0.0
4800.0,2024-01-03,16:33:46,4800.0,20.95,21.74,64.41,10.47,471.63,22.03,64.21,10.62,22.03,64.21,21.84,61.87,10.11,36.31,27.53,10.39,471.63,0.11,2.19,0.0
4801.0,2024-01-03,16:33:47,4801.0,20.95,21.73,64.41,10.46,473.16,22.03,64.2,10.62,22.03,64.2,21.83,61.92,10.11,36.3,27.54,10.39,473.16,0.11,2.2,0.0
4802.0,2024-01-03,16:33:48,4802.0,20.95,21.73,64.41,10.46,477.01,22.03,64.2,10.62,22.03,64.2,21.83,61.92,10.11,36.3,27.54,10.39,477.01,0.11,2.22,0.0
4803.0,2024-01-03,16:33:49,4803.0,20.95,21.73,64.41,10.46,477.59,22.03,64.2,10.62,22.03,64.2,21.83,61.92,10.11,36.3,27.54,10.39,477.59,0.11,2.22,0.0
4804.0,2024-01-03,16:33:50,4804.0,20.95,21.73,64.41,10.46,477.46,22.03,64.2,10.62,22.03,64.2,21.83,61.92,10.11,36.3,27.54,10.39,477.46,0.11,2.22,0.0
4805.0,2024-01-03,16:33:51,4805.0,20.95,21.73,64.42,10.46,474.89,22.03,64.19,10.62,22.03,64.19,21.82,61.95,10.11,36.3,27.54,10.39,474.89,0.11,2.21,0.0
4806.0,2024-01-03,16:33:52,4806.0,20.95,21.73,64.42,10.46,472.78,22.03,64.19,10.62,22.03,64.19,21.82,61.95,10.11,36.3,27.54,10.39,472.78,0.11,2.2,0.0
4807.0,2024-01-03,16:33:53,4807.0,20.94,21.73,64.42,10.46,472.51,22.02,64.22,10.62,22.02,64.22,21.81,61.98,10.11,36.3,27.53,10.39,472.51,0.11,2.2,0.0
4808.0,2024-01-03,16:33:54,4808.0,20.94,21.73,64.42,10.46,472.66,22.02,64.22,10.62,22.02,64.22,21.81,61.98,10.11,36.3,27.53,10.39,472.66,0.11,2.2,0.0
4809.0,2024-01-03,16:33:55,4809.0,20.94,21.73,64.42,10.46,474.91,22.02,64.22,10.62,22.02,64.22,21.81,61.98,10.11,36.3,27.53,10.39,474.91,0.11,2.21,0.0
4810.0,2024-01-03,16:33:56,4810.0,20.94,21.73,64.44,10.47,476.27,22.02,64.25,10.62,22.02,64.25,21.83,61.86,10.1,36.31,27.52,10.39,476.27,0.11,2.21,0.0
4811.0,2024-01-03,16:33:57,4811.0,20.94,21.73,64.44,10.47,477.4,22.02,64.25,10.62,22.02,64.25,21.83,61.86,10.1,36.31,27.52,10.39,477.4,0.11,2.22,0.0
4812.0,2024-01-03,16:33:58,4812.0,20.94,21.73,64.44,10.47,478.66,22.02,64.25,10.62,22.02,64.25,21.83,61.86,10.1,36.31,27.52,10.39,478.66,0.11,2.23,0.0
4813.0,2024-01-03,16:33:59,4813.0,20.94,21.73,64.44,10.47,478.96,22.02,64.25,10.62,22.02,64.25,21.83,61.86,10.1,36.31,27.52,10.39,478.96,0.11,2.23,0.0
4814.0,2024-01-03,16:34:00,4814.0,20.94,21.74,64.45,10.47,476.46,22.03,64.24,10.62,22.03,64.24,21.86,61.69,10.09,36.32,27.5,10.39,476.46,0.11,2.22,0.0
4815.0,2024-01-03,16:34:01,4815.0,20.94,21.74,64.45,10.47,473.64,22.03,64.24,10.62,22.03,64.24,21.86,61.69,10.09,36.32,27.5,10.39,473.64,0.11,2.2,0.0
4816.0,2024-01-03,16:34:02,4816.0,20.94,21.73,64.46,10.47,471.23,22.02,64.26,10.63,22.02,64.26,21.88,61.51,10.08,36.32,27.5,10.39,471.23,0.11,2.19,0.0
4817.0,2024-01-03,16:34:03,4817.0,20.94,21.73,64.46,10.47,470.92,22.02,64.26,10.63,22.02,64.26,21.88,61.51,10.08,36.32,27.5,10.39,470.92,0.11,2.19,0.0
4818.0,2024-01-03,16:34:04,4818.0,20.94,21.73,64.46,10.47,470.25,22.02,64.26,10.63,22.02,64.26,21.88,61.51,10.08,36.32,27.5,10.39,470.25,0.11,2.19,0.0
4819.0,2024-01-03,16:34:05,4819.0,20.94,21.73,64.46,10.47,470.27,22.02,64.26,10.63,22.02,64.26,21.88,61.51,10.08,36.32,27.5,10.39,470.27,0.11,2.19,0.0
4820.0,2024-01-03,16:34:06,4820.0,20.93,21.73,64.47,10.47,472.98,22.02,64.28,10.63,22.02,64.28,21.88,61.47,10.07,36.33,27.49,10.39,472.98,0.11,2.2,0.0
4821.0,2024-01-03,16:34:07,4821.0,20.93,21.73,64.47,10.47,473.77,22.02,64.28,10.63,22.02,64.28,21.88,61.47,10.07,36.33,27.49,10.39,473.77,0.11,2.2,0.0
4822.0,2024-01-03,16:34:08,4822.0,20.93,21.73,64.47,10.47,470.84,22.02,64.28,10.63,22.02,64.28,21.92,61.16,10.04,36.32,27.49,10.38,470.84,0.11,2.19,0.0
4823.0,2024-01-03,16:34:09,4823.0,20.93,21.73,64.47,10.47,468.61,22.02,64.28,10.63,22.02,64.28,21.92,61.16,10.04,36.32,27.49,10.38,468.61,0.11,2.18,0.0
4824.0,2024-01-03,16:34:10,4824.0,20.93,21.73,64.47,10.47,466.25,22.02,64.28,10.63,22.02,64.28,21.92,61.16,10.04,36.32,27.49,10.38,466.25,0.11,2.17,0.0
4825.0,2024-01-03,16:34:11,4825.0,20.93,21.73,64.47,10.47,467.66,22.02,64.28,10.63,22.02,64.28,21.92,61.16,10.04,36.32,27.49,10.38,467.66,0.11,2.17,0.0
4826.0,2024-01-03,16:34:12,4826.0,20.93,21.72,64.47,10.46,468.08,22.01,64.27,10.62,22.01,64.27,21.92,61.14,10.04,36.32,27.48,10.38,468.08,0.11,2.18,0.0
4827.0,2024-01-03,16:34:13,4827.0,20.93,21.72,64.47,10.46,469.36,22.01,64.27,10.62,22.01,64.27,21.92,61.14,10.04,36.32,27.48,10.38,469.36,0.11,2.18,0.0
4828.0,2024-01-03,16:34:14,4828.0,20.94,21.72,64.46,10.46,470.41,22.01,64.28,10.62,22.01,64.28,21.9,61.28,10.05,36.32,27.47,10.37,470.41,0.11,2.19,0.0
4829.0,2024-01-03,16:34:15,4829.0,20.94,21.72,64.46,10.46,470.26,22.01,64.28,10.62,22.01,64.28,21.9,61.28,10.05,36.32,27.47,10.37,470.26,0.11,2.19,0.0
4830.0,2024-01-03,16:34:16,4830.0,20.94,21.72,64.46,10.46,468.99,22.01,64.28,10.62,22.01,64.28,21.9,61.28,10.05,36.32,27.47,10.37,468.99,0.11,2.18,0.0
4831.0,2024-01-03,16:34:17,4831.0,20.95,21.72,64.46,10.46,467.25,22.01,64.28,10.62,22.01,64.28,21.87,61.52,10.07,36.33,27.46,10.38,467.25,0.11,2.17,0.0
4832.0,2024-01-03,16:34:18,4832.0,20.95,21.72,64.46,10.46,468.06,22.01,64.28,10.62,22.01,64.28,21.87,61.52,10.07,36.33,27.46,10.38,468.06,0.11,2.18,0.0
4833.0,2024-01-03,16:34:19,4833.0,20.95,21.72,64.46,10.46,471.23,22.01,64.28,10.62,22.01,64.28,21.87,61.52,10.07,36.33,27.46,10.38,471.23,0.11,2.19,0.0
4834.0,2024-01-03,16:34:20,4834.0,20.95,21.72,64.45,10.46,471.48,22.01,64.28,10.62,22.01,64.28,21.84,61.67,10.08,36.33,27.45,10.37,471.48,0.11,2.19,0.0
4835.0,2024-01-03,16:34:21,4835.0,20.95,21.72,64.45,10.46,469.47,22.01,64.28,10.62,22.01,64.28,21.84,61.67,10.08,36.33,27.45,10.37,469.47,0.11,2.18,0.0
4836.0,2024-01-03,16:34:22,4836.0,20.95,21.72,64.45,10.46,469.13,22.01,64.28,10.62,22.01,64.28,21.84,61.67,10.08,36.33,27.45,10.37,469.13,0.11,2.18,0.0
4837.0,2024-01-03,16:34:23,4837.0,20.94,21.72,64.44,10.46,471.73,22,64.29,10.62,22,64.29,21.82,61.86,10.09,36.34,27.44,10.37,471.73,0.11,2.2,0.0
4838.0,2024-01-03,16:34:24,4838.0,20.94,21.72,64.44,10.46,472.17,22,64.29,10.62,22,64.29,21.82,61.86,10.09,36.34,27.44,10.37,472.17,0.11,2.2,0.0
4839.0,2024-01-03,16:34:25,4839.0,20.94,21.72,64.44,10.46,472.37,22,64.29,10.62,22,64.29,21.82,61.86,10.09,36.34,27.44,10.37,472.37,0.11,2.2,0.0
4840.0,2024-01-03,16:34:26,4840.0,20.93,21.71,64.43,10.45,472.35,22,64.3,10.62,22,64.3,21.8,61.93,10.1,36.34,27.43,10.37,472.35,0.11,2.2,0.0
4841.0,2024-01-03,16:34:27,4841.0,20.93,21.71,64.43,10.45,471.99,22,64.3,10.62,22,64.3,21.8,61.93,10.1,36.34,27.43,10.37,471.99,0.11,2.2,0.0
4842.0,2024-01-03,16:34:28,4842.0,20.93,21.71,64.43,10.45,473.32,22,64.3,10.62,22,64.3,21.8,61.93,10.1,36.34,27.43,10.37,473.32,0.11,2.21,0.0
4843.0,2024-01-03,16:34:29,4843.0,20.93,21.71,64.42,10.45,474.65,21.99,64.31,10.61,21.99,64.31,21.8,62.02,10.11,36.34,27.43,10.37,474.65,0.11,2.21,0.0
4844.0,2024-01-03,16:34:30,4844.0,20.93,21.71,64.42,10.45,472.98,21.99,64.31,10.61,21.99,64.31,21.8,62.02,10.11,36.34,27.43,10.37,472.98,0.11,2.21,0.0
4845.0,2024-01-03,16:34:31,4845.0,20.93,21.71,64.42,10.45,469.59,21.99,64.31,10.61,21.99,64.31,21.8,62.02,10.11,36.34,27.43,10.37,469.59,0.11,2.19,0.0
4846.0,2024-01-03,16:34:32,4846.0,20.93,21.71,64.42,10.45,469.92,21.99,64.31,10.61,21.99,64.31,21.8,62.02,10.11,36.34,27.43,10.37,469.92,0.11,2.19,0.0
4847.0,2024-01-03,16:34:33,4847.0,20.93,21.71,64.43,10.45,472.14,21.99,64.3,10.61,21.99,64.3,21.79,62.15,10.12,36.34,27.43,10.37,472.14,0.11,2.2,0.0
4848.0,2024-01-03,16:34:34,4848.0,20.93,21.71,64.43,10.45,474.6,21.99,64.3,10.61,21.99,64.3,21.79,62.15,10.12,36.34,27.43,10.37,474.6,0.11,2.22,0.0
4849.0,2024-01-03,16:34:35,4849.0,20.92,21.71,64.44,10.45,478.62,21.99,64.32,10.61,21.99,64.32,21.76,62.38,10.14,36.34,27.43,10.37,478.62,0.11,2.23,0.0
4850.0,2024-01-03,16:34:36,4850.0,20.92,21.71,64.44,10.45,478.81,21.99,64.32,10.61,21.99,64.32,21.76,62.38,10.14,36.34,27.43,10.37,478.81,0.11,2.24,0.0
4851.0,2024-01-03,16:34:37,4851.0,20.92,21.71,64.44,10.45,478.98,21.99,64.32,10.61,21.99,64.32,21.76,62.38,10.14,36.34,27.43,10.37,478.98,0.11,2.24,0.0
4852.0,2024-01-03,16:34:38,4852.0,20.92,21.71,64.44,10.45,479.28,21.99,64.32,10.61,21.99,64.32,21.76,62.38,10.14,36.34,27.43,10.37,479.28,0.11,2.24,0.0
4853.0,2024-01-03,16:34:39,4853.0,20.93,21.71,64.45,10.45,480.11,21.99,64.32,10.61,21.99,64.32,21.72,62.64,10.16,36.35,27.42,10.37,480.11,0.11,2.25,0.0
4854.0,2024-01-03,16:34:40,4854.0,20.93,21.71,64.45,10.45,481.33,21.99,64.32,10.61,21.99,64.32,21.72,62.64,10.16,36.35,27.42,10.37,481.33,0.11,2.25,0.0
4855.0,2024-01-03,16:34:41,4855.0,20.94,21.7,64.46,10.45,480.96,21.98,64.36,10.61,21.98,64.36,21.69,62.84,10.17,36.35,27.43,10.38,480.96,0.11,2.25,0.0
4856.0,2024-01-03,16:34:42,4856.0,20.94,21.7,64.46,10.45,480.25,21.98,64.36,10.61,21.98,64.36,21.69,62.84,10.17,36.35,27.43,10.38,480.25,0.11,2.25,0.0
4857.0,2024-01-03,16:34:43,4857.0,20.94,21.7,64.46,10.45,479.76,21.98,64.36,10.61,21.98,64.36,21.69,62.84,10.17,36.35,27.43,10.38,479.76,0.11,2.25,0.0
4858.0,2024-01-03,16:34:44,4858.0,20.95,21.7,64.48,10.45,475.33,21.98,64.4,10.62,21.98,64.4,21.67,62.91,10.18,36.36,27.44,10.39,475.33,0.11,2.22,0.0
4859.0,2024-01-03,16:34:45,4859.0,20.95,21.7,64.48,10.45,474.69,21.98,64.4,10.62,21.98,64.4,21.67,62.91,10.18,36.36,27.44,10.39,474.69,0.11,2.22,0.0
4860.0,2024-01-03,16:34:46,4860.0,20.95,21.7,64.48,10.45,474.06,21.98,64.4,10.62,21.98,64.4,21.67,62.91,10.18,36.36,27.44,10.39,474.06,0.11,2.22,0.0
4861.0,2024-01-03,16:34:47,4861.0,20.93,21.7,64.51,10.46,473.73,21.97,64.42,10.62,21.97,64.42,21.68,62.83,10.17,36.35,27.47,10.39,473.73,0.11,2.22,0.0
4862.0,2024-01-03,16:34:48,4862.0,20.93,21.7,64.51,10.46,472.04,21.97,64.42,10.62,21.97,64.42,21.68,62.83,10.17,36.35,27.47,10.39,472.04,0.11,2.21,0.0
4863.0,2024-01-03,16:34:49,4863.0,20.93,21.7,64.51,10.46,471.38,21.97,64.42,10.62,21.97,64.42,21.68,62.83,10.17,36.35,27.47,10.39,471.38,0.11,2.21,0.0
4864.0,2024-01-03,16:34:50,4864.0,20.91,21.69,64.57,10.46,471.42,21.96,64.46,10.62,21.96,64.46,21.7,62.72,10.16,36.34,27.49,10.4,471.42,0.11,2.21,0.0
4865.0,2024-01-03,16:34:51,4865.0,20.91,21.69,64.57,10.46,473.52,21.96,64.46,10.62,21.96,64.46,21.7,62.72,10.16,36.34,27.49,10.4,473.52,0.11,2.22,0.0
4866.0,2024-01-03,16:34:52,4866.0,20.91,21.69,64.57,10.46,477.03,21.96,64.46,10.62,21.96,64.46,21.7,62.72,10.16,36.34,27.49,10.4,477.03,0.11,2.24,0.0
4867.0,2024-01-03,16:34:53,4867.0,20.91,21.69,64.57,10.46,476.8,21.96,64.46,10.62,21.96,64.46,21.7,62.72,10.16,36.34,27.49,10.4,476.8,0.11,2.24,0.0
4868.0,2024-01-03,16:34:54,4868.0,20.9,21.69,64.59,10.46,476.63,21.96,64.49,10.62,21.96,64.49,21.71,62.66,10.16,36.33,27.49,10.39,476.63,0.11,2.23,0.0
4869.0,2024-01-03,16:34:55,4869.0,20.9,21.69,64.59,10.46,476.76,21.96,64.49,10.62,21.96,64.49,21.71,62.66,10.16,36.33,27.49,10.39,476.76,0.11,2.23,0.0
4870.0,2024-01-03,16:34:56,4870.0,20.9,21.69,64.6,10.46,474.41,21.95,64.51,10.62,21.95,64.51,21.72,62.55,10.14,36.33,27.53,10.4,474.41,0.11,2.22,0.0
4871.0,2024-01-03,16:34:57,4871.0,20.9,21.69,64.6,10.46,472.29,21.95,64.51,10.62,21.95,64.51,21.72,62.55,10.14,36.33,27.53,10.4,472.29,0.11,2.22,0.0
4872.0,2024-01-03,16:34:58,4872.0,20.9,21.69,64.6,10.46,472.04,21.95,64.51,10.62,21.95,64.51,21.72,62.55,10.14,36.33,27.53,10.4,472.04,0.11,2.22,0.0
4873.0,2024-01-03,16:34:59,4873.0,20.9,21.69,64.6,10.46,474.98,21.95,64.51,10.62,21.95,64.51,21.72,62.55,10.14,36.33,27.53,10.4,474.98,0.11,2.23,0.0
4874.0,2024-01-03,16:35:00,4874.0,20.89,21.68,64.64,10.47,477.72,21.95,64.52,10.62,21.95,64.52,21.71,62.56,10.14,36.33,27.52,10.4,477.72,0.11,2.24,0.0
4875.0,2024-01-03,16:35:01,4875.0,20.89,21.68,64.64,10.47,478.65,21.95,64.52,10.62,21.95,64.52,21.71,62.56,10.14,36.33,27.52,10.4,478.65,0.11,2.25,0.0
4876.0,2024-01-03,16:35:02,4876.0,20.86,21.68,64.65,10.47,479.44,21.95,64.54,10.62,21.95,64.54,21.71,62.57,10.14,36.33,27.48,10.39,479.44,0.11,2.25,0.0
4877.0,2024-01-03,16:35:03,4877.0,20.86,21.68,64.65,10.47,478.34,21.95,64.54,10.62,21.95,64.54,21.71,62.57,10.14,36.33,27.48,10.39,478.34,0.11,2.24,0.0
4878.0,2024-01-03,16:35:04,4878.0,20.86,21.68,64.65,10.47,476.24,21.95,64.54,10.62,21.95,64.54,21.71,62.57,10.14,36.33,27.48,10.39,476.24,0.11,2.23,0.0
4879.0,2024-01-03,16:35:05,4879.0,20.87,21.68,64.67,10.47,474.29,21.95,64.57,10.63,21.95,64.57,21.7,62.56,10.14,36.34,27.52,10.41,474.29,0.11,2.22,0.0
4880.0,2024-01-03,16:35:06,4880.0,20.87,21.68,64.67,10.47,474.96,21.95,64.57,10.63,21.95,64.57,21.7,62.56,10.14,36.34,27.52,10.41,474.96,0.11,2.23,0.0
4881.0,2024-01-03,16:35:07,4881.0,20.87,21.68,64.67,10.47,475.23,21.95,64.57,10.63,21.95,64.57,21.7,62.56,10.14,36.34,27.52,10.41,475.23,0.11,2.23,0.0
4882.0,2024-01-03,16:35:08,4882.0,20.88,21.68,64.65,10.47,475.22,21.94,64.59,10.63,21.94,64.59,21.69,62.57,10.13,36.34,27.53,10.41,475.22,0.11,2.23,0.0
4883.0,2024-01-03,16:35:09,4883.0,20.88,21.68,64.65,10.47,477.4,21.94,64.59,10.63,21.94,64.59,21.69,62.57,10.13,36.34,27.53,10.41,477.4,0.11,2.24,0.0
4884.0,2024-01-03,16:35:10,4884.0,20.88,21.68,64.65,10.47,477.59,21.94,64.59,10.63,21.94,64.59,21.69,62.57,10.13,36.34,27.53,10.41,477.59,0.11,2.25,0.0
4885.0,2024-01-03,16:35:11,4885.0,20.92,21.68,64.66,10.47,474.76,21.94,64.61,10.63,21.94,64.61,21.72,62.36,10.11,36.34,27.54,10.41,474.76,0.11,2.23,0.0
4886.0,2024-01-03,16:35:12,4886.0,20.92,21.68,64.66,10.47,473.96,21.94,64.61,10.63,21.94,64.61,21.72,62.36,10.11,36.34,27.54,10.41,473.96,0.11,2.23,0.0
4887.0,2024-01-03,16:35:13,4887.0,20.92,21.68,64.66,10.47,473.78,21.94,64.61,10.63,21.94,64.61,21.72,62.36,10.11,36.34,27.54,10.41,473.78,0.11,2.23,0.0
4888.0,2024-01-03,16:35:14,4888.0,20.92,21.68,64.66,10.47,473.39,21.94,64.61,10.63,21.94,64.61,21.72,62.36,10.11,36.34,27.54,10.41,473.39,0.11,2.23,0.0
4889.0,2024-01-03,16:35:15,4889.0,20.94,21.67,64.71,10.47,473.42,21.93,64.62,10.63,21.93,64.62,21.72,62.28,10.1,36.33,27.55,10.41,473.42,0.1,2.23,0.0
4890.0,2024-01-03,16:35:16,4890.0,20.94,21.67,64.71,10.47,474.36,21.93,64.62,10.63,21.93,64.62,21.72,62.28,10.1,36.33,27.55,10.41,474.36,0.1,2.23,0.0
4891.0,2024-01-03,16:35:17,4891.0,20.96,21.67,64.69,10.47,475.02,21.93,64.65,10.63,21.93,64.65,21.7,62.38,10.11,36.31,27.47,10.37,475.02,0.1,2.24,0.0
4892.0,2024-01-03,16:35:18,4892.0,20.96,21.67,64.69,10.47,476.48,21.93,64.65,10.63,21.93,64.65,21.7,62.38,10.11,36.31,27.47,10.37,476.48,0.11,2.22,0.0
4893.0,2024-01-03,16:35:19,4893.0,20.96,21.67,64.69,10.47,476.07,21.93,64.65,10.63,21.93,64.65,21.7,62.38,10.11,36.31,27.47,10.37,476.07,0.11,2.22,0.0
4894.0,2024-01-03,16:35:20,4894.0,20.96,21.67,64.69,10.47,475.19,21.93,64.65,10.63,21.93,64.65,21.7,62.38,10.11,36.31,27.47,10.37,475.19,0.11,2.22,0.0
4895.0,2024-01-03,16:35:21,4895.0,20.99,21.67,64.69,10.47,474.06,21.93,64.66,10.63,21.93,64.66,21.7,62.45,10.11,36.32,27.57,10.41,474.06,0.11,2.23,0.0
4896.0,2024-01-03,16:35:22,4896.0,20.99,21.67,64.69,10.47,473.76,21.93,64.66,10.63,21.93,64.66,21.7,62.45,10.11,36.32,27.57,10.41,473.76,0.11,2.23,0.0
4897.0,2024-01-03,16:35:23,4897.0,20.99,21.67,64.7,10.47,473.8,21.92,64.65,10.63,21.92,64.65,21.69,62.47,10.12,36.32,27.56,10.41,473.8,0.11,2.23,0.0
4898.0,2024-01-03,16:35:24,4898.0,20.99,21.67,64.7,10.47,473.78,21.92,64.65,10.63,21.92,64.65,21.69,62.47,10.12,36.32,27.56,10.41,473.78,0.1,2.23,0.0
4899.0,2024-01-03,16:35:25,4899.0,20.99,21.67,64.7,10.47,473.76,21.92,64.65,10.63,21.92,64.65,21.69,62.47,10.12,36.32,27.56,10.41,473.76,0.1,2.23,0.0
4900.0,2024-01-03,16:35:26,4900.0,20.99,21.67,64.7,10.47,473.76,21.92,64.65,10.63,21.92,64.65,21.69,62.47,10.12,36.32,27.56,10.41,473.76,0.1,2.23,0.0
4901.0,2024-01-03,16:35:27,4901.0,20.99,21.67,64.68,10.47,472.25,21.92,64.63,10.62,21.92,64.63,21.7,62.44,10.11,36.32,27.54,10.4,472.25,0.1,2.22,0.0
4902.0,2024-01-03,16:35:28,4902.0,20.99,21.67,64.68,10.47,471.18,21.92,64.63,10.62,21.92,64.63,21.7,62.44,10.11,36.32,27.54,10.4,471.18,0.1,2.22,0.0
4903.0,2024-01-03,16:35:29,4903.0,20.96,21.66,64.69,10.46,468.39,21.92,64.64,10.62,21.92,64.64,21.68,62.49,10.11,36.32,27.51,10.39,468.39,0.1,2.2,0.0
4904.0,2024-01-03,16:35:30,4904.0,20.96,21.66,64.69,10.46,467.29,21.92,64.64,10.62,21.92,64.64,21.68,62.49,10.11,36.32,27.51,10.39,467.29,0.1,2.19,0.0
4905.0,2024-01-03,16:35:31,4905.0,20.96,21.66,64.69,10.46,469.13,21.92,64.64,10.62,21.92,64.64,21.68,62.49,10.11,36.32,27.51,10.39,469.13,0.1,2.2,0.0
4906.0,2024-01-03,16:35:32,4906.0,20.96,21.66,64.69,10.46,469.52,21.92,64.64,10.62,21.92,64.64,21.68,62.49,10.11,36.32,27.51,10.39,469.52,0.1,2.21,0.0
4907.0,2024-01-03,16:35:33,4907.0,20.97,21.66,64.68,10.46,466.87,21.92,64.66,10.62,21.92,64.66,21.69,62.46,10.11,36.33,27.48,10.39,466.87,0.1,2.19,0.0
4908.0,2024-01-03,16:35:34,4908.0,20.97,21.66,64.68,10.46,466.26,21.92,64.66,10.62,21.92,64.66,21.69,62.46,10.11,36.33,27.48,10.39,466.26,0.1,2.19,0.0
4909.0,2024-01-03,16:35:35,4909.0,20.97,21.66,64.68,10.46,467.09,21.91,64.67,10.62,21.91,64.67,21.71,62.29,10.1,36.35,27.45,10.38,467.09,0.1,2.19,0.0
4910.0,2024-01-03,16:35:36,4910.0,20.97,21.66,64.68,10.46,468.82,21.91,64.67,10.62,21.91,64.67,21.71,62.29,10.1,36.35,27.45,10.38,468.82,0.1,2.2,0.0
4911.0,2024-01-03,16:35:37,4911.0,20.97,21.66,64.68,10.46,469.73,21.91,64.67,10.62,21.91,64.67,21.71,62.29,10.1,36.35,27.45,10.38,469.73,0.1,2.21,0.0
4912.0,2024-01-03,16:35:38,4912.0,20.96,21.66,64.67,10.46,470.76,21.91,64.69,10.62,21.91,64.69,21.73,62.2,10.1,36.36,27.43,10.38,470.76,0.1,2.21,0.0
4913.0,2024-01-03,16:35:39,4913.0,20.96,21.66,64.67,10.46,471.08,21.91,64.69,10.62,21.91,64.69,21.73,62.2,10.1,36.36,27.43,10.38,471.08,0.11,2.22,0.0
4914.0,2024-01-03,16:35:40,4914.0,20.96,21.66,64.67,10.46,472.96,21.91,64.69,10.62,21.91,64.69,21.73,62.2,10.1,36.36,27.43,10.38,472.96,0.11,2.22,0.0
4915.0,2024-01-03,16:35:41,4915.0,20.93,21.66,64.69,10.46,472.45,21.9,64.68,10.62,21.9,64.68,21.73,62.23,10.1,36.36,27.42,10.38,472.45,0.11,2.22,0.0
4916.0,2024-01-03,16:35:42,4916.0,20.93,21.66,64.69,10.46,472.12,21.9,64.68,10.62,21.9,64.68,21.73,62.23,10.1,36.36,27.42,10.38,472.12,0.1,2.22,0.0
4917.0,2024-01-03,16:35:43,4917.0,20.93,21.66,64.69,10.46,473.15,21.9,64.68,10.62,21.9,64.68,21.73,62.23,10.1,36.36,27.42,10.38,473.15,0.1,2.23,0.0
4918.0,2024-01-03,16:35:44,4918.0,20.92,21.66,64.69,10.46,475.34,21.9,64.69,10.62,21.9,64.69,21.72,62.3,10.1,36.37,27.42,10.38,475.34,0.1,2.24,0.0
4919.0,2024-01-03,16:35:45,4919.0,20.92,21.66,64.69,10.46,476.45,21.9,64.69,10.62,21.9,64.69,21.72,62.3,10.1,36.37,27.42,10.38,476.45,0.1,2.25,0.0
4920.0,2024-01-03,16:35:46,4920.0,20.92,21.66,64.69,10.46,477.26,21.9,64.69,10.62,21.9,64.69,21.72,62.3,10.1,36.37,27.42,10.38,477.26,0.11,2.25,0.0
4921.0,2024-01-03,16:35:47,4921.0,20.9,21.65,64.7,10.46,477.41,21.89,64.7,10.61,21.89,64.7,21.71,62.35,10.1,36.36,27.42,10.38,477.41,0.11,2.25,0.0
4922.0,2024-01-03,16:35:48,4922.0,20.9,21.65,64.7,10.46,477.39,21.89,64.7,10.61,21.89,64.7,21.71,62.35,10.1,36.36,27.42,10.38,477.39,0.1,2.25,0.0
4923.0,2024-01-03,16:35:49,4923.0,20.9,21.65,64.7,10.46,477.38,21.89,64.7,10.61,21.89,64.7,21.71,62.35,10.1,36.36,27.42,10.38,477.38,0.1,2.25,0.0
4924.0,2024-01-03,16:35:50,4924.0,20.9,21.65,64.69,10.45,479.53,21.89,64.73,10.62,21.89,64.73,21.7,62.38,10.11,36.38,27.41,10.39,479.53,0.1,2.26,0.0
4925.0,2024-01-03,16:35:51,4925.0,20.9,21.65,64.69,10.45,481.97,21.89,64.73,10.62,21.89,64.73,21.7,62.38,10.11,36.38,27.41,10.39,481.97,0.11,2.27,0.0
4926.0,2024-01-03,16:35:52,4926.0,20.9,21.65,64.69,10.45,482.27,21.89,64.73,10.62,21.89,64.73,21.7,62.38,10.11,36.38,27.41,10.39,482.27,0.11,2.28,0.0
4927.0,2024-01-03,16:35:53,4927.0,20.9,21.65,64.69,10.45,480.85,21.89,64.73,10.62,21.89,64.73,21.7,62.38,10.11,36.38,27.41,10.39,480.85,0.11,2.27,0.0
4928.0,2024-01-03,16:35:54,4928.0,20.9,21.65,64.71,10.46,477.41,21.89,64.72,10.62,21.89,64.72,21.71,62.33,10.1,36.38,27.41,10.39,477.41,0.1,2.25,0.0
4929.0,2024-01-03,16:35:55,4929.0,20.9,21.65,64.71,10.46,476.03,21.89,64.72,10.62,21.89,64.72,21.71,62.33,10.1,36.38,27.41,10.39,476.03,0.1,2.25,0.0
4930.0,2024-01-03,16:35:56,4930.0,20.89,21.65,64.72,10.46,472.48,21.89,64.74,10.62,21.89,64.74,21.79,61.88,10.08,36.38,27.42,10.39,472.48,0.1,2.23,0.0
4931.0,2024-01-03,16:35:57,4931.0,20.89,21.65,64.72,10.46,472.19,21.89,64.74,10.62,21.89,64.74,21.79,61.88,10.08,36.38,27.42,10.39,472.19,0.1,2.23,0.0
4932.0,2024-01-03,16:35:58,4932.0,20.89,21.65,64.72,10.46,470.87,21.89,64.74,10.62,21.89,64.74,21.79,61.88,10.08,36.38,27.42,10.39,470.87,0.1,2.22,0.0
4933.0,2024-01-03,16:35:59,4933.0,20.89,21.65,64.72,10.46,470.72,21.89,64.74,10.62,21.89,64.74,21.79,61.88,10.08,36.38,27.42,10.39,470.72,0.1,2.22,0.0
4934.0,2024-01-03,16:36:00,4934.0,20.87,21.64,64.73,10.46,471.59,21.88,64.76,10.62,21.88,64.76,21.83,61.63,10.06,36.36,27.43,10.39,471.59,0.1,2.23,0.0
4935.0,2024-01-03,16:36:01,4935.0,20.87,21.64,64.73,10.46,473.15,21.88,64.76,10.62,21.88,64.76,21.83,61.63,10.06,36.36,27.43,10.39,473.15,0.1,2.23,0.0
4936.0,2024-01-03,16:36:02,4936.0,20.86,21.64,64.72,10.45,474.11,21.88,64.76,10.61,21.88,64.76,21.83,61.63,10.06,36.36,27.45,10.39,474.11,0.1,2.24,0.0
4937.0,2024-01-03,16:36:03,4937.0,20.86,21.64,64.72,10.45,474.23,21.88,64.76,10.61,21.88,64.76,21.83,61.63,10.06,36.36,27.45,10.39,474.23,0.1,2.24,0.0
4938.0,2024-01-03,16:36:04,4938.0,20.86,21.64,64.72,10.45,473.92,21.88,64.76,10.61,21.88,64.76,21.83,61.63,10.06,36.36,27.45,10.39,473.92,0.1,2.24,0.0
4939.0,2024-01-03,16:36:05,4939.0,20.86,21.64,64.72,10.45,473.97,21.88,64.76,10.61,21.88,64.76,21.83,61.63,10.06,36.36,27.45,10.39,473.97,0.1,2.24,0.0
4940.0,2024-01-03,16:36:06,4940.0,20.86,21.64,64.74,10.46,475.02,21.88,64.77,10.61,21.88,64.77,21.81,61.79,10.08,36.36,27.45,10.39,475.02,0.1,2.25,0.0
4941.0,2024-01-03,16:36:07,4941.0,20.86,21.64,64.74,10.46,475.51,21.88,64.77,10.61,21.88,64.77,21.81,61.79,10.08,36.36,27.45,10.39,475.51,0.1,2.25,0.0
4942.0,2024-01-03,16:36:08,4942.0,20.86,21.64,64.74,10.45,475.92,21.87,64.79,10.62,21.87,64.79,21.79,61.88,10.08,36.35,27.46,10.39,475.92,0.1,2.25,0.0
4943.0,2024-01-03,16:36:09,4943.0,20.86,21.64,64.74,10.45,476.1,21.87,64.79,10.62,21.87,64.79,21.79,61.88,10.08,36.35,27.46,10.39,476.1,0.1,2.25,0.0
4944.0,2024-01-03,16:36:10,4944.0,20.86,21.64,64.74,10.45,475.32,21.87,64.79,10.62,21.87,64.79,21.79,61.88,10.08,36.35,27.46,10.39,475.32,0.1,2.25,0.0
4945.0,2024-01-03,16:36:11,4945.0,20.86,21.64,64.77,10.46,475.03,21.87,64.82,10.62,21.87,64.82,21.77,62.01,10.09,36.36,27.49,10.4,475.03,0.1,2.25,0.0
4946.0,2024-01-03,16:36:12,4946.0,20.86,21.64,64.77,10.46,475.17,21.87,64.82,10.62,21.87,64.82,21.77,62.01,10.09,36.36,27.49,10.4,475.17,0.1,2.25,0.0
4947.0,2024-01-03,16:36:13,4947.0,20.86,21.64,64.77,10.46,475.36,21.87,64.82,10.62,21.87,64.82,21.77,62.01,10.09,36.36,27.49,10.4,475.36,0.1,2.25,0.0
4948.0,2024-01-03,16:36:14,4948.0,20.87,21.64,64.76,10.46,475.07,21.87,64.82,10.62,21.87,64.82,21.73,62.23,10.1,36.35,27.51,10.41,475.07,0.1,2.25,0.0
4949.0,2024-01-03,16:36:15,4949.0,20.87,21.64,64.76,10.46,474.16,21.87,64.82,10.62,21.87,64.82,21.73,62.23,10.1,36.35,27.51,10.41,474.16,0.1,2.25,0.0
4950.0,2024-01-03,16:36:16,4950.0,20.87,21.64,64.76,10.46,473.75,21.87,64.82,10.62,21.87,64.82,21.73,62.23,10.1,36.35,27.51,10.41,473.75,0.1,2.25,0.0
4951.0,2024-01-03,16:36:17,4951.0,20.87,21.64,64.82,10.47,473.75,21.87,64.84,10.62,21.87,64.84,21.7,62.43,10.11,36.35,27.53,10.41,473.75,0.1,2.25,0.0
4952.0,2024-01-03,16:36:18,4952.0,20.87,21.64,64.82,10.47,474.07,21.87,64.84,10.62,21.87,64.84,21.7,62.43,10.11,36.35,27.53,10.41,474.07,0.1,2.25,0.0
4953.0,2024-01-03,16:36:19,4953.0,20.87,21.64,64.82,10.47,474.72,21.87,64.84,10.62,21.87,64.84,21.7,62.43,10.11,36.35,27.53,10.41,474.72,0.1,2.25,0.0
4954.0,2024-01-03,16:36:20,4954.0,20.87,21.64,64.82,10.47,475.85,21.87,64.84,10.62,21.87,64.84,21.7,62.43,10.11,36.35,27.53,10.41,475.85,0.1,2.26,0.0
4955.0,2024-01-03,16:36:21,4955.0,20.87,21.63,64.82,10.46,477.17,21.87,64.86,10.62,21.87,64.86,21.69,62.43,10.11,36.35,27.54,10.42,477.17,0.1,2.26,0.0
4956.0,2024-01-03,16:36:22,4956.0,20.87,21.63,64.82,10.46,475.86,21.87,64.86,10.62,21.87,64.86,21.69,62.43,10.11,36.35,27.54,10.42,475.86,0.1,2.26,0.0
4957.0,2024-01-03,16:36:23,4957.0,20.88,21.63,64.85,10.47,474.36,21.86,64.89,10.62,21.86,64.89,21.73,62.18,10.09,36.34,27.53,10.41,474.36,0.1,2.25,0.0
4958.0,2024-01-03,16:36:24,4958.0,20.88,21.63,64.85,10.47,472.64,21.86,64.89,10.62,21.86,64.89,21.73,62.18,10.09,36.34,27.53,10.41,472.64,0.1,2.24,0.0
4959.0,2024-01-03,16:36:25,4959.0,20.88,21.63,64.85,10.47,471.86,21.86,64.89,10.62,21.86,64.89,21.73,62.18,10.09,36.34,27.53,10.41,471.86,0.1,2.24,0.0
4960.0,2024-01-03,16:36:26,4960.0,20.88,21.63,64.85,10.47,473.68,21.86,64.89,10.62,21.86,64.89,21.73,62.18,10.09,36.34,27.53,10.41,473.68,0.1,2.25,0.0
4961.0,2024-01-03,16:36:27,4961.0,20.9,21.63,64.84,10.46,474.23,21.86,64.91,10.63,21.86,64.91,21.77,61.9,10.07,36.34,27.5,10.4,474.23,0.1,2.24,0.0
4962.0,2024-01-03,16:36:28,4962.0,20.9,21.63,64.84,10.46,475.35,21.86,64.91,10.63,21.86,64.91,21.77,61.9,10.07,36.34,27.5,10.4,475.35,0.1,2.25,0.0
4963.0,2024-01-03,16:36:29,4963.0,20.89,21.62,64.85,10.46,476.26,21.85,64.94,10.63,21.85,64.94,21.76,61.97,10.08,36.33,27.53,10.41,476.26,0.1,2.25,0.0
4964.0,2024-01-03,16:36:30,4964.0,20.89,21.62,64.85,10.46,476.65,21.85,64.94,10.63,21.85,64.94,21.76,61.97,10.08,36.33,27.53,10.41,476.65,0.1,2.26,0.0
4965.0,2024-01-03,16:36:31,4965.0,20.89,21.62,64.85,10.46,475.66,21.85,64.94,10.63,21.85,64.94,21.76,61.97,10.08,36.33,27.53,10.41,475.66,0.1,2.25,0.0
4966.0,2024-01-03,16:36:32,4966.0,20.89,21.63,64.84,10.47,475.86,21.86,64.92,10.63,21.86,64.92,21.73,62.25,10.1,36.35,27.53,10.42,475.86,0.1,2.25,0.0
4967.0,2024-01-03,16:36:33,4967.0,20.89,21.63,64.84,10.47,474.93,21.86,64.92,10.63,21.86,64.92,21.73,62.25,10.1,36.35,27.53,10.42,474.93,0.1,2.25,0.0
4968.0,2024-01-03,16:36:34,4968.0,20.89,21.63,64.84,10.47,471.87,21.86,64.92,10.63,21.86,64.92,21.73,62.25,10.1,36.35,27.53,10.42,471.87,0.1,2.24,0.0
4969.0,2024-01-03,16:36:35,4969.0,20.89,21.63,64.84,10.47,471.25,21.86,64.92,10.63,21.86,64.92,21.73,62.25,10.1,36.35,27.53,10.42,471.25,0.1,2.24,0.0
4970.0,2024-01-03,16:36:36,4970.0,20.89,21.63,64.86,10.47,468.65,21.85,64.93,10.62,21.85,64.93,21.69,62.48,10.11,36.35,27.53,10.41,468.65,0.1,2.22,0.0
4971.0,2024-01-03,16:36:37,4971.0,20.89,21.63,64.86,10.47,468.19,21.85,64.93,10.62,21.85,64.93,21.69,62.48,10.11,36.35,27.53,10.41,468.19,0.1,2.22,0.0
4972.0,2024-01-03,16:36:38,4972.0,20.89,21.62,64.85,10.46,467.85,21.85,64.93,10.62,21.85,64.93,21.64,62.74,10.12,36.34,27.54,10.41,467.85,0.1,2.22,0.0
4973.0,2024-01-03,16:36:39,4973.0,20.89,21.62,64.85,10.46,467.82,21.85,64.93,10.62,21.85,64.93,21.64,62.74,10.12,36.34,27.54,10.41,467.82,0.1,2.22,0.0
4974.0,2024-01-03,16:36:40,4974.0,20.89,21.62,64.85,10.46,467.76,21.85,64.93,10.62,21.85,64.93,21.64,62.74,10.12,36.34,27.54,10.41,467.76,0.1,2.22,0.0
4975.0,2024-01-03,16:36:41,4975.0,20.89,21.62,64.85,10.46,465.81,21.85,64.93,10.62,21.85,64.93,21.64,62.74,10.12,36.34,27.54,10.41,465.81,0.1,2.21,0.0
4976.0,2024-01-03,16:36:42,4976.0,20.89,21.62,64.84,10.46,466.76,21.84,64.93,10.62,21.84,64.93,21.6,62.92,10.13,36.33,27.55,10.41,466.76,0.1,2.22,0.0
4977.0,2024-01-03,16:36:43,4977.0,20.89,21.62,64.84,10.46,467.51,21.84,64.93,10.62,21.84,64.93,21.6,62.92,10.13,36.33,27.55,10.41,467.51,0.1,2.22,0.0
4978.0,2024-01-03,16:36:44,4978.0,20.92,21.62,64.84,10.46,469.77,21.84,64.92,10.62,21.84,64.92,21.59,62.98,10.13,36.33,27.55,10.41,469.77,0.1,2.23,0.0
4979.0,2024-01-03,16:36:45,4979.0,20.92,21.62,64.84,10.46,470.11,21.84,64.92,10.62,21.84,64.92,21.59,62.98,10.13,36.33,27.55,10.41,470.11,0.1,2.23,0.0
4980.0,2024-01-03,16:36:46,4980.0,20.92,21.62,64.84,10.46,471.4,21.84,64.92,10.62,21.84,64.92,21.59,62.98,10.13,36.33,27.55,10.41,471.4,0.1,2.24,0.0
4981.0,2024-01-03,16:36:47,4981.0,20.92,21.62,64.84,10.46,471.86,21.84,64.92,10.62,21.84,64.92,21.59,62.98,10.13,36.33,27.55,10.41,471.86,0.1,2.24,0.0
4982.0,2024-01-03,16:36:48,4982.0,20.91,21.62,64.86,10.46,472.06,21.84,64.93,10.62,21.84,64.93,21.58,63.02,10.13,36.33,27.57,10.42,472.06,0.1,2.24,0.0
4983.0,2024-01-03,16:36:49,4983.0,20.91,21.62,64.86,10.46,471.88,21.84,64.93,10.62,21.84,64.93,21.58,63.02,10.13,36.33,27.57,10.42,471.88,0.1,2.24,0.0
4984.0,2024-01-03,16:36:50,4984.0,20.91,21.61,64.88,10.46,469.15,21.84,64.9,10.61,21.84,64.9,21.58,62.98,10.13,36.31,27.59,10.42,469.15,0.1,2.23,0.0
4985.0,2024-01-03,16:36:51,4985.0,20.91,21.61,64.88,10.46,466.84,21.84,64.9,10.61,21.84,64.9,21.58,62.98,10.13,36.31,27.59,10.42,466.84,0.09,2.22,0.0
4986.0,2024-01-03,16:36:52,4986.0,20.91,21.61,64.88,10.46,467.07,21.84,64.9,10.61,21.84,64.9,21.58,62.98,10.13,36.31,27.59,10.42,467.07,0.09,2.22,0.0
4987.0,2024-01-03,16:36:53,4987.0,20.91,21.61,64.88,10.46,467.54,21.84,64.9,10.61,21.84,64.9,21.58,62.98,10.13,36.31,27.59,10.42,467.54,0.09,2.22,0.0
4988.0,2024-01-03,16:36:54,4988.0,20.91,21.62,64.88,10.46,467.85,21.84,64.93,10.62,21.84,64.93,21.6,62.9,10.12,36.31,27.6,10.42,467.85,0.1,2.22,0.0
4989.0,2024-01-03,16:36:55,4989.0,20.91,21.62,64.88,10.46,468.01,21.84,64.93,10.62,21.84,64.93,21.6,62.9,10.12,36.31,27.6,10.42,468.01,0.1,2.22,0.0
4990.0,2024-01-03,16:36:56,4990.0,20.88,21.61,64.88,10.46,467.72,21.84,64.93,10.62,21.84,64.93,21.62,62.78,10.12,36.31,27.6,10.41,467.72,0.1,2.22,0.0
4991.0,2024-01-03,16:36:57,4991.0,20.88,21.61,64.88,10.46,469.51,21.84,64.93,10.62,21.84,64.93,21.62,62.78,10.12,36.31,27.6,10.41,469.51,0.1,2.23,0.0
4992.0,2024-01-03,16:36:58,4992.0,20.88,21.61,64.88,10.46,471.63,21.84,64.93,10.62,21.84,64.93,21.62,62.78,10.12,36.31,27.6,10.41,471.63,0.1,2.24,0.0
4993.0,2024-01-03,16:36:59,4993.0,20.88,21.61,64.88,10.46,473.6,21.84,64.93,10.62,21.84,64.93,21.62,62.78,10.12,36.31,27.6,10.41,473.6,0.1,2.25,0.0
4994.0,2024-01-03,16:37:00,4994.0,20.84,21.61,64.9,10.46,473.61,21.83,64.93,10.61,21.83,64.93,21.64,62.63,10.11,36.3,27.6,10.41,473.61,0.1,2.25,0.0
4995.0,2024-01-03,16:37:01,4995.0,20.84,21.61,64.9,10.46,473,21.83,64.93,10.61,21.83,64.93,21.64,62.63,10.11,36.3,27.6,10.41,473,0.1,2.24,0.0
4996.0,2024-01-03,16:37:02,4996.0,20.82,21.61,64.91,10.46,472.47,21.83,64.94,10.61,21.83,64.94,21.67,62.49,10.11,36.3,27.59,10.41,472.47,0.1,2.24,0.0
4997.0,2024-01-03,16:37:03,4997.0,20.82,21.61,64.91,10.46,471.12,21.83,64.94,10.61,21.83,64.94,21.67,62.49,10.11,36.3,27.59,10.41,471.12,0.1,2.23,0.0
4998.0,2024-01-03,16:37:04,4998.0,20.82,21.61,64.91,10.46,471.08,21.83,64.94,10.61,21.83,64.94,21.67,62.49,10.11,36.3,27.59,10.41,471.08,0.1,2.23,0.0
4999.0,2024-01-03,16:37:05,4999.0,20.8,21.6,64.91,10.46,471.06,21.83,64.94,10.61,21.83,64.94,21.7,62.37,10.1,36.3,27.58,10.41,471.06,0.1,2.23,0.0
5000.0,2024-01-03,16:37:06,5000.0,20.8,21.6,64.91,10.46,470.58,21.83,64.94,10.61,21.83,64.94,21.7,62.37,10.1,36.3,27.58,10.41,470.58,0.1,2.23,0.0
5001.0,2024-01-03,16:37:07,5001.0,20.8,21.6,64.91,10.46,469.47,21.83,64.94,10.61,21.83,64.94,21.7,62.37,10.1,36.3,27.58,10.41,469.47,0.1,2.23,0.0
5002.0,2024-01-03,16:37:08,5002.0,20.8,21.6,64.91,10.46,469.73,21.83,64.94,10.61,21.83,64.94,21.7,62.37,10.1,36.3,27.58,10.41,469.73,0.1,2.23,0.0
5003.0,2024-01-03,16:37:09,5003.0,20.78,21.6,64.9,10.46,470.71,21.83,64.96,10.61,21.83,64.96,21.73,62.29,10.11,36.3,27.57,10.41,470.71,0.1,2.23,0.0
5004.0,2024-01-03,16:37:10,5004.0,20.78,21.6,64.9,10.46,470.9,21.83,64.96,10.61,21.83,64.96,21.73,62.29,10.11,36.3,27.57,10.41,470.9,0.1,2.23,0.0
5005.0,2024-01-03,16:37:11,5005.0,20.78,21.6,64.92,10.46,469.01,21.83,64.96,10.61,21.83,64.96,21.74,62.27,10.11,36.31,27.56,10.4,469.01,0.1,2.22,0.0
5006.0,2024-01-03,16:37:12,5006.0,20.78,21.6,64.92,10.46,468.13,21.83,64.96,10.61,21.83,64.96,21.74,62.27,10.11,36.31,27.56,10.4,468.13,0.1,2.22,0.0
5007.0,2024-01-03,16:37:13,5007.0,20.78,21.6,64.92,10.46,467.62,21.83,64.96,10.61,21.83,64.96,21.74,62.27,10.11,36.31,27.56,10.4,467.62,0.1,2.22,0.0
5008.0,2024-01-03,16:37:14,5008.0,20.78,21.6,64.92,10.46,465.95,21.83,64.96,10.61,21.83,64.96,21.74,62.27,10.11,36.31,27.56,10.4,465.95,0.1,2.21,0.0
5009.0,2024-01-03,16:37:15,5009.0,20.78,21.6,64.9,10.46,462.57,21.83,64.96,10.61,21.83,64.96,21.77,62.18,10.11,36.31,27.54,10.4,462.57,0.1,2.19,0.0
5010.0,2024-01-03,16:37:16,5010.0,20.78,21.6,64.9,10.46,463.08,21.83,64.96,10.61,21.83,64.96,21.77,62.18,10.11,36.31,27.54,10.4,463.08,0.1,2.19,0.0
5011.0,2024-01-03,16:37:17,5011.0,20.8,21.6,64.92,10.46,465.96,21.83,64.97,10.61,21.83,64.97,21.79,62.12,10.12,36.32,27.53,10.4,465.96,0.1,2.21,0.0
5012.0,2024-01-03,16:37:18,5012.0,20.8,21.6,64.92,10.46,467.26,21.83,64.97,10.61,21.83,64.97,21.79,62.12,10.12,36.32,27.53,10.4,467.26,0.1,2.21,0.0
5013.0,2024-01-03,16:37:19,5013.0,20.8,21.6,64.92,10.46,468.29,21.83,64.97,10.61,21.83,64.97,21.79,62.12,10.12,36.32,27.53,10.4,468.29,0.1,2.22,0.0
5014.0,2024-01-03,16:37:20,5014.0,20.83,21.6,64.9,10.46,471.71,21.83,64.97,10.61,21.83,64.97,21.78,62.23,10.13,36.32,27.52,10.4,471.71,0.1,2.23,0.0
5015.0,2024-01-03,16:37:21,5015.0,20.83,21.6,64.9,10.46,473.61,21.83,64.97,10.61,21.83,64.97,21.78,62.23,10.13,36.32,27.52,10.4,473.61,0.1,2.24,0.0
5016.0,2024-01-03,16:37:22,5016.0,20.83,21.6,64.9,10.46,473.77,21.83,64.97,10.61,21.83,64.97,21.78,62.23,10.13,36.32,27.52,10.4,473.77,0.1,2.25,0.0
5017.0,2024-01-03,16:37:23,5017.0,20.85,21.6,64.92,10.46,472.51,21.82,64.96,10.61,21.82,64.96,21.77,62.37,10.15,36.32,27.51,10.39,472.51,0.1,2.24,0.0
5018.0,2024-01-03,16:37:24,5018.0,20.85,21.6,64.92,10.46,471.06,21.82,64.96,10.61,21.82,64.96,21.77,62.37,10.15,36.32,27.51,10.39,471.06,0.1,2.23,0.0
5019.0,2024-01-03,16:37:25,5019.0,20.85,21.6,64.92,10.46,470.73,21.82,64.96,10.61,21.82,64.96,21.77,62.37,10.15,36.32,27.51,10.39,470.73,0.1,2.23,0.0
5020.0,2024-01-03,16:37:26,5020.0,20.85,21.6,64.91,10.46,472.78,21.82,64.97,10.61,21.82,64.97,21.76,62.53,10.17,36.32,27.5,10.39,472.78,0.1,2.24,0.0
5021.0,2024-01-03,16:37:27,5021.0,20.85,21.6,64.91,10.46,474.46,21.82,64.97,10.61,21.82,64.97,21.76,62.53,10.17,36.32,27.5,10.39,474.46,0.1,2.25,0.0
5022.0,2024-01-03,16:37:28,5022.0,20.85,21.6,64.91,10.46,478.02,21.82,64.97,10.61,21.82,64.97,21.76,62.53,10.17,36.32,27.5,10.39,478.02,0.1,2.26,0.0
5023.0,2024-01-03,16:37:29,5023.0,20.85,21.6,64.91,10.46,478.23,21.82,64.97,10.61,21.82,64.97,21.76,62.53,10.17,36.32,27.5,10.39,478.23,0.1,2.27,0.0
5024.0,2024-01-03,16:37:30,5024.0,20.85,21.6,64.89,10.45,478.01,21.81,64.97,10.61,21.81,64.97,21.74,62.72,10.19,36.32,27.49,10.38,478.01,0.1,2.26,0.0
5025.0,2024-01-03,16:37:31,5025.0,20.85,21.6,64.89,10.45,477.87,21.81,64.97,10.61,21.81,64.97,21.74,62.72,10.19,36.32,27.49,10.38,477.87,0.1,2.26,0.0
5026.0,2024-01-03,16:37:32,5026.0,20.87,21.6,64.89,10.45,478.51,21.81,64.99,10.61,21.81,64.99,21.72,62.94,10.21,36.32,27.49,10.38,478.51,0.1,2.27,0.0
5027.0,2024-01-03,16:37:33,5027.0,20.87,21.6,64.89,10.45,478.7,21.81,64.99,10.61,21.81,64.99,21.72,62.94,10.21,36.32,27.49,10.38,478.7,0.1,2.27,0.0
5028.0,2024-01-03,16:37:34,5028.0,20.87,21.6,64.89,10.45,478.69,21.81,64.99,10.61,21.81,64.99,21.72,62.94,10.21,36.32,27.49,10.38,478.69,0.1,2.27,0.0
5029.0,2024-01-03,16:37:35,5029.0,20.87,21.6,64.89,10.45,478.78,21.81,64.99,10.61,21.81,64.99,21.72,62.94,10.21,36.32,27.49,10.38,478.78,0.1,2.27,0.0
5030.0,2024-01-03,16:37:36,5030.0,20.88,21.6,64.86,10.45,478.7,21.81,65,10.61,21.81,65,21.69,63.15,10.22,36.33,27.48,10.38,478.7,0.1,2.27,0.0
5031.0,2024-01-03,16:37:37,5031.0,20.88,21.6,64.86,10.45,477.72,21.81,65,10.61,21.81,65,21.69,63.15,10.22,36.33,27.48,10.38,477.72,0.1,2.26,0.0
5032.0,2024-01-03,16:37:38,5032.0,20.87,21.6,64.87,10.45,476.47,21.81,64.98,10.6,21.81,64.98,21.66,63.37,10.24,36.32,27.49,10.38,476.47,0.1,2.26,0.0
5033.0,2024-01-03,16:37:39,5033.0,20.87,21.6,64.87,10.45,475.49,21.81,64.98,10.6,21.81,64.98,21.66,63.37,10.24,36.32,27.49,10.38,475.49,0.1,2.25,0.0
5034.0,2024-01-03,16:37:40,5034.0,20.87,21.6,64.87,10.45,476.15,21.81,64.98,10.6,21.81,64.98,21.66,63.37,10.24,36.32,27.49,10.38,476.15,0.1,2.26,0.0
5035.0,2024-01-03,16:37:41,5035.0,20.87,21.6,64.86,10.45,476.24,21.81,65.01,10.61,21.81,65.01,21.64,63.44,10.24,36.32,27.49,10.38,476.24,0.1,2.26,0.0
5036.0,2024-01-03,16:37:42,5036.0,20.87,21.6,64.86,10.45,475.62,21.81,65.01,10.61,21.81,65.01,21.64,63.44,10.24,36.32,27.49,10.38,475.62,0.1,2.25,0.0
5037.0,2024-01-03,16:37:43,5037.0,20.87,21.6,64.86,10.45,473.62,21.81,65.01,10.61,21.81,65.01,21.64,63.44,10.24,36.32,27.49,10.38,473.62,0.1,2.25,0.0
5038.0,2024-01-03,16:37:44,5038.0,20.86,21.6,64.85,10.45,473.67,21.81,65,10.61,21.81,65,21.65,63.42,10.24,36.33,27.49,10.39,473.67,0.1,2.25,0.0
5039.0,2024-01-03,16:37:45,5039.0,20.86,21.6,64.85,10.45,473.91,21.81,65,10.61,21.81,65,21.65,63.42,10.24,36.33,27.49,10.39,473.91,0.1,2.25,0.0
5040.0,2024-01-03,16:37:46,5040.0,20.86,21.6,64.85,10.45,474.7,21.81,65,10.61,21.81,65,21.65,63.42,10.24,36.33,27.49,10.39,474.7,0.1,2.25,0.0
5041.0,2024-01-03,16:37:47,5041.0,20.84,21.59,64.9,10.45,475.21,21.81,64.99,10.6,21.81,64.99,21.65,63.36,10.23,36.33,27.5,10.39,475.21,0.1,2.25,0.0
5042.0,2024-01-03,16:37:48,5042.0,20.84,21.59,64.9,10.45,474.44,21.81,64.99,10.6,21.81,64.99,21.65,63.36,10.23,36.33,27.5,10.39,474.44,0.1,2.25,0.0
5043.0,2024-01-03,16:37:49,5043.0,20.84,21.59,64.9,10.45,474.21,21.81,64.99,10.6,21.81,64.99,21.65,63.36,10.23,36.33,27.5,10.39,474.21,0.1,2.25,0.0
5044.0,2024-01-03,16:37:50,5044.0,20.84,21.59,64.9,10.45,474.12,21.81,64.99,10.6,21.81,64.99,21.65,63.36,10.23,36.33,27.5,10.39,474.12,0.1,2.25,0.0
5045.0,2024-01-03,16:37:51,5045.0,20.83,21.59,64.89,10.45,473.77,21.81,65,10.61,21.81,65,21.65,63.3,10.23,36.33,27.5,10.39,473.77,0.1,2.25,0.0
5046.0,2024-01-03,16:37:52,5046.0,20.83,21.59,64.89,10.45,473.94,21.81,65,10.61,21.81,65,21.65,63.3,10.23,36.33,27.5,10.39,473.94,0.1,2.25,0.0
5047.0,2024-01-03,16:37:53,5047.0,20.83,21.59,64.91,10.45,475.25,21.8,65.01,10.61,21.8,65.01,21.66,63.23,10.22,36.32,27.49,10.38,475.25,0.1,2.26,0.0
5048.0,2024-01-03,16:37:54,5048.0,20.83,21.59,64.91,10.45,479.15,21.8,65.01,10.61,21.8,65.01,21.66,63.23,10.22,36.32,27.49,10.38,479.15,0.1,2.27,0.0
5049.0,2024-01-03,16:37:55,5049.0,20.83,21.59,64.91,10.45,479.87,21.8,65.01,10.61,21.8,65.01,21.66,63.23,10.22,36.32,27.49,10.38,479.87,0.1,2.27,0.0
5050.0,2024-01-03,16:37:56,5050.0,20.84,21.59,64.95,10.46,475.92,21.81,65.02,10.61,21.81,65.02,21.66,63.15,10.21,36.32,27.52,10.4,475.92,0.1,2.26,0.0
5051.0,2024-01-03,16:37:57,5051.0,20.84,21.59,64.95,10.46,474.76,21.81,65.02,10.61,21.81,65.02,21.66,63.15,10.21,36.32,27.52,10.4,474.76,0.1,2.26,0.0
5052.0,2024-01-03,16:37:58,5052.0,20.84,21.59,64.95,10.46,473.94,21.81,65.02,10.61,21.81,65.02,21.66,63.15,10.21,36.32,27.52,10.4,473.94,0.1,2.25,0.0
5053.0,2024-01-03,16:37:59,5053.0,20.84,21.59,64.95,10.45,473.76,21.81,65.04,10.61,21.81,65.04,21.7,62.9,10.19,36.33,27.53,10.4,473.76,0.1,2.25,0.0
5054.0,2024-01-03,16:38:00,5054.0,20.84,21.59,64.95,10.45,472.03,21.81,65.04,10.61,21.81,65.04,21.7,62.9,10.19,36.33,27.53,10.4,472.03,0.1,2.24,0.0
5055.0,2024-01-03,16:38:01,5055.0,20.84,21.59,64.95,10.45,471.01,21.81,65.04,10.61,21.81,65.04,21.7,62.9,10.19,36.33,27.53,10.4,471.01,0.1,2.24,0.0
5056.0,2024-01-03,16:38:02,5056.0,20.83,21.58,64.96,10.45,467.17,21.8,65.04,10.61,21.8,65.04,21.75,62.5,10.15,36.33,27.53,10.4,467.17,0.1,2.22,0.0
5057.0,2024-01-03,16:38:03,5057.0,20.83,21.58,64.96,10.45,466.16,21.8,65.04,10.61,21.8,65.04,21.75,62.5,10.15,36.33,27.53,10.4,466.16,0.1,2.22,0.0
5058.0,2024-01-03,16:38:04,5058.0,20.83,21.58,64.96,10.45,468.8,21.8,65.04,10.61,21.8,65.04,21.75,62.5,10.15,36.33,27.53,10.4,468.8,0.1,2.23,0.0
5059.0,2024-01-03,16:38:05,5059.0,20.82,21.58,64.97,10.46,471.24,21.8,65.04,10.61,21.8,65.04,21.78,62.25,10.13,36.33,27.52,10.4,471.24,0.1,2.24,0.0
5060.0,2024-01-03,16:38:06,5060.0,20.82,21.58,64.97,10.46,473.49,21.8,65.04,10.61,21.8,65.04,21.78,62.25,10.13,36.33,27.52,10.4,473.49,0.1,2.25,0.0
5061.0,2024-01-03,16:38:07,5061.0,20.82,21.58,64.97,10.46,475,21.8,65.04,10.61,21.8,65.04,21.78,62.25,10.13,36.33,27.52,10.4,475,0.1,2.26,0.0
5062.0,2024-01-03,16:38:08,5062.0,20.81,21.58,65,10.46,477.09,21.8,65.05,10.61,21.8,65.05,21.82,61.96,10.11,36.33,27.52,10.4,477.09,0.1,2.27,0.0
5063.0,2024-01-03,16:38:09,5063.0,20.81,21.58,65,10.46,475.96,21.8,65.05,10.61,21.8,65.05,21.82,61.96,10.11,36.33,27.52,10.4,475.96,0.1,2.26,0.0
5064.0,2024-01-03,16:38:10,5064.0,20.81,21.58,65,10.46,472.84,21.8,65.05,10.61,21.8,65.05,21.82,61.96,10.11,36.33,27.52,10.4,472.84,0.1,2.25,0.0
5065.0,2024-01-03,16:38:11,5065.0,20.81,21.58,65,10.46,472.58,21.8,65.05,10.61,21.8,65.05,21.82,61.96,10.11,36.33,27.52,10.4,472.58,0.1,2.25,0.0
5066.0,2024-01-03,16:38:12,5066.0,20.81,21.58,65,10.46,471.87,21.8,65.07,10.61,21.8,65.07,21.82,61.95,10.11,36.33,27.52,10.4,471.87,0.1,2.24,0.0
5067.0,2024-01-03,16:38:13,5067.0,20.81,21.58,65,10.46,467.44,21.8,65.07,10.61,21.8,65.07,21.82,61.95,10.11,36.33,27.52,10.4,467.44,0.1,2.22,0.0
5068.0,2024-01-03,16:38:14,5068.0,20.8,21.58,65.04,10.46,465.54,21.8,65.08,10.61,21.8,65.08,21.8,62.09,10.12,36.34,27.51,10.4,465.54,0.1,2.21,0.0
5069.0,2024-01-03,16:38:15,5069.0,20.8,21.58,65.04,10.46,463.9,21.8,65.08,10.61,21.8,65.08,21.8,62.09,10.12,36.34,27.51,10.4,463.9,0.09,2.2,0.0
5070.0,2024-01-03,16:38:16,5070.0,20.8,21.58,65.04,10.46,463.65,21.8,65.08,10.61,21.8,65.08,21.8,62.09,10.12,36.34,27.51,10.4,463.65,0.09,2.2,0.0
5071.0,2024-01-03,16:38:17,5071.0,20.8,21.58,65.04,10.46,462.5,21.8,65.08,10.61,21.8,65.08,21.8,62.09,10.12,36.34,27.51,10.4,462.5,0.09,2.2,0.0
5072.0,2024-01-03,16:38:18,5072.0,20.79,21.57,65.03,10.46,461.53,21.79,65.09,10.61,21.79,65.09,21.79,62.16,10.13,36.33,27.5,10.39,461.53,0.09,2.19,0.0
5073.0,2024-01-03,16:38:19,5073.0,20.79,21.57,65.03,10.46,459.26,21.79,65.09,10.61,21.79,65.09,21.79,62.16,10.13,36.33,27.5,10.39,459.26,0.09,2.18,0.0
5074.0,2024-01-03,16:38:20,5074.0,20.81,21.58,65.04,10.46,458.93,21.8,65.09,10.61,21.8,65.09,21.78,62.23,10.13,36.34,27.5,10.4,458.93,0.09,2.18,0.0
5075.0,2024-01-03,16:38:21,5075.0,20.81,21.58,65.04,10.46,465,21.8,65.09,10.61,21.8,65.09,21.78,62.23,10.13,36.34,27.5,10.4,465,0.09,2.21,0.0
5076.0,2024-01-03,16:38:22,5076.0,20.81,21.58,65.04,10.46,468.04,21.8,65.09,10.61,21.8,65.09,21.78,62.23,10.13,36.34,27.5,10.4,468.04,0.09,2.23,0.0
5077.0,2024-01-03,16:38:23,5077.0,20.83,21.58,65.04,10.46,469.82,21.8,65.09,10.61,21.8,65.09,21.8,62.11,10.13,36.34,27.51,10.4,469.82,0.09,2.23,0.0
5078.0,2024-01-03,16:38:24,5078.0,20.83,21.58,65.04,10.46,469.79,21.8,65.09,10.61,21.8,65.09,21.8,62.11,10.13,36.34,27.51,10.4,469.79,0.1,2.24,0.0
5079.0,2024-01-03,16:38:25,5079.0,20.83,21.58,65.04,10.46,469.53,21.8,65.09,10.61,21.8,65.09,21.8,62.11,10.13,36.34,27.51,10.4,469.53,0.1,2.23,0.0
5080.0,2024-01-03,16:38:26,5080.0,20.84,21.57,65.05,10.46,469.44,21.79,65.07,10.61,21.79,65.07,21.81,62.02,10.12,36.33,27.52,10.4,469.44,0.1,2.23,0.0
5081.0,2024-01-03,16:38:27,5081.0,20.84,21.57,65.05,10.46,472.22,21.79,65.07,10.61,21.79,65.07,21.81,62.02,10.12,36.33,27.52,10.4,472.22,0.09,2.25,0.0
5082.0,2024-01-03,16:38:28,5082.0,20.84,21.57,65.05,10.46,472.77,21.79,65.07,10.61,21.79,65.07,21.81,62.02,10.12,36.33,27.52,10.4,472.77,0.09,2.25,0.0
5083.0,2024-01-03,16:38:29,5083.0,20.87,21.57,65.08,10.47,473.16,21.79,65.09,10.61,21.79,65.09,21.81,62.1,10.12,36.34,27.53,10.41,473.16,0.09,2.25,0.0
5084.0,2024-01-03,16:38:30,5084.0,20.87,21.57,65.08,10.47,473.31,21.79,65.09,10.61,21.79,65.09,21.81,62.1,10.12,36.34,27.53,10.41,473.31,0.09,2.26,0.0
5085.0,2024-01-03,16:38:31,5085.0,20.87,21.57,65.08,10.47,473.82,21.79,65.09,10.61,21.79,65.09,21.81,62.1,10.12,36.34,27.53,10.41,473.82,0.09,2.26,0.0
5086.0,2024-01-03,16:38:32,5086.0,20.89,21.57,65.1,10.47,473.87,21.79,65.13,10.62,21.79,65.13,21.78,62.22,10.13,36.34,27.55,10.42,473.87,0.09,2.26,0.0
5087.0,2024-01-03,16:38:33,5087.0,20.89,21.57,65.1,10.47,474.49,21.79,65.13,10.62,21.79,65.13,21.78,62.22,10.13,36.34,27.55,10.42,474.49,0.09,2.26,0.0
5088.0,2024-01-03,16:38:34,5088.0,20.89,21.57,65.1,10.47,475.1,21.79,65.13,10.62,21.79,65.13,21.78,62.22,10.13,36.34,27.55,10.42,475.1,0.09,2.27,0.0
5089.0,2024-01-03,16:38:35,5089.0,20.89,21.57,65.11,10.47,476.32,21.79,65.17,10.62,21.79,65.17,21.81,62.06,10.12,36.34,27.57,10.43,476.32,0.09,2.27,0.0
5090.0,2024-01-03,16:38:36,5090.0,20.89,21.57,65.11,10.47,474.62,21.79,65.17,10.62,21.79,65.17,21.81,62.06,10.12,36.34,27.57,10.43,474.62,0.1,2.27,0.0
5091.0,2024-01-03,16:38:37,5091.0,20.89,21.57,65.11,10.47,472.74,21.79,65.17,10.62,21.79,65.17,21.81,62.06,10.12,36.34,27.57,10.43,472.74,0.09,2.26,0.0
5092.0,2024-01-03,16:38:38,5092.0,20.89,21.57,65.11,10.47,472.49,21.79,65.17,10.62,21.79,65.17,21.81,62.06,10.12,36.34,27.57,10.43,472.49,0.09,2.26,0.0
5093.0,2024-01-03,16:38:39,5093.0,20.88,21.57,65.15,10.48,472.52,21.78,65.2,10.62,21.78,65.2,21.84,61.88,10.11,36.34,27.6,10.43,472.52,0.09,2.26,0.0
5094.0,2024-01-03,16:38:40,5094.0,20.88,21.57,65.15,10.48,472.36,21.78,65.2,10.62,21.78,65.2,21.84,61.88,10.11,36.34,27.6,10.43,472.36,0.09,2.26,0.0
5095.0,2024-01-03,16:38:41,5095.0,20.88,21.57,65.16,10.48,472.34,21.78,65.24,10.63,21.78,65.24,21.84,61.9,10.12,36.33,27.63,10.44,472.34,0.09,2.26,0.0
5096.0,2024-01-03,16:38:42,5096.0,20.88,21.57,65.16,10.48,469.96,21.78,65.24,10.63,21.78,65.24,21.84,61.9,10.12,36.33,27.63,10.44,469.96,0.09,2.25,0.0
5097.0,2024-01-03,16:38:43,5097.0,20.88,21.57,65.16,10.48,470.29,21.78,65.24,10.63,21.78,65.24,21.84,61.9,10.12,36.33,27.63,10.44,470.29,0.09,2.25,0.0
5098.0,2024-01-03,16:38:44,5098.0,20.88,21.57,65.16,10.48,474.15,21.78,65.24,10.63,21.78,65.24,21.84,61.9,10.12,36.33,27.63,10.44,474.15,0.09,2.27,0.0
5099.0,2024-01-03,16:38:45,5099.0,20.88,21.57,65.18,10.48,475.12,21.78,65.27,10.63,21.78,65.27,21.88,61.73,10.11,36.33,27.66,10.45,475.12,0.09,2.27,0.0
5100.0,2024-01-03,16:38:46,5100.0,20.88,21.57,65.18,10.48,477.26,21.78,65.27,10.63,21.78,65.27,21.88,61.73,10.11,36.33,27.66,10.45,477.26,0.09,2.28,0.0
5101.0,2024-01-03,16:38:47,5101.0,20.89,21.57,65.22,10.49,477.93,21.78,65.32,10.64,21.78,65.32,21.96,61.29,10.08,36.32,27.67,10.45,477.93,0.1,2.29,0.0
5102.0,2024-01-03,16:38:48,5102.0,20.89,21.57,65.22,10.49,482.88,21.78,65.32,10.64,21.78,65.32,21.96,61.29,10.08,36.32,27.67,10.45,482.88,0.1,2.31,0.0
5103.0,2024-01-03,16:38:49,5103.0,20.89,21.57,65.22,10.49,484.16,21.78,65.32,10.64,21.78,65.32,21.96,61.29,10.08,36.32,27.67,10.45,484.16,0.1,2.31,0.0
5104.0,2024-01-03,16:38:50,5104.0,20.89,21.57,65.22,10.49,485.24,21.78,65.32,10.64,21.78,65.32,21.96,61.29,10.08,36.32,27.67,10.45,485.24,0.1,2.32,0.0
5105.0,2024-01-03,16:38:51,5105.0,20.91,21.57,65.23,10.49,484,21.77,65.34,10.64,21.77,65.34,22.03,60.85,10.06,36.31,27.68,10.45,484,0.09,2.31,0.0
5106.0,2024-01-03,16:38:52,5106.0,20.91,21.57,65.23,10.49,480.29,21.77,65.34,10.64,21.77,65.34,22.03,60.85,10.06,36.31,27.68,10.45,480.29,0.09,2.3,0.0
5107.0,2024-01-03,16:38:53,5107.0,20.93,21.57,65.23,10.49,480.27,21.77,65.36,10.64,21.77,65.36,22.05,60.87,10.07,36.3,27.7,10.45,480.27,0.09,2.3,0.0
5108.0,2024-01-03,16:38:54,5108.0,20.93,21.57,65.23,10.49,480.07,21.77,65.36,10.64,21.77,65.36,22.05,60.87,10.07,36.3,27.7,10.45,480.07,0.09,2.29,0.0
5109.0,2024-01-03,16:38:55,5109.0,20.93,21.57,65.23,10.49,480.1,21.77,65.36,10.64,21.77,65.36,22.05,60.87,10.07,36.3,27.7,10.45,480.1,0.09,2.29,0.0
5110.0,2024-01-03,16:38:56,5110.0,20.92,21.57,65.25,10.49,477.65,21.76,65.38,10.64,21.76,65.38,22.02,61.08,10.09,36.29,27.73,10.45,477.65,0.09,2.28,0.0
5111.0,2024-01-03,16:38:57,5111.0,20.92,21.57,65.25,10.49,476.52,21.76,65.38,10.64,21.76,65.38,22.02,61.08,10.09,36.29,27.73,10.45,476.52,0.09,2.27,0.0
5112.0,2024-01-03,16:38:58,5112.0,20.92,21.57,65.25,10.49,475.55,21.76,65.38,10.64,21.76,65.38,22.02,61.08,10.09,36.29,27.73,10.45,475.55,0.09,2.27,0.0
5113.0,2024-01-03,16:38:59,5113.0,20.92,21.57,65.23,10.49,475.24,21.76,65.39,10.64,21.76,65.39,22,61.3,10.11,36.26,27.75,10.45,475.24,0.09,2.27,0.0
5114.0,2024-01-03,16:39:00,5114.0,20.92,21.57,65.23,10.49,474.4,21.76,65.39,10.64,21.76,65.39,22,61.3,10.11,36.26,27.75,10.45,474.4,0.09,2.26,0.0
5115.0,2024-01-03,16:39:01,5115.0,20.92,21.57,65.23,10.49,474.26,21.76,65.39,10.64,21.76,65.39,22,61.3,10.11,36.26,27.75,10.45,474.26,0.09,2.26,0.0
5116.0,2024-01-03,16:39:02,5116.0,20.92,21.57,65.24,10.49,473.84,21.76,65.37,10.64,21.76,65.37,21.97,61.58,10.14,36.25,27.78,10.45,473.84,0.09,2.26,0.0
5117.0,2024-01-03,16:39:03,5117.0,20.92,21.57,65.24,10.49,474.1,21.76,65.37,10.64,21.76,65.37,21.97,61.58,10.14,36.25,27.78,10.45,474.1,0.09,2.26,0.0
5118.0,2024-01-03,16:39:04,5118.0,20.92,21.57,65.24,10.49,475.11,21.76,65.37,10.64,21.76,65.37,21.97,61.58,10.14,36.25,27.78,10.45,475.11,0.09,2.26,0.0
5119.0,2024-01-03,16:39:05,5119.0,20.92,21.56,65.21,10.48,474.75,21.76,65.38,10.64,21.76,65.38,22,61.48,10.14,36.22,27.8,10.45,474.75,0.09,2.26,0.0
5120.0,2024-01-03,16:39:06,5120.0,20.92,21.56,65.21,10.48,474.87,21.76,65.38,10.64,21.76,65.38,22,61.48,10.14,36.22,27.8,10.45,474.87,0.09,2.26,0.0
5121.0,2024-01-03,16:39:07,5121.0,20.92,21.56,65.21,10.48,473.4,21.76,65.38,10.64,21.76,65.38,22,61.48,10.14,36.22,27.8,10.45,473.4,0.09,2.25,0.0
5122.0,2024-01-03,16:39:08,5122.0,20.93,21.56,65.19,10.48,470.96,21.75,65.38,10.63,21.75,65.38,22.03,61.31,10.14,36.19,27.85,10.45,470.96,0.09,2.24,0.0
5123.0,2024-01-03,16:39:09,5123.0,20.93,21.56,65.19,10.48,469.79,21.75,65.38,10.63,21.75,65.38,22.03,61.31,10.14,36.19,27.85,10.45,469.79,0.09,2.23,0.0
5124.0,2024-01-03,16:39:10,5124.0,20.93,21.56,65.19,10.48,469.81,21.75,65.38,10.63,21.75,65.38,22.03,61.31,10.14,36.19,27.85,10.45,469.81,0.09,2.23,0.0
5125.0,2024-01-03,16:39:11,5125.0,20.93,21.56,65.19,10.48,469.99,21.75,65.38,10.63,21.75,65.38,22.03,61.31,10.14,36.19,27.85,10.45,469.99,0.09,2.23,0.0
5126.0,2024-01-03,16:39:12,5126.0,20.93,21.55,65.19,10.47,470.29,21.74,65.38,10.63,21.74,65.38,22.01,61.44,10.14,36.15,27.89,10.44,470.29,0.09,2.23,0.0
5127.0,2024-01-03,16:39:13,5127.0,20.93,21.55,65.19,10.47,469.03,21.74,65.38,10.63,21.74,65.38,22.01,61.44,10.14,36.15,27.89,10.44,469.03,0.09,2.22,0.0
5128.0,2024-01-03,16:39:14,5128.0,20.94,21.56,65.17,10.47,469.97,21.75,65.37,10.63,21.75,65.37,22.04,61.3,10.14,36.13,27.94,10.44,469.97,0.09,2.22,0.0
5129.0,2024-01-03,16:39:15,5129.0,20.94,21.56,65.17,10.47,473.81,21.75,65.37,10.63,21.75,65.37,22.04,61.3,10.14,36.13,27.94,10.44,473.81,0.09,2.24,0.0
5130.0,2024-01-03,16:39:16,5130.0,20.94,21.56,65.17,10.47,474.4,21.75,65.37,10.63,21.75,65.37,22.04,61.3,10.14,36.13,27.94,10.44,474.4,0.09,2.24,0.0
5131.0,2024-01-03,16:39:17,5131.0,20.94,21.56,65.17,10.47,471.16,21.75,65.37,10.63,21.75,65.37,22.04,61.3,10.14,36.13,27.94,10.44,471.16,0.09,2.23,0.0
5132.0,2024-01-03,16:39:18,5132.0,20.94,21.56,65.13,10.47,468.85,21.75,65.36,10.63,21.75,65.36,22.1,60.85,10.1,36.09,27.99,10.44,468.85,0.09,2.21,0.0
5133.0,2024-01-03,16:39:19,5133.0,20.94,21.56,65.13,10.47,466.98,21.75,65.36,10.63,21.75,65.36,22.1,60.85,10.1,36.09,27.99,10.44,466.98,0.09,2.2,0.0
5134.0,2024-01-03,16:39:20,5134.0,20.94,21.56,65.11,10.47,466.59,21.75,65.34,10.62,21.75,65.34,22.15,60.58,10.09,36.06,28.04,10.44,466.59,0.09,2.2,0.0
5135.0,2024-01-03,16:39:21,5135.0,20.94,21.56,65.11,10.47,466.45,21.75,65.34,10.62,21.75,65.34,22.15,60.58,10.09,36.06,28.04,10.44,466.45,0.09,2.2,0.0
5136.0,2024-01-03,16:39:22,5136.0,20.94,21.56,65.11,10.47,467.87,21.75,65.34,10.62,21.75,65.34,22.15,60.58,10.09,36.06,28.04,10.44,467.87,0.09,2.2,0.0
5137.0,2024-01-03,16:39:23,5137.0,20.94,21.56,65.11,10.47,471.14,21.75,65.34,10.62,21.75,65.34,22.15,60.58,10.09,36.06,28.04,10.44,471.14,0.09,2.22,0.0
5138.0,2024-01-03,16:39:24,5138.0,20.94,21.57,65.11,10.47,472.38,21.76,65.31,10.62,21.76,65.31,22.16,60.54,10.08,36.03,28.09,10.44,472.38,0.09,2.22,0.0
5139.0,2024-01-03,16:39:25,5139.0,20.94,21.57,65.11,10.47,473.21,21.76,65.31,10.62,21.76,65.31,22.16,60.54,10.08,36.03,28.09,10.44,473.21,0.09,2.22,0.0
5140.0,2024-01-03,16:39:26,5140.0,20.94,21.57,65.1,10.47,473.31,21.75,65.29,10.62,21.75,65.29,22.17,60.44,10.07,35.99,28.14,10.44,473.31,0.09,2.22,0.0
5141.0,2024-01-03,16:39:27,5141.0,20.94,21.57,65.1,10.47,475,21.75,65.29,10.62,21.75,65.29,22.17,60.44,10.07,35.99,28.14,10.44,475,0.09,2.23,0.0
5142.0,2024-01-03,16:39:28,5142.0,20.94,21.57,65.1,10.47,475.56,21.75,65.29,10.62,21.75,65.29,22.17,60.44,10.07,35.99,28.14,10.44,475.56,0.09,2.23,0.0
5143.0,2024-01-03,16:39:29,5143.0,20.92,21.56,65.1,10.46,475.86,21.74,65.31,10.62,21.74,65.31,22.17,60.32,10.06,35.94,28.2,10.44,475.86,0.09,2.23,0.0
5144.0,2024-01-03,16:39:30,5144.0,20.92,21.56,65.1,10.46,474.62,21.74,65.31,10.62,21.74,65.31,22.17,60.32,10.06,35.94,28.2,10.44,474.62,0.09,2.22,0.0
5145.0,2024-01-03,16:39:31,5145.0,20.92,21.56,65.1,10.46,473.17,21.74,65.31,10.62,21.74,65.31,22.17,60.32,10.06,35.94,28.2,10.44,473.17,0.09,2.21,0.0
5146.0,2024-01-03,16:39:32,5146.0,20.91,21.56,65.06,10.46,473.18,21.75,65.31,10.62,21.75,65.31,22.13,60.59,10.07,35.92,28.25,10.44,473.18,0.09,2.21,0.0
5147.0,2024-01-03,16:39:33,5147.0,20.91,21.56,65.06,10.46,471.25,21.75,65.31,10.62,21.75,65.31,22.13,60.59,10.07,35.92,28.25,10.44,471.25,0.09,2.2,0.0
5148.0,2024-01-03,16:39:34,5148.0,20.91,21.56,65.06,10.46,471.25,21.75,65.31,10.62,21.75,65.31,22.13,60.59,10.07,35.92,28.25,10.44,471.25,0.09,2.2,0.0
5149.0,2024-01-03,16:39:35,5149.0,20.92,21.56,65.08,10.46,472.52,21.75,65.32,10.62,21.75,65.32,22.06,60.97,10.1,35.89,28.29,10.44,472.52,0.09,2.2,0.0
5150.0,2024-01-03,16:39:36,5150.0,20.92,21.56,65.08,10.46,473.01,21.75,65.32,10.62,21.75,65.32,22.06,60.97,10.1,35.89,28.29,10.44,473.01,0.09,2.2,0.0
5151.0,2024-01-03,16:39:37,5151.0,20.92,21.56,65.08,10.46,473.51,21.75,65.32,10.62,21.75,65.32,22.06,60.97,10.1,35.89,28.29,10.44,473.51,0.09,2.2,0.0
5152.0,2024-01-03,16:39:38,5152.0,20.92,21.56,65.05,10.45,473.65,21.75,65.3,10.62,21.75,65.3,22.05,61,10.1,35.85,28.35,10.43,473.65,0.09,2.2,0.0
5153.0,2024-01-03,16:39:39,5153.0,20.92,21.56,65.05,10.45,474.12,21.75,65.3,10.62,21.75,65.3,22.05,61,10.1,35.85,28.35,10.43,474.12,0.09,2.2,0.0
5154.0,2024-01-03,16:39:40,5154.0,20.92,21.56,65.05,10.45,474.76,21.75,65.3,10.62,21.75,65.3,22.05,61,10.1,35.85,28.35,10.43,474.76,0.09,2.2,0.0
5155.0,2024-01-03,16:39:41,5155.0,20.91,21.56,65.03,10.45,475.09,21.75,65.29,10.62,21.75,65.29,22.11,60.68,10.08,35.81,28.41,10.43,475.09,0.1,2.2,0.0
5156.0,2024-01-03,16:39:42,5156.0,20.91,21.56,65.03,10.45,475.11,21.75,65.29,10.62,21.75,65.29,22.11,60.68,10.08,35.81,28.41,10.43,475.11,0.1,2.2,0.0
5157.0,2024-01-03,16:39:43,5157.0,20.91,21.56,65.03,10.45,475.37,21.75,65.29,10.62,21.75,65.29,22.11,60.68,10.08,35.81,28.41,10.43,475.37,0.1,2.2,0.0
5158.0,2024-01-03,16:39:44,5158.0,20.91,21.56,65.03,10.45,475.23,21.75,65.29,10.62,21.75,65.29,22.11,60.68,10.08,35.81,28.41,10.43,475.23,0.1,2.2,0.0
5159.0,2024-01-03,16:39:45,5159.0,20.89,21.56,65.04,10.45,475.12,21.75,65.29,10.61,21.75,65.29,22.12,60.65,10.08,35.76,28.49,10.44,475.12,0.09,2.19,0.0
5160.0,2024-01-03,16:39:46,5160.0,20.89,21.56,65.04,10.45,472.85,21.75,65.29,10.61,21.75,65.29,22.12,60.65,10.08,35.76,28.49,10.44,472.85,0.09,2.18,0.0
5161.0,2024-01-03,16:39:47,5161.0,20.87,21.56,65.02,10.45,472.21,21.74,65.28,10.61,21.74,65.28,22.09,60.8,10.09,35.7,28.58,10.43,472.21,0.09,2.18,0.0
5162.0,2024-01-03,16:39:48,5162.0,20.87,21.56,65.02,10.45,471.71,21.74,65.28,10.61,21.74,65.28,22.09,60.8,10.09,35.7,28.58,10.43,471.71,0.09,2.17,0.0
5163.0,2024-01-03,16:39:49,5163.0,20.87,21.56,65.02,10.45,472.86,21.74,65.28,10.61,21.74,65.28,22.09,60.8,10.09,35.7,28.58,10.43,472.86,0.1,2.17,0.0
5164.0,2024-01-03,16:39:50,5164.0,20.87,21.56,65.02,10.45,471.43,21.74,65.28,10.61,21.74,65.28,22.09,60.8,10.09,35.7,28.58,10.43,471.43,0.09,2.16,0.0
5165.0,2024-01-03,16:39:51,5165.0,20.86,21.56,65.01,10.45,470.68,21.74,65.27,10.61,21.74,65.27,22.04,61.11,10.11,35.66,28.65,10.44,470.68,0.09,2.15,0.0
5166.0,2024-01-03,16:39:52,5166.0,20.86,21.56,65.01,10.45,471.11,21.74,65.27,10.61,21.74,65.27,22.04,61.11,10.11,35.66,28.65,10.44,471.11,0.09,2.16,0.0
5167.0,2024-01-03,16:39:53,5167.0,20.83,21.55,65,10.44,472.18,21.73,65.27,10.6,21.73,65.27,21.97,61.45,10.12,35.59,28.73,10.43,472.18,0.09,2.16,0.0
5168.0,2024-01-03,16:39:54,5168.0,20.83,21.55,65,10.44,478.24,21.73,65.27,10.6,21.73,65.27,21.97,61.45,10.12,35.59,28.73,10.43,478.24,0.1,2.18,0.0
5169.0,2024-01-03,16:39:55,5169.0,20.83,21.55,65,10.44,479.63,21.73,65.27,10.6,21.73,65.27,21.97,61.45,10.12,35.59,28.73,10.43,479.63,0.1,2.19,0.0
5170.0,2024-01-03,16:39:56,5170.0,20.83,21.56,64.98,10.44,479.33,21.74,65.26,10.6,21.74,65.26,21.93,61.74,10.14,35.56,28.79,10.43,479.33,0.1,2.19,0.0
5171.0,2024-01-03,16:39:57,5171.0,20.83,21.56,64.98,10.44,480.6,21.74,65.26,10.6,21.74,65.26,21.93,61.74,10.14,35.56,28.79,10.43,480.6,0.1,2.19,0.0
5172.0,2024-01-03,16:39:58,5172.0,20.83,21.56,64.98,10.44,478.26,21.74,65.26,10.6,21.74,65.26,21.93,61.74,10.14,35.56,28.79,10.43,478.26,0.1,2.18,0.0
5173.0,2024-01-03,16:39:59,5173.0,20.81,21.56,65,10.44,476.99,21.73,65.26,10.6,21.73,65.26,21.93,61.72,10.14,35.52,28.86,10.43,476.99,0.09,2.17,0.0
5174.0,2024-01-03,16:40:00,5174.0,20.81,21.56,65,10.44,473.64,21.73,65.26,10.6,21.73,65.26,21.93,61.72,10.14,35.52,28.86,10.43,473.64,0.09,2.15,0.0
5175.0,2024-01-03,16:40:01,5175.0,20.81,21.56,65,10.44,473.34,21.73,65.26,10.6,21.73,65.26,21.93,61.72,10.14,35.52,28.86,10.43,473.34,0.09,2.15,0.0
5176.0,2024-01-03,16:40:02,5176.0,20.8,21.55,64.97,10.44,476.48,21.73,65.27,10.6,21.73,65.27,21.91,61.77,10.13,35.46,28.95,10.43,476.48,0.09,2.16,0.0
5177.0,2024-01-03,16:40:03,5177.0,20.8,21.55,64.97,10.44,477.49,21.73,65.27,10.6,21.73,65.27,21.91,61.77,10.13,35.46,28.95,10.43,477.49,0.1,2.16,0.0
5178.0,2024-01-03,16:40:04,5178.0,20.8,21.55,64.97,10.44,478.04,21.73,65.27,10.6,21.73,65.27,21.91,61.77,10.13,35.46,28.95,10.43,478.04,0.1,2.16,0.0
5179.0,2024-01-03,16:40:05,5179.0,20.8,21.55,64.97,10.44,478.07,21.73,65.27,10.6,21.73,65.27,21.91,61.77,10.13,35.46,28.95,10.43,478.07,0.1,2.16,0.0
5180.0,2024-01-03,16:40:06,5180.0,20.8,21.55,64.99,10.44,477.81,21.73,65.26,10.6,21.73,65.26,21.91,61.71,10.13,35.42,29.03,10.43,477.81,0.09,2.15,0.0
5181.0,2024-01-03,16:40:07,5181.0,20.8,21.55,64.99,10.44,477.42,21.73,65.26,10.6,21.73,65.26,21.91,61.71,10.13,35.42,29.03,10.43,477.42,0.09,2.15,0.0
5182.0,2024-01-03,16:40:08,5182.0,20.8,21.55,64.95,10.43,477.42,21.72,65.27,10.59,21.72,65.27,21.96,61.42,10.11,35.35,29.12,10.43,477.42,0.09,2.15,0.0
5183.0,2024-01-03,16:40:09,5183.0,20.8,21.55,64.95,10.43,477.42,21.72,65.27,10.59,21.72,65.27,21.96,61.42,10.11,35.35,29.12,10.43,477.42,0.09,2.14,0.0
5184.0,2024-01-03,16:40:10,5184.0,20.8,21.55,64.95,10.43,477.59,21.72,65.27,10.59,21.72,65.27,21.96,61.42,10.11,35.35,29.12,10.43,477.59,0.09,2.14,0.0
5185.0,2024-01-03,16:40:11,5185.0,20.8,21.55,64.95,10.43,481.47,21.72,65.27,10.59,21.72,65.27,21.96,61.42,10.11,35.35,29.12,10.43,481.47,0.1,2.16,0.0
5186.0,2024-01-03,16:40:12,5186.0,20.82,21.55,64.98,10.44,482.59,21.73,65.26,10.6,21.73,65.26,21.97,61.43,10.11,35.32,29.19,10.43,482.59,0.09,2.16,0.0
5187.0,2024-01-03,16:40:13,5187.0,20.82,21.55,64.98,10.44,482.16,21.73,65.26,10.6,21.73,65.26,21.97,61.43,10.11,35.32,29.19,10.43,482.16,0.09,2.16,0.0
5188.0,2024-01-03,16:40:14,5188.0,20.81,21.55,64.97,10.43,482.64,21.72,65.26,10.59,21.72,65.26,21.92,61.71,10.13,35.27,29.27,10.43,482.64,0.09,2.16,0.0
5189.0,2024-01-03,16:40:15,5189.0,20.81,21.55,64.97,10.43,484.31,21.72,65.26,10.59,21.72,65.26,21.92,61.71,10.13,35.27,29.27,10.43,484.31,0.09,2.16,0.0
5190.0,2024-01-03,16:40:16,5190.0,20.81,21.55,64.97,10.43,484.98,21.72,65.26,10.59,21.72,65.26,21.92,61.71,10.13,35.27,29.27,10.43,484.98,0.09,2.16,0.0
5191.0,2024-01-03,16:40:17,5191.0,20.81,21.55,64.98,10.44,484.65,21.72,65.29,10.6,21.72,65.29,21.86,62.02,10.15,35.22,29.34,10.43,484.65,0.09,2.16,0.0
5192.0,2024-01-03,16:40:18,5192.0,20.81,21.55,64.98,10.44,482.1,21.72,65.29,10.6,21.72,65.29,21.86,62.02,10.15,35.22,29.34,10.43,482.1,0.09,2.15,0.0
5193.0,2024-01-03,16:40:19,5193.0,20.81,21.55,64.98,10.44,479.99,21.72,65.29,10.6,21.72,65.29,21.86,62.02,10.15,35.22,29.34,10.43,479.99,0.09,2.14,0.0
5194.0,2024-01-03,16:40:20,5194.0,20.81,21.55,64.98,10.43,479.99,21.71,65.3,10.59,21.71,65.3,21.81,62.32,10.16,35.18,29.42,10.43,479.99,0.09,2.14,0.0
5195.0,2024-01-03,16:40:21,5195.0,20.81,21.55,64.98,10.43,477.62,21.71,65.3,10.59,21.71,65.3,21.81,62.32,10.16,35.18,29.42,10.43,477.62,0.09,2.12,0.0
5196.0,2024-01-03,16:40:22,5196.0,20.81,21.55,64.98,10.43,476.53,21.71,65.3,10.59,21.71,65.3,21.81,62.32,10.16,35.18,29.42,10.43,476.53,0.09,2.11,0.0
5197.0,2024-01-03,16:40:23,5197.0,20.8,21.55,65.01,10.44,472.33,21.71,65.31,10.59,21.71,65.31,21.79,62.4,10.16,35.14,29.48,10.43,472.33,0.09,2.1,0.0
5198.0,2024-01-03,16:40:24,5198.0,20.8,21.55,65.01,10.44,470.59,21.71,65.31,10.59,21.71,65.31,21.79,62.4,10.16,35.14,29.48,10.43,470.59,0.09,2.08,0.0
5199.0,2024-01-03,16:40:25,5199.0,20.8,21.55,65.01,10.44,468.86,21.71,65.31,10.59,21.71,65.31,21.79,62.4,10.16,35.14,29.48,10.43,468.86,0.09,2.08,0.0
5200.0,2024-01-03,16:40:26,5200.0,20.8,21.55,64.98,10.43,468.5,21.71,65.3,10.59,21.71,65.3,21.81,62.19,10.14,35.09,29.56,10.44,468.5,0.09,2.07,0.0
5201.0,2024-01-03,16:40:27,5201.0,20.8,21.55,64.98,10.43,465.34,21.71,65.3,10.59,21.71,65.3,21.81,62.19,10.14,35.09,29.56,10.44,465.34,0.09,2.05,0.0
5202.0,2024-01-03,16:40:28,5202.0,20.8,21.55,64.98,10.43,463.69,21.71,65.3,10.59,21.71,65.3,21.81,62.19,10.14,35.09,29.56,10.44,463.69,0.09,2.05,0.0
5203.0,2024-01-03,16:40:29,5203.0,20.79,21.54,65.02,10.44,464.21,21.7,65.32,10.59,21.7,65.32,21.81,62.18,10.14,35.05,29.63,10.43,464.21,0.09,2.05,0.0
5204.0,2024-01-03,16:40:30,5204.0,20.79,21.54,65.02,10.44,465.33,21.7,65.32,10.59,21.7,65.32,21.81,62.18,10.14,35.05,29.63,10.43,465.33,0.09,2.05,0.0
5205.0,2024-01-03,16:40:31,5205.0,20.79,21.54,65.02,10.44,469.74,21.7,65.32,10.59,21.7,65.32,21.81,62.18,10.14,35.05,29.63,10.43,469.74,0.09,2.07,0.0
5206.0,2024-01-03,16:40:32,5206.0,20.78,21.54,65.03,10.44,472.89,21.7,65.31,10.59,21.7,65.31,21.81,62.14,10.13,35,29.71,10.43,472.89,0.09,2.08,0.0
5207.0,2024-01-03,16:40:33,5207.0,20.78,21.54,65.03,10.44,476.04,21.7,65.31,10.59,21.7,65.31,21.81,62.14,10.13,35,29.71,10.43,476.04,0.09,2.09,0.0
5208.0,2024-01-03,16:40:34,5208.0,20.78,21.54,65.03,10.44,474.93,21.7,65.31,10.59,21.7,65.31,21.81,62.14,10.13,35,29.71,10.43,474.93,0.09,2.08,0.0
5209.0,2024-01-03,16:40:35,5209.0,20.78,21.54,65.05,10.44,476.02,21.7,65.31,10.59,21.7,65.31,21.82,62.03,10.12,34.95,29.79,10.44,476.02,0.09,2.09,0.0
5210.0,2024-01-03,16:40:36,5210.0,20.78,21.54,65.05,10.44,474.5,21.7,65.31,10.59,21.7,65.31,21.82,62.03,10.12,34.95,29.79,10.44,474.5,0.08,2.07,0.0
5211.0,2024-01-03,16:40:37,5211.0,20.78,21.54,65.05,10.44,473.5,21.7,65.31,10.59,21.7,65.31,21.82,62.03,10.12,34.95,29.79,10.44,473.5,0.08,2.07,0.0
5212.0,2024-01-03,16:40:38,5212.0,20.78,21.54,65.04,10.44,474.46,21.7,65.32,10.59,21.7,65.32,21.84,61.93,10.12,34.9,29.88,10.44,474.46,0.08,2.07,0.0
5213.0,2024-01-03,16:40:39,5213.0,20.78,21.54,65.04,10.44,475.36,21.7,65.32,10.59,21.7,65.32,21.84,61.93,10.12,34.9,29.88,10.44,475.36,0.09,2.07,0.0
5214.0,2024-01-03,16:40:40,5214.0,20.78,21.54,65.04,10.44,475.89,21.7,65.32,10.59,21.7,65.32,21.84,61.93,10.12,34.9,29.88,10.44,475.89,0.09,2.07,0.0
5215.0,2024-01-03,16:40:41,5215.0,20.76,21.53,65.04,10.43,478.46,21.69,65.29,10.58,21.69,65.29,21.89,61.59,10.09,34.84,29.96,10.43,478.46,0.09,2.08,0.0
5216.0,2024-01-03,16:40:42,5216.0,20.76,21.53,65.04,10.43,479.36,21.69,65.29,10.58,21.69,65.29,21.89,61.59,10.09,34.84,29.96,10.43,479.36,0.09,2.08,0.0
5217.0,2024-01-03,16:40:43,5217.0,20.76,21.53,65.04,10.43,477.31,21.69,65.29,10.58,21.69,65.29,21.89,61.59,10.09,34.84,29.96,10.43,477.31,0.09,2.07,0.0
5218.0,2024-01-03,16:40:44,5218.0,20.74,21.53,65.04,10.43,471.88,21.69,65.32,10.58,21.69,65.32,21.95,61.23,10.07,34.79,30.05,10.44,471.88,0.09,2.05,0.0
5219.0,2024-01-03,16:40:45,5219.0,20.74,21.53,65.04,10.43,470.84,21.69,65.32,10.58,21.69,65.32,21.95,61.23,10.07,34.79,30.05,10.44,470.84,0.09,2.04,0.0
5220.0,2024-01-03,16:40:46,5220.0,20.74,21.53,65.04,10.43,470.01,21.69,65.32,10.58,21.69,65.32,21.95,61.23,10.07,34.79,30.05,10.44,470.01,0.09,2.03,0.0
5221.0,2024-01-03,16:40:47,5221.0,20.72,21.53,65.04,10.43,469.76,21.7,65.32,10.59,21.7,65.32,21.98,61.11,10.07,34.75,30.13,10.44,469.76,0.09,2.03,0.0
5222.0,2024-01-03,16:40:48,5222.0,20.72,21.53,65.04,10.43,469.67,21.7,65.32,10.59,21.7,65.32,21.98,61.11,10.07,34.75,30.13,10.44,469.67,0.09,2.02,0.0
5223.0,2024-01-03,16:40:49,5223.0,20.72,21.53,65.04,10.43,469.63,21.7,65.32,10.59,21.7,65.32,21.98,61.11,10.07,34.75,30.13,10.44,469.63,0.09,2.02,0.0
5224.0,2024-01-03,16:40:50,5224.0,20.7,21.53,65.04,10.43,470.96,21.69,65.31,10.58,21.69,65.31,21.97,61.19,10.08,34.71,30.21,10.44,470.96,0.09,2.03,0.0
5225.0,2024-01-03,16:40:51,5225.0,20.7,21.53,65.04,10.43,470.93,21.69,65.31,10.58,21.69,65.31,21.97,61.19,10.08,34.71,30.21,10.44,470.93,0.09,2.02,0.0
5226.0,2024-01-03,16:40:52,5226.0,20.7,21.53,65.04,10.43,468.98,21.69,65.31,10.58,21.69,65.31,21.97,61.19,10.08,34.71,30.21,10.44,468.98,0.09,2.02,0.0
5227.0,2024-01-03,16:40:53,5227.0,20.69,21.52,65.06,10.43,468.5,21.7,65.27,10.58,21.7,65.27,21.96,61.23,10.08,34.66,30.3,10.44,468.5,0.09,2.01,0.0
5228.0,2024-01-03,16:40:54,5228.0,20.69,21.52,65.06,10.43,470.31,21.7,65.27,10.58,21.7,65.27,21.96,61.23,10.08,34.66,30.3,10.44,470.31,0.09,2.02,0.0
5229.0,2024-01-03,16:40:55,5229.0,20.69,21.52,65.06,10.43,471.44,21.7,65.27,10.58,21.7,65.27,21.96,61.23,10.08,34.66,30.3,10.44,471.44,0.09,2.02,0.0
5230.0,2024-01-03,16:40:56,5230.0,20.69,21.52,65.07,10.43,472.35,21.69,65.3,10.58,21.69,65.3,21.93,61.35,10.08,34.6,30.39,10.44,472.35,0.09,2.02,0.0
5231.0,2024-01-03,16:40:57,5231.0,20.69,21.52,65.07,10.43,472.53,21.69,65.3,10.58,21.69,65.3,21.93,61.35,10.08,34.6,30.39,10.44,472.53,0.09,2.02,0.0
5232.0,2024-01-03,16:40:58,5232.0,20.69,21.52,65.07,10.43,472.22,21.69,65.3,10.58,21.69,65.3,21.93,61.35,10.08,34.6,30.39,10.44,472.22,0.09,2.02,0.0
5233.0,2024-01-03,16:40:59,5233.0,20.68,21.52,65.05,10.43,472.07,21.69,65.31,10.58,21.69,65.31,21.89,61.63,10.1,34.56,30.47,10.44,472.07,0.09,2.01,0.0
5234.0,2024-01-03,16:41:00,5234.0,20.68,21.52,65.05,10.43,472.54,21.69,65.31,10.58,21.69,65.31,21.89,61.63,10.1,34.56,30.47,10.44,472.54,0.09,2.01,0.0
5235.0,2024-01-03,16:41:01,5235.0,20.68,21.52,65.05,10.43,472.56,21.69,65.31,10.58,21.69,65.31,21.89,61.63,10.1,34.56,30.47,10.44,472.56,0.09,2.01,0.0
5236.0,2024-01-03,16:41:02,5236.0,20.68,21.52,65.08,10.43,472.68,21.69,65.32,10.58,21.69,65.32,21.84,61.93,10.12,34.51,30.56,10.45,472.68,0.09,2.01,0.0
5237.0,2024-01-03,16:41:03,5237.0,20.68,21.52,65.08,10.43,472.65,21.69,65.32,10.58,21.69,65.32,21.84,61.93,10.12,34.51,30.56,10.45,472.65,0.09,2.0,0.0
5238.0,2024-01-03,16:41:04,5238.0,20.68,21.52,65.08,10.43,472.42,21.69,65.32,10.58,21.69,65.32,21.84,61.93,10.12,34.51,30.56,10.45,472.42,0.09,2.0,0.0
5239.0,2024-01-03,16:41:05,5239.0,20.66,21.52,65.09,10.43,472.56,21.69,65.35,10.58,21.69,65.35,21.79,62.15,10.13,34.47,30.65,10.45,472.56,0.09,2.0,0.0
5240.0,2024-01-03,16:41:06,5240.0,20.66,21.52,65.09,10.43,474.49,21.69,65.35,10.58,21.69,65.35,21.79,62.15,10.13,34.47,30.65,10.45,474.49,0.09,2.01,0.0
5241.0,2024-01-03,16:41:07,5241.0,20.66,21.52,65.09,10.43,474.72,21.69,65.35,10.58,21.69,65.35,21.79,62.15,10.13,34.47,30.65,10.45,474.72,0.09,2.01,0.0
5242.0,2024-01-03,16:41:08,5242.0,20.65,21.51,65.08,10.43,474,21.68,65.33,10.58,21.68,65.33,21.78,62.2,10.12,34.42,30.73,10.45,474,0.09,2.0,0.0
5243.0,2024-01-03,16:41:09,5243.0,20.65,21.51,65.08,10.43,473.83,21.68,65.33,10.58,21.68,65.33,21.78,62.2,10.12,34.42,30.73,10.45,473.83,0.09,2.0,0.0
5244.0,2024-01-03,16:41:10,5244.0,20.65,21.51,65.08,10.43,473.82,21.68,65.33,10.58,21.68,65.33,21.78,62.2,10.12,34.42,30.73,10.45,473.82,0.09,2.0,0.0
5245.0,2024-01-03,16:41:11,5245.0,20.64,21.51,65.12,10.43,473.82,21.68,65.36,10.58,21.68,65.36,21.81,62,10.11,34.37,30.82,10.46,473.82,0.09,2.0,0.0
5246.0,2024-01-03,16:41:12,5246.0,20.64,21.51,65.12,10.43,473.34,21.68,65.36,10.58,21.68,65.36,21.81,62,10.11,34.37,30.82,10.46,473.34,0.09,1.99,0.0
5247.0,2024-01-03,16:41:13,5247.0,20.64,21.51,65.12,10.43,472.56,21.68,65.36,10.58,21.68,65.36,21.81,62,10.11,34.37,30.82,10.46,472.56,0.09,1.99,0.0
5248.0,2024-01-03,16:41:14,5248.0,20.64,21.5,65.12,10.43,472.4,21.67,65.39,10.58,21.67,65.39,21.85,61.72,10.09,34.31,30.94,10.46,472.4,0.09,1.99,0.0
5249.0,2024-01-03,16:41:15,5249.0,20.64,21.5,65.12,10.43,472.37,21.67,65.39,10.58,21.67,65.39,21.85,61.72,10.09,34.31,30.94,10.46,472.37,0.09,1.98,0.0
5250.0,2024-01-03,16:41:16,5250.0,20.64,21.5,65.12,10.43,472.38,21.67,65.39,10.58,21.67,65.39,21.85,61.72,10.09,34.31,30.94,10.46,472.38,0.09,1.98,0.0
5251.0,2024-01-03,16:41:17,5251.0,20.65,21.5,65.15,10.43,472.23,21.67,65.38,10.58,21.67,65.38,21.95,61.11,10.05,34.26,31.03,10.46,472.23,0.09,1.98,0.0
5252.0,2024-01-03,16:41:18,5252.0,20.65,21.5,65.15,10.43,476.68,21.67,65.38,10.58,21.67,65.38,21.95,61.11,10.05,34.26,31.03,10.46,476.68,0.09,1.99,0.0
5253.0,2024-01-03,16:41:19,5253.0,20.65,21.5,65.15,10.43,477.64,21.67,65.38,10.58,21.67,65.38,21.95,61.11,10.05,34.26,31.03,10.46,477.64,0.09,2.0,0.0
5254.0,2024-01-03,16:41:20,5254.0,20.65,21.5,65.18,10.44,477.09,21.67,65.41,10.58,21.67,65.41,22.07,60.42,10.01,34.21,31.14,10.47,477.09,0.09,1.99,0.0
5255.0,2024-01-03,16:41:21,5255.0,20.65,21.5,65.18,10.44,476.79,21.67,65.41,10.58,21.67,65.41,22.07,60.42,10.01,34.21,31.14,10.47,476.79,0.09,1.99,0.0
5256.0,2024-01-03,16:41:22,5256.0,20.65,21.5,65.18,10.44,476.35,21.67,65.41,10.58,21.67,65.41,22.07,60.42,10.01,34.21,31.14,10.47,476.35,0.09,1.98,0.0
5257.0,2024-01-03,16:41:23,5257.0,20.65,21.5,65.16,10.43,478.89,21.66,65.44,10.58,21.66,65.44,22.12,60.14,9.99,34.17,31.23,10.47,478.89,0.09,1.99,0.0
5258.0,2024-01-03,16:41:24,5258.0,20.65,21.5,65.16,10.43,479.63,21.66,65.44,10.58,21.66,65.44,22.12,60.14,9.99,34.17,31.23,10.47,479.63,0.09,1.99,0.0
5259.0,2024-01-03,16:41:25,5259.0,20.65,21.5,65.16,10.43,478.27,21.66,65.44,10.58,21.66,65.44,22.12,60.14,9.99,34.17,31.23,10.47,478.27,0.09,1.99,0.0
5260.0,2024-01-03,16:41:26,5260.0,20.64,21.5,65.17,10.43,477.12,21.66,65.46,10.58,21.66,65.46,22.17,59.86,9.98,34.12,31.32,10.48,477.12,0.09,1.98,0.0
5261.0,2024-01-03,16:41:27,5261.0,20.64,21.5,65.17,10.43,475.69,21.66,65.46,10.58,21.66,65.46,22.17,59.86,9.98,34.12,31.32,10.48,475.69,0.09,1.97,0.0
5262.0,2024-01-03,16:41:28,5262.0,20.64,21.5,65.17,10.43,475.38,21.66,65.46,10.58,21.66,65.46,22.17,59.86,9.98,34.12,31.32,10.48,475.38,0.09,1.97,0.0
5263.0,2024-01-03,16:41:29,5263.0,20.66,21.49,65.19,10.43,477.42,21.65,65.48,10.58,21.65,65.48,22.19,59.77,9.97,34.07,31.39,10.47,477.42,0.09,1.98,0.0
5264.0,2024-01-03,16:41:30,5264.0,20.66,21.49,65.19,10.43,478.21,21.65,65.48,10.58,21.65,65.48,22.19,59.77,9.97,34.07,31.39,10.47,478.21,0.09,1.97,0.0
5265.0,2024-01-03,16:41:31,5265.0,20.66,21.49,65.19,10.43,480.44,21.65,65.48,10.58,21.65,65.48,22.19,59.77,9.97,34.07,31.39,10.47,480.44,0.09,1.98,0.0
5266.0,2024-01-03,16:41:32,5266.0,20.67,21.49,65.2,10.43,480.93,21.64,65.49,10.58,21.64,65.49,22.17,59.9,9.98,34.03,31.45,10.47,480.93,0.09,1.99,0.0
5267.0,2024-01-03,16:41:33,5267.0,20.67,21.49,65.2,10.43,481.23,21.64,65.49,10.58,21.64,65.49,22.17,59.9,9.98,34.03,31.45,10.47,481.23,0.08,1.98,0.0
5268.0,2024-01-03,16:41:34,5268.0,20.67,21.49,65.2,10.43,481.22,21.64,65.49,10.58,21.64,65.49,22.17,59.9,9.98,34.03,31.45,10.47,481.22,0.08,1.98,0.0
5269.0,2024-01-03,16:41:35,5269.0,20.69,21.49,65.22,10.44,478.74,21.64,65.52,10.58,21.64,65.52,22.14,60.12,10,34.01,31.5,10.47,478.74,0.08,1.97,0.0
5270.0,2024-01-03,16:41:36,5270.0,20.69,21.49,65.22,10.44,476.66,21.64,65.52,10.58,21.64,65.52,22.14,60.12,10,34.01,31.5,10.47,476.66,0.08,1.96,0.0
5271.0,2024-01-03,16:41:37,5271.0,20.69,21.49,65.22,10.44,475.27,21.64,65.52,10.58,21.64,65.52,22.14,60.12,10,34.01,31.5,10.47,475.27,0.08,1.95,0.0
5272.0,2024-01-03,16:41:38,5272.0,20.7,21.49,65.23,10.44,475.11,21.64,65.53,10.58,21.64,65.53,22.11,60.34,10.02,33.98,31.55,10.47,475.11,0.08,1.95,0.0
5273.0,2024-01-03,16:41:39,5273.0,20.7,21.49,65.23,10.44,474.96,21.64,65.53,10.58,21.64,65.53,22.11,60.34,10.02,33.98,31.55,10.47,474.96,0.08,1.95,0.0
5274.0,2024-01-03,16:41:40,5274.0,20.7,21.49,65.23,10.44,476.54,21.64,65.53,10.58,21.64,65.53,22.11,60.34,10.02,33.98,31.55,10.47,476.54,0.08,1.95,0.0
5275.0,2024-01-03,16:41:41,5275.0,20.7,21.49,65.22,10.43,478.1,21.64,65.55,10.59,21.64,65.55,22.11,60.33,10.02,33.94,31.6,10.47,478.1,0.08,1.96,0.0
5276.0,2024-01-03,16:41:42,5276.0,20.7,21.49,65.22,10.43,478.39,21.64,65.55,10.59,21.64,65.55,22.11,60.33,10.02,33.94,31.6,10.47,478.39,0.09,1.95,0.0
5277.0,2024-01-03,16:41:43,5277.0,20.7,21.49,65.22,10.43,480.29,21.64,65.55,10.59,21.64,65.55,22.11,60.33,10.02,33.94,31.6,10.47,480.29,0.09,1.96,0.0
5278.0,2024-01-03,16:41:44,5278.0,20.69,21.48,65.24,10.44,480.94,21.63,65.55,10.58,21.63,65.55,22.14,60.19,10.01,33.91,31.65,10.47,480.94,0.09,1.96,0.0
5279.0,2024-01-03,16:41:45,5279.0,20.69,21.48,65.24,10.44,481.41,21.63,65.55,10.58,21.63,65.55,22.14,60.19,10.01,33.91,31.65,10.47,481.41,0.08,1.96,0.0
5280.0,2024-01-03,16:41:46,5280.0,20.69,21.48,65.24,10.44,481.39,21.63,65.55,10.58,21.63,65.55,22.14,60.19,10.01,33.91,31.65,10.47,481.39,0.08,1.96,0.0
5281.0,2024-01-03,16:41:47,5281.0,20.67,21.48,65.25,10.43,481.27,21.62,65.57,10.58,21.62,65.57,22.15,60.15,10.01,33.87,31.71,10.46,481.27,0.08,1.96,0.0
5282.0,2024-01-03,16:41:48,5282.0,20.67,21.48,65.25,10.43,481.27,21.62,65.57,10.58,21.62,65.57,22.15,60.15,10.01,33.87,31.71,10.46,481.27,0.08,1.95,0.0
5283.0,2024-01-03,16:41:49,5283.0,20.67,21.48,65.25,10.43,482.01,21.62,65.57,10.58,21.62,65.57,22.15,60.15,10.01,33.87,31.71,10.46,482.01,0.08,1.96,0.0
5284.0,2024-01-03,16:41:50,5284.0,20.66,21.48,65.24,10.43,481.08,21.62,65.59,10.58,21.62,65.59,22.14,60.28,10.03,33.85,31.76,10.46,481.08,0.08,1.95,0.0
5285.0,2024-01-03,16:41:51,5285.0,20.66,21.48,65.24,10.43,479.77,21.62,65.59,10.58,21.62,65.59,22.14,60.28,10.03,33.85,31.76,10.46,479.77,0.08,1.94,0.0
5286.0,2024-01-03,16:41:52,5286.0,20.66,21.48,65.24,10.43,479.2,21.62,65.59,10.58,21.62,65.59,22.14,60.28,10.03,33.85,31.76,10.46,479.2,0.08,1.94,0.0
5287.0,2024-01-03,16:41:53,5287.0,20.64,21.48,65.26,10.43,478.68,21.62,65.6,10.58,21.62,65.6,22.1,60.56,10.05,33.82,31.81,10.46,478.68,0.08,1.94,0.0
5288.0,2024-01-03,16:41:54,5288.0,20.64,21.48,65.26,10.43,477.46,21.62,65.6,10.58,21.62,65.6,22.1,60.56,10.05,33.82,31.81,10.46,477.46,0.08,1.93,0.0
5289.0,2024-01-03,16:41:55,5289.0,20.64,21.48,65.26,10.43,471.21,21.62,65.6,10.58,21.62,65.6,22.1,60.56,10.05,33.82,31.81,10.46,471.21,0.08,1.9,0.0
5290.0,2024-01-03,16:41:56,5290.0,20.63,21.47,65.23,10.43,469.78,21.61,65.62,10.58,21.61,65.62,22.04,60.89,10.07,33.77,31.88,10.46,469.78,0.08,1.9,0.0
5291.0,2024-01-03,16:41:57,5291.0,20.63,21.47,65.23,10.43,471.29,21.61,65.62,10.58,21.61,65.62,22.04,60.89,10.07,33.77,31.88,10.46,471.29,0.08,1.9,0.0
5292.0,2024-01-03,16:41:58,5292.0,20.63,21.47,65.23,10.43,472.21,21.61,65.62,10.58,21.61,65.62,22.04,60.89,10.07,33.77,31.88,10.46,472.21,0.08,1.9,0.0
5293.0,2024-01-03,16:41:59,5293.0,20.61,21.47,65.26,10.43,471.07,21.61,65.62,10.58,21.61,65.62,22,61.14,10.09,33.74,31.93,10.46,471.07,0.08,1.9,0.0
5294.0,2024-01-03,16:42:00,5294.0,20.61,21.47,65.26,10.43,471.26,21.61,65.62,10.58,21.61,65.62,22,61.14,10.09,33.74,31.93,10.46,471.26,0.08,1.89,0.0
5295.0,2024-01-03,16:42:01,5295.0,20.61,21.47,65.26,10.43,471.6,21.61,65.62,10.58,21.61,65.62,22,61.14,10.09,33.74,31.93,10.46,471.6,0.08,1.9,0.0
5296.0,2024-01-03,16:42:02,5296.0,20.62,21.47,65.27,10.43,472.07,21.61,65.63,10.58,21.61,65.63,22.02,61.06,10.08,33.71,32,10.47,472.07,0.08,1.89,0.0
5297.0,2024-01-03,16:42:03,5297.0,20.62,21.47,65.27,10.43,470.61,21.61,65.63,10.58,21.61,65.63,22.02,61.06,10.08,33.71,32,10.47,470.61,0.08,1.89,0.0
5298.0,2024-01-03,16:42:04,5298.0,20.62,21.47,65.27,10.43,469.01,21.61,65.63,10.58,21.61,65.63,22.02,61.06,10.08,33.71,32,10.47,469.01,0.08,1.88,0.0
5299.0,2024-01-03,16:42:05,5299.0,20.63,21.47,65.29,10.43,469.14,21.6,65.65,10.58,21.6,65.65,22.06,60.77,10.06,33.68,32.05,10.46,469.14,0.08,1.88,0.0
5300.0,2024-01-03,16:42:06,5300.0,20.63,21.47,65.29,10.43,469.02,21.6,65.65,10.58,21.6,65.65,22.06,60.77,10.06,33.68,32.05,10.46,469.02,0.08,1.88,0.0
5301.0,2024-01-03,16:42:07,5301.0,20.63,21.47,65.29,10.43,467.61,21.6,65.65,10.58,21.6,65.65,22.06,60.77,10.06,33.68,32.05,10.46,467.61,0.08,1.87,0.0
5302.0,2024-01-03,16:42:08,5302.0,20.63,21.47,65.29,10.43,466.13,21.6,65.65,10.58,21.6,65.65,22.06,60.77,10.06,33.68,32.05,10.46,466.13,0.08,1.87,0.0
5303.0,2024-01-03,16:42:09,5303.0,20.63,21.46,65.29,10.43,467.95,21.6,65.65,10.58,21.6,65.65,22.13,60.41,10.05,33.65,32.1,10.46,467.95,0.08,1.87,0.0
5304.0,2024-01-03,16:42:10,5304.0,20.63,21.46,65.29,10.43,469.33,21.6,65.65,10.58,21.6,65.65,22.13,60.41,10.05,33.65,32.1,10.46,469.33,0.08,1.87,0.0
5305.0,2024-01-03,16:42:11,5305.0,20.64,21.47,65.29,10.43,469.22,21.6,65.67,10.58,21.6,65.67,22.18,60.17,10.04,33.63,32.16,10.47,469.22,0.08,1.87,0.0
5306.0,2024-01-03,16:42:12,5306.0,20.64,21.47,65.29,10.43,468.77,21.6,65.67,10.58,21.6,65.67,22.18,60.17,10.04,33.63,32.16,10.47,468.77,0.08,1.87,0.0
5307.0,2024-01-03,16:42:13,5307.0,20.64,21.47,65.29,10.43,468.55,21.6,65.67,10.58,21.6,65.67,22.18,60.17,10.04,33.63,32.16,10.47,468.55,0.08,1.87,0.0
5308.0,2024-01-03,16:42:14,5308.0,20.64,21.46,65.31,10.43,468.54,21.6,65.67,10.58,21.6,65.67,22.23,59.94,10.03,33.6,32.2,10.46,468.54,0.08,1.87,0.0
5309.0,2024-01-03,16:42:15,5309.0,20.64,21.46,65.31,10.43,468.73,21.6,65.67,10.58,21.6,65.67,22.23,59.94,10.03,33.6,32.2,10.46,468.73,0.08,1.86,0.0
5310.0,2024-01-03,16:42:16,5310.0,20.64,21.46,65.31,10.43,470.63,21.6,65.67,10.58,21.6,65.67,22.23,59.94,10.03,33.6,32.2,10.46,470.63,0.08,1.87,0.0
5311.0,2024-01-03,16:42:17,5311.0,20.64,21.46,65.32,10.43,470.77,21.6,65.68,10.58,21.6,65.68,22.2,60.15,10.05,33.57,32.24,10.46,470.77,0.08,1.87,0.0
5312.0,2024-01-03,16:42:18,5312.0,20.64,21.46,65.32,10.43,471.26,21.6,65.68,10.58,21.6,65.68,22.2,60.15,10.05,33.57,32.24,10.46,471.26,0.08,1.87,0.0
5313.0,2024-01-03,16:42:19,5313.0,20.64,21.46,65.32,10.43,471.41,21.6,65.68,10.58,21.6,65.68,22.2,60.15,10.05,33.57,32.24,10.46,471.41,0.08,1.87,0.0
5314.0,2024-01-03,16:42:20,5314.0,20.64,21.46,65.31,10.43,471.79,21.59,65.69,10.58,21.59,65.69,22.19,60.33,10.07,33.55,32.29,10.46,471.79,0.08,1.87,0.0
5315.0,2024-01-03,16:42:21,5315.0,20.64,21.46,65.31,10.43,471.58,21.59,65.69,10.58,21.59,65.69,22.19,60.33,10.07,33.55,32.29,10.46,471.58,0.08,1.87,0.0
5316.0,2024-01-03,16:42:22,5316.0,20.64,21.46,65.31,10.43,471.25,21.59,65.69,10.58,21.59,65.69,22.19,60.33,10.07,33.55,32.29,10.46,471.25,0.08,1.87,0.0
5317.0,2024-01-03,16:42:23,5317.0,20.63,21.46,65.32,10.43,471.28,21.59,65.7,10.58,21.59,65.7,22.21,60.17,10.06,33.51,32.33,10.46,471.28,0.08,1.87,0.0
5318.0,2024-01-03,16:42:24,5318.0,20.63,21.46,65.32,10.43,473.57,21.59,65.7,10.58,21.59,65.7,22.21,60.17,10.06,33.51,32.33,10.46,473.57,0.08,1.87,0.0
5319.0,2024-01-03,16:42:25,5319.0,20.63,21.46,65.32,10.43,474.9,21.59,65.7,10.58,21.59,65.7,22.21,60.17,10.06,33.51,32.33,10.46,474.9,0.08,1.88,0.0
5320.0,2024-01-03,16:42:26,5320.0,20.64,21.46,65.33,10.43,475.86,21.59,65.71,10.58,21.59,65.71,22.22,60.19,10.06,33.5,32.35,10.46,475.86,0.08,1.88,0.0
5321.0,2024-01-03,16:42:27,5321.0,20.64,21.46,65.33,10.43,476.03,21.59,65.71,10.58,21.59,65.71,22.22,60.19,10.06,33.5,32.35,10.46,476.03,0.08,1.88,0.0
5322.0,2024-01-03,16:42:28,5322.0,20.64,21.46,65.33,10.43,476.84,21.59,65.71,10.58,21.59,65.71,22.22,60.19,10.06,33.5,32.35,10.46,476.84,0.08,1.88,0.0
5323.0,2024-01-03,16:42:29,5323.0,20.64,21.46,65.33,10.43,477.93,21.59,65.74,10.58,21.59,65.74,22.17,60.52,10.09,33.49,32.39,10.46,477.93,0.08,1.88,0.0
5324.0,2024-01-03,16:42:30,5324.0,20.64,21.46,65.33,10.43,481.86,21.59,65.74,10.58,21.59,65.74,22.17,60.52,10.09,33.49,32.39,10.46,481.86,0.08,1.9,0.0
5325.0,2024-01-03,16:42:31,5325.0,20.64,21.46,65.33,10.43,481.85,21.59,65.74,10.58,21.59,65.74,22.17,60.52,10.09,33.49,32.39,10.46,481.85,0.08,1.9,0.0
5326.0,2024-01-03,16:42:32,5326.0,20.65,21.46,65.33,10.43,481.65,21.58,65.75,10.58,21.58,65.75,22.09,60.99,10.12,33.47,32.42,10.46,481.65,0.08,1.9,0.0
5327.0,2024-01-03,16:42:33,5327.0,20.65,21.46,65.33,10.43,481.53,21.58,65.75,10.58,21.58,65.75,22.09,60.99,10.12,33.47,32.42,10.46,481.53,0.08,1.89,0.0
5328.0,2024-01-03,16:42:34,5328.0,20.65,21.46,65.33,10.43,482.33,21.58,65.75,10.58,21.58,65.75,22.09,60.99,10.12,33.47,32.42,10.46,482.33,0.08,1.89,0.0
5329.0,2024-01-03,16:42:35,5329.0,20.64,21.46,65.32,10.43,482.93,21.58,65.76,10.58,21.58,65.76,22.07,61.04,10.11,33.45,32.44,10.45,482.93,0.08,1.9,0.0
5330.0,2024-01-03,16:42:36,5330.0,20.64,21.46,65.32,10.43,483.41,21.58,65.76,10.58,21.58,65.76,22.07,61.04,10.11,33.45,32.44,10.45,483.41,0.08,1.89,0.0
5331.0,2024-01-03,16:42:37,5331.0,20.64,21.46,65.32,10.43,483.55,21.58,65.76,10.58,21.58,65.76,22.07,61.04,10.11,33.45,32.44,10.45,483.55,0.08,1.9,0.0
5332.0,2024-01-03,16:42:38,5332.0,20.63,21.46,65.35,10.44,486.96,21.57,65.79,10.58,21.57,65.79,22.03,61.2,10.12,33.43,32.46,10.45,486.96,0.08,1.91,0.0
5333.0,2024-01-03,16:42:39,5333.0,20.63,21.46,65.35,10.44,485.57,21.57,65.79,10.58,21.57,65.79,22.03,61.2,10.12,33.43,32.46,10.45,485.57,0.08,1.9,0.0
5334.0,2024-01-03,16:42:40,5334.0,20.63,21.46,65.35,10.44,480.89,21.57,65.79,10.58,21.57,65.79,22.03,61.2,10.12,33.43,32.46,10.45,480.89,0.08,1.88,0.0
5335.0,2024-01-03,16:42:41,5335.0,20.61,21.46,65.34,10.43,477.35,21.57,65.81,10.58,21.57,65.81,22.04,61.08,10.1,33.41,32.49,10.45,477.35,0.08,1.87,0.0
5336.0,2024-01-03,16:42:42,5336.0,20.61,21.46,65.34,10.43,473.98,21.57,65.81,10.58,21.57,65.81,22.04,61.08,10.1,33.41,32.49,10.45,473.98,0.08,1.85,0.0
5337.0,2024-01-03,16:42:43,5337.0,20.61,21.46,65.34,10.43,473.52,21.57,65.81,10.58,21.57,65.81,22.04,61.08,10.1,33.41,32.49,10.45,473.52,0.08,1.85,0.0
5338.0,2024-01-03,16:42:44,5338.0,20.58,21.45,65.36,10.43,472.67,21.57,65.82,10.58,21.57,65.82,22.03,61.05,10.09,33.39,32.54,10.45,472.67,0.08,1.85,0.0
5339.0,2024-01-03,16:42:45,5339.0,20.58,21.45,65.36,10.43,472.68,21.57,65.82,10.58,21.57,65.82,22.03,61.05,10.09,33.39,32.54,10.45,472.68,0.08,1.84,0.0
5340.0,2024-01-03,16:42:46,5340.0,20.58,21.45,65.36,10.43,475.07,21.57,65.82,10.58,21.57,65.82,22.03,61.05,10.09,33.39,32.54,10.45,475.07,0.08,1.85,0.0
5341.0,2024-01-03,16:42:47,5341.0,20.57,21.45,65.36,10.43,475.48,21.56,65.83,10.58,21.56,65.83,22,61.25,10.1,33.37,32.57,10.45,475.48,0.08,1.85,0.0
5342.0,2024-01-03,16:42:48,5342.0,20.57,21.45,65.36,10.43,476.08,21.56,65.83,10.58,21.56,65.83,22,61.25,10.1,33.37,32.57,10.45,476.08,0.08,1.86,0.0
5343.0,2024-01-03,16:42:49,5343.0,20.57,21.45,65.36,10.43,476.84,21.56,65.83,10.58,21.56,65.83,22,61.25,10.1,33.37,32.57,10.45,476.84,0.08,1.86,0.0
5344.0,2024-01-03,16:42:50,5344.0,20.55,21.45,65.35,10.43,477.38,21.56,65.83,10.58,21.56,65.83,21.95,61.5,10.12,33.35,32.6,10.45,477.38,0.08,1.86,0.0
5345.0,2024-01-03,16:42:51,5345.0,20.55,21.45,65.35,10.43,477.46,21.56,65.83,10.58,21.56,65.83,21.95,61.5,10.12,33.35,32.6,10.45,477.46,0.08,1.86,0.0
5346.0,2024-01-03,16:42:52,5346.0,20.55,21.45,65.35,10.43,478.12,21.56,65.83,10.58,21.56,65.83,21.95,61.5,10.12,33.35,32.6,10.45,478.12,0.08,1.86,0.0
5347.0,2024-01-03,16:42:53,5347.0,20.54,21.45,65.39,10.43,480.4,21.56,65.84,10.58,21.56,65.84,21.92,61.69,10.13,33.33,32.64,10.45,480.4,0.08,1.87,0.0
5348.0,2024-01-03,16:42:54,5348.0,20.54,21.45,65.39,10.43,481.37,21.56,65.84,10.58,21.56,65.84,21.92,61.69,10.13,33.33,32.64,10.45,481.37,0.08,1.87,0.0
5349.0,2024-01-03,16:42:55,5349.0,20.54,21.45,65.39,10.43,482.42,21.56,65.84,10.58,21.56,65.84,21.92,61.69,10.13,33.33,32.64,10.45,482.42,0.08,1.87,0.0
5350.0,2024-01-03,16:42:56,5350.0,20.54,21.44,65.39,10.43,483.86,21.56,65.84,10.58,21.56,65.84,21.95,61.46,10.11,33.31,32.67,10.45,483.86,0.08,1.88,0.0
5351.0,2024-01-03,16:42:57,5351.0,20.54,21.44,65.39,10.43,484.21,21.56,65.84,10.58,21.56,65.84,21.95,61.46,10.11,33.31,32.67,10.45,484.21,0.08,1.88,0.0
5352.0,2024-01-03,16:42:58,5352.0,20.54,21.44,65.39,10.43,484.16,21.56,65.84,10.58,21.56,65.84,21.95,61.46,10.11,33.31,32.67,10.45,484.16,0.08,1.88,0.0
5353.0,2024-01-03,16:42:59,5353.0,20.53,21.44,65.4,10.43,483.09,21.55,65.86,10.58,21.55,65.86,21.94,61.53,10.12,33.3,32.7,10.45,483.09,0.08,1.87,0.0
5354.0,2024-01-03,16:43:00,5354.0,20.53,21.44,65.4,10.43,482.98,21.55,65.86,10.58,21.55,65.86,21.94,61.53,10.12,33.3,32.7,10.45,482.98,0.08,1.87,0.0
5355.0,2024-01-03,16:43:01,5355.0,20.53,21.44,65.4,10.43,481.23,21.55,65.86,10.58,21.55,65.86,21.94,61.53,10.12,33.3,32.7,10.45,481.23,0.08,1.86,0.0
5356.0,2024-01-03,16:43:02,5356.0,20.51,21.44,65.43,10.43,480.92,21.55,65.86,10.58,21.55,65.86,21.9,61.8,10.13,33.28,32.73,10.45,480.92,0.08,1.86,0.0
5357.0,2024-01-03,16:43:03,5357.0,20.51,21.44,65.43,10.43,482.01,21.55,65.86,10.58,21.55,65.86,21.9,61.8,10.13,33.28,32.73,10.45,482.01,0.08,1.86,0.0
5358.0,2024-01-03,16:43:04,5358.0,20.51,21.44,65.43,10.43,482.6,21.55,65.86,10.58,21.55,65.86,21.9,61.8,10.13,33.28,32.73,10.45,482.6,0.08,1.87,0.0
5359.0,2024-01-03,16:43:05,5359.0,20.51,21.43,65.43,10.43,482.8,21.55,65.86,10.58,21.55,65.86,21.85,62.13,10.16,33.25,32.78,10.44,482.8,0.08,1.87,0.0
5360.0,2024-01-03,16:43:06,5360.0,20.51,21.43,65.43,10.43,482.61,21.55,65.86,10.58,21.55,65.86,21.85,62.13,10.16,33.25,32.78,10.44,482.61,0.08,1.86,0.0
5361.0,2024-01-03,16:43:07,5361.0,20.51,21.43,65.43,10.43,481.32,21.55,65.86,10.58,21.55,65.86,21.85,62.13,10.16,33.25,32.78,10.44,481.32,0.08,1.86,0.0
5362.0,2024-01-03,16:43:08,5362.0,20.52,21.43,65.45,10.44,479.7,21.55,65.89,10.58,21.55,65.89,21.81,62.44,10.18,33.24,32.8,10.45,479.7,0.08,1.85,0.0
5363.0,2024-01-03,16:43:09,5363.0,20.52,21.43,65.45,10.44,477.97,21.55,65.89,10.58,21.55,65.89,21.81,62.44,10.18,33.24,32.8,10.45,477.97,0.08,1.84,0.0
5364.0,2024-01-03,16:43:10,5364.0,20.52,21.43,65.45,10.44,475.97,21.55,65.89,10.58,21.55,65.89,21.81,62.44,10.18,33.24,32.8,10.45,475.97,0.08,1.84,0.0
5365.0,2024-01-03,16:43:11,5365.0,20.52,21.43,65.45,10.43,473.49,21.54,65.92,10.59,21.54,65.92,21.77,62.68,10.2,33.23,32.81,10.45,473.49,0.08,1.83,0.0
5366.0,2024-01-03,16:43:12,5366.0,20.52,21.43,65.45,10.43,473.82,21.54,65.92,10.59,21.54,65.92,21.77,62.68,10.2,33.23,32.81,10.45,473.82,0.08,1.82,0.0
5367.0,2024-01-03,16:43:13,5367.0,20.52,21.43,65.45,10.43,475.37,21.54,65.92,10.59,21.54,65.92,21.77,62.68,10.2,33.23,32.81,10.45,475.37,0.08,1.83,0.0
5368.0,2024-01-03,16:43:14,5368.0,20.52,21.43,65.45,10.43,477.42,21.54,65.92,10.59,21.54,65.92,21.77,62.68,10.2,33.23,32.81,10.45,477.42,0.08,1.84,0.0
5369.0,2024-01-03,16:43:15,5369.0,20.51,21.43,65.47,10.44,477.63,21.54,65.97,10.59,21.54,65.97,21.75,62.83,10.21,33.22,32.83,10.45,477.63,0.08,1.84,0.0
5370.0,2024-01-03,16:43:16,5370.0,20.51,21.43,65.47,10.44,479.99,21.54,65.97,10.59,21.54,65.97,21.75,62.83,10.21,33.22,32.83,10.45,479.99,0.08,1.85,0.0
5371.0,2024-01-03,16:43:17,5371.0,20.51,21.43,65.51,10.44,480.92,21.54,65.92,10.58,21.54,65.92,21.73,62.94,10.22,33.21,32.84,10.44,480.92,0.08,1.85,0.0
5372.0,2024-01-03,16:43:18,5372.0,20.51,21.43,65.51,10.44,481.72,21.54,65.92,10.58,21.54,65.92,21.73,62.94,10.22,33.21,32.84,10.44,481.72,0.08,1.85,0.0
5373.0,2024-01-03,16:43:19,5373.0,20.51,21.43,65.51,10.44,482.14,21.54,65.92,10.58,21.54,65.92,21.73,62.94,10.22,33.21,32.84,10.44,482.14,0.08,1.85,0.0
5374.0,2024-01-03,16:43:20,5374.0,20.52,21.42,65.48,10.43,483.09,21.54,65.95,10.58,21.54,65.95,21.72,62.99,10.22,33.2,32.86,10.44,483.09,0.08,1.86,0.0
5375.0,2024-01-03,16:43:21,5375.0,20.52,21.42,65.48,10.43,481.15,21.54,65.95,10.58,21.54,65.95,21.72,62.99,10.22,33.2,32.86,10.44,481.15,0.08,1.85,0.0
5376.0,2024-01-03,16:43:22,5376.0,20.52,21.42,65.48,10.43,477.47,21.54,65.95,10.58,21.54,65.95,21.72,62.99,10.22,33.2,32.86,10.44,477.47,0.08,1.83,0.0
5377.0,2024-01-03,16:43:23,5377.0,20.53,21.42,65.51,10.44,476.4,21.53,65.97,10.59,21.53,65.97,21.73,62.94,10.22,33.18,32.87,10.44,476.4,0.08,1.83,0.0
5378.0,2024-01-03,16:43:24,5378.0,20.53,21.42,65.51,10.44,475.57,21.53,65.97,10.59,21.53,65.97,21.73,62.94,10.22,33.18,32.87,10.44,475.57,0.08,1.82,0.0
5379.0,2024-01-03,16:43:25,5379.0,20.53,21.42,65.51,10.44,475.04,21.53,65.97,10.59,21.53,65.97,21.73,62.94,10.22,33.18,32.87,10.44,475.04,0.08,1.82,0.0
5380.0,2024-01-03,16:43:26,5380.0,20.52,21.42,65.51,10.44,473.31,21.53,65.99,10.59,21.53,65.99,21.77,62.7,10.2,33.17,32.89,10.43,473.31,0.08,1.81,0.0
5381.0,2024-01-03,16:43:27,5381.0,20.52,21.42,65.51,10.44,472.34,21.53,65.99,10.59,21.53,65.99,21.77,62.7,10.2,33.17,32.89,10.43,472.34,0.08,1.8,0.0
5382.0,2024-01-03,16:43:28,5382.0,20.52,21.42,65.51,10.44,469.99,21.53,65.99,10.59,21.53,65.99,21.77,62.7,10.2,33.17,32.89,10.43,469.99,0.08,1.8,0.0
5383.0,2024-01-03,16:43:29,5383.0,20.51,21.41,65.52,10.44,468.28,21.52,66.01,10.59,21.52,66.01,21.79,62.61,10.2,33.15,32.9,10.43,468.28,0.08,1.79,0.0
5384.0,2024-01-03,16:43:30,5384.0,20.51,21.41,65.52,10.44,467.56,21.52,66.01,10.59,21.52,66.01,21.79,62.61,10.2,33.15,32.9,10.43,467.56,0.08,1.78,0.0
5385.0,2024-01-03,16:43:31,5385.0,20.51,21.41,65.52,10.44,468.86,21.52,66.01,10.59,21.52,66.01,21.79,62.61,10.2,33.15,32.9,10.43,468.86,0.08,1.79,0.0
5386.0,2024-01-03,16:43:32,5386.0,20.5,21.41,65.54,10.44,470.28,21.52,66.03,10.59,21.52,66.03,21.81,62.45,10.19,33.14,32.92,10.43,470.28,0.08,1.79,0.0
5387.0,2024-01-03,16:43:33,5387.0,20.5,21.41,65.54,10.44,471.42,21.52,66.03,10.59,21.52,66.03,21.81,62.45,10.19,33.14,32.92,10.43,471.42,0.08,1.8,0.0
5388.0,2024-01-03,16:43:34,5388.0,20.5,21.41,65.54,10.44,473.6,21.52,66.03,10.59,21.52,66.03,21.81,62.45,10.19,33.14,32.92,10.43,473.6,0.08,1.8,0.0
5389.0,2024-01-03,16:43:35,5389.0,20.5,21.41,65.54,10.44,476.38,21.52,66.04,10.59,21.52,66.04,21.83,62.36,10.18,33.13,32.91,10.42,476.38,0.08,1.82,0.0
5390.0,2024-01-03,16:43:36,5390.0,20.5,21.41,65.54,10.44,479.21,21.52,66.04,10.59,21.52,66.04,21.83,62.36,10.18,33.13,32.91,10.42,479.21,0.08,1.82,0.0
5391.0,2024-01-03,16:43:37,5391.0,20.5,21.41,65.54,10.44,479.74,21.52,66.04,10.59,21.52,66.04,21.83,62.36,10.18,33.13,32.91,10.42,479.74,0.08,1.83,0.0
5392.0,2024-01-03,16:43:38,5392.0,20.5,21.41,65.54,10.43,481.38,21.51,66.05,10.58,21.51,66.05,21.87,62.11,10.17,33.12,32.94,10.42,481.38,0.08,1.83,0.0
5393.0,2024-01-03,16:43:39,5393.0,20.5,21.41,65.54,10.43,481.23,21.51,66.05,10.58,21.51,66.05,21.87,62.11,10.17,33.12,32.94,10.42,481.23,0.08,1.83,0.0
5394.0,2024-01-03,16:43:40,5394.0,20.5,21.41,65.54,10.43,479.96,21.51,66.05,10.58,21.51,66.05,21.87,62.11,10.17,33.12,32.94,10.42,479.96,0.08,1.83,0.0
5395.0,2024-01-03,16:43:41,5395.0,20.5,21.41,65.54,10.43,477.28,21.51,66.05,10.58,21.51,66.05,21.87,62.11,10.17,33.12,32.94,10.42,477.28,0.08,1.82,0.0
5396.0,2024-01-03,16:43:42,5396.0,20.5,21.41,65.53,10.43,476.52,21.51,66.06,10.58,21.51,66.06,21.93,61.74,10.14,33.12,32.94,10.42,476.52,0.08,1.81,0.0
5397.0,2024-01-03,16:43:43,5397.0,20.5,21.41,65.53,10.43,476.04,21.51,66.06,10.58,21.51,66.06,21.93,61.74,10.14,33.12,32.94,10.42,476.04,0.08,1.81,0.0
5398.0,2024-01-03,16:43:44,5398.0,20.5,21.41,65.57,10.44,476.21,21.51,66.07,10.59,21.51,66.07,21.93,61.77,10.15,33.11,32.95,10.42,476.21,0.08,1.81,0.0
5399.0,2024-01-03,16:43:45,5399.0,20.5,21.41,65.57,10.44,476.34,21.51,66.07,10.59,21.51,66.07,21.93,61.77,10.15,33.11,32.95,10.42,476.34,0.08,1.81,0.0
5400.0,2024-01-03,16:43:46,5400.0,20.5,21.41,65.57,10.44,476.51,21.51,66.07,10.59,21.51,66.07,21.93,61.77,10.15,33.11,32.95,10.42,476.51,0.08,1.81,0.0
5401.0,2024-01-03,16:43:47,5401.0,20.5,21.41,65.55,10.43,477.9,21.51,66.08,10.59,21.51,66.08,21.92,61.87,10.16,33.1,32.96,10.41,477.9,0.08,1.81,0.0
5402.0,2024-01-03,16:43:48,5402.0,20.5,21.41,65.55,10.43,478.57,21.51,66.08,10.59,21.51,66.08,21.92,61.87,10.16,33.1,32.96,10.41,478.57,0.08,1.81,0.0
5403.0,2024-01-03,16:43:49,5403.0,20.5,21.41,65.55,10.43,476.06,21.51,66.08,10.59,21.51,66.08,21.92,61.87,10.16,33.1,32.96,10.41,476.06,0.08,1.8,0.0
5404.0,2024-01-03,16:43:50,5404.0,20.49,21.4,65.55,10.43,475.07,21.5,66.11,10.59,21.5,66.11,21.87,62.15,10.17,33.08,32.97,10.41,475.07,0.08,1.8,0.0
5405.0,2024-01-03,16:43:51,5405.0,20.49,21.4,65.55,10.43,472.05,21.5,66.11,10.59,21.5,66.11,21.87,62.15,10.17,33.08,32.97,10.41,472.05,0.08,1.78,0.0
5406.0,2024-01-03,16:43:52,5406.0,20.49,21.4,65.55,10.43,470.12,21.5,66.11,10.59,21.5,66.11,21.87,62.15,10.17,33.08,32.97,10.41,470.12,0.08,1.78,0.0
5407.0,2024-01-03,16:43:53,5407.0,20.49,21.4,65.56,10.43,467.21,21.49,66.11,10.58,21.49,66.11,21.81,62.46,10.19,33.06,33.02,10.41,467.21,0.08,1.77,0.0
5408.0,2024-01-03,16:43:54,5408.0,20.49,21.4,65.56,10.43,466.2,21.49,66.11,10.58,21.49,66.11,21.81,62.46,10.19,33.06,33.02,10.41,466.2,0.08,1.76,0.0
5409.0,2024-01-03,16:43:55,5409.0,20.49,21.4,65.56,10.43,467.05,21.49,66.11,10.58,21.49,66.11,21.81,62.46,10.19,33.06,33.02,10.41,467.05,0.08,1.77,0.0
5410.0,2024-01-03,16:43:56,5410.0,20.47,21.4,65.58,10.43,468.64,21.49,66.13,10.58,21.49,66.13,21.77,62.65,10.2,33.05,33.04,10.41,468.64,0.08,1.77,0.0
5411.0,2024-01-03,16:43:57,5411.0,20.47,21.4,65.58,10.43,468.11,21.49,66.13,10.58,21.49,66.13,21.77,62.65,10.2,33.05,33.04,10.41,468.11,0.08,1.77,0.0
5412.0,2024-01-03,16:43:58,5412.0,20.47,21.4,65.58,10.43,468.87,21.49,66.13,10.58,21.49,66.13,21.77,62.65,10.2,33.05,33.04,10.41,468.87,0.08,1.77,0.0
5413.0,2024-01-03,16:43:59,5413.0,20.46,21.39,65.55,10.43,472.09,21.49,66.15,10.59,21.49,66.15,21.77,62.6,10.19,33.04,33.07,10.41,472.09,0.08,1.78,0.0
5414.0,2024-01-03,16:44:00,5414.0,20.46,21.39,65.55,10.43,475.19,21.49,66.15,10.59,21.49,66.15,21.77,62.6,10.19,33.04,33.07,10.41,475.19,0.08,1.79,0.0
5415.0,2024-01-03,16:44:01,5415.0,20.46,21.39,65.55,10.43,480.15,21.49,66.15,10.59,21.49,66.15,21.77,62.6,10.19,33.04,33.07,10.41,480.15,0.08,1.81,0.0
5416.0,2024-01-03,16:44:02,5416.0,20.46,21.39,65.57,10.43,479.2,21.48,66.18,10.59,21.48,66.18,21.83,62.19,10.16,33.02,33.09,10.41,479.2,0.08,1.81,0.0
5417.0,2024-01-03,16:44:03,5417.0,20.46,21.39,65.57,10.43,475.89,21.48,66.18,10.59,21.48,66.18,21.83,62.19,10.16,33.02,33.09,10.41,475.89,0.08,1.79,0.0
5418.0,2024-01-03,16:44:04,5418.0,20.46,21.39,65.57,10.43,475.08,21.48,66.18,10.59,21.48,66.18,21.83,62.19,10.16,33.02,33.09,10.41,475.08,0.08,1.79,0.0
5419.0,2024-01-03,16:44:05,5419.0,20.47,21.39,65.58,10.43,474.34,21.48,66.17,10.58,21.48,66.17,21.89,61.82,10.13,33.01,33.1,10.41,474.34,0.08,1.79,0.0
5420.0,2024-01-03,16:44:06,5420.0,20.47,21.39,65.58,10.43,474.15,21.48,66.17,10.58,21.48,66.17,21.89,61.82,10.13,33.01,33.1,10.41,474.15,0.08,1.78,0.0
5421.0,2024-01-03,16:44:07,5421.0,20.47,21.39,65.58,10.43,473.96,21.48,66.17,10.58,21.48,66.17,21.89,61.82,10.13,33.01,33.1,10.41,473.96,0.08,1.78,0.0
5422.0,2024-01-03,16:44:08,5422.0,20.47,21.39,65.58,10.43,474.15,21.48,66.17,10.58,21.48,66.17,21.89,61.82,10.13,33.01,33.1,10.41,474.15,0.08,1.78,0.0
5423.0,2024-01-03,16:44:09,5423.0,20.47,21.39,65.55,10.42,473.96,21.48,66.18,10.58,21.48,66.18,21.95,61.45,10.11,33,33.14,10.41,473.96,0.08,1.79,0.0
5424.0,2024-01-03,16:44:10,5424.0,20.47,21.39,65.55,10.42,474.32,21.48,66.18,10.58,21.48,66.18,21.95,61.45,10.11,33,33.14,10.41,474.32,0.08,1.79,0.0
5425.0,2024-01-03,16:44:11,5425.0,20.48,21.39,65.58,10.43,474.14,21.47,66.18,10.58,21.47,66.18,22.03,61,10.08,32.99,33.17,10.41,474.14,0.08,1.79,0.0
5426.0,2024-01-03,16:44:12,5426.0,20.48,21.39,65.58,10.43,473.95,21.47,66.18,10.58,21.47,66.18,22.03,61,10.08,32.99,33.17,10.41,473.95,0.08,1.79,0.0
5427.0,2024-01-03,16:44:13,5427.0,20.48,21.39,65.58,10.43,473.96,21.47,66.18,10.58,21.47,66.18,22.03,61,10.08,32.99,33.17,10.41,473.96,0.08,1.79,0.0
5428.0,2024-01-03,16:44:14,5428.0,20.49,21.39,65.57,10.43,474.74,21.47,66.18,10.58,21.47,66.18,22.05,60.87,10.08,32.98,33.19,10.42,474.74,0.08,1.79,0.0
5429.0,2024-01-03,16:44:15,5429.0,20.49,21.39,65.57,10.43,475.41,21.47,66.18,10.58,21.47,66.18,22.05,60.87,10.08,32.98,33.19,10.42,475.41,0.07,1.79,0.0
5430.0,2024-01-03,16:44:16,5430.0,20.49,21.39,65.57,10.43,478.29,21.47,66.18,10.58,21.47,66.18,22.05,60.87,10.08,32.98,33.19,10.42,478.29,0.08,1.8,0.0
5431.0,2024-01-03,16:44:17,5431.0,20.5,21.39,65.58,10.43,479.02,21.47,66.19,10.58,21.47,66.19,22.07,60.79,10.07,32.97,33.21,10.42,479.02,0.08,1.8,0.0
5432.0,2024-01-03,16:44:18,5432.0,20.5,21.39,65.58,10.43,478.54,21.47,66.19,10.58,21.47,66.19,22.07,60.79,10.07,32.97,33.21,10.42,478.54,0.07,1.8,0.0
5433.0,2024-01-03,16:44:19,5433.0,20.5,21.39,65.58,10.43,478,21.47,66.19,10.58,21.47,66.19,22.07,60.79,10.07,32.97,33.21,10.42,478,0.07,1.8,0.0
5434.0,2024-01-03,16:44:20,5434.0,20.5,21.39,65.58,10.43,480.94,21.47,66.2,10.58,21.47,66.2,22.11,60.63,10.07,32.96,33.21,10.41,480.94,0.07,1.81,0.0
5435.0,2024-01-03,16:44:21,5435.0,20.5,21.39,65.58,10.43,481.25,21.47,66.2,10.58,21.47,66.2,22.11,60.63,10.07,32.96,33.21,10.41,481.25,0.07,1.81,0.0
5436.0,2024-01-03,16:44:22,5436.0,20.5,21.39,65.58,10.43,481.52,21.47,66.2,10.58,21.47,66.2,22.11,60.63,10.07,32.96,33.21,10.41,481.52,0.07,1.81,0.0
5437.0,2024-01-03,16:44:23,5437.0,20.48,21.39,65.58,10.43,480.03,21.46,66.22,10.58,21.46,66.22,22.16,60.39,10.06,32.95,33.24,10.42,480.03,0.07,1.81,0.0
5438.0,2024-01-03,16:44:24,5438.0,20.48,21.39,65.58,10.43,475.77,21.46,66.22,10.58,21.46,66.22,22.16,60.39,10.06,32.95,33.24,10.42,475.77,0.07,1.79,0.0
5439.0,2024-01-03,16:44:25,5439.0,20.48,21.39,65.58,10.43,476.4,21.46,66.22,10.58,21.46,66.22,22.16,60.39,10.06,32.95,33.24,10.42,476.4,0.07,1.79,0.0
5440.0,2024-01-03,16:44:26,5440.0,20.48,21.38,65.59,10.43,477.65,21.46,66.21,10.57,21.46,66.21,22.19,60.23,10.05,32.93,33.25,10.41,477.65,0.07,1.8,0.0
5441.0,2024-01-03,16:44:27,5441.0,20.48,21.38,65.59,10.43,478.23,21.46,66.21,10.57,21.46,66.21,22.19,60.23,10.05,32.93,33.25,10.41,478.23,0.07,1.8,0.0
5442.0,2024-01-03,16:44:28,5442.0,20.48,21.38,65.59,10.43,480.6,21.46,66.21,10.57,21.46,66.21,22.19,60.23,10.05,32.93,33.25,10.41,480.6,0.07,1.81,0.0
5443.0,2024-01-03,16:44:29,5443.0,20.48,21.39,65.58,10.43,481.21,21.46,66.21,10.58,21.46,66.21,22.21,60.17,10.05,32.93,33.27,10.41,481.21,0.07,1.81,0.0
5444.0,2024-01-03,16:44:30,5444.0,20.48,21.39,65.58,10.43,479.48,21.46,66.21,10.58,21.46,66.21,22.21,60.17,10.05,32.93,33.27,10.41,479.48,0.07,1.8,0.0
5445.0,2024-01-03,16:44:31,5445.0,20.48,21.39,65.58,10.43,479.01,21.46,66.21,10.58,21.46,66.21,22.21,60.17,10.05,32.93,33.27,10.41,479.01,0.07,1.8,0.0
5446.0,2024-01-03,16:44:32,5446.0,20.47,21.39,65.59,10.43,478.09,21.46,66.23,10.58,21.46,66.23,22.17,60.48,10.08,32.92,33.29,10.41,478.09,0.07,1.8,0.0
5447.0,2024-01-03,16:44:33,5447.0,20.47,21.39,65.59,10.43,477.9,21.46,66.23,10.58,21.46,66.23,22.17,60.48,10.08,32.92,33.29,10.41,477.9,0.07,1.79,0.0
5448.0,2024-01-03,16:44:34,5448.0,20.47,21.39,65.59,10.43,479.06,21.46,66.23,10.58,21.46,66.23,22.17,60.48,10.08,32.92,33.29,10.41,479.06,0.07,1.8,0.0
5449.0,2024-01-03,16:44:35,5449.0,20.46,21.38,65.57,10.42,478.85,21.46,66.24,10.58,21.46,66.24,22.1,60.95,10.11,32.91,33.29,10.41,478.85,0.07,1.8,0.0
5450.0,2024-01-03,16:44:36,5450.0,20.46,21.38,65.57,10.42,476.45,21.46,66.24,10.58,21.46,66.24,22.1,60.95,10.11,32.91,33.29,10.41,476.45,0.08,1.78,0.0
5451.0,2024-01-03,16:44:37,5451.0,20.46,21.38,65.57,10.42,474.43,21.46,66.24,10.58,21.46,66.24,22.1,60.95,10.11,32.91,33.29,10.41,474.43,0.07,1.77,0.0
5452.0,2024-01-03,16:44:38,5452.0,20.47,21.38,65.59,10.43,473.97,21.45,66.25,10.58,21.45,66.25,22.02,61.48,10.16,32.89,33.31,10.4,473.97,0.07,1.77,0.0
5453.0,2024-01-03,16:44:39,5453.0,20.47,21.38,65.59,10.43,472.82,21.45,66.25,10.58,21.45,66.25,22.02,61.48,10.16,32.89,33.31,10.4,472.82,0.07,1.77,0.0
5454.0,2024-01-03,16:44:40,5454.0,20.47,21.38,65.59,10.43,472.25,21.45,66.25,10.58,21.45,66.25,22.02,61.48,10.16,32.89,33.31,10.4,472.25,0.07,1.76,0.0
5455.0,2024-01-03,16:44:41,5455.0,20.47,21.38,65.59,10.43,471.26,21.45,66.25,10.58,21.45,66.25,21.96,61.86,10.18,32.88,33.33,10.4,471.26,0.07,1.76,0.0
5456.0,2024-01-03,16:44:42,5456.0,20.47,21.38,65.59,10.43,470.63,21.45,66.25,10.58,21.45,66.25,21.96,61.86,10.18,32.88,33.33,10.4,470.63,0.07,1.76,0.0
5457.0,2024-01-03,16:44:43,5457.0,20.47,21.38,65.59,10.43,470.13,21.45,66.25,10.58,21.45,66.25,21.96,61.86,10.18,32.88,33.33,10.4,470.13,0.07,1.76,0.0
5458.0,2024-01-03,16:44:44,5458.0,20.46,21.38,65.6,10.42,470.91,21.45,66.28,10.58,21.45,66.28,21.9,62.24,10.21,32.87,33.34,10.4,470.91,0.07,1.76,0.0
5459.0,2024-01-03,16:44:45,5459.0,20.46,21.38,65.6,10.42,472.89,21.45,66.28,10.58,21.45,66.28,21.9,62.24,10.21,32.87,33.34,10.4,472.89,0.07,1.76,0.0
5460.0,2024-01-03,16:44:46,5460.0,20.46,21.38,65.6,10.42,473.02,21.45,66.28,10.58,21.45,66.28,21.9,62.24,10.21,32.87,33.34,10.4,473.02,0.07,1.76,0.0
5461.0,2024-01-03,16:44:47,5461.0,20.45,21.38,65.6,10.42,471.92,21.44,66.28,10.58,21.44,66.28,21.86,62.5,10.23,32.87,33.34,10.4,471.92,0.07,1.76,0.0
5462.0,2024-01-03,16:44:48,5462.0,20.45,21.38,65.6,10.42,471.47,21.44,66.28,10.58,21.44,66.28,21.86,62.5,10.23,32.87,33.34,10.4,471.47,0.07,1.76,0.0
5463.0,2024-01-03,16:44:49,5463.0,20.45,21.38,65.6,10.42,469.19,21.44,66.28,10.58,21.44,66.28,21.86,62.5,10.23,32.87,33.34,10.4,469.19,0.07,1.75,0.0
5464.0,2024-01-03,16:44:50,5464.0,20.44,21.37,65.62,10.42,468.85,21.44,66.27,10.57,21.44,66.27,21.82,62.71,10.24,32.86,33.36,10.4,468.85,0.07,1.75,0.0
5465.0,2024-01-03,16:44:51,5465.0,20.44,21.37,65.62,10.42,468.71,21.44,66.27,10.57,21.44,66.27,21.82,62.71,10.24,32.86,33.36,10.4,468.71,0.07,1.75,0.0
5466.0,2024-01-03,16:44:52,5466.0,20.44,21.37,65.62,10.42,468.84,21.44,66.27,10.57,21.44,66.27,21.82,62.71,10.24,32.86,33.36,10.4,468.84,0.07,1.75,0.0
5467.0,2024-01-03,16:44:53,5467.0,20.43,21.37,65.62,10.42,469.02,21.44,66.28,10.57,21.44,66.28,21.81,62.79,10.24,32.85,33.37,10.4,469.02,0.07,1.75,0.0
5468.0,2024-01-03,16:44:54,5468.0,20.43,21.37,65.62,10.42,469.95,21.44,66.28,10.57,21.44,66.28,21.81,62.79,10.24,32.85,33.37,10.4,469.95,0.07,1.75,0.0
5469.0,2024-01-03,16:44:55,5469.0,20.43,21.37,65.62,10.42,471.43,21.44,66.28,10.57,21.44,66.28,21.81,62.79,10.24,32.85,33.37,10.4,471.43,0.07,1.76,0.0
5470.0,2024-01-03,16:44:56,5470.0,20.41,21.37,65.62,10.42,472.09,21.43,66.28,10.57,21.43,66.28,21.79,62.83,10.23,32.84,33.39,10.4,472.09,0.07,1.76,0.0
5471.0,2024-01-03,16:44:57,5471.0,20.41,21.37,65.62,10.42,470.64,21.43,66.28,10.57,21.43,66.28,21.79,62.83,10.23,32.84,33.39,10.4,470.64,0.07,1.75,0.0
5472.0,2024-01-03,16:44:58,5472.0,20.41,21.37,65.62,10.42,470.3,21.43,66.28,10.57,21.43,66.28,21.79,62.83,10.23,32.84,33.39,10.4,470.3,0.07,1.75,0.0
5473.0,2024-01-03,16:44:59,5473.0,20.4,21.37,65.63,10.42,469.35,21.43,66.3,10.57,21.43,66.3,21.76,62.96,10.24,32.83,33.41,10.4,469.35,0.07,1.75,0.0
5474.0,2024-01-03,16:45:00,5474.0,20.4,21.37,65.63,10.42,468.54,21.43,66.3,10.57,21.43,66.3,21.76,62.96,10.24,32.83,33.41,10.4,468.54,0.07,1.74,0.0
5475.0,2024-01-03,16:45:01,5475.0,20.4,21.37,65.63,10.42,466.74,21.43,66.3,10.57,21.43,66.3,21.76,62.96,10.24,32.83,33.41,10.4,466.74,0.07,1.74,0.0
5476.0,2024-01-03,16:45:02,5476.0,20.37,21.36,65.63,10.42,466.29,21.43,66.32,10.58,21.43,66.32,21.75,63,10.24,32.82,33.42,10.39,466.29,0.07,1.74,0.0
5477.0,2024-01-03,16:45:03,5477.0,20.37,21.36,65.63,10.42,469.02,21.43,66.32,10.58,21.43,66.32,21.75,63,10.24,32.82,33.42,10.39,469.02,0.07,1.74,0.0
5478.0,2024-01-03,16:45:04,5478.0,20.37,21.36,65.63,10.42,472.03,21.43,66.32,10.58,21.43,66.32,21.75,63,10.24,32.82,33.42,10.39,472.03,0.07,1.75,0.0
5479.0,2024-01-03,16:45:05,5479.0,20.35,21.36,65.6,10.41,473.47,21.43,66.31,10.57,21.43,66.31,21.78,62.76,10.22,32.81,33.44,10.4,473.47,0.07,1.76,0.0
5480.0,2024-01-03,16:45:06,5480.0,20.35,21.36,65.6,10.41,472.19,21.43,66.31,10.57,21.43,66.31,21.78,62.76,10.22,32.81,33.44,10.4,472.19,0.07,1.76,0.0
5481.0,2024-01-03,16:45:07,5481.0,20.35,21.36,65.6,10.41,469.33,21.43,66.31,10.57,21.43,66.31,21.78,62.76,10.22,32.81,33.44,10.4,469.33,0.07,1.74,0.0
5482.0,2024-01-03,16:45:08,5482.0,20.35,21.36,65.61,10.41,469.08,21.43,66.33,10.57,21.43,66.33,21.83,62.43,10.19,32.81,33.42,10.39,469.08,0.07,1.74,0.0
5483.0,2024-01-03,16:45:09,5483.0,20.35,21.36,65.61,10.41,470.78,21.43,66.33,10.57,21.43,66.33,21.83,62.43,10.19,32.81,33.42,10.39,470.78,0.07,1.75,0.0
5484.0,2024-01-03,16:45:10,5484.0,20.35,21.36,65.61,10.41,472.22,21.43,66.33,10.57,21.43,66.33,21.83,62.43,10.19,32.81,33.42,10.39,472.22,0.07,1.75,0.0
5485.0,2024-01-03,16:45:11,5485.0,20.34,21.36,65.61,10.41,473.52,21.42,66.32,10.57,21.42,66.32,21.86,62.18,10.17,32.8,33.45,10.39,473.52,0.07,1.76,0.0
5486.0,2024-01-03,16:45:12,5486.0,20.34,21.36,65.61,10.41,473.16,21.42,66.32,10.57,21.42,66.32,21.86,62.18,10.17,32.8,33.45,10.39,473.16,0.07,1.76,0.0
5487.0,2024-01-03,16:45:13,5487.0,20.34,21.36,65.61,10.41,475.08,21.42,66.32,10.57,21.42,66.32,21.86,62.18,10.17,32.8,33.45,10.39,475.08,0.07,1.76,0.0
5488.0,2024-01-03,16:45:14,5488.0,20.34,21.36,65.61,10.41,475.08,21.42,66.32,10.57,21.42,66.32,21.86,62.18,10.17,32.8,33.45,10.39,475.08,0.07,1.76,0.0
5489.0,2024-01-03,16:45:15,5489.0,20.33,21.35,65.61,10.41,473.78,21.42,66.33,10.57,21.42,66.33,21.87,62.02,10.15,32.79,33.46,10.39,473.78,0.07,1.76,0.0
5490.0,2024-01-03,16:45:16,5490.0,20.33,21.35,65.61,10.41,474.1,21.42,66.33,10.57,21.42,66.33,21.87,62.02,10.15,32.79,33.46,10.39,474.1,0.07,1.76,0.0
5491.0,2024-01-03,16:45:17,5491.0,20.33,21.35,65.66,10.42,474.73,21.42,66.32,10.57,21.42,66.32,21.88,61.96,10.15,32.78,33.49,10.39,474.73,0.07,1.76,0.0
5492.0,2024-01-03,16:45:18,5492.0,20.33,21.35,65.66,10.42,477.47,21.42,66.32,10.57,21.42,66.32,21.88,61.96,10.15,32.78,33.49,10.39,477.47,0.07,1.77,0.0
5493.0,2024-01-03,16:45:19,5493.0,20.33,21.35,65.66,10.42,479.01,21.42,66.32,10.57,21.42,66.32,21.88,61.96,10.15,32.78,33.49,10.39,479.01,0.07,1.78,0.0
5494.0,2024-01-03,16:45:20,5494.0,20.32,21.35,65.63,10.41,480.16,21.42,66.31,10.57,21.42,66.31,21.9,61.88,10.15,32.78,33.5,10.4,480.16,0.07,1.78,0.0
5495.0,2024-01-03,16:45:21,5495.0,20.32,21.35,65.63,10.41,478.9,21.42,66.31,10.57,21.42,66.31,21.9,61.88,10.15,32.78,33.5,10.4,478.9,0.07,1.78,0.0
5496.0,2024-01-03,16:45:22,5496.0,20.32,21.35,65.63,10.41,476.19,21.42,66.31,10.57,21.42,66.31,21.9,61.88,10.15,32.78,33.5,10.4,476.19,0.07,1.77,0.0
5497.0,2024-01-03,16:45:23,5497.0,20.32,21.35,65.65,10.41,475.4,21.42,66.34,10.57,21.42,66.34,21.95,61.58,10.13,32.77,33.52,10.4,475.4,0.07,1.76,0.0
5498.0,2024-01-03,16:45:24,5498.0,20.32,21.35,65.65,10.41,473.8,21.42,66.34,10.57,21.42,66.34,21.95,61.58,10.13,32.77,33.52,10.4,473.8,0.07,1.76,0.0
5499.0,2024-01-03,16:45:25,5499.0,20.32,21.35,65.65,10.41,473.23,21.42,66.34,10.57,21.42,66.34,21.95,61.58,10.13,32.77,33.52,10.4,473.23,0.07,1.76,0.0
5500.0,2024-01-03,16:45:26,5500.0,20.33,21.35,65.64,10.41,472.65,21.41,66.36,10.57,21.41,66.36,21.99,61.35,10.12,32.76,33.55,10.4,472.65,0.07,1.75,0.0
5501.0,2024-01-03,16:45:27,5501.0,20.33,21.35,65.64,10.41,472.54,21.41,66.36,10.57,21.41,66.36,21.99,61.35,10.12,32.76,33.55,10.4,472.54,0.07,1.75,0.0
5502.0,2024-01-03,16:45:28,5502.0,20.33,21.35,65.64,10.41,474,21.41,66.36,10.57,21.41,66.36,21.99,61.35,10.12,32.76,33.55,10.4,474,0.07,1.76,0.0
5503.0,2024-01-03,16:45:29,5503.0,20.34,21.35,65.64,10.41,474.28,21.41,66.36,10.57,21.41,66.36,22.01,61.23,10.11,32.76,33.54,10.39,474.28,0.07,1.76,0.0
5504.0,2024-01-03,16:45:30,5504.0,20.34,21.35,65.64,10.41,474.62,21.41,66.36,10.57,21.41,66.36,22.01,61.23,10.11,32.76,33.54,10.39,474.62,0.07,1.76,0.0
5505.0,2024-01-03,16:45:31,5505.0,20.34,21.35,65.64,10.41,477.87,21.41,66.36,10.57,21.41,66.36,22.01,61.23,10.11,32.76,33.54,10.39,477.87,0.07,1.77,0.0
5506.0,2024-01-03,16:45:32,5506.0,20.32,21.34,65.64,10.4,479.97,21.4,66.35,10.56,21.4,66.35,22,61.21,10.1,32.73,33.57,10.39,479.97,0.07,1.78,0.0
5507.0,2024-01-03,16:45:33,5507.0,20.32,21.34,65.64,10.4,482.16,21.4,66.35,10.56,21.4,66.35,22,61.21,10.1,32.73,33.57,10.39,482.16,0.07,1.79,0.0
5508.0,2024-01-03,16:45:34,5508.0,20.32,21.34,65.64,10.4,482.46,21.4,66.35,10.56,21.4,66.35,22,61.21,10.1,32.73,33.57,10.39,482.46,0.07,1.79,0.0
5509.0,2024-01-03,16:45:35,5509.0,20.32,21.34,65.64,10.4,479.95,21.4,66.35,10.56,21.4,66.35,22,61.21,10.1,32.73,33.57,10.39,479.95,0.07,1.78,0.0
5510.0,2024-01-03,16:45:36,5510.0,20.31,21.33,65.65,10.4,478.39,21.39,66.36,10.56,21.39,66.36,22.03,61.04,10.09,32.72,33.57,10.39,478.39,0.07,1.77,0.0
5511.0,2024-01-03,16:45:37,5511.0,20.31,21.33,65.65,10.4,476.86,21.39,66.36,10.56,21.39,66.36,22.03,61.04,10.09,32.72,33.57,10.39,476.86,0.07,1.77,0.0
5512.0,2024-01-03,16:45:38,5512.0,20.32,21.34,65.64,10.41,476.52,21.4,66.39,10.57,21.4,66.39,22.06,60.95,10.1,32.75,33.56,10.39,476.52,0.07,1.76,0.0
5513.0,2024-01-03,16:45:39,5513.0,20.32,21.34,65.64,10.41,476.54,21.4,66.39,10.57,21.4,66.39,22.06,60.95,10.1,32.75,33.56,10.39,476.54,0.07,1.77,0.0
5514.0,2024-01-03,16:45:40,5514.0,20.32,21.34,65.64,10.41,475.1,21.4,66.39,10.57,21.4,66.39,22.06,60.95,10.1,32.75,33.56,10.39,475.1,0.07,1.76,0.0
5515.0,2024-01-03,16:45:41,5515.0,20.32,21.34,65.64,10.41,471.59,21.4,66.39,10.57,21.4,66.39,22.06,60.95,10.1,32.75,33.56,10.39,471.59,0.07,1.75,0.0
5516.0,2024-01-03,16:45:42,5516.0,20.33,21.34,65.65,10.41,471.08,21.4,66.39,10.57,21.4,66.39,22.04,61.17,10.12,32.74,33.55,10.39,471.08,0.07,1.74,0.0
5517.0,2024-01-03,16:45:43,5517.0,20.33,21.34,65.65,10.41,470.62,21.4,66.39,10.57,21.4,66.39,22.04,61.17,10.12,32.74,33.55,10.39,470.62,0.07,1.74,0.0
5518.0,2024-01-03,16:45:44,5518.0,20.33,21.34,65.7,10.41,470.44,21.4,66.39,10.57,21.4,66.39,21.99,61.5,10.14,32.74,33.55,10.39,470.44,0.07,1.74,0.0
5519.0,2024-01-03,16:45:45,5519.0,20.33,21.34,65.7,10.41,469.56,21.4,66.39,10.57,21.4,66.39,21.99,61.5,10.14,32.74,33.55,10.39,469.56,0.07,1.74,0.0
5520.0,2024-01-03,16:45:46,5520.0,20.33,21.34,65.7,10.41,469.24,21.4,66.39,10.57,21.4,66.39,21.99,61.5,10.14,32.74,33.55,10.39,469.24,0.07,1.74,0.0
5521.0,2024-01-03,16:45:47,5521.0,20.33,21.34,65.71,10.42,471.59,21.4,66.39,10.56,21.4,66.39,21.94,61.83,10.16,32.75,33.53,10.38,471.59,0.07,1.75,0.0
5522.0,2024-01-03,16:45:48,5522.0,20.33,21.34,65.71,10.42,472.21,21.4,66.39,10.56,21.4,66.39,21.94,61.83,10.16,32.75,33.53,10.38,472.21,0.07,1.75,0.0
5523.0,2024-01-03,16:45:49,5523.0,20.33,21.34,65.71,10.42,473.03,21.4,66.39,10.56,21.4,66.39,21.94,61.83,10.16,32.75,33.53,10.38,473.03,0.07,1.75,0.0
5524.0,2024-01-03,16:45:50,5524.0,20.32,21.33,65.72,10.41,474.16,21.39,66.4,10.56,21.39,66.4,21.91,61.98,10.17,32.75,33.54,10.39,474.16,0.07,1.76,0.0
5525.0,2024-01-03,16:45:51,5525.0,20.32,21.33,65.72,10.41,475.28,21.39,66.4,10.56,21.39,66.4,21.91,61.98,10.17,32.75,33.54,10.39,475.28,0.07,1.76,0.0
5526.0,2024-01-03,16:45:52,5526.0,20.32,21.33,65.72,10.41,475.55,21.39,66.4,10.56,21.39,66.4,21.91,61.98,10.17,32.75,33.54,10.39,475.55,0.07,1.76,0.0
5527.0,2024-01-03,16:45:53,5527.0,20.32,21.33,65.75,10.42,477.8,21.39,66.41,10.56,21.39,66.41,21.92,61.88,10.16,32.74,33.53,10.38,477.8,0.07,1.77,0.0
5528.0,2024-01-03,16:45:54,5528.0,20.32,21.33,65.75,10.42,476.47,21.39,66.41,10.56,21.39,66.41,21.92,61.88,10.16,32.74,33.53,10.38,476.47,0.07,1.77,0.0
5529.0,2024-01-03,16:45:55,5529.0,20.32,21.33,65.75,10.42,473.27,21.39,66.41,10.56,21.39,66.41,21.92,61.88,10.16,32.74,33.53,10.38,473.27,0.07,1.75,0.0
5530.0,2024-01-03,16:45:56,5530.0,20.32,21.33,65.74,10.42,471.2,21.39,66.42,10.56,21.39,66.42,21.95,61.79,10.16,32.74,33.53,10.38,471.2,0.07,1.75,0.0
5531.0,2024-01-03,16:45:57,5531.0,20.32,21.33,65.74,10.42,470.98,21.39,66.42,10.56,21.39,66.42,21.95,61.79,10.16,32.74,33.53,10.38,470.98,0.07,1.75,0.0
5532.0,2024-01-03,16:45:58,5532.0,20.32,21.33,65.74,10.42,470.92,21.39,66.42,10.56,21.39,66.42,21.95,61.79,10.16,32.74,33.53,10.38,470.92,0.07,1.74,0.0
5533.0,2024-01-03,16:45:59,5533.0,20.33,21.33,65.76,10.42,471.11,21.38,66.46,10.57,21.38,66.46,21.97,61.7,10.16,32.74,33.55,10.39,471.11,0.07,1.75,0.0
5534.0,2024-01-03,16:46:00,5534.0,20.33,21.33,65.76,10.42,471.24,21.38,66.46,10.57,21.38,66.46,21.97,61.7,10.16,32.74,33.55,10.39,471.24,0.07,1.75,0.0
5535.0,2024-01-03,16:46:01,5535.0,20.33,21.33,65.76,10.42,471.69,21.38,66.46,10.57,21.38,66.46,21.97,61.7,10.16,32.74,33.55,10.39,471.69,0.07,1.75,0.0
5536.0,2024-01-03,16:46:02,5536.0,20.35,21.33,65.75,10.42,471.9,21.38,66.47,10.56,21.38,66.47,21.95,61.88,10.18,32.73,33.57,10.39,471.9,0.07,1.75,0.0
5537.0,2024-01-03,16:46:03,5537.0,20.35,21.33,65.75,10.42,472.52,21.38,66.47,10.56,21.38,66.47,21.95,61.88,10.18,32.73,33.57,10.39,472.52,0.07,1.75,0.0
5538.0,2024-01-03,16:46:04,5538.0,20.35,21.33,65.75,10.42,473.85,21.38,66.47,10.56,21.38,66.47,21.95,61.88,10.18,32.73,33.57,10.39,473.85,0.07,1.76,0.0
5539.0,2024-01-03,16:46:05,5539.0,20.35,21.33,65.76,10.42,474.28,21.38,66.48,10.57,21.38,66.48,21.91,62.15,10.2,32.72,33.58,10.39,474.28,0.07,1.76,0.0
5540.0,2024-01-03,16:46:06,5540.0,20.35,21.33,65.76,10.42,474.08,21.38,66.48,10.57,21.38,66.48,21.91,62.15,10.2,32.72,33.58,10.39,474.08,0.07,1.76,0.0
5541.0,2024-01-03,16:46:07,5541.0,20.35,21.33,65.76,10.42,472.44,21.38,66.48,10.57,21.38,66.48,21.91,62.15,10.2,32.72,33.58,10.39,472.44,0.07,1.75,0.0
5542.0,2024-01-03,16:46:08,5542.0,20.34,21.33,65.76,10.42,471.87,21.38,66.49,10.57,21.38,66.49,21.86,62.41,10.21,32.72,33.58,10.39,471.87,0.07,1.75,0.0
5543.0,2024-01-03,16:46:09,5543.0,20.34,21.33,65.76,10.42,471.42,21.38,66.49,10.57,21.38,66.49,21.86,62.41,10.21,32.72,33.58,10.39,471.42,0.07,1.75,0.0
5544.0,2024-01-03,16:46:10,5544.0,20.34,21.33,65.76,10.42,471.4,21.38,66.49,10.57,21.38,66.49,21.86,62.41,10.21,32.72,33.58,10.39,471.4,0.07,1.75,0.0
5545.0,2024-01-03,16:46:11,5545.0,20.34,21.32,65.78,10.42,472.18,21.37,66.49,10.56,21.37,66.49,21.82,62.6,10.22,32.72,33.57,10.38,472.18,0.07,1.75,0.0
5546.0,2024-01-03,16:46:12,5546.0,20.34,21.32,65.78,10.42,475.73,21.37,66.49,10.56,21.37,66.49,21.82,62.6,10.22,32.72,33.57,10.38,475.73,0.07,1.76,0.0
5547.0,2024-01-03,16:46:13,5547.0,20.34,21.32,65.78,10.42,476.68,21.37,66.49,10.56,21.37,66.49,21.82,62.6,10.22,32.72,33.57,10.38,476.68,0.07,1.76,0.0
5548.0,2024-01-03,16:46:14,5548.0,20.34,21.32,65.78,10.42,475.73,21.37,66.49,10.56,21.37,66.49,21.82,62.6,10.22,32.72,33.57,10.38,475.73,0.07,1.76,0.0
5549.0,2024-01-03,16:46:15,5549.0,20.35,21.32,65.78,10.42,475.86,21.37,66.5,10.56,21.37,66.5,21.79,62.77,10.23,32.72,33.58,10.39,475.86,0.07,1.76,0.0
5550.0,2024-01-03,16:46:16,5550.0,20.35,21.32,65.78,10.42,476.35,21.37,66.5,10.56,21.37,66.5,21.79,62.77,10.23,32.72,33.58,10.39,476.35,0.07,1.76,0.0
5551.0,2024-01-03,16:46:17,5551.0,20.34,21.32,65.79,10.42,477.14,21.37,66.53,10.57,21.37,66.53,21.76,62.89,10.22,32.72,33.57,10.38,477.14,0.07,1.77,0.0
5552.0,2024-01-03,16:46:18,5552.0,20.34,21.32,65.79,10.42,478.53,21.37,66.53,10.57,21.37,66.53,21.76,62.89,10.22,32.72,33.57,10.38,478.53,0.07,1.77,0.0
5553.0,2024-01-03,16:46:19,5553.0,20.34,21.32,65.79,10.42,477.59,21.37,66.53,10.57,21.37,66.53,21.76,62.89,10.22,32.72,33.57,10.38,477.59,0.07,1.77,0.0
5554.0,2024-01-03,16:46:20,5554.0,20.34,21.32,65.8,10.42,473.69,21.37,66.53,10.57,21.37,66.53,21.73,63.03,10.23,32.72,33.57,10.38,473.69,0.07,1.75,0.0
5555.0,2024-01-03,16:46:21,5555.0,20.34,21.32,65.8,10.42,473.8,21.37,66.53,10.57,21.37,66.53,21.73,63.03,10.23,32.72,33.57,10.38,473.8,0.07,1.75,0.0
5556.0,2024-01-03,16:46:22,5556.0,20.34,21.32,65.8,10.42,474.04,21.37,66.53,10.57,21.37,66.53,21.73,63.03,10.23,32.72,33.57,10.38,474.04,0.07,1.75,0.0
5557.0,2024-01-03,16:46:23,5557.0,20.35,21.32,65.8,10.42,475.38,21.37,66.51,10.56,21.37,66.51,21.7,63.17,10.24,32.71,33.59,10.38,475.38,0.07,1.76,0.0
5558.0,2024-01-03,16:46:24,5558.0,20.35,21.32,65.8,10.42,476.98,21.37,66.51,10.56,21.37,66.51,21.7,63.17,10.24,32.71,33.59,10.38,476.98,0.07,1.76,0.0
5559.0,2024-01-03,16:46:25,5559.0,20.35,21.32,65.8,10.42,478.15,21.37,66.51,10.56,21.37,66.51,21.7,63.17,10.24,32.71,33.59,10.38,478.15,0.07,1.77,0.0
5560.0,2024-01-03,16:46:26,5560.0,20.36,21.31,65.8,10.42,479.06,21.36,66.52,10.56,21.36,66.52,21.69,63.24,10.24,32.7,33.61,10.38,479.06,0.07,1.77,0.0
5561.0,2024-01-03,16:46:27,5561.0,20.36,21.31,65.8,10.42,477.62,21.36,66.52,10.56,21.36,66.52,21.69,63.24,10.24,32.7,33.61,10.38,477.62,0.07,1.77,0.0
5562.0,2024-01-03,16:46:28,5562.0,20.36,21.31,65.8,10.42,478.52,21.36,66.52,10.56,21.36,66.52,21.69,63.24,10.24,32.7,33.61,10.38,478.52,0.07,1.77,0.0
5563.0,2024-01-03,16:46:29,5563.0,20.36,21.31,65.79,10.41,477.96,21.36,66.52,10.56,21.36,66.52,21.73,62.95,10.22,32.7,33.61,10.38,477.96,0.07,1.77,0.0
5564.0,2024-01-03,16:46:30,5564.0,20.36,21.31,65.79,10.41,476.06,21.36,66.52,10.56,21.36,66.52,21.73,62.95,10.22,32.7,33.61,10.38,476.06,0.07,1.76,0.0
5565.0,2024-01-03,16:46:31,5565.0,20.36,21.31,65.79,10.41,475.71,21.36,66.52,10.56,21.36,66.52,21.73,62.95,10.22,32.7,33.61,10.38,475.71,0.07,1.76,0.0
5566.0,2024-01-03,16:46:32,5566.0,20.37,21.31,65.82,10.42,476.02,21.36,66.51,10.56,21.36,66.51,21.78,62.65,10.2,32.7,33.59,10.38,476.02,0.07,1.76,0.0
5567.0,2024-01-03,16:46:33,5567.0,20.37,21.31,65.82,10.42,477.5,21.36,66.51,10.56,21.36,66.51,21.78,62.65,10.2,32.7,33.59,10.38,477.5,0.07,1.76,0.0
5568.0,2024-01-03,16:46:34,5568.0,20.37,21.31,65.82,10.42,479.67,21.36,66.51,10.56,21.36,66.51,21.78,62.65,10.2,32.7,33.59,10.38,479.67,0.07,1.77,0.0
5569.0,2024-01-03,16:46:35,5569.0,20.37,21.31,65.83,10.42,479.52,21.36,66.52,10.56,21.36,66.52,21.79,62.57,10.19,32.7,33.59,10.38,479.52,0.07,1.77,0.0
5570.0,2024-01-03,16:46:36,5570.0,20.37,21.31,65.83,10.42,479.49,21.36,66.52,10.56,21.36,66.52,21.79,62.57,10.19,32.7,33.59,10.38,479.49,0.07,1.77,0.0
5571.0,2024-01-03,16:46:37,5571.0,20.37,21.31,65.83,10.42,478.72,21.36,66.52,10.56,21.36,66.52,21.79,62.57,10.19,32.7,33.59,10.38,478.72,0.07,1.77,0.0
5572.0,2024-01-03,16:46:38,5572.0,20.37,21.31,65.81,10.41,476.36,21.36,66.51,10.56,21.36,66.51,21.78,62.63,10.2,32.7,33.59,10.38,476.36,0.07,1.76,0.0
5573.0,2024-01-03,16:46:39,5573.0,20.37,21.31,65.81,10.41,476.65,21.36,66.51,10.56,21.36,66.51,21.78,62.63,10.2,32.7,33.59,10.38,476.65,0.07,1.76,0.0
5574.0,2024-01-03,16:46:40,5574.0,20.37,21.31,65.81,10.41,475.08,21.36,66.51,10.56,21.36,66.51,21.78,62.63,10.2,32.7,33.59,10.38,475.08,0.07,1.76,0.0
5575.0,2024-01-03,16:46:41,5575.0,20.37,21.31,65.85,10.42,474.35,21.36,66.54,10.56,21.36,66.54,21.76,62.71,10.2,32.7,33.58,10.37,474.35,0.07,1.75,0.0
5576.0,2024-01-03,16:46:42,5576.0,20.37,21.31,65.85,10.42,473.5,21.36,66.54,10.56,21.36,66.54,21.76,62.71,10.2,32.7,33.58,10.37,473.5,0.07,1.75,0.0
5577.0,2024-01-03,16:46:43,5577.0,20.37,21.31,65.85,10.42,473.34,21.36,66.54,10.56,21.36,66.54,21.76,62.71,10.2,32.7,33.58,10.37,473.34,0.07,1.75,0.0
5578.0,2024-01-03,16:46:44,5578.0,20.36,21.3,65.84,10.41,473.18,21.35,66.54,10.56,21.35,66.54,21.75,62.75,10.2,32.69,33.6,10.38,473.18,0.07,1.75,0.0
5579.0,2024-01-03,16:46:45,5579.0,20.36,21.3,65.84,10.41,473.33,21.35,66.54,10.56,21.35,66.54,21.75,62.75,10.2,32.69,33.6,10.38,473.33,0.07,1.75,0.0
5580.0,2024-01-03,16:46:46,5580.0,20.36,21.3,65.84,10.41,473.2,21.35,66.54,10.56,21.35,66.54,21.75,62.75,10.2,32.69,33.6,10.38,473.2,0.07,1.75,0.0
5581.0,2024-01-03,16:46:47,5581.0,20.37,21.3,65.85,10.41,472.52,21.35,66.55,10.56,21.35,66.55,21.76,62.78,10.21,32.69,33.63,10.38,472.52,0.07,1.75,0.0
5582.0,2024-01-03,16:46:48,5582.0,20.37,21.3,65.85,10.41,471.09,21.35,66.55,10.56,21.35,66.55,21.76,62.78,10.21,32.69,33.63,10.38,471.09,0.07,1.74,0.0
5583.0,2024-01-03,16:46:49,5583.0,20.37,21.3,65.85,10.41,471.85,21.35,66.55,10.56,21.35,66.55,21.76,62.78,10.21,32.69,33.63,10.38,471.85,0.07,1.74,0.0
5584.0,2024-01-03,16:46:50,5584.0,20.38,21.3,65.86,10.42,473.02,21.35,66.58,10.56,21.35,66.58,21.78,62.7,10.21,32.68,33.64,10.38,473.02,0.07,1.75,0.0
5585.0,2024-01-03,16:46:51,5585.0,20.38,21.3,65.86,10.42,471.89,21.35,66.58,10.56,21.35,66.58,21.78,62.7,10.21,32.68,33.64,10.38,471.89,0.07,1.74,0.0
5586.0,2024-01-03,16:46:52,5586.0,20.38,21.3,65.86,10.42,469.97,21.35,66.58,10.56,21.35,66.58,21.78,62.7,10.21,32.68,33.64,10.38,469.97,0.07,1.73,0.0
5587.0,2024-01-03,16:46:53,5587.0,20.38,21.3,65.85,10.41,469.8,21.34,66.62,10.57,21.34,66.62,21.83,62.42,10.2,32.67,33.64,10.38,469.8,0.07,1.73,0.0
5588.0,2024-01-03,16:46:54,5588.0,20.38,21.3,65.85,10.41,471.62,21.34,66.62,10.57,21.34,66.62,21.83,62.42,10.2,32.67,33.64,10.38,471.62,0.07,1.74,0.0
5589.0,2024-01-03,16:46:55,5589.0,20.38,21.3,65.85,10.41,474,21.34,66.62,10.57,21.34,66.62,21.83,62.42,10.2,32.67,33.64,10.38,474,0.07,1.75,0.0
5590.0,2024-01-03,16:46:56,5590.0,20.37,21.3,65.86,10.41,474.54,21.34,66.63,10.56,21.34,66.63,21.93,61.92,10.17,32.67,33.64,10.38,474.54,0.07,1.75,0.0
5591.0,2024-01-03,16:46:57,5591.0,20.37,21.3,65.86,10.41,475.86,21.34,66.63,10.56,21.34,66.63,21.93,61.92,10.17,32.67,33.64,10.38,475.86,0.07,1.76,0.0
5592.0,2024-01-03,16:46:58,5592.0,20.37,21.3,65.86,10.41,476.35,21.34,66.63,10.56,21.34,66.63,21.93,61.92,10.17,32.67,33.64,10.38,476.35,0.07,1.76,0.0
5593.0,2024-01-03,16:46:59,5593.0,20.37,21.3,65.86,10.41,476.32,21.34,66.63,10.56,21.34,66.63,21.93,61.92,10.17,32.67,33.64,10.38,476.32,0.07,1.76,0.0
5594.0,2024-01-03,16:47:00,5594.0,20.36,21.3,65.86,10.41,473.8,21.33,66.62,10.56,21.33,66.62,21.99,61.62,10.16,32.67,33.64,10.37,473.8,0.07,1.75,0.0
5595.0,2024-01-03,16:47:01,5595.0,20.36,21.3,65.86,10.41,473.15,21.33,66.62,10.56,21.33,66.62,21.99,61.62,10.16,32.67,33.64,10.37,473.15,0.07,1.75,0.0
5596.0,2024-01-03,16:47:02,5596.0,20.36,21.3,65.86,10.41,473.18,21.33,66.65,10.56,21.33,66.65,22.01,61.54,10.16,32.67,33.63,10.37,473.18,0.07,1.75,0.0
5597.0,2024-01-03,16:47:03,5597.0,20.36,21.3,65.86,10.41,472.71,21.33,66.65,10.56,21.33,66.65,22.01,61.54,10.16,32.67,33.63,10.37,472.71,0.07,1.74,0.0
5598.0,2024-01-03,16:47:04,5598.0,20.36,21.3,65.86,10.41,472.54,21.33,66.65,10.56,21.33,66.65,22.01,61.54,10.16,32.67,33.63,10.37,472.54,0.07,1.74,0.0
5599.0,2024-01-03,16:47:05,5599.0,20.35,21.29,65.86,10.41,472.88,21.33,66.64,10.56,21.33,66.64,22.03,61.41,10.15,32.66,33.64,10.37,472.88,0.07,1.74,0.0
5600.0,2024-01-03,16:47:06,5600.0,20.35,21.29,65.86,10.41,473.31,21.33,66.64,10.56,21.33,66.64,22.03,61.41,10.15,32.66,33.64,10.37,473.31,0.07,1.74,0.0
5601.0,2024-01-03,16:47:07,5601.0,20.35,21.29,65.86,10.41,475.27,21.33,66.64,10.56,21.33,66.64,22.03,61.41,10.15,32.66,33.64,10.37,475.27,0.07,1.75,0.0
5602.0,2024-01-03,16:47:08,5602.0,20.34,21.29,65.88,10.42,476.04,21.33,66.65,10.56,21.33,66.65,22,61.55,10.15,32.66,33.66,10.38,476.04,0.07,1.75,0.0
5603.0,2024-01-03,16:47:09,5603.0,20.34,21.29,65.88,10.42,479.05,21.33,66.65,10.56,21.33,66.65,22,61.55,10.15,32.66,33.66,10.38,479.05,0.07,1.77,0.0
5604.0,2024-01-03,16:47:10,5604.0,20.34,21.29,65.88,10.42,481.05,21.33,66.65,10.56,21.33,66.65,22,61.55,10.15,32.66,33.66,10.38,481.05,0.07,1.77,0.0
5605.0,2024-01-03,16:47:11,5605.0,20.33,21.29,65.9,10.42,482.49,21.33,66.67,10.56,21.33,66.67,21.94,61.8,10.16,32.65,33.67,10.38,482.49,0.07,1.78,0.0
5606.0,2024-01-03,16:47:12,5606.0,20.33,21.29,65.9,10.42,482.41,21.33,66.67,10.56,21.33,66.67,21.94,61.8,10.16,32.65,33.67,10.38,482.41,0.07,1.78,0.0
5607.0,2024-01-03,16:47:13,5607.0,20.33,21.29,65.9,10.42,482.77,21.33,66.67,10.56,21.33,66.67,21.94,61.8,10.16,32.65,33.67,10.38,482.77,0.07,1.78,0.0
5608.0,2024-01-03,16:47:14,5608.0,20.32,21.29,65.89,10.41,482.79,21.33,66.67,10.56,21.33,66.67,21.85,62.31,10.18,32.65,33.68,10.38,482.79,0.07,1.78,0.0
5609.0,2024-01-03,16:47:15,5609.0,20.32,21.29,65.89,10.41,480.47,21.33,66.67,10.56,21.33,66.67,21.85,62.31,10.18,32.65,33.68,10.38,480.47,0.07,1.77,0.0
5610.0,2024-01-03,16:47:16,5610.0,20.32,21.29,65.89,10.41,479.66,21.33,66.67,10.56,21.33,66.67,21.85,62.31,10.18,32.65,33.68,10.38,479.66,0.07,1.77,0.0
5611.0,2024-01-03,16:47:17,5611.0,20.31,21.29,65.88,10.41,477.22,21.32,66.7,10.57,21.32,66.7,21.78,62.58,10.19,32.65,33.68,10.38,477.22,0.07,1.76,0.0
5612.0,2024-01-03,16:47:18,5612.0,20.31,21.29,65.88,10.41,476.38,21.32,66.7,10.57,21.32,66.7,21.78,62.58,10.19,32.65,33.68,10.38,476.38,0.07,1.76,0.0
5613.0,2024-01-03,16:47:19,5613.0,20.31,21.29,65.88,10.41,475.23,21.32,66.7,10.57,21.32,66.7,21.78,62.58,10.19,32.65,33.68,10.38,475.23,0.07,1.75,0.0
5614.0,2024-01-03,16:47:20,5614.0,20.31,21.29,65.86,10.41,475.27,21.32,66.72,10.57,21.32,66.72,21.73,62.78,10.19,32.64,33.67,10.37,475.27,0.07,1.75,0.0
5615.0,2024-01-03,16:47:21,5615.0,20.31,21.29,65.86,10.41,472.57,21.32,66.72,10.57,21.32,66.72,21.73,62.78,10.19,32.64,33.67,10.37,472.57,0.07,1.74,0.0
5616.0,2024-01-03,16:47:22,5616.0,20.31,21.29,65.86,10.41,471.43,21.32,66.72,10.57,21.32,66.72,21.73,62.78,10.19,32.64,33.67,10.37,471.43,0.07,1.74,0.0
5617.0,2024-01-03,16:47:23,5617.0,20.31,21.29,65.89,10.41,470.62,21.32,66.7,10.56,21.32,66.7,21.7,62.9,10.19,32.64,33.69,10.37,470.62,0.07,1.73,0.0
5618.0,2024-01-03,16:47:24,5618.0,20.31,21.29,65.89,10.41,470.43,21.32,66.7,10.56,21.32,66.7,21.7,62.9,10.19,32.64,33.69,10.37,470.43,0.06,1.73,0.0
5619.0,2024-01-03,16:47:25,5619.0,20.31,21.29,65.89,10.41,471.1,21.32,66.7,10.56,21.32,66.7,21.7,62.9,10.19,32.64,33.69,10.37,471.1,0.06,1.74,0.0
5620.0,2024-01-03,16:47:26,5620.0,20.31,21.29,65.91,10.41,472.54,21.32,66.72,10.56,21.32,66.72,21.67,63.02,10.19,32.64,33.68,10.37,472.54,0.07,1.74,0.0
5621.0,2024-01-03,16:47:27,5621.0,20.31,21.29,65.91,10.41,474.11,21.32,66.72,10.56,21.32,66.72,21.67,63.02,10.19,32.64,33.68,10.37,474.11,0.07,1.74,0.0
5622.0,2024-01-03,16:47:28,5622.0,20.31,21.29,65.91,10.41,474.92,21.32,66.72,10.56,21.32,66.72,21.67,63.02,10.19,32.64,33.68,10.37,474.92,0.07,1.75,0.0
5623.0,2024-01-03,16:47:29,5623.0,20.31,21.28,65.89,10.41,478.71,21.31,66.73,10.56,21.31,66.73,21.65,63.1,10.19,32.63,33.7,10.37,478.71,0.07,1.76,0.0
5624.0,2024-01-03,16:47:30,5624.0,20.31,21.28,65.89,10.41,479.98,21.31,66.73,10.56,21.31,66.73,21.65,63.1,10.19,32.63,33.7,10.37,479.98,0.07,1.77,0.0
5625.0,2024-01-03,16:47:31,5625.0,20.31,21.28,65.89,10.41,480.26,21.31,66.73,10.56,21.31,66.73,21.65,63.1,10.19,32.63,33.7,10.37,480.26,0.07,1.77,0.0
5626.0,2024-01-03,16:47:32,5626.0,20.31,21.28,65.9,10.41,479.04,21.31,66.75,10.56,21.31,66.75,21.67,62.98,10.19,32.62,33.71,10.37,479.04,0.07,1.76,0.0
5627.0,2024-01-03,16:47:33,5627.0,20.31,21.28,65.9,10.41,478.11,21.31,66.75,10.56,21.31,66.75,21.67,62.98,10.19,32.62,33.71,10.37,478.11,0.07,1.76,0.0
5628.0,2024-01-03,16:47:34,5628.0,20.31,21.28,65.9,10.41,477.93,21.31,66.75,10.56,21.31,66.75,21.67,62.98,10.19,32.62,33.71,10.37,477.93,0.07,1.76,0.0
5629.0,2024-01-03,16:47:35,5629.0,20.32,21.28,65.89,10.41,478.41,21.3,66.8,10.57,21.3,66.8,21.72,62.65,10.16,32.62,33.71,10.37,478.41,0.07,1.76,0.0
5630.0,2024-01-03,16:47:36,5630.0,20.32,21.28,65.89,10.41,478.43,21.3,66.8,10.57,21.3,66.8,21.72,62.65,10.16,32.62,33.71,10.37,478.43,0.07,1.76,0.0
5631.0,2024-01-03,16:47:37,5631.0,20.32,21.28,65.89,10.41,478.23,21.3,66.8,10.57,21.3,66.8,21.72,62.65,10.16,32.62,33.71,10.37,478.23,0.07,1.76,0.0
5632.0,2024-01-03,16:47:38,5632.0,20.31,21.28,65.91,10.41,478.09,21.3,66.76,10.56,21.3,66.76,21.79,62.21,10.13,32.62,33.72,10.37,478.09,0.07,1.76,0.0
5633.0,2024-01-03,16:47:39,5633.0,20.31,21.28,65.91,10.41,477.43,21.3,66.76,10.56,21.3,66.76,21.79,62.21,10.13,32.62,33.72,10.37,477.43,0.06,1.76,0.0
5634.0,2024-01-03,16:47:40,5634.0,20.31,21.28,65.91,10.41,475.35,21.3,66.76,10.56,21.3,66.76,21.79,62.21,10.13,32.62,33.72,10.37,475.35,0.06,1.75,0.0
5635.0,2024-01-03,16:47:41,5635.0,20.31,21.28,65.89,10.4,475.74,21.3,66.8,10.56,21.3,66.8,21.82,62.02,10.12,32.61,33.74,10.37,475.74,0.06,1.75,0.0
5636.0,2024-01-03,16:47:42,5636.0,20.31,21.28,65.89,10.4,476.32,21.3,66.8,10.56,21.3,66.8,21.82,62.02,10.12,32.61,33.74,10.37,476.32,0.07,1.75,0.0
5637.0,2024-01-03,16:47:43,5637.0,20.31,21.28,65.89,10.4,473.81,21.3,66.8,10.56,21.3,66.8,21.82,62.02,10.12,32.61,33.74,10.37,473.81,0.07,1.74,0.0
5638.0,2024-01-03,16:47:44,5638.0,20.3,21.27,65.89,10.4,472.37,21.29,66.78,10.56,21.29,66.78,21.82,61.99,10.12,32.61,33.74,10.37,472.37,0.07,1.74,0.0
5639.0,2024-01-03,16:47:45,5639.0,20.3,21.27,65.89,10.4,471.1,21.29,66.78,10.56,21.29,66.78,21.82,61.99,10.12,32.61,33.74,10.37,471.1,0.06,1.73,0.0
5640.0,2024-01-03,16:47:46,5640.0,20.3,21.27,65.89,10.4,471.25,21.29,66.78,10.56,21.29,66.78,21.82,61.99,10.12,32.61,33.74,10.37,471.25,0.06,1.73,0.0
5641.0,2024-01-03,16:47:47,5641.0,20.29,21.27,65.91,10.41,469.81,21.29,66.79,10.56,21.29,66.79,21.81,62.04,10.12,32.6,33.73,10.36,469.81,0.06,1.73,0.0
5642.0,2024-01-03,16:47:48,5642.0,20.29,21.27,65.91,10.41,468.28,21.29,66.79,10.56,21.29,66.79,21.81,62.04,10.12,32.6,33.73,10.36,468.28,0.06,1.72,0.0
5643.0,2024-01-03,16:47:49,5643.0,20.29,21.27,65.91,10.41,467.68,21.29,66.79,10.56,21.29,66.79,21.81,62.04,10.12,32.6,33.73,10.36,467.68,0.06,1.72,0.0
5644.0,2024-01-03,16:47:50,5644.0,20.3,21.27,65.9,10.4,470.45,21.29,66.8,10.56,21.29,66.8,21.8,62.12,10.12,32.6,33.73,10.36,470.45,0.06,1.73,0.0
5645.0,2024-01-03,16:47:51,5645.0,20.3,21.27,65.9,10.4,472.81,21.29,66.8,10.56,21.29,66.8,21.8,62.12,10.12,32.6,33.73,10.36,472.81,0.06,1.74,0.0
5646.0,2024-01-03,16:47:52,5646.0,20.3,21.27,65.9,10.4,472.54,21.29,66.8,10.56,21.29,66.8,21.8,62.12,10.12,32.6,33.73,10.36,472.54,0.06,1.74,0.0
5647.0,2024-01-03,16:47:53,5647.0,20.29,21.27,65.94,10.41,469.98,21.29,66.8,10.56,21.29,66.8,21.78,62.26,10.14,32.61,33.72,10.36,469.98,0.06,1.73,0.0
5648.0,2024-01-03,16:47:54,5648.0,20.29,21.27,65.94,10.41,469.7,21.29,66.8,10.56,21.29,66.8,21.78,62.26,10.14,32.61,33.72,10.36,469.7,0.06,1.73,0.0
5649.0,2024-01-03,16:47:55,5649.0,20.29,21.27,65.94,10.41,469.81,21.29,66.8,10.56,21.29,66.8,21.78,62.26,10.14,32.61,33.72,10.36,469.81,0.06,1.73,0.0
5650.0,2024-01-03,16:47:56,5650.0,20.28,21.27,65.92,10.41,470.88,21.28,66.82,10.56,21.28,66.82,21.76,62.36,10.14,32.61,33.73,10.37,470.88,0.06,1.73,0.0
5651.0,2024-01-03,16:47:57,5651.0,20.28,21.27,65.92,10.41,472.65,21.28,66.82,10.56,21.28,66.82,21.76,62.36,10.14,32.61,33.73,10.37,472.65,0.06,1.74,0.0
5652.0,2024-01-03,16:47:58,5652.0,20.28,21.27,65.92,10.41,474.14,21.28,66.82,10.56,21.28,66.82,21.76,62.36,10.14,32.61,33.73,10.37,474.14,0.06,1.75,0.0
5653.0,2024-01-03,16:47:59,5653.0,20.27,21.27,65.91,10.4,477.94,21.28,66.81,10.56,21.28,66.81,21.79,62.22,10.14,32.6,33.73,10.36,477.94,0.06,1.76,0.0
5654.0,2024-01-03,16:48:00,5654.0,20.27,21.27,65.91,10.4,477.3,21.28,66.81,10.56,21.28,66.81,21.79,62.22,10.14,32.6,33.73,10.36,477.3,0.06,1.76,0.0
5655.0,2024-01-03,16:48:01,5655.0,20.27,21.27,65.91,10.4,477.64,21.28,66.81,10.56,21.28,66.81,21.79,62.22,10.14,32.6,33.73,10.36,477.64,0.06,1.76,0.0
5656.0,2024-01-03,16:48:02,5656.0,20.26,21.27,65.92,10.41,478.88,21.28,66.83,10.56,21.28,66.83,21.85,61.88,10.12,32.6,33.73,10.36,478.88,0.06,1.76,0.0
5657.0,2024-01-03,16:48:03,5657.0,20.26,21.27,65.92,10.41,479.71,21.28,66.83,10.56,21.28,66.83,21.85,61.88,10.12,32.6,33.73,10.36,479.71,0.06,1.77,0.0
5658.0,2024-01-03,16:48:04,5658.0,20.26,21.27,65.92,10.41,478.7,21.28,66.83,10.56,21.28,66.83,21.85,61.88,10.12,32.6,33.73,10.36,478.7,0.06,1.76,0.0
5659.0,2024-01-03,16:48:05,5659.0,20.25,21.27,65.95,10.41,475.71,21.28,66.87,10.56,21.28,66.87,21.88,61.83,10.13,32.6,33.74,10.36,475.71,0.06,1.75,0.0
5660.0,2024-01-03,16:48:06,5660.0,20.25,21.27,65.95,10.41,476.41,21.28,66.87,10.56,21.28,66.87,21.88,61.83,10.13,32.6,33.74,10.36,476.41,0.06,1.75,0.0
5661.0,2024-01-03,16:48:07,5661.0,20.25,21.27,65.95,10.41,479.79,21.28,66.87,10.56,21.28,66.87,21.88,61.83,10.13,32.6,33.74,10.36,479.79,0.06,1.76,0.0
5662.0,2024-01-03,16:48:08,5662.0,20.24,21.27,65.94,10.41,480.47,21.27,66.91,10.57,21.27,66.91,21.86,61.94,10.14,32.59,33.74,10.36,480.47,0.06,1.77,0.0
5663.0,2024-01-03,16:48:09,5663.0,20.24,21.27,65.94,10.41,479.95,21.27,66.91,10.57,21.27,66.91,21.86,61.94,10.14,32.59,33.74,10.36,479.95,0.06,1.76,0.0
5664.0,2024-01-03,16:48:10,5664.0,20.24,21.27,65.94,10.41,479.59,21.27,66.91,10.57,21.27,66.91,21.86,61.94,10.14,32.59,33.74,10.36,479.59,0.06,1.76,0.0
5665.0,2024-01-03,16:48:11,5665.0,20.24,21.27,65.97,10.41,477.6,21.27,66.92,10.57,21.27,66.92,21.85,62.05,10.15,32.59,33.77,10.36,477.6,0.06,1.75,0.0
5666.0,2024-01-03,16:48:12,5666.0,20.24,21.27,65.97,10.41,476.71,21.27,66.92,10.57,21.27,66.92,21.85,62.05,10.15,32.59,33.77,10.36,476.71,0.06,1.75,0.0
5667.0,2024-01-03,16:48:13,5667.0,20.24,21.27,65.97,10.41,475.23,21.27,66.92,10.57,21.27,66.92,21.85,62.05,10.15,32.59,33.77,10.36,475.23,0.06,1.74,0.0
5668.0,2024-01-03,16:48:14,5668.0,20.22,21.27,65.94,10.41,474.74,21.27,66.92,10.57,21.27,66.92,21.85,62.05,10.15,32.58,33.78,10.37,474.74,0.06,1.74,0.0
5669.0,2024-01-03,16:48:15,5669.0,20.22,21.27,65.94,10.41,473.83,21.27,66.92,10.57,21.27,66.92,21.85,62.05,10.15,32.58,33.78,10.37,473.83,0.06,1.74,0.0
5670.0,2024-01-03,16:48:16,5670.0,20.22,21.27,65.94,10.41,473.64,21.27,66.92,10.57,21.27,66.92,21.85,62.05,10.15,32.58,33.78,10.37,473.64,0.06,1.74,0.0
5671.0,2024-01-03,16:48:17,5671.0,20.22,21.27,65.96,10.41,473.44,21.27,66.91,10.56,21.27,66.91,21.84,62.12,10.15,32.58,33.8,10.37,473.44,0.06,1.74,0.0
5672.0,2024-01-03,16:48:18,5672.0,20.22,21.27,65.96,10.41,474.32,21.27,66.91,10.56,21.27,66.91,21.84,62.12,10.15,32.58,33.8,10.37,474.32,0.06,1.74,0.0
5673.0,2024-01-03,16:48:19,5673.0,20.22,21.27,65.96,10.41,475.24,21.27,66.91,10.56,21.27,66.91,21.84,62.12,10.15,32.58,33.8,10.37,475.24,0.06,1.75,0.0
5674.0,2024-01-03,16:48:20,5674.0,20.23,21.26,65.97,10.41,475.43,21.26,66.93,10.56,21.26,66.93,21.85,62.07,10.15,32.57,33.79,10.37,475.43,0.06,1.75,0.0
5675.0,2024-01-03,16:48:21,5675.0,20.23,21.26,65.97,10.41,473.43,21.26,66.93,10.56,21.26,66.93,21.85,62.07,10.15,32.57,33.79,10.37,473.43,0.06,1.74,0.0
5676.0,2024-01-03,16:48:22,5676.0,20.23,21.26,65.97,10.41,472.58,21.26,66.93,10.56,21.26,66.93,21.85,62.07,10.15,32.57,33.79,10.37,472.58,0.06,1.74,0.0
5677.0,2024-01-03,16:48:23,5677.0,20.24,21.26,65.98,10.41,471.62,21.26,66.94,10.56,21.26,66.94,21.9,61.78,10.13,32.57,33.78,10.36,471.62,0.06,1.73,0.0
5678.0,2024-01-03,16:48:24,5678.0,20.24,21.26,65.98,10.41,471.61,21.26,66.94,10.56,21.26,66.94,21.9,61.78,10.13,32.57,33.78,10.36,471.61,0.06,1.73,0.0
5679.0,2024-01-03,16:48:25,5679.0,20.24,21.26,65.98,10.41,473.35,21.26,66.94,10.56,21.26,66.94,21.9,61.78,10.13,32.57,33.78,10.36,473.35,0.06,1.74,0.0
5680.0,2024-01-03,16:48:26,5680.0,20.24,21.26,65.96,10.41,474.92,21.26,66.94,10.56,21.26,66.94,21.92,61.75,10.14,32.57,33.76,10.35,474.92,0.06,1.74,0.0
5681.0,2024-01-03,16:48:27,5681.0,20.24,21.26,65.96,10.41,476.22,21.26,66.94,10.56,21.26,66.94,21.92,61.75,10.14,32.57,33.76,10.35,476.22,0.06,1.74,0.0
5682.0,2024-01-03,16:48:28,5682.0,20.24,21.26,65.96,10.41,475.69,21.26,66.94,10.56,21.26,66.94,21.92,61.75,10.14,32.57,33.76,10.35,475.69,0.06,1.74,0.0
5683.0,2024-01-03,16:48:29,5683.0,20.23,21.26,65.97,10.41,473.83,21.25,66.96,10.56,21.25,66.96,21.89,61.97,10.16,32.56,33.78,10.36,473.83,0.06,1.74,0.0
5684.0,2024-01-03,16:48:30,5684.0,20.23,21.26,65.97,10.41,471.75,21.25,66.96,10.56,21.25,66.96,21.89,61.97,10.16,32.56,33.78,10.36,471.75,0.06,1.73,0.0
5685.0,2024-01-03,16:48:31,5685.0,20.23,21.26,65.97,10.41,469.68,21.25,66.96,10.56,21.25,66.96,21.89,61.97,10.16,32.56,33.78,10.36,469.68,0.06,1.72,0.0
5686.0,2024-01-03,16:48:32,5686.0,20.24,21.26,65.98,10.41,469.17,21.25,66.99,10.57,21.25,66.99,21.86,62.22,10.18,32.56,33.76,10.35,469.17,0.06,1.72,0.0
5687.0,2024-01-03,16:48:33,5687.0,20.24,21.26,65.98,10.41,472.52,21.25,66.99,10.57,21.25,66.99,21.86,62.22,10.18,32.56,33.76,10.35,472.52,0.06,1.73,0.0
5688.0,2024-01-03,16:48:34,5688.0,20.24,21.26,65.98,10.41,474.22,21.25,66.99,10.57,21.25,66.99,21.86,62.22,10.18,32.56,33.76,10.35,474.22,0.06,1.73,0.0
5689.0,2024-01-03,16:48:35,5689.0,20.24,21.26,65.97,10.41,476.85,21.25,66.98,10.56,21.25,66.98,21.85,62.35,10.19,32.55,33.77,10.35,476.85,0.06,1.74,0.0
5690.0,2024-01-03,16:48:36,5690.0,20.24,21.26,65.97,10.41,477.33,21.25,66.98,10.56,21.25,66.98,21.85,62.35,10.19,32.55,33.77,10.35,477.33,0.06,1.75,0.0
5691.0,2024-01-03,16:48:37,5691.0,20.24,21.26,65.97,10.41,478.9,21.25,66.98,10.56,21.25,66.98,21.85,62.35,10.19,32.55,33.77,10.35,478.9,0.06,1.75,0.0
5692.0,2024-01-03,16:48:38,5692.0,20.26,21.26,65.99,10.41,478.1,21.25,67,10.56,21.25,67,21.85,62.42,10.2,32.55,33.79,10.35,478.1,0.06,1.75,0.0
5693.0,2024-01-03,16:48:39,5693.0,20.26,21.26,65.99,10.41,476.63,21.25,67,10.56,21.25,67,21.85,62.42,10.2,32.55,33.79,10.35,476.63,0.06,1.74,0.0
5694.0,2024-01-03,16:48:40,5694.0,20.26,21.26,65.99,10.41,476.52,21.25,67,10.56,21.25,67,21.85,62.42,10.2,32.55,33.79,10.35,476.52,0.06,1.74,0.0
5695.0,2024-01-03,16:48:41,5695.0,20.26,21.26,65.97,10.41,475.27,21.24,67.01,10.56,21.24,67.01,21.86,62.35,10.2,32.55,33.8,10.35,475.27,0.06,1.74,0.0
5696.0,2024-01-03,16:48:42,5696.0,20.26,21.26,65.97,10.41,473.63,21.24,67.01,10.56,21.24,67.01,21.86,62.35,10.2,32.55,33.8,10.35,473.63,0.06,1.73,0.0
5697.0,2024-01-03,16:48:43,5697.0,20.26,21.26,65.97,10.41,472.23,21.24,67.01,10.56,21.24,67.01,21.86,62.35,10.2,32.55,33.8,10.35,472.23,0.06,1.73,0.0
5698.0,2024-01-03,16:48:44,5698.0,20.27,21.25,65.99,10.41,472.24,21.24,67.02,10.56,21.24,67.02,21.87,62.35,10.21,32.54,33.82,10.36,472.24,0.06,1.73,0.0
5699.0,2024-01-03,16:48:45,5699.0,20.27,21.25,65.99,10.41,472.63,21.24,67.02,10.56,21.24,67.02,21.87,62.35,10.21,32.54,33.82,10.36,472.63,0.06,1.73,0.0
5700.0,2024-01-03,16:48:46,5700.0,20.27,21.25,65.99,10.41,473.85,21.24,67.02,10.56,21.24,67.02,21.87,62.35,10.21,32.54,33.82,10.36,473.85,0.06,1.73,0.0
5701.0,2024-01-03,16:48:47,5701.0,20.27,21.25,65.97,10.4,475.69,21.24,67.03,10.56,21.24,67.03,21.89,62.26,10.2,32.53,33.83,10.35,475.69,0.06,1.74,0.0
5702.0,2024-01-03,16:48:48,5702.0,20.27,21.25,65.97,10.4,476.36,21.24,67.03,10.56,21.24,67.03,21.89,62.26,10.2,32.53,33.83,10.35,476.36,0.06,1.74,0.0
5703.0,2024-01-03,16:48:49,5703.0,20.27,21.25,65.97,10.4,478.78,21.24,67.03,10.56,21.24,67.03,21.89,62.26,10.2,32.53,33.83,10.35,478.78,0.06,1.75,0.0
5704.0,2024-01-03,16:48:50,5704.0,20.29,21.25,65.98,10.4,481.82,21.24,67.04,10.57,21.24,67.04,21.92,62.13,10.2,32.53,33.8,10.34,481.82,0.06,1.76,0.0
5705.0,2024-01-03,16:48:51,5705.0,20.29,21.25,65.98,10.4,484.35,21.24,67.04,10.57,21.24,67.04,21.92,62.13,10.2,32.53,33.8,10.34,484.35,0.06,1.77,0.0
5706.0,2024-01-03,16:48:52,5706.0,20.29,21.25,65.98,10.4,484.01,21.24,67.04,10.57,21.24,67.04,21.92,62.13,10.2,32.53,33.8,10.34,484.01,0.06,1.77,0.0
5707.0,2024-01-03,16:48:53,5707.0,20.28,21.24,66,10.4,481.17,21.23,67.05,10.56,21.23,67.05,21.96,61.8,10.18,32.51,33.85,10.35,481.17,0.06,1.76,0.0
5708.0,2024-01-03,16:48:54,5708.0,20.28,21.24,66,10.4,478.99,21.23,67.05,10.56,21.23,67.05,21.96,61.8,10.18,32.51,33.85,10.35,478.99,0.06,1.75,0.0
5709.0,2024-01-03,16:48:55,5709.0,20.28,21.24,66,10.4,477.54,21.23,67.05,10.56,21.23,67.05,21.96,61.8,10.18,32.51,33.85,10.35,477.54,0.06,1.75,0.0
5710.0,2024-01-03,16:48:56,5710.0,20.3,21.25,66.01,10.41,477.23,21.24,67.03,10.56,21.24,67.03,22.02,61.63,10.18,32.53,33.81,10.35,477.23,0.06,1.74,0.0
5711.0,2024-01-03,16:48:57,5711.0,20.3,21.25,66.01,10.41,476.6,21.24,67.03,10.56,21.24,67.03,22.02,61.63,10.18,32.53,33.81,10.35,476.6,0.06,1.74,0.0
5712.0,2024-01-03,16:48:58,5712.0,20.3,21.25,66.01,10.41,475.07,21.24,67.03,10.56,21.24,67.03,22.02,61.63,10.18,32.53,33.81,10.35,475.07,0.06,1.74,0.0
5713.0,2024-01-03,16:48:59,5713.0,20.3,21.25,66.03,10.41,473.17,21.24,67.03,10.56,21.24,67.03,22.02,61.67,10.19,32.53,33.86,10.36,473.17,0.06,1.73,0.0
5714.0,2024-01-03,16:49:00,5714.0,20.3,21.25,66.03,10.41,472.68,21.24,67.03,10.56,21.24,67.03,22.02,61.67,10.19,32.53,33.86,10.36,472.68,0.06,1.73,0.0
5715.0,2024-01-03,16:49:01,5715.0,20.3,21.25,66.03,10.41,472.41,21.24,67.03,10.56,21.24,67.03,22.02,61.67,10.19,32.53,33.86,10.36,472.41,0.06,1.73,0.0
5716.0,2024-01-03,16:49:02,5716.0,20.3,21.25,66.02,10.41,472.32,21.24,67.04,10.56,21.24,67.04,22.03,61.63,10.19,32.52,33.87,10.36,472.32,0.06,1.73,0.0
5717.0,2024-01-03,16:49:03,5717.0,20.3,21.25,66.02,10.41,474.15,21.24,67.04,10.56,21.24,67.04,22.03,61.63,10.19,32.52,33.87,10.36,474.15,0.06,1.74,0.0
5718.0,2024-01-03,16:49:04,5718.0,20.3,21.25,66.02,10.41,475.7,21.24,67.04,10.56,21.24,67.04,22.03,61.63,10.19,32.52,33.87,10.36,475.7,0.06,1.74,0.0
5719.0,2024-01-03,16:49:05,5719.0,20.32,21.25,66.02,10.41,477.09,21.23,67.05,10.56,21.23,67.05,22.09,61.31,10.17,32.51,33.87,10.35,477.09,0.06,1.75,0.0
5720.0,2024-01-03,16:49:06,5720.0,20.32,21.25,66.02,10.41,476.36,21.23,67.05,10.56,21.23,67.05,22.09,61.31,10.17,32.51,33.87,10.35,476.36,0.06,1.74,0.0
5721.0,2024-01-03,16:49:07,5721.0,20.32,21.25,66.02,10.41,472.83,21.23,67.05,10.56,21.23,67.05,22.09,61.31,10.17,32.51,33.87,10.35,472.83,0.06,1.73,0.0
5722.0,2024-01-03,16:49:08,5722.0,20.33,21.25,66.04,10.41,472.17,21.23,67.06,10.56,21.23,67.06,22.12,61.26,10.18,32.52,33.77,10.33,472.17,0.06,1.73,0.0
5723.0,2024-01-03,16:49:09,5723.0,20.33,21.25,66.04,10.41,471.27,21.23,67.06,10.56,21.23,67.06,22.12,61.26,10.18,32.52,33.77,10.33,471.27,0.06,1.71,0.0
5724.0,2024-01-03,16:49:10,5724.0,20.33,21.25,66.04,10.41,472.52,21.23,67.06,10.56,21.23,67.06,22.12,61.26,10.18,32.52,33.77,10.33,472.52,0.06,1.72,0.0
5725.0,2024-01-03,16:49:11,5725.0,20.33,21.25,66.03,10.41,475.38,21.23,67.07,10.56,21.23,67.07,22.11,61.34,10.19,32.52,33.86,10.35,475.38,0.06,1.73,0.0
5726.0,2024-01-03,16:49:12,5726.0,20.33,21.25,66.03,10.41,475.87,21.23,67.07,10.56,21.23,67.07,22.11,61.34,10.19,32.52,33.86,10.35,475.87,0.06,1.74,0.0
5727.0,2024-01-03,16:49:13,5727.0,20.33,21.25,66.03,10.41,474.61,21.23,67.07,10.56,21.23,67.07,22.11,61.34,10.19,32.52,33.86,10.35,474.61,0.06,1.74,0.0
5728.0,2024-01-03,16:49:14,5728.0,20.33,21.25,66.01,10.41,474.1,21.23,67.07,10.56,21.23,67.07,22.07,61.53,10.2,32.52,33.87,10.36,474.1,0.06,1.73,0.0
5729.0,2024-01-03,16:49:15,5729.0,20.33,21.25,66.01,10.41,474,21.23,67.07,10.56,21.23,67.07,22.07,61.53,10.2,32.52,33.87,10.36,474,0.06,1.74,0.0
5730.0,2024-01-03,16:49:16,5730.0,20.33,21.25,66.01,10.41,473.81,21.23,67.07,10.56,21.23,67.07,22.07,61.53,10.2,32.52,33.87,10.36,473.81,0.06,1.73,0.0
5731.0,2024-01-03,16:49:17,5731.0,20.33,21.25,66.03,10.41,473.85,21.22,67.08,10.56,21.22,67.08,22.03,61.74,10.21,32.52,33.86,10.35,473.85,0.06,1.73,0.0
5732.0,2024-01-03,16:49:18,5732.0,20.33,21.25,66.03,10.41,473.84,21.22,67.08,10.56,21.22,67.08,22.03,61.74,10.21,32.52,33.86,10.35,473.84,0.06,1.74,0.0
5733.0,2024-01-03,16:49:19,5733.0,20.33,21.25,66.03,10.41,474.29,21.22,67.08,10.56,21.22,67.08,22.03,61.74,10.21,32.52,33.86,10.35,474.29,0.06,1.74,0.0
5734.0,2024-01-03,16:49:20,5734.0,20.33,21.25,66.01,10.41,473.79,21.22,67.07,10.56,21.22,67.07,22.04,61.72,10.21,32.53,33.84,10.35,473.79,0.06,1.73,0.0
5735.0,2024-01-03,16:49:21,5735.0,20.33,21.25,66.01,10.41,474.43,21.22,67.07,10.56,21.22,67.07,22.04,61.72,10.21,32.53,33.84,10.35,474.43,0.06,1.74,0.0
5736.0,2024-01-03,16:49:22,5736.0,20.33,21.25,66.01,10.41,475.08,21.22,67.07,10.56,21.22,67.07,22.04,61.72,10.21,32.53,33.84,10.35,475.08,0.06,1.74,0.0
5737.0,2024-01-03,16:49:23,5737.0,20.33,21.25,66.04,10.41,473.97,21.22,67.09,10.56,21.22,67.09,22.05,61.66,10.2,32.53,33.84,10.35,473.97,0.06,1.74,0.0
5738.0,2024-01-03,16:49:24,5738.0,20.33,21.25,66.04,10.41,473.35,21.22,67.09,10.56,21.22,67.09,22.05,61.66,10.2,32.53,33.84,10.35,473.35,0.06,1.73,0.0
5739.0,2024-01-03,16:49:25,5739.0,20.33,21.25,66.04,10.41,472.86,21.22,67.09,10.56,21.22,67.09,22.05,61.66,10.2,32.53,33.84,10.35,472.86,0.06,1.73,0.0
5740.0,2024-01-03,16:49:26,5740.0,20.32,21.25,66.02,10.41,472.66,21.22,67.1,10.56,21.22,67.1,22.06,61.54,10.19,32.52,33.84,10.35,472.66,0.06,1.73,0.0
5741.0,2024-01-03,16:49:27,5741.0,20.32,21.25,66.02,10.41,472.52,21.22,67.1,10.56,21.22,67.1,22.06,61.54,10.19,32.52,33.84,10.35,472.52,0.06,1.73,0.0
5742.0,2024-01-03,16:49:28,5742.0,20.32,21.25,66.02,10.41,474.48,21.22,67.1,10.56,21.22,67.1,22.06,61.54,10.19,32.52,33.84,10.35,474.48,0.06,1.74,0.0
5743.0,2024-01-03,16:49:29,5743.0,20.33,21.25,66.03,10.41,475.34,21.22,67.1,10.56,21.22,67.1,22.08,61.45,10.19,32.54,33.82,10.35,475.34,0.06,1.74,0.0
5744.0,2024-01-03,16:49:30,5744.0,20.33,21.25,66.03,10.41,474.62,21.22,67.1,10.56,21.22,67.1,22.08,61.45,10.19,32.54,33.82,10.35,474.62,0.06,1.74,0.0
5745.0,2024-01-03,16:49:31,5745.0,20.33,21.25,66.03,10.41,473.75,21.22,67.1,10.56,21.22,67.1,22.08,61.45,10.19,32.54,33.82,10.35,473.75,0.06,1.74,0.0
5746.0,2024-01-03,16:49:32,5746.0,20.34,21.25,66.01,10.41,473.78,21.22,67.14,10.57,21.22,67.14,22.07,61.49,10.19,32.54,33.79,10.34,473.78,0.06,1.74,0.0
5747.0,2024-01-03,16:49:33,5747.0,20.34,21.25,66.01,10.41,473.04,21.22,67.14,10.57,21.22,67.14,22.07,61.49,10.19,32.54,33.79,10.34,473.04,0.06,1.73,0.0
5748.0,2024-01-03,16:49:34,5748.0,20.34,21.25,66.01,10.41,472.7,21.22,67.14,10.57,21.22,67.14,22.07,61.49,10.19,32.54,33.79,10.34,472.7,0.06,1.73,0.0
5749.0,2024-01-03,16:49:35,5749.0,20.34,21.25,66.01,10.4,472.51,21.21,67.15,10.56,21.21,67.15,22.05,61.57,10.19,32.53,33.79,10.34,472.51,0.06,1.73,0.0
5750.0,2024-01-03,16:49:36,5750.0,20.34,21.25,66.01,10.4,471.93,21.21,67.15,10.56,21.21,67.15,22.05,61.57,10.19,32.53,33.79,10.34,471.93,0.06,1.73,0.0
5751.0,2024-01-03,16:49:37,5751.0,20.34,21.25,66.01,10.4,471.11,21.21,67.15,10.56,21.21,67.15,22.05,61.57,10.19,32.53,33.79,10.34,471.11,0.06,1.72,0.0
5752.0,2024-01-03,16:49:38,5752.0,20.33,21.24,66.03,10.4,470.96,21.21,67.12,10.56,21.21,67.12,22.02,61.71,10.2,32.53,33.82,10.35,470.96,0.06,1.72,0.0
5753.0,2024-01-03,16:49:39,5753.0,20.33,21.24,66.03,10.4,470.61,21.21,67.12,10.56,21.21,67.12,22.02,61.71,10.2,32.53,33.82,10.35,470.61,0.06,1.72,0.0
5754.0,2024-01-03,16:49:40,5754.0,20.33,21.24,66.03,10.4,470.76,21.21,67.12,10.56,21.21,67.12,22.02,61.71,10.2,32.53,33.82,10.35,470.76,0.06,1.73,0.0
5755.0,2024-01-03,16:49:41,5755.0,20.34,21.24,66.02,10.4,471.59,21.21,67.13,10.56,21.21,67.13,22.03,61.61,10.19,32.53,33.82,10.35,471.59,0.06,1.73,0.0
5756.0,2024-01-03,16:49:42,5756.0,20.34,21.24,66.02,10.4,472.53,21.21,67.13,10.56,21.21,67.13,22.03,61.61,10.19,32.53,33.82,10.35,472.53,0.06,1.73,0.0
5757.0,2024-01-03,16:49:43,5757.0,20.34,21.24,66.02,10.4,473.33,21.21,67.13,10.56,21.21,67.13,22.03,61.61,10.19,32.53,33.82,10.35,473.33,0.06,1.74,0.0
5758.0,2024-01-03,16:49:44,5758.0,20.32,21.24,66.04,10.41,473.45,21.21,67.13,10.56,21.21,67.13,22.03,61.69,10.19,32.53,33.84,10.35,473.45,0.06,1.74,0.0
5759.0,2024-01-03,16:49:45,5759.0,20.32,21.24,66.04,10.41,472.98,21.21,67.13,10.56,21.21,67.13,22.03,61.69,10.19,32.53,33.84,10.35,472.98,0.06,1.74,0.0
5760.0,2024-01-03,16:49:46,5760.0,20.32,21.24,66.04,10.41,472.89,21.21,67.13,10.56,21.21,67.13,22.03,61.69,10.19,32.53,33.84,10.35,472.89,0.06,1.74,0.0
5761.0,2024-01-03,16:49:47,5761.0,20.3,21.24,66.05,10.41,472.25,21.21,67.12,10.56,21.21,67.12,21.98,61.92,10.21,32.53,33.84,10.35,472.25,0.06,1.73,0.0
5762.0,2024-01-03,16:49:48,5762.0,20.3,21.24,66.05,10.41,471.27,21.21,67.12,10.56,21.21,67.12,21.98,61.92,10.21,32.53,33.84,10.35,471.27,0.06,1.73,0.0
5763.0,2024-01-03,16:49:49,5763.0,20.3,21.24,66.05,10.41,470.42,21.21,67.12,10.56,21.21,67.12,21.98,61.92,10.21,32.53,33.84,10.35,470.42,0.05,1.73,0.0
5764.0,2024-01-03,16:49:50,5764.0,20.28,21.24,66.05,10.41,470.26,21.21,67.13,10.56,21.21,67.13,21.92,62.17,10.21,32.52,33.88,10.36,470.26,0.05,1.73,0.0
5765.0,2024-01-03,16:49:51,5765.0,20.28,21.24,66.05,10.41,470.78,21.21,67.13,10.56,21.21,67.13,21.92,62.17,10.21,32.52,33.88,10.36,470.78,0.06,1.73,0.0
5766.0,2024-01-03,16:49:52,5766.0,20.28,21.24,66.05,10.41,469.85,21.21,67.13,10.56,21.21,67.13,21.92,62.17,10.21,32.52,33.88,10.36,469.85,0.06,1.72,0.0
5767.0,2024-01-03,16:49:53,5767.0,20.26,21.23,66.05,10.4,475.06,21.2,67.14,10.55,21.2,67.14,21.87,62.4,10.22,32.5,33.89,10.35,475.06,0.06,1.74,0.0
5768.0,2024-01-03,16:49:54,5768.0,20.26,21.23,66.05,10.4,478.41,21.2,67.14,10.55,21.2,67.14,21.87,62.4,10.22,32.5,33.89,10.35,478.41,0.06,1.75,0.0
5769.0,2024-01-03,16:49:55,5769.0,20.26,21.23,66.05,10.4,479.97,21.2,67.14,10.55,21.2,67.14,21.87,62.4,10.22,32.5,33.89,10.35,479.97,0.06,1.76,0.0
5770.0,2024-01-03,16:49:56,5770.0,20.26,21.24,66.05,10.41,479.31,21.2,67.15,10.56,21.2,67.15,21.84,62.59,10.23,32.5,33.83,10.34,479.31,0.06,1.76,0.0
5771.0,2024-01-03,16:49:57,5771.0,20.26,21.24,66.05,10.41,479.31,21.2,67.15,10.56,21.2,67.15,21.84,62.59,10.23,32.5,33.83,10.34,479.31,0.06,1.76,0.0
5772.0,2024-01-03,16:49:58,5772.0,20.26,21.24,66.05,10.41,479.17,21.2,67.15,10.56,21.2,67.15,21.84,62.59,10.23,32.5,33.83,10.34,479.17,0.06,1.75,0.0
5773.0,2024-01-03,16:49:59,5773.0,20.26,21.24,66.03,10.4,479.12,21.2,67.17,10.56,21.2,67.17,21.79,62.82,10.24,32.5,33.87,10.34,479.12,0.06,1.75,0.0
5774.0,2024-01-03,16:50:00,5774.0,20.26,21.24,66.03,10.4,479.16,21.2,67.17,10.56,21.2,67.17,21.79,62.82,10.24,32.5,33.87,10.34,479.16,0.06,1.75,0.0
5775.0,2024-01-03,16:50:01,5775.0,20.26,21.24,66.03,10.4,480.79,21.2,67.17,10.56,21.2,67.17,21.79,62.82,10.24,32.5,33.87,10.34,480.79,0.06,1.76,0.0
5776.0,2024-01-03,16:50:02,5776.0,20.27,21.24,66.04,10.4,482.01,21.2,67.16,10.56,21.2,67.16,21.76,62.96,10.24,32.49,33.9,10.35,482.01,0.06,1.76,0.0
5777.0,2024-01-03,16:50:03,5777.0,20.27,21.24,66.04,10.4,482.05,21.2,67.16,10.56,21.2,67.16,21.76,62.96,10.24,32.49,33.9,10.35,482.05,0.06,1.76,0.0
5778.0,2024-01-03,16:50:04,5778.0,20.27,21.24,66.04,10.4,482.35,21.2,67.16,10.56,21.2,67.16,21.76,62.96,10.24,32.49,33.9,10.35,482.35,0.06,1.76,0.0
5779.0,2024-01-03,16:50:05,5779.0,20.27,21.24,66.04,10.4,482.32,21.2,67.18,10.56,21.2,67.18,21.74,63.05,10.24,32.49,33.91,10.35,482.32,0.06,1.76,0.0
5780.0,2024-01-03,16:50:06,5780.0,20.27,21.24,66.04,10.4,481.67,21.2,67.18,10.56,21.2,67.18,21.74,63.05,10.24,32.49,33.91,10.35,481.67,0.06,1.76,0.0
5781.0,2024-01-03,16:50:07,5781.0,20.27,21.24,66.04,10.4,480.66,21.2,67.18,10.56,21.2,67.18,21.74,63.05,10.24,32.49,33.91,10.35,480.66,0.06,1.76,0.0
5782.0,2024-01-03,16:50:08,5782.0,20.26,21.24,66.04,10.4,478.43,21.19,67.17,10.56,21.19,67.17,21.72,63.15,10.24,32.48,33.94,10.36,478.43,0.06,1.75,0.0
5783.0,2024-01-03,16:50:09,5783.0,20.26,21.24,66.04,10.4,476.17,21.19,67.17,10.56,21.19,67.17,21.72,63.15,10.24,32.48,33.94,10.36,476.17,0.06,1.74,0.0
5784.0,2024-01-03,16:50:10,5784.0,20.26,21.24,66.04,10.4,473.14,21.19,67.17,10.56,21.19,67.17,21.72,63.15,10.24,32.48,33.94,10.36,473.14,0.06,1.73,0.0
5785.0,2024-01-03,16:50:11,5785.0,20.25,21.24,66.05,10.41,472.66,21.2,67.18,10.56,21.2,67.18,21.7,63.23,10.24,32.48,33.93,10.35,472.66,0.06,1.73,0.0
5786.0,2024-01-03,16:50:12,5786.0,20.25,21.24,66.05,10.41,472.25,21.2,67.18,10.56,21.2,67.18,21.7,63.23,10.24,32.48,33.93,10.35,472.25,0.05,1.73,0.0
5787.0,2024-01-03,16:50:13,5787.0,20.25,21.24,66.05,10.41,472.67,21.2,67.18,10.56,21.2,67.18,21.7,63.23,10.24,32.48,33.93,10.35,472.67,0.05,1.73,0.0
5788.0,2024-01-03,16:50:14,5788.0,20.24,21.23,66.03,10.4,473.15,21.19,67.2,10.56,21.19,67.2,21.68,63.26,10.24,32.47,33.94,10.35,473.15,0.05,1.73,0.0
5789.0,2024-01-03,16:50:15,5789.0,20.24,21.23,66.03,10.4,473.33,21.19,67.2,10.56,21.19,67.2,21.68,63.26,10.24,32.47,33.94,10.35,473.33,0.06,1.73,0.0
5790.0,2024-01-03,16:50:16,5790.0,20.24,21.23,66.03,10.4,474.31,21.19,67.2,10.56,21.19,67.2,21.68,63.26,10.24,32.47,33.94,10.35,474.31,0.06,1.73,0.0
5791.0,2024-01-03,16:50:17,5791.0,20.23,21.23,66.03,10.4,475.58,21.19,67.21,10.56,21.19,67.21,21.74,62.87,10.21,32.47,33.94,10.35,475.58,0.06,1.74,0.0
5792.0,2024-01-03,16:50:18,5792.0,20.23,21.23,66.03,10.4,474.28,21.19,67.21,10.56,21.19,67.21,21.74,62.87,10.21,32.47,33.94,10.35,474.28,0.06,1.73,0.0
5793.0,2024-01-03,16:50:19,5793.0,20.23,21.23,66.03,10.4,473.04,21.19,67.21,10.56,21.19,67.21,21.74,62.87,10.21,32.47,33.94,10.35,473.04,0.06,1.73,0.0
5794.0,2024-01-03,16:50:20,5794.0,20.22,21.23,66.06,10.4,469.75,21.18,67.22,10.56,21.18,67.22,21.83,62.28,10.17,32.46,33.93,10.34,469.75,0.06,1.72,0.0
5795.0,2024-01-03,16:50:21,5795.0,20.22,21.23,66.06,10.4,469.5,21.18,67.22,10.56,21.18,67.22,21.83,62.28,10.17,32.46,33.93,10.34,469.5,0.06,1.71,0.0
5796.0,2024-01-03,16:50:22,5796.0,20.22,21.23,66.06,10.4,470.81,21.18,67.22,10.56,21.18,67.22,21.83,62.28,10.17,32.46,33.93,10.34,470.81,0.06,1.72,0.0
5797.0,2024-01-03,16:50:23,5797.0,20.22,21.23,66.04,10.4,470.92,21.18,67.23,10.56,21.18,67.23,21.94,61.65,10.13,32.46,33.94,10.35,470.92,0.06,1.72,0.0
5798.0,2024-01-03,16:50:24,5798.0,20.22,21.23,66.04,10.4,470.77,21.18,67.23,10.56,21.18,67.23,21.94,61.65,10.13,32.46,33.94,10.35,470.77,0.06,1.72,0.0
5799.0,2024-01-03,16:50:25,5799.0,20.22,21.23,66.04,10.4,468.74,21.18,67.23,10.56,21.18,67.23,21.94,61.65,10.13,32.46,33.94,10.35,468.74,0.06,1.71,0.0
5800.0,2024-01-03,16:50:26,5800.0,20.21,21.22,66.06,10.4,464.02,21.18,67.22,10.55,21.18,67.22,22.01,61.23,10.11,32.46,33.94,10.34,464.02,0.06,1.7,0.0
5801.0,2024-01-03,16:50:27,5801.0,20.21,21.22,66.06,10.4,463.21,21.18,67.22,10.55,21.18,67.22,22.01,61.23,10.11,32.46,33.94,10.34,463.21,0.05,1.69,0.0
5802.0,2024-01-03,16:50:28,5802.0,20.21,21.22,66.06,10.4,466.6,21.18,67.22,10.55,21.18,67.22,22.01,61.23,10.11,32.46,33.94,10.34,466.6,0.05,1.7,0.0
5803.0,2024-01-03,16:50:29,5803.0,20.22,21.22,66.02,10.39,469.03,21.18,67.25,10.56,21.18,67.25,22.06,60.93,10.09,32.46,33.93,10.34,469.03,0.05,1.71,0.0
5804.0,2024-01-03,16:50:30,5804.0,20.22,21.22,66.02,10.39,474.38,21.18,67.25,10.56,21.18,67.25,22.06,60.93,10.09,32.46,33.93,10.34,474.38,0.06,1.73,0.0
5805.0,2024-01-03,16:50:31,5805.0,20.22,21.22,66.02,10.39,475.39,21.18,67.25,10.56,21.18,67.25,22.06,60.93,10.09,32.46,33.93,10.34,475.39,0.06,1.73,0.0
5806.0,2024-01-03,16:50:32,5806.0,20.22,21.22,66.04,10.39,475.11,21.17,67.24,10.55,21.17,67.24,22.12,60.57,10.07,32.46,33.89,10.32,475.11,0.06,1.73,0.0
5807.0,2024-01-03,16:50:33,5807.0,20.22,21.22,66.04,10.39,477.19,21.17,67.24,10.55,21.17,67.24,22.12,60.57,10.07,32.46,33.89,10.32,477.19,0.06,1.74,0.0
5808.0,2024-01-03,16:50:34,5808.0,20.22,21.22,66.04,10.39,482.34,21.17,67.24,10.55,21.17,67.24,22.12,60.57,10.07,32.46,33.89,10.32,482.34,0.06,1.75,0.0
5809.0,2024-01-03,16:50:35,5809.0,20.23,21.22,66.03,10.39,483.41,21.17,67.25,10.55,21.17,67.25,22.16,60.36,10.05,32.46,33.93,10.34,483.41,0.06,1.76,0.0
5810.0,2024-01-03,16:50:36,5810.0,20.23,21.22,66.03,10.39,481.84,21.17,67.25,10.55,21.17,67.25,22.16,60.36,10.05,32.46,33.93,10.34,481.84,0.06,1.76,0.0
5811.0,2024-01-03,16:50:37,5811.0,20.23,21.22,66.03,10.39,480.27,21.17,67.25,10.55,21.17,67.25,22.16,60.36,10.05,32.46,33.93,10.34,480.27,0.06,1.75,0.0
5812.0,2024-01-03,16:50:38,5812.0,20.24,21.22,66.05,10.4,479.69,21.17,67.27,10.56,21.17,67.27,22.16,60.37,10.06,32.46,33.94,10.34,479.69,0.06,1.75,0.0
5813.0,2024-01-03,16:50:39,5813.0,20.24,21.22,66.05,10.4,479.5,21.17,67.27,10.56,21.17,67.27,22.16,60.37,10.06,32.46,33.94,10.34,479.5,0.06,1.75,0.0
5814.0,2024-01-03,16:50:40,5814.0,20.24,21.22,66.05,10.4,478.91,21.17,67.27,10.56,21.17,67.27,22.16,60.37,10.06,32.46,33.94,10.34,478.91,0.06,1.75,0.0
5815.0,2024-01-03,16:50:41,5815.0,20.24,21.22,66.04,10.39,477.34,21.17,67.26,10.55,21.17,67.26,22.13,60.53,10.07,32.45,33.92,10.33,477.34,0.06,1.74,0.0
5816.0,2024-01-03,16:50:42,5816.0,20.24,21.22,66.04,10.39,476.19,21.17,67.26,10.55,21.17,67.26,22.13,60.53,10.07,32.45,33.92,10.33,476.19,0.05,1.74,0.0
5817.0,2024-01-03,16:50:43,5817.0,20.24,21.22,66.04,10.39,476.19,21.17,67.26,10.55,21.17,67.26,22.13,60.53,10.07,32.45,33.92,10.33,476.19,0.05,1.74,0.0
5818.0,2024-01-03,16:50:44,5818.0,20.25,21.22,66.05,10.39,475.24,21.16,67.26,10.55,21.16,67.26,22.11,60.76,10.09,32.45,33.96,10.34,475.24,0.05,1.73,0.0
5819.0,2024-01-03,16:50:45,5819.0,20.25,21.22,66.05,10.39,474.76,21.16,67.26,10.55,21.16,67.26,22.11,60.76,10.09,32.45,33.96,10.34,474.76,0.05,1.74,0.0
5820.0,2024-01-03,16:50:46,5820.0,20.25,21.22,66.05,10.39,473.84,21.16,67.26,10.55,21.16,67.26,22.11,60.76,10.09,32.45,33.96,10.34,473.84,0.05,1.73,0.0
5821.0,2024-01-03,16:50:47,5821.0,20.27,21.22,66.05,10.39,473.31,21.16,67.27,10.55,21.16,67.27,22.08,60.9,10.1,32.45,33.95,10.34,473.31,0.05,1.73,0.0
5822.0,2024-01-03,16:50:48,5822.0,20.27,21.22,66.05,10.39,472.71,21.16,67.27,10.55,21.16,67.27,22.08,60.9,10.1,32.45,33.95,10.34,472.71,0.05,1.73,0.0
5823.0,2024-01-03,16:50:49,5823.0,20.27,21.22,66.05,10.39,472.54,21.16,67.27,10.55,21.16,67.27,22.08,60.9,10.1,32.45,33.95,10.34,472.54,0.05,1.73,0.0
5824.0,2024-01-03,16:50:50,5824.0,20.28,21.22,66.04,10.39,473.82,21.16,67.29,10.55,21.16,67.29,22.06,61.07,10.11,32.45,33.95,10.34,473.82,0.05,1.73,0.0
5825.0,2024-01-03,16:50:51,5825.0,20.28,21.22,66.04,10.39,474.28,21.16,67.29,10.55,21.16,67.29,22.06,61.07,10.11,32.45,33.95,10.34,474.28,0.05,1.73,0.0
5826.0,2024-01-03,16:50:52,5826.0,20.28,21.22,66.04,10.39,475.99,21.16,67.29,10.55,21.16,67.29,22.06,61.07,10.11,32.45,33.95,10.34,475.99,0.05,1.74,0.0
5827.0,2024-01-03,16:50:53,5827.0,20.28,21.22,66.05,10.4,475.07,21.16,67.29,10.55,21.16,67.29,22.02,61.33,10.13,32.45,33.95,10.34,475.07,0.05,1.74,0.0
5828.0,2024-01-03,16:50:54,5828.0,20.28,21.22,66.05,10.4,474.61,21.16,67.29,10.55,21.16,67.29,22.02,61.33,10.13,32.45,33.95,10.34,474.61,0.05,1.73,0.0
5829.0,2024-01-03,16:50:55,5829.0,20.28,21.22,66.05,10.4,474.44,21.16,67.29,10.55,21.16,67.29,22.02,61.33,10.13,32.45,33.95,10.34,474.44,0.05,1.73,0.0
5830.0,2024-01-03,16:50:56,5830.0,20.27,21.22,66.06,10.4,475.94,21.16,67.29,10.55,21.16,67.29,21.98,61.51,10.14,32.45,33.95,10.34,475.94,0.05,1.74,0.0
5831.0,2024-01-03,16:50:57,5831.0,20.27,21.22,66.06,10.4,476.98,21.16,67.29,10.55,21.16,67.29,21.98,61.51,10.14,32.45,33.95,10.34,476.98,0.05,1.74,0.0
5832.0,2024-01-03,16:50:58,5832.0,20.27,21.22,66.06,10.4,477.95,21.16,67.29,10.55,21.16,67.29,21.98,61.51,10.14,32.45,33.95,10.34,477.95,0.05,1.75,0.0
5833.0,2024-01-03,16:50:59,5833.0,20.27,21.22,66.07,10.4,477,21.16,67.28,10.55,21.16,67.28,22.01,61.35,10.13,32.45,33.94,10.34,477,0.05,1.74,0.0
5834.0,2024-01-03,16:51:00,5834.0,20.27,21.22,66.07,10.4,475.83,21.16,67.28,10.55,21.16,67.28,22.01,61.35,10.13,32.45,33.94,10.34,475.83,0.05,1.74,0.0
5835.0,2024-01-03,16:51:01,5835.0,20.27,21.22,66.07,10.4,476.39,21.16,67.28,10.55,21.16,67.28,22.01,61.35,10.13,32.45,33.94,10.34,476.39,0.05,1.74,0.0
5836.0,2024-01-03,16:51:02,5836.0,20.26,21.22,66.1,10.4,481.27,21.16,67.28,10.55,21.16,67.28,22.07,61.03,10.11,32.46,33.93,10.34,481.27,0.05,1.76,0.0
5837.0,2024-01-03,16:51:03,5837.0,20.26,21.22,66.1,10.4,482.46,21.16,67.28,10.55,21.16,67.28,22.07,61.03,10.11,32.46,33.93,10.34,482.46,0.05,1.76,0.0
5838.0,2024-01-03,16:51:04,5838.0,20.26,21.22,66.1,10.4,479.98,21.16,67.28,10.55,21.16,67.28,22.07,61.03,10.11,32.46,33.93,10.34,479.98,0.05,1.75,0.0
5839.0,2024-01-03,16:51:05,5839.0,20.25,21.22,66.12,10.4,478.26,21.16,67.31,10.56,21.16,67.31,22.1,60.84,10.1,32.46,33.94,10.34,478.26,0.05,1.75,0.0
5840.0,2024-01-03,16:51:06,5840.0,20.25,21.22,66.12,10.4,478.43,21.16,67.31,10.56,21.16,67.31,22.1,60.84,10.1,32.46,33.94,10.34,478.43,0.05,1.75,0.0
5841.0,2024-01-03,16:51:07,5841.0,20.25,21.22,66.12,10.4,480.13,21.16,67.31,10.56,21.16,67.31,22.1,60.84,10.1,32.46,33.94,10.34,480.13,0.05,1.76,0.0
5842.0,2024-01-03,16:51:08,5842.0,20.24,21.22,66.12,10.41,479.75,21.16,67.32,10.56,21.16,67.32,22.11,60.85,10.1,32.46,33.93,10.34,479.75,0.05,1.75,0.0
5843.0,2024-01-03,16:51:09,5843.0,20.24,21.22,66.12,10.41,478.57,21.16,67.32,10.56,21.16,67.32,22.11,60.85,10.1,32.46,33.93,10.34,478.57,0.05,1.75,0.0
5844.0,2024-01-03,16:51:10,5844.0,20.24,21.22,66.12,10.41,477.09,21.16,67.32,10.56,21.16,67.32,22.11,60.85,10.1,32.46,33.93,10.34,477.09,0.05,1.74,0.0
5845.0,2024-01-03,16:51:11,5845.0,20.23,21.22,66.13,10.41,475.87,21.16,67.32,10.56,21.16,67.32,22.08,60.96,10.11,32.46,33.94,10.34,475.87,0.05,1.74,0.0
5846.0,2024-01-03,16:51:12,5846.0,20.23,21.22,66.13,10.41,476.52,21.16,67.32,10.56,21.16,67.32,22.08,60.96,10.11,32.46,33.94,10.34,476.52,0.05,1.74,0.0
5847.0,2024-01-03,16:51:13,5847.0,20.23,21.22,66.13,10.41,475.83,21.16,67.32,10.56,21.16,67.32,22.08,60.96,10.11,32.46,33.94,10.34,475.83,0.05,1.74,0.0
5848.0,2024-01-03,16:51:14,5848.0,20.22,21.22,66.18,10.41,476.49,21.15,67.36,10.56,21.15,67.36,22.03,61.28,10.13,32.46,33.94,10.34,476.49,0.05,1.74,0.0
5849.0,2024-01-03,16:51:15,5849.0,20.22,21.22,66.18,10.41,475.86,21.15,67.36,10.56,21.15,67.36,22.03,61.28,10.13,32.46,33.94,10.34,475.86,0.05,1.74,0.0
5850.0,2024-01-03,16:51:16,5850.0,20.22,21.22,66.18,10.41,473.53,21.15,67.36,10.56,21.15,67.36,22.03,61.28,10.13,32.46,33.94,10.34,473.53,0.05,1.73,0.0
5851.0,2024-01-03,16:51:17,5851.0,20.21,21.22,66.16,10.41,472.55,21.15,67.39,10.56,21.15,67.39,21.97,61.57,10.14,32.46,33.96,10.35,472.55,0.05,1.73,0.0
5852.0,2024-01-03,16:51:18,5852.0,20.21,21.22,66.16,10.41,474.13,21.15,67.39,10.56,21.15,67.39,21.97,61.57,10.14,32.46,33.96,10.35,474.13,0.05,1.74,0.0
5853.0,2024-01-03,16:51:19,5853.0,20.21,21.22,66.16,10.41,475.25,21.15,67.39,10.56,21.15,67.39,21.97,61.57,10.14,32.46,33.96,10.35,475.25,0.05,1.74,0.0
5854.0,2024-01-03,16:51:20,5854.0,20.2,21.21,66.2,10.41,475.43,21.14,67.43,10.56,21.14,67.43,21.92,61.81,10.15,32.46,33.94,10.35,475.43,0.05,1.74,0.0
5855.0,2024-01-03,16:51:21,5855.0,20.2,21.21,66.2,10.41,475.57,21.14,67.43,10.56,21.14,67.43,21.92,61.81,10.15,32.46,33.94,10.35,475.57,0.05,1.74,0.0
5856.0,2024-01-03,16:51:22,5856.0,20.2,21.21,66.2,10.41,477.47,21.14,67.43,10.56,21.14,67.43,21.92,61.81,10.15,32.46,33.94,10.35,477.47,0.05,1.75,0.0
5857.0,2024-01-03,16:51:23,5857.0,20.19,21.21,66.21,10.42,479.35,21.14,67.46,10.56,21.14,67.46,21.92,61.76,10.14,32.46,33.95,10.35,479.35,0.05,1.76,0.0
5858.0,2024-01-03,16:51:24,5858.0,20.19,21.21,66.21,10.42,479.97,21.14,67.46,10.56,21.14,67.46,21.92,61.76,10.14,32.46,33.95,10.35,479.97,0.05,1.76,0.0
5859.0,2024-01-03,16:51:25,5859.0,20.19,21.21,66.21,10.42,479.5,21.14,67.46,10.56,21.14,67.46,21.92,61.76,10.14,32.46,33.95,10.35,479.5,0.05,1.76,0.0
5860.0,2024-01-03,16:51:26,5860.0,20.18,21.21,66.19,10.41,479.04,21.13,67.5,10.57,21.13,67.5,21.9,61.87,10.15,32.46,33.96,10.35,479.04,0.05,1.75,0.0
5861.0,2024-01-03,16:51:27,5861.0,20.18,21.21,66.19,10.41,478.87,21.13,67.5,10.57,21.13,67.5,21.9,61.87,10.15,32.46,33.96,10.35,478.87,0.05,1.75,0.0
5862.0,2024-01-03,16:51:28,5862.0,20.18,21.21,66.19,10.41,479.03,21.13,67.5,10.57,21.13,67.5,21.9,61.87,10.15,32.46,33.96,10.35,479.03,0.05,1.75,0.0
5863.0,2024-01-03,16:51:29,5863.0,20.18,21.21,66.2,10.41,480.45,21.13,67.49,10.56,21.13,67.49,21.87,62.06,10.16,32.46,33.97,10.35,480.45,0.05,1.76,0.0
5864.0,2024-01-03,16:51:30,5864.0,20.18,21.21,66.2,10.41,480.14,21.13,67.49,10.56,21.13,67.49,21.87,62.06,10.16,32.46,33.97,10.35,480.14,0.05,1.76,0.0
5865.0,2024-01-03,16:51:31,5865.0,20.18,21.21,66.2,10.41,479.7,21.13,67.49,10.56,21.13,67.49,21.87,62.06,10.16,32.46,33.97,10.35,479.7,0.05,1.76,0.0
5866.0,2024-01-03,16:51:32,5866.0,20.19,21.2,66.18,10.41,479.13,21.12,67.52,10.56,21.12,67.52,21.83,62.22,10.16,32.45,33.97,10.35,479.13,0.05,1.76,0.0
5867.0,2024-01-03,16:51:33,5867.0,20.19,21.2,66.18,10.41,477.49,21.12,67.52,10.56,21.12,67.52,21.83,62.22,10.16,32.45,33.97,10.35,477.49,0.05,1.75,0.0
5868.0,2024-01-03,16:51:34,5868.0,20.19,21.2,66.18,10.41,477.13,21.12,67.52,10.56,21.12,67.52,21.83,62.22,10.16,32.45,33.97,10.35,477.13,0.05,1.75,0.0
5869.0,2024-01-03,16:51:35,5869.0,20.2,21.2,66.2,10.41,474.15,21.12,67.54,10.57,21.12,67.54,21.8,62.39,10.17,32.45,33.99,10.35,474.15,0.05,1.74,0.0
5870.0,2024-01-03,16:51:36,5870.0,20.2,21.2,66.2,10.41,471.94,21.12,67.54,10.57,21.12,67.54,21.8,62.39,10.17,32.45,33.99,10.35,471.94,0.05,1.73,0.0
5871.0,2024-01-03,16:51:37,5871.0,20.2,21.2,66.2,10.41,469.36,21.12,67.54,10.57,21.12,67.54,21.8,62.39,10.17,32.45,33.99,10.35,469.36,0.05,1.72,0.0
5872.0,2024-01-03,16:51:38,5872.0,20.21,21.21,66.21,10.41,469.21,21.12,67.55,10.57,21.12,67.55,21.81,62.29,10.16,32.45,33.97,10.35,469.21,0.05,1.72,0.0
5873.0,2024-01-03,16:51:39,5873.0,20.21,21.21,66.21,10.41,469.34,21.12,67.55,10.57,21.12,67.55,21.81,62.29,10.16,32.45,33.97,10.35,469.34,0.05,1.72,0.0
5874.0,2024-01-03,16:51:40,5874.0,20.21,21.21,66.21,10.41,471.24,21.12,67.55,10.57,21.12,67.55,21.81,62.29,10.16,32.45,33.97,10.35,471.24,0.05,1.73,0.0
5875.0,2024-01-03,16:51:41,5875.0,20.2,21.2,66.19,10.41,474.8,21.12,67.57,10.57,21.12,67.57,21.84,62.12,10.15,32.45,34,10.36,474.8,0.05,1.74,0.0
5876.0,2024-01-03,16:51:42,5876.0,20.2,21.2,66.19,10.41,475.41,21.12,67.57,10.57,21.12,67.57,21.84,62.12,10.15,32.45,34,10.36,475.41,0.05,1.74,0.0
5877.0,2024-01-03,16:51:43,5877.0,20.2,21.2,66.19,10.41,472.56,21.12,67.57,10.57,21.12,67.57,21.84,62.12,10.15,32.45,34,10.36,472.56,0.05,1.73,0.0
5878.0,2024-01-03,16:51:44,5878.0,20.2,21.2,66.19,10.41,471.6,21.11,67.58,10.57,21.11,67.58,21.88,61.85,10.13,32.44,34.01,10.35,471.6,0.05,1.73,0.0
5879.0,2024-01-03,16:51:45,5879.0,20.2,21.2,66.19,10.41,471.57,21.11,67.58,10.57,21.11,67.58,21.88,61.85,10.13,32.44,34.01,10.35,471.57,0.05,1.73,0.0
5880.0,2024-01-03,16:51:46,5880.0,20.2,21.2,66.19,10.41,472.36,21.11,67.58,10.57,21.11,67.58,21.88,61.85,10.13,32.44,34.01,10.35,472.36,0.05,1.73,0.0
5881.0,2024-01-03,16:51:47,5881.0,20.19,21.2,66.21,10.41,473.13,21.11,67.56,10.56,21.11,67.56,21.93,61.6,10.12,32.43,34.03,10.36,473.13,0.05,1.73,0.0
5882.0,2024-01-03,16:51:48,5882.0,20.19,21.2,66.21,10.41,473.65,21.11,67.56,10.56,21.11,67.56,21.93,61.6,10.12,32.43,34.03,10.36,473.65,0.05,1.74,0.0
5883.0,2024-01-03,16:51:49,5883.0,20.19,21.2,66.21,10.41,477.14,21.11,67.56,10.56,21.11,67.56,21.93,61.6,10.12,32.43,34.03,10.36,477.14,0.05,1.75,0.0
5884.0,2024-01-03,16:51:50,5884.0,20.19,21.2,66.23,10.41,476.67,21.11,67.56,10.56,21.11,67.56,21.95,61.5,10.11,32.44,34,10.35,476.67,0.05,1.75,0.0
5885.0,2024-01-03,16:51:51,5885.0,20.19,21.2,66.23,10.41,476.35,21.11,67.56,10.56,21.11,67.56,21.95,61.5,10.11,32.44,34,10.35,476.35,0.05,1.75,0.0
5886.0,2024-01-03,16:51:52,5886.0,20.19,21.2,66.23,10.41,476.49,21.11,67.56,10.56,21.11,67.56,21.95,61.5,10.11,32.44,34,10.35,476.49,0.05,1.75,0.0
5887.0,2024-01-03,16:51:53,5887.0,20.2,21.2,66.24,10.41,476.67,21.11,67.58,10.57,21.11,67.58,21.98,61.38,10.11,32.45,34,10.36,476.67,0.05,1.75,0.0
5888.0,2024-01-03,16:51:54,5888.0,20.2,21.2,66.24,10.41,475.94,21.11,67.58,10.57,21.11,67.58,21.98,61.38,10.11,32.45,34,10.36,475.94,0.05,1.75,0.0
5889.0,2024-01-03,16:51:55,5889.0,20.2,21.2,66.24,10.41,472.13,21.11,67.58,10.57,21.11,67.58,21.98,61.38,10.11,32.45,34,10.36,472.13,0.05,1.73,0.0
5890.0,2024-01-03,16:51:56,5890.0,20.2,21.2,66.23,10.41,471.23,21.1,67.59,10.56,21.1,67.59,22.03,61.09,10.1,32.44,34,10.35,471.23,0.05,1.73,0.0
5891.0,2024-01-03,16:51:57,5891.0,20.2,21.2,66.23,10.41,470.36,21.1,67.59,10.56,21.1,67.59,22.03,61.09,10.1,32.44,34,10.35,470.36,0.05,1.73,0.0
5892.0,2024-01-03,16:51:58,5892.0,20.2,21.2,66.23,10.41,472.58,21.1,67.59,10.56,21.1,67.59,22.03,61.09,10.1,32.44,34,10.35,472.58,0.05,1.74,0.0
5893.0,2024-01-03,16:51:59,5893.0,20.2,21.2,66.23,10.41,475.56,21.1,67.58,10.56,21.1,67.58,22.08,60.89,10.09,32.44,34.02,10.35,475.56,0.05,1.75,0.0
5894.0,2024-01-03,16:52:00,5894.0,20.2,21.2,66.23,10.41,476.19,21.1,67.58,10.56,21.1,67.58,22.08,60.89,10.09,32.44,34.02,10.35,476.19,0.05,1.75,0.0
5895.0,2024-01-03,16:52:01,5895.0,20.2,21.2,66.23,10.41,476.94,21.1,67.58,10.56,21.1,67.58,22.08,60.89,10.09,32.44,34.02,10.35,476.94,0.05,1.75,0.0
5896.0,2024-01-03,16:52:02,5896.0,20.21,21.2,66.25,10.41,478.55,21.1,67.57,10.56,21.1,67.57,22.11,60.77,10.09,32.43,34.05,10.36,478.55,0.05,1.76,0.0
5897.0,2024-01-03,16:52:03,5897.0,20.21,21.2,66.25,10.41,479.98,21.1,67.57,10.56,21.1,67.57,22.11,60.77,10.09,32.43,34.05,10.36,479.98,0.05,1.77,0.0
5898.0,2024-01-03,16:52:04,5898.0,20.21,21.2,66.25,10.41,480.29,21.1,67.57,10.56,21.1,67.57,22.11,60.77,10.09,32.43,34.05,10.36,480.29,0.05,1.77,0.0
5899.0,2024-01-03,16:52:05,5899.0,20.2,21.19,66.27,10.41,482.49,21.1,67.59,10.56,21.1,67.59,22.15,60.56,10.08,32.43,34.06,10.36,482.49,0.05,1.77,0.0
5900.0,2024-01-03,16:52:06,5900.0,20.2,21.19,66.27,10.41,483.6,21.1,67.59,10.56,21.1,67.59,22.15,60.56,10.08,32.43,34.06,10.36,483.6,0.05,1.78,0.0
5901.0,2024-01-03,16:52:07,5901.0,20.2,21.19,66.27,10.41,485.36,21.1,67.59,10.56,21.1,67.59,22.15,60.56,10.08,32.43,34.06,10.36,485.36,0.05,1.78,0.0
5902.0,2024-01-03,16:52:08,5902.0,20.2,21.2,66.26,10.41,486.16,21.11,67.59,10.56,21.11,67.59,22.18,60.41,10.08,32.43,34.07,10.37,486.16,0.05,1.79,0.0
5903.0,2024-01-03,16:52:09,5903.0,20.2,21.2,66.26,10.41,484.3,21.11,67.59,10.56,21.11,67.59,22.18,60.41,10.08,32.43,34.07,10.37,484.3,0.05,1.78,0.0
5904.0,2024-01-03,16:52:10,5904.0,20.2,21.2,66.26,10.41,483.3,21.11,67.59,10.56,21.11,67.59,22.18,60.41,10.08,32.43,34.07,10.37,483.3,0.05,1.78,0.0
5905.0,2024-01-03,16:52:11,5905.0,20.2,21.2,66.24,10.41,482.32,21.1,67.62,10.57,21.1,67.62,22.23,60.19,10.07,32.43,34.07,10.37,482.32,0.05,1.78,0.0
5906.0,2024-01-03,16:52:12,5906.0,20.2,21.2,66.24,10.41,482.21,21.1,67.62,10.57,21.1,67.62,22.23,60.19,10.07,32.43,34.07,10.37,482.21,0.05,1.77,0.0
5907.0,2024-01-03,16:52:13,5907.0,20.2,21.2,66.24,10.41,482.44,21.1,67.62,10.57,21.1,67.62,22.23,60.19,10.07,32.43,34.07,10.37,482.44,0.05,1.77,0.0
5908.0,2024-01-03,16:52:14,5908.0,20.2,21.2,66.27,10.41,483.43,21.1,67.62,10.57,21.1,67.62,22.23,60.24,10.08,32.43,34.08,10.37,483.43,0.05,1.78,0.0
5909.0,2024-01-03,16:52:15,5909.0,20.2,21.2,66.27,10.41,481.81,21.1,67.62,10.57,21.1,67.62,22.23,60.24,10.08,32.43,34.08,10.37,481.81,0.05,1.77,0.0
5910.0,2024-01-03,16:52:16,5910.0,20.2,21.2,66.27,10.41,478.94,21.1,67.62,10.57,21.1,67.62,22.23,60.24,10.08,32.43,34.08,10.37,478.94,0.05,1.76,0.0
5911.0,2024-01-03,16:52:17,5911.0,20.21,21.2,66.26,10.41,475.72,21.1,67.61,10.56,21.1,67.61,22.21,60.42,10.1,32.43,34.07,10.37,475.72,0.05,1.75,0.0
5912.0,2024-01-03,16:52:18,5912.0,20.21,21.2,66.26,10.41,475.25,21.1,67.61,10.56,21.1,67.61,22.21,60.42,10.1,32.43,34.07,10.37,475.25,0.04,1.75,0.0
5913.0,2024-01-03,16:52:19,5913.0,20.21,21.2,66.26,10.41,475.06,21.1,67.61,10.56,21.1,67.61,22.21,60.42,10.1,32.43,34.07,10.37,475.06,0.04,1.75,0.0
5914.0,2024-01-03,16:52:20,5914.0,20.22,21.2,66.27,10.41,475.1,21.1,67.64,10.57,21.1,67.64,22.2,60.55,10.11,32.42,34.09,10.37,475.1,0.04,1.75,0.0
5915.0,2024-01-03,16:52:21,5915.0,20.22,21.2,66.27,10.41,472.4,21.1,67.64,10.57,21.1,67.64,22.2,60.55,10.11,32.42,34.09,10.37,472.4,0.04,1.74,0.0
5916.0,2024-01-03,16:52:22,5916.0,20.22,21.2,66.27,10.41,471.26,21.1,67.64,10.57,21.1,67.64,22.2,60.55,10.11,32.42,34.09,10.37,471.26,0.04,1.73,0.0
5917.0,2024-01-03,16:52:23,5917.0,20.22,21.2,66.29,10.42,470.64,21.09,67.65,10.57,21.09,67.65,22.17,60.77,10.13,32.42,34.1,10.37,470.64,0.04,1.73,0.0
5918.0,2024-01-03,16:52:24,5918.0,20.22,21.2,66.29,10.42,470.76,21.09,67.65,10.57,21.09,67.65,22.17,60.77,10.13,32.42,34.1,10.37,470.76,0.04,1.73,0.0
5919.0,2024-01-03,16:52:25,5919.0,20.22,21.2,66.29,10.42,470.61,21.09,67.65,10.57,21.09,67.65,22.17,60.77,10.13,32.42,34.1,10.37,470.61,0.04,1.73,0.0
5920.0,2024-01-03,16:52:26,5920.0,20.23,21.2,66.27,10.41,470.66,21.09,67.65,10.57,21.09,67.65,22.12,61.06,10.15,32.42,34.11,10.37,470.66,0.04,1.73,0.0
5921.0,2024-01-03,16:52:27,5921.0,20.23,21.2,66.27,10.41,471.1,21.09,67.65,10.57,21.09,67.65,22.12,61.06,10.15,32.42,34.11,10.37,471.1,0.04,1.73,0.0
5922.0,2024-01-03,16:52:28,5922.0,20.23,21.2,66.27,10.41,472.22,21.09,67.65,10.57,21.09,67.65,22.12,61.06,10.15,32.42,34.11,10.37,472.22,0.04,1.74,0.0
5923.0,2024-01-03,16:52:29,5923.0,20.22,21.19,66.29,10.42,473.2,21.09,67.63,10.56,21.09,67.63,22.1,61.2,10.16,32.41,34.12,10.37,473.2,0.04,1.74,0.0
5924.0,2024-01-03,16:52:30,5924.0,20.22,21.19,66.29,10.42,473.17,21.09,67.63,10.56,21.09,67.63,22.1,61.2,10.16,32.41,34.12,10.37,473.17,0.04,1.74,0.0
5925.0,2024-01-03,16:52:31,5925.0,20.22,21.19,66.29,10.42,473.21,21.09,67.63,10.56,21.09,67.63,22.1,61.2,10.16,32.41,34.12,10.37,473.21,0.04,1.74,0.0
5926.0,2024-01-03,16:52:32,5926.0,20.23,21.2,66.32,10.42,474.42,21.09,67.63,10.56,21.09,67.63,22.07,61.39,10.17,32.42,34.12,10.37,474.42,0.04,1.75,0.0
5927.0,2024-01-03,16:52:33,5927.0,20.23,21.2,66.32,10.42,475.7,21.09,67.63,10.56,21.09,67.63,22.07,61.39,10.17,32.42,34.12,10.37,475.7,0.04,1.75,0.0
5928.0,2024-01-03,16:52:34,5928.0,20.23,21.2,66.32,10.42,476.03,21.09,67.63,10.56,21.09,67.63,22.07,61.39,10.17,32.42,34.12,10.37,476.03,0.04,1.75,0.0
5929.0,2024-01-03,16:52:35,5929.0,20.24,21.19,66.31,10.42,476.33,21.09,67.65,10.56,21.09,67.65,22.05,61.54,10.19,32.41,34.14,10.38,476.33,0.04,1.75,0.0
5930.0,2024-01-03,16:52:36,5930.0,20.24,21.19,66.31,10.42,476.36,21.09,67.65,10.56,21.09,67.65,22.05,61.54,10.19,32.41,34.14,10.38,476.36,0.04,1.75,0.0
5931.0,2024-01-03,16:52:37,5931.0,20.24,21.19,66.31,10.42,476.52,21.09,67.65,10.56,21.09,67.65,22.05,61.54,10.19,32.41,34.14,10.38,476.52,0.04,1.76,0.0
5932.0,2024-01-03,16:52:38,5932.0,20.25,21.19,66.28,10.41,476.48,21.09,67.67,10.57,21.09,67.67,22.02,61.71,10.2,32.41,34.12,10.37,476.48,0.04,1.75,0.0
5933.0,2024-01-03,16:52:39,5933.0,20.25,21.19,66.28,10.41,477.59,21.09,67.67,10.57,21.09,67.67,22.02,61.71,10.2,32.41,34.12,10.37,477.59,0.05,1.76,0.0
5934.0,2024-01-03,16:52:40,5934.0,20.25,21.19,66.28,10.41,478.72,21.09,67.67,10.57,21.09,67.67,22.02,61.71,10.2,32.41,34.12,10.37,478.72,0.05,1.76,0.0
5935.0,2024-01-03,16:52:41,5935.0,20.25,21.19,66.28,10.41,478.42,21.09,67.67,10.57,21.09,67.67,22,61.82,10.2,32.4,34.13,10.37,478.42,0.05,1.76,0.0
5936.0,2024-01-03,16:52:42,5936.0,20.25,21.19,66.28,10.41,477.32,21.09,67.67,10.57,21.09,67.67,22,61.82,10.2,32.4,34.13,10.37,477.32,0.04,1.76,0.0
5937.0,2024-01-03,16:52:43,5937.0,20.25,21.19,66.28,10.41,477.45,21.09,67.67,10.57,21.09,67.67,22,61.82,10.2,32.4,34.13,10.37,477.45,0.05,1.76,0.0
5938.0,2024-01-03,16:52:44,5938.0,20.27,21.19,66.31,10.42,477.65,21.09,67.68,10.57,21.09,67.68,21.96,62.11,10.22,32.41,34.13,10.38,477.65,0.05,1.76,0.0
5939.0,2024-01-03,16:52:45,5939.0,20.27,21.19,66.31,10.42,478.24,21.09,67.68,10.57,21.09,67.68,21.96,62.11,10.22,32.41,34.13,10.38,478.24,0.04,1.76,0.0
5940.0,2024-01-03,16:52:46,5940.0,20.27,21.19,66.31,10.42,478.72,21.09,67.68,10.57,21.09,67.68,21.96,62.11,10.22,32.41,34.13,10.38,478.72,0.04,1.76,0.0
5941.0,2024-01-03,16:52:47,5941.0,20.27,21.19,66.31,10.42,479.64,21.09,67.71,10.57,21.09,67.71,21.9,62.47,10.25,32.42,34.11,10.37,479.64,0.04,1.77,0.0
5942.0,2024-01-03,16:52:48,5942.0,20.27,21.19,66.31,10.42,479.98,21.09,67.71,10.57,21.09,67.71,21.9,62.47,10.25,32.42,34.11,10.37,479.98,0.05,1.77,0.0
5943.0,2024-01-03,16:52:49,5943.0,20.27,21.19,66.31,10.42,482.46,21.09,67.71,10.57,21.09,67.71,21.9,62.47,10.25,32.42,34.11,10.37,482.46,0.05,1.77,0.0
5944.0,2024-01-03,16:52:50,5944.0,20.27,21.19,66.32,10.42,483.71,21.09,67.7,10.57,21.09,67.7,21.85,62.75,10.26,32.42,34.11,10.37,483.71,0.05,1.78,0.0
5945.0,2024-01-03,16:52:51,5945.0,20.27,21.19,66.32,10.42,482.29,21.09,67.7,10.57,21.09,67.7,21.85,62.75,10.26,32.42,34.11,10.37,482.29,0.04,1.78,0.0
5946.0,2024-01-03,16:52:52,5946.0,20.27,21.19,66.32,10.42,484.97,21.09,67.7,10.57,21.09,67.7,21.85,62.75,10.26,32.42,34.11,10.37,484.97,0.04,1.79,0.0
5947.0,2024-01-03,16:52:53,5947.0,20.27,21.19,66.31,10.42,485.86,21.08,67.72,10.57,21.08,67.72,21.83,62.83,10.26,32.42,34.1,10.37,485.86,0.04,1.79,0.0
5948.0,2024-01-03,16:52:54,5948.0,20.27,21.19,66.31,10.42,483.79,21.08,67.72,10.57,21.08,67.72,21.83,62.83,10.26,32.42,34.1,10.37,483.79,0.04,1.78,0.0
5949.0,2024-01-03,16:52:55,5949.0,20.27,21.19,66.31,10.42,480.94,21.08,67.72,10.57,21.08,67.72,21.83,62.83,10.26,32.42,34.1,10.37,480.94,0.04,1.77,0.0
5950.0,2024-01-03,16:52:56,5950.0,20.26,21.19,66.35,10.42,476.31,21.08,67.72,10.57,21.08,67.72,21.83,62.8,10.26,32.42,34.11,10.37,476.31,0.04,1.76,0.0
5951.0,2024-01-03,16:52:57,5951.0,20.26,21.19,66.35,10.42,475.04,21.08,67.72,10.57,21.08,67.72,21.83,62.8,10.26,32.42,34.11,10.37,475.04,0.04,1.75,0.0
5952.0,2024-01-03,16:52:58,5952.0,20.26,21.19,66.35,10.42,474.03,21.08,67.72,10.57,21.08,67.72,21.83,62.8,10.26,32.42,34.11,10.37,474.03,0.04,1.75,0.0
5953.0,2024-01-03,16:52:59,5953.0,20.24,21.18,66.35,10.42,473.98,21.07,67.72,10.57,21.07,67.72,21.84,62.67,10.24,32.41,34.11,10.37,473.98,0.04,1.75,0.0
5954.0,2024-01-03,16:53:00,5954.0,20.24,21.18,66.35,10.42,473.98,21.07,67.72,10.57,21.07,67.72,21.84,62.67,10.24,32.41,34.11,10.37,473.98,0.04,1.75,0.0
5955.0,2024-01-03,16:53:01,5955.0,20.24,21.18,66.35,10.42,473.79,21.07,67.72,10.57,21.07,67.72,21.84,62.67,10.24,32.41,34.11,10.37,473.79,0.04,1.75,0.0
5956.0,2024-01-03,16:53:02,5956.0,20.22,21.19,66.36,10.42,473.62,21.08,67.73,10.57,21.08,67.73,21.84,62.63,10.23,32.42,34.13,10.38,473.62,0.04,1.75,0.0
5957.0,2024-01-03,16:53:03,5957.0,20.22,21.19,66.36,10.42,473.64,21.08,67.73,10.57,21.08,67.73,21.84,62.63,10.23,32.42,34.13,10.38,473.64,0.04,1.75,0.0
5958.0,2024-01-03,16:53:04,5958.0,20.22,21.19,66.36,10.42,475.06,21.08,67.73,10.57,21.08,67.73,21.84,62.63,10.23,32.42,34.13,10.38,475.06,0.04,1.75,0.0
5959.0,2024-01-03,16:53:05,5959.0,20.22,21.18,66.35,10.42,476.48,21.08,67.7,10.57,21.08,67.7,21.83,62.62,10.23,32.41,34.15,10.38,476.48,0.04,1.76,0.0
5960.0,2024-01-03,16:53:06,5960.0,20.22,21.18,66.35,10.42,477.47,21.08,67.7,10.57,21.08,67.7,21.83,62.62,10.23,32.41,34.15,10.38,477.47,0.04,1.76,0.0
5961.0,2024-01-03,16:53:07,5961.0,20.22,21.18,66.35,10.42,476.64,21.08,67.7,10.57,21.08,67.7,21.83,62.62,10.23,32.41,34.15,10.38,476.64,0.04,1.76,0.0
5962.0,2024-01-03,16:53:08,5962.0,20.21,21.18,66.36,10.42,474.44,21.08,67.69,10.56,21.08,67.69,21.82,62.63,10.22,32.4,34.15,10.38,474.44,0.04,1.75,0.0
5963.0,2024-01-03,16:53:09,5963.0,20.21,21.18,66.36,10.42,473.84,21.08,67.69,10.56,21.08,67.69,21.82,62.63,10.22,32.4,34.15,10.38,473.84,0.04,1.75,0.0
5964.0,2024-01-03,16:53:10,5964.0,20.21,21.18,66.36,10.42,473.01,21.08,67.69,10.56,21.08,67.69,21.82,62.63,10.22,32.4,34.15,10.38,473.01,0.04,1.74,0.0
5965.0,2024-01-03,16:53:11,5965.0,20.21,21.18,66.36,10.42,472.73,21.08,67.73,10.57,21.08,67.73,21.8,62.72,10.22,32.4,34.17,10.38,472.73,0.04,1.74,0.0
5966.0,2024-01-03,16:53:12,5966.0,20.21,21.18,66.36,10.42,472.07,21.08,67.73,10.57,21.08,67.73,21.8,62.72,10.22,32.4,34.17,10.38,472.07,0.04,1.74,0.0
5967.0,2024-01-03,16:53:13,5967.0,20.21,21.18,66.36,10.42,470.94,21.08,67.73,10.57,21.08,67.73,21.8,62.72,10.22,32.4,34.17,10.38,470.94,0.04,1.73,0.0
5968.0,2024-01-03,16:53:14,5968.0,20.23,21.18,66.37,10.42,468.88,21.08,67.75,10.57,21.08,67.75,21.81,62.63,10.21,32.39,34.19,10.38,468.88,0.04,1.73,0.0
5969.0,2024-01-03,16:53:15,5969.0,20.23,21.18,66.37,10.42,468.71,21.08,67.75,10.57,21.08,67.75,21.81,62.63,10.21,32.39,34.19,10.38,468.71,0.04,1.73,0.0
5970.0,2024-01-03,16:53:16,5970.0,20.23,21.18,66.37,10.42,468.68,21.08,67.75,10.57,21.08,67.75,21.81,62.63,10.21,32.39,34.19,10.38,468.68,0.04,1.73,0.0
5971.0,2024-01-03,16:53:17,5971.0,20.24,21.18,66.38,10.42,468.53,21.07,67.74,10.57,21.07,67.74,21.85,62.35,10.2,32.39,34.2,10.38,468.53,0.04,1.73,0.0
5972.0,2024-01-03,16:53:18,5972.0,20.24,21.18,66.38,10.42,469.86,21.07,67.74,10.57,21.07,67.74,21.85,62.35,10.2,32.39,34.2,10.38,469.86,0.04,1.73,0.0
5973.0,2024-01-03,16:53:19,5973.0,20.24,21.18,66.38,10.42,470.48,21.07,67.74,10.57,21.07,67.74,21.85,62.35,10.2,32.39,34.2,10.38,470.48,0.04,1.73,0.0
5974.0,2024-01-03,16:53:20,5974.0,20.24,21.17,66.38,10.42,474.31,21.07,67.74,10.57,21.07,67.74,21.9,62.01,10.17,32.38,34.19,10.38,474.31,0.05,1.75,0.0
5975.0,2024-01-03,16:53:21,5975.0,20.24,21.17,66.38,10.42,476.07,21.07,67.74,10.57,21.07,67.74,21.9,62.01,10.17,32.38,34.19,10.38,476.07,0.05,1.75,0.0
5976.0,2024-01-03,16:53:22,5976.0,20.24,21.17,66.38,10.42,477.94,21.07,67.74,10.57,21.07,67.74,21.9,62.01,10.17,32.38,34.19,10.38,477.94,0.05,1.76,0.0
5977.0,2024-01-03,16:53:23,5977.0,20.25,21.17,66.39,10.42,479.53,21.07,67.75,10.57,21.07,67.75,21.95,61.74,10.16,32.38,34.2,10.38,479.53,0.05,1.76,0.0
5978.0,2024-01-03,16:53:24,5978.0,20.25,21.17,66.39,10.42,477.01,21.07,67.75,10.57,21.07,67.75,21.95,61.74,10.16,32.38,34.2,10.38,477.01,0.05,1.75,0.0
5979.0,2024-01-03,16:53:25,5979.0,20.25,21.17,66.39,10.42,475.88,21.07,67.75,10.57,21.07,67.75,21.95,61.74,10.16,32.38,34.2,10.38,475.88,0.05,1.75,0.0
5980.0,2024-01-03,16:53:26,5980.0,20.26,21.17,66.36,10.41,474.61,21.07,67.75,10.57,21.07,67.75,22,61.47,10.14,32.38,34.18,10.37,474.61,0.05,1.74,0.0
5981.0,2024-01-03,16:53:27,5981.0,20.26,21.17,66.36,10.41,473.28,21.07,67.75,10.57,21.07,67.75,22,61.47,10.14,32.38,34.18,10.37,473.28,0.05,1.74,0.0
5982.0,2024-01-03,16:53:28,5982.0,20.26,21.17,66.36,10.41,473.35,21.07,67.75,10.57,21.07,67.75,22,61.47,10.14,32.38,34.18,10.37,473.35,0.05,1.74,0.0
5983.0,2024-01-03,16:53:29,5983.0,20.27,21.17,66.35,10.41,474.99,21.07,67.75,10.57,21.07,67.75,22,61.57,10.16,32.38,34.19,10.37,474.99,0.05,1.74,0.0
5984.0,2024-01-03,16:53:30,5984.0,20.27,21.17,66.35,10.41,477.48,21.07,67.75,10.57,21.07,67.75,22,61.57,10.16,32.38,34.19,10.37,477.48,0.05,1.75,0.0
5985.0,2024-01-03,16:53:31,5985.0,20.27,21.17,66.35,10.41,477.58,21.07,67.75,10.57,21.07,67.75,22,61.57,10.16,32.38,34.19,10.37,477.58,0.05,1.76,0.0
5986.0,2024-01-03,16:53:32,5986.0,20.26,21.17,66.35,10.41,478.66,21.06,67.76,10.56,21.06,67.76,21.95,61.87,10.18,32.37,34.2,10.37,478.66,0.05,1.76,0.0
5987.0,2024-01-03,16:53:33,5987.0,20.26,21.17,66.35,10.41,478.54,21.06,67.76,10.56,21.06,67.76,21.95,61.87,10.18,32.37,34.2,10.37,478.54,0.05,1.76,0.0
5988.0,2024-01-03,16:53:34,5988.0,20.26,21.17,66.35,10.41,476.31,21.06,67.76,10.56,21.06,67.76,21.95,61.87,10.18,32.37,34.2,10.37,476.31,0.05,1.75,0.0
5989.0,2024-01-03,16:53:35,5989.0,20.26,21.17,66.35,10.41,474.02,21.07,67.77,10.57,21.07,67.77,21.9,62.23,10.2,32.37,34.19,10.37,474.02,0.05,1.74,0.0
5990.0,2024-01-03,16:53:36,5990.0,20.26,21.17,66.35,10.41,471.91,21.07,67.77,10.57,21.07,67.77,21.9,62.23,10.2,32.37,34.19,10.37,471.91,0.05,1.73,0.0
5991.0,2024-01-03,16:53:37,5991.0,20.26,21.17,66.35,10.41,474,21.07,67.77,10.57,21.07,67.77,21.9,62.23,10.2,32.37,34.19,10.37,474,0.05,1.74,0.0
5992.0,2024-01-03,16:53:38,5992.0,20.25,21.17,66.36,10.41,475.07,21.06,67.77,10.56,21.06,67.77,21.84,62.53,10.22,32.36,34.2,10.37,475.07,0.05,1.74,0.0
5993.0,2024-01-03,16:53:39,5993.0,20.25,21.17,66.36,10.41,474.73,21.06,67.77,10.56,21.06,67.77,21.84,62.53,10.22,32.36,34.2,10.37,474.73,0.05,1.74,0.0
5994.0,2024-01-03,16:53:40,5994.0,20.25,21.17,66.36,10.41,478.02,21.06,67.77,10.56,21.06,67.77,21.84,62.53,10.22,32.36,34.2,10.37,478.02,0.05,1.75,0.0
5995.0,2024-01-03,16:53:41,5995.0,20.24,21.17,66.36,10.41,479.43,21.06,67.79,10.57,21.06,67.79,21.81,62.74,10.23,32.36,34.2,10.37,479.43,0.05,1.76,0.0
5996.0,2024-01-03,16:53:42,5996.0,20.24,21.17,66.36,10.41,480.47,21.06,67.79,10.57,21.06,67.79,21.81,62.74,10.23,32.36,34.2,10.37,480.47,0.05,1.76,0.0
5997.0,2024-01-03,16:53:43,5997.0,20.24,21.17,66.36,10.41,480.44,21.06,67.79,10.57,21.06,67.79,21.81,62.74,10.23,32.36,34.2,10.37,480.44,0.05,1.76,0.0
5998.0,2024-01-03,16:53:44,5998.0,20.23,21.17,66.36,10.41,477.45,21.06,67.81,10.57,21.06,67.81,21.85,62.41,10.21,32.36,34.21,10.36,477.45,0.05,1.75,0.0
5999.0,2024-01-03,16:53:45,5999.0,20.23,21.17,66.36,10.41,476.65,21.06,67.81,10.57,21.06,67.81,21.85,62.41,10.21,32.36,34.21,10.36,476.65,0.05,1.75,0.0
6000.0,2024-01-03,16:53:46,6000.0,20.23,21.17,66.36,10.41,474.79,21.06,67.81,10.57,21.06,67.81,21.85,62.41,10.21,32.36,34.21,10.36,474.79,0.05,1.74,0.0
6001.0,2024-01-03,16:53:47,6001.0,20.22,21.17,66.36,10.41,472.55,21.06,67.82,10.57,21.06,67.82,21.87,62.28,10.2,32.35,34.2,10.36,472.55,0.05,1.73,0.0
6002.0,2024-01-03,16:53:48,6002.0,20.22,21.17,66.36,10.41,470.13,21.06,67.82,10.57,21.06,67.82,21.87,62.28,10.2,32.35,34.2,10.36,470.13,0.05,1.72,0.0
6003.0,2024-01-03,16:53:49,6003.0,20.22,21.17,66.36,10.41,469.96,21.06,67.82,10.57,21.06,67.82,21.87,62.28,10.2,32.35,34.2,10.36,469.96,0.05,1.72,0.0
6004.0,2024-01-03,16:53:50,6004.0,20.21,21.16,66.38,10.41,470.09,21.06,67.82,10.57,21.06,67.82,21.89,62.18,10.19,32.35,34.21,10.36,470.09,0.05,1.72,0.0
6005.0,2024-01-03,16:53:51,6005.0,20.21,21.16,66.38,10.41,470.32,21.06,67.82,10.57,21.06,67.82,21.89,62.18,10.19,32.35,34.21,10.36,470.32,0.05,1.72,0.0
6006.0,2024-01-03,16:53:52,6006.0,20.21,21.16,66.38,10.41,470.98,21.06,67.82,10.57,21.06,67.82,21.89,62.18,10.19,32.35,34.21,10.36,470.98,0.05,1.72,0.0
6007.0,2024-01-03,16:53:53,6007.0,20.19,21.16,66.38,10.41,471.12,21.04,67.83,10.56,21.04,67.83,21.9,62.1,10.18,32.31,34.25,10.35,471.12,0.05,1.72,0.0
6008.0,2024-01-03,16:53:54,6008.0,20.19,21.16,66.38,10.41,471.45,21.04,67.83,10.56,21.04,67.83,21.9,62.1,10.18,32.31,34.25,10.35,471.45,0.04,1.72,0.0
6009.0,2024-01-03,16:53:55,6009.0,20.19,21.16,66.38,10.41,470.74,21.04,67.83,10.56,21.04,67.83,21.9,62.1,10.18,32.31,34.25,10.35,470.74,0.04,1.72,0.0
6010.0,2024-01-03,16:53:56,6010.0,20.21,21.16,66.38,10.41,473.81,21.05,67.83,10.57,21.05,67.83,21.91,62.04,10.18,32.34,34.22,10.36,473.81,0.04,1.73,0.0
6011.0,2024-01-03,16:53:57,6011.0,20.21,21.16,66.38,10.41,475.43,21.05,67.83,10.57,21.05,67.83,21.91,62.04,10.18,32.34,34.22,10.36,475.43,0.05,1.74,0.0
6012.0,2024-01-03,16:53:58,6012.0,20.21,21.16,66.38,10.41,476.51,21.05,67.83,10.57,21.05,67.83,21.91,62.04,10.18,32.34,34.22,10.36,476.51,0.05,1.74,0.0
6013.0,2024-01-03,16:53:59,6013.0,20.2,21.16,66.37,10.41,475.86,21.05,67.83,10.57,21.05,67.83,21.93,61.88,10.16,32.34,34.22,10.36,475.86,0.05,1.74,0.0
6014.0,2024-01-03,16:54:00,6014.0,20.2,21.16,66.37,10.41,475.07,21.05,67.83,10.57,21.05,67.83,21.93,61.88,10.16,32.34,34.22,10.36,475.07,0.05,1.74,0.0
6015.0,2024-01-03,16:54:01,6015.0,20.2,21.16,66.37,10.41,473.91,21.05,67.83,10.57,21.05,67.83,21.93,61.88,10.16,32.34,34.22,10.36,473.91,0.05,1.73,0.0
6016.0,2024-01-03,16:54:02,6016.0,20.2,21.16,66.37,10.4,472.42,21.05,67.86,10.57,21.05,67.86,21.96,61.59,10.14,32.34,34.21,10.36,472.42,0.05,1.73,0.0
6017.0,2024-01-03,16:54:03,6017.0,20.2,21.16,66.37,10.4,469.16,21.05,67.86,10.57,21.05,67.86,21.96,61.59,10.14,32.34,34.21,10.36,469.16,0.05,1.71,0.0
6018.0,2024-01-03,16:54:04,6018.0,20.2,21.16,66.37,10.4,470.04,21.05,67.86,10.57,21.05,67.86,21.96,61.59,10.14,32.34,34.21,10.36,470.04,0.05,1.72,0.0
6019.0,2024-01-03,16:54:05,6019.0,20.19,21.16,66.4,10.41,472.51,21.05,67.87,10.57,21.05,67.87,21.97,61.56,10.14,32.34,34.22,10.36,472.51,0.05,1.73,0.0
6020.0,2024-01-03,16:54:06,6020.0,20.19,21.16,66.4,10.41,473.48,21.05,67.87,10.57,21.05,67.87,21.97,61.56,10.14,32.34,34.22,10.36,473.48,0.05,1.73,0.0
6021.0,2024-01-03,16:54:07,6021.0,20.19,21.16,66.4,10.41,473.82,21.05,67.87,10.57,21.05,67.87,21.97,61.56,10.14,32.34,34.22,10.36,473.82,0.05,1.73,0.0
6022.0,2024-01-03,16:54:08,6022.0,20.19,21.16,66.39,10.41,471.38,21.04,67.89,10.57,21.04,67.89,22.01,61.32,10.12,32.34,34.23,10.36,471.38,0.05,1.72,0.0
6023.0,2024-01-03,16:54:09,6023.0,20.19,21.16,66.39,10.41,471.79,21.04,67.89,10.57,21.04,67.89,22.01,61.32,10.12,32.34,34.23,10.36,471.79,0.05,1.73,0.0
6024.0,2024-01-03,16:54:10,6024.0,20.19,21.16,66.39,10.41,474.14,21.04,67.89,10.57,21.04,67.89,22.01,61.32,10.12,32.34,34.23,10.36,474.14,0.05,1.74,0.0
6025.0,2024-01-03,16:54:11,6025.0,20.19,21.16,66.38,10.41,475.85,21.04,67.89,10.57,21.04,67.89,22,61.37,10.13,32.34,34.24,10.37,475.85,0.05,1.74,0.0
6026.0,2024-01-03,16:54:12,6026.0,20.19,21.16,66.38,10.41,477.61,21.04,67.89,10.57,21.04,67.89,22,61.37,10.13,32.34,34.24,10.37,477.61,0.05,1.75,0.0
6027.0,2024-01-03,16:54:13,6027.0,20.19,21.16,66.38,10.41,478.1,21.04,67.89,10.57,21.04,67.89,22,61.37,10.13,32.34,34.24,10.37,478.1,0.05,1.75,0.0
6028.0,2024-01-03,16:54:14,6028.0,20.19,21.16,66.4,10.41,478.22,21.04,67.88,10.57,21.04,67.88,21.98,61.42,10.12,32.35,34.22,10.36,478.22,0.05,1.75,0.0
6029.0,2024-01-03,16:54:15,6029.0,20.19,21.16,66.4,10.41,476.84,21.04,67.88,10.57,21.04,67.88,21.98,61.42,10.12,32.35,34.22,10.36,476.84,0.05,1.75,0.0
6030.0,2024-01-03,16:54:16,6030.0,20.19,21.16,66.4,10.41,473.8,21.04,67.88,10.57,21.04,67.88,21.98,61.42,10.12,32.35,34.22,10.36,473.8,0.05,1.74,0.0
6031.0,2024-01-03,16:54:17,6031.0,20.18,21.16,66.39,10.41,473.79,21.04,67.87,10.57,21.04,67.87,21.95,61.57,10.13,32.35,34.21,10.37,473.79,0.05,1.74,0.0
6032.0,2024-01-03,16:54:18,6032.0,20.18,21.16,66.39,10.41,473.49,21.04,67.87,10.57,21.04,67.87,21.95,61.57,10.13,32.35,34.21,10.37,473.49,0.05,1.74,0.0
6033.0,2024-01-03,16:54:19,6033.0,20.18,21.16,66.39,10.41,472.54,21.04,67.87,10.57,21.04,67.87,21.95,61.57,10.13,32.35,34.21,10.37,472.54,0.05,1.73,0.0
6034.0,2024-01-03,16:54:20,6034.0,20.15,21.16,66.37,10.4,469.86,21.04,67.89,10.57,21.04,67.89,21.91,61.73,10.13,32.36,34.2,10.36,469.86,0.05,1.72,0.0
6035.0,2024-01-03,16:54:21,6035.0,20.15,21.16,66.37,10.4,466.58,21.04,67.89,10.57,21.04,67.89,21.91,61.73,10.13,32.36,34.2,10.36,466.58,0.05,1.71,0.0
6036.0,2024-01-03,16:54:22,6036.0,20.15,21.16,66.37,10.4,465.63,21.04,67.89,10.57,21.04,67.89,21.91,61.73,10.13,32.36,34.2,10.36,465.63,0.05,1.71,0.0
6037.0,2024-01-03,16:54:23,6037.0,20.13,21.16,66.38,10.41,464.98,21.04,67.89,10.57,21.04,67.89,21.9,61.75,10.13,32.36,34.21,10.37,464.98,0.05,1.71,0.0
6038.0,2024-01-03,16:54:24,6038.0,20.13,21.16,66.38,10.41,466.56,21.04,67.89,10.57,21.04,67.89,21.9,61.75,10.13,32.36,34.21,10.37,466.56,0.05,1.71,0.0
6039.0,2024-01-03,16:54:25,6039.0,20.13,21.16,66.38,10.41,470.99,21.04,67.89,10.57,21.04,67.89,21.9,61.75,10.13,32.36,34.21,10.37,470.99,0.05,1.73,0.0
6040.0,2024-01-03,16:54:26,6040.0,20.13,21.15,66.43,10.41,472.06,21.04,67.91,10.57,21.04,67.91,21.91,61.66,10.12,32.35,34.23,10.37,472.06,0.05,1.73,0.0
6041.0,2024-01-03,16:54:27,6041.0,20.13,21.15,66.43,10.41,472.47,21.04,67.91,10.57,21.04,67.91,21.91,61.66,10.12,32.35,34.23,10.37,472.47,0.04,1.74,0.0
6042.0,2024-01-03,16:54:28,6042.0,20.13,21.15,66.43,10.41,471.71,21.04,67.91,10.57,21.04,67.91,21.91,61.66,10.12,32.35,34.23,10.37,471.71,0.04,1.73,0.0
6043.0,2024-01-03,16:54:29,6043.0,20.13,21.15,66.43,10.41,470.78,21.04,67.93,10.57,21.04,67.93,21.91,61.72,10.13,32.35,34.24,10.37,470.78,0.04,1.73,0.0
6044.0,2024-01-03,16:54:30,6044.0,20.13,21.15,66.43,10.41,470.63,21.04,67.93,10.57,21.04,67.93,21.91,61.72,10.13,32.35,34.24,10.37,470.63,0.04,1.73,0.0
6045.0,2024-01-03,16:54:31,6045.0,20.13,21.15,66.43,10.41,468.85,21.04,67.93,10.57,21.04,67.93,21.91,61.72,10.13,32.35,34.24,10.37,468.85,0.04,1.72,0.0
6046.0,2024-01-03,16:54:32,6046.0,20.14,21.15,66.44,10.41,464.21,21.03,67.9,10.57,21.03,67.9,21.96,61.45,10.11,32.35,34.24,10.37,464.21,0.04,1.71,0.0
6047.0,2024-01-03,16:54:33,6047.0,20.14,21.15,66.44,10.41,465.08,21.03,67.9,10.57,21.03,67.9,21.96,61.45,10.11,32.35,34.24,10.37,465.08,0.04,1.71,0.0
6048.0,2024-01-03,16:54:34,6048.0,20.14,21.15,66.44,10.41,466.59,21.03,67.9,10.57,21.03,67.9,21.96,61.45,10.11,32.35,34.24,10.37,466.59,0.04,1.72,0.0
6049.0,2024-01-03,16:54:35,6049.0,20.14,21.15,66.45,10.41,468.07,21.03,67.9,10.57,21.03,67.9,21.99,61.26,10.1,32.35,34.24,10.37,468.07,0.04,1.72,0.0
6050.0,2024-01-03,16:54:36,6050.0,20.14,21.15,66.45,10.41,468.2,21.03,67.9,10.57,21.03,67.9,21.99,61.26,10.1,32.35,34.24,10.37,468.2,0.04,1.72,0.0
6051.0,2024-01-03,16:54:37,6051.0,20.14,21.15,66.45,10.41,470.58,21.03,67.9,10.57,21.03,67.9,21.99,61.26,10.1,32.35,34.24,10.37,470.58,0.04,1.73,0.0
6052.0,2024-01-03,16:54:38,6052.0,20.15,21.15,66.43,10.41,471.1,21.03,67.92,10.57,21.03,67.92,22.02,61.19,10.1,32.35,34.23,10.37,471.1,0.04,1.73,0.0
6053.0,2024-01-03,16:54:39,6053.0,20.15,21.15,66.43,10.41,473.35,21.03,67.92,10.57,21.03,67.92,22.02,61.19,10.1,32.35,34.23,10.37,473.35,0.04,1.74,0.0
6054.0,2024-01-03,16:54:40,6054.0,20.15,21.15,66.43,10.41,473.88,21.03,67.92,10.57,21.03,67.92,22.02,61.19,10.1,32.35,34.23,10.37,473.88,0.04,1.74,0.0
6055.0,2024-01-03,16:54:41,6055.0,20.16,21.15,66.45,10.41,469.54,21.03,67.93,10.57,21.03,67.93,22.03,61.19,10.11,32.35,34.23,10.37,469.54,0.04,1.73,0.0
6056.0,2024-01-03,16:54:42,6056.0,20.16,21.15,66.45,10.41,467.55,21.03,67.93,10.57,21.03,67.93,22.03,61.19,10.11,32.35,34.23,10.37,467.55,0.04,1.72,0.0
6057.0,2024-01-03,16:54:43,6057.0,20.16,21.15,66.45,10.41,464.3,21.03,67.93,10.57,21.03,67.93,22.03,61.19,10.11,32.35,34.23,10.37,464.3,0.04,1.71,0.0
6058.0,2024-01-03,16:54:44,6058.0,20.16,21.15,66.43,10.41,465.02,21.02,67.96,10.57,21.02,67.96,22.02,61.22,10.11,32.36,34.2,10.36,465.02,0.04,1.71,0.0
6059.0,2024-01-03,16:54:45,6059.0,20.16,21.15,66.43,10.41,466.29,21.02,67.96,10.57,21.02,67.96,22.02,61.22,10.11,32.36,34.2,10.36,466.29,0.04,1.71,0.0
6060.0,2024-01-03,16:54:46,6060.0,20.16,21.15,66.43,10.41,467.58,21.02,67.96,10.57,21.02,67.96,22.02,61.22,10.11,32.36,34.2,10.36,467.58,0.04,1.72,0.0
6061.0,2024-01-03,16:54:47,6061.0,20.15,21.15,66.43,10.41,469.96,21.02,67.98,10.57,21.02,67.98,22.04,61.12,10.11,32.36,34.2,10.36,469.96,0.04,1.73,0.0
6062.0,2024-01-03,16:54:48,6062.0,20.15,21.15,66.43,10.41,474.48,21.02,67.98,10.57,21.02,67.98,22.04,61.12,10.11,32.36,34.2,10.36,474.48,0.04,1.74,0.0
6063.0,2024-01-03,16:54:49,6063.0,20.15,21.15,66.43,10.41,475.05,21.02,67.98,10.57,21.02,67.98,22.04,61.12,10.11,32.36,34.2,10.36,475.05,0.04,1.75,0.0
6064.0,2024-01-03,16:54:50,6064.0,20.14,21.15,66.44,10.41,473.84,21.02,67.99,10.57,21.02,67.99,22.04,61.08,10.1,32.36,34.2,10.36,473.84,0.04,1.74,0.0
6065.0,2024-01-03,16:54:51,6065.0,20.14,21.15,66.44,10.41,473.14,21.02,67.99,10.57,21.02,67.99,22.04,61.08,10.1,32.36,34.2,10.36,473.14,0.04,1.74,0.0
6066.0,2024-01-03,16:54:52,6066.0,20.14,21.15,66.44,10.41,473.79,21.02,67.99,10.57,21.02,67.99,22.04,61.08,10.1,32.36,34.2,10.36,473.79,0.04,1.74,0.0
6067.0,2024-01-03,16:54:53,6067.0,20.14,21.15,66.47,10.41,475.26,21.02,68,10.57,21.02,68,22.05,61.08,10.11,32.36,34.21,10.37,475.26,0.04,1.75,0.0
6068.0,2024-01-03,16:54:54,6068.0,20.14,21.15,66.47,10.41,476.33,21.02,68,10.57,21.02,68,22.05,61.08,10.11,32.36,34.21,10.37,476.33,0.04,1.75,0.0
6069.0,2024-01-03,16:54:55,6069.0,20.14,21.15,66.47,10.41,477.95,21.02,68,10.57,21.02,68,22.05,61.08,10.11,32.36,34.21,10.37,477.95,0.04,1.76,0.0
6070.0,2024-01-03,16:54:56,6070.0,20.15,21.15,66.45,10.41,478.1,21.02,67.98,10.57,21.02,67.98,22.08,60.87,10.09,32.35,34.24,10.37,478.1,0.04,1.76,0.0
6071.0,2024-01-03,16:54:57,6071.0,20.15,21.15,66.45,10.41,478.54,21.02,67.98,10.57,21.02,67.98,22.08,60.87,10.09,32.35,34.24,10.37,478.54,0.04,1.76,0.0
6072.0,2024-01-03,16:54:58,6072.0,20.15,21.15,66.45,10.41,478.56,21.02,67.98,10.57,21.02,67.98,22.08,60.87,10.09,32.35,34.24,10.37,478.56,0.04,1.76,0.0
6073.0,2024-01-03,16:54:59,6073.0,20.15,21.15,66.46,10.41,476.31,21.02,68,10.57,21.02,68,22.08,60.93,10.1,32.33,34.27,10.37,476.31,0.04,1.75,0.0
6074.0,2024-01-03,16:55:00,6074.0,20.15,21.15,66.46,10.41,475.04,21.02,68,10.57,21.02,68,22.08,60.93,10.1,32.33,34.27,10.37,475.04,0.04,1.74,0.0
6075.0,2024-01-03,16:55:01,6075.0,20.15,21.15,66.46,10.41,473.83,21.02,68,10.57,21.02,68,22.08,60.93,10.1,32.33,34.27,10.37,473.83,0.04,1.74,0.0
6076.0,2024-01-03,16:55:02,6076.0,20.14,21.15,66.46,10.41,473.82,21.01,67.99,10.57,21.01,67.99,22.09,60.95,10.11,32.31,34.31,10.37,473.82,0.04,1.74,0.0
6077.0,2024-01-03,16:55:03,6077.0,20.14,21.15,66.46,10.41,473.36,21.01,67.99,10.57,21.01,67.99,22.09,60.95,10.11,32.31,34.31,10.37,473.36,0.04,1.74,0.0
6078.0,2024-01-03,16:55:04,6078.0,20.14,21.15,66.46,10.41,474,21.01,67.99,10.57,21.01,67.99,22.09,60.95,10.11,32.31,34.31,10.37,474,0.04,1.74,0.0
6079.0,2024-01-03,16:55:05,6079.0,20.14,21.15,66.46,10.41,474.91,21.01,68,10.57,21.01,68,22.11,60.85,10.11,32.3,34.36,10.38,474.91,0.04,1.74,0.0
6080.0,2024-01-03,16:55:06,6080.0,20.14,21.15,66.46,10.41,474.74,21.01,68,10.57,21.01,68,22.11,60.85,10.11,32.3,34.36,10.38,474.74,0.04,1.74,0.0
6081.0,2024-01-03,16:55:07,6081.0,20.14,21.15,66.46,10.41,474.78,21.01,68,10.57,21.01,68,22.11,60.85,10.11,32.3,34.36,10.38,474.78,0.04,1.74,0.0
6082.0,2024-01-03,16:55:08,6082.0,20.13,21.15,66.47,10.41,474.57,21.01,68.01,10.57,21.01,68.01,22.12,60.82,10.11,32.28,34.4,10.37,474.57,0.04,1.74,0.0
6083.0,2024-01-03,16:55:09,6083.0,20.13,21.15,66.47,10.41,473.18,21.01,68.01,10.57,21.01,68.01,22.12,60.82,10.11,32.28,34.4,10.37,473.18,0.04,1.73,0.0
6084.0,2024-01-03,16:55:10,6084.0,20.13,21.15,66.47,10.41,472.72,21.01,68.01,10.57,21.01,68.01,22.12,60.82,10.11,32.28,34.4,10.37,472.72,0.04,1.73,0.0
6085.0,2024-01-03,16:55:11,6085.0,20.12,21.15,66.48,10.41,472.2,21.01,68.01,10.57,21.01,68.01,22.12,60.84,10.11,32.25,34.45,10.38,472.2,0.04,1.73,0.0
6086.0,2024-01-03,16:55:12,6086.0,20.12,21.15,66.48,10.41,472.09,21.01,68.01,10.57,21.01,68.01,22.12,60.84,10.11,32.25,34.45,10.38,472.09,0.04,1.73,0.0
6087.0,2024-01-03,16:55:13,6087.0,20.12,21.15,66.48,10.41,472.04,21.01,68.01,10.57,21.01,68.01,22.12,60.84,10.11,32.25,34.45,10.38,472.04,0.04,1.73,0.0
6088.0,2024-01-03,16:55:14,6088.0,20.12,21.15,66.45,10.41,472.94,21.01,68.03,10.57,21.01,68.03,22.12,60.91,10.12,32.23,34.5,10.38,472.94,0.04,1.73,0.0
6089.0,2024-01-03,16:55:15,6089.0,20.12,21.15,66.45,10.41,475.06,21.01,68.03,10.57,21.01,68.03,22.12,60.91,10.12,32.23,34.5,10.38,475.06,0.04,1.73,0.0
6090.0,2024-01-03,16:55:16,6090.0,20.12,21.15,66.45,10.41,475.75,21.01,68.03,10.57,21.01,68.03,22.12,60.91,10.12,32.23,34.5,10.38,475.75,0.04,1.74,0.0
6091.0,2024-01-03,16:55:17,6091.0,20.13,21.15,66.48,10.41,478.25,21,68.04,10.57,21,68.04,22.12,60.87,10.12,32.21,34.56,10.38,478.25,0.04,1.74,0.0
6092.0,2024-01-03,16:55:18,6092.0,20.13,21.15,66.48,10.41,477.79,21,68.04,10.57,21,68.04,22.12,60.87,10.12,32.21,34.56,10.38,477.79,0.04,1.74,0.0
6093.0,2024-01-03,16:55:19,6093.0,20.13,21.15,66.48,10.41,478.57,21,68.04,10.57,21,68.04,22.12,60.87,10.12,32.21,34.56,10.38,478.57,0.04,1.75,0.0
6094.0,2024-01-03,16:55:20,6094.0,20.13,21.15,66.46,10.41,478.84,21,68.04,10.57,21,68.04,22.11,60.95,10.12,32.18,34.63,10.39,478.84,0.04,1.75,0.0
6095.0,2024-01-03,16:55:21,6095.0,20.13,21.15,66.46,10.41,478.93,21,68.04,10.57,21,68.04,22.11,60.95,10.12,32.18,34.63,10.39,478.93,0.04,1.74,0.0
6096.0,2024-01-03,16:55:22,6096.0,20.13,21.15,66.46,10.41,478.89,21,68.04,10.57,21,68.04,22.11,60.95,10.12,32.18,34.63,10.39,478.89,0.04,1.74,0.0
6097.0,2024-01-03,16:55:23,6097.0,20.14,21.15,66.48,10.41,478.55,21,68.05,10.57,21,68.05,22.12,60.93,10.13,32.15,34.71,10.4,478.55,0.04,1.74,0.0
6098.0,2024-01-03,16:55:24,6098.0,20.14,21.15,66.48,10.41,476.89,21,68.05,10.57,21,68.05,22.12,60.93,10.13,32.15,34.71,10.4,476.89,0.04,1.74,0.0
6099.0,2024-01-03,16:55:25,6099.0,20.14,21.15,66.48,10.41,478.38,21,68.05,10.57,21,68.05,22.12,60.93,10.13,32.15,34.71,10.4,478.38,0.04,1.74,0.0
6100.0,2024-01-03,16:55:26,6100.0,20.13,21.15,66.47,10.41,478.7,21,68.02,10.57,21,68.02,22.08,61.21,10.15,32.12,34.75,10.39,478.7,0.04,1.74,0.0
6101.0,2024-01-03,16:55:27,6101.0,20.13,21.15,66.47,10.41,478.7,21,68.02,10.57,21,68.02,22.08,61.21,10.15,32.12,34.75,10.39,478.7,0.04,1.74,0.0
6102.0,2024-01-03,16:55:28,6102.0,20.13,21.15,66.47,10.41,478.74,21,68.02,10.57,21,68.02,22.08,61.21,10.15,32.12,34.75,10.39,478.74,0.04,1.74,0.0
6103.0,2024-01-03,16:55:29,6103.0,20.12,21.14,66.47,10.41,482.79,21,68.03,10.57,21,68.03,22.02,61.51,10.16,32.09,34.81,10.39,482.79,0.04,1.75,0.0
6104.0,2024-01-03,16:55:30,6104.0,20.12,21.14,66.47,10.41,482.95,21,68.03,10.57,21,68.03,22.02,61.51,10.16,32.09,34.81,10.39,482.95,0.04,1.75,0.0
6105.0,2024-01-03,16:55:31,6105.0,20.12,21.14,66.47,10.41,481.98,21,68.03,10.57,21,68.03,22.02,61.51,10.16,32.09,34.81,10.39,481.98,0.04,1.74,0.0
6106.0,2024-01-03,16:55:32,6106.0,20.12,21.14,66.45,10.41,481.65,21,68.03,10.56,21,68.03,21.97,61.81,10.18,32.06,34.9,10.4,481.65,0.04,1.74,0.0
6107.0,2024-01-03,16:55:33,6107.0,20.12,21.14,66.45,10.41,482.63,21,68.03,10.56,21,68.03,21.97,61.81,10.18,32.06,34.9,10.4,482.63,0.04,1.75,0.0
6108.0,2024-01-03,16:55:34,6108.0,20.12,21.14,66.45,10.41,481.21,21,68.03,10.56,21,68.03,21.97,61.81,10.18,32.06,34.9,10.4,481.21,0.04,1.74,0.0
6109.0,2024-01-03,16:55:35,6109.0,20.12,21.14,66.47,10.41,477.71,21,68.05,10.56,21,68.05,21.95,61.84,10.18,32.03,34.95,10.4,477.71,0.04,1.72,0.0
6110.0,2024-01-03,16:55:36,6110.0,20.12,21.14,66.47,10.41,476.99,21,68.05,10.56,21,68.05,21.95,61.84,10.18,32.03,34.95,10.4,476.99,0.04,1.72,0.0
6111.0,2024-01-03,16:55:37,6111.0,20.12,21.14,66.47,10.41,476.51,21,68.05,10.56,21,68.05,21.95,61.84,10.18,32.03,34.95,10.4,476.51,0.04,1.72,0.0
6112.0,2024-01-03,16:55:38,6112.0,20.13,21.14,66.45,10.41,476.53,20.99,68.07,10.57,20.99,68.07,21.97,61.74,10.17,32,35.02,10.4,476.53,0.04,1.72,0.0
6113.0,2024-01-03,16:55:39,6113.0,20.13,21.14,66.45,10.41,474.64,20.99,68.07,10.57,20.99,68.07,21.97,61.74,10.17,32,35.02,10.4,474.64,0.04,1.71,0.0
6114.0,2024-01-03,16:55:40,6114.0,20.13,21.14,66.45,10.41,474.46,20.99,68.07,10.57,20.99,68.07,21.97,61.74,10.17,32,35.02,10.4,474.46,0.04,1.71,0.0
6115.0,2024-01-03,16:55:41,6115.0,20.13,21.14,66.46,10.41,475.22,20.99,68.09,10.57,20.99,68.09,22,61.48,10.14,31.97,35.08,10.4,475.22,0.04,1.7,0.0
6116.0,2024-01-03,16:55:42,6116.0,20.13,21.14,66.46,10.41,475.13,20.99,68.09,10.57,20.99,68.09,22,61.48,10.14,31.97,35.08,10.4,475.13,0.04,1.7,0.0
6117.0,2024-01-03,16:55:43,6117.0,20.13,21.14,66.46,10.41,475.65,20.99,68.09,10.57,20.99,68.09,22,61.48,10.14,31.97,35.08,10.4,475.65,0.04,1.71,0.0
6118.0,2024-01-03,16:55:44,6118.0,20.12,21.14,66.47,10.41,476.95,20.99,68.09,10.57,20.99,68.09,21.98,61.6,10.15,31.93,35.15,10.4,476.95,0.04,1.71,0.0
6119.0,2024-01-03,16:55:45,6119.0,20.12,21.14,66.47,10.41,476.37,20.99,68.09,10.57,20.99,68.09,21.98,61.6,10.15,31.93,35.15,10.4,476.37,0.04,1.7,0.0
6120.0,2024-01-03,16:55:46,6120.0,20.12,21.14,66.47,10.41,475.09,20.99,68.09,10.57,20.99,68.09,21.98,61.6,10.15,31.93,35.15,10.4,475.09,0.04,1.7,0.0
6121.0,2024-01-03,16:55:47,6121.0,20.11,21.14,66.48,10.41,472.85,20.98,68.09,10.56,20.98,68.09,21.96,61.67,10.15,31.9,35.24,10.4,472.85,0.04,1.69,0.0
6122.0,2024-01-03,16:55:48,6122.0,20.11,21.14,66.48,10.41,472.82,20.98,68.09,10.56,20.98,68.09,21.96,61.67,10.15,31.9,35.24,10.4,472.82,0.04,1.69,0.0
6123.0,2024-01-03,16:55:49,6123.0,20.11,21.14,66.48,10.41,473.51,20.98,68.09,10.56,20.98,68.09,21.96,61.67,10.15,31.9,35.24,10.4,473.51,0.04,1.69,0.0
6124.0,2024-01-03,16:55:50,6124.0,20.11,21.14,66.48,10.41,474.92,20.98,68.08,10.56,20.98,68.08,21.99,61.55,10.15,31.86,35.32,10.41,474.92,0.04,1.7,0.0
6125.0,2024-01-03,16:55:51,6125.0,20.11,21.14,66.48,10.41,477.49,20.98,68.08,10.56,20.98,68.08,21.99,61.55,10.15,31.86,35.32,10.41,477.49,0.04,1.7,0.0
6126.0,2024-01-03,16:55:52,6126.0,20.11,21.14,66.48,10.41,477.94,20.98,68.08,10.56,20.98,68.08,21.99,61.55,10.15,31.86,35.32,10.41,477.94,0.04,1.7,0.0
6127.0,2024-01-03,16:55:53,6127.0,20.13,21.14,66.47,10.41,478.36,20.98,68.08,10.56,20.98,68.08,22.02,61.36,10.14,31.82,35.39,10.41,478.36,0.04,1.7,0.0
6128.0,2024-01-03,16:55:54,6128.0,20.13,21.14,66.47,10.41,477.49,20.98,68.08,10.56,20.98,68.08,22.02,61.36,10.14,31.82,35.39,10.41,477.49,0.04,1.69,0.0
6129.0,2024-01-03,16:55:55,6129.0,20.13,21.14,66.47,10.41,473.36,20.98,68.08,10.56,20.98,68.08,22.02,61.36,10.14,31.82,35.39,10.41,473.36,0.04,1.68,0.0
6130.0,2024-01-03,16:55:56,6130.0,20.14,21.13,66.48,10.41,472.54,20.98,68.08,10.56,20.98,68.08,22.02,61.41,10.15,31.79,35.48,10.41,472.54,0.04,1.68,0.0
6131.0,2024-01-03,16:55:57,6131.0,20.14,21.13,66.48,10.41,474.16,20.98,68.08,10.56,20.98,68.08,22.02,61.41,10.15,31.79,35.48,10.41,474.16,0.04,1.68,0.0
6132.0,2024-01-03,16:55:58,6132.0,20.14,21.13,66.48,10.41,474.93,20.98,68.08,10.56,20.98,68.08,22.02,61.41,10.15,31.79,35.48,10.41,474.93,0.04,1.68,0.0
6133.0,2024-01-03,16:55:59,6133.0,20.15,21.13,66.46,10.4,475.55,20.98,68.1,10.56,20.98,68.1,22.03,61.41,10.15,31.74,35.57,10.41,475.55,0.04,1.68,0.0
6134.0,2024-01-03,16:56:00,6134.0,20.15,21.13,66.46,10.4,476.67,20.98,68.1,10.56,20.98,68.1,22.03,61.41,10.15,31.74,35.57,10.41,476.67,0.04,1.68,0.0
6135.0,2024-01-03,16:56:01,6135.0,20.15,21.13,66.46,10.4,477.46,20.98,68.1,10.56,20.98,68.1,22.03,61.41,10.15,31.74,35.57,10.41,477.46,0.04,1.68,0.0
6136.0,2024-01-03,16:56:02,6136.0,20.15,21.13,66.47,10.4,477.6,20.98,68.13,10.57,20.98,68.13,22.06,61.31,10.15,31.7,35.67,10.42,477.6,0.04,1.68,0.0
6137.0,2024-01-03,16:56:03,6137.0,20.15,21.13,66.47,10.4,477.49,20.98,68.13,10.57,20.98,68.13,22.06,61.31,10.15,31.7,35.67,10.42,477.49,0.04,1.68,0.0
6138.0,2024-01-03,16:56:04,6138.0,20.15,21.13,66.47,10.4,476.37,20.98,68.13,10.57,20.98,68.13,22.06,61.31,10.15,31.7,35.67,10.42,476.37,0.04,1.67,0.0
6139.0,2024-01-03,16:56:05,6139.0,20.15,21.13,66.47,10.4,474.12,20.97,68.14,10.57,20.97,68.14,22.05,61.37,10.16,31.66,35.75,10.41,474.12,0.04,1.66,0.0
6140.0,2024-01-03,16:56:06,6140.0,20.15,21.13,66.47,10.4,472.3,20.97,68.14,10.57,20.97,68.14,22.05,61.37,10.16,31.66,35.75,10.41,472.3,0.04,1.65,0.0
6141.0,2024-01-03,16:56:07,6141.0,20.15,21.13,66.47,10.4,471.66,20.97,68.14,10.57,20.97,68.14,22.05,61.37,10.16,31.66,35.75,10.41,471.66,0.04,1.65,0.0
6142.0,2024-01-03,16:56:08,6142.0,20.16,21.13,66.5,10.41,473.58,20.97,68.17,10.57,20.97,68.17,22.04,61.42,10.16,31.62,35.84,10.42,473.58,0.04,1.66,0.0
6143.0,2024-01-03,16:56:09,6143.0,20.16,21.13,66.5,10.41,474.76,20.97,68.17,10.57,20.97,68.17,22.04,61.42,10.16,31.62,35.84,10.42,474.76,0.04,1.66,0.0
6144.0,2024-01-03,16:56:10,6144.0,20.16,21.13,66.5,10.41,474.13,20.97,68.17,10.57,20.97,68.17,22.04,61.42,10.16,31.62,35.84,10.42,474.13,0.04,1.65,0.0
6145.0,2024-01-03,16:56:11,6145.0,20.15,21.13,66.51,10.41,476.97,20.97,68.18,10.57,20.97,68.18,22.04,61.43,10.16,31.58,35.92,10.42,476.97,0.04,1.66,0.0
6146.0,2024-01-03,16:56:12,6146.0,20.15,21.13,66.51,10.41,479.98,20.97,68.18,10.57,20.97,68.18,22.04,61.43,10.16,31.58,35.92,10.42,479.98,0.04,1.67,0.0
6147.0,2024-01-03,16:56:13,6147.0,20.15,21.13,66.51,10.41,480.6,20.97,68.18,10.57,20.97,68.18,22.04,61.43,10.16,31.58,35.92,10.42,480.6,0.04,1.67,0.0
6148.0,2024-01-03,16:56:14,6148.0,20.14,21.13,66.54,10.41,478.87,20.97,68.18,10.57,20.97,68.18,22.08,61.2,10.15,31.54,36.01,10.42,478.87,0.04,1.67,0.0
6149.0,2024-01-03,16:56:15,6149.0,20.14,21.13,66.54,10.41,477.44,20.97,68.18,10.57,20.97,68.18,22.08,61.2,10.15,31.54,36.01,10.42,477.44,0.04,1.66,0.0
6150.0,2024-01-03,16:56:16,6150.0,20.14,21.13,66.54,10.41,477.43,20.97,68.18,10.57,20.97,68.18,22.08,61.2,10.15,31.54,36.01,10.42,477.43,0.04,1.66,0.0
6151.0,2024-01-03,16:56:17,6151.0,20.15,21.13,66.54,10.41,478.21,20.97,68.18,10.57,20.97,68.18,22.12,61.02,10.14,31.51,36.08,10.42,478.21,0.04,1.65,0.0
6152.0,2024-01-03,16:56:18,6152.0,20.15,21.13,66.54,10.41,478.05,20.97,68.18,10.57,20.97,68.18,22.12,61.02,10.14,31.51,36.08,10.42,478.05,0.04,1.65,0.0
6153.0,2024-01-03,16:56:19,6153.0,20.15,21.13,66.54,10.41,475.87,20.97,68.18,10.57,20.97,68.18,22.12,61.02,10.14,31.51,36.08,10.42,475.87,0.04,1.65,0.0
6154.0,2024-01-03,16:56:20,6154.0,20.14,21.13,66.55,10.41,477.04,20.96,68.2,10.57,20.96,68.2,22.13,60.99,10.14,31.47,36.18,10.43,477.04,0.04,1.65,0.0
6155.0,2024-01-03,16:56:21,6155.0,20.14,21.13,66.55,10.41,478.23,20.96,68.2,10.57,20.96,68.2,22.13,60.99,10.14,31.47,36.18,10.43,478.23,0.04,1.65,0.0
6156.0,2024-01-03,16:56:22,6156.0,20.14,21.13,66.55,10.41,478.54,20.96,68.2,10.57,20.96,68.2,22.13,60.99,10.14,31.47,36.18,10.43,478.54,0.04,1.65,0.0
6157.0,2024-01-03,16:56:23,6157.0,20.13,21.13,66.55,10.41,479,20.96,68.19,10.57,20.96,68.19,22.12,61.13,10.16,31.43,36.26,10.43,479,0.04,1.65,0.0
6158.0,2024-01-03,16:56:24,6158.0,20.13,21.13,66.55,10.41,478.98,20.96,68.19,10.57,20.96,68.19,22.12,61.13,10.16,31.43,36.26,10.43,478.98,0.04,1.65,0.0
6159.0,2024-01-03,16:56:25,6159.0,20.13,21.13,66.55,10.41,477.18,20.96,68.19,10.57,20.96,68.19,22.12,61.13,10.16,31.43,36.26,10.43,477.18,0.04,1.64,0.0
6160.0,2024-01-03,16:56:26,6160.0,20.13,21.12,66.56,10.41,477.65,20.96,68.22,10.57,20.96,68.22,22.16,60.93,10.15,31.39,36.36,10.43,477.65,0.04,1.64,0.0
6161.0,2024-01-03,16:56:27,6161.0,20.13,21.12,66.56,10.41,481.68,20.96,68.22,10.57,20.96,68.22,22.16,60.93,10.15,31.39,36.36,10.43,481.68,0.04,1.65,0.0
6162.0,2024-01-03,16:56:28,6162.0,20.13,21.12,66.56,10.41,481.84,20.96,68.22,10.57,20.96,68.22,22.16,60.93,10.15,31.39,36.36,10.43,481.84,0.04,1.65,0.0
6163.0,2024-01-03,16:56:29,6163.0,20.12,21.12,66.58,10.42,479.06,20.96,68.24,10.57,20.96,68.24,22.16,60.95,10.16,31.35,36.44,10.43,479.06,0.04,1.63,0.0
6164.0,2024-01-03,16:56:30,6164.0,20.12,21.12,66.58,10.42,478.03,20.96,68.24,10.57,20.96,68.24,22.16,60.95,10.16,31.35,36.44,10.43,478.03,0.04,1.63,0.0
6165.0,2024-01-03,16:56:31,6165.0,20.12,21.12,66.58,10.42,476.97,20.96,68.24,10.57,20.96,68.24,22.16,60.95,10.16,31.35,36.44,10.43,476.97,0.04,1.63,0.0
6166.0,2024-01-03,16:56:32,6166.0,20.12,21.12,66.61,10.42,476.35,20.96,68.26,10.57,20.96,68.26,22.12,61.19,10.17,31.31,36.51,10.43,476.35,0.04,1.62,0.0
6167.0,2024-01-03,16:56:33,6167.0,20.12,21.12,66.61,10.42,473.36,20.96,68.26,10.57,20.96,68.26,22.12,61.19,10.17,31.31,36.51,10.43,473.36,0.04,1.61,0.0
6168.0,2024-01-03,16:56:34,6168.0,20.12,21.12,66.61,10.42,472.64,20.96,68.26,10.57,20.96,68.26,22.12,61.19,10.17,31.31,36.51,10.43,472.64,0.04,1.6,0.0
6169.0,2024-01-03,16:56:35,6169.0,20.11,21.12,66.6,10.42,473.94,20.96,68.28,10.58,20.96,68.28,22.06,61.52,10.19,31.27,36.61,10.43,473.94,0.04,1.6,0.0
6170.0,2024-01-03,16:56:36,6170.0,20.11,21.12,66.6,10.42,474.88,20.96,68.28,10.58,20.96,68.28,22.06,61.52,10.19,31.27,36.61,10.43,474.88,0.04,1.61,0.0
6171.0,2024-01-03,16:56:37,6171.0,20.11,21.12,66.6,10.42,476.96,20.96,68.28,10.58,20.96,68.28,22.06,61.52,10.19,31.27,36.61,10.43,476.96,0.04,1.61,0.0
6172.0,2024-01-03,16:56:38,6172.0,20.1,21.12,66.61,10.42,475.96,20.95,68.29,10.58,20.95,68.29,22,61.82,10.2,31.23,36.7,10.44,475.96,0.04,1.61,0.0
6173.0,2024-01-03,16:56:39,6173.0,20.1,21.12,66.61,10.42,473.18,20.95,68.29,10.58,20.95,68.29,22,61.82,10.2,31.23,36.7,10.44,473.18,0.04,1.6,0.0
6174.0,2024-01-03,16:56:40,6174.0,20.1,21.12,66.61,10.42,472.27,20.95,68.29,10.58,20.95,68.29,22,61.82,10.2,31.23,36.7,10.44,472.27,0.04,1.59,0.0
6175.0,2024-01-03,16:56:41,6175.0,20.08,21.11,66.65,10.42,471.76,20.95,68.3,10.58,20.95,68.3,21.97,61.96,10.2,31.19,36.8,10.44,471.76,0.03,1.59,0.0
6176.0,2024-01-03,16:56:42,6176.0,20.08,21.11,66.65,10.42,472.73,20.95,68.3,10.58,20.95,68.3,21.97,61.96,10.2,31.19,36.8,10.44,472.73,0.03,1.59,0.0
6177.0,2024-01-03,16:56:43,6177.0,20.08,21.11,66.65,10.42,476.45,20.95,68.3,10.58,20.95,68.3,21.97,61.96,10.2,31.19,36.8,10.44,476.45,0.04,1.6,0.0
6178.0,2024-01-03,16:56:44,6178.0,20.06,21.11,66.66,10.42,477.46,20.95,68.32,10.58,20.95,68.32,21.99,61.83,10.19,31.15,36.89,10.44,477.46,0.04,1.6,0.0
6179.0,2024-01-03,16:56:45,6179.0,20.06,21.11,66.66,10.42,477.59,20.95,68.32,10.58,20.95,68.32,21.99,61.83,10.19,31.15,36.89,10.44,477.59,0.04,1.6,0.0
6180.0,2024-01-03,16:56:46,6180.0,20.06,21.11,66.66,10.42,476.82,20.95,68.32,10.58,20.95,68.32,21.99,61.83,10.19,31.15,36.89,10.44,476.82,0.04,1.6,0.0
6181.0,2024-01-03,16:56:47,6181.0,20.05,21.11,66.67,10.42,477.17,20.95,68.32,10.58,20.95,68.32,22.03,61.55,10.17,31.11,36.98,10.44,477.17,0.04,1.59,0.0
6182.0,2024-01-03,16:56:48,6182.0,20.05,21.11,66.67,10.42,477.18,20.95,68.32,10.58,20.95,68.32,22.03,61.55,10.17,31.11,36.98,10.44,477.18,0.04,1.59,0.0
6183.0,2024-01-03,16:56:49,6183.0,20.05,21.11,66.67,10.42,477.32,20.95,68.32,10.58,20.95,68.32,22.03,61.55,10.17,31.11,36.98,10.44,477.32,0.04,1.59,0.0
6184.0,2024-01-03,16:56:50,6184.0,20.04,21.11,66.68,10.42,477.28,20.95,68.32,10.58,20.95,68.32,22.11,61.09,10.15,31.07,37.08,10.45,477.28,0.04,1.59,0.0
6185.0,2024-01-03,16:56:51,6185.0,20.04,21.11,66.68,10.42,476.33,20.95,68.32,10.58,20.95,68.32,22.11,61.09,10.15,31.07,37.08,10.45,476.33,0.04,1.58,0.0
6186.0,2024-01-03,16:56:52,6186.0,20.04,21.11,66.68,10.42,475.88,20.95,68.32,10.58,20.95,68.32,22.11,61.09,10.15,31.07,37.08,10.45,475.88,0.04,1.58,0.0
6187.0,2024-01-03,16:56:53,6187.0,20.04,21.11,66.69,10.42,474.18,20.95,68.32,10.58,20.95,68.32,22.19,60.67,10.12,31.03,37.19,10.45,474.18,0.04,1.57,0.0
6188.0,2024-01-03,16:56:54,6188.0,20.04,21.11,66.69,10.42,472.81,20.95,68.32,10.58,20.95,68.32,22.19,60.67,10.12,31.03,37.19,10.45,472.81,0.04,1.57,0.0
6189.0,2024-01-03,16:56:55,6189.0,20.04,21.11,66.69,10.42,472.29,20.95,68.32,10.58,20.95,68.32,22.19,60.67,10.12,31.03,37.19,10.45,472.29,0.04,1.57,0.0
6190.0,2024-01-03,16:56:56,6190.0,20.04,21.11,66.72,10.43,470.84,20.95,68.33,10.58,20.95,68.33,22.24,60.4,10.11,30.98,37.3,10.46,470.84,0.04,1.56,0.0
6191.0,2024-01-03,16:56:57,6191.0,20.04,21.11,66.72,10.43,467.41,20.95,68.33,10.58,20.95,68.33,22.24,60.4,10.11,30.98,37.3,10.46,467.41,0.04,1.54,0.0
6192.0,2024-01-03,16:56:58,6192.0,20.04,21.11,66.72,10.43,465.96,20.95,68.33,10.58,20.95,68.33,22.24,60.4,10.11,30.98,37.3,10.46,465.96,0.04,1.54,0.0
6193.0,2024-01-03,16:56:59,6193.0,20.05,21.11,66.7,10.42,465.62,20.95,68.33,10.58,20.95,68.33,22.29,60.1,10.09,30.94,37.38,10.45,465.62,0.04,1.54,0.0
6194.0,2024-01-03,16:57:00,6194.0,20.05,21.11,66.7,10.42,470.62,20.95,68.33,10.58,20.95,68.33,22.29,60.1,10.09,30.94,37.38,10.45,470.62,0.04,1.55,0.0
6195.0,2024-01-03,16:57:01,6195.0,20.05,21.11,66.7,10.42,473.53,20.95,68.33,10.58,20.95,68.33,22.29,60.1,10.09,30.94,37.38,10.45,473.53,0.04,1.56,0.0
6196.0,2024-01-03,16:57:02,6196.0,20.06,21.11,66.72,10.43,475.27,20.95,68.33,10.58,20.95,68.33,22.34,59.84,10.08,30.9,37.47,10.45,475.27,0.04,1.56,0.0
6197.0,2024-01-03,16:57:03,6197.0,20.06,21.11,66.72,10.43,471.22,20.95,68.33,10.58,20.95,68.33,22.34,59.84,10.08,30.9,37.47,10.45,471.22,0.04,1.54,0.0
6198.0,2024-01-03,16:57:04,6198.0,20.06,21.11,66.72,10.43,470.45,20.95,68.33,10.58,20.95,68.33,22.34,59.84,10.08,30.9,37.47,10.45,470.45,0.04,1.54,0.0
6199.0,2024-01-03,16:57:05,6199.0,20.06,21.1,66.74,10.43,474.28,20.95,68.34,10.58,20.95,68.34,22.33,59.94,10.09,30.86,37.56,10.45,474.28,0.04,1.55,0.0
6200.0,2024-01-03,16:57:06,6200.0,20.06,21.1,66.74,10.43,475.09,20.95,68.34,10.58,20.95,68.34,22.33,59.94,10.09,30.86,37.56,10.45,475.09,0.04,1.55,0.0
6201.0,2024-01-03,16:57:07,6201.0,20.06,21.1,66.74,10.43,474.81,20.95,68.34,10.58,20.95,68.34,22.33,59.94,10.09,30.86,37.56,10.45,474.81,0.04,1.55,0.0
6202.0,2024-01-03,16:57:08,6202.0,20.06,21.1,66.73,10.43,474.77,20.95,68.34,10.58,20.95,68.34,22.31,60.08,10.1,30.82,37.65,10.45,474.77,0.04,1.55,0.0
6203.0,2024-01-03,16:57:09,6203.0,20.06,21.1,66.73,10.43,474.72,20.95,68.34,10.58,20.95,68.34,22.31,60.08,10.1,30.82,37.65,10.45,474.72,0.04,1.54,0.0
6204.0,2024-01-03,16:57:10,6204.0,20.06,21.1,66.73,10.43,474.65,20.95,68.34,10.58,20.95,68.34,22.31,60.08,10.1,30.82,37.65,10.45,474.65,0.04,1.54,0.0
6205.0,2024-01-03,16:57:11,6205.0,20.06,21.1,66.74,10.43,474.15,20.94,68.35,10.58,20.94,68.35,22.25,60.51,10.13,30.77,37.74,10.45,474.15,0.04,1.53,0.0
6206.0,2024-01-03,16:57:12,6206.0,20.06,21.1,66.74,10.43,474.16,20.94,68.35,10.58,20.94,68.35,22.25,60.51,10.13,30.77,37.74,10.45,474.16,0.04,1.53,0.0
6207.0,2024-01-03,16:57:13,6207.0,20.06,21.1,66.74,10.43,477.46,20.94,68.35,10.58,20.94,68.35,22.25,60.51,10.13,30.77,37.74,10.45,477.46,0.04,1.54,0.0
6208.0,2024-01-03,16:57:14,6208.0,20.07,21.1,66.75,10.43,478.56,20.94,68.37,10.58,20.94,68.37,22.17,60.97,10.17,30.73,37.84,10.46,478.56,0.04,1.55,0.0
6209.0,2024-01-03,16:57:15,6209.0,20.07,21.1,66.75,10.43,479.84,20.94,68.37,10.58,20.94,68.37,22.17,60.97,10.17,30.73,37.84,10.46,479.84,0.04,1.55,0.0
6210.0,2024-01-03,16:57:16,6210.0,20.07,21.1,66.75,10.43,479.5,20.94,68.37,10.58,20.94,68.37,22.17,60.97,10.17,30.73,37.84,10.46,479.5,0.04,1.54,0.0
6211.0,2024-01-03,16:57:17,6211.0,20.07,21.1,66.75,10.43,476.28,20.94,68.39,10.58,20.94,68.39,22.09,61.43,10.19,30.69,37.93,10.46,476.28,0.04,1.53,0.0
6212.0,2024-01-03,16:57:18,6212.0,20.07,21.1,66.75,10.43,474.78,20.94,68.39,10.58,20.94,68.39,22.09,61.43,10.19,30.69,37.93,10.46,474.78,0.04,1.52,0.0
6213.0,2024-01-03,16:57:19,6213.0,20.07,21.1,66.75,10.43,473.8,20.94,68.39,10.58,20.94,68.39,22.09,61.43,10.19,30.69,37.93,10.46,473.8,0.04,1.52,0.0
6214.0,2024-01-03,16:57:20,6214.0,20.06,21.09,66.76,10.43,475.07,20.94,68.4,10.58,20.94,68.4,22.01,61.83,10.21,30.64,38.03,10.46,475.07,0.04,1.52,0.0
6215.0,2024-01-03,16:57:21,6215.0,20.06,21.09,66.76,10.43,480.23,20.94,68.4,10.58,20.94,68.4,22.01,61.83,10.21,30.64,38.03,10.46,480.23,0.04,1.53,0.0
6216.0,2024-01-03,16:57:22,6216.0,20.06,21.09,66.76,10.43,481.23,20.94,68.4,10.58,20.94,68.4,22.01,61.83,10.21,30.64,38.03,10.46,481.23,0.04,1.54,0.0
6217.0,2024-01-03,16:57:23,6217.0,20.04,21.09,66.8,10.43,483.4,20.93,68.41,10.58,20.93,68.41,21.99,61.97,10.22,30.6,38.12,10.46,483.4,0.03,1.54,0.0
6218.0,2024-01-03,16:57:24,6218.0,20.04,21.09,66.8,10.43,484.75,20.93,68.41,10.58,20.93,68.41,21.99,61.97,10.22,30.6,38.12,10.46,484.75,0.03,1.54,0.0
6219.0,2024-01-03,16:57:25,6219.0,20.04,21.09,66.8,10.43,484.12,20.93,68.41,10.58,20.93,68.41,21.99,61.97,10.22,30.6,38.12,10.46,484.12,0.03,1.54,0.0
6220.0,2024-01-03,16:57:26,6220.0,20.03,21.09,66.78,10.43,481.58,20.93,68.41,10.58,20.93,68.41,21.96,62.08,10.22,30.56,38.21,10.46,481.58,0.03,1.53,0.0
6221.0,2024-01-03,16:57:27,6221.0,20.03,21.09,66.78,10.43,479.05,20.93,68.41,10.58,20.93,68.41,21.96,62.08,10.22,30.56,38.21,10.46,479.05,0.04,1.52,0.0
6222.0,2024-01-03,16:57:28,6222.0,20.03,21.09,66.78,10.43,476.44,20.93,68.41,10.58,20.93,68.41,21.96,62.08,10.22,30.56,38.21,10.46,476.44,0.04,1.51,0.0
6223.0,2024-01-03,16:57:29,6223.0,20.02,21.09,66.79,10.43,474.43,20.92,68.46,10.58,20.92,68.46,21.93,62.19,10.22,30.52,38.3,10.46,474.43,0.03,1.5,0.0
6224.0,2024-01-03,16:57:30,6224.0,20.02,21.09,66.79,10.43,474.14,20.92,68.46,10.58,20.92,68.46,21.93,62.19,10.22,30.52,38.3,10.46,474.14,0.03,1.5,0.0
6225.0,2024-01-03,16:57:31,6225.0,20.02,21.09,66.79,10.43,473.88,20.92,68.46,10.58,20.92,68.46,21.93,62.19,10.22,30.52,38.3,10.46,473.88,0.03,1.5,0.0
6226.0,2024-01-03,16:57:32,6226.0,20.02,21.09,66.78,10.42,473.17,20.92,68.47,10.58,20.92,68.47,21.89,62.42,10.23,30.48,38.39,10.46,473.17,0.03,1.49,0.0
6227.0,2024-01-03,16:57:33,6227.0,20.02,21.09,66.78,10.42,471.76,20.92,68.47,10.58,20.92,68.47,21.89,62.42,10.23,30.48,38.39,10.46,471.76,0.04,1.48,0.0
6228.0,2024-01-03,16:57:34,6228.0,20.02,21.09,66.78,10.42,470.8,20.92,68.47,10.58,20.92,68.47,21.89,62.42,10.23,30.48,38.39,10.46,470.8,0.04,1.48,0.0
6229.0,2024-01-03,16:57:35,6229.0,20.01,21.09,66.78,10.42,472.55,20.92,68.47,10.58,20.92,68.47,21.83,62.7,10.24,30.44,38.47,10.46,472.55,0.04,1.48,0.0
6230.0,2024-01-03,16:57:36,6230.0,20.01,21.09,66.78,10.42,472.9,20.92,68.47,10.58,20.92,68.47,21.83,62.7,10.24,30.44,38.47,10.46,472.9,0.04,1.48,0.0
6231.0,2024-01-03,16:57:37,6231.0,20.01,21.09,66.78,10.42,473.03,20.92,68.47,10.58,20.92,68.47,21.83,62.7,10.24,30.44,38.47,10.46,473.03,0.04,1.48,0.0
6232.0,2024-01-03,16:57:38,6232.0,20,21.08,66.77,10.42,472.68,20.91,68.51,10.58,20.91,68.51,21.8,62.83,10.24,30.41,38.54,10.46,472.68,0.04,1.48,0.0
6233.0,2024-01-03,16:57:39,6233.0,20,21.08,66.77,10.42,471.43,20.91,68.51,10.58,20.91,68.51,21.8,62.83,10.24,30.41,38.54,10.46,471.43,0.04,1.47,0.0
6234.0,2024-01-03,16:57:40,6234.0,20,21.08,66.77,10.42,467.69,20.91,68.51,10.58,20.91,68.51,21.8,62.83,10.24,30.41,38.54,10.46,467.69,0.04,1.46,0.0
6235.0,2024-01-03,16:57:41,6235.0,19.99,21.08,66.81,10.43,467.71,20.91,68.52,10.58,20.91,68.52,21.79,62.78,10.23,30.37,38.62,10.46,467.71,0.04,1.46,0.0
6236.0,2024-01-03,16:57:42,6236.0,19.99,21.08,66.81,10.43,472.56,20.91,68.52,10.58,20.91,68.52,21.79,62.78,10.23,30.37,38.62,10.46,472.56,0.04,1.47,0.0
6237.0,2024-01-03,16:57:43,6237.0,19.99,21.08,66.81,10.43,473.66,20.91,68.52,10.58,20.91,68.52,21.79,62.78,10.23,30.37,38.62,10.46,473.66,0.04,1.47,0.0
6238.0,2024-01-03,16:57:44,6238.0,19.99,21.08,66.82,10.43,475.25,20.91,68.52,10.58,20.91,68.52,21.8,62.72,10.23,30.34,38.68,10.46,475.25,0.04,1.48,0.0
6239.0,2024-01-03,16:57:45,6239.0,19.99,21.08,66.82,10.43,476.04,20.91,68.52,10.58,20.91,68.52,21.8,62.72,10.23,30.34,38.68,10.46,476.04,0.03,1.48,0.0
6240.0,2024-01-03,16:57:46,6240.0,19.99,21.08,66.82,10.43,475.08,20.91,68.52,10.58,20.91,68.52,21.8,62.72,10.23,30.34,38.68,10.46,475.08,0.03,1.47,0.0
6241.0,2024-01-03,16:57:47,6241.0,19.98,21.08,66.8,10.42,473.91,20.9,68.55,10.58,20.9,68.55,21.88,62.26,10.2,30.31,38.74,10.45,473.91,0.04,1.46,0.0
6242.0,2024-01-03,16:57:48,6242.0,19.98,21.08,66.8,10.42,475.87,20.9,68.55,10.58,20.9,68.55,21.88,62.26,10.2,30.31,38.74,10.45,475.87,0.04,1.47,0.0
6243.0,2024-01-03,16:57:49,6243.0,19.98,21.08,66.8,10.42,479.64,20.9,68.55,10.58,20.9,68.55,21.88,62.26,10.2,30.31,38.74,10.45,479.64,0.04,1.48,0.0
6244.0,2024-01-03,16:57:50,6244.0,19.96,21.08,66.78,10.42,478.67,20.9,68.57,10.58,20.9,68.57,21.92,62.01,10.18,30.28,38.8,10.45,478.67,0.04,1.48,0.0
6245.0,2024-01-03,16:57:51,6245.0,19.96,21.08,66.78,10.42,475.29,20.9,68.57,10.58,20.9,68.57,21.92,62.01,10.18,30.28,38.8,10.45,475.29,0.04,1.46,0.0
6246.0,2024-01-03,16:57:52,6246.0,19.96,21.08,66.78,10.42,472.62,20.9,68.57,10.58,20.9,68.57,21.92,62.01,10.18,30.28,38.8,10.45,472.62,0.04,1.45,0.0
6247.0,2024-01-03,16:57:53,6247.0,19.95,21.08,66.8,10.42,471.56,20.89,68.61,10.59,20.89,68.61,21.97,61.77,10.17,30.25,38.86,10.45,471.56,0.04,1.44,0.0
6248.0,2024-01-03,16:57:54,6248.0,19.95,21.08,66.8,10.42,471.71,20.89,68.61,10.59,20.89,68.61,21.97,61.77,10.17,30.25,38.86,10.45,471.71,0.04,1.45,0.0
6249.0,2024-01-03,16:57:55,6249.0,19.95,21.08,66.8,10.42,471.86,20.89,68.61,10.59,20.89,68.61,21.97,61.77,10.17,30.25,38.86,10.45,471.86,0.04,1.45,0.0
6250.0,2024-01-03,16:57:56,6250.0,19.95,21.07,66.81,10.42,471.71,20.89,68.6,10.58,20.89,68.6,22.04,61.35,10.15,30.22,38.92,10.45,471.71,0.04,1.45,0.0
6251.0,2024-01-03,16:57:57,6251.0,19.95,21.07,66.81,10.42,471.74,20.89,68.6,10.58,20.89,68.6,22.04,61.35,10.15,30.22,38.92,10.45,471.74,0.04,1.44,0.0
6252.0,2024-01-03,16:57:58,6252.0,19.95,21.07,66.81,10.42,472.07,20.89,68.6,10.58,20.89,68.6,22.04,61.35,10.15,30.22,38.92,10.45,472.07,0.04,1.44,0.0
6253.0,2024-01-03,16:57:59,6253.0,19.93,21.07,66.79,10.42,472.3,20.88,68.64,10.58,20.88,68.64,22.11,60.97,10.13,30.19,38.97,10.44,472.3,0.04,1.44,0.0
6254.0,2024-01-03,16:58:00,6254.0,19.93,21.07,66.79,10.42,471.75,20.88,68.64,10.58,20.88,68.64,22.11,60.97,10.13,30.19,38.97,10.44,471.75,0.04,1.44,0.0
6255.0,2024-01-03,16:58:01,6255.0,19.93,21.07,66.79,10.42,469.49,20.88,68.64,10.58,20.88,68.64,22.11,60.97,10.13,30.19,38.97,10.44,469.49,0.04,1.43,0.0
6256.0,2024-01-03,16:58:02,6256.0,19.93,21.07,66.84,10.42,469.18,20.88,68.64,10.58,20.88,68.64,22.15,60.75,10.12,30.17,39.03,10.44,469.18,0.04,1.43,0.0
6257.0,2024-01-03,16:58:03,6257.0,19.93,21.07,66.84,10.42,469,20.88,68.64,10.58,20.88,68.64,22.15,60.75,10.12,30.17,39.03,10.44,469,0.03,1.42,0.0
6258.0,2024-01-03,16:58:04,6258.0,19.93,21.07,66.84,10.42,469.35,20.88,68.64,10.58,20.88,68.64,22.15,60.75,10.12,30.17,39.03,10.44,469.35,0.03,1.42,0.0
6259.0,2024-01-03,16:58:05,6259.0,19.92,21.07,66.83,10.42,470.78,20.88,68.66,10.58,20.88,68.66,22.17,60.64,10.11,30.14,39.09,10.44,470.78,0.04,1.42,0.0
6260.0,2024-01-03,16:58:06,6260.0,19.92,21.07,66.83,10.42,471.89,20.88,68.66,10.58,20.88,68.66,22.17,60.64,10.11,30.14,39.09,10.44,471.89,0.04,1.43,0.0
6261.0,2024-01-03,16:58:07,6261.0,19.92,21.07,66.83,10.42,470.38,20.88,68.66,10.58,20.88,68.66,22.17,60.64,10.11,30.14,39.09,10.44,470.38,0.04,1.42,0.0
6262.0,2024-01-03,16:58:08,6262.0,19.9,21.06,66.85,10.42,469.98,20.87,68.67,10.58,20.87,68.67,22.21,60.33,10.08,30.11,39.14,10.44,469.98,0.04,1.42,0.0
6263.0,2024-01-03,16:58:09,6263.0,19.9,21.06,66.85,10.42,470.15,20.87,68.67,10.58,20.87,68.67,22.21,60.33,10.08,30.11,39.14,10.44,470.15,0.03,1.42,0.0
6264.0,2024-01-03,16:58:10,6264.0,19.9,21.06,66.85,10.42,470.17,20.87,68.67,10.58,20.87,68.67,22.21,60.33,10.08,30.11,39.14,10.44,470.17,0.03,1.42,0.0
6265.0,2024-01-03,16:58:11,6265.0,19.89,21.06,66.85,10.42,472.24,20.87,68.69,10.58,20.87,68.69,22.24,60.11,10.06,30.09,39.18,10.44,472.24,0.04,1.42,0.0
6266.0,2024-01-03,16:58:12,6266.0,19.89,21.06,66.85,10.42,473.27,20.87,68.69,10.58,20.87,68.69,22.24,60.11,10.06,30.09,39.18,10.44,473.27,0.04,1.42,0.0
6267.0,2024-01-03,16:58:13,6267.0,19.89,21.06,66.85,10.42,477.45,20.87,68.69,10.58,20.87,68.69,22.24,60.11,10.06,30.09,39.18,10.44,477.45,0.04,1.44,0.0
6268.0,2024-01-03,16:58:14,6268.0,19.89,21.06,66.86,10.42,478.19,20.87,68.69,10.58,20.87,68.69,22.19,60.4,10.08,30.07,39.21,10.43,478.19,0.04,1.44,0.0
6269.0,2024-01-03,16:58:15,6269.0,19.89,21.06,66.86,10.42,477.48,20.87,68.69,10.58,20.87,68.69,22.19,60.4,10.08,30.07,39.21,10.43,477.48,0.03,1.43,0.0
6270.0,2024-01-03,16:58:16,6270.0,19.89,21.06,66.86,10.42,477.53,20.87,68.69,10.58,20.87,68.69,22.19,60.4,10.08,30.07,39.21,10.43,477.53,0.03,1.43,0.0
6271.0,2024-01-03,16:58:17,6271.0,19.88,21.06,66.86,10.42,478.73,20.87,68.69,10.58,20.87,68.69,22.09,61.02,10.12,30.05,39.23,10.43,478.73,0.03,1.43,0.0
6272.0,2024-01-03,16:58:18,6272.0,19.88,21.06,66.86,10.42,478.81,20.87,68.69,10.58,20.87,68.69,22.09,61.02,10.12,30.05,39.23,10.43,478.81,0.03,1.43,0.0
6273.0,2024-01-03,16:58:19,6273.0,19.88,21.06,66.86,10.42,481.26,20.87,68.69,10.58,20.87,68.69,22.09,61.02,10.12,30.05,39.23,10.43,481.26,0.04,1.44,0.0
6274.0,2024-01-03,16:58:20,6274.0,19.88,21.06,66.83,10.41,481.58,20.86,68.71,10.58,20.86,68.71,22,61.5,10.15,30.03,39.28,10.43,481.58,0.04,1.44,0.0
6275.0,2024-01-03,16:58:21,6275.0,19.88,21.06,66.83,10.41,480.54,20.86,68.71,10.58,20.86,68.71,22,61.5,10.15,30.03,39.28,10.43,480.54,0.04,1.43,0.0
6276.0,2024-01-03,16:58:22,6276.0,19.88,21.06,66.83,10.41,477.47,20.86,68.71,10.58,20.86,68.71,22,61.5,10.15,30.03,39.28,10.43,477.47,0.04,1.42,0.0
6277.0,2024-01-03,16:58:23,6277.0,19.87,21.06,66.86,10.42,476.31,20.87,68.7,10.58,20.87,68.7,21.96,61.66,10.15,30.01,39.33,10.43,476.31,0.04,1.42,0.0
6278.0,2024-01-03,16:58:24,6278.0,19.87,21.06,66.86,10.42,476.81,20.87,68.7,10.58,20.87,68.7,21.96,61.66,10.15,30.01,39.33,10.43,476.81,0.04,1.42,0.0
6279.0,2024-01-03,16:58:25,6279.0,19.87,21.06,66.86,10.42,477.48,20.87,68.7,10.58,20.87,68.7,21.96,61.66,10.15,30.01,39.33,10.43,477.48,0.04,1.42,0.0
6280.0,2024-01-03,16:58:26,6280.0,19.89,21.05,66.89,10.42,477.42,20.86,68.71,10.58,20.86,68.71,21.94,61.79,10.16,29.99,39.36,10.43,477.42,0.04,1.42,0.0
6281.0,2024-01-03,16:58:27,6281.0,19.89,21.05,66.89,10.42,476.96,20.86,68.71,10.58,20.86,68.71,21.94,61.79,10.16,29.99,39.36,10.43,476.96,0.03,1.42,0.0
6282.0,2024-01-03,16:58:28,6282.0,19.89,21.05,66.89,10.42,476.82,20.86,68.71,10.58,20.86,68.71,21.94,61.79,10.16,29.99,39.36,10.43,476.82,0.03,1.41,0.0
6283.0,2024-01-03,16:58:29,6283.0,19.9,21.05,66.88,10.42,476.72,20.86,68.73,10.58,20.86,68.73,21.92,61.96,10.17,29.97,39.42,10.43,476.72,0.04,1.41,0.0
6284.0,2024-01-03,16:58:30,6284.0,19.9,21.05,66.88,10.42,474.08,20.86,68.73,10.58,20.86,68.73,21.92,61.96,10.17,29.97,39.42,10.43,474.08,0.04,1.4,0.0
6285.0,2024-01-03,16:58:31,6285.0,19.9,21.05,66.88,10.42,471.62,20.86,68.73,10.58,20.86,68.73,21.92,61.96,10.17,29.97,39.42,10.43,471.62,0.04,1.4,0.0
6286.0,2024-01-03,16:58:32,6286.0,19.89,21.05,66.92,10.42,471.1,20.86,68.71,10.58,20.86,68.71,21.92,61.93,10.17,29.95,39.45,10.42,471.1,0.04,1.4,0.0
6287.0,2024-01-03,16:58:33,6287.0,19.89,21.05,66.92,10.42,468.57,20.86,68.71,10.58,20.86,68.71,21.92,61.93,10.17,29.95,39.45,10.42,468.57,0.03,1.39,0.0
6288.0,2024-01-03,16:58:34,6288.0,19.89,21.05,66.92,10.42,468.67,20.86,68.71,10.58,20.86,68.71,21.92,61.93,10.17,29.95,39.45,10.42,468.67,0.03,1.39,0.0
6289.0,2024-01-03,16:58:35,6289.0,19.88,21.05,66.91,10.42,469.98,20.86,68.72,10.58,20.86,68.72,21.95,61.71,10.15,29.93,39.49,10.42,469.98,0.03,1.39,0.0
6290.0,2024-01-03,16:58:36,6290.0,19.88,21.05,66.91,10.42,470.29,20.86,68.72,10.58,20.86,68.72,21.95,61.71,10.15,29.93,39.49,10.42,470.29,0.03,1.39,0.0
6291.0,2024-01-03,16:58:37,6291.0,19.88,21.05,66.91,10.42,470.79,20.86,68.72,10.58,20.86,68.72,21.95,61.71,10.15,29.93,39.49,10.42,470.79,0.03,1.39,0.0
6292.0,2024-01-03,16:58:38,6292.0,19.88,21.04,66.93,10.42,471.1,20.85,68.76,10.58,20.85,68.76,21.98,61.55,10.14,29.91,39.54,10.42,471.1,0.03,1.39,0.0
6293.0,2024-01-03,16:58:39,6293.0,19.88,21.04,66.93,10.42,471.91,20.85,68.76,10.58,20.85,68.76,21.98,61.55,10.14,29.91,39.54,10.42,471.91,0.03,1.39,0.0
6294.0,2024-01-03,16:58:41,6294.0,19.88,21.04,66.93,10.42,472.53,20.85,68.76,10.58,20.85,68.76,21.98,61.55,10.14,29.91,39.54,10.42,472.53,0.03,1.39,0.0
6295.0,2024-01-03,16:58:42,6295.0,19.87,21.04,66.93,10.42,473,20.84,68.79,10.58,20.84,68.79,22.05,61.17,10.12,29.89,39.57,10.42,473,0.03,1.39,0.0
6296.0,2024-01-03,16:58:43,6296.0,19.87,21.04,66.93,10.42,473.19,20.84,68.79,10.58,20.84,68.79,22.05,61.17,10.12,29.89,39.57,10.42,473.19,0.03,1.39,0.0
6297.0,2024-01-03,16:58:44,6297.0,19.87,21.04,66.93,10.42,474.3,20.84,68.79,10.58,20.84,68.79,22.05,61.17,10.12,29.89,39.57,10.42,474.3,0.03,1.39,0.0
6298.0,2024-01-03,16:58:45,6298.0,19.87,21.04,66.96,10.42,478.16,20.84,68.81,10.58,20.84,68.81,22.09,60.98,10.12,29.87,39.6,10.42,478.16,0.03,1.4,0.0
6299.0,2024-01-03,16:58:46,6299.0,19.87,21.04,66.96,10.42,480.29,20.84,68.81,10.58,20.84,68.81,22.09,60.98,10.12,29.87,39.6,10.42,480.29,0.03,1.41,0.0
6300.0,2024-01-03,16:58:47,6300.0,19.87,21.04,66.96,10.42,482.46,20.84,68.81,10.58,20.84,68.81,22.09,60.98,10.12,29.87,39.6,10.42,482.46,0.03,1.41,0.0
6301.0,2024-01-03,16:58:48,6301.0,19.87,21.04,66.96,10.42,482.77,20.84,68.85,10.58,20.84,68.85,22.1,60.97,10.12,29.85,39.64,10.42,482.77,0.03,1.41,0.0
6302.0,2024-01-03,16:58:49,6302.0,19.87,21.04,66.96,10.42,483.7,20.84,68.85,10.58,20.84,68.85,22.1,60.97,10.12,29.85,39.64,10.42,483.7,0.03,1.41,0.0
6303.0,2024-01-03,16:58:50,6303.0,19.87,21.04,66.96,10.42,483.85,20.84,68.85,10.58,20.84,68.85,22.1,60.97,10.12,29.85,39.64,10.42,483.85,0.03,1.41,0.0
6304.0,2024-01-03,16:58:51,6304.0,19.87,21.03,66.96,10.42,484.16,20.83,68.85,10.58,20.83,68.85,22.12,60.92,10.12,29.84,39.69,10.42,484.16,0.03,1.41,0.0
6305.0,2024-01-03,16:58:52,6305.0,19.87,21.03,66.96,10.42,484.16,20.83,68.85,10.58,20.83,68.85,22.12,60.92,10.12,29.84,39.69,10.42,484.16,0.03,1.41,0.0
6306.0,2024-01-03,16:58:53,6306.0,19.87,21.03,66.96,10.42,480.1,20.83,68.85,10.58,20.83,68.85,22.12,60.92,10.12,29.84,39.69,10.42,480.1,0.03,1.4,0.0
6307.0,2024-01-03,16:58:54,6307.0,19.88,21.03,66.97,10.42,478.89,20.83,68.86,10.58,20.83,68.86,22.14,60.89,10.13,29.83,39.68,10.41,478.89,0.03,1.4,0.0
6308.0,2024-01-03,16:58:55,6308.0,19.88,21.03,66.97,10.42,477.14,20.83,68.86,10.58,20.83,68.86,22.14,60.89,10.13,29.83,39.68,10.41,477.14,0.03,1.39,0.0
6309.0,2024-01-03,16:58:56,6309.0,19.88,21.03,66.97,10.42,476.04,20.83,68.86,10.58,20.83,68.86,22.14,60.89,10.13,29.83,39.68,10.41,476.04,0.03,1.39,0.0
6310.0,2024-01-03,16:58:57,6310.0,19.89,21.03,66.97,10.42,474.39,20.82,68.88,10.58,20.82,68.88,22.09,61.18,10.15,29.81,39.73,10.41,474.39,0.03,1.38,0.0
6311.0,2024-01-03,16:58:58,6311.0,19.89,21.03,66.97,10.42,473.99,20.82,68.88,10.58,20.82,68.88,22.09,61.18,10.15,29.81,39.73,10.41,473.99,0.03,1.38,0.0
6312.0,2024-01-03,16:58:59,6312.0,19.89,21.03,66.97,10.42,470.92,20.82,68.88,10.58,20.82,68.88,22.09,61.18,10.15,29.81,39.73,10.41,470.92,0.03,1.37,0.0
6313.0,2024-01-03,16:59:00,6313.0,19.9,21.03,66.97,10.42,470.13,20.82,68.89,10.58,20.82,68.89,22.03,61.61,10.19,29.8,39.76,10.42,470.13,0.03,1.37,0.0
6314.0,2024-01-03,16:59:01,6314.0,19.9,21.03,66.97,10.42,469.96,20.82,68.89,10.58,20.82,68.89,22.03,61.61,10.19,29.8,39.76,10.42,469.96,0.03,1.37,0.0
6315.0,2024-01-03,16:59:02,6315.0,19.9,21.03,66.97,10.42,468.99,20.82,68.89,10.58,20.82,68.89,22.03,61.61,10.19,29.8,39.76,10.42,468.99,0.03,1.36,0.0
6316.0,2024-01-03,16:59:03,6316.0,19.91,21.03,66.98,10.42,469.9,20.82,68.88,10.58,20.82,68.88,21.97,62.04,10.22,29.78,39.79,10.41,469.9,0.03,1.37,0.0
6317.0,2024-01-03,16:59:04,6317.0,19.91,21.03,66.98,10.42,471.87,20.82,68.88,10.58,20.82,68.88,21.97,62.04,10.22,29.78,39.79,10.41,471.87,0.03,1.37,0.0
6318.0,2024-01-03,16:59:05,6318.0,19.91,21.03,66.98,10.42,474.17,20.82,68.88,10.58,20.82,68.88,21.97,62.04,10.22,29.78,39.79,10.41,474.17,0.03,1.38,0.0
6319.0,2024-01-03,16:59:06,6319.0,19.92,21.03,66.97,10.42,474.56,20.82,68.86,10.58,20.82,68.86,21.94,62.26,10.23,29.77,39.83,10.42,474.56,0.03,1.38,0.0
6320.0,2024-01-03,16:59:07,6320.0,19.92,21.03,66.97,10.42,472.72,20.82,68.86,10.58,20.82,68.86,21.94,62.26,10.23,29.77,39.83,10.42,472.72,0.03,1.37,0.0
6321.0,2024-01-03,16:59:08,6321.0,19.92,21.03,66.97,10.42,471.79,20.82,68.86,10.58,20.82,68.86,21.94,62.26,10.23,29.77,39.83,10.42,471.79,0.03,1.37,0.0
6322.0,2024-01-03,16:59:09,6322.0,19.91,21.03,67,10.42,466.7,20.82,68.88,10.58,20.82,68.88,21.95,62.19,10.23,29.75,39.86,10.42,466.7,0.03,1.35,0.0
6323.0,2024-01-03,16:59:10,6323.0,19.91,21.03,67,10.42,465.04,20.82,68.88,10.58,20.82,68.88,21.95,62.19,10.23,29.75,39.86,10.42,465.04,0.03,1.35,0.0
6324.0,2024-01-03,16:59:11,6324.0,19.91,21.03,67,10.42,466.26,20.82,68.88,10.58,20.82,68.88,21.95,62.19,10.23,29.75,39.86,10.42,466.26,0.03,1.35,0.0
6325.0,2024-01-03,16:59:12,6325.0,19.89,21.02,66.99,10.42,471.44,20.82,68.87,10.58,20.82,68.87,22.03,61.77,10.21,29.74,39.88,10.41,471.44,0.03,1.36,0.0
6326.0,2024-01-03,16:59:13,6326.0,19.89,21.02,66.99,10.42,470.97,20.82,68.87,10.58,20.82,68.87,22.03,61.77,10.21,29.74,39.88,10.41,470.97,0.03,1.36,0.0
6327.0,2024-01-03,16:59:14,6327.0,19.89,21.02,66.99,10.42,468.35,20.82,68.87,10.58,20.82,68.87,22.03,61.77,10.21,29.74,39.88,10.41,468.35,0.03,1.36,0.0
6328.0,2024-01-03,16:59:15,6328.0,19.87,21.02,67,10.42,469.82,20.81,68.88,10.57,20.81,68.88,22.07,61.52,10.19,29.73,39.88,10.41,469.82,0.03,1.36,0.0
6329.0,2024-01-03,16:59:16,6329.0,19.87,21.02,67,10.42,473.9,20.81,68.88,10.57,20.81,68.88,22.07,61.52,10.19,29.73,39.88,10.41,473.9,0.03,1.37,0.0
6330.0,2024-01-03,16:59:17,6330.0,19.87,21.02,67,10.42,477.57,20.81,68.88,10.57,20.81,68.88,22.07,61.52,10.19,29.73,39.88,10.41,477.57,0.03,1.38,0.0
6331.0,2024-01-03,16:59:18,6331.0,19.86,21.02,67.01,10.42,480.46,20.81,68.88,10.57,20.81,68.88,22.05,61.63,10.2,29.72,39.92,10.41,480.46,0.03,1.39,0.0
6332.0,2024-01-03,16:59:19,6332.0,19.86,21.02,67.01,10.42,481.09,20.81,68.88,10.57,20.81,68.88,22.05,61.63,10.2,29.72,39.92,10.41,481.09,0.03,1.39,0.0
6333.0,2024-01-03,16:59:20,6333.0,19.86,21.02,67.01,10.42,481.22,20.81,68.88,10.57,20.81,68.88,22.05,61.63,10.2,29.72,39.92,10.41,481.22,0.03,1.39,0.0
6334.0,2024-01-03,16:59:21,6334.0,19.85,21.02,67.02,10.42,481.18,20.81,68.9,10.58,20.81,68.9,22.02,61.76,10.21,29.71,39.93,10.41,481.18,0.03,1.39,0.0
6335.0,2024-01-03,16:59:22,6335.0,19.85,21.02,67.02,10.42,476.28,20.81,68.9,10.58,20.81,68.9,22.02,61.76,10.21,29.71,39.93,10.41,476.28,0.03,1.37,0.0
6336.0,2024-01-03,16:59:23,6336.0,19.85,21.02,67.02,10.42,474.5,20.81,68.9,10.58,20.81,68.9,22.02,61.76,10.21,29.71,39.93,10.41,474.5,0.03,1.37,0.0
6337.0,2024-01-03,16:59:24,6337.0,19.84,21.01,67.02,10.42,470.34,20.81,68.89,10.57,20.81,68.89,21.99,61.96,10.22,29.7,39.94,10.4,470.34,0.03,1.35,0.0
6338.0,2024-01-03,16:59:25,6338.0,19.84,21.01,67.02,10.42,471.54,20.81,68.89,10.57,20.81,68.89,21.99,61.96,10.22,29.7,39.94,10.4,471.54,0.03,1.35,0.0
6339.0,2024-01-03,16:59:26,6339.0,19.84,21.01,67.02,10.42,474.77,20.81,68.89,10.57,20.81,68.89,21.99,61.96,10.22,29.7,39.94,10.4,474.77,0.03,1.36,0.0
6340.0,2024-01-03,16:59:27,6340.0,19.84,21.01,67.04,10.42,475.56,20.8,68.93,10.58,20.8,68.93,21.93,62.27,10.23,29.69,39.98,10.41,475.56,0.03,1.37,0.0
6341.0,2024-01-03,16:59:28,6341.0,19.84,21.01,67.04,10.42,473.86,20.8,68.93,10.58,20.8,68.93,21.93,62.27,10.23,29.69,39.98,10.41,473.86,0.03,1.36,0.0
6342.0,2024-01-03,16:59:29,6342.0,19.84,21.01,67.04,10.42,472.71,20.8,68.93,10.58,20.8,68.93,21.93,62.27,10.23,29.69,39.98,10.41,472.71,0.03,1.36,0.0
6343.0,2024-01-03,16:59:30,6343.0,19.82,21.01,67.05,10.42,471.25,20.8,68.93,10.58,20.8,68.93,21.88,62.51,10.24,29.68,40.01,10.41,471.25,0.03,1.35,0.0
6344.0,2024-01-03,16:59:31,6344.0,19.82,21.01,67.05,10.42,470.75,20.8,68.93,10.58,20.8,68.93,21.88,62.51,10.24,29.68,40.01,10.41,470.75,0.03,1.35,0.0
6345.0,2024-01-03,16:59:32,6345.0,19.82,21.01,67.05,10.42,470.84,20.8,68.93,10.58,20.8,68.93,21.88,62.51,10.24,29.68,40.01,10.41,470.84,0.03,1.35,0.0
6346.0,2024-01-03,16:59:33,6346.0,19.82,21.01,67.04,10.41,472.22,20.8,68.95,10.58,20.8,68.95,21.87,62.51,10.24,29.67,40.04,10.41,472.22,0.03,1.36,0.0
6347.0,2024-01-03,16:59:34,6347.0,19.82,21.01,67.04,10.41,472.88,20.8,68.95,10.58,20.8,68.95,21.87,62.51,10.24,29.67,40.04,10.41,472.88,0.03,1.36,0.0
6348.0,2024-01-03,16:59:35,6348.0,19.82,21.01,67.04,10.41,472.54,20.8,68.95,10.58,20.8,68.95,21.87,62.51,10.24,29.67,40.04,10.41,472.54,0.03,1.36,0.0
6349.0,2024-01-03,16:59:36,6349.0,19.81,21.01,67.06,10.42,471.16,20.8,68.93,10.57,20.8,68.93,21.83,62.73,10.25,29.65,40.07,10.41,471.16,0.03,1.35,0.0
6350.0,2024-01-03,16:59:37,6350.0,19.81,21.01,67.06,10.42,470.96,20.8,68.93,10.57,20.8,68.93,21.83,62.73,10.25,29.65,40.07,10.41,470.96,0.03,1.35,0.0
6351.0,2024-01-03,16:59:38,6351.0,19.81,21.01,67.06,10.42,471.41,20.8,68.93,10.57,20.8,68.93,21.83,62.73,10.25,29.65,40.07,10.41,471.41,0.03,1.35,0.0
6352.0,2024-01-03,16:59:39,6352.0,19.8,21,67.03,10.41,472.69,20.8,68.93,10.57,20.8,68.93,21.78,62.95,10.25,29.64,40.11,10.41,472.69,0.03,1.36,0.0
6353.0,2024-01-03,16:59:40,6353.0,19.8,21,67.03,10.41,477.33,20.8,68.93,10.57,20.8,68.93,21.78,62.95,10.25,29.64,40.11,10.41,477.33,0.03,1.37,0.0
6354.0,2024-01-03,16:59:41,6354.0,19.8,21,67.03,10.41,477.91,20.8,68.93,10.57,20.8,68.93,21.78,62.95,10.25,29.64,40.11,10.41,477.91,0.03,1.37,0.0
6355.0,2024-01-03,16:59:42,6355.0,19.8,21,67.06,10.41,475.75,20.79,69,10.58,20.79,69,21.75,63.05,10.25,29.63,40.12,10.41,475.75,0.03,1.36,0.0
6356.0,2024-01-03,16:59:43,6356.0,19.8,21,67.06,10.41,475.05,20.79,69,10.58,20.79,69,21.75,63.05,10.25,29.63,40.12,10.41,475.05,0.03,1.36,0.0
6357.0,2024-01-03,16:59:44,6357.0,19.8,21,67.06,10.41,472.36,20.79,69,10.58,20.79,69,21.75,63.05,10.25,29.63,40.12,10.41,472.36,0.03,1.35,0.0
6358.0,2024-01-03,16:59:45,6358.0,19.8,21,67.08,10.42,471.72,20.79,68.97,10.58,20.79,68.97,21.73,63.14,10.25,29.63,40.12,10.4,471.72,0.03,1.35,0.0
6359.0,2024-01-03,16:59:46,6359.0,19.8,21,67.08,10.42,475.25,20.79,68.97,10.58,20.79,68.97,21.73,63.14,10.25,29.63,40.12,10.4,475.25,0.03,1.36,0.0
6360.0,2024-01-03,16:59:47,6360.0,19.8,21,67.08,10.42,475.4,20.79,68.97,10.58,20.79,68.97,21.73,63.14,10.25,29.63,40.12,10.4,475.4,0.03,1.36,0.0
6361.0,2024-01-03,16:59:48,6361.0,19.8,21,67.08,10.42,474.61,20.79,69.02,10.58,20.79,69.02,21.69,63.32,10.25,29.62,40.14,10.4,474.61,0.03,1.35,0.0
6362.0,2024-01-03,16:59:49,6362.0,19.8,21,67.08,10.42,474.12,20.79,69.02,10.58,20.79,69.02,21.69,63.32,10.25,29.62,40.14,10.4,474.12,0.03,1.35,0.0
6363.0,2024-01-03,16:59:50,6363.0,19.8,21,67.08,10.42,474.02,20.79,69.02,10.58,20.79,69.02,21.69,63.32,10.25,29.62,40.14,10.4,474.02,0.03,1.35,0.0
6364.0,2024-01-03,16:59:51,6364.0,19.8,21,67.07,10.42,473.7,20.78,69.04,10.58,20.78,69.04,21.65,63.54,10.26,29.61,40.16,10.4,473.7,0.03,1.35,0.0
6365.0,2024-01-03,16:59:52,6365.0,19.8,21,67.07,10.42,472.86,20.78,69.04,10.58,20.78,69.04,21.65,63.54,10.26,29.61,40.16,10.4,472.86,0.03,1.35,0.0
6366.0,2024-01-03,16:59:53,6366.0,19.8,21,67.07,10.42,473.14,20.78,69.04,10.58,20.78,69.04,21.65,63.54,10.26,29.61,40.16,10.4,473.14,0.03,1.35,0.0
6367.0,2024-01-03,16:59:54,6367.0,19.79,21,67.07,10.41,474.31,20.78,69.03,10.58,20.78,69.03,21.62,63.63,10.26,29.6,40.17,10.4,474.31,0.03,1.35,0.0
6368.0,2024-01-03,16:59:55,6368.0,19.79,21,67.07,10.41,472.99,20.78,69.03,10.58,20.78,69.03,21.62,63.63,10.26,29.6,40.17,10.4,472.99,0.03,1.35,0.0
6369.0,2024-01-03,16:59:56,6369.0,19.79,21,67.07,10.41,471.63,20.78,69.03,10.58,20.78,69.03,21.62,63.63,10.26,29.6,40.17,10.4,471.63,0.03,1.34,0.0
6370.0,2024-01-03,16:59:57,6370.0,19.79,21,67.07,10.41,471.24,20.78,69.07,10.58,20.78,69.07,21.64,63.47,10.25,29.58,40.19,10.4,471.24,0.03,1.34,0.0
6371.0,2024-01-03,16:59:58,6371.0,19.79,21,67.07,10.41,469.7,20.78,69.07,10.58,20.78,69.07,21.64,63.47,10.25,29.58,40.19,10.4,469.7,0.03,1.33,0.0
6372.0,2024-01-03,16:59:59,6372.0,19.79,21,67.07,10.41,468.73,20.78,69.07,10.58,20.78,69.07,21.64,63.47,10.25,29.58,40.19,10.4,468.73,0.03,1.33,0.0
6373.0,2024-01-03,17:00:00,6373.0,19.79,21,67.09,10.41,468.87,20.78,69.06,10.58,20.78,69.06,21.72,62.99,10.22,29.58,40.2,10.4,468.87,0.03,1.33,0.0
6374.0,2024-01-03,17:00:01,6374.0,19.79,21,67.09,10.41,473.02,20.78,69.06,10.58,20.78,69.06,21.72,62.99,10.22,29.58,40.2,10.4,473.02,0.03,1.34,0.0
6375.0,2024-01-03,17:00:02,6375.0,19.79,21,67.09,10.41,477.14,20.78,69.06,10.58,20.78,69.06,21.72,62.99,10.22,29.58,40.2,10.4,477.14,0.03,1.35,0.0
6376.0,2024-01-03,17:00:03,6376.0,19.78,20.99,67.09,10.41,477.96,20.77,69.04,10.57,20.77,69.04,21.78,62.65,10.2,29.56,40.2,10.39,477.96,0.03,1.35,0.0
6377.0,2024-01-03,17:00:04,6377.0,19.78,20.99,67.09,10.41,478.27,20.77,69.04,10.57,20.77,69.04,21.78,62.65,10.2,29.56,40.2,10.39,478.27,0.03,1.35,0.0
6378.0,2024-01-03,17:00:05,6378.0,19.78,20.99,67.09,10.41,477.9,20.77,69.04,10.57,20.77,69.04,21.78,62.65,10.2,29.56,40.2,10.39,477.9,0.03,1.35,0.0
6379.0,2024-01-03,17:00:06,6379.0,19.78,20.99,67.09,10.41,476.39,20.77,69.06,10.58,20.77,69.06,21.84,62.27,10.18,29.56,40.19,10.38,476.39,0.03,1.34,0.0
6380.0,2024-01-03,17:00:07,6380.0,19.78,20.99,67.09,10.41,475.84,20.77,69.06,10.58,20.77,69.06,21.84,62.27,10.18,29.56,40.19,10.38,475.84,0.03,1.34,0.0
6381.0,2024-01-03,17:00:08,6381.0,19.78,20.99,67.09,10.41,473.93,20.77,69.06,10.58,20.77,69.06,21.84,62.27,10.18,29.56,40.19,10.38,473.93,0.03,1.34,0.0
6382.0,2024-01-03,17:00:09,6382.0,19.78,20.99,67.11,10.41,473.18,20.77,69.04,10.57,20.77,69.04,21.92,61.83,10.15,29.55,40.22,10.39,473.18,0.03,1.33,0.0
6383.0,2024-01-03,17:00:10,6383.0,19.78,20.99,67.11,10.41,473.14,20.77,69.04,10.57,20.77,69.04,21.92,61.83,10.15,29.55,40.22,10.39,473.14,0.03,1.34,0.0
6384.0,2024-01-03,17:00:11,6384.0,19.78,20.99,67.11,10.41,472.27,20.77,69.04,10.57,20.77,69.04,21.92,61.83,10.15,29.55,40.22,10.39,472.27,0.03,1.33,0.0
6385.0,2024-01-03,17:00:12,6385.0,19.78,20.99,67.11,10.41,469.65,20.77,69.07,10.58,20.77,69.07,21.97,61.58,10.14,29.55,40.22,10.38,469.65,0.03,1.32,0.0
6386.0,2024-01-03,17:00:13,6386.0,19.78,20.99,67.11,10.41,469.82,20.77,69.07,10.58,20.77,69.07,21.97,61.58,10.14,29.55,40.22,10.38,469.82,0.03,1.32,0.0
6387.0,2024-01-03,17:00:14,6387.0,19.78,20.99,67.11,10.41,468.84,20.77,69.07,10.58,20.77,69.07,21.97,61.58,10.14,29.55,40.22,10.38,468.84,0.03,1.32,0.0
6388.0,2024-01-03,17:00:15,6388.0,19.8,20.98,67.11,10.41,468.54,20.76,69.1,10.57,20.76,69.1,21.99,61.44,10.13,29.53,40.26,10.39,468.54,0.03,1.32,0.0
6389.0,2024-01-03,17:00:16,6389.0,19.8,20.98,67.11,10.41,469.05,20.76,69.1,10.57,20.76,69.1,21.99,61.44,10.13,29.53,40.26,10.39,469.05,0.03,1.32,0.0
6390.0,2024-01-03,17:00:17,6390.0,19.8,20.98,67.11,10.41,469.21,20.76,69.1,10.57,20.76,69.1,21.99,61.44,10.13,29.53,40.26,10.39,469.21,0.03,1.32,0.0
6391.0,2024-01-03,17:00:18,6391.0,19.8,20.98,67.13,10.41,473,20.76,69.1,10.57,20.76,69.1,22.01,61.27,10.12,29.53,40.28,10.39,473,0.03,1.33,0.0
6392.0,2024-01-03,17:00:19,6392.0,19.8,20.98,67.13,10.41,475.08,20.76,69.1,10.57,20.76,69.1,22.01,61.27,10.12,29.53,40.28,10.39,475.08,0.03,1.34,0.0
6393.0,2024-01-03,17:00:20,6393.0,19.8,20.98,67.13,10.41,477,20.76,69.1,10.57,20.76,69.1,22.01,61.27,10.12,29.53,40.28,10.39,477,0.03,1.34,0.0
6394.0,2024-01-03,17:00:21,6394.0,19.79,20.98,67.13,10.41,477.59,20.76,69.11,10.57,20.76,69.11,22.05,61.1,10.11,29.52,40.3,10.38,477.59,0.03,1.35,0.0
6395.0,2024-01-03,17:00:22,6395.0,19.79,20.98,67.13,10.41,478.05,20.76,69.11,10.57,20.76,69.11,22.05,61.1,10.11,29.52,40.3,10.38,478.05,0.03,1.35,0.0
6396.0,2024-01-03,17:00:23,6396.0,19.79,20.98,67.13,10.41,478.09,20.76,69.11,10.57,20.76,69.11,22.05,61.1,10.11,29.52,40.3,10.38,478.09,0.03,1.35,0.0
6397.0,2024-01-03,17:00:24,6397.0,19.8,20.98,67.13,10.41,479.99,20.75,69.11,10.57,20.75,69.11,22.05,61.16,10.12,29.5,40.31,10.38,479.99,0.03,1.35,0.0
6398.0,2024-01-03,17:00:25,6398.0,19.8,20.98,67.13,10.41,481.02,20.75,69.11,10.57,20.75,69.11,22.05,61.16,10.12,29.5,40.31,10.38,481.02,0.03,1.35,0.0
6399.0,2024-01-03,17:00:26,6399.0,19.8,20.98,67.13,10.41,481.42,20.75,69.11,10.57,20.75,69.11,22.05,61.16,10.12,29.5,40.31,10.38,481.42,0.03,1.35,0.0
6400.0,2024-01-03,17:00:27,6400.0,19.79,20.98,67.15,10.41,481.33,20.75,69.15,10.57,20.75,69.15,22.09,60.91,10.11,29.49,40.34,10.38,481.33,0.03,1.35,0.0
6401.0,2024-01-03,17:00:28,6401.0,19.79,20.98,67.15,10.41,479.96,20.75,69.15,10.57,20.75,69.15,22.09,60.91,10.11,29.49,40.34,10.38,479.96,0.03,1.35,0.0
6402.0,2024-01-03,17:00:29,6402.0,19.79,20.98,67.15,10.41,480.73,20.75,69.15,10.57,20.75,69.15,22.09,60.91,10.11,29.49,40.34,10.38,480.73,0.03,1.35,0.0
6403.0,2024-01-03,17:00:30,6403.0,19.78,20.98,67.13,10.41,480.14,20.75,69.13,10.57,20.75,69.13,22.14,60.68,10.1,29.49,40.36,10.38,480.14,0.03,1.35,0.0
6404.0,2024-01-03,17:00:31,6404.0,19.78,20.98,67.13,10.41,479.36,20.75,69.13,10.57,20.75,69.13,22.14,60.68,10.1,29.49,40.36,10.38,479.36,0.03,1.35,0.0
6405.0,2024-01-03,17:00:32,6405.0,19.78,20.98,67.13,10.41,478.74,20.75,69.13,10.57,20.75,69.13,22.14,60.68,10.1,29.49,40.36,10.38,478.74,0.03,1.34,0.0
6406.0,2024-01-03,17:00:33,6406.0,19.78,20.98,67.15,10.41,478.49,20.75,69.15,10.57,20.75,69.15,22.18,60.51,10.09,29.48,40.37,10.38,478.49,0.03,1.34,0.0
6407.0,2024-01-03,17:00:34,6407.0,19.78,20.98,67.15,10.41,478.18,20.75,69.15,10.57,20.75,69.15,22.18,60.51,10.09,29.48,40.37,10.38,478.18,0.03,1.34,0.0
6408.0,2024-01-03,17:00:35,6408.0,19.78,20.98,67.15,10.41,478.56,20.75,69.15,10.57,20.75,69.15,22.18,60.51,10.09,29.48,40.37,10.38,478.56,0.03,1.34,0.0
6409.0,2024-01-03,17:00:36,6409.0,19.78,20.98,67.17,10.41,478.92,20.75,69.18,10.58,20.75,69.18,22.18,60.64,10.11,29.48,40.39,10.38,478.92,0.03,1.34,0.0
6410.0,2024-01-03,17:00:37,6410.0,19.78,20.98,67.17,10.41,479.05,20.75,69.18,10.58,20.75,69.18,22.18,60.64,10.11,29.48,40.39,10.38,479.05,0.03,1.34,0.0
6411.0,2024-01-03,17:00:38,6411.0,19.78,20.98,67.17,10.41,476.35,20.75,69.18,10.58,20.75,69.18,22.18,60.64,10.11,29.48,40.39,10.38,476.35,0.03,1.33,0.0
6412.0,2024-01-03,17:00:39,6412.0,19.79,20.97,67.18,10.41,475.7,20.74,69.19,10.58,20.74,69.19,22.18,60.73,10.13,29.47,40.4,10.38,475.7,0.03,1.33,0.0
6413.0,2024-01-03,17:00:40,6413.0,19.79,20.97,67.18,10.41,476.41,20.74,69.19,10.58,20.74,69.19,22.18,60.73,10.13,29.47,40.4,10.38,476.41,0.03,1.33,0.0
6414.0,2024-01-03,17:00:41,6414.0,19.79,20.97,67.18,10.41,477.83,20.74,69.19,10.58,20.74,69.19,22.18,60.73,10.13,29.47,40.4,10.38,477.83,0.03,1.34,0.0
6415.0,2024-01-03,17:00:42,6415.0,19.8,20.97,67.18,10.41,474.6,20.74,69.19,10.58,20.74,69.19,22.2,60.63,10.12,29.46,40.42,10.38,474.6,0.03,1.33,0.0
6416.0,2024-01-03,17:00:43,6416.0,19.8,20.97,67.18,10.41,474.12,20.74,69.19,10.58,20.74,69.19,22.2,60.63,10.12,29.46,40.42,10.38,474.12,0.03,1.33,0.0
6417.0,2024-01-03,17:00:44,6417.0,19.8,20.97,67.18,10.41,474.26,20.74,69.19,10.58,20.74,69.19,22.2,60.63,10.12,29.46,40.42,10.38,474.26,0.03,1.33,0.0
6418.0,2024-01-03,17:00:45,6418.0,19.79,20.97,67.2,10.41,475.15,20.74,69.18,10.57,20.74,69.18,22.17,60.85,10.14,29.45,40.43,10.38,475.15,0.03,1.33,0.0
6419.0,2024-01-03,17:00:46,6419.0,19.79,20.97,67.2,10.41,475.42,20.74,69.18,10.57,20.74,69.18,22.17,60.85,10.14,29.45,40.43,10.38,475.42,0.03,1.33,0.0
6420.0,2024-01-03,17:00:47,6420.0,19.79,20.97,67.2,10.41,475.25,20.74,69.18,10.57,20.74,69.18,22.17,60.85,10.14,29.45,40.43,10.38,475.25,0.03,1.33,0.0
6421.0,2024-01-03,17:00:48,6421.0,19.8,20.97,67.18,10.41,475.11,20.74,69.2,10.58,20.74,69.2,22.13,61.13,10.17,29.45,40.45,10.38,475.11,0.03,1.33,0.0
6422.0,2024-01-03,17:00:49,6422.0,19.8,20.97,67.18,10.41,474.77,20.74,69.2,10.58,20.74,69.2,22.13,61.13,10.17,29.45,40.45,10.38,474.77,0.03,1.33,0.0
6423.0,2024-01-03,17:00:50,6423.0,19.8,20.97,67.18,10.41,474.11,20.74,69.2,10.58,20.74,69.2,22.13,61.13,10.17,29.45,40.45,10.38,474.11,0.03,1.32,0.0
6424.0,2024-01-03,17:00:51,6424.0,19.8,20.97,67.2,10.41,473.24,20.73,69.23,10.58,20.73,69.23,22.1,61.34,10.18,29.43,40.48,10.38,473.24,0.03,1.32,0.0
6425.0,2024-01-03,17:00:52,6425.0,19.8,20.97,67.2,10.41,472.64,20.73,69.23,10.58,20.73,69.23,22.1,61.34,10.18,29.43,40.48,10.38,472.64,0.03,1.32,0.0
6426.0,2024-01-03,17:00:53,6426.0,19.8,20.97,67.2,10.41,472.74,20.73,69.23,10.58,20.73,69.23,22.1,61.34,10.18,29.43,40.48,10.38,472.74,0.03,1.32,0.0
6427.0,2024-01-03,17:00:54,6427.0,19.8,20.97,67.21,10.42,473.22,20.73,69.24,10.58,20.73,69.24,22.05,61.64,10.2,29.43,40.49,10.39,473.22,0.03,1.32,0.0
6428.0,2024-01-03,17:00:55,6428.0,19.8,20.97,67.21,10.42,473.5,20.73,69.24,10.58,20.73,69.24,22.05,61.64,10.2,29.43,40.49,10.39,473.5,0.03,1.32,0.0
6429.0,2024-01-03,17:00:56,6429.0,19.8,20.97,67.21,10.42,473.76,20.73,69.24,10.58,20.73,69.24,22.05,61.64,10.2,29.43,40.49,10.39,473.76,0.03,1.32,0.0
6430.0,2024-01-03,17:00:57,6430.0,19.79,20.97,67.24,10.42,474.26,20.73,69.26,10.58,20.73,69.26,22.02,61.74,10.2,29.42,40.52,10.39,474.26,0.03,1.32,0.0
6431.0,2024-01-03,17:00:58,6431.0,19.79,20.97,67.24,10.42,474.91,20.73,69.26,10.58,20.73,69.26,22.02,61.74,10.2,29.42,40.52,10.39,474.91,0.03,1.32,0.0
6432.0,2024-01-03,17:00:59,6432.0,19.79,20.97,67.24,10.42,474.95,20.73,69.26,10.58,20.73,69.26,22.02,61.74,10.2,29.42,40.52,10.39,474.95,0.03,1.32,0.0
6433.0,2024-01-03,17:01:00,6433.0,19.78,20.97,67.24,10.42,476.57,20.73,69.26,10.58,20.73,69.26,22.02,61.78,10.21,29.42,40.52,10.39,476.57,0.03,1.33,0.0
6434.0,2024-01-03,17:01:01,6434.0,19.78,20.97,67.24,10.42,476.99,20.73,69.26,10.58,20.73,69.26,22.02,61.78,10.21,29.42,40.52,10.39,476.99,0.03,1.33,0.0
6435.0,2024-01-03,17:01:02,6435.0,19.78,20.97,67.24,10.42,478.77,20.73,69.26,10.58,20.73,69.26,22.02,61.78,10.21,29.42,40.52,10.39,478.77,0.03,1.33,0.0
6436.0,2024-01-03,17:01:03,6436.0,19.76,20.97,67.23,10.42,479.39,20.73,69.28,10.58,20.73,69.28,22.03,61.69,10.2,29.41,40.53,10.38,479.39,0.03,1.34,0.0
6437.0,2024-01-03,17:01:04,6437.0,19.76,20.97,67.23,10.42,479.22,20.73,69.28,10.58,20.73,69.28,22.03,61.69,10.2,29.41,40.53,10.38,479.22,0.03,1.34,0.0
6438.0,2024-01-03,17:01:05,6438.0,19.76,20.97,67.23,10.42,477.4,20.73,69.28,10.58,20.73,69.28,22.03,61.69,10.2,29.41,40.53,10.38,477.4,0.03,1.33,0.0
6439.0,2024-01-03,17:01:06,6439.0,19.76,20.97,67.26,10.42,474.26,20.72,69.31,10.58,20.72,69.31,22.01,61.89,10.22,29.41,40.56,10.39,474.26,0.02,1.32,0.0
6440.0,2024-01-03,17:01:07,6440.0,19.76,20.97,67.26,10.42,472.24,20.72,69.31,10.58,20.72,69.31,22.01,61.89,10.22,29.41,40.56,10.39,472.24,0.02,1.32,0.0
6441.0,2024-01-03,17:01:08,6441.0,19.76,20.97,67.26,10.42,469.06,20.72,69.31,10.58,20.72,69.31,22.01,61.89,10.22,29.41,40.56,10.39,469.06,0.02,1.31,0.0
6442.0,2024-01-03,17:01:09,6442.0,19.78,20.96,67.23,10.42,468.43,20.72,69.27,10.58,20.72,69.27,21.98,62.06,10.23,29.4,40.58,10.39,468.43,0.02,1.3,0.0
6443.0,2024-01-03,17:01:10,6443.0,19.78,20.96,67.23,10.42,468.05,20.72,69.27,10.58,20.72,69.27,21.98,62.06,10.23,29.4,40.58,10.39,468.05,0.02,1.3,0.0
6444.0,2024-01-03,17:01:11,6444.0,19.78,20.96,67.23,10.42,469.31,20.72,69.27,10.58,20.72,69.27,21.98,62.06,10.23,29.4,40.58,10.39,469.31,0.02,1.31,0.0
6445.0,2024-01-03,17:01:12,6445.0,19.78,20.96,67.26,10.42,470.93,20.72,69.29,10.58,20.72,69.29,21.94,62.31,10.24,29.39,40.59,10.38,470.93,0.02,1.31,0.0
6446.0,2024-01-03,17:01:13,6446.0,19.78,20.96,67.26,10.42,471.42,20.72,69.29,10.58,20.72,69.29,21.94,62.31,10.24,29.39,40.59,10.38,471.42,0.02,1.31,0.0
6447.0,2024-01-03,17:01:14,6447.0,19.78,20.96,67.26,10.42,472.35,20.72,69.29,10.58,20.72,69.29,21.94,62.31,10.24,29.39,40.59,10.38,472.35,0.02,1.31,0.0
6448.0,2024-01-03,17:01:15,6448.0,19.79,20.96,67.25,10.42,472.81,20.72,69.29,10.58,20.72,69.29,21.91,62.42,10.25,29.38,40.6,10.38,472.81,0.02,1.31,0.0
6449.0,2024-01-03,17:01:16,6449.0,19.79,20.96,67.25,10.42,475.07,20.72,69.29,10.58,20.72,69.29,21.91,62.42,10.25,29.38,40.6,10.38,475.07,0.03,1.32,0.0
6450.0,2024-01-03,17:01:17,6450.0,19.79,20.96,67.25,10.42,475.24,20.72,69.29,10.58,20.72,69.29,21.91,62.42,10.25,29.38,40.6,10.38,475.24,0.03,1.32,0.0
6451.0,2024-01-03,17:01:18,6451.0,19.8,20.96,67.23,10.41,473.84,20.72,69.32,10.58,20.72,69.32,21.9,62.49,10.25,29.38,40.62,10.39,473.84,0.03,1.32,0.0
6452.0,2024-01-03,17:01:19,6452.0,19.8,20.96,67.23,10.41,476.82,20.72,69.32,10.58,20.72,69.32,21.9,62.49,10.25,29.38,40.62,10.39,476.82,0.03,1.32,0.0
6453.0,2024-01-03,17:01:20,6453.0,19.8,20.96,67.23,10.41,477.47,20.72,69.32,10.58,20.72,69.32,21.9,62.49,10.25,29.38,40.62,10.39,477.47,0.03,1.33,0.0
6454.0,2024-01-03,17:01:21,6454.0,19.79,20.96,67.23,10.41,478.29,20.71,69.31,10.57,20.71,69.31,21.91,62.41,10.24,29.36,40.62,10.38,478.29,0.03,1.33,0.0
6455.0,2024-01-03,17:01:22,6455.0,19.79,20.96,67.23,10.41,478.25,20.71,69.31,10.57,20.71,69.31,21.91,62.41,10.24,29.36,40.62,10.38,478.25,0.03,1.33,0.0
6456.0,2024-01-03,17:01:23,6456.0,19.79,20.96,67.23,10.41,476.73,20.71,69.31,10.57,20.71,69.31,21.91,62.41,10.24,29.36,40.62,10.38,476.73,0.03,1.32,0.0
6457.0,2024-01-03,17:01:24,6457.0,19.78,20.96,67.25,10.42,475.75,20.71,69.31,10.58,20.71,69.31,21.97,62.09,10.23,29.37,40.62,10.38,475.75,0.03,1.32,0.0
6458.0,2024-01-03,17:01:25,6458.0,19.78,20.96,67.25,10.42,475.06,20.71,69.31,10.58,20.71,69.31,21.97,62.09,10.23,29.37,40.62,10.38,475.06,0.02,1.32,0.0
6459.0,2024-01-03,17:01:26,6459.0,19.78,20.96,67.25,10.42,473.8,20.71,69.31,10.58,20.71,69.31,21.97,62.09,10.23,29.37,40.62,10.38,473.8,0.02,1.32,0.0
6460.0,2024-01-03,17:01:27,6460.0,19.76,20.96,67.25,10.42,472.17,20.71,69.31,10.58,20.71,69.31,22,61.89,10.21,29.37,40.62,10.38,472.17,0.02,1.31,0.0
6461.0,2024-01-03,17:01:28,6461.0,19.76,20.96,67.25,10.42,474.11,20.71,69.31,10.58,20.71,69.31,22,61.89,10.21,29.37,40.62,10.38,474.11,0.02,1.32,0.0
6462.0,2024-01-03,17:01:29,6462.0,19.76,20.96,67.25,10.42,475.7,20.71,69.31,10.58,20.71,69.31,22,61.89,10.21,29.37,40.62,10.38,475.7,0.02,1.32,0.0
6463.0,2024-01-03,17:01:30,6463.0,19.74,20.96,67.26,10.42,476.21,20.71,69.32,10.57,20.71,69.32,22.02,61.75,10.2,29.37,40.63,10.38,476.21,0.02,1.32,0.0
6464.0,2024-01-03,17:01:31,6464.0,19.74,20.96,67.26,10.42,474.59,20.71,69.32,10.57,20.71,69.32,22.02,61.75,10.2,29.37,40.63,10.38,474.59,0.02,1.32,0.0
6465.0,2024-01-03,17:01:32,6465.0,19.74,20.96,67.26,10.42,471.6,20.71,69.32,10.57,20.71,69.32,22.02,61.75,10.2,29.37,40.63,10.38,471.6,0.02,1.31,0.0
6466.0,2024-01-03,17:01:33,6466.0,19.73,20.96,67.26,10.42,469.18,20.71,69.33,10.58,20.71,69.33,22.09,61.39,10.18,29.37,40.63,10.38,469.18,0.02,1.3,0.0
6467.0,2024-01-03,17:01:34,6467.0,19.73,20.96,67.26,10.42,469.04,20.71,69.33,10.58,20.71,69.33,22.09,61.39,10.18,29.37,40.63,10.38,469.04,0.02,1.3,0.0
6468.0,2024-01-03,17:01:35,6468.0,19.73,20.96,67.26,10.42,470.65,20.71,69.33,10.58,20.71,69.33,22.09,61.39,10.18,29.37,40.63,10.38,470.65,0.02,1.31,0.0
6469.0,2024-01-03,17:01:36,6469.0,19.73,20.96,67.23,10.41,471.25,20.71,69.35,10.58,20.71,69.35,22.12,61.2,10.17,29.37,40.64,10.38,471.25,0.02,1.31,0.0
6470.0,2024-01-03,17:01:37,6470.0,19.73,20.96,67.23,10.41,471.75,20.71,69.35,10.58,20.71,69.35,22.12,61.2,10.17,29.37,40.64,10.38,471.75,0.03,1.31,0.0
6471.0,2024-01-03,17:01:38,6471.0,19.73,20.96,67.23,10.41,472.8,20.71,69.35,10.58,20.71,69.35,22.12,61.2,10.17,29.37,40.64,10.38,472.8,0.03,1.31,0.0
